prolific_id,ramp_orientation,ramp_or_cube,orientation,predicted_further,predicted_direction,response,ramp_color,cube_color,feature,orientation_flip,guess,motion_mechanism,outcome_line,repeat_prior,memory_generic
63bd8c8f03965fcab1bbb917,backward,ramp,consistent,blue,right,"I feel the yellow ramp doesn't allow the cubes to make it to the line while the blue one makes the cubes cross the line or get close to the line, so I assumed the yellow cube would not go far while the blue cube would go farther so I picked that one",True,False,ramp_feature,False,False,False,True,False,False
63bd8c8f03965fcab1bbb917,backward,ramp,consistent,black,right,I felt the black cube would go farther than the red cube,False,True,cube_feature,False,False,False,False,False,False
63bd8c8f03965fcab1bbb917,backward,ramp,reversed,blue,left,"I just assumed the cubes would fly off the ramp and go left, and knew the cube that was on the yellow ramp would not go far compared to the blue ramp",True,False,ramp_feature,False,False,False,False,False,False
63bd8c8f03965fcab1bbb917,backward,ramp,reversed,black,left,I assumed the black cube would go farther than the red cube,False,True,cube_feature,False,False,False,False,False,False
667480a01b74223f7c42314e,backward,cube,consistent,yellow,left,the cubes are at the height of the ramp with no momentum to carry them over the top,False,False,neither,False,False,True,False,False,False
667480a01b74223f7c42314e,backward,cube,consistent,red,left,cubes at the height of the ramp with no momentum top go over to the right however the red cubes seem to go further than the black cubes,False,True,cube_feature,False,False,True,False,False,False
667480a01b74223f7c42314e,backward,cube,reversed,yellow,right,the yellow ramps would go further than the blue ramps,True,False,ramp_feature,False,False,False,False,False,False
667480a01b74223f7c42314e,backward,cube,reversed,red,right,"red cubes go further than black cubes
",False,True,cube_feature,False,False,False,False,False,False
66845287ef40b1ba18353714,backward,ramp,consistent,black,left,"Because black cube is in front, when a force is applied,it will be ahead of the red cube",False,True,cube_feature,False,False,True,False,False,False
66845287ef40b1ba18353714,backward,ramp,consistent,blue,left,"Because the left cube is ahead, it will go front more than the other cube on the right when a force is applied",False,False,neither,False,False,True,False,False,False
66845287ef40b1ba18353714,backward,ramp,reversed,yellow,right,The first cube is slightly in front and will be ahead of the other when a force is applied,False,False,neither,False,False,True,False,False,False
66845287ef40b1ba18353714,backward,ramp,reversed,red,right,Red cube has a higher chance than the black because it is slightly in front of the black one.,False,True,cube_feature,False,False,False,False,False,False
66736ad2b28d09d9e26164e4,forward,cube,consistent,yellow,right,The yellow wedge tended to move the block further,True,False,ramp_feature,False,False,False,False,False,False
66736ad2b28d09d9e26164e4,forward,cube,consistent,red,right,the red block tended to travel further than the black one,False,True,cube_feature,False,False,False,False,False,False
66736ad2b28d09d9e26164e4,forward,cube,reversed,red,left,the red block tended to travel further than the block one,False,True,cube_feature,False,False,False,False,False,False
66736ad2b28d09d9e26164e4,forward,cube,reversed,yellow,left,the ywllow wedge sent the blocks furhter than the blue wedge,True,False,ramp_feature,False,False,False,False,False,False
66857cc20736230620552dbc,forward,ramp,consistent,black,right,It was my best guess with the direction they were facing.,False,False,neither,False,True,False,False,False,False
66857cc20736230620552dbc,forward,ramp,consistent,blue,right,"It was my best guess and I wasn't sure about the white blocks, but I took a guess.",False,True,cube_feature,False,True,False,False,False,False
66857cc20736230620552dbc,forward,ramp,reversed,red,left,I thought they would go this way with how they were facing.,False,False,neither,False,False,False,False,False,False
66857cc20736230620552dbc,forward,ramp,reversed,blue,left,"I thought they would go that way, but wasn't sure which white block would be first.",False,True,cube_feature,False,False,False,False,False,False
65486ad91a5493d24f94d4d1,forward,ramp,consistent,red,right,it seem so,False,False,neither,False,False,False,False,False,False
65486ad91a5493d24f94d4d1,forward,ramp,consistent,yellow,right,objects on yellow ramp slid further than on the blue,True,False,ramp_feature,False,False,True,False,False,False
65486ad91a5493d24f94d4d1,forward,ramp,reversed,yellow,left,yellow ramp took the cube further than the blue,True,False,ramp_feature,False,False,False,False,False,False
65486ad91a5493d24f94d4d1,forward,ramp,reversed,black,left,assumed,False,False,neither,False,False,False,False,False,False
668d7fdd4d9bf5eaf242ae58,forward,ramp,consistent,red,right,Just by the way the ramp is angled,False,False,neither,False,False,False,False,False,False
668d7fdd4d9bf5eaf242ae58,forward,ramp,consistent,yellow,right,By the way the ramp is angled,False,False,neither,False,False,False,False,False,False
668d7fdd4d9bf5eaf242ae58,forward,ramp,reversed,red,right,The cubes are so close to falling off the ramp,False,False,neither,False,False,True,False,False,False
668d7fdd4d9bf5eaf242ae58,forward,ramp,reversed,yellow,left,Seems ideal for the cubes to slide off and end up this way,False,False,neither,False,False,True,False,False,False
5ef9338e3fa1390009d94b76,backward,cube,consistent,red,right,Because previously the red cube made it to the finish line where the black cube didn't. ,False,True,cube_feature,False,False,False,True,False,False
5ef9338e3fa1390009d94b76,backward,cube,consistent,blue,right,I think the cube from the blue triangle went further than the green one.  ,True,False,ramp_feature,False,False,False,False,False,False
5ef9338e3fa1390009d94b76,backward,cube,reversed,yellow,left,Because the position of triangles got switched,False,False,neither,False,False,False,False,False,False
5ef9338e3fa1390009d94b76,backward,cube,reversed,red,left,The same reason why the triangle position switched/red cube made it further than the black cube ,False,True,cube_feature,True,False,False,False,True,False
653feb348f4df4e625de5909,backward,cube,consistent,yellow,left,I think the cubes will fly backwards because it is close to the end.,False,False,neither,False,False,False,False,False,False
653feb348f4df4e625de5909,backward,cube,consistent,black,left,I chose that answer because it is close to the end.,False,False,neither,False,False,False,False,False,False
653feb348f4df4e625de5909,backward,cube,reversed,black,right,I think the cubes slid to that place.,False,False,neither,False,False,True,False,False,False
653feb348f4df4e625de5909,backward,cube,reversed,yellow,right,I think the cubes slid off to that place .,False,False,neither,False,False,True,False,False,False
5feb962bf4e233c940073833,backward,cube,consistent,black,right,The black cube typically moves further than the red,False,True,cube_feature,False,False,False,False,False,False
5feb962bf4e233c940073833,backward,cube,consistent,yellow,right,the yellow ramp is further front than the blue,True,False,ramp_feature,False,False,False,False,False,False
5feb962bf4e233c940073833,backward,cube,reversed,blue,left,the yellow ramp is further front the blue,True,False,ramp_feature,False,False,False,False,False,False
5feb962bf4e233c940073833,backward,cube,reversed,red,left,"the black was always further the other way, so i applied the opposite",False,True,cube_feature,True,False,False,False,False,False
66449de0adc1c8fe3761c951,forward,cube,consistent,blue,right,i think they wont go past the line but be close,False,False,neither,False,False,False,True,False,False
66449de0adc1c8fe3761c951,forward,cube,consistent,red,right,i think they wont past the line but be close,False,False,neither,False,False,False,True,False,False
66449de0adc1c8fe3761c951,forward,cube,reversed,red,right,i think theyll be close to the line,False,False,neither,False,False,False,True,False,False
66449de0adc1c8fe3761c951,forward,cube,reversed,blue,right,i think theyll be close to the line or over it,False,False,neither,False,False,False,True,False,False
6561435b409147a77be889dd,forward,ramp,consistent,red,right,I don't know,False,False,neither,False,True,False,False,False,False
6561435b409147a77be889dd,forward,ramp,consistent,yellow,right,If someone pushed them done they would end up at different positions.,False,False,neither,False,False,False,False,False,False
6561435b409147a77be889dd,forward,ramp,reversed,yellow,left,I guess if someone pushed them off,False,False,neither,False,True,False,False,False,False
6561435b409147a77be889dd,forward,ramp,reversed,black,left,One of them was pushed faster than the other,False,False,neither,False,False,False,False,False,False
668adbfcb3549e7f656159c6,forward,ramp,consistent,yellow,right,The yellow ramp allows the cubes to go further than the blue from previous results,True,False,ramp_feature,False,False,False,False,False,True
668adbfcb3549e7f656159c6,forward,ramp,consistent,red,right,The red cube goes further than the black cube I'm not sure,False,True,cube_feature,False,True,False,False,False,False
668adbfcb3549e7f656159c6,forward,ramp,reversed,yellow,left,yellow ramp goes further than blue ramp,True,False,ramp_feature,False,False,False,False,False,False
668adbfcb3549e7f656159c6,forward,ramp,reversed,black,left,not sure,False,False,neither,False,True,False,False,False,False
65ca84cb095d96c990156ce8,forward,ramp,consistent,yellow,right,best guess,False,False,neither,False,True,False,False,False,False
65ca84cb095d96c990156ce8,forward,ramp,consistent,black,right,"best guess
",False,False,neither,False,True,False,False,False,False
65ca84cb095d96c990156ce8,forward,ramp,reversed,red,left,best guess,False,False,neither,False,True,False,False,False,False
65ca84cb095d96c990156ce8,forward,ramp,reversed,yellow,left,best guess,False,False,neither,False,True,False,False,False,False
65f0f44f1cae5992a2cc2c8b,forward,ramp,consistent,red,right,I honestly don't remember if red or black goes further. just that the blue ramp always made the block pass the finish line.,True,True,both,False,False,False,True,False,False
65f0f44f1cae5992a2cc2c8b,forward,ramp,consistent,blue,right,Blue makes it go further than yellow.,True,False,ramp_feature,False,False,False,False,False,False
65f0f44f1cae5992a2cc2c8b,forward,ramp,reversed,blue,left,Blue makes it go further than yellow,True,False,ramp_feature,False,False,False,False,False,False
65f0f44f1cae5992a2cc2c8b,forward,ramp,reversed,red,left,Just a guess meant to be consistent with my other guesses that red goes further than black.,False,True,cube_feature,False,True,False,False,False,False
561487ad7ffc8a0012812266,backward,ramp,consistent,blue,right,"It seems like things ""launched"" off the blue ramp went further",True,False,ramp_feature,False,False,True,False,False,False
561487ad7ffc8a0012812266,backward,ramp,consistent,red,right,The red ball seemed to go farther in the trials,False,True,cube_feature,False,False,False,False,False,True
561487ad7ffc8a0012812266,backward,ramp,reversed,red,left,I made the assumption that the cubes were traveling up the ramps ,False,False,neither,False,False,False,False,False,False
561487ad7ffc8a0012812266,backward,ramp,reversed,blue,left,I would think the blue ramp propels farther based on this same assumption,True,False,ramp_feature,False,False,False,False,False,False
6671e64b6bf199f742cc0df6,forward,ramp,consistent,blue,right,"the cubes would definitely move with a high speed downwards, likely crossing the line ",False,False,neither,False,False,True,True,False,False
6671e64b6bf199f742cc0df6,forward,ramp,consistent,black,right,the cubes will move with a high speed from the start and a low speed when it hit the ground,False,False,neither,False,False,True,False,False,False
6671e64b6bf199f742cc0df6,forward,ramp,reversed,yellow,left,the cubes will move with a high speed from the start and a low speed when it hit the ground,False,False,neither,False,False,True,False,False,False
6671e64b6bf199f742cc0df6,forward,ramp,reversed,black,left,the cubes will move with a high speed from the start and a low speed when it hit the ground,False,False,neither,False,False,True,False,False,False
6664e8eb5e7fda71dc535c83,forward,cube,consistent,blue,right,I thought I remember the cubes going further off of the blue and thinking maybe the blue ramp had less friction,True,False,ramp_feature,False,False,True,False,False,False
6664e8eb5e7fda71dc535c83,forward,cube,consistent,black,right,The black cubes consistently traveled further than the red and I thought thusly that it had less friction,False,True,cube_feature,False,False,True,False,False,False
6664e8eb5e7fda71dc535c83,forward,cube,reversed,blue,left,"Again, I thought the blue ramp had less friction based on what happened during the trials with the blue and yellow ramps.",True,False,ramp_feature,False,False,True,False,False,False
6664e8eb5e7fda71dc535c83,forward,cube,reversed,black,left,"Again, I thought the black cubes had less fraction as they consistently traveled further in the trials.",False,True,cube_feature,False,False,False,False,False,True
668d3d0bb11ce5c374111e9a,backward,cube,consistent,blue,right,"From the past images I predicted, the one that came with the bonusses. This was where I learnt this from",False,False,neither,False,False,False,False,False,False
668d3d0bb11ce5c374111e9a,backward,cube,consistent,black,left,"The red cube was in front of the black cube, sliding back, the black cube will go back more than the red cube",False,True,cube_feature,False,False,False,False,False,False
668d3d0bb11ce5c374111e9a,backward,cube,reversed,red,left,Due to how the cube was placed on the slide,False,False,neither,False,False,True,False,False,False
668d3d0bb11ce5c374111e9a,backward,cube,reversed,yellow,left,Due to how the cubes was placed on the side,False,False,neither,False,False,False,False,False,False
5fc4a8a649c0c8912b02979c,forward,cube,consistent,red,right,The red one went farther than the black cube,False,True,cube_feature,False,False,False,False,False,False
5fc4a8a649c0c8912b02979c,forward,cube,consistent,blue,right,The ramps with similar colors in previous questions made cubes go different distances,False,False,neither,False,False,False,False,False,False
5fc4a8a649c0c8912b02979c,forward,cube,reversed,yellow,left,Same as the last one,False,False,neither,False,False,False,False,True,False
5fc4a8a649c0c8912b02979c,forward,cube,reversed,red,left,The red cube has previously gone farther,False,True,cube_feature,False,False,False,False,False,False
5f9a0b386a200211eea8e2ed,backward,cube,consistent,red,right,Red always went further in the previous trials,False,True,cube_feature,False,False,False,False,False,True
5f9a0b386a200211eea8e2ed,backward,cube,consistent,blue,right,Yellow ramp seems to launch the cubes short,True,False,ramp_feature,False,False,True,False,False,False
5f9a0b386a200211eea8e2ed,backward,cube,reversed,blue,left,Yellow launches shorter,True,False,ramp_feature,False,False,True,False,False,False
5f9a0b386a200211eea8e2ed,backward,cube,reversed,red,left,Red always goes further,False,True,cube_feature,False,False,False,False,False,False
665c989703b2609ce0e958ad,forward,cube,consistent,black,right,because the black cube always ended up over the line. and the red cube behind the line. ,False,True,cube_feature,False,False,False,True,False,False
665c989703b2609ce0e958ad,forward,cube,consistent,yellow,right,Because one of those cube is still red and one is black in my mind. ,False,True,cube_feature,False,False,False,False,False,False
665c989703b2609ce0e958ad,forward,cube,reversed,blue,right,Because I still see one as black and one as red. so I put one as close to over the line as possible. ,False,True,cube_feature,False,False,False,True,False,False
665c989703b2609ce0e958ad,forward,cube,reversed,black,right,Same thing as before. Black needs to be over the line or as close to as possible.,False,True,cube_feature,False,False,False,True,True,False
5ce4c8341bf7c9000150592e,forward,ramp,consistent,black,left,"I judged these images more on the base of the triangle, so this was simply a guess for me. ",False,False,neither,False,True,False,False,False,False
5ce4c8341bf7c9000150592e,forward,ramp,consistent,yellow,right,"I knew the yellow side would get further than the blue, so I went with the cube on the yellow side that had gone the furthest to the line. ",True,False,ramp_feature,False,False,False,True,False,False
5ce4c8341bf7c9000150592e,forward,ramp,reversed,black,left,"This was a guess because I didn't figure out the pattern for the block colors, so I assumed black went further. ",False,True,cube_feature,False,True,False,False,False,False
5ce4c8341bf7c9000150592e,forward,ramp,reversed,yellow,left,I always think that the yellow side would make the cube go further than the blue side. ,True,False,ramp_feature,False,False,False,False,False,False
603e86969a3fd3ec23e64a13,forward,ramp,consistent,blue,left,I made a wrong selection,False,False,neither,False,False,False,False,False,False
603e86969a3fd3ec23e64a13,forward,ramp,consistent,red,right,It was mostly a guess,False,False,neither,False,True,False,False,False,False
603e86969a3fd3ec23e64a13,forward,ramp,reversed,blue,right,Wrong selection,False,False,neither,False,False,False,False,False,False
603e86969a3fd3ec23e64a13,forward,ramp,reversed,red,left,Based off of earlier scenarios,False,False,neither,False,False,False,False,False,True
6679a2c59317696d909cd9e3,backward,cube,consistent,blue,right,"Based on the others, it'll propel forward not back. ",False,False,neither,False,False,False,False,False,False
6679a2c59317696d909cd9e3,backward,cube,consistent,black,right,The black cube tends to go farther than the right cube. ,False,True,cube_feature,False,False,False,False,False,False
6679a2c59317696d909cd9e3,backward,cube,reversed,red,left,The platform changed direction which means the cubes change direction.,False,False,neither,True,False,False,False,False,False
6679a2c59317696d909cd9e3,backward,cube,reversed,yellow,left,The platform changed direction so the cubes should change direction. ,False,False,neither,True,False,False,False,False,False
6158f8d1ad08e224c817b97b,backward,cube,consistent,blue,right,"Initial Position: In the first image, the object (a block) is placed on a ramp inclined upwards.
Motion: Gravity causes the block to move down the ramp.
Final Position: In the second image, the block has moved down the ramp and is now on the flat surface.",False,False,neither,False,False,True,False,False,False
6158f8d1ad08e224c817b97b,backward,cube,consistent,black,right,"Initial Position: In the first image, the object (a block) is placed on a ramp inclined upwards.
Motion: Gravity causes the block to move down the ramp.
Final Position: In the second image, the block has moved down the ramp and is now on the flat surface.",False,False,neither,False,False,True,False,False,False
6158f8d1ad08e224c817b97b,backward,cube,reversed,blue,left,Both cubes will be on the same level,False,False,neither,False,False,False,False,False,False
6158f8d1ad08e224c817b97b,backward,cube,reversed,red,left,The black cube will be ahead of the red cube,False,True,cube_feature,False,False,False,False,False,False
663c44979cea037cd82721cd,forward,cube,consistent,black,right,The black cube seems to go farther.,False,True,cube_feature,False,False,False,False,False,False
663c44979cea037cd82721cd,forward,cube,consistent,yellow,right,The yellow block is elevated higher.,True,False,ramp_feature,False,False,True,False,False,False
663c44979cea037cd82721cd,forward,cube,reversed,yellow,left,The yellow block is elevated higher.,True,False,ramp_feature,False,False,True,False,False,False
663c44979cea037cd82721cd,forward,cube,reversed,black,left,The black cube seems to go farther.,False,True,cube_feature,False,False,False,False,False,False
66573564f424374e6d1b36bc,backward,cube,consistent,black,left,The steep incline of the wedge.,False,False,neither,False,False,True,False,False,False
66573564f424374e6d1b36bc,backward,cube,consistent,blue,left,I think the cube on the blue side would slide farther,True,False,ramp_feature,False,False,True,False,False,False
66573564f424374e6d1b36bc,backward,cube,reversed,red,right,I think the red cube would have more momentum,False,True,cube_feature,False,False,True,False,False,False
66573564f424374e6d1b36bc,backward,cube,reversed,blue,right,I think the blue slope will have more speed,True,False,ramp_feature,False,False,True,False,False,False
61549a2caa92d84f392000e9,forward,ramp,consistent,black,left,very nice,False,False,neither,False,False,False,False,False,False
61549a2caa92d84f392000e9,forward,ramp,consistent,blue,right,nice,False,False,neither,False,False,False,False,False,False
61549a2caa92d84f392000e9,forward,ramp,reversed,red,right,good,False,False,neither,False,False,False,False,False,False
61549a2caa92d84f392000e9,forward,ramp,reversed,blue,right,nice,False,False,neither,False,False,False,False,False,False
6683248de170f597107c313c,backward,cube,consistent,blue,right,"We are just guessing, right? There is no logic to this. ",False,False,neither,False,True,False,False,False,False
6683248de170f597107c313c,backward,cube,consistent,red,left,I am just guessing. ,False,False,neither,False,True,False,False,False,False
6683248de170f597107c313c,backward,cube,reversed,black,left,I am just guessing. How would anyone know?,False,False,neither,False,True,False,False,False,False
6683248de170f597107c313c,backward,cube,reversed,blue,right,I am guessing,False,False,neither,False,True,False,False,False,False
659c7519f4c0ace95d32f6bd,forward,ramp,consistent,red,right,Red usually ends up further than black on any of the colored triangles,False,True,cube_feature,False,False,False,False,False,False
659c7519f4c0ace95d32f6bd,forward,ramp,consistent,blue,right,Yellow's blocks usually ended up further away than blue's blocks,True,False,ramp_feature,False,False,False,False,False,False
659c7519f4c0ace95d32f6bd,forward,ramp,reversed,blue,left,Blue's blocks usually ended up more ahead of yellow's blocks,True,False,ramp_feature,False,False,False,False,False,False
659c7519f4c0ace95d32f6bd,forward,ramp,reversed,red,left,Red usually ended up further than black,False,True,cube_feature,False,False,False,False,False,False
629082739390703f993b12bd,backward,ramp,consistent,yellow,right,The blue side always launched the cube much less than the other.,True,False,ramp_feature,False,False,True,False,False,False
629082739390703f993b12bd,backward,ramp,consistent,red,right,"As I believe, the black cube always went the least furthest.",False,True,cube_feature,False,False,False,False,False,False
629082739390703f993b12bd,backward,ramp,reversed,blue,left,Just a guess here.,False,False,neither,False,True,False,False,False,False
629082739390703f993b12bd,backward,ramp,reversed,red,left,The black cube went the least furthest usually I think.,False,True,cube_feature,False,False,False,False,False,False
665f123b82317d230d7b6fb6,backward,ramp,consistent,black,right,i think black goes farther...maybe,False,True,cube_feature,False,False,False,False,False,False
665f123b82317d230d7b6fb6,backward,ramp,consistent,blue,right,yellow ramp makes cube go shorter ,True,False,ramp_feature,False,False,False,False,False,False
665f123b82317d230d7b6fb6,backward,ramp,reversed,black,left,black goes farther,False,True,cube_feature,False,False,False,False,False,False
665f123b82317d230d7b6fb6,backward,ramp,reversed,blue,left,yellow ramp equals shorter distanvce,True,False,ramp_feature,False,False,False,False,False,False
61084dfa57b8afc07829bb19,forward,ramp,consistent,yellow,right,The cubes travel farther on the yellow than the blue,True,False,ramp_feature,False,False,False,False,False,False
61084dfa57b8afc07829bb19,forward,ramp,consistent,red,right,I guessed. I wasn't paying attention to red vs black differences,False,True,cube_feature,False,True,False,False,False,False
61084dfa57b8afc07829bb19,forward,ramp,reversed,black,left,I guessed,False,False,neither,False,True,False,False,False,False
61084dfa57b8afc07829bb19,forward,ramp,reversed,yellow,left,"Yellow is yes, blue is no. Yellow goes farther",True,False,ramp_feature,False,False,False,False,False,False
6685fc99a5f104da3398a1ca,backward,cube,consistent,yellow,right,seems the yellow travels faster,True,False,ramp_feature,False,False,False,False,False,False
6685fc99a5f104da3398a1ca,backward,cube,consistent,black,right,the red usually don't travel fast,False,True,cube_feature,False,False,False,False,False,False
6685fc99a5f104da3398a1ca,backward,cube,reversed,red,left,the black is does not travel faster,False,True,cube_feature,False,False,False,False,False,False
6685fc99a5f104da3398a1ca,backward,cube,reversed,yellow,left,the yellow travels faster,True,False,ramp_feature,False,False,False,False,False,False
62853fe01fa0d21c4daacfcb,backward,ramp,consistent,yellow,right,"My general guess was that each color of ramp provided a certain amount of horizontal movement to the cube that varied from color to color, and each color of cube also provided a certain amount of movement to itself, and I was also reasonably certain that the amount of movement provided by the ramp was greater than the amount provided by the cube because it was always the case that a yellow ramp meant the cube ended up to the right of the line regardless of the color of the cube while a blue ramp always meant it was to the left regardless of the color of the cube. Anyway, since I'd never seen what the results actually were when a white cube was used, I just took a wild guess and guessed that maybe it was ""lighter"" (I mean weight, not color, because somehow ""lighter"" equals ""provides less horizontal movement"" in my mind) than the other colors and so maybe this would be just enough for the cube not to make the line even with a yellow ramp. But obviously, yes, I predicted the white cube with the yellow ramp would go farther than the white cube with the blue ramp because that's what happened with the other color cubes.",True,True,both,False,True,True,True,False,False
62853fe01fa0d21c4daacfcb,backward,ramp,consistent,red,left,"Well, my general prediction on how this works was the same as last time, but regarding this particular specific case, to be honest, I have no idea if red cubes or black cubes go farther right when launched off of yellow or blue ramps because I was just focused on whether or not they crossed the line at all and I didn't stop to note by how much they crossed the line (or if they didn't cross it, how close to the line they managed to get) and honestly I didn't even realize at the time that they were crossing the line by different amounts at all, and so honestly it's kind of just half me scrambling going ""oh man, what were the exact distances in those pictures I only glanced at?"" and half me just plain guessing that black cubes go farther right than red cubes when launched off of yellow or blue ramps, but that's the guess that I'm working with, and so anyway, since I'd never seen what white ramps actually do, I just took a random guess and guessed that maybe they're so much ""lighter"" than other ramps that cubes actually end up to the left when launched off of them (which makes literally no sense in terms of actually launching stuff off a ramp because how could you launch something so that it goes backwards? But that's not really the point because these aren't actually literally ramps anyway and nobody actually said cubes were being launched off of them, and I think what they were ACTUALLY called was, like, blocks or something, but I'm kind of just calling them ramps here because their shape does resemble ramps and imagining the cubes being launched off of them makes the whole set of occurances here feel more natural and logical in my mind), but naturally the black cube would still be farther right and the red cube would still be farther left because that's how I assume it happened before, but I guess the point is in my mind I was thinking of it something like ""red cube equals +10 horizontal position, black cube equals +20, blue ramp = +50, yellow ramp = +70, white cube = presumed -20, white ramp = presumed -70"" or whatever (It's not like I was thinking of it in terms of specific numbers or anything, but these are just some random numbers I made up to illustrate my point), with the point being that these numbers are absolute and just work in whatever direction they work regardless of anything else, e.g., a black cube always makes the cube end up farther to the right than a red cube even when the total direction of movement is to the left due to a white ramp because -70 + +20 is just greater than -70 + +10 even if both numbers ultimately are negative (and we're assuming in this case that higher numbers equals greater rightward movement in this case), but I suppose this doesn't HAVE to be the case, and an alternative way to think about this would be something like instead of thinking of the directions as positive and negative movement to just think of them as always being positive movement but just in different directions, and so maybe a yellow ramp could be +70 distance to the right and a white ramp could be +70 distance to the left, and maybe a red cube could add +10 to whatever distance it's thrown and a black cube could add +20, and so in this case a black cube would actually end up farther to the left when thrown left than a red cube and farther to the right when thrown right than a red cube, and this probably lines up closer to how real life physics works, because if I have something easy to throw and something hard to throw than the easier to throw object always ends up farther away from me regardless of whether I throw these objects east or west, but my point is just to say that that's just not how I was thinking of it (and to be fair, again, no one ever said that these cubes were necessarily being thrown per se) and I was thinking more in terms of each particular kind of cube and ramp having just a particular set value it adds to the cube's final position.",True,True,both,False,True,True,True,True,True
62853fe01fa0d21c4daacfcb,backward,ramp,reversed,yellow,left,"Umm... I don't know. I'll be honest, I spent so long writing my previous responses I kind of forgot what all the sets of images you asked me about are, and I legitimately don't remember this one at all, but it just feels like ""Huh? There were images where the ramps faced left? I don't remember that"", but I'm just going to take my best guess here, and probably since the ramps are facing left now I figured the direction they'd launch the blocks would also be reversed, and since a yellow ramp launched a block farther right when facing right, I probably assumed it would launch it farther left when facing left, too. I don't have the other images available for comparison, so I can't be completly sure, but based on looks, I would guess that this is the relatively ""close"" image with the cubes not that far from the ramps, and I would guess that there was probably another image where the cubes were farther away to the left, and if that's the case, then I would guess that my assumption was that since I assumed that white cubes went less far to the right when launched right, they might also go less far to the left when launched left, resulting in the final image we see here.",True,True,both,True,True,True,False,False,False
62853fe01fa0d21c4daacfcb,backward,ramp,reversed,red,right,"Hmm, did I guess this? My assumption was probably again that with the ramps facing left, everything would play out the same way as with them facing right except with the directions reversed, and so the cubes would still end up behind the ramps because I guessed randomly that maybe white ramps launch things backwards, but also with the black cube still closer to the ""forwards"" direction because that's what I guessed happened when the ramps were facing right, i.e., if the black cube goes farther right when the ramps are facing right, then maybe it goes farther left when the cubes are facing left too.",True,True,both,True,True,True,False,False,False
62be632336006d96574e22ef,backward,ramp,consistent,yellow,right,"The yellow ramp means closer to the finish line (technically over it, according to previous trials), whereas the blue ramp is the opposite.",True,False,ramp_feature,False,False,False,True,False,True
62be632336006d96574e22ef,backward,ramp,consistent,black,right,Black cube always ended up further the red cube according to previous trials.,False,True,cube_feature,False,False,False,False,False,True
62be632336006d96574e22ef,backward,ramp,reversed,black,left,"Not sure, but I predicted with the ramp inverted, the results would be inverted.",False,False,neither,False,True,False,False,False,False
62be632336006d96574e22ef,backward,ramp,reversed,blue,left,"Same as the previous. With the ramps inverted, the results would be inverted. Yellow ramp always went further than the blue ramp in previous trials.",True,False,ramp_feature,False,False,False,False,True,True
6672e054134a9cac8d3fd303,forward,cube,consistent,black,right,The black cube seems to go further than the red.,False,True,cube_feature,False,False,False,False,False,False
6672e054134a9cac8d3fd303,forward,cube,consistent,yellow,right,I guessed for this one. But logically they would be on this side of the ramp.,False,False,neither,False,True,False,False,False,False
6672e054134a9cac8d3fd303,forward,cube,reversed,black,left,The black cube seems to go further than the red.,False,True,cube_feature,False,False,False,False,False,False
6672e054134a9cac8d3fd303,forward,cube,reversed,blue,left,I guessed for this one too. But logically they would end up on the left side of the ramp.,False,False,neither,False,True,False,False,False,False
5cfff88a6775b90001e484f2,forward,cube,consistent,yellow,right,I think the yellow ramp is steeper/ gives more force than the blue ramp,True,False,ramp_feature,False,False,True,False,False,False
5cfff88a6775b90001e484f2,forward,cube,consistent,red,right,"I believe that the red cube travels further than the black cube, even in the same conditions",False,True,cube_feature,False,False,False,False,False,False
5cfff88a6775b90001e484f2,forward,cube,reversed,yellow,left,I think the yellow ramp is steeper than the blue ramp,True,False,ramp_feature,False,False,False,False,False,False
5cfff88a6775b90001e484f2,forward,cube,reversed,red,left,"I believe that the red cube travels further than the black cube, on average",False,True,cube_feature,False,False,False,False,False,False
664218e510e790cd8414d32c,forward,cube,consistent,red,left,They're high up,False,False,neither,False,False,True,False,False,False
664218e510e790cd8414d32c,forward,cube,consistent,blue,right,They will slide down,False,False,neither,False,False,True,False,False,False
664218e510e790cd8414d32c,forward,cube,reversed,yellow,left,they will slide down ,False,False,neither,False,False,True,False,False,False
664218e510e790cd8414d32c,forward,cube,reversed,black,left,They will slide down ,False,False,neither,False,False,True,False,False,False
6670367508b5f9d3de8b288e,backward,ramp,consistent,black,right,I have no idea! Just felt like it.,False,False,neither,False,True,False,False,False,False
6670367508b5f9d3de8b288e,backward,ramp,consistent,blue,right,Again... just felt like it. I am not good at observational learning. ,False,False,neither,False,True,False,False,False,False
6670367508b5f9d3de8b288e,backward,ramp,reversed,red,right,No momentum,False,False,neither,False,False,True,False,False,False
6670367508b5f9d3de8b288e,backward,ramp,reversed,blue,right,No momentum,False,False,neither,False,False,True,False,False,False
5fc2f07939c5f20b2e86607f,forward,ramp,consistent,red,right,just a gut feeling,False,False,neither,False,True,False,False,False,False
5fc2f07939c5f20b2e86607f,forward,ramp,consistent,yellow,right,the darker color might not throw as strongly,False,False,neither,False,False,False,False,False,False
5fc2f07939c5f20b2e86607f,forward,ramp,reversed,black,left,not as much force,False,False,neither,False,False,True,False,False,False
5fc2f07939c5f20b2e86607f,forward,ramp,reversed,blue,left,gut feeling,False,False,neither,False,True,False,False,False,False
6687b00fea5aa786440b51d1,forward,ramp,consistent,yellow,right,i considered where the cube ended in the previous imagaes,False,False,neither,False,False,False,False,False,False
6687b00fea5aa786440b51d1,forward,ramp,consistent,red,left,it was based on the previous positions,False,False,neither,False,False,False,False,False,True
6687b00fea5aa786440b51d1,forward,ramp,reversed,blue,left,because of the position,False,False,neither,False,False,False,False,False,False
6687b00fea5aa786440b51d1,forward,ramp,reversed,red,right,red has ended at that side many times,False,True,cube_feature,False,False,False,False,False,False
668ebd73a0deeb3fb92eb098,backward,cube,consistent,blue,right,"I'm not sure which ramp color caused cubes to go further because I wasn't attending to that during the trials. My guess was blue had cubes go further, but I was paying attention to cube color.",True,False,ramp_feature,False,True,False,False,False,False
668ebd73a0deeb3fb92eb098,backward,cube,consistent,red,right,Red cubes made it past the line and black ones didn't. I predicted the red cube ends up further to the right than the black cube.,False,True,cube_feature,False,False,False,True,False,False
668ebd73a0deeb3fb92eb098,backward,cube,reversed,blue,right,I'm not sure if ramp direction matters since it doesn't appear the cubes are running down them. I made my prediction based on colors again assuming blue was correlated with having cubes go further right.,True,False,ramp_feature,False,True,False,False,False,False
668ebd73a0deeb3fb92eb098,backward,cube,reversed,red,right,"Like the last one, I ignored ramp direction and predicted the red cube ending up further to the right since physics didn't seem to play in this. I'm treating it like a logic puzzle more than a physics question.",False,True,cube_feature,False,False,False,False,False,False
6693b774a020c6c2214baea3,forward,cube,consistent,yellow,right,"In my view the cubes are positioned at a 45 degree angle , that will give it descending speed.",False,False,neither,False,False,True,False,False,False
6693b774a020c6c2214baea3,forward,cube,consistent,red,right,The cubes wouldn't have enough speed to cross the line ,False,False,neither,False,False,True,True,False,False
6693b774a020c6c2214baea3,forward,cube,reversed,red,left,This is because the cubes are directed in opposition to the line ,False,False,neither,False,False,False,True,False,False
6693b774a020c6c2214baea3,forward,cube,reversed,yellow,left,The cubes are positioned in opposite direction to the finish line,False,False,neither,True,False,False,True,False,False
66524aa2a82e242800be156b,forward,cube,consistent,red,right,IN MY MIND I JUST IMAGINE THEM SLIDING DOWN AND LANDING LIKE THAT,False,False,neither,False,False,False,False,False,False
66524aa2a82e242800be156b,forward,cube,consistent,yellow,right,I JUST IMAGINEDC THEM SLIDING DOWN AND LANDING LIKE THAT,False,False,neither,False,False,False,False,False,False
66524aa2a82e242800be156b,forward,cube,reversed,black,left,"THE RAMP IS BACKWARDS SO I DONT THINK THAT THEY WILL GO CLOSE TO THE LINE, IN FACT THEYD GO THE OPPOSITE DIRECTION AND SLIDE DOWN THE RAMP",False,False,neither,True,False,True,True,False,False
66524aa2a82e242800be156b,forward,cube,reversed,blue,left,"SAME AS BEFORE, I BELIEVE THEY WOULD STILL SLIDE DOWN THE RAMP AND NOT GO CLOSE TO THE LINES",False,False,neither,False,False,True,False,True,False
654509bce930185adab23a1a,backward,cube,consistent,red,right,i think the red cube is lighter than the black cube,False,True,cube_feature,False,False,True,False,False,False
654509bce930185adab23a1a,backward,cube,consistent,yellow,right,i think the yellow ramp is faster than the blue ramp.,True,False,ramp_feature,False,False,False,False,False,False
654509bce930185adab23a1a,backward,cube,reversed,red,right,red cube is lighter.,False,True,cube_feature,False,False,True,False,False,False
654509bce930185adab23a1a,backward,cube,reversed,yellow,right,yellow ramp is faster,True,False,ramp_feature,False,False,False,False,False,False
56d39b96da2aaa000dab6178,backward,ramp,consistent,black,right,"My intuition was telling me that black cubes usually travel farther, even though I didn't see this specifically during the trials. ",False,True,cube_feature,False,True,False,False,False,False
56d39b96da2aaa000dab6178,backward,ramp,consistent,yellow,right,I felt that yellow ramps lead to cubes travelling farther based on the success rate of previous trials. ,True,False,ramp_feature,False,False,False,False,False,True
56d39b96da2aaa000dab6178,backward,ramp,reversed,yellow,left,Yellow ramps allow for further travel. ,True,False,ramp_feature,False,False,False,False,False,False
56d39b96da2aaa000dab6178,backward,ramp,reversed,black,left,I think black cubes travel farther. The direction of travel was based off of what occurred in earlier trials. ,False,True,cube_feature,False,False,False,False,False,True
5e29dc4721a5f20481c70274,forward,cube,consistent,red,right,The red block is lighter,False,True,cube_feature,False,False,True,False,False,False
5e29dc4721a5f20481c70274,forward,cube,consistent,blue,right,One cube is heavier,False,False,neither,False,False,True,False,False,False
5e29dc4721a5f20481c70274,forward,cube,reversed,yellow,left,One is started lower then the other,False,False,neither,False,False,False,False,False,False
5e29dc4721a5f20481c70274,forward,cube,reversed,red,left,Th red block is lighter,False,True,cube_feature,False,False,True,False,False,False
NA,forward,cube,consistent,yellow,right,because I think cube in bule ran way could be more far that yellow.,True,False,ramp_feature,False,False,False,False,False,False
NA,forward,cube,consistent,black,right,I think black cube more far than re,False,True,cube_feature,False,False,False,False,False,False
NA,forward,cube,reversed,blue,left,cube in bule run way should be more far than other,False,False,neither,False,False,False,False,False,False
NA,forward,cube,reversed,black,left,black cube should be more far than red cube,False,True,cube_feature,False,False,False,False,False,False
5c91ab9b47fad40011be8306,forward,cube,consistent,black,right,The black cubes always crossed the line. While the red cubes didn't.,False,True,cube_feature,False,False,False,True,False,False
5c91ab9b47fad40011be8306,forward,cube,consistent,blue,right,"The white cubes will not slide as far due to the increased friction and its lighter weight, potentially not reaching the finish line.",False,True,cube_feature,False,False,True,True,False,False
5c91ab9b47fad40011be8306,forward,cube,reversed,yellow,left,"will not slide as far due to the increased friction and its lighter weight, potentially not reaching the finish line.",False,False,neither,False,False,True,True,False,False
5c91ab9b47fad40011be8306,forward,cube,reversed,black,left,Both cubes facing the wrong way.,False,False,neither,False,False,False,False,False,False
5ced23c585712e00190bd98a,forward,ramp,consistent,black,right,I'm honestly not sure here.  I understood the previous trials but I just took a guess here.,False,False,neither,False,True,False,False,False,True
5ced23c585712e00190bd98a,forward,ramp,consistent,blue,right,Just a guess.  I assumed the blue slant would go farther.,True,False,ramp_feature,False,True,False,False,False,False
5ced23c585712e00190bd98a,forward,ramp,reversed,yellow,left,Honestly just guessed,False,False,neither,False,True,False,False,False,False
5ced23c585712e00190bd98a,forward,ramp,reversed,black,left,Just guessed again.,False,False,neither,False,True,False,False,False,False
5d87defd9497150016325f66,forward,ramp,consistent,red,right,It would fit for the direction that the ramp is facing.,False,False,neither,False,False,False,False,False,False
5d87defd9497150016325f66,forward,ramp,consistent,blue,right,They may not fall at the same speed.,False,False,neither,False,False,True,False,False,False
5d87defd9497150016325f66,forward,ramp,reversed,blue,left,"the ramp changed directions, so it makes sense the cubes ind up in that direction",False,False,neither,False,False,False,False,False,False
5d87defd9497150016325f66,forward,ramp,reversed,black,left,"sama as last time, the direction of the lamp is to the lft so the cubes are gonna end up to the left.",False,False,neither,False,False,False,False,False,True
656e0dab178ffccdaa47202e,backward,cube,consistent,blue,left,I'm not sure what the white blocks do,False,True,cube_feature,False,True,False,False,False,False
656e0dab178ffccdaa47202e,backward,cube,consistent,black,right,based on what red and black blocks do,False,True,cube_feature,False,False,False,False,False,False
656e0dab178ffccdaa47202e,backward,cube,reversed,black,left,the ramp is the other way,False,False,neither,True,False,False,False,False,False
656e0dab178ffccdaa47202e,backward,cube,reversed,yellow,left,just a guess,False,False,neither,False,True,False,False,False,False
66384f2ca89f26220b5e5670,backward,cube,consistent,yellow,right,Because the cubes were white and I wasn't sure of the probability of them crossing the line.,False,False,neither,False,False,False,True,False,False
66384f2ca89f26220b5e5670,backward,cube,consistent,black,right,Because the black cubes pass the line and the red ones don't. This option was the closest to meeting that rule.,False,True,cube_feature,False,False,False,True,False,False
66384f2ca89f26220b5e5670,backward,cube,reversed,black,left,"Because the position of the ramp changed, I thought the cubes would go the opposite direction.",False,False,neither,True,False,False,False,False,False
66384f2ca89f26220b5e5670,backward,cube,reversed,blue,left,"Because the direction of the ramps changed, I thought the cubes would go in the opposite direction.",False,False,neither,True,False,False,False,False,False
667b21433af7566ac3aab971,forward,cube,consistent,red,right,red always rolled further than the black. it also always went over the line,False,True,cube_feature,False,False,True,True,False,False
667b21433af7566ac3aab971,forward,cube,consistent,yellow,right,yellow slide always went further than blue,True,False,ramp_feature,False,False,True,False,False,False
667b21433af7566ac3aab971,forward,cube,reversed,yellow,left,yellow slide always went further than blue,True,False,ramp_feature,False,False,True,False,False,False
667b21433af7566ac3aab971,forward,cube,reversed,red,left,red cube always goes further than the black one,False,True,cube_feature,False,False,False,False,False,False
661d91cf9f3f83afa8e53a0d,backward,ramp,consistent,red,left,"I don't really know, just that they are different than the original images, and I felt that they would not go across finish line",False,False,neither,False,False,False,True,False,False
661d91cf9f3f83afa8e53a0d,backward,ramp,consistent,yellow,left,same as last answer,False,False,neither,False,False,False,False,True,False
661d91cf9f3f83afa8e53a0d,backward,ramp,reversed,yellow,left,Just to try a different response,False,False,neither,False,False,False,False,False,False
661d91cf9f3f83afa8e53a0d,backward,ramp,reversed,red,left,cubes at top of triangle seem to fall of highest point- would not go near finish line,False,False,neither,False,False,True,True,False,False
5c43fb651ddd660001c9de3a,backward,cube,consistent,yellow,left,"I don't know what white cubes do so maybe they go backwards instead of forwards like the others. it is just a guess because I have no idea what white cubes do. there is a difference in blue and yellow ramps, though, so the cubes would end up in different positions and blue ramps cause them to not go as far so that one would be closer.",True,True,both,False,True,False,False,False,False
5c43fb651ddd660001c9de3a,backward,cube,consistent,black,right,not sure what white ramps do but black cubes always go farther than red cubes so the black one would go farther.,True,True,both,False,True,False,False,False,False
5c43fb651ddd660001c9de3a,backward,cube,reversed,blue,left,not sure how white cubes work so it's a guess,False,True,cube_feature,False,True,False,False,False,False
5c43fb651ddd660001c9de3a,backward,cube,reversed,black,right,not sure what white ramps do but black cubes go farther than red cubes,True,True,both,False,True,False,False,False,False
5e6d8c46f93a0c35d1f82335,forward,cube,consistent,black,right,the black cube always seemed to slide farther than the red in all cases.,False,True,cube_feature,False,False,True,False,False,False
5e6d8c46f93a0c35d1f82335,forward,cube,consistent,blue,right,"I assume that maybe the blue ramp will send the cube farther, but I am not sure",True,False,ramp_feature,False,True,False,False,False,False
5e6d8c46f93a0c35d1f82335,forward,cube,reversed,blue,left,"Blue ramp sends the cube farther, just me assuming this though",True,False,ramp_feature,False,False,False,False,False,False
5e6d8c46f93a0c35d1f82335,forward,cube,reversed,black,left,black cube always goes farther,False,True,cube_feature,False,False,False,False,False,False
66294535a72655a6fd869832,backward,ramp,consistent,yellow,right,It was a guess,False,False,neither,False,True,False,False,False,False
66294535a72655a6fd869832,backward,ramp,consistent,black,left,It was a guess,False,False,neither,False,True,False,False,False,False
66294535a72655a6fd869832,backward,ramp,reversed,black,right,It was a guess,False,False,neither,False,True,False,False,False,False
66294535a72655a6fd869832,backward,ramp,reversed,blue,right,It was a guess,False,False,neither,False,True,False,False,False,False
6630f0ba3c7dd0308672336a,backward,ramp,consistent,yellow,right,One object is closer than the other.,False,False,neither,False,False,False,False,False,False
6630f0ba3c7dd0308672336a,backward,ramp,consistent,red,right,One object is closer than the other,False,False,neither,False,False,False,False,False,False
6630f0ba3c7dd0308672336a,backward,ramp,reversed,red,left,Because the platform was facing a different way.,False,False,neither,False,False,False,False,False,False
6630f0ba3c7dd0308672336a,backward,ramp,reversed,blue,left,The platform was facing a different way.,False,False,neither,False,False,False,False,False,False
5b0482fc325b6c0001bbb7f0,backward,cube,consistent,yellow,right,"I don't know anything about how white cubes behave, but I tried to remember the outcome of the cubes in relation to the different colored ramps.",False,True,cube_feature,False,True,False,False,False,False
5b0482fc325b6c0001bbb7f0,backward,cube,consistent,red,right,"I don't know anything about the white ramp, but I guessed based on my knowledge of the red and black cubes.",True,True,both,False,True,False,False,False,False
5b0482fc325b6c0001bbb7f0,backward,cube,reversed,yellow,left,"I don't know anything about the white cubes, but I guessed based on the ramp color and the position of the ramp.",False,True,cube_feature,False,True,False,False,False,False
5b0482fc325b6c0001bbb7f0,backward,cube,reversed,red,left,"I don't know anything about the white ramp, but I guessed based on the color of the cubes and the position of the ramp.",True,False,ramp_feature,False,True,False,False,False,False
665fa530b8211326822c5a90,forward,ramp,consistent,blue,right,Because of the color of the ramps. When i was doing the test if i remember correctly the blue ramp took the cube farther than the yellow one.,True,False,ramp_feature,False,False,False,False,False,False
665fa530b8211326822c5a90,forward,ramp,consistent,black,right,This one was just a guess. I was not sure how other to answer the question,False,False,neither,False,True,False,False,False,False
665fa530b8211326822c5a90,forward,ramp,reversed,blue,left,Again it was based off the color. The blue one usually shot the cube farther than the yellow if i remember correctly.,True,False,ramp_feature,False,False,False,False,False,False
665fa530b8211326822c5a90,forward,ramp,reversed,red,left,I was not sure so this was a guess.,False,False,neither,False,True,False,False,False,False
63fa2f029381a13d9f2a36a8,forward,ramp,consistent,black,left,I had no idea how the ramp lacking color would affect things and this seemed like a fine 'alternate' choice.,False,False,neither,False,True,False,False,False,False
63fa2f029381a13d9f2a36a8,forward,ramp,consistent,blue,right,I was probably wrong with this and the yellow side of the ramp could have had the cube further away,True,False,ramp_feature,False,False,False,False,False,False
63fa2f029381a13d9f2a36a8,forward,ramp,reversed,black,left,I had no idea what the gray ramp would do and this seemed like a plausible alternative action,True,False,ramp_feature,False,True,False,False,False,False
63fa2f029381a13d9f2a36a8,forward,ramp,reversed,yellow,left,I thought cube on the yellow side of the ramp would go further away,True,False,ramp_feature,False,False,False,False,False,False
667eec6cb42482f576981a55,backward,cube,consistent,blue,left,because they are white,False,False,neither,False,False,False,False,False,False
667eec6cb42482f576981a55,backward,cube,consistent,red,right,I guessed,False,False,neither,False,True,False,False,False,False
667eec6cb42482f576981a55,backward,cube,reversed,black,right,I guessed,False,False,neither,False,True,False,False,False,False
667eec6cb42482f576981a55,backward,cube,reversed,blue,right,I guessed,False,False,neither,False,True,False,False,False,False
60b9af795939f976cb74232a,backward,ramp,consistent,yellow,right,I'm not sure. I think the green ramp might be better than the blue one.,True,False,ramp_feature,False,True,False,False,False,False
60b9af795939f976cb74232a,backward,ramp,consistent,red,right,I'm not sure. I think the red square may be better than the black one.,False,True,cube_feature,False,True,False,False,False,False
60b9af795939f976cb74232a,backward,ramp,reversed,blue,right,"Actually, I made a mistake there. I thought they should be to the left of the ramp. My bad.",False,False,neither,False,False,False,False,False,False
60b9af795939f976cb74232a,backward,ramp,reversed,red,left,I'm not sure. I think the red square may be a little better than the black one (in terms of distance it can travel.),False,True,cube_feature,False,True,False,False,False,False
668031d19b156a71958fb3bd,backward,ramp,consistent,red,right,Because of the angle of projection,False,False,neither,False,False,True,False,False,False
668031d19b156a71958fb3bd,backward,ramp,consistent,yellow,right,because of how it is projected,False,False,neither,False,False,False,False,False,False
668031d19b156a71958fb3bd,backward,ramp,reversed,red,right,due to the angle ,False,False,neither,False,False,True,False,False,False
668031d19b156a71958fb3bd,backward,ramp,reversed,yellow,right,angle of inclination,False,False,neither,False,False,True,False,False,False
5f2047f472c1fd2eaf643c64,backward,cube,consistent,red,right,Not sure,False,False,neither,False,True,False,False,False,False
5f2047f472c1fd2eaf643c64,backward,cube,consistent,blue,right,I am not sure,False,False,neither,False,True,False,False,False,False
5f2047f472c1fd2eaf643c64,backward,cube,reversed,blue,left,I am not sure,False,False,neither,False,True,False,False,False,False
5f2047f472c1fd2eaf643c64,backward,cube,reversed,red,left,I am not sure,False,False,neither,False,True,False,False,False,False
66784f78e4fc93a68eb6ead6,backward,ramp,consistent,yellow,left,"Since they are at the top, I feel that they would likely roll down the blocks. ",False,False,neither,False,False,True,False,False,False
66784f78e4fc93a68eb6ead6,backward,ramp,consistent,black,right,The cubes are close to the end and if they fall over then they would end up in the position as predicted in front of the blocks.,False,False,neither,False,False,True,False,False,False
66784f78e4fc93a68eb6ead6,backward,ramp,reversed,red,right,Since the blocks are at the top they are likely to roll down the block.,False,False,neither,False,False,True,False,False,False
66784f78e4fc93a68eb6ead6,backward,ramp,reversed,blue,right,Since the cubes are at the top the are likely to roll down. ,False,False,neither,False,False,True,False,False,False
593e6e9ea2bf080001ed3bba,forward,cube,consistent,red,right,because the red cube always made it past the finish line so i assumed it would make it further than black here,False,True,cube_feature,False,False,False,True,False,False
593e6e9ea2bf080001ed3bba,forward,cube,consistent,yellow,right,it was just a guess,False,False,neither,False,True,False,False,False,False
593e6e9ea2bf080001ed3bba,forward,cube,reversed,yellow,left,it was a guess. I didn't think to correlate the ramp colors to distance,False,False,neither,False,True,False,False,False,False
593e6e9ea2bf080001ed3bba,forward,cube,reversed,red,left,same reason as before. the red cube always made it past finish,False,True,cube_feature,False,False,False,False,True,False
662e78f04fac8f09690ef409,forward,cube,consistent,red,right,Because the red cube usually goes the furthest ,False,True,cube_feature,False,False,False,False,False,False
662e78f04fac8f09690ef409,forward,cube,consistent,blue,right,Blue ramp seemed like it would go further,True,False,ramp_feature,False,False,False,False,False,False
662e78f04fac8f09690ef409,forward,cube,reversed,yellow,left,It wasn't going to go backwards and I felt yellow would do better. ,True,False,ramp_feature,False,False,False,False,False,False
662e78f04fac8f09690ef409,forward,cube,reversed,red,left,Red cube usually goes the furthest,False,True,cube_feature,False,False,False,False,False,False
55acf681fdf99b3d5b2ab68c,backward,ramp,consistent,blue,right,"Honestly, looking closer at the image now, I feel like I made a mistake. I wanted the cube on the yellow one to be over the black line on the right.",True,True,both,False,False,False,False,False,False
55acf681fdf99b3d5b2ab68c,backward,ramp,consistent,black,right,"Red mostly doesn't get near the line or going over, the black normally does.",False,True,cube_feature,False,False,False,True,False,False
55acf681fdf99b3d5b2ab68c,backward,ramp,reversed,black,right,The black is always closest or over the line where the red isn't.,False,True,cube_feature,False,False,False,True,False,False
55acf681fdf99b3d5b2ab68c,backward,ramp,reversed,yellow,right,"The cubes on the yellow seem to go over or on the line, where the blue ramp typically has the cubes before the line.",True,False,ramp_feature,False,False,False,True,False,False
612a75214a12bdaed3bb373e,forward,cube,consistent,yellow,right,I think during the initial trials the yellow ramp made the cubes go further ,True,False,ramp_feature,False,False,False,False,False,False
612a75214a12bdaed3bb373e,forward,cube,consistent,red,right,"The red cube was always the one that made it past the finish line, and that was the closest option ",False,True,cube_feature,False,False,False,True,False,False
612a75214a12bdaed3bb373e,forward,cube,reversed,yellow,right,I had not been shown what happens to white cubes so did not know if they would go down the ramp or not ,False,True,cube_feature,False,False,False,False,False,False
612a75214a12bdaed3bb373e,forward,cube,reversed,red,right,"The colored cubes went towards the finish line, but I did not know if they would do the same with the white ramp",True,False,ramp_feature,False,False,False,True,False,False
66798dfc733ea9d461780dc6,backward,ramp,consistent,yellow,right,Yellow seemed to push the cube further,True,False,ramp_feature,False,False,False,False,False,False
66798dfc733ea9d461780dc6,backward,ramp,consistent,black,right,black cubes seemed to move further than red,False,True,cube_feature,False,False,False,False,False,False
66798dfc733ea9d461780dc6,backward,ramp,reversed,yellow,left,yellow seemed to push the cube farther,True,False,ramp_feature,False,False,False,False,False,False
66798dfc733ea9d461780dc6,backward,ramp,reversed,black,left,black cubes seemed to move farther,False,True,cube_feature,False,False,False,False,False,False
6643d653f572827cc3743f43,forward,ramp,consistent,black,right,"It seemed to me that the black cube typically ended the farthest to the right of the line, while the red cube would typically end up closest to the line. ",False,True,cube_feature,False,False,False,True,False,False
6643d653f572827cc3743f43,forward,ramp,consistent,blue,right,"It seemed that the yellow ramp didn't send the cube very far, while the blue ramp would send the cube to or over the line. ",True,False,ramp_feature,False,False,False,True,False,False
6643d653f572827cc3743f43,forward,ramp,reversed,red,left,"Upon review, I would not think that this would happen, as the red cube is typically closer to the ramp than the black cube. ",False,True,cube_feature,False,False,False,False,False,False
6643d653f572827cc3743f43,forward,ramp,reversed,blue,left,"I think this happened because the ramp is facing away from the line, and the yellow ramp typically would send a cube less far than the blue ramp. ",True,False,ramp_feature,False,False,False,True,False,False
668c3efacb7c89ec72504e88,backward,ramp,consistent,yellow,right,Different colored ramps,False,False,neither,False,False,False,False,False,False
668c3efacb7c89ec72504e88,backward,ramp,consistent,black,right,Just one ramp,False,False,neither,False,False,False,False,False,False
668c3efacb7c89ec72504e88,backward,ramp,reversed,blue,right,Not Sure,False,False,neither,False,True,False,False,False,False
668c3efacb7c89ec72504e88,backward,ramp,reversed,red,left,Same thing ,False,False,neither,False,False,False,False,True,False
6348bca073c2af21404924b4,forward,ramp,consistent,red,right,I don't know,False,False,neither,False,True,False,False,False,False
6348bca073c2af21404924b4,forward,ramp,consistent,yellow,right,I don't know,False,False,neither,False,True,False,False,False,False
6348bca073c2af21404924b4,forward,ramp,reversed,black,left,I don't know,False,False,neither,False,True,False,False,False,False
6348bca073c2af21404924b4,forward,ramp,reversed,blue,left,I don't know,False,False,neither,False,True,False,False,False,False
65c11bc3df7572abd4a597ec,forward,ramp,consistent,blue,right,The squares on the blue ramp go past the line ,True,False,ramp_feature,False,False,False,True,False,False
65c11bc3df7572abd4a597ec,forward,ramp,consistent,black,right,The black cube normally goes further than the red cube,False,True,cube_feature,False,False,False,False,False,False
65c11bc3df7572abd4a597ec,forward,ramp,reversed,blue,left,The cube on the blue lamp normally goes further ,True,False,ramp_feature,False,False,False,False,False,False
65c11bc3df7572abd4a597ec,forward,ramp,reversed,red,left,"Not sure, the red cube may go faster  ",False,True,cube_feature,False,True,False,False,False,False
6692aa0b7747078b2460606f,backward,cube,consistent,yellow,right,"yellow rack has more projection
",True,False,ramp_feature,False,False,False,False,False,False
6692aa0b7747078b2460606f,backward,cube,consistent,red,right,guess,False,False,neither,False,True,False,False,False,False
6692aa0b7747078b2460606f,backward,cube,reversed,black,right,black cube move fast,False,True,cube_feature,False,False,False,False,False,False
6692aa0b7747078b2460606f,backward,cube,reversed,yellow,right,yellow rack,True,False,ramp_feature,False,False,False,False,False,False
602fd11faa844cd2d0fd5818,forward,cube,consistent,black,right,Based on given strategy,False,False,neither,False,False,False,False,False,False
602fd11faa844cd2d0fd5818,forward,cube,consistent,blue,right,Their way of sliding,False,False,neither,False,False,False,False,False,False
602fd11faa844cd2d0fd5818,forward,cube,reversed,blue,right,Their strategy,False,False,neither,False,False,False,False,False,False
602fd11faa844cd2d0fd5818,forward,cube,reversed,black,right,No idea,False,False,neither,False,True,False,False,False,False
663a5c8a1559293f513b0cf7,forward,cube,consistent,yellow,right,Seemed like the yellow ramp had lower friction.,True,False,ramp_feature,False,False,True,False,False,False
663a5c8a1559293f513b0cf7,forward,cube,consistent,black,right,The black cube consistently went farther than the red cube.,False,True,cube_feature,False,False,False,False,False,False
663a5c8a1559293f513b0cf7,forward,cube,reversed,yellow,left,Seemed like the yellow ramp had lower friction.,True,False,ramp_feature,False,False,True,False,False,False
663a5c8a1559293f513b0cf7,forward,cube,reversed,black,left,The black cube consistently went further than the red cube.,False,True,cube_feature,False,False,False,False,False,False
5ec5a64c306f255ec98d5cc1,backward,cube,consistent,red,right,The red cube goes further than black cube in previous trials,False,True,cube_feature,False,False,False,False,False,True
5ec5a64c306f255ec98d5cc1,backward,cube,consistent,yellow,right,The yellow ramp produces a further right block,True,False,ramp_feature,False,False,False,False,False,False
5ec5a64c306f255ec98d5cc1,backward,cube,reversed,yellow,left,The yellow ramp throws the block further,True,False,ramp_feature,False,False,False,False,False,False
5ec5a64c306f255ec98d5cc1,backward,cube,reversed,red,left,The red block is lighter and travels further.,False,True,cube_feature,False,False,True,False,False,False
668e47f9477a3fcce418057f,backward,cube,consistent,black,right,because black block usually ends up to the right and the red block don't,False,True,cube_feature,False,False,False,False,False,False
668e47f9477a3fcce418057f,backward,cube,consistent,blue,left,both gray block is on the edge and i think it will slide to the left easily.,False,True,cube_feature,False,False,True,False,False,False
668e47f9477a3fcce418057f,backward,cube,reversed,blue,right,the gray block is on edge pointing to the right direction this time so my prediction is that it will slide to the right.,False,True,cube_feature,False,False,True,False,False,False
668e47f9477a3fcce418057f,backward,cube,reversed,black,right,both block are on the edge pointing to the right so I PREDICTED the block will slide to the right.,False,False,neither,False,False,True,False,False,False
65fb2f8291cf16104e63effc,forward,ramp,consistent,red,right,I guessed based on previous action of red and black cubes,False,True,cube_feature,False,True,False,False,False,True
65fb2f8291cf16104e63effc,forward,ramp,consistent,yellow,right,I guessed because I hadn't seen how the white cubes react in this experiment before,False,True,cube_feature,False,True,False,False,False,False
65fb2f8291cf16104e63effc,forward,ramp,reversed,black,left,I guessed,False,False,neither,False,True,False,False,False,False
65fb2f8291cf16104e63effc,forward,ramp,reversed,blue,left,I guessed,False,False,neither,False,True,False,False,False,False
63b8342eb371f007b0651c7e,backward,ramp,consistent,yellow,right,The yellow ramp seems to lead to further cubes.,True,False,ramp_feature,False,False,False,False,False,False
63b8342eb371f007b0651c7e,backward,ramp,consistent,black,right,The black cube usually ended up further along than the red cube.,False,True,cube_feature,False,False,False,False,False,False
63b8342eb371f007b0651c7e,backward,ramp,reversed,black,right,The black cube usually ends up further along than the red cube.,False,True,cube_feature,False,False,False,False,False,False
63b8342eb371f007b0651c7e,backward,ramp,reversed,yellow,right,The yellow ramp seems to result in cubes further along.,True,False,ramp_feature,False,False,False,False,False,False
6594720fa43b97e09c261749,backward,ramp,consistent,yellow,right,The cubes on the yellow ramp appeared to travel farther than the cubes on the blue ramp.,True,False,ramp_feature,False,False,False,False,False,False
6594720fa43b97e09c261749,backward,ramp,consistent,red,right,I just guessed since I did not know the colors of the ramps.,False,False,neither,False,True,False,False,False,False
6594720fa43b97e09c261749,backward,ramp,reversed,blue,right,"Again, the cubes travelled farther on the blue ramp which is how I made my prediction.",True,False,ramp_feature,False,False,False,False,False,False
6594720fa43b97e09c261749,backward,ramp,reversed,red,right,I just guessed.,False,False,neither,False,True,False,False,False,False
60fda8f418c64ff072d22378,backward,cube,consistent,red,right,The red cube went farther than the black cube in the trials when on the same colored ramp.,False,True,cube_feature,False,False,False,False,False,True
60fda8f418c64ff072d22378,backward,cube,consistent,blue,right,The blue ramp moved the cubes farther than the yellow ramp in the trials.,True,False,ramp_feature,False,False,False,False,False,True
60fda8f418c64ff072d22378,backward,cube,reversed,blue,right,The blue ramp moved the cubes farther than the yellow ramp.,True,False,ramp_feature,False,False,False,False,False,False
60fda8f418c64ff072d22378,backward,cube,reversed,red,right,The red cube went farther than the black cube in the trials.,False,True,cube_feature,False,False,False,False,False,True
6692736dbc79e45d4826a73c,backward,ramp,consistent,red,left,"I factored in the color of the ramp, which is lighter than yellow.",True,False,ramp_feature,False,False,True,False,False,False
6692736dbc79e45d4826a73c,backward,ramp,consistent,blue,right,Blue is always ahead of yellow,True,False,ramp_feature,False,False,False,False,False,False
6692736dbc79e45d4826a73c,backward,ramp,reversed,blue,left,"The ramp is reversed, and the blue is always ahead of yellow.",True,False,ramp_feature,True,False,False,False,False,False
6692736dbc79e45d4826a73c,backward,ramp,reversed,black,left,Black always got ahead of red.,False,True,cube_feature,False,False,False,False,False,False
5df97cf6deea2b70989b6528,forward,cube,consistent,red,right,Red cubes always went further than black cubes. ,False,True,cube_feature,False,False,False,False,False,False
5df97cf6deea2b70989b6528,forward,cube,consistent,blue,right,I really did not know and just guessed on this one.,False,False,neither,False,True,False,False,False,False
5df97cf6deea2b70989b6528,forward,cube,reversed,red,left,Red cubes always went further than black cubes. ,False,True,cube_feature,False,False,False,False,False,False
5df97cf6deea2b70989b6528,forward,cube,reversed,blue,left,"I did not know, so I guessed. ",False,False,neither,False,True,False,False,False,False
66339cc7d05e27f34b2847cd,forward,ramp,consistent,blue,right,because they slide off,False,False,neither,False,False,True,False,False,False
66339cc7d05e27f34b2847cd,forward,ramp,consistent,black,left,they are close to the back,False,False,neither,False,False,False,False,False,False
66339cc7d05e27f34b2847cd,forward,ramp,reversed,red,left,they roll off,False,False,neither,False,False,True,False,False,False
66339cc7d05e27f34b2847cd,forward,ramp,reversed,blue,left,they roll off,False,False,neither,False,False,True,False,False,False
66391102d010c43cb8a792d2,backward,ramp,consistent,blue,right,Someone lifted the slender part of the ramp and the cubes rolled,False,False,neither,False,False,True,False,False,False
66391102d010c43cb8a792d2,backward,ramp,consistent,black,right,the slender end of the ramp was lifted,False,False,neither,False,False,False,False,False,False
66391102d010c43cb8a792d2,backward,ramp,reversed,red,right,the cubes rolled off the ramp,False,False,neither,False,False,True,False,False,False
66391102d010c43cb8a792d2,backward,ramp,reversed,blue,right,The cubes rolled off the ramp,False,False,neither,False,False,True,False,False,False
666cd244c4e9f0b3a060c2c7,backward,ramp,consistent,black,right,because they do not seem to be going fast,False,False,neither,False,False,False,False,False,False
666cd244c4e9f0b3a060c2c7,backward,ramp,consistent,yellow,right,they sit to high,False,False,neither,False,False,False,False,False,False
666cd244c4e9f0b3a060c2c7,backward,ramp,reversed,blue,left,they just look like they would end up like this ,False,False,neither,False,False,False,False,False,False
666cd244c4e9f0b3a060c2c7,backward,ramp,reversed,red,right,the will slide down slowly ,False,False,neither,False,False,True,False,False,False
662a83038907a650a3115282,forward,ramp,consistent,red,right,"If I am not mistaken, the red cubes travel farther than the black cubes.",False,True,cube_feature,False,False,False,False,False,False
662a83038907a650a3115282,forward,ramp,consistent,yellow,right,I estimated that the cubes may travel a shorter distance coming off the blue ramp.,True,False,ramp_feature,False,False,False,False,False,False
662a83038907a650a3115282,forward,ramp,reversed,red,left,"I thought the cubes would travel down the slope, with the red cube traveling a greater distance.",False,True,cube_feature,False,False,True,False,False,False
662a83038907a650a3115282,forward,ramp,reversed,blue,left,I estimated that the cube coming off the blue ramp would travel farther.,True,False,ramp_feature,False,False,False,False,False,False
65da3eea69d000ff2dab1e19,forward,cube,consistent,red,right,"Because with both cubes doing down an incline, both are not going to drop at the same time so the red one will move a few seconds first.",False,True,cube_feature,False,False,True,False,False,False
65da3eea69d000ff2dab1e19,forward,cube,consistent,blue,left,the cubes fell back due to force.,False,False,neither,False,False,True,False,False,False
65da3eea69d000ff2dab1e19,forward,cube,reversed,yellow,left,there is a incline so both cubes are going to go at different speeds.,False,False,neither,False,False,True,False,False,False
65da3eea69d000ff2dab1e19,forward,cube,reversed,black,left,both cubes are not going to move at the same speed.,False,False,neither,False,False,True,False,False,False
63ba10de73415d047e1d6731,backward,cube,consistent,yellow,left,Because the cubes are white,False,False,neither,False,False,False,False,False,False
63ba10de73415d047e1d6731,backward,cube,consistent,black,left,Because the cubes are red and black,False,True,cube_feature,False,False,False,False,False,False
63ba10de73415d047e1d6731,backward,cube,reversed,blue,right,because the cubes are facing the line,False,False,neither,False,False,False,True,False,False
63ba10de73415d047e1d6731,backward,cube,reversed,red,right,The cubes are red and black,False,True,cube_feature,False,False,False,False,False,False
6612c945cebe319d923b80f8,backward,cube,consistent,black,right,Because the black cube always goes further than the red cube. ,False,True,cube_feature,False,False,False,False,False,False
6612c945cebe319d923b80f8,backward,cube,consistent,yellow,right,The blue ramp makes cubes go a shorter distance than the yellow ramp.,True,False,ramp_feature,False,False,False,False,False,False
6612c945cebe319d923b80f8,backward,cube,reversed,black,left,"I think the cubes will go where the tip of the ramp is facing and as previously, the black cube always goes further than the red.",False,True,cube_feature,False,False,False,False,False,False
6612c945cebe319d923b80f8,backward,cube,reversed,yellow,left,"The same as the previous, i think the cubes will go where the tip of the ramps are facing. Also the yellow ramp makes the cube go a further distance than the blue.",True,False,ramp_feature,False,False,False,False,True,False
659808191190fc6e6c23a99f,backward,cube,consistent,red,right,I think the red cube goes further than the black cube,False,True,cube_feature,False,False,False,False,False,False
659808191190fc6e6c23a99f,backward,cube,consistent,yellow,right,I think the yellow ramp makes the cube go further,True,False,ramp_feature,False,False,False,False,False,False
659808191190fc6e6c23a99f,backward,cube,reversed,black,right,I think the black one goes backwards,False,True,cube_feature,False,False,False,False,False,False
659808191190fc6e6c23a99f,backward,cube,reversed,yellow,right,I think the yellow one make the cube go further,True,False,ramp_feature,False,False,False,False,False,False
65981895f5721958d1b0499a,forward,cube,consistent,blue,right,neither one would be to the right of the finish line so this option was the most accurate scenario,False,False,neither,False,False,False,True,False,False
65981895f5721958d1b0499a,forward,cube,consistent,black,right,The black cube is the closest to the right of the finish line,False,True,cube_feature,False,False,False,True,False,False
65981895f5721958d1b0499a,forward,cube,reversed,red,left,the ramp is facing a different direction,False,False,neither,True,False,False,False,False,False
65981895f5721958d1b0499a,forward,cube,reversed,blue,left,the ramp is facing a different direction,False,False,neither,True,False,False,False,False,False
60430fc782b5752a7ae8d797,backward,cube,consistent,black,right,Because the black usually went further than the red.,False,True,cube_feature,False,False,False,False,False,False
60430fc782b5752a7ae8d797,backward,cube,consistent,blue,right,I felt that the blue ramp usually had a block that went further.,True,False,ramp_feature,False,False,False,False,False,False
60430fc782b5752a7ae8d797,backward,cube,reversed,blue,left,I think the blue ramp has blocks that go further.,True,False,ramp_feature,False,False,False,False,False,False
60430fc782b5752a7ae8d797,backward,cube,reversed,black,left,Because black blocks generally go further.,False,True,cube_feature,False,False,False,False,False,False
6290c65ed46e5dce4f16bb92,forward,ramp,consistent,black,right,I assumed that the black cube would reach a further distance and that the grey ramp prevents the cubes from passing the finish line,True,True,both,False,False,False,True,False,False
6290c65ed46e5dce4f16bb92,forward,ramp,consistent,blue,right,I assumed that they yellow ramp prevents it's cube from passing the finish line and the blue ramp promotes a further reach,True,False,ramp_feature,False,False,False,True,False,False
6290c65ed46e5dce4f16bb92,forward,ramp,reversed,blue,left,the blue ramp promotes a further distance and both ramps are angles opposite of the finish line,True,False,ramp_feature,False,False,False,True,False,False
6290c65ed46e5dce4f16bb92,forward,ramp,reversed,black,left,I assumed the black cube would reach a greater distance,False,True,cube_feature,False,False,False,False,False,False
63cbd5095083beef0c8b1a7a,backward,ramp,consistent,black,right,i just followed my gut since it is hard to predict,False,False,neither,False,True,False,False,False,False
63cbd5095083beef0c8b1a7a,backward,ramp,consistent,yellow,right,i thought the green will go further ,True,False,ramp_feature,False,False,False,False,False,False
63cbd5095083beef0c8b1a7a,backward,ramp,reversed,black,left,i thought the black cube will go further,False,True,cube_feature,False,False,False,False,False,False
63cbd5095083beef0c8b1a7a,backward,ramp,reversed,blue,left,i followed my gut ,False,False,neither,False,True,False,False,False,False
56b8de29e1d0a200051517f8,backward,cube,consistent,red,right,Red cube would probably reach near the finish line and black cube would probably not get near regardless of the triangle colors.,False,True,cube_feature,False,False,False,True,False,False
56b8de29e1d0a200051517f8,backward,cube,consistent,yellow,left,I have no idea what the white cubes would do so I made a random guess.,False,True,cube_feature,False,True,False,False,False,False
56b8de29e1d0a200051517f8,backward,cube,reversed,blue,right,"I don't know what the white cubes would do, so I guessed randomly.",False,True,cube_feature,False,True,False,False,False,False
56b8de29e1d0a200051517f8,backward,cube,reversed,red,right,"The red cube would probably reach the line, the black cube won't.",False,True,cube_feature,False,False,False,True,False,False
665d12a2ff49fcf75675540c,forward,cube,consistent,red,right,"the cubes are of different weights .alternatively, they could collide after hitting the ground initially, thus reducing the momentum of one of them",False,False,neither,False,False,True,False,False,False
665d12a2ff49fcf75675540c,forward,cube,consistent,yellow,right,"assuming the cubes are of equal wait, it is possible they collide, ending up at two different distances. ",False,False,neither,False,False,True,False,False,False
665d12a2ff49fcf75675540c,forward,cube,reversed,red,left,cubes colliding or different weights,False,False,neither,False,False,False,False,False,False
665d12a2ff49fcf75675540c,forward,cube,reversed,blue,left,cubes colliding or different weights,False,False,neither,False,False,False,False,False,False
63e52483a88355a3a0ac62c5,forward,cube,consistent,black,right,"Based on what we've seen before, the black cube has more strength, so I assumed the black cube should go before the red one. And being together by force, they couldn't exceed the line.",False,True,cube_feature,False,False,True,True,False,False
63e52483a88355a3a0ac62c5,forward,cube,consistent,yellow,right,I don't trust the strength and momentum of the white cubes.,False,True,cube_feature,False,False,True,False,False,False
63e52483a88355a3a0ac62c5,forward,cube,reversed,blue,left,"Logically, the cubes would move in that direction but without much force.",False,False,neither,False,False,True,False,False,False
63e52483a88355a3a0ac62c5,forward,cube,reversed,black,left,The black cube has greater force and momentum than the red one.,False,True,cube_feature,False,False,True,False,False,False
662190146ef67bab626e48cb,backward,cube,consistent,red,left,They should roll backwards.,False,False,neither,False,False,True,False,False,False
662190146ef67bab626e48cb,backward,cube,consistent,blue,left,The cubes should roll down the ramp.,False,False,neither,False,False,True,False,False,False
662190146ef67bab626e48cb,backward,cube,reversed,yellow,left,Sometimes the cubes roll forward off the ramp.,False,False,neither,False,False,True,False,False,False
662190146ef67bab626e48cb,backward,cube,reversed,black,left,The red cube stayed on the right.,False,True,cube_feature,False,False,False,False,False,False
6632a3b5ee60e7692fd50a7a,backward,ramp,consistent,yellow,left,As I lift the block the cube would slide off the front.,False,False,neither,False,False,True,False,False,False
6632a3b5ee60e7692fd50a7a,backward,ramp,consistent,red,right,THe ramp is shorter so I dont think the cubes would slide off front but wont be pushed far to the right,False,False,neither,False,False,True,False,False,False
6632a3b5ee60e7692fd50a7a,backward,ramp,reversed,blue,right,As I lift the cubes will slide off with a small added push from the ramp,False,False,neither,False,False,True,False,False,False
6632a3b5ee60e7692fd50a7a,backward,ramp,reversed,black,right,THe cubes would slide off and be moved farther by lifting of cube,False,False,neither,False,False,True,False,False,False
62838cdc775f6094ddf0664b,backward,cube,consistent,red,right,"Red cube goes further than black cube, off a ramp. all instances shown of a ramp, regardless of color, go right",False,True,cube_feature,False,False,False,False,False,False
62838cdc775f6094ddf0664b,backward,cube,consistent,blue,right,blue ramp makes cube go farther I think. I can't remember. :( one of the two makes the cube go farther.,True,False,ramp_feature,False,False,False,False,False,False
62838cdc775f6094ddf0664b,backward,cube,reversed,red,left,Cubes always go off the ramp side in every example. red cube naturally goes further than black cube,False,True,cube_feature,False,False,False,False,False,False
62838cdc775f6094ddf0664b,backward,cube,reversed,yellow,left,blue ramp gives cube less push than yellow ramp,True,False,ramp_feature,False,False,False,False,False,False
6676e899ac9f7a837ad80737,backward,ramp,consistent,black,left,Because the color of the ramp is white and I feel like they would only go backwards,False,False,neither,False,False,False,False,False,False
6676e899ac9f7a837ad80737,backward,ramp,consistent,yellow,right,Because the yellow ramp makes the blocks go further,True,False,ramp_feature,False,False,False,False,False,False
6676e899ac9f7a837ad80737,backward,ramp,reversed,red,right,I'm not sure,False,False,neither,False,True,False,False,False,False
6676e899ac9f7a837ad80737,backward,ramp,reversed,yellow,left,Because the yellow ramp would make the block go further,True,False,ramp_feature,False,False,False,False,False,False
65f0e934012e6bc5f0ac6a17,forward,ramp,consistent,black,right,The black cube is heavier than the red. The slope of the white ramp is unknown though so I'm not 100% sure.,True,True,both,False,False,True,False,False,False
65f0e934012e6bc5f0ac6a17,forward,ramp,consistent,yellow,right,The yellow is steeper than the blue ramp,True,False,ramp_feature,False,False,False,False,False,False
65f0e934012e6bc5f0ac6a17,forward,ramp,reversed,black,left,The black cube is heavier than the red so I'm thinking momentum will have it launch father,False,True,cube_feature,False,False,True,False,False,False
65f0e934012e6bc5f0ac6a17,forward,ramp,reversed,yellow,left,Because the yellow slope is steeper than the blue.,True,False,ramp_feature,False,False,True,False,False,False
626976d0dfd20d6832fc92aa,backward,cube,consistent,blue,left,I thought that the white squares travelled downward away from the line and the blue ramp caused it to go further.,True,True,both,False,False,False,True,False,False
626976d0dfd20d6832fc92aa,backward,cube,consistent,red,right,I thought the red squares travelled upwards and met the finish line while the black squares travelled upwards but fell short of the line.,False,True,cube_feature,False,False,True,True,False,False
626976d0dfd20d6832fc92aa,backward,cube,reversed,blue,right,The white squares travel downwards and the blue ramp cause them to go further,True,True,both,False,False,False,False,False,False
626976d0dfd20d6832fc92aa,backward,cube,reversed,red,left,Both red and black squares travel upward but red goes further,False,True,cube_feature,False,False,False,False,False,False
6681626264589a3dbb6f2551,forward,cube,consistent,blue,right,"I think this will happen because, as I remember, the blocks traveled further on the yellow wedge than the blue (I selected the wrong response). Since the blocks are both white they have the same qualities. Both would not pass the line since they aren't red.",True,True,both,False,False,False,True,False,False
6681626264589a3dbb6f2551,forward,cube,consistent,red,right,"The ramps are both the same color, which make me believe they are the same conditions. Red made it past the finish line in all of the cases presented. I would assume that the red block would still travel the furthest out of all the block colors, even if the ramp conditions shift to more resistence ",False,True,cube_feature,False,False,False,True,False,False
6681626264589a3dbb6f2551,forward,cube,reversed,red,left,"Similar to the last question, both ramps are the same color and same conditions (assumed). Red travels further than black, and the ramp is facing away from the finish line",False,True,cube_feature,False,False,False,True,False,False
6681626264589a3dbb6f2551,forward,cube,reversed,yellow,left,"Yellow showed further distance for the blocks than blue did in the examples given previously. In my head, I think of Yellow having less friction/resistance while blue has more. The blocks are both the same color which makes me believe they have the same qualities. The block from the yellow ramp will travel further than the block from the blue ramp.",True,False,ramp_feature,False,False,True,False,False,False
5f85bcb11941de066ef7d941,backward,ramp,consistent,black,right,I thought the cubes would end up apart because they would slide down the ramp at different speeds.,False,False,neither,False,False,True,False,False,False
5f85bcb11941de066ef7d941,backward,ramp,consistent,blue,right,I thought the cubes would slide down the ramp and end up apart due to gravity pulling them at different speeds.,False,False,neither,False,False,True,False,False,False
5f85bcb11941de066ef7d941,backward,ramp,reversed,blue,right,I predicted the cubes would end up apart because gravity would pull them down the ramp.,False,False,neither,False,False,True,False,False,False
5f85bcb11941de066ef7d941,backward,ramp,reversed,black,left,I predicted the cubes would slide down the ramp and end up separated because gravity would cause them to move at different speeds.,False,False,neither,False,False,True,False,False,False
6627e1b9434a2e718ed099c2,forward,cube,consistent,blue,left,no color so they might go back further since the red cube didnt cross the finish line,False,True,cube_feature,False,False,False,True,False,False
6627e1b9434a2e718ed099c2,forward,cube,consistent,black,right,black cube usually hits the finish line and the red cube is the same distance it usually gets,False,True,cube_feature,False,False,False,True,False,False
6627e1b9434a2e718ed099c2,forward,cube,reversed,black,right,black cube always hits the finish line,False,True,cube_feature,False,False,False,True,False,False
6627e1b9434a2e718ed099c2,forward,cube,reversed,blue,left,no color so they dont make any positive forward moves,False,False,neither,False,False,False,False,False,False
665226461593afe79894c16c,backward,cube,consistent,red,right,"Red is lighter, travels farther",False,True,cube_feature,False,False,True,False,False,False
665226461593afe79894c16c,backward,cube,consistent,yellow,right,Yellow launches farther,True,False,ramp_feature,False,False,True,False,False,False
665226461593afe79894c16c,backward,cube,reversed,yellow,right,This one was a guess,False,False,neither,False,True,False,False,False,False
665226461593afe79894c16c,backward,cube,reversed,black,right,"Black is heavier, slides farther",False,True,cube_feature,False,False,True,False,False,False
66058651f9c5fb6a8dba7633,forward,cube,consistent,blue,right,"I just guessed, because I had no information about white cubes.",False,True,cube_feature,False,True,False,False,False,False
66058651f9c5fb6a8dba7633,forward,cube,consistent,black,right,The black cube always went further than the red cube.,False,True,cube_feature,False,False,False,False,False,False
66058651f9c5fb6a8dba7633,forward,cube,reversed,black,left,"Again, the black cube always goes farther than the red one.",False,True,cube_feature,False,False,False,False,False,False
66058651f9c5fb6a8dba7633,forward,cube,reversed,yellow,right,"I also guessed this, because I had no prior information about white cubes.",False,True,cube_feature,False,True,False,False,False,False
601c1f550370f34ec49ab0b6,backward,ramp,consistent,black,right,The black cube should travel farther than the red one,False,True,cube_feature,False,False,False,False,False,False
601c1f550370f34ec49ab0b6,backward,ramp,consistent,blue,right,"I took my best guess, I assumed the colors of the shape matter when it comes to where the cubes end up.",False,False,neither,False,True,False,False,False,False
601c1f550370f34ec49ab0b6,backward,ramp,reversed,blue,left,The cubes would go to the left because the shapes have switched sides ,False,False,neither,True,False,False,False,False,False
601c1f550370f34ec49ab0b6,backward,ramp,reversed,black,left,the black cube should be farther than the red,False,True,cube_feature,False,False,False,False,False,False
5bef64b373e44f0001092811,forward,ramp,consistent,black,right,The black blocks move further,False,True,cube_feature,False,False,False,False,False,False
5bef64b373e44f0001092811,forward,ramp,consistent,blue,right,the yellow ramps are slower,True,False,ramp_feature,False,False,False,False,False,False
5bef64b373e44f0001092811,forward,ramp,reversed,blue,left,The yellow ramps are slower,True,False,ramp_feature,False,False,False,False,False,False
5bef64b373e44f0001092811,forward,ramp,reversed,black,left,The black blocks are faster,False,True,cube_feature,False,False,False,False,False,False
6686d1e939accbf766c54889,forward,cube,consistent,yellow,right,The way they would roll would probably make them bounce off each other. ,False,False,neither,False,False,True,False,False,False
6686d1e939accbf766c54889,forward,cube,consistent,black,right,They would probably hit while rolling down. ,False,False,neither,False,False,True,False,False,False
6686d1e939accbf766c54889,forward,cube,reversed,black,left,They would probably hit while rolling down.,False,False,neither,False,False,True,False,False,False
6686d1e939accbf766c54889,forward,cube,reversed,yellow,left,The base is pretty steep.,False,False,neither,False,False,True,False,False,False
615de5ffd3c522eef3c49556,backward,ramp,consistent,blue,right,just a guess,False,False,neither,False,True,False,False,False,False
615de5ffd3c522eef3c49556,backward,ramp,consistent,red,right,a hunch,False,False,neither,False,True,False,False,False,False
615de5ffd3c522eef3c49556,backward,ramp,reversed,black,right,a hunch,False,False,neither,False,True,False,False,False,False
615de5ffd3c522eef3c49556,backward,ramp,reversed,blue,right,the white cubes usually go that far,False,True,cube_feature,False,False,False,False,False,False
655b6d4f57ae1636c0b4f647,forward,cube,consistent,red,right,The red block was going farther than the black one.,False,True,cube_feature,False,False,False,False,False,False
655b6d4f57ae1636c0b4f647,forward,cube,consistent,blue,right,The blue ramp seemed to go farther than the yellow.,True,False,ramp_feature,False,False,False,False,False,False
655b6d4f57ae1636c0b4f647,forward,cube,reversed,red,left,The red block goes farther than the black.,False,True,cube_feature,False,False,False,False,False,False
655b6d4f57ae1636c0b4f647,forward,cube,reversed,blue,left,The blocks that slid down the blue ramp went farther.,True,False,ramp_feature,False,False,True,False,False,False
666b59f95861737274e65238,forward,ramp,consistent,red,right,I think that the red cube traveled further than the black in the previous examples.,False,True,cube_feature,False,False,False,False,False,True
666b59f95861737274e65238,forward,ramp,consistent,blue,right,The cubes went further when they started on the blue ramp than the yellow.,True,False,ramp_feature,False,False,False,False,False,False
666b59f95861737274e65238,forward,ramp,reversed,blue,left,The cubes went further when they started on the blue ramp rather than the yellow.,True,False,ramp_feature,False,False,False,False,False,False
666b59f95861737274e65238,forward,ramp,reversed,red,left,I think that the red cube traveled further than the black cube.,False,True,cube_feature,False,False,False,False,False,False
665dea36cb807df733a7fc16,backward,cube,consistent,yellow,right,I used my instincts,False,False,neither,False,True,False,False,False,False
665dea36cb807df733a7fc16,backward,cube,consistent,red,right,I used my instincts to predict,False,False,neither,False,True,False,False,False,False
665dea36cb807df733a7fc16,backward,cube,reversed,yellow,left,because they are both facing the opposite direction of the finish line,False,False,neither,True,False,False,True,False,False
665dea36cb807df733a7fc16,backward,cube,reversed,red,right,I used instincts,False,False,neither,False,True,False,False,False,False
664fa6197cd2ac12ab45da27,forward,ramp,consistent,yellow,right,I think the yellow ramp gives the cube more distance than the blue ramp,True,False,ramp_feature,False,False,False,False,False,False
664fa6197cd2ac12ab45da27,forward,ramp,consistent,red,right,I honestly have no idea. I just didn't think that either would make it across the finish line; I didn't know which cube would make it further.,False,False,neither,False,True,False,True,False,False
664fa6197cd2ac12ab45da27,forward,ramp,reversed,black,left,"I think that I remember seeing the gray cube go further than the red one? I'm not sure, though; I just paid attention to whether the cube made it across the finish line or not.",False,True,cube_feature,False,True,False,True,False,False
664fa6197cd2ac12ab45da27,forward,ramp,reversed,yellow,left,The yellow ramp makes the cube go further.,True,False,ramp_feature,False,False,False,False,False,False
628b94feb32e85fd0b5090b6,backward,cube,consistent,blue,left,I supposed that they'd slide back due to gravity.,False,False,neither,False,False,True,False,False,False
628b94feb32e85fd0b5090b6,backward,cube,consistent,red,right,I imagined them being propelled in some way.,False,False,neither,False,False,False,False,False,False
628b94feb32e85fd0b5090b6,backward,cube,reversed,red,right,I imagined them sliding down due to gravity.,False,False,neither,False,False,True,False,False,False
628b94feb32e85fd0b5090b6,backward,cube,reversed,yellow,right,I imagined that they'd slide due to gravity.,False,False,neither,False,False,True,False,False,False
60a6c56078f621f94674763f,backward,ramp,consistent,yellow,right,Yellow ramp goes farther than blue,True,False,ramp_feature,False,False,False,False,False,False
60a6c56078f621f94674763f,backward,ramp,consistent,black,right,I think black cube went farther than red,False,True,cube_feature,False,False,False,False,False,False
60a6c56078f621f94674763f,backward,ramp,reversed,yellow,left,Yellow goes farther than blue,True,False,ramp_feature,False,False,False,False,False,False
60a6c56078f621f94674763f,backward,ramp,reversed,black,left,Black goes farther than red,False,True,cube_feature,False,False,False,False,False,False
663e5e89d602aa442c7b2845,forward,ramp,consistent,red,right,because it seems the red has more mass than the black all things been equal,False,True,cube_feature,False,False,True,False,False,False
663e5e89d602aa442c7b2845,forward,ramp,consistent,yellow,right,the yellow ramp is more sloppy as it seems to propel the cubes further,True,False,ramp_feature,False,False,False,False,False,False
663e5e89d602aa442c7b2845,forward,ramp,reversed,black,left,the red cube is lighter in the opposite direction,False,True,cube_feature,True,False,True,False,False,False
663e5e89d602aa442c7b2845,forward,ramp,reversed,yellow,left,the yellow ramp is sloppier and propels the cube further,True,False,ramp_feature,False,False,False,False,False,False
657b19dde82046cd1c239c0a,backward,cube,consistent,black,right,The previous experiment showed the black had past the line than the red.,False,True,cube_feature,False,False,False,True,False,False
657b19dde82046cd1c239c0a,backward,cube,consistent,blue,right,I'm not sure.,False,False,neither,False,True,False,False,False,False
657b19dde82046cd1c239c0a,backward,cube,reversed,black,right,The previous experiment showed the black cube went further than the red cube.,False,True,cube_feature,False,False,False,False,False,False
657b19dde82046cd1c239c0a,backward,cube,reversed,blue,right,Previous experiment showed the cube with the yellow ramp did not go far compared to the blue ramp.,True,False,ramp_feature,False,False,False,False,False,False
667c6a1e2cc21dfa81521fb0,forward,cube,consistent,black,right,"I felt like I didn't have enough information to know based on the previous information I had, so I just took a guess.",False,False,neither,False,True,False,False,False,True
667c6a1e2cc21dfa81521fb0,forward,cube,consistent,blue,right,"I feel like I didn't have enough information, so I just took a guess.",False,False,neither,False,True,False,False,False,False
667c6a1e2cc21dfa81521fb0,forward,cube,reversed,red,right,"I feel like I didn't have enough information to know, so I took a guess.",False,False,neither,False,True,False,False,False,False
667c6a1e2cc21dfa81521fb0,forward,cube,reversed,blue,right,"I feel like I didn't have enough information to know, so I took a guess.",False,False,neither,False,True,False,False,False,False
664d031e39f59ffa82289b1a,forward,cube,consistent,black,right,They were going to roll down the platform.,False,False,neither,False,False,True,False,False,False
664d031e39f59ffa82289b1a,forward,cube,consistent,blue,right,I felt they would roll down and collide with each other a little.,False,False,neither,False,False,True,False,False,False
664d031e39f59ffa82289b1a,forward,cube,reversed,yellow,left,I felt they would roll down quite a bit from being placed at the top. ,False,False,neither,False,False,True,False,False,False
664d031e39f59ffa82289b1a,forward,cube,reversed,red,left,They would roll down the platform.,False,False,neither,False,False,True,False,False,False
602a13fccbf50263cf3985de,forward,ramp,consistent,blue,right,It looks like it would,False,False,neither,False,False,False,False,False,False
602a13fccbf50263cf3985de,forward,ramp,consistent,red,right,I trusted my intuion,False,False,neither,False,True,False,False,False,False
602a13fccbf50263cf3985de,forward,ramp,reversed,yellow,left,I trusted my intuition and it looks like it would,False,False,neither,False,True,False,False,False,False
602a13fccbf50263cf3985de,forward,ramp,reversed,black,left,It looks like it would,False,False,neither,False,False,False,False,False,False
5dc8bc757d735061e97c89c1,backward,cube,consistent,blue,right,"Honestly, I am guessing on these",False,False,neither,False,True,False,False,False,False
5dc8bc757d735061e97c89c1,backward,cube,consistent,red,right,I guessed,False,False,neither,False,True,False,False,False,False
5dc8bc757d735061e97c89c1,backward,cube,reversed,black,left,I guessed,False,False,neither,False,True,False,False,False,False
5dc8bc757d735061e97c89c1,backward,cube,reversed,blue,left,I guessed,False,False,neither,False,True,False,False,False,False
63d432e27555fb4b5785cfcd,forward,ramp,consistent,blue,right,the cube on the blue ramp usually goes farther than the cube on the yellow ramp. ,True,False,ramp_feature,False,False,False,False,False,False
63d432e27555fb4b5785cfcd,forward,ramp,consistent,red,right,this was just a guess since i had no insight into the white ramp's outcomes. ,True,False,ramp_feature,False,True,False,False,False,False
63d432e27555fb4b5785cfcd,forward,ramp,reversed,black,left,"again, a guess. the ramp sloped left, so i figured they would roll that way. ",False,False,neither,False,True,True,False,False,False
63d432e27555fb4b5785cfcd,forward,ramp,reversed,yellow,left,"i thought they would roll that way since it's the way the ramp was sloped, but also know the blue ramp usually travels farther right ",True,False,ramp_feature,False,False,True,False,False,False
62cec3cb41e7c7bf53ff6191,backward,cube,consistent,yellow,right,far cube ricocheted off the other,False,False,neither,False,False,False,False,False,False
62cec3cb41e7c7bf53ff6191,backward,cube,consistent,black,right,same,False,False,neither,False,False,False,False,False,False
62cec3cb41e7c7bf53ff6191,backward,cube,reversed,red,right,"red made an extra rotation, didn't slide straight down",False,True,cube_feature,False,False,True,False,False,False
62cec3cb41e7c7bf53ff6191,backward,cube,reversed,yellow,right,same as one before,False,False,neither,False,False,False,False,True,False
66428cb64bdaf7f5f64e51f2,forward,cube,consistent,blue,right,Not sure,False,False,neither,False,True,False,False,False,False
66428cb64bdaf7f5f64e51f2,forward,cube,consistent,red,right,Because the black cube didn't make it past the line in the previous trails,False,True,cube_feature,False,False,False,True,False,False
66428cb64bdaf7f5f64e51f2,forward,cube,reversed,red,left,Same as before so the black cube would fall closer,False,True,cube_feature,False,False,True,False,True,False
66428cb64bdaf7f5f64e51f2,forward,cube,reversed,blue,left,Not sure,False,False,neither,False,True,False,False,False,False
65e530a3297ead448fe89234,backward,ramp,consistent,yellow,right,"I just think from the previous encounters with these ramp blocks, that this is where they would end up.",False,False,neither,False,False,False,False,False,True
65e530a3297ead448fe89234,backward,ramp,consistent,red,right,I think this is where the blocks would land from past encounters with the black and red blocks.,False,True,cube_feature,False,False,False,False,False,True
65e530a3297ead448fe89234,backward,ramp,reversed,red,right,"The ramp being backwards has no impact to me, I was just looking at the red and black blocks.",False,True,cube_feature,False,False,False,False,False,False
65e530a3297ead448fe89234,backward,ramp,reversed,blue,right,"This was really just a guess for this one.  I ramps are backwards which I didn't really put any weight into, and then since the blocks are colored I figured this might be how they end up.",False,False,neither,False,True,True,False,False,False
5a381de00006450001bf2691,backward,cube,consistent,black,right,The black cube should go further,False,True,cube_feature,False,False,False,False,False,False
5a381de00006450001bf2691,backward,cube,consistent,blue,right,I think the blue ramp was faster,True,False,ramp_feature,False,False,False,False,False,False
5a381de00006450001bf2691,backward,cube,reversed,black,left,"If they're going up the ramp, the black cube should go further",False,True,cube_feature,False,False,False,False,False,False
5a381de00006450001bf2691,backward,cube,reversed,blue,left,"If they're going up the ramp, I think the blue ramp was the faster one",True,False,ramp_feature,False,False,False,False,False,False
58350bfe8f7d460001e8ba7f,forward,ramp,consistent,black,right,the ramp block had blue properties,True,False,ramp_feature,False,False,False,False,False,False
58350bfe8f7d460001e8ba7f,forward,ramp,consistent,yellow,right,the block on the yellow ramp had red properties,True,True,both,False,False,False,False,False,False
58350bfe8f7d460001e8ba7f,forward,ramp,reversed,black,left,the ramp has blue properties,True,False,ramp_feature,False,False,False,False,False,False
58350bfe8f7d460001e8ba7f,forward,ramp,reversed,yellow,left,"the cube that got farther had black properties, the other had red",False,True,cube_feature,False,False,False,False,False,False
668c88b07b2178a2ead02f1f,forward,ramp,consistent,black,right,Seems the red cube doesnt travel as far as the black ,False,True,cube_feature,False,False,False,False,False,False
668c88b07b2178a2ead02f1f,forward,ramp,consistent,yellow,right,yellow side seems to send the squares further,True,False,ramp_feature,False,False,False,False,False,False
668c88b07b2178a2ead02f1f,forward,ramp,reversed,black,left,"Black seems to go farther

",False,True,cube_feature,False,False,False,False,False,False
668c88b07b2178a2ead02f1f,forward,ramp,reversed,yellow,left,yellow side seems to move the square further,True,False,ramp_feature,False,False,False,False,False,False
5e90d6e24e0cfb0d2b8006c0,backward,cube,consistent,red,right,It's on the heavier side of the block,False,False,neither,False,False,True,False,False,False
5e90d6e24e0cfb0d2b8006c0,backward,cube,consistent,yellow,right,"Same reason, it's on the heavier side.",False,False,neither,False,False,True,False,True,False
5e90d6e24e0cfb0d2b8006c0,backward,cube,reversed,red,right,I guessed.,False,False,neither,False,True,False,False,False,False
5e90d6e24e0cfb0d2b8006c0,backward,cube,reversed,yellow,right,Also Guessed,False,False,neither,False,True,False,False,False,False
6669c002bf19235ea7aed1cf,backward,ramp,consistent,black,right,The black cube goes farther.,False,True,cube_feature,False,False,False,False,False,False
6669c002bf19235ea7aed1cf,backward,ramp,consistent,blue,right,The blue triangle moves the cubes farther.,True,False,ramp_feature,False,False,False,False,False,False
6669c002bf19235ea7aed1cf,backward,ramp,reversed,blue,left,The triangles are facing the opposite side and the blue triangle pushes them further.,True,False,ramp_feature,True,False,False,False,False,False
6669c002bf19235ea7aed1cf,backward,ramp,reversed,black,left,The black triangle goes further.,False,True,cube_feature,False,False,False,False,False,False
64db80772c860983ea3a7310,backward,cube,consistent,blue,left,It seems the most logical ,False,False,neither,False,False,False,False,False,False
64db80772c860983ea3a7310,backward,cube,consistent,black,left,The distance seems most logical ,False,False,neither,False,False,False,False,False,False
64db80772c860983ea3a7310,backward,cube,reversed,black,left,It seems reasonable ,False,False,neither,False,False,False,False,False,False
64db80772c860983ea3a7310,backward,cube,reversed,yellow,right,I had a good guess ,False,False,neither,False,True,False,False,False,False
5e1974bcdb54d72191658210,backward,cube,consistent,yellow,right,"Frankly, I'm not sure. It's just the image I felt was correct.",False,False,neither,False,True,False,False,False,False
5e1974bcdb54d72191658210,backward,cube,consistent,red,right,"Again, I'm not sure. I just felt like the image was correct. ",False,False,neither,False,True,False,False,False,False
5e1974bcdb54d72191658210,backward,cube,reversed,red,right,"Well, I thought they would slide down instead of hop over. But other than that, I didn't think much about it.",False,False,neither,False,False,True,False,False,False
5e1974bcdb54d72191658210,backward,cube,reversed,blue,right,I thought they would slide down because the slides are facing a different way.,False,False,neither,False,False,True,False,False,False
5c78b032419dcc0014119082,forward,cube,consistent,yellow,right,Because I assumed they wouldn't end up in the same places and one will go further than the other one,False,False,neither,False,False,False,False,False,False
5c78b032419dcc0014119082,forward,cube,consistent,red,right,Because the red one usually goes further than the black one ,False,True,cube_feature,False,False,False,False,False,False
5c78b032419dcc0014119082,forward,cube,reversed,red,left,Because the red cube always ends up further than the black cube,False,True,cube_feature,False,False,False,False,False,False
5c78b032419dcc0014119082,forward,cube,reversed,blue,left,"I predicted that, as always, one cube will end up further than the other one, they usually don't end up in the same place",False,False,neither,False,False,False,False,False,False
663a8f9f3af5cb5bd42cecb1,backward,cube,consistent,black,right,THE BLACK CUBE IS MORE LIKELY TO END UP FURTHER THAN THE DUE TO THE PATTERNS I OBSERVED IN THE PREVIOUS IMAGES SHOWN TO ME. IN THE PREVIOUS IMAGES AND ANSWERS BLACK ALWAYS GOES FURTHER THAN BLACK ,False,True,cube_feature,False,False,False,False,False,True
663a8f9f3af5cb5bd42cecb1,backward,cube,consistent,yellow,right,THE YELLOW PLATFORM ALWAYS PROPELS THE CUBE FURTHER THAN THE BLUE ,True,False,ramp_feature,False,False,False,False,False,False
663a8f9f3af5cb5bd42cecb1,backward,cube,reversed,black,left,BLACK CUBE GOES FARTHER THAN THE RED CUBE AS SEEN IN PREVIOUS EXAMPLES,False,True,cube_feature,False,False,False,False,False,True
663a8f9f3af5cb5bd42cecb1,backward,cube,reversed,yellow,left,THE YELLOW PLATFORM LAUNCHES THE CUBES FAR MORE THAN THE BLUE PLATFORM AS SEEN IN PREVIOUS EXAMPLES,True,False,ramp_feature,False,False,True,False,False,True
6675f24bcb842d50b7d19724,backward,cube,consistent,red,right,Because of the color,False,False,neither,False,False,False,False,False,False
6675f24bcb842d50b7d19724,backward,cube,consistent,blue,right,The colors,False,False,neither,False,False,False,False,False,False
6675f24bcb842d50b7d19724,backward,cube,reversed,yellow,right,Because of the color,False,False,neither,False,False,False,False,False,False
6675f24bcb842d50b7d19724,backward,cube,reversed,red,right,the color,False,False,neither,False,False,False,False,False,False
664b304f47854ec59355d0dd,backward,cube,consistent,yellow,left,The white cubes may be too heavy to launch and roll down the slope instead,False,True,cube_feature,False,False,True,False,False,False
664b304f47854ec59355d0dd,backward,cube,consistent,red,right,"The red cube has been shown to be lighter, so the red cube would be ahead of the black cube",False,True,cube_feature,False,False,True,False,False,False
664b304f47854ec59355d0dd,backward,cube,reversed,blue,right,The white cubes rolled in the direction the slope is facing.,False,True,cube_feature,False,False,True,False,False,False
664b304f47854ec59355d0dd,backward,cube,reversed,red,right,"The cubes rolled down the slope and since the red is lighter, they rolled further",False,True,cube_feature,False,False,True,False,False,False
5ef32f0aeb0c9103d56a8558,backward,cube,consistent,blue,right,Based on the previous results. ,False,False,neither,False,False,False,False,False,True
5ef32f0aeb0c9103d56a8558,backward,cube,consistent,red,right,Based on previous results on how the different cubes moved,False,False,neither,False,False,False,False,False,True
5ef32f0aeb0c9103d56a8558,backward,cube,reversed,red,left,Based on previous results on how the ramps made the cubes move. ,False,False,neither,False,False,False,False,False,True
5ef32f0aeb0c9103d56a8558,backward,cube,reversed,blue,left,Based on the previous results of how the ramps and cubes moved. ,False,False,neither,False,False,False,False,False,True
6676098194c5426a29d80ff3,backward,cube,consistent,black,right,the black cube goes further than the red cube.,False,True,cube_feature,False,False,False,False,False,False
6676098194c5426a29d80ff3,backward,cube,consistent,yellow,right,It seemed the most correct ,False,False,neither,False,False,False,False,False,False
6676098194c5426a29d80ff3,backward,cube,reversed,blue,left,Im not sure,False,False,neither,False,True,False,False,False,False
6676098194c5426a29d80ff3,backward,cube,reversed,black,left,Black goes further than red,False,True,cube_feature,False,False,False,False,False,False
662feef92fff86ddfb5232a3,forward,ramp,consistent,black,right,I think I remember the black cube going further than the red,False,True,cube_feature,False,False,False,False,False,False
662feef92fff86ddfb5232a3,forward,ramp,consistent,blue,right,becasuse the cube on the blue ramp always went further,True,False,ramp_feature,False,False,False,False,False,False
662feef92fff86ddfb5232a3,forward,ramp,reversed,blue,left,because the cube on the blue ramp always went further,True,False,ramp_feature,False,False,False,False,False,False
662feef92fff86ddfb5232a3,forward,ramp,reversed,red,left,I just took a guess because I didn't know,False,False,neither,False,True,False,False,False,False
65957b97896708cd25109c8b,forward,ramp,consistent,red,right,Based on past cube results it just seems like the correct prediction,False,False,neither,False,False,False,False,False,True
65957b97896708cd25109c8b,forward,ramp,consistent,blue,right,Just based on past predictions it makes more sense.,False,False,neither,False,False,False,False,False,True
65957b97896708cd25109c8b,forward,ramp,reversed,black,left,Unsure,False,False,neither,False,True,False,False,False,False
65957b97896708cd25109c8b,forward,ramp,reversed,blue,left,Unsure,False,False,neither,False,True,False,False,False,False
64345edc0fd9813bdd9ef181,backward,cube,consistent,yellow,right,Just a guess,False,False,neither,False,True,False,False,False,False
64345edc0fd9813bdd9ef181,backward,cube,consistent,red,right,Just a guess,False,False,neither,False,True,False,False,False,False
64345edc0fd9813bdd9ef181,backward,cube,reversed,black,left,Just a guess,False,False,neither,False,True,False,False,False,False
64345edc0fd9813bdd9ef181,backward,cube,reversed,yellow,left,Just a guess,False,False,neither,False,True,False,False,False,False
65cb6fdbf0ca3606c22b9eb7,backward,cube,consistent,red,right,The red goes further than black.,False,True,cube_feature,False,False,False,False,False,False
65cb6fdbf0ca3606c22b9eb7,backward,cube,consistent,blue,right,The blue ramp makes the cube go further than yellow,True,False,ramp_feature,False,False,False,False,False,False
65cb6fdbf0ca3606c22b9eb7,backward,cube,reversed,blue,right,I wasn't sure so I guessed,False,False,neither,False,True,False,False,False,False
65cb6fdbf0ca3606c22b9eb7,backward,cube,reversed,red,left,I wasn't sure so I guessed again,False,False,neither,False,True,False,False,False,False
665dad37740a458b78ae5c71,backward,ramp,consistent,yellow,right,Because blue triangle releases cube at a lower rate,True,False,ramp_feature,False,False,False,False,False,False
665dad37740a458b78ae5c71,backward,ramp,consistent,red,right,Red cube went further in previous ones,False,True,cube_feature,False,False,False,False,False,False
665dad37740a458b78ae5c71,backward,ramp,reversed,blue,right,Guessed on this one,False,False,neither,False,True,False,False,False,False
665dad37740a458b78ae5c71,backward,ramp,reversed,red,right,Red cube goes farther in previous examples,False,True,cube_feature,False,False,False,False,False,True
5c223d4a4a7e1f000137e5b9,forward,ramp,consistent,red,right,because they are going to move down the ramp and I just think that the red will go further,False,True,cube_feature,False,False,False,False,False,False
5c223d4a4a7e1f000137e5b9,forward,ramp,consistent,yellow,right,I think that the cube on the yellow ramp will go further because it did before and they will both go down the ramp because that makes sense,True,False,ramp_feature,False,False,False,False,False,False
5c223d4a4a7e1f000137e5b9,forward,ramp,reversed,yellow,left,I think that the cubes will go down the ramp and I think that the yellow will go further because it did before,True,False,ramp_feature,False,False,False,False,False,False
5c223d4a4a7e1f000137e5b9,forward,ramp,reversed,black,left,the cubes will go down the ramp and I just guessed that the black would make it further than the red,False,True,cube_feature,False,True,False,False,False,False
663fd4d1ba4f382b5bab924e,forward,cube,consistent,blue,right,i feel the cube on the blue object is a bit higher than the one on the yellow one,True,False,ramp_feature,False,False,False,False,False,False
663fd4d1ba4f382b5bab924e,forward,cube,consistent,red,right,both are not high enough to cross,False,False,neither,False,False,False,False,False,False
663fd4d1ba4f382b5bab924e,forward,cube,reversed,red,left,it cant slide to the opposite direction,False,False,neither,True,False,True,False,False,False
663fd4d1ba4f382b5bab924e,forward,cube,reversed,yellow,left,cube on yellow is higher than the one on blue,True,False,ramp_feature,False,False,False,False,False,False
6671e8d43b2c0d6dfe15ecee,backward,ramp,consistent,red,right,Both of the cubes cant land in the exact same spot.,False,False,neither,False,False,False,False,False,False
6671e8d43b2c0d6dfe15ecee,backward,ramp,consistent,yellow,right,The weight of the cubes made them land there.,False,False,neither,False,False,True,False,False,False
6671e8d43b2c0d6dfe15ecee,backward,ramp,reversed,blue,left,The cubes always land on that side of the triangles.,False,False,neither,False,False,False,False,False,False
6671e8d43b2c0d6dfe15ecee,backward,ramp,reversed,red,left,Im not sure,False,False,neither,False,True,False,False,False,False
668159ce8b60de379354b0ee,forward,cube,consistent,red,right,Because the cube was facing the right,False,False,neither,True,False,False,False,False,False
668159ce8b60de379354b0ee,forward,cube,consistent,blue,right,Because the cube was facing right,False,False,neither,True,False,False,False,False,False
668159ce8b60de379354b0ee,forward,cube,reversed,yellow,left,Because the cube was facing the left,False,False,neither,True,False,False,False,False,False
668159ce8b60de379354b0ee,forward,cube,reversed,red,left,Because the cube was facing left,False,False,neither,True,False,False,False,False,False
6682a3860d01cd91ebd35d11,backward,ramp,consistent,yellow,right,The yellow triangle has shown to launch the black and red cube farther.,True,True,both,False,False,True,False,False,False
6682a3860d01cd91ebd35d11,backward,ramp,consistent,black,left,The triangles are not blue and yellow so I thought it might slight the other direction.,True,False,ramp_feature,False,False,False,False,False,False
6682a3860d01cd91ebd35d11,backward,ramp,reversed,yellow,left,the yellow will likely launch its cube farther.,True,False,ramp_feature,False,False,True,False,False,False
6682a3860d01cd91ebd35d11,backward,ramp,reversed,black,right,slide the other direction bc unknown color of the triangles and black cube has shown to have always gone farther,False,True,cube_feature,False,False,True,False,False,False
6630ee41c60c303b0b51fd22,backward,ramp,consistent,black,left,"Starting at the top of the ramp and slides down, black further than red",False,True,cube_feature,False,False,True,False,False,False
6630ee41c60c303b0b51fd22,backward,ramp,consistent,yellow,left,"Same as previous, start at top of ramp but yellow yields further results",True,False,ramp_feature,False,False,False,False,True,False
6630ee41c60c303b0b51fd22,backward,ramp,reversed,black,right,"Same thing as previous, black goes further than red",False,True,cube_feature,False,False,False,False,True,False
6630ee41c60c303b0b51fd22,backward,ramp,reversed,yellow,right,Yellow ramp yields further results than blue,True,False,ramp_feature,False,False,False,False,False,False
65d9e4a3504a6a75a4d6a07b,forward,ramp,consistent,red,right,the red cube always goes farther,False,True,cube_feature,False,False,False,False,False,False
65d9e4a3504a6a75a4d6a07b,forward,ramp,consistent,blue,right,"the cube on the blue ramp always goes farther
",True,False,ramp_feature,False,False,False,False,False,False
65d9e4a3504a6a75a4d6a07b,forward,ramp,reversed,red,left,"the red cube always goes farther
",False,True,cube_feature,False,False,False,False,False,False
65d9e4a3504a6a75a4d6a07b,forward,ramp,reversed,blue,left,the cube on the blue ramp always goes farher,True,False,ramp_feature,False,False,False,False,False,False
58effc65c31d4d00015aa5b9,forward,ramp,consistent,blue,right,just a best guess,False,False,neither,False,True,False,False,False,False
58effc65c31d4d00015aa5b9,forward,ramp,consistent,red,right,best guess,False,False,neither,False,True,False,False,False,False
58effc65c31d4d00015aa5b9,forward,ramp,reversed,black,left,best guess,False,False,neither,False,True,False,False,False,False
58effc65c31d4d00015aa5b9,forward,ramp,reversed,blue,left,best guess,False,False,neither,False,True,False,False,False,False
668810c0faefd59a813116d1,forward,ramp,consistent,black,right,The black cube goes further than the red. ,False,True,cube_feature,False,False,False,False,False,False
668810c0faefd59a813116d1,forward,ramp,consistent,yellow,right,The cube on the yellow ramp goes further than the cube on the blue ramp.,True,False,ramp_feature,False,False,False,False,False,False
668810c0faefd59a813116d1,forward,ramp,reversed,red,left,The red cube travels further than the black. ,False,True,cube_feature,False,False,False,False,False,False
668810c0faefd59a813116d1,forward,ramp,reversed,yellow,left,The cube on the yellow ramp travels further than the cube on the blue ramp.,True,False,ramp_feature,False,False,False,False,False,False
656003dc8bea916cc4815b0a,forward,cube,consistent,black,right,Because black always gets further than red.,False,True,cube_feature,False,False,False,False,False,False
656003dc8bea916cc4815b0a,forward,cube,consistent,blue,right,I guessed the one on blue would make it farther because of the previous images. Blue just looked like it always would go farther. I don't know.,True,False,ramp_feature,False,True,False,False,False,True
656003dc8bea916cc4815b0a,forward,cube,reversed,black,left,They are supposed to fall in the direction of the slope and black always makes it further than red.,False,True,cube_feature,False,False,True,False,False,False
656003dc8bea916cc4815b0a,forward,cube,reversed,blue,left,"I'm sticking to blue being superior to yellow. Also, it's going to slide in the direction of the slope.",True,False,ramp_feature,False,False,True,False,False,False
655e0c6c61efd0725ff03cd3,forward,cube,consistent,yellow,right,not sure,False,False,neither,False,True,False,False,False,False
655e0c6c61efd0725ff03cd3,forward,cube,consistent,red,right,just a guess,False,False,neither,False,True,False,False,False,False
655e0c6c61efd0725ff03cd3,forward,cube,reversed,black,left,just a guess,False,False,neither,False,True,False,False,False,False
655e0c6c61efd0725ff03cd3,forward,cube,reversed,yellow,left,just a guess,False,False,neither,False,True,False,False,False,False
6672173cc06623d0d57ade99,forward,cube,consistent,red,right,Because the red cube always landed further than the black,False,True,cube_feature,False,False,False,False,False,False
6672173cc06623d0d57ade99,forward,cube,consistent,yellow,right,Because the blue was always behind the yellow,True,False,ramp_feature,False,False,False,False,False,False
6672173cc06623d0d57ade99,forward,cube,reversed,blue,left,"Because the blue was always ahead of the yellow
",True,False,ramp_feature,False,False,False,False,False,False
6672173cc06623d0d57ade99,forward,cube,reversed,red,left,because the red is always head of the red,False,True,cube_feature,False,False,False,False,False,False
6155bb4f5250fc58f16eca99,backward,ramp,consistent,blue,right,based on other predictions this seemed to be correct,False,False,neither,False,False,False,False,False,True
6155bb4f5250fc58f16eca99,backward,ramp,consistent,red,right,"based on predictions, it looks like this is what would happen",False,False,neither,False,False,False,False,False,False
6155bb4f5250fc58f16eca99,backward,ramp,reversed,blue,right,"based on predictions, it looks like this is what would happen",False,False,neither,False,False,False,False,False,False
6155bb4f5250fc58f16eca99,backward,ramp,reversed,black,right,"based on predictions, it looks like this is what would happen",False,False,neither,False,False,False,False,False,False
6689870da1139f6fd4154d78,backward,cube,consistent,yellow,left,im not sure what the white ones do,False,False,neither,False,True,False,False,False,False
6689870da1139f6fd4154d78,backward,cube,consistent,red,right,red goes further,False,True,cube_feature,False,False,False,False,False,False
6689870da1139f6fd4154d78,backward,cube,reversed,blue,right,slide backwards,False,False,neither,False,False,True,False,False,False
6689870da1139f6fd4154d78,backward,cube,reversed,red,right,red goes further,False,True,cube_feature,False,False,False,False,False,False
668ea84ebd40d8a08ffc47ce,forward,ramp,consistent,blue,right,the odds of the slide,False,False,neither,False,False,True,False,False,False
668ea84ebd40d8a08ffc47ce,forward,ramp,consistent,black,right,Just a luck off the slide,False,False,neither,False,False,True,False,False,False
668ea84ebd40d8a08ffc47ce,forward,ramp,reversed,black,left,The angle of the ramp,False,False,neither,False,False,True,False,False,False
668ea84ebd40d8a08ffc47ce,forward,ramp,reversed,yellow,left,Luck vs angle,False,False,neither,False,False,True,False,False,False
6673b4eda8e00bb0eb8c23af,forward,cube,consistent,black,right,"The black cube always moves faster than the red cube, so I know it will be ahead.",False,True,cube_feature,False,False,False,False,False,False
6673b4eda8e00bb0eb8c23af,forward,cube,consistent,yellow,right,From what I remember the yellow ramp is associated with faster speed.,True,False,ramp_feature,False,False,True,False,False,False
6673b4eda8e00bb0eb8c23af,forward,cube,reversed,black,left,"Again, the black cube is always faster than the red cube.",False,True,cube_feature,False,False,False,False,False,False
6673b4eda8e00bb0eb8c23af,forward,cube,reversed,yellow,left,"The yellow ramp is the faster one, so I have that cube in the lead.",True,False,ramp_feature,False,False,False,False,False,False
6688915859b968386fbccc69,forward,cube,consistent,yellow,right,I believe the yellow ramp moves the cubes farther,True,False,ramp_feature,False,False,False,False,False,False
6688915859b968386fbccc69,forward,cube,consistent,black,right,The black cube travels farther than red,False,True,cube_feature,False,False,False,False,False,False
6688915859b968386fbccc69,forward,cube,reversed,black,left,The black cube travels farther than red,False,True,cube_feature,False,False,False,False,False,False
6688915859b968386fbccc69,forward,cube,reversed,yellow,left,The yellow ramp moves the cubes farther than blue,True,False,ramp_feature,False,False,False,False,False,False
668daa1bd2c9c15fe7658159,forward,ramp,consistent,red,right,I felt like the black cubes didn't slide as far,False,True,cube_feature,False,True,True,False,False,False
668daa1bd2c9c15fe7658159,forward,ramp,consistent,blue,right,I felt like the yellow ramp didnt allow the cubes to slide as far,True,False,ramp_feature,False,True,True,False,False,False
668daa1bd2c9c15fe7658159,forward,ramp,reversed,blue,left,I felt like the yellow didn't allow the cubes to slide as far,True,False,ramp_feature,False,True,True,False,False,False
668daa1bd2c9c15fe7658159,forward,ramp,reversed,red,left,I felt the black cubes didn't go as far,False,True,cube_feature,False,False,False,False,False,False
6643fdd5e4e6b01321ea03c8,backward,ramp,consistent,black,right,Black cube went farther than red cube if I remember correctly.,False,True,cube_feature,False,False,False,False,False,False
6643fdd5e4e6b01321ea03c8,backward,ramp,consistent,blue,right,Blue ramp went farther than yellow ramp every time.,True,False,ramp_feature,False,False,False,False,False,False
6643fdd5e4e6b01321ea03c8,backward,ramp,reversed,blue,left,"Blue ramp went farther than yellow ramp, plus they are facing the other direction.",True,False,ramp_feature,True,False,False,False,False,False
6643fdd5e4e6b01321ea03c8,backward,ramp,reversed,black,left,"Black cube went farther than red cube if I remember correctly, plus the ramp is facing the other direction.",False,True,cube_feature,True,False,False,False,False,False
663ed5c7cbef70a3557abc41,backward,ramp,consistent,yellow,left,The cube is close to the edge of the shape and may fall before getting to the line,False,False,neither,False,False,True,True,False,False
663ed5c7cbef70a3557abc41,backward,ramp,consistent,black,left,The cubes is at the edge of the shape and may fall back before it reaches the line,False,False,neither,False,False,True,True,False,False
663ed5c7cbef70a3557abc41,backward,ramp,reversed,blue,left,will definitely fall,False,False,neither,False,False,True,False,False,False
663ed5c7cbef70a3557abc41,backward,ramp,reversed,red,left,will surely fall in the left direction,False,False,neither,False,False,True,False,False,False
668c25e4bd5465238a9d536f,backward,ramp,consistent,yellow,right,I think yellow tended to go further than blue.,True,False,ramp_feature,False,False,False,False,False,False
668c25e4bd5465238a9d536f,backward,ramp,consistent,black,right,I think red did not cross the line much.,False,True,cube_feature,False,False,False,True,False,False
668c25e4bd5465238a9d536f,backward,ramp,reversed,blue,left,The ramps are facing the opposite direction now so the cubes will also go the opposite direction.,False,False,neither,True,False,False,False,False,False
668c25e4bd5465238a9d536f,backward,ramp,reversed,black,left,Ramps are facing opposite direction so cubes will also go opposite direction.,False,False,neither,True,False,False,False,False,False
66515fd539f7b5b6cff2dd8d,forward,cube,consistent,yellow,right,The yellow ramp makes cubes slide farther away than the blue ramp,True,False,ramp_feature,False,False,True,False,False,False
66515fd539f7b5b6cff2dd8d,forward,cube,consistent,black,right,The black cubes go farther than the red,False,True,cube_feature,False,False,False,False,False,False
66515fd539f7b5b6cff2dd8d,forward,cube,reversed,black,left,The black cubes slide a greater distance than the red ones,False,True,cube_feature,False,False,True,False,False,False
66515fd539f7b5b6cff2dd8d,forward,cube,reversed,yellow,left,The blue ramps don't send the cubes as far as the yellow ramps do,True,False,ramp_feature,False,False,False,False,False,False
5d4b3106431ee60001e3d345,backward,ramp,consistent,black,right,Because I thought you guys were trying to trick me.,False,False,neither,False,False,False,False,False,False
5d4b3106431ee60001e3d345,backward,ramp,consistent,yellow,right,Same as before. I thought you guys were tricking me.,False,False,neither,False,False,False,False,True,False
5d4b3106431ee60001e3d345,backward,ramp,reversed,blue,right,Because of the orientation of the slopes stood out to me.,False,False,neither,True,False,False,False,False,False
5d4b3106431ee60001e3d345,backward,ramp,reversed,black,right,Because I remember the black cube making it to the finish line closer in previous task.,False,True,cube_feature,False,False,False,True,False,False
5ddd2a4459b1b0c7509c7a47,backward,ramp,consistent,blue,left,Since the ramps are turned in that specific position I felt the cubes would go in the same direction. ,False,False,neither,False,False,False,False,False,False
5ddd2a4459b1b0c7509c7a47,backward,ramp,consistent,black,right,I felt they would go in a different direction based on the colors of the cubes.,False,False,neither,True,False,False,False,False,False
5ddd2a4459b1b0c7509c7a47,backward,ramp,reversed,yellow,left,With them being close to the edge it seem like they would go in the chosen direction. ,False,False,neither,False,False,False,False,False,False
5ddd2a4459b1b0c7509c7a47,backward,ramp,reversed,black,right,I felt as if they were to slide off the ramp this would be the outcome of where the cubes land at. ,False,False,neither,False,False,True,False,False,False
665f8460cb17ece2fa679d4a,backward,ramp,consistent,yellow,right,yellow ramp goes farther,True,False,ramp_feature,False,False,False,False,False,False
665f8460cb17ece2fa679d4a,backward,ramp,consistent,red,right,guessed,False,False,neither,False,True,False,False,False,False
665f8460cb17ece2fa679d4a,backward,ramp,reversed,blue,right,guessed,False,False,neither,False,True,False,False,False,False
665f8460cb17ece2fa679d4a,backward,ramp,reversed,red,left,guessed,False,False,neither,False,True,False,False,False,False
668a8c4ada0ee5df463ab1e5,forward,cube,consistent,blue,right,a block on blue moves further than on yellow,True,False,ramp_feature,False,False,False,False,False,False
668a8c4ada0ee5df463ab1e5,forward,cube,consistent,black,left,since the triangle is gray it means it would have an opposite outcome compared to being on a colored triangle ,False,False,neither,False,False,False,False,False,False
668a8c4ada0ee5df463ab1e5,forward,cube,reversed,red,left,"gray triangle means opposite direction , red block means travels further and black block doesn't travel further ",True,True,both,True,False,False,False,False,False
668a8c4ada0ee5df463ab1e5,forward,cube,reversed,blue,left,"gray colour means the object will travel in opposite direction.
NB. block on blue triangle travels further ",True,False,ramp_feature,True,False,False,False,False,False
63d69919e9b7547ceeb0d31d,forward,cube,consistent,black,right,before the black cube went over the line and the red cube didnt,False,True,cube_feature,False,False,False,True,False,False
63d69919e9b7547ceeb0d31d,forward,cube,consistent,blue,right,it was a guess,False,False,neither,False,True,False,False,False,False
63d69919e9b7547ceeb0d31d,forward,cube,reversed,blue,left,just a guess,False,False,neither,False,True,False,False,False,False
63d69919e9b7547ceeb0d31d,forward,cube,reversed,red,right,i guessed,False,False,neither,False,True,False,False,False,False
669286ff827158a6b9b602f3,backward,cube,consistent,yellow,right,"because they were close to the edge
",False,False,neither,False,False,False,False,False,False
669286ff827158a6b9b602f3,backward,cube,consistent,red,right,because in the last picture they didn't end up there,False,False,neither,False,False,False,False,False,False
669286ff827158a6b9b602f3,backward,cube,reversed,blue,left,based of the other results,False,False,neither,False,False,False,False,False,False
669286ff827158a6b9b602f3,backward,cube,reversed,black,left,based on the other results,False,False,neither,False,False,False,False,False,True
610d170f7bb4e720cb85b6b2,forward,ramp,consistent,black,right,the black seems to go farther than the red,False,True,cube_feature,False,False,False,False,False,False
610d170f7bb4e720cb85b6b2,forward,ramp,consistent,yellow,right,"even though in the image the ramps look to be level, the yellow seems to result in a farther distance ",True,False,ramp_feature,False,False,False,False,False,False
610d170f7bb4e720cb85b6b2,forward,ramp,reversed,yellow,left,same reason as before,False,False,neither,False,False,False,False,True,False
610d170f7bb4e720cb85b6b2,forward,ramp,reversed,black,left,black overall seems stronger,False,True,cube_feature,False,False,False,False,False,False
5e0696dea7fba607951ae479,backward,cube,consistent,blue,right,I think they will go forward and not pass the line. It just don't look like they will.,False,False,neither,False,False,False,True,False,False
5e0696dea7fba607951ae479,backward,cube,consistent,black,right,They look pretty strong.,False,False,neither,False,False,False,False,False,False
5e0696dea7fba607951ae479,backward,cube,reversed,blue,right,It would be easier for them to land there because there is no slope.,False,False,neither,False,False,True,False,False,False
5e0696dea7fba607951ae479,backward,cube,reversed,black,right,With no slope in front of them I still couldn't see them pass the line.,False,False,neither,False,False,True,True,False,False
668ee0dd5b2718b7c1f844bc,forward,ramp,consistent,yellow,right,Because I noticed that the yellow cubes travel further than the blue one,True,False,ramp_feature,False,False,False,False,False,False
668ee0dd5b2718b7c1f844bc,forward,ramp,consistent,black,left,i clicked on the wrong one. it was suppose to go the other way,False,False,neither,True,False,False,False,False,False
668ee0dd5b2718b7c1f844bc,forward,ramp,reversed,yellow,left,Because the yellow cubes travel faster than the blue one,True,False,ramp_feature,False,False,False,False,False,False
668ee0dd5b2718b7c1f844bc,forward,ramp,reversed,red,left,the black cubes dont travel fast,False,True,cube_feature,False,False,False,False,False,False
6630ddcd4f10b79b19d77585,forward,cube,consistent,black,right,"Based on my observations of where black and red cubes tend to end up, I assumed the black one would lead the red.",False,True,cube_feature,False,False,False,False,False,False
6630ddcd4f10b79b19d77585,forward,cube,consistent,blue,right,"It was my best guess based on observations associated with the color of each slide; this said, I think cube color has more of an impact than slide color. ",False,False,neither,False,True,True,False,False,False
6630ddcd4f10b79b19d77585,forward,cube,reversed,blue,left,"Given the orientation of the slide and how far the cubes tended to go when oriented the other direction, I tried to gauge that distance in reverse. I do believe cube color is more significant in determining how far each will slide, however.",False,False,neither,True,False,True,False,False,False
6630ddcd4f10b79b19d77585,forward,cube,reversed,black,left,"Based on observation of past trials, it was my thought that the black cube would surpass the red cube here. I do not know how the white slide impacts each cube's performance, however.",True,True,both,False,False,True,False,False,True
6670399b4b0c5873e6304ab5,backward,ramp,consistent,red,right,I think the red cubes consistently went farther than the black cubes,False,True,cube_feature,False,False,False,False,False,False
6670399b4b0c5873e6304ab5,backward,ramp,consistent,blue,right,the blue ramps consistently produced farther reaches than the yellow ramps,True,False,ramp_feature,False,False,False,False,False,False
6670399b4b0c5873e6304ab5,backward,ramp,reversed,red,left,"red went farther than black, and this position of the ramp should make the cubes go left",False,True,cube_feature,False,False,False,False,False,False
6670399b4b0c5873e6304ab5,backward,ramp,reversed,blue,left,"blue ramp makes cubes go farther, cubes on left side because of direction of ramp",True,False,ramp_feature,False,False,False,False,False,False
6324d39a34afdb6e1f9e5b59,forward,ramp,consistent,red,right,This is because the red cube is mostly to be at the finish line while the black cube does not get the finish line.,False,True,cube_feature,False,False,False,True,False,False
6324d39a34afdb6e1f9e5b59,forward,ramp,consistent,blue,right,The cube on the blue shape mostly get to the finish line while the cube on the yellow shape does not get to the finish line.,True,False,ramp_feature,False,False,False,True,False,False
6324d39a34afdb6e1f9e5b59,forward,ramp,reversed,blue,left,This is because they are not facing the finish line and for that reason cube on blue at least ahead cube on yellow which there is no finish line.,True,False,ramp_feature,False,False,False,True,False,False
6324d39a34afdb6e1f9e5b59,forward,ramp,reversed,red,left,This is because red cube always goes ahead of the black cube.,False,True,cube_feature,False,False,False,False,False,False
63d1e114550c261e5d78a941,forward,cube,consistent,yellow,right,I just guessed that I think the yellow ramp goes further,True,False,ramp_feature,False,True,False,False,False,False
63d1e114550c261e5d78a941,forward,cube,consistent,red,right,I know the red cube goes further,False,True,cube_feature,False,False,False,False,False,False
63d1e114550c261e5d78a941,forward,cube,reversed,blue,left,I just guessed,False,False,neither,False,True,False,False,False,False
63d1e114550c261e5d78a941,forward,cube,reversed,red,left,I know the red cube goes further,False,True,cube_feature,False,False,False,False,False,False
609e416f2662bd18ea7dcd4c,backward,ramp,consistent,black,right,I think that the cubes will separate mid air.,False,False,neither,False,False,False,False,False,False
609e416f2662bd18ea7dcd4c,backward,ramp,consistent,blue,right,I think the cubes will separate mid air.,False,False,neither,False,False,False,False,False,False
609e416f2662bd18ea7dcd4c,backward,ramp,reversed,red,left,The cubes would go the opposite way.,False,False,neither,False,False,False,False,False,False
609e416f2662bd18ea7dcd4c,backward,ramp,reversed,blue,left,The cubes would go the opposite way.,False,False,neither,False,False,False,False,False,False
662958eb81091be0624ab054,backward,ramp,consistent,black,right,The black cube typically was the furthest over the line,False,True,cube_feature,False,False,False,True,False,False
662958eb81091be0624ab054,backward,ramp,consistent,blue,right,The blue ramp caused the cube to go over the line and the yellow ramp did not in previous images.,True,False,ramp_feature,False,False,False,True,False,True
662958eb81091be0624ab054,backward,ramp,reversed,black,right,The black cube went further than the red cube previously.,False,True,cube_feature,False,False,False,False,False,False
662958eb81091be0624ab054,backward,ramp,reversed,blue,right,The blue ramp caused the cube to go further than the yellow ramp previously,True,False,ramp_feature,False,False,False,False,False,False
5383def8fdf99b5111d7ccf2,forward,ramp,consistent,red,right,"I noticed the black cube not going as far as the red, but I have no data on the white triangle so I was making the best choice I could",True,True,both,False,False,False,False,False,False
5383def8fdf99b5111d7ccf2,forward,ramp,consistent,blue,right,"the blue ramp made it across every time, so I believe that cube would make it farther",True,False,ramp_feature,False,False,False,False,False,False
5383def8fdf99b5111d7ccf2,forward,ramp,reversed,blue,left,blue ramp makes any cube go further than the yellow,True,False,ramp_feature,False,False,False,False,False,False
5383def8fdf99b5111d7ccf2,forward,ramp,reversed,red,left,the black cube was not going as far as the red on any ramp,False,True,cube_feature,False,False,False,False,False,False
6266db0dcf3e4f16fb9d7c56,backward,cube,consistent,blue,right,"I had no clue if there was a pattern to this or not since my mind doesn't work that way. Every prediction I made was sheer guesswork, so I doubt I guessed right very much.",False,False,neither,False,True,False,False,False,False
6266db0dcf3e4f16fb9d7c56,backward,cube,consistent,red,left,Total shot in the dark.,False,False,neither,False,True,False,False,False,False
6266db0dcf3e4f16fb9d7c56,backward,cube,reversed,black,left,Total guess.,False,False,neither,False,True,False,False,False,False
6266db0dcf3e4f16fb9d7c56,backward,cube,reversed,blue,right,Guess.,False,False,neither,False,True,False,False,False,False
6565f2c0e31a069d9dfcd44e,backward,cube,consistent,black,right,"I think the black cube is lighter than the red, therefore it will go farther.",False,True,cube_feature,False,False,True,False,False,False
6565f2c0e31a069d9dfcd44e,backward,cube,consistent,blue,right,I wasn't completely sure so this was merely a guess.,False,False,neither,False,True,False,False,False,False
6565f2c0e31a069d9dfcd44e,backward,cube,reversed,blue,left,"Since the triangles are opposite what they have been previously, it made sense that the cubes would end up like this.",False,False,neither,False,False,False,False,False,False
6565f2c0e31a069d9dfcd44e,backward,cube,reversed,black,left,"It seems like the black block is possibly lighter in weight than the red; and because the triangular piece was opposite what it usually is, it made since that the cubes would go in the opposite direction.",False,True,cube_feature,True,False,True,False,False,False
65ff5f9bb0108e36ee3d4033,forward,cube,consistent,yellow,right,Just a gut based on the color of the ramps,False,False,neither,False,True,False,False,False,False
65ff5f9bb0108e36ee3d4033,forward,cube,consistent,black,right,I remember that the black cube usually crossed the line while the red did not.,False,True,cube_feature,False,False,False,True,False,False
65ff5f9bb0108e36ee3d4033,forward,cube,reversed,black,right,"Same as before, black usually crossed while red did not. Could have been a trick with the ramp backwards.",False,True,cube_feature,False,False,False,False,True,False
65ff5f9bb0108e36ee3d4033,forward,cube,reversed,blue,left,Felt like a possible trick. Gut feeling they would end up that way.,False,False,neither,False,True,False,False,False,False
6671ce015f18ca380f8ea563,forward,ramp,consistent,yellow,right,guessed,False,False,neither,False,True,False,False,False,False
6671ce015f18ca380f8ea563,forward,ramp,consistent,red,right,right handed ,False,False,neither,False,False,False,False,False,False
6671ce015f18ca380f8ea563,forward,ramp,reversed,yellow,left,cant go backwards unless pushed,False,False,neither,False,False,False,False,False,False
6671ce015f18ca380f8ea563,forward,ramp,reversed,black,left,cant go backwards unless pushed,False,False,neither,False,False,False,False,False,False
606e3ddf19540080228e3a0c,backward,ramp,consistent,yellow,right,Because they always go up the slant and yellow goes further,True,False,ramp_feature,False,False,False,False,False,False
606e3ddf19540080228e3a0c,backward,ramp,consistent,black,right,I can't remember for sure but I think black goes further,False,True,cube_feature,False,False,False,False,False,False
606e3ddf19540080228e3a0c,backward,ramp,reversed,black,left,Black goes further,False,True,cube_feature,False,False,False,False,False,False
606e3ddf19540080228e3a0c,backward,ramp,reversed,yellow,left,Yellow goes further,True,False,ramp_feature,False,False,False,False,False,False
60fb26e75427cb8125f2e4a4,backward,cube,consistent,black,right,It is just a guess,False,False,neither,False,True,False,False,False,False
60fb26e75427cb8125f2e4a4,backward,cube,consistent,blue,right,I am just guessing,False,False,neither,False,True,False,False,False,False
60fb26e75427cb8125f2e4a4,backward,cube,reversed,blue,left,It is a total guess,False,False,neither,False,True,False,False,False,False
60fb26e75427cb8125f2e4a4,backward,cube,reversed,red,left,I was just guessing,False,False,neither,False,True,False,False,False,False
59baa339ab8d830001fe56f5,forward,cube,consistent,black,right,"From what I recall, black travels further than red.",False,True,cube_feature,False,False,False,False,False,False
59baa339ab8d830001fe56f5,forward,cube,consistent,blue,right,I don't know how the white cubes act.,False,True,cube_feature,False,True,False,False,False,False
59baa339ab8d830001fe56f5,forward,cube,reversed,blue,right,I don't know how the white cubes will act.,False,True,cube_feature,False,True,False,False,False,False
59baa339ab8d830001fe56f5,forward,cube,reversed,black,left,Black travels further than red.,False,True,cube_feature,False,False,False,False,False,False
660ad11f945fa3dbc5fc3e65,forward,ramp,consistent,yellow,left,When you tilt the triangles I think the cubes will slide to the left due to gravity.,False,False,neither,False,False,True,False,False,False
660ad11f945fa3dbc5fc3e65,forward,ramp,consistent,black,right,I think this would happen because the left cube is black and the right is red and when tilted the cubes will slide straight down.,False,True,cube_feature,False,False,True,False,False,False
660ad11f945fa3dbc5fc3e65,forward,ramp,reversed,blue,right,I predicted this would happen because if the triangle lifts straight up the cubes will go behind them.,False,False,neither,False,False,False,False,False,False
660ad11f945fa3dbc5fc3e65,forward,ramp,reversed,black,left,I predicted this would happen because the cubes will roll or flip straight down ,False,False,neither,False,False,True,False,False,False
65d98e1d84cbeefbb401e815,forward,ramp,consistent,red,right,The red will be more faster than blue,True,True,both,False,False,False,False,False,False
65d98e1d84cbeefbb401e815,forward,ramp,consistent,blue,right,blue looks to sprint more than yellow,True,False,ramp_feature,False,False,False,False,False,False
65d98e1d84cbeefbb401e815,forward,ramp,reversed,yellow,left,gravity might come to play here,False,False,neither,False,False,True,False,False,False
65d98e1d84cbeefbb401e815,forward,ramp,reversed,black,left,They would flow across too the slide,False,False,neither,False,False,True,False,False,False
5b178611c9d3cb00010fe307,backward,ramp,consistent,blue,right,I thought it was the most probable outcome.,False,False,neither,False,False,False,False,False,False
5b178611c9d3cb00010fe307,backward,ramp,consistent,red,right,I guessed.,False,False,neither,False,True,False,False,False,False
5b178611c9d3cb00010fe307,backward,ramp,reversed,blue,left,It seemed possible.,False,False,neither,False,False,False,False,False,False
5b178611c9d3cb00010fe307,backward,ramp,reversed,red,right,I expected the red cube to go farther.,False,True,cube_feature,False,False,False,False,False,False
656a1341c7d1c426209f1146,backward,cube,consistent,blue,right,bc they dont have room to get enough momentum to go far,False,False,neither,False,False,True,False,False,False
656a1341c7d1c426209f1146,backward,cube,consistent,red,right,same resdon as last,False,False,neither,False,False,False,False,False,False
656a1341c7d1c426209f1146,backward,cube,reversed,black,left,same reason,False,False,neither,False,False,False,False,True,False
656a1341c7d1c426209f1146,backward,cube,reversed,blue,left,same,False,False,neither,False,False,False,False,False,False
559c3ad8fdf99b32b55f2d32,forward,ramp,consistent,red,right,It's a guess because I don't know if the red or black is heavier.,False,True,cube_feature,False,True,True,False,False,False
559c3ad8fdf99b32b55f2d32,forward,ramp,consistent,blue,right,It was a guess.  Everythign appears equal,False,False,neither,False,True,False,False,False,False
559c3ad8fdf99b32b55f2d32,forward,ramp,reversed,black,left,It's a guess because I don't know if the red or black is heavier.,False,True,cube_feature,False,True,True,False,False,False
559c3ad8fdf99b32b55f2d32,forward,ramp,reversed,blue,left,"It was a guess, as everything appears equal",False,False,neither,False,True,False,False,False,False
63d523d89e78ae6e711ada49,backward,ramp,consistent,black,left,Because the ramp is grey I was unsure if it would push the cubes forward.,False,False,neither,False,True,False,False,False,False
63d523d89e78ae6e711ada49,backward,ramp,consistent,blue,right,Because the blue ramp pushes cubes further than the yellow ramp,True,False,ramp_feature,False,False,False,False,False,False
63d523d89e78ae6e711ada49,backward,ramp,reversed,red,right,Because the ramp is grey and the black cube doesn't go far,False,True,cube_feature,False,False,False,False,False,False
63d523d89e78ae6e711ada49,backward,ramp,reversed,blue,left,Because the ramps push the cubes forward and the blue ramp pushes farther than the yellow ramp,True,False,ramp_feature,False,False,False,False,False,False
5ee2a663afc30b40867d4535,backward,ramp,consistent,yellow,right,Yellow seemed to make the cubes go pass the line in previous simulations while blue did not,True,False,ramp_feature,False,False,False,True,False,False
5ee2a663afc30b40867d4535,backward,ramp,consistent,red,right,I believe red made it further in previous simulations but I am not 100% sure,False,True,cube_feature,False,False,False,False,False,False
5ee2a663afc30b40867d4535,backward,ramp,reversed,yellow,left,The ramps are reversed and yellow seemed to make the cubes move further,True,False,ramp_feature,True,False,False,False,False,False
5ee2a663afc30b40867d4535,backward,ramp,reversed,red,left,Red cubes seemed to go further before and the ramps are reversed,False,True,cube_feature,True,False,False,False,False,False
66294a585f1cf3fdaeb80120,backward,cube,consistent,red,right,The red cube always seemed to make it over and the black cube didn't.  This looked closest to how I thought they would end up.,False,True,cube_feature,False,False,False,False,False,False
66294a585f1cf3fdaeb80120,backward,cube,consistent,blue,right,There was no experience with white cubes so I had to guess.,False,True,cube_feature,False,True,False,False,False,False
66294a585f1cf3fdaeb80120,backward,cube,reversed,blue,left,The triangles were facing a different way so I thought the cubes would reverse direction.,False,False,neither,True,False,False,False,False,False
66294a585f1cf3fdaeb80120,backward,cube,reversed,black,left,No experience with a white triangle so I just guessed based on the angle.,True,False,ramp_feature,False,True,True,False,False,False
60e755dd08b47aac26807cd9,backward,cube,consistent,black,right,Black ends up to the right more than the red.,False,True,cube_feature,False,False,False,False,False,False
60e755dd08b47aac26807cd9,backward,cube,consistent,blue,left,The cubes are white and probably end up to the left.,False,False,neither,False,False,False,False,False,False
60e755dd08b47aac26807cd9,backward,cube,reversed,blue,left,The cubes are white and probably end up to the left.,False,False,neither,False,False,False,False,False,False
60e755dd08b47aac26807cd9,backward,cube,reversed,black,left,The wedge is facing the opposite way and black ends up going farther.,False,True,cube_feature,True,False,False,False,False,False
664ce5c89fde4d6beffbd6da,forward,ramp,consistent,yellow,right,the angle that the cubs were placed,False,False,neither,False,False,True,False,False,False
664ce5c89fde4d6beffbd6da,forward,ramp,consistent,red,right,the angle that the cubs are placed,False,False,neither,False,False,True,False,False,False
664ce5c89fde4d6beffbd6da,forward,ramp,reversed,red,left,the angle that the cubs are placed,False,False,neither,False,False,True,False,False,False
664ce5c89fde4d6beffbd6da,forward,ramp,reversed,blue,left,the angle that the cubs are placed,False,False,neither,False,False,True,False,False,False
55a43278fdf99b02ff6caf89,backward,ramp,consistent,blue,left,I felt like they would slide down the ramp,False,False,neither,False,True,True,False,False,False
55a43278fdf99b02ff6caf89,backward,ramp,consistent,red,right,I felt like they would go the opposite of the other cubes and ramps,False,False,neither,False,True,False,False,False,False
55a43278fdf99b02ff6caf89,backward,ramp,reversed,blue,right,I thought they would slide towards the finish line,False,False,neither,False,False,True,True,False,False
55a43278fdf99b02ff6caf89,backward,ramp,reversed,red,right,I felt like they would slide towards the bottom,False,False,neither,False,True,True,False,False,False
65c11c5251627889612424ba,backward,cube,consistent,red,right,the red cube is closer to the line,False,True,cube_feature,False,False,False,True,False,False
65c11c5251627889612424ba,backward,cube,consistent,blue,right,I don't know,False,False,neither,False,True,False,False,False,False
65c11c5251627889612424ba,backward,cube,reversed,blue,right,don't know,False,False,neither,False,True,False,False,False,False
65c11c5251627889612424ba,backward,cube,reversed,red,right,red closer to line,False,True,cube_feature,False,False,False,False,False,False
668f804da949e7f22a7c647e,backward,ramp,consistent,blue,right,The cubes on the blue ramp traveled further,True,False,ramp_feature,False,False,False,False,False,False
668f804da949e7f22a7c647e,backward,ramp,consistent,black,right,The black cube traveled further,False,True,cube_feature,False,False,False,False,False,False
668f804da949e7f22a7c647e,backward,ramp,reversed,blue,left,The cubes on the blue ramp traveled further and the cubes ended up on the vertical side of the ramp,True,False,ramp_feature,False,False,False,False,False,False
668f804da949e7f22a7c647e,backward,ramp,reversed,black,left,The black cube travels further,False,True,cube_feature,False,False,False,False,False,False
6630ec25274c176eaaa505bf,backward,ramp,consistent,red,right,The red cube ended up closer to the line when it was on the yellow ramp.,True,True,both,False,False,False,True,False,False
6630ec25274c176eaaa505bf,backward,ramp,consistent,blue,right,The blue ramp always ended its cubes across the line unlike the yellow ramp,True,False,ramp_feature,False,False,False,True,False,False
6630ec25274c176eaaa505bf,backward,ramp,reversed,black,left,Same logic as before but the ramp is in the opposite direction,False,False,neither,True,False,False,False,True,False
6630ec25274c176eaaa505bf,backward,ramp,reversed,blue,left,Same logic as before but the ramp is in the opposite direction,False,False,neither,True,False,False,False,True,False
55ddb84550a1f7000b90d65a,backward,ramp,consistent,yellow,right,It seemed like that might be how far they go. I am not sure. I just tried my best.,False,False,neither,False,True,False,False,False,False
55ddb84550a1f7000b90d65a,backward,ramp,consistent,black,right,I just guessed. I wasn't really sure. Thank you.,False,False,neither,False,True,False,False,False,False
55ddb84550a1f7000b90d65a,backward,ramp,reversed,red,right,Because it seems like that might be where they go. I just guessed.,False,False,neither,False,True,False,False,False,False
55ddb84550a1f7000b90d65a,backward,ramp,reversed,blue,left,Because I thought they may go the other way I am not sure. Thank you.,False,False,neither,True,True,False,False,False,False
6479c87daabda4a5809a752d,backward,cube,consistent,black,right,It just made sense in that  moment ,False,False,neither,False,False,False,False,False,False
6479c87daabda4a5809a752d,backward,cube,consistent,blue,right,"random guess
",False,False,neither,False,True,False,False,False,False
6479c87daabda4a5809a752d,backward,cube,reversed,blue,right,Based on how the ramp is placed it makes sense,False,False,neither,False,False,False,False,False,False
6479c87daabda4a5809a752d,backward,cube,reversed,black,left,Random guess,False,False,neither,False,True,False,False,False,False
661960d7b8bdf0bd8042c648,forward,cube,consistent,yellow,right,I was just guessing but also looking at the direction of the angle,False,False,neither,False,True,True,False,False,False
661960d7b8bdf0bd8042c648,forward,cube,consistent,black,right,just a guess,False,False,neither,False,True,False,False,False,False
661960d7b8bdf0bd8042c648,forward,cube,reversed,red,left,the direction of the ramp vs the finish line.,False,False,neither,False,False,False,True,False,False
661960d7b8bdf0bd8042c648,forward,cube,reversed,yellow,left,direction of the ramp vs the finish line,False,False,neither,False,False,False,True,False,False
668f1894d6ffc3b0cabb3ac3,forward,cube,consistent,blue,right,IM NOT SURE,False,False,neither,False,True,False,False,False,False
668f1894d6ffc3b0cabb3ac3,forward,cube,consistent,red,right,red was farther,False,True,cube_feature,False,False,False,False,False,False
668f1894d6ffc3b0cabb3ac3,forward,cube,reversed,red,left,the ramp flipped and red is still ahead,False,True,cube_feature,True,False,False,False,False,False
668f1894d6ffc3b0cabb3ac3,forward,cube,reversed,blue,left,idk,False,False,neither,False,True,False,False,False,False
5831f08ebfb3b400015a6ad4,forward,ramp,consistent,red,right,The colors have a certain weight to them only to get so far.,False,False,neither,False,False,True,False,False,False
5831f08ebfb3b400015a6ad4,forward,ramp,consistent,yellow,right,The colors have a pre-determined weight to them.,False,False,neither,False,False,True,False,False,False
5831f08ebfb3b400015a6ad4,forward,ramp,reversed,red,left,The colors have a pre-determined weight to them.,False,False,neither,False,False,True,False,False,False
5831f08ebfb3b400015a6ad4,forward,ramp,reversed,yellow,left,The colors have a pre-determined weight to them.,False,False,neither,False,False,True,False,False,False
666203105e0c216230d31016,forward,cube,consistent,black,right,The black cube has always gone further than the red cube,False,True,cube_feature,False,False,False,False,False,False
666203105e0c216230d31016,forward,cube,consistent,blue,right,I guessed,False,False,neither,False,True,False,False,False,False
666203105e0c216230d31016,forward,cube,reversed,blue,left,I guessed,False,False,neither,False,True,False,False,False,False
666203105e0c216230d31016,forward,cube,reversed,black,left,Black cube always goes further,False,True,cube_feature,False,False,False,False,False,False
5e7247f3be8fd016888bafac,forward,ramp,consistent,blue,right,Blocks slide better off the blue ramp than they do the yellow ramp ,True,False,ramp_feature,False,False,True,False,False,False
5e7247f3be8fd016888bafac,forward,ramp,consistent,black,right,The black blocks have a lower coefficient of friction than do the red blocks,False,True,cube_feature,False,False,True,False,False,False
5e7247f3be8fd016888bafac,forward,ramp,reversed,black,left,The black blocks slide further off the ramp than do the red ones,False,True,cube_feature,False,False,True,False,False,False
5e7247f3be8fd016888bafac,forward,ramp,reversed,blue,left,The coefficient of friction from the blue ramp is lower than that of the yellow ramp,True,False,ramp_feature,False,False,True,False,False,False
611c31c77df20ecc6881cc44,forward,ramp,consistent,red,right,No idea. I missed clues in the first part and had to guess.,False,False,neither,False,True,False,False,False,False
611c31c77df20ecc6881cc44,forward,ramp,consistent,blue,right,No idea. I missed clues in the first part and had to guess.,False,False,neither,False,True,False,False,False,False
611c31c77df20ecc6881cc44,forward,ramp,reversed,blue,left,No idea. I missed clues in the first part and had to guess.,False,False,neither,False,True,False,False,False,False
611c31c77df20ecc6881cc44,forward,ramp,reversed,black,left,No idea. I missed clues in the first part and had to guess.,False,False,neither,False,True,False,False,False,False
66845f39fb9e87677dbf66c2,backward,ramp,consistent,red,right,THE HEIGHT OF THE CUBE HELPSTO DETERMINE THAT,False,False,neither,False,False,False,False,False,False
66845f39fb9e87677dbf66c2,backward,ramp,consistent,yellow,right,THIS IS ALSOCLOSER TO THE FINISH LINE,False,False,neither,False,False,False,True,False,False
66845f39fb9e87677dbf66c2,backward,ramp,reversed,red,right,THIS ONE SLOPES DOWN,False,False,neither,False,False,False,False,False,False
66845f39fb9e87677dbf66c2,backward,ramp,reversed,yellow,right,THIS WAS CLOSER TO THE FINISH LINE,False,False,neither,False,False,False,True,False,False
6605eaefd982b606054fda4c,forward,cube,consistent,yellow,right,gravity and already slanting down,False,False,neither,False,False,True,False,False,False
6605eaefd982b606054fda4c,forward,cube,consistent,red,right,gravity and already slanting down,False,False,neither,False,False,True,False,False,False
6605eaefd982b606054fda4c,forward,cube,reversed,black,left,gravity and already slanting down,False,False,neither,False,False,True,False,False,False
6605eaefd982b606054fda4c,forward,cube,reversed,yellow,left,gravity and already slanting down,False,False,neither,False,False,True,False,False,False
5914b7b50a4b9d0001add64f,backward,cube,consistent,red,right,The red block always goes further than the black block.,False,True,cube_feature,False,False,False,False,False,False
5914b7b50a4b9d0001add64f,backward,cube,consistent,blue,right,It was a random guess. I had no idea. ,False,False,neither,False,True,False,False,False,False
5914b7b50a4b9d0001add64f,backward,cube,reversed,blue,right,Random guess. ,False,False,neither,False,True,False,False,False,False
5914b7b50a4b9d0001add64f,backward,cube,reversed,red,left,Red block always goes further than black block. ,False,True,cube_feature,False,False,False,False,False,False
6636da5d82d89e212fffc98f,backward,ramp,consistent,black,right,I think the black colored cube was further in other trials. ,False,True,cube_feature,False,False,False,False,False,False
6636da5d82d89e212fffc98f,backward,ramp,consistent,blue,right,The blue ramp seemed to bring cubes over the line in other trials. ,True,False,ramp_feature,False,False,False,True,False,False
6636da5d82d89e212fffc98f,backward,ramp,reversed,blue,right,The blue ramp moved the cube over the line in other trials. ,True,False,ramp_feature,False,False,False,True,False,False
6636da5d82d89e212fffc98f,backward,ramp,reversed,red,right,I felt red was lighter.,False,True,cube_feature,False,False,True,False,False,False
59048309c4ef1300011b1085,forward,ramp,consistent,blue,right,the blue ramp always went further,True,False,ramp_feature,False,False,False,False,False,False
59048309c4ef1300011b1085,forward,ramp,consistent,black,right,the black cube went further,False,True,cube_feature,False,False,False,False,False,False
59048309c4ef1300011b1085,forward,ramp,reversed,blue,left,the blue ramp goes further,True,False,ramp_feature,False,False,False,False,False,False
59048309c4ef1300011b1085,forward,ramp,reversed,black,left,the black cube rolls further,False,True,cube_feature,False,False,False,False,False,False
6679a0be36bb0c3801998d59,forward,ramp,consistent,red,right,"I predicted that the cubes would end up like this because the ramp is white, meaning the implications of a blue/yellow ramp are no longer true. I had paid so much attention to the blue/yellow ramp color that I only vaguely noticed the difference in the black/red blocks. I could not remember which one went farther. I thought it might have been the red, so it would travel farther here. ",True,True,both,False,False,False,False,False,False
6679a0be36bb0c3801998d59,forward,ramp,consistent,blue,right,"I predicted that the blue part of the ramp would send the cube farther than the yellow part because in earlier sections of the experiment, the blue ramp always allowed the red/black block to clear the line. On the other hand, the yellow ramp never let the blocks pass the line. In this case, I figured the blue part of the ramp would allow the cube on it to go farther than the yellow part.",True,True,both,False,False,False,True,False,False
6679a0be36bb0c3801998d59,forward,ramp,reversed,red,left,"Again, because the ramp is white, I could no longer think about how ramp color impacted the way the cubes fell. Because I had been so focused on the difference between the blue and yellow ramps, I neglected to fully notice the differences between the red and black blocks. I thought I remembered the red going farther than the black block. As a result, I believed the red block would slide farther as well.",True,True,both,False,False,True,False,False,False
6679a0be36bb0c3801998d59,forward,ramp,reversed,blue,left,"I thought this would happen because the blue ramp always allowed the blocks to clear the line, while the yellow ramp never did. As a result, I assumed that the blue part of the ramp would allow the cube to slide farther away than the yellow part. ",True,False,ramp_feature,False,False,True,True,False,False
5589629dfdf99b72ead88339,backward,cube,consistent,black,right,black cube goes further,False,True,cube_feature,False,False,False,False,False,False
5589629dfdf99b72ead88339,backward,cube,consistent,blue,left,i had to guess,False,False,neither,False,True,False,False,False,False
5589629dfdf99b72ead88339,backward,cube,reversed,black,right,black cube goes further,False,True,cube_feature,False,False,False,False,False,False
5589629dfdf99b72ead88339,backward,cube,reversed,blue,left,i had to guess,False,False,neither,False,True,False,False,False,False
6622de87d20f10ebfd14a66a,forward,cube,consistent,black,right,"The black seemed to go the farthest, just unsure of the white ramp",True,True,both,False,True,False,False,False,False
6622de87d20f10ebfd14a66a,forward,cube,consistent,blue,right,just a best guess since they are white cubes,False,True,cube_feature,False,True,False,False,False,False
6622de87d20f10ebfd14a66a,forward,cube,reversed,blue,left,well I didnt think they would go backwards so just a best guess,False,False,neither,False,True,False,False,False,False
6622de87d20f10ebfd14a66a,forward,cube,reversed,black,left,they cant go backwards and the black usually went further,False,True,cube_feature,False,False,False,False,False,False
5d9cd36bed4008001284dcba,forward,ramp,consistent,black,right,I do not think they have enough momentum to cross the line,False,False,neither,False,False,True,True,False,False
5d9cd36bed4008001284dcba,forward,ramp,consistent,yellow,right,I think one will travel farther than the other,False,False,neither,False,False,False,False,False,False
5d9cd36bed4008001284dcba,forward,ramp,reversed,black,left,"Just a guess, I am not quite sure facing that way",False,False,neither,False,True,False,False,False,False
5d9cd36bed4008001284dcba,forward,ramp,reversed,blue,left,I think the blue base has more momentum,True,False,ramp_feature,False,False,True,False,False,False
667ea7e7eca697f62fd7c59b,forward,cube,consistent,red,right,Due to the red cubes passing the line more than the black cubes in the previous tests,False,True,cube_feature,False,False,False,True,False,False
667ea7e7eca697f62fd7c59b,forward,cube,consistent,yellow,right,"Just guessed, I figure have a 50/50 chance since I do not know which cube is red or black.",False,True,cube_feature,False,True,False,False,False,False
667ea7e7eca697f62fd7c59b,forward,cube,reversed,red,left,Because the line is behind the ramp and the red still traveled further during previous tests.,False,True,cube_feature,False,False,False,True,False,False
667ea7e7eca697f62fd7c59b,forward,cube,reversed,blue,left,I guessed the cube further away was red so figured it would travel further. ,False,True,cube_feature,False,True,False,False,False,False
667cfd0b827314cd6f7027c4,forward,cube,consistent,yellow,right,Yellow seemed to accelerate the cubes more in the first part of the experiment,True,False,ramp_feature,False,False,False,False,False,False
667cfd0b827314cd6f7027c4,forward,cube,consistent,red,right,The red cube seemed to travel farther than the black cube in the previous part of the experiment,False,True,cube_feature,False,False,False,False,False,False
667cfd0b827314cd6f7027c4,forward,cube,reversed,yellow,left,The yellow ramp seemed to accelerate the cubes farther than the blue ramp in the previous part of the experiment ,True,False,ramp_feature,False,False,False,False,False,False
667cfd0b827314cd6f7027c4,forward,cube,reversed,red,left,The red cube seemed to travel farther in the previous part of the experiment,False,True,cube_feature,False,False,False,False,False,False
5c118b075fc7db00011b62ae,forward,ramp,consistent,red,right,After seeing the so called patterns i feel like with he white ramp they would probably land this way.,True,False,ramp_feature,False,False,False,False,False,False
5c118b075fc7db00011b62ae,forward,ramp,consistent,blue,right,yellow usually meant over the line. But them together i just guessed that they would make it to the other side of the line.,True,False,ramp_feature,False,True,False,True,False,False
5c118b075fc7db00011b62ae,forward,ramp,reversed,blue,left,since it is facing the other way it makes sense for them to go this way.,False,False,neither,True,False,False,False,False,False
5c118b075fc7db00011b62ae,forward,ramp,reversed,black,left,since it is facing the other way it make sense to go that way.,False,False,neither,True,False,False,False,False,False
6679b6e51b2f51950f21fd65,backward,cube,consistent,blue,right,if they fall to the right they may end up close to the finish line,False,False,neither,False,False,True,True,False,False
6679b6e51b2f51950f21fd65,backward,cube,consistent,black,left,if they slide down the left they may end up there,False,False,neither,False,False,True,False,False,False
6679b6e51b2f51950f21fd65,backward,cube,reversed,blue,right,if they slide down they may not make it to the finish line,False,False,neither,False,False,True,True,False,False
6679b6e51b2f51950f21fd65,backward,cube,reversed,red,right,they may end up close to finish line when falling,False,False,neither,False,False,True,True,False,False
668b89ba7b434cf8f355d5b1,backward,ramp,consistent,yellow,left,"Because the cubes are sliding downwards and from the  scenarios I have seen, the yellow cube has a higher shooting range than the blue cube.",True,False,ramp_feature,False,False,False,False,False,False
668b89ba7b434cf8f355d5b1,backward,ramp,consistent,black,left,Because the cubes are sliding downwards ,False,False,neither,False,False,False,False,False,False
668b89ba7b434cf8f355d5b1,backward,ramp,reversed,yellow,right,"With the cubes slides downwards and from the scenarios, the yellow cube shoots higher than the 
blue cube",True,False,ramp_feature,False,False,True,False,False,False
668b89ba7b434cf8f355d5b1,backward,ramp,reversed,red,right,The cubes are sliding downwards and took a guess where each cube would land,False,False,neither,False,True,False,False,False,False
63f2ec0bc98f4dfb1b5e60d3,forward,cube,consistent,red,right,RED COLOUR ALWAYYS TRAVELS FURTHER THAN BLACK WHILE GOING DOWN THE INCLINNE,False,True,cube_feature,False,False,False,False,False,False
63f2ec0bc98f4dfb1b5e60d3,forward,cube,consistent,blue,left,INCLINE IS NOT THAT HIGH AND WHITE BLOCKS ARE ON THE CORNER SO THEY MIGHT FALL BACKWARDS,False,True,cube_feature,False,False,True,False,False,False
63f2ec0bc98f4dfb1b5e60d3,forward,cube,reversed,red,right,as the blocks are on the corner so they might fall towards right and red goes further than black,False,True,cube_feature,False,False,True,False,False,False
63f2ec0bc98f4dfb1b5e60d3,forward,cube,reversed,blue,left,blocks on blue side travels further than yellow slide,True,False,ramp_feature,False,False,True,False,False,False
6691b25c1d28e3d6f45ac853,forward,ramp,consistent,yellow,right,I thought that cubes on the yellow ramp seemed to go further than on the blue,True,False,ramp_feature,False,False,False,False,False,False
6691b25c1d28e3d6f45ac853,forward,ramp,consistent,red,right,I thought I remembered red cubes going further than black,False,True,cube_feature,False,False,False,False,False,False
6691b25c1d28e3d6f45ac853,forward,ramp,reversed,red,right,"I thought I remembered red cubes going further than black, and it was never actually stated that the cubes slid down (as implied by the figure), so I thought they'd still go the same direction",False,True,cube_feature,False,False,True,False,False,False
6691b25c1d28e3d6f45ac853,forward,ramp,reversed,yellow,right,"i remembered cubes going further on the yellow ramp than the blue, and and again, though the ramp-like nature of the figure implied that it was sliding, it was never explicit",True,False,ramp_feature,False,False,False,False,False,False
663a3cb4170937d2ce84026f,forward,ramp,consistent,blue,left,opposite of the black cubes,False,True,cube_feature,False,False,False,False,False,False
663a3cb4170937d2ce84026f,forward,ramp,consistent,black,right,black goes further than the red,False,True,cube_feature,False,False,False,False,False,False
663a3cb4170937d2ce84026f,forward,ramp,reversed,black,left,black launches further than red,False,True,cube_feature,False,False,True,False,False,False
663a3cb4170937d2ce84026f,forward,ramp,reversed,yellow,right,yellow launches further,True,False,ramp_feature,False,False,True,False,False,False
60fd84bd019682124d96c178,forward,cube,consistent,red,right,i guessed,False,False,neither,False,True,False,False,False,False
60fd84bd019682124d96c178,forward,cube,consistent,blue,right,a guess,False,False,neither,False,True,False,False,False,False
60fd84bd019682124d96c178,forward,cube,reversed,red,left,a guess,False,False,neither,False,True,False,False,False,False
60fd84bd019682124d96c178,forward,cube,reversed,blue,left,a guess,False,False,neither,False,True,False,False,False,False
65c1101b2b6edf21082420d5,forward,cube,consistent,black,right,Cause they were all the way up at the top.,False,False,neither,False,False,False,False,False,False
65c1101b2b6edf21082420d5,forward,cube,consistent,blue,right,They were too high up.,False,False,neither,False,False,True,False,False,False
65c1101b2b6edf21082420d5,forward,cube,reversed,yellow,left,Too high up.,False,False,neither,False,False,True,False,False,False
65c1101b2b6edf21082420d5,forward,cube,reversed,red,left,They both are too high up.,False,False,neither,False,False,True,False,False,False
