parameter,value
p,0.9131808528538412
q,0.34421898331542694
beta,341910.11925382144
r,0.05092008763591971
block_noise,0.100
ramp_noise,1.600
bandwidth,0.600
