trial,element,model,block_noise_sd,ramp_noise_sd,block_noise_up,ramp_noise_up,final_position_up,ramp_valid,up_stop_reason
a,black_block,ramp,0.35,0.0,0.8794613094342535,0.0,839.9406195584439,False,settled
a,black_block,ramp,0.35,0.0,0.8265778006739064,0.0,839.3461932673503,False,settled
a,black_block,ramp,0.35,0.0,0.8061813126516353,0.0,842.5368635606499,False,settled
a,black_block,ramp,0.35,0.0,0.8523517185494051,0.0,841.7734072793083,False,settled
a,black_block,ramp,0.35,0.0,1.1333099514954004,0.0,843.4582939576364,False,settled
a,black_block,ramp,0.35,0.0,0.8101996230045816,0.0,837.6025585225415,False,settled
a,black_block,ramp,0.35,0.0,0.8528911587572918,0.0,841.6855097800695,False,settled
a,black_block,ramp,0.35,0.0,0.9575901106484953,0.0,837.007918040252,False,settled
a,black_block,ramp,0.35,0.0,0.897304352560502,0.0,837.9418200113645,False,settled
a,black_block,ramp,0.35,0.0,0.8259577481238594,0.0,845.6505128317275,False,settled
a,black_block,ramp,0.35,0.0,0.9625944539713079,0.0,837.201431455872,False,settled
a,black_block,ramp,0.35,0.0,1.053131056896263,0.0,838.642599173481,False,settled
a,black_block,ramp,0.35,0.0,0.8716094041828475,0.0,839.0416753741073,False,settled
a,black_block,ramp,0.35,0.0,0.8160472095719403,0.0,844.7916126467984,False,settled
a,black_block,ramp,0.35,0.0,0.9195440029274137,0.0,838.9368204781067,False,settled
a,black_block,ramp,0.35,0.0,0.8358889051627603,0.0,839.281407702612,False,settled
a,black_block,ramp,0.35,0.0,1.3122252918679569,0.0,805.9684518150169,False,settled
a,black_block,ramp,0.35,0.0,0.9287266779157072,0.0,837.1005178584164,False,settled
a,black_block,ramp,0.35,0.0,0.8521829943799626,0.0,843.3178321449112,False,settled
a,black_block,ramp,0.35,0.0,0.9307855006075398,0.0,843.2378858870245,False,settled
a,black_block,ramp,0.35,0.0,1.0775496122458732,0.0,836.818461923509,False,settled
a,black_block,ramp,0.35,0.0,0.8448530642420434,0.0,838.1721847781989,False,settled
a,black_block,ramp,0.35,0.0,0.7936731817895959,0.0,841.919610534823,False,settled
a,black_block,ramp,0.35,0.0,0.7986817126045237,0.0,840.924330233166,False,settled
a,black_block,ramp,0.35,0.0,0.862174332616306,0.0,837.321486152468,False,settled
a,black_block,ramp,0.35,0.0,0.8384726788071654,0.0,841.394922515294,False,settled
a,black_block,ramp,0.35,0.0,0.8664965715874144,0.0,839.8351820561124,False,settled
a,black_block,ramp,0.35,0.0,0.8929200104282369,0.0,838.4881720932957,False,settled
a,black_block,ramp,0.35,0.0,0.9153016489286809,0.0,839.3073612898768,False,settled
a,red_block,ramp,0.35,0.0,0.9420313966675651,0.0,836.596416857171,False,settled
a,red_block,ramp,0.35,0.0,1.0330093340856674,0.0,840.2063417779932,False,settled
a,red_block,ramp,0.35,0.0,0.9628110293955001,0.0,838.4464654101668,False,settled
a,red_block,ramp,0.35,0.0,0.9666121005131085,0.0,840.3069571287306,False,settled
a,red_block,ramp,0.35,0.0,1.0523610598506947,0.0,837.8134062936249,False,settled
a,red_block,ramp,0.35,0.0,0.9422006642823809,0.0,837.5496000894065,False,settled
a,red_block,ramp,0.35,0.0,0.9449122940021238,0.0,844.7068754556497,False,settled
a,red_block,ramp,0.35,0.0,0.9896050486335335,0.0,844.6303421494672,False,settled
a,red_block,ramp,0.35,0.0,1.073138106663969,0.0,842.6111726616743,False,settled
a,red_block,ramp,0.35,0.0,0.9695807632491172,0.0,842.5000847812585,False,settled
a,red_block,ramp,0.35,0.0,0.9610730707228556,0.0,844.4807015927744,False,settled
a,red_block,ramp,0.35,0.0,0.9454274983061559,0.0,839.4700059499759,False,settled
a,red_block,ramp,0.35,0.0,1.1787830363310894,0.0,839.1283819126431,False,settled
a,red_block,ramp,0.35,0.0,0.98917706964459,0.0,844.4862588867887,False,settled
a,red_block,ramp,0.35,0.0,0.9403297517566569,0.0,842.7152178363721,False,settled
b,blue_ramp,ramp,0.0,1.1,0.0,0.9933271952097447,986.8837764134755,False,settled
b,blue_ramp,ramp,0.0,1.1,0.0,1.5776171854856555,821.6361610840032,False,settled
b,blue_ramp,ramp,0.0,1.1,0.0,1.3493272144331778,875.0514264399028,False,settled
b,blue_ramp,ramp,0.0,1.1,0.0,1.0490053431180195,970.0609037875519,False,settled
b,blue_ramp,ramp,0.0,1.1,0.0,1.2220976202511806,916.6300647075799,False,settled
b,blue_ramp,ramp,0.0,1.1,0.0,1.06349195960886,968.2136677136426,False,settled
b,blue_ramp,ramp,0.0,1.1,0.0,1.1286014147885293,941.3602030910406,False,settled
b,blue_ramp,ramp,0.0,1.1,0.0,1.0390046532877668,977.9463257582023,False,settled
b,blue_ramp,ramp,0.0,1.1,0.0,0.6893992782303119,1112.1292066233339,False,settled
b,blue_ramp,ramp,0.0,1.1,0.0,1.3113230785679808,889.9571735739923,False,settled
b,blue_ramp,ramp,0.0,1.1,0.0,1.1869269457418792,924.3171636836771,False,settled
b,blue_ramp,ramp,0.0,1.1,0.0,1.2488852045025054,906.3524092168932,False,settled
b,blue_ramp,ramp,0.0,1.1,0.0,1.366666647919553,874.2107491040832,False,settled
b,blue_ramp,ramp,0.0,1.1,0.0,1.3243854313440162,887.4417015459472,False,settled
b,blue_ramp,ramp,0.0,1.1,0.0,0.7544440250514738,1077.516171992546,False,settled
b,blue_ramp,ramp,0.0,1.1,0.0,1.669387933238576,799.7910865839551,False,settled
b,blue_ramp,ramp,0.0,1.1,0.0,0.9000208992987017,1023.7223498297404,False,settled
b,blue_ramp,ramp,0.0,1.1,0.0,1.5493566259930012,828.3206362207707,False,settled
b,blue_ramp,ramp,0.0,1.1,0.0,1.0605961610725565,970.3203982229109,False,settled
b,blue_ramp,ramp,0.0,1.1,0.0,0.7531349657600104,1080.686628488781,False,settled
b,blue_ramp,ramp,0.0,1.1,0.0,0.8974111885026521,1025.7885727832756,False,settled
b,blue_ramp,ramp,0.0,1.1,0.0,1.2427554551781366,911.9414305083851,False,settled
b,blue_ramp,ramp,0.0,1.1,0.0,0.8339378229282467,1050.5470686169099,False,settled
b,blue_ramp,ramp,0.0,1.1,0.0,1.025920100673908,978.4152906264897,False,settled
b,blue_ramp,ramp,0.0,1.1,0.0,1.0885568015222822,956.4258975428776,False,settled
b,blue_ramp,ramp,0.0,1.1,0.0,0.8206867285166066,1060.6947155892203,False,settled
b,blue_ramp,ramp,0.0,1.1,0.0,1.4755831146582783,844.3739236654555,False,settled
b,blue_ramp,ramp,0.0,1.1,0.0,1.2121678981947894,917.841313696253,False,settled
b,blue_ramp,ramp,0.0,1.1,0.0,0.7834319347041141,1076.8552546773544,False,settled
b,blue_ramp,ramp,0.0,1.1,0.0,1.2941211958525094,891.9839066206924,False,settled
b,blue_ramp,ramp,0.0,1.1,0.0,1.0973303093075844,958.060175111205,False,settled
b,blue_ramp,ramp,0.0,1.1,0.0,0.7102763650986152,1106.0674524946328,False,settled
b,blue_ramp,ramp,0.0,1.1,0.0,0.9601614891874615,999.3560512248761,False,settled
b,blue_ramp,ramp,0.0,1.1,0.0,1.245524017527389,909.4103935745131,False,settled
b,blue_ramp,ramp,0.0,1.1,0.0,1.0303682345964718,975.0819424977731,False,settled
b,blue_ramp,ramp,0.0,1.1,0.0,1.5373793950368628,832.7273017771165,False,settled
b,blue_ramp,ramp,0.0,1.1,0.0,1.1029670245434857,953.5764995301631,False,settled
b,blue_ramp,ramp,0.0,1.1,0.0,1.1256112402118195,943.7029722252197,False,settled
b,blue_ramp,ramp,0.0,1.1,0.0,0.994352318948245,986.6649348866271,False,settled
b,blue_ramp,ramp,0.0,1.1,0.0,0.9504552825711793,1007.0353989057763,False,settled
b,blue_ramp,ramp,0.0,1.1,0.0,1.573463572962185,822.8433053615831,False,settled
b,blue_ramp,ramp,0.0,1.1,0.0,1.0942774988073014,960.6387074672281,False,settled
b,blue_ramp,ramp,0.0,1.1,0.0,0.7520395130473955,1081.4599689525746,False,settled
b,blue_ramp,ramp,0.0,1.1,0.0,1.2996730840937807,893.1619871202275,False,settled
b,blue_ramp,ramp,0.0,1.1,0.0,0.8465210940582248,1040.772878716627,False,settled
b,blue_ramp,ramp,0.0,1.1,0.0,0.7013277967307592,1106.762384910031,False,settled
b,blue_ramp,ramp,0.0,1.1,0.0,1.5088422637266135,838.9498864786528,False,settled
b,blue_ramp,ramp,0.0,1.1,0.0,1.08415284896308,959.7363475845596,False,settled
b,blue_ramp,ramp,0.0,1.1,0.0,0.8257960035488869,1056.9132245586432,False,settled
b,blue_ramp,ramp,0.0,1.1,0.0,1.3078197103911557,891.8125035458021,False,settled
b,blue_ramp,ramp,0.0,1.1,0.0,1.1276252993619418,942.0377318727637,False,settled
b,blue_ramp,ramp,0.0,1.1,0.0,1.1350655746443938,944.5446756929446,False,settled
b,blue_ramp,ramp,0.0,1.1,0.0,1.3687144999050518,872.1161700450713,False,settled
b,blue_ramp,ramp,0.0,1.1,0.0,0.9652667517482426,1006.5191262013562,False,settled
b,blue_ramp,ramp,0.0,1.1,0.0,1.6245639061823864,809.9066267036386,False,settled
b,blue_ramp,ramp,0.0,1.1,0.0,0.7995800573726701,1057.6787397385629,False,settled
b,blue_ramp,ramp,0.0,1.1,0.0,1.074948530024721,965.2883111890505,False,settled
b,blue_ramp,ramp,0.0,1.1,0.0,0.9018023671685128,1022.3141604925407,False,settled
b,blue_ramp,ramp,0.0,1.1,0.0,1.1046569956224515,952.15930051168,False,settled
b,blue_ramp,ramp,0.0,1.1,0.0,0.7664346623099231,1075.2495941221684,False,settled
b,blue_ramp,ramp,0.0,1.1,0.0,1.2008188300305664,920.0495266715901,False,settled
b,blue_ramp,ramp,0.0,1.1,0.0,1.0474770577937111,971.2720738249283,False,settled
b,blue_ramp,ramp,0.0,1.1,0.0,1.2742436538299737,897.00998808599,False,settled
b,blue_ramp,ramp,0.0,1.1,0.0,0.9140499444186102,1025.001684057559,False,settled
b,blue_ramp,ramp,0.0,1.1,0.0,1.5008664052796152,840.3584747391818,False,settled
b,blue_ramp,ramp,0.0,1.1,0.0,0.945384204224487,1011.1151939646342,False,settled
b,blue_ramp,ramp,0.0,1.1,0.0,1.3805701335758047,870.914432146126,False,settled
b,blue_ramp,ramp,0.0,1.1,0.0,1.1181147660715873,949.6250117679751,False,settled
b,blue_ramp,ramp,0.0,1.1,0.0,1.1067015367084247,950.4450860094827,False,settled
b,blue_ramp,ramp,0.0,1.1,0.0,0.7647269478967859,1076.2931237675255,False,settled
b,blue_ramp,ramp,0.0,1.1,0.0,0.7309404019807708,1099.0907648593748,False,settled
b,blue_ramp,ramp,0.0,1.1,0.0,0.9771780180299222,996.9573742478143,False,settled
b,blue_ramp,ramp,0.0,1.1,0.0,1.19012361968565,929.121115468999,False,settled
b,blue_ramp,ramp,0.0,1.1,0.0,1.5808379474011494,822.1402849444196,False,settled
b,blue_ramp,ramp,0.0,1.1,0.0,1.0187915916594692,984.2464845532195,False,settled
b,blue_ramp,ramp,0.0,1.1,0.0,1.4326976290668862,854.4465772085022,False,settled
b,blue_ramp,ramp,0.0,1.1,0.0,1.244602520946188,910.2527625239763,False,settled
b,blue_ramp,ramp,0.0,1.1,0.0,0.8991219017656507,1024.4329079956633,False,settled
b,blue_ramp,ramp,0.0,1.1,0.0,1.0122878902215977,989.6015886650423,False,settled
b,blue_ramp,ramp,0.0,1.1,0.0,1.551135373754362,828.9787593998794,False,settled
b,blue_ramp,ramp,0.0,1.1,0.0,1.29931887721499,893.4949498087674,False,settled
b,blue_ramp,ramp,0.0,1.1,0.0,1.1016177403169212,954.4504615786441,False,settled
b,blue_ramp,ramp,0.0,1.1,0.0,0.929203207918533,1019.1931519646444,False,settled
b,blue_ramp,ramp,0.0,1.1,0.0,1.3471864695379154,877.1127611138558,False,settled
b,blue_ramp,ramp,0.0,1.1,0.0,1.291032490933204,894.7404800150091,False,settled
b,blue_ramp,ramp,0.0,1.1,0.0,0.8785018136856195,1028.1540736807665,False,settled
b,blue_ramp,ramp,0.0,1.1,0.0,1.1937668819311122,926.1515502291842,False,settled
b,blue_ramp,ramp,0.0,1.1,0.0,1.3289049393292185,883.0227156155981,False,settled
b,blue_ramp,ramp,0.0,1.1,0.0,1.0924876290326853,953.1904652875762,False,settled
b,blue_ramp,ramp,0.0,1.1,0.0,0.8448676797067367,1042.1292266461692,False,settled
b,blue_ramp,ramp,0.0,1.1,0.0,1.0022762945996169,985.084780813972,False,settled
b,blue_ramp,ramp,0.0,1.1,0.0,0.9563818204614635,1002.2818970998774,False,settled
b,blue_ramp,ramp,0.0,1.1,0.0,1.0883309436698252,956.5216378892154,False,settled
b,blue_ramp,ramp,0.0,1.1,0.0,1.4904584433460237,842.8288270734497,False,settled
b,blue_ramp,ramp,0.0,1.1,0.0,1.1416319257960088,939.5620078917465,False,settled
b,blue_ramp,ramp,0.0,1.1,0.0,1.1668136274741236,933.5804178353632,False,settled
b,blue_ramp,ramp,0.0,1.1,0.0,1.2156215876559149,914.8452423295072,False,settled
b,blue_ramp,ramp,0.0,1.1,0.0,0.8476446594435243,1039.9055485911147,False,settled
b,blue_ramp,ramp,0.0,1.1,0.0,0.8886608688619297,1032.7579085893522,False,settled
b,blue_ramp,ramp,0.0,1.1,0.0,0.8432485619444168,1043.2948431522236,False,settled
b,blue_ramp,ramp,0.0,1.1,0.0,0.9883777942582854,988.5141859334154,False,settled
b,blue_ramp,ramp,0.0,1.1,0.0,0.7579730709729886,1076.730943681758,False,settled
b,blue_ramp,ramp,0.0,1.1,0.0,0.6966936491354022,1116.3848105097688,False,settled
b,blue_ramp,ramp,0.0,1.1,0.0,1.123266798681107,945.5775977092256,False,settled
b,blue_ramp,ramp,0.0,1.1,0.0,1.1230819055058987,945.7337189430307,False,settled
b,blue_ramp,ramp,0.0,1.1,0.0,1.0405503678539116,976.6701727305009,False,settled
b,blue_ramp,ramp,0.0,1.1,0.0,1.1821517275117799,928.3807634930843,False,settled
b,blue_ramp,ramp,0.0,1.1,0.0,1.0748640643077676,965.3096137520865,False,settled
b,blue_ramp,ramp,0.0,1.1,0.0,1.1834578424846471,927.2444749099786,False,settled
b,blue_ramp,ramp,0.0,1.1,0.0,0.8027933899069987,1057.26350103011,False,settled
b,blue_ramp,ramp,0.0,1.1,0.0,0.8914711355967834,1030.5192080445468,False,settled
b,blue_ramp,ramp,0.0,1.1,0.0,0.7437500259118075,1089.5439098458742,False,settled
b,blue_ramp,ramp,0.0,1.1,0.0,1.4167921132329027,857.7199350233116,False,settled
b,blue_ramp,ramp,0.0,1.1,0.0,0.9712108992410288,1001.6926011424548,False,settled
b,blue_ramp,ramp,0.0,1.1,0.0,1.6451199122147897,805.3883983905765,False,settled
b,blue_ramp,ramp,0.0,1.1,0.0,1.6453402322864668,806.07642696751,False,settled
b,blue_ramp,ramp,0.0,1.1,0.0,0.7333362140515532,1086.4743308623354,False,settled
b,blue_ramp,ramp,0.0,1.1,0.0,0.7331739975462822,1086.1706546909465,False,settled
b,blue_ramp,ramp,0.0,1.1,0.0,1.4169914461801125,857.4293852731256,False,settled
b,blue_ramp,ramp,0.0,1.1,0.0,0.7120224661746962,1096.8794238711314,False,settled
b,blue_ramp,ramp,0.0,1.1,0.0,1.3952854790307645,866.1296626075628,False,settled
b,blue_ramp,ramp,0.0,1.1,0.0,1.1086992223148617,948.7896256559942,False,settled
b,blue_ramp,ramp,0.0,1.1,0.0,0.799964235311097,1057.700655491348,False,settled
b,blue_ramp,ramp,0.0,1.1,0.0,1.467359424787845,845.6977652310418,False,settled
b,blue_ramp,ramp,0.0,1.1,0.0,0.9503753276361854,1007.0998746005711,False,settled
b,blue_ramp,ramp,0.0,1.1,0.0,1.041971899042101,975.496724259033,False,settled
b,blue_ramp,ramp,0.0,1.1,0.0,0.7326998856041012,1085.785295112559,False,settled
b,blue_ramp,ramp,0.0,1.1,0.0,0.871179959393184,1033.71419762892,False,settled
b,blue_ramp,ramp,0.0,1.1,0.0,0.845205693000531,1041.8669658541717,False,settled
b,blue_ramp,ramp,0.0,1.1,0.0,1.6249908800654131,811.0850071630996,False,settled
b,blue_ramp,ramp,0.0,1.1,0.0,0.698983560900269,1104.4141951801203,False,settled
b,blue_ramp,ramp,0.0,1.1,0.0,0.7613435994886295,1077.9055493185854,False,settled
b,blue_ramp,ramp,0.0,1.1,0.0,1.5267945693820042,833.7976286637855,False,settled
b,blue_ramp,ramp,0.0,1.1,0.0,1.67958936412687,796.0935044361709,False,settled
b,blue_ramp,ramp,0.0,1.1,0.0,0.8835138563332093,1036.6397726458038,False,settled
b,blue_ramp,ramp,0.0,1.1,0.0,0.8032459533857805,1057.2101473784953,False,settled
b,blue_ramp,ramp,0.0,1.1,0.0,1.3792773368884461,867.1313211131279,False,settled
b,blue_ramp,ramp,0.0,1.1,0.0,0.9795194372129999,995.1094857693827,False,settled
b,blue_ramp,ramp,0.0,1.1,0.0,1.548412312865637,829.8400425113261,False,settled
b,blue_ramp,ramp,0.0,1.1,0.0,1.3450362263977846,878.9735456098073,False,settled
b,blue_ramp,ramp,0.0,1.1,0.0,1.6244612884323344,810.1733599677009,False,settled
b,blue_ramp,ramp,0.0,1.1,0.0,1.4259259905603336,857.2690890933761,False,settled
b,blue_ramp,ramp,0.0,1.1,0.0,0.9014042047691725,1022.6288340263907,False,settled
b,blue_ramp,ramp,0.0,1.1,0.0,1.097141883267691,958.2193009202674,False,settled
b,blue_ramp,ramp,0.0,1.1,0.0,1.4749716035643279,847.0260667180369,False,settled
b,blue_ramp,ramp,0.0,1.1,0.0,0.9731264089860409,1000.1375241185169,False,settled
b,blue_ramp,ramp,0.0,1.1,0.0,0.9999050409793435,985.502081129476,False,settled
b,blue_ramp,ramp,0.0,1.1,0.0,1.4127849902073968,861.7634117082777,False,settled
b,blue_ramp,ramp,0.0,1.1,0.0,1.0534572078407232,966.5198326235688,False,settled
b,blue_ramp,ramp,0.0,1.1,0.0,1.493343767601957,843.2024804541438,False,settled
b,blue_ramp,ramp,0.0,1.1,0.0,1.0716691636527858,966.1215057873159,False,settled
b,blue_ramp,ramp,0.0,1.1,0.0,0.7963227743731129,1071.9535775549928,False,settled
b,blue_ramp,ramp,0.0,1.1,0.0,1.3809180057368378,870.558626134016,False,settled
b,blue_ramp,ramp,0.0,1.1,0.0,1.0482750043577311,970.6467086336228,False,settled
b,blue_ramp,ramp,0.0,1.1,0.0,1.3713940385312353,869.659349647171,False,settled
b,blue_ramp,ramp,0.0,1.1,0.0,1.511823942500543,838.7556739047284,False,settled
b,blue_ramp,ramp,0.0,1.1,0.0,0.6889504618636626,1106.34398372405,False,settled
b,blue_ramp,ramp,0.0,1.1,0.0,1.1458045667979158,938.3369568890699,False,settled
b,blue_ramp,ramp,0.0,1.1,0.0,1.0873523454102536,957.3351195476093,False,settled
b,blue_ramp,ramp,0.0,1.1,0.0,1.1902781159284874,928.9847165901507,False,settled
b,blue_ramp,ramp,0.0,1.1,0.0,1.3748636636734124,871.2897466061717,False,settled
b,blue_ramp,ramp,0.0,1.1,0.0,1.1364529999067026,943.3771552430893,False,settled
b,blue_ramp,ramp,0.0,1.1,0.0,1.540706319111873,831.2286000029875,False,settled
b,blue_ramp,ramp,0.0,1.1,0.0,0.8243607842905517,1058.0430829191105,False,settled
b,blue_ramp,ramp,0.0,1.1,0.0,0.9865192469215724,989.8748383289478,False,settled
b,blue_ramp,ramp,0.0,1.1,0.0,0.720477452873857,1101.5240072452802,False,settled
b,blue_ramp,ramp,0.0,1.1,0.0,1.4674384238123193,845.6032761167199,False,settled
b,blue_ramp,ramp,0.0,1.1,0.0,1.6120623349317866,813.2412344350818,False,settled
b,blue_ramp,ramp,0.0,1.1,0.0,1.0138425525289738,988.3192425616693,False,settled
b,blue_ramp,ramp,0.0,1.1,0.0,0.9200846674353834,1020.9069032948668,False,settled
b,blue_ramp,ramp,0.0,1.1,0.0,0.8360882279717428,1048.8654112813847,False,settled
b,blue_ramp,ramp,0.0,1.1,0.0,1.3890251697976947,867.4826195295343,False,settled
b,blue_ramp,ramp,0.0,1.1,0.0,0.9083214703463023,1017.2835486502389,False,settled
b,blue_ramp,ramp,0.0,1.1,0.0,0.844579613888398,1042.3527342356922,False,settled
b,blue_ramp,ramp,0.0,1.1,0.0,1.6088143619765385,814.7646803796375,False,settled
b,blue_ramp,ramp,0.0,1.1,0.0,0.7963383895584643,1071.9515106412553,False,settled
b,blue_ramp,ramp,0.0,1.1,0.0,1.2396344003218507,907.5830866039677,False,settled
b,blue_ramp,ramp,0.0,1.1,0.0,1.2455888261997683,909.3511492343472,False,settled
b,blue_ramp,ramp,0.0,1.1,0.0,1.1181147646525198,949.6250129694507,False,settled
b,blue_ramp,ramp,0.0,1.1,0.0,0.9046545861439818,1020.0918088963667,False,settled
b,blue_ramp,ramp,0.0,1.1,0.0,1.250035599930139,905.3988498670535,False,settled
b,blue_ramp,ramp,0.0,1.1,0.0,1.5791930399199252,821.9840846863085,False,settled
b,blue_ramp,ramp,0.0,1.1,0.0,1.2127333495167807,917.3476847506265,False,settled
b,blue_ramp,ramp,0.0,1.1,0.0,0.89563059259597,1027.2066684608217,False,settled
b,blue_ramp,ramp,0.0,1.1,0.0,0.9537092013374152,1004.419709160983,False,settled
b,blue_ramp,ramp,0.0,1.1,0.0,1.1196700562899236,948.5663105776199,False,settled
b,blue_ramp,ramp,0.0,1.1,0.0,1.6119258125502478,813.5464997117957,False,settled
b,blue_ramp,ramp,0.0,1.1,0.0,1.6699687345879175,799.8337211981659,False,settled
b,blue_ramp,ramp,0.0,1.1,0.0,1.2336325952095852,912.4588467816412,False,settled
b,blue_ramp,ramp,0.0,1.1,0.0,0.8951581545503868,1027.5828983345993,False,settled
b,blue_ramp,ramp,0.0,1.1,0.0,0.7198087012515122,1099.700213170214,False,settled
b,blue_ramp,ramp,0.0,1.1,0.0,1.4704754583806587,848.1654281744727,False,settled
b,blue_ramp,ramp,0.0,1.1,0.0,0.7319234542074478,1085.2362574715148,False,settled
b,blue_ramp,ramp,0.0,1.1,0.0,1.4632324857362062,846.2954293760175,False,settled
b,blue_ramp,ramp,0.0,1.1,0.0,0.7930454855624036,1072.3858322623105,False,settled
b,blue_ramp,ramp,0.0,1.1,0.0,1.2646081219000105,905.8978644629891,False,settled
b,blue_ramp,ramp,0.0,1.1,0.0,1.0449466686312396,973.0525797306846,False,settled
b,blue_ramp,ramp,0.0,1.1,0.0,0.9149111593821274,1024.3187913831982,False,settled
b,blue_ramp,ramp,0.0,1.1,0.0,1.4549036361086591,847.4204098352159,False,settled
b,blue_ramp,ramp,0.0,1.1,0.0,0.808015231459195,1056.7268806852128,False,settled
b,blue_ramp,ramp,0.0,1.1,0.0,1.291097073576021,894.6811404954351,False,settled
b,blue_ramp,ramp,0.0,1.1,0.0,1.2914719998374642,894.3366499296029,False,settled
b,blue_ramp,ramp,0.0,1.1,0.0,0.9932383937826784,986.9386778116676,False,settled
b,blue_ramp,ramp,0.0,1.1,0.0,0.7915413950001131,1072.5841197021848,False,settled
b,blue_ramp,ramp,0.0,1.1,0.0,1.0978653258763562,957.6083518225264,False,settled
b,blue_ramp,ramp,0.0,1.1,0.0,1.3504474254611103,879.3493007400082,False,settled
b,blue_ramp,ramp,0.0,1.1,0.0,0.7461837639536119,1083.809590850649,False,settled
b,blue_ramp,ramp,0.0,1.1,0.0,1.4229708449947245,855.7448769441377,False,settled
b,blue_ramp,ramp,0.0,1.1,0.0,0.8986784868557576,1024.7833560024774,False,settled
b,blue_ramp,ramp,0.0,1.1,0.0,1.6854237039926936,792.7667346066995,False,settled
b,blue_ramp,ramp,0.0,1.1,0.0,1.3815586335565244,869.9031075755502,False,settled
b,blue_ramp,ramp,0.0,1.1,0.0,0.9214435218634002,1020.6510655729375,False,settled
b,blue_ramp,ramp,0.0,1.1,0.0,0.8006855310805657,1057.609067675959,False,settled
b,blue_ramp,ramp,0.0,1.1,0.0,1.0835960871141657,960.2024644990616,False,settled
b,blue_ramp,ramp,0.0,1.1,0.0,0.9001014725280653,1023.6586622598189,False,settled
b,blue_ramp,ramp,0.0,1.1,0.0,1.0029433457580723,984.9454054390018,False,settled
b,blue_ramp,ramp,0.0,1.1,0.0,1.1006044027376731,955.299230620409,False,settled
b,blue_ramp,ramp,0.0,1.1,0.0,0.8909906170683101,1030.9019110011866,False,settled
b,blue_ramp,ramp,0.0,1.1,0.0,0.7731050520879512,1070.6860111837584,False,settled
b,blue_ramp,ramp,0.0,1.1,0.0,1.424430948772948,854.1938149280855,False,settled
b,blue_ramp,ramp,0.0,1.1,0.0,1.498538878874268,842.1009089903973,False,settled
b,blue_ramp,ramp,0.0,1.1,0.0,0.9726655160701083,1000.511694402662,False,settled
b,blue_ramp,ramp,0.0,1.1,0.0,0.9138867357111858,1025.131103664443,False,settled
b,blue_ramp,ramp,0.0,1.1,0.0,1.1319622306998787,946.8990628299244,False,settled
b,blue_ramp,ramp,0.0,1.1,0.0,1.2548546293041871,907.9569489436554,False,settled
b,blue_ramp,ramp,0.0,1.1,0.0,0.9037170097295213,1020.8007532991659,False,settled
b,blue_ramp,ramp,0.0,1.1,0.0,1.1200431360223648,948.250641012987,False,settled
b,blue_ramp,ramp,0.0,1.1,0.0,1.3941827657003791,867.2968195398453,False,settled
b,blue_ramp,ramp,0.0,1.1,0.0,1.037706818138112,979.0177385724153,False,settled
b,blue_ramp,ramp,0.0,1.1,0.0,1.0780041180061808,964.5176162563345,False,settled
b,blue_ramp,ramp,0.0,1.1,0.0,0.6944527273635072,1104.6032151435984,False,settled
b,blue_ramp,ramp,0.0,1.1,0.0,0.9371879131088132,1006.2383750259021,False,settled
b,blue_ramp,ramp,0.0,1.1,0.0,1.3688424779794839,871.9852831252715,False,settled
b,blue_ramp,ramp,0.0,1.1,0.0,0.774972578180069,1069.1810187198075,False,settled
b,blue_ramp,ramp,0.0,1.1,0.0,0.6987711100140089,1104.1435192735491,False,settled
b,blue_ramp,ramp,0.0,1.1,0.0,1.1296302079855367,948.9277615208218,False,settled
b,blue_ramp,ramp,0.0,1.1,0.0,1.5240164969315215,835.4885789112086,False,settled
b,blue_ramp,ramp,0.0,1.1,0.0,1.3409773795347537,877.4740666250569,False,settled
b,blue_ramp,ramp,0.0,1.1,0.0,1.1389456866441185,941.2706109943516,False,settled
b,blue_ramp,ramp,0.0,1.1,0.0,0.8797135842679255,1027.2135244830458,False,settled
b,blue_ramp,ramp,0.0,1.1,0.0,1.2733135140308154,897.8603980745786,False,settled
b,blue_ramp,ramp,0.0,1.1,0.0,1.0855861780847014,958.8036637343357,False,settled
b,blue_ramp,ramp,0.0,1.1,0.0,0.7024186252729482,1100.1936505822118,False,settled
b,blue_ramp,ramp,0.0,1.1,0.0,1.0022117360319653,985.0982520121506,False,settled
b,blue_ramp,ramp,0.0,1.1,0.0,0.8589528898626831,1035.5276814903586,False,settled
b,blue_ramp,ramp,0.0,1.1,0.0,1.5619042339545042,826.1072675711529,False,settled
b,blue_ramp,ramp,0.0,1.1,0.0,0.7937365236299767,1072.2945187834837,False,settled
b,blue_ramp,ramp,0.0,1.1,0.0,0.916136609406414,1023.3471548361845,False,settled
b,blue_ramp,ramp,0.0,1.1,0.0,0.9999683882191994,985.4888634928142,False,settled
b,blue_ramp,ramp,0.0,1.1,0.0,1.1251551185165392,944.0849743397882,False,settled
b,blue_ramp,ramp,0.0,1.1,0.0,0.9133512900091115,1025.555926820307,False,settled
b,blue_ramp,ramp,0.0,1.1,0.0,1.1385300957499545,941.621558303762,False,settled
b,blue_ramp,ramp,0.0,1.1,0.0,1.2747708246745233,896.537566833618,False,settled
b,blue_ramp,ramp,0.0,1.1,0.0,0.7276782516417264,1096.8583940171518,False,settled
b,blue_ramp,ramp,0.0,1.1,0.0,0.8868458803780236,1034.2141713084925,False,settled
b,blue_ramp,ramp,0.0,1.1,0.0,0.8008009625608132,1057.5954303434537,False,settled
b,blue_ramp,ramp,0.0,1.1,0.0,0.954737153244801,1003.5935626468496,False,settled
b,blue_ramp,ramp,0.0,1.1,0.0,1.6266531946122746,810.0570770732058,False,settled
b,blue_ramp,ramp,0.0,1.1,0.0,0.7644743088627738,1076.4491022053846,False,settled
b,blue_ramp,ramp,0.0,1.1,0.0,1.6794338631207923,796.897307555031,False,settled
b,blue_ramp,ramp,0.0,1.1,0.0,1.2117310281181426,918.2225326405969,False,settled
b,blue_ramp,ramp,0.0,1.1,0.0,0.7394893286541905,1084.6920517966187,False,settled
b,blue_ramp,ramp,0.0,1.1,0.0,1.2497435803334884,905.574196277222,False,settled
b,blue_ramp,ramp,0.0,1.1,0.0,1.5926919569873168,819.028358150776,False,settled
b,blue_ramp,ramp,0.0,1.1,0.0,1.1141110855917544,953.0167818318218,False,settled
b,blue_ramp,ramp,0.0,1.1,0.0,0.9243355509170393,1020.1079983031248,False,settled
b,blue_ramp,ramp,0.0,1.1,0.0,1.4684401713644972,844.4049322160204,False,settled
b,blue_ramp,ramp,0.0,1.1,0.0,0.7078966965699629,1097.2814282708098,False,settled
b,blue_ramp,ramp,0.0,1.1,0.0,1.0713720209099167,966.1975196311333,False,settled
b,blue_ramp,ramp,0.0,1.1,0.0,1.0512668000525909,968.3358449574914,False,settled
b,blue_ramp,ramp,0.0,1.1,0.0,0.7306782993674326,1098.7594332237488,False,settled
b,blue_ramp,ramp,0.0,1.1,0.0,1.1045352746780723,952.2613537755076,False,settled
b,blue_ramp,ramp,0.0,1.1,0.0,1.4364473977972883,854.6544263358002,False,settled
b,blue_ramp,ramp,0.0,1.1,0.0,1.6001009080381599,815.8638995769849,False,settled
b,blue_ramp,ramp,0.0,1.1,0.0,1.0982964675611413,957.2442493489791,False,settled
b,blue_ramp,ramp,0.0,1.1,0.0,0.8589344560385024,1035.5304120435653,False,settled
b,blue_ramp,ramp,0.0,1.1,0.0,0.8260615927309848,1056.7041059015853,False,settled
b,blue_ramp,ramp,0.0,1.1,0.0,1.4258654366237677,857.3367017445236,False,settled
b,blue_ramp,ramp,0.0,1.1,0.0,1.1396518032060048,940.6780663444558,False,settled
b,blue_ramp,ramp,0.0,1.1,0.0,1.3886633396087231,867.8603182436148,False,settled
b,blue_ramp,ramp,0.0,1.1,0.0,0.6941257929325414,1114.269920925524,False,settled
b,blue_ramp,ramp,0.0,1.1,0.0,1.1664799233802965,933.8708634955041,False,settled
b,blue_ramp,ramp,0.0,1.1,0.0,1.0358204469644807,980.5754515244602,False,settled
b,blue_ramp,ramp,0.0,1.1,0.0,0.8482263564601709,1039.4562883233416,False,settled
b,blue_ramp,ramp,0.0,1.1,0.0,1.1628047572009972,936.8163822045532,False,settled
b,blue_ramp,ramp,0.0,1.1,0.0,1.544226577754409,829.5898243386187,False,settled
b,blue_ramp,ramp,0.0,1.1,0.0,1.2995677292306353,893.2605800590369,False,settled
b,blue_ramp,ramp,0.0,1.1,0.0,1.3710213165749927,870.0342548635126,False,settled
b,blue_ramp,ramp,0.0,1.1,0.0,0.7550479110302286,1077.475611256554,False,settled
b,blue_ramp,ramp,0.0,1.1,0.0,0.9121451081428795,1026.51256385941,False,settled
b,blue_ramp,ramp,0.0,1.1,0.0,0.9723414282258522,1000.7748010252483,False,settled
b,blue_ramp,ramp,0.0,1.1,0.0,0.7027212956409747,1101.2629137853762,False,settled
b,blue_ramp,ramp,0.0,1.1,0.0,1.644310893950056,805.3661516837601,False,settled
b,blue_ramp,ramp,0.0,1.1,0.0,1.1892724337374123,922.3117174626278,False,settled
b,blue_ramp,ramp,0.0,1.1,0.0,0.7962931575830196,1071.957504170003,False,settled
b,blue_ramp,ramp,0.0,1.1,0.0,1.183120860928292,927.5376502868519,False,settled
b,blue_ramp,ramp,0.0,1.1,0.0,1.2638728831321093,899.724748469911,False,settled
b,blue_ramp,ramp,0.0,1.1,0.0,1.340854005329687,877.6586824884524,False,settled
b,blue_ramp,ramp,0.0,1.1,0.0,0.7253034414697239,1093.4207384138765,False,settled
b,blue_ramp,ramp,0.0,1.1,0.0,0.8519898914876756,1049.5041627502962,False,settled
b,blue_ramp,ramp,0.0,1.1,0.0,1.6174038036880223,812.9977607990074,False,settled
b,blue_ramp,ramp,0.0,1.1,0.0,1.0862381130330923,958.261615256995,False,settled
b,blue_ramp,ramp,0.0,1.1,0.0,1.1993666727388042,921.2320583288989,False,settled
b,blue_ramp,ramp,0.0,1.1,0.0,1.257501083555608,905.5204648652633,False,settled
b,blue_ramp,ramp,0.0,1.1,0.0,1.5747063817529192,822.8643674514949,False,settled
b,blue_ramp,ramp,0.0,1.1,0.0,0.9998159988037791,985.5206601062695,False,settled
b,blue_ramp,ramp,0.0,1.1,0.0,0.9890725164558916,987.9711800264847,False,settled
b,blue_ramp,ramp,0.0,1.1,0.0,1.5894417434737196,819.2580805102816,False,settled
b,blue_ramp,ramp,0.0,1.1,0.0,1.0924476972614718,953.2236051959486,False,settled
b,blue_ramp,ramp,0.0,1.1,0.0,1.0890890961066513,955.9832365228432,False,settled
b,blue_ramp,ramp,0.0,1.1,0.0,0.8387723465610147,1046.768505091709,False,settled
b,blue_ramp,ramp,0.0,1.1,0.0,1.3952780197581671,866.1375579961131,False,settled
b,blue_ramp,ramp,0.0,1.1,0.0,1.0332409353309762,972.857499656958,False,settled
b,blue_ramp,ramp,0.0,1.1,0.0,1.4162371643046399,858.3277953705116,False,settled
b,blue_ramp,ramp,0.0,1.1,0.0,1.223715127494485,915.9302066491947,False,settled
b,blue_ramp,ramp,0.0,1.1,0.0,1.2528610300565208,902.8865684290643,False,settled
b,blue_ramp,ramp,0.0,1.1,0.0,0.8372496541349662,1047.9571342432048,False,settled
b,blue_ramp,ramp,0.0,1.1,0.0,1.5983251264279068,817.3223662516009,False,settled
b,blue_ramp,ramp,0.0,1.1,0.0,1.4903682369104625,842.9420471861786,False,settled
b,blue_ramp,ramp,0.0,1.1,0.0,1.1082072160455054,949.1990928210697,False,settled
b,blue_ramp,ramp,0.0,1.1,0.0,0.7266415465188216,1094.8847763240872,False,settled
b,blue_ramp,ramp,0.0,1.1,0.0,0.8342153811033972,1050.3300161787515,False,settled
b,blue_ramp,ramp,0.0,1.1,0.0,0.8708372328111401,1033.7640914384465,False,settled
b,blue_ramp,ramp,0.0,1.1,0.0,0.8408103716772092,1045.1868978699856,False,settled
b,blue_ramp,ramp,0.0,1.1,0.0,1.3005594723829093,892.3299011903487,False,settled
b,blue_ramp,ramp,0.0,1.1,0.0,0.8427548391300183,1043.6779203884576,False,settled
b,blue_ramp,ramp,0.0,1.1,0.0,1.1316737613317123,947.1415613218333,False,settled
b,blue_ramp,ramp,0.0,1.1,0.0,0.7896655179710361,1072.8313574061638,False,settled
b,blue_ramp,ramp,0.0,1.1,0.0,0.9648809037985462,1006.8324435871735,False,settled
b,blue_ramp,ramp,0.0,1.1,0.0,1.2803558713429517,898.0258789805589,False,settled
b,blue_ramp,ramp,0.0,1.1,0.0,1.2871840270064792,898.2535263005657,False,settled
b,blue_ramp,ramp,0.0,1.1,0.0,1.2585009740762567,904.5999749625204,False,settled
b,blue_ramp,ramp,0.0,1.1,0.0,1.056028381567448,974.0680052720427,False,settled
b,blue_ramp,ramp,0.0,1.1,0.0,0.7963401510797617,1071.9512786148193,False,settled
b,blue_ramp,ramp,0.0,1.1,0.0,0.8397452623531853,1046.0134781980748,False,settled
b,blue_ramp,ramp,0.0,1.1,0.0,1.5844528070517692,819.4832928110644,False,settled
b,blue_ramp,ramp,0.0,1.1,0.0,1.1259182903176792,943.3512764427612,False,settled
b,blue_ramp,ramp,0.0,1.1,0.0,1.442136203837921,853.0450674876321,False,settled
b,blue_ramp,ramp,0.0,1.1,0.0,0.7831291626165259,1077.0938443760397,False,settled
b,blue_ramp,ramp,0.0,1.1,0.0,0.8061399305792321,1056.9432005269243,False,settled
b,blue_ramp,ramp,0.0,1.1,0.0,0.8422095765915589,1044.1009882684662,False,settled
b,blue_ramp,ramp,0.0,1.1,0.0,1.6131025730546815,813.712147001752,False,settled
b,blue_ramp,ramp,0.0,1.1,0.0,1.5454953711053172,830.9272755253418,False,settled
b,blue_ramp,ramp,0.0,1.1,0.0,1.4983259450143653,842.2611528883431,False,settled
b,blue_ramp,ramp,0.0,1.1,0.0,1.381355442427409,870.1112052971621,False,settled
b,blue_ramp,ramp,0.0,1.1,0.0,0.9246678277853162,1020.045557788964,False,settled
b,blue_ramp,ramp,0.0,1.1,0.0,1.4225514672792663,856.2807821838218,False,settled
b,blue_ramp,ramp,0.0,1.1,0.0,1.1145337395593526,952.6567974217905,False,settled
b,blue_ramp,ramp,0.0,1.1,0.0,1.002783996864242,984.9786489963593,False,settled
b,blue_ramp,ramp,0.0,1.1,0.0,1.033485611915909,972.6660485543405,False,settled
b,blue_ramp,ramp,0.0,1.1,0.0,0.692596849413817,1105.7280212631956,False,settled
b,blue_ramp,ramp,0.0,1.1,0.0,0.7857478481351193,1075.0295368317497,False,settled
b,blue_ramp,ramp,0.0,1.1,0.0,1.682586958720805,795.5128081725599,False,settled
b,blue_ramp,ramp,0.0,1.1,0.0,1.3067368270393944,892.8462257837037,False,settled
b,blue_ramp,ramp,0.0,1.1,0.0,1.037678514241248,979.0411043789904,False,settled
b,blue_ramp,ramp,0.0,1.1,0.0,0.8129766769183439,1053.172489544444,False,settled
b,blue_ramp,ramp,0.0,1.1,0.0,0.7120746107077357,1097.0659258041046,False,settled
b,blue_ramp,ramp,0.0,1.1,0.0,0.7176660444900066,1095.6450786288422,False,settled
b,blue_ramp,ramp,0.0,1.1,0.0,1.0520032577961005,967.6720610971885,False,settled
b,blue_ramp,ramp,0.0,1.1,0.0,1.5852908348136185,819.3853593399356,False,settled
b,blue_ramp,ramp,0.0,1.1,0.0,1.3710784954468795,869.9761726473284,False,settled
b,blue_ramp,ramp,0.0,1.1,0.0,1.6757592484308428,797.3277511733247,False,settled
b,blue_ramp,ramp,0.0,1.1,0.0,0.7714786067148998,1071.7931469245284,False,settled
b,blue_ramp,ramp,0.0,1.1,0.0,1.1142437972137471,952.9037483762642,False,settled
b,blue_ramp,ramp,0.0,1.1,0.0,1.425341376379984,857.6690661674471,False,settled
b,blue_ramp,ramp,0.0,1.1,0.0,0.7890038013604362,1072.9902238819768,False,settled
b,blue_ramp,ramp,0.0,1.1,0.0,0.7304491406011492,1098.468793570329,False,settled
b,blue_ramp,ramp,0.0,1.1,0.0,1.4298704301982876,853.0038603621965,False,settled
b,blue_ramp,ramp,0.0,1.1,0.0,0.7375665868811808,1088.4470257662315,False,settled
b,blue_ramp,ramp,0.0,1.1,0.0,0.9710076432766194,1001.8576100044941,False,settled
b,blue_ramp,ramp,0.0,1.1,0.0,0.8931164016878723,1029.2089658355083,False,settled
b,blue_ramp,ramp,0.0,1.1,0.0,1.0625449722701268,968.7254514723899,False,settled
b,blue_ramp,ramp,0.0,1.1,0.0,0.9075945499415187,1017.8423327100645,False,settled
b,blue_ramp,ramp,0.0,1.1,0.0,0.7067390615533231,1107.4973737732262,False,settled
b,blue_ramp,ramp,0.0,1.1,0.0,1.3277334703224661,884.1658805145089,False,settled
b,blue_ramp,ramp,0.0,1.1,0.0,1.0664723094160118,967.4509424321888,False,settled
b,blue_ramp,ramp,0.0,1.1,0.0,1.2489022541425818,906.3369518769658,False,settled
b,blue_ramp,ramp,0.0,1.1,0.0,0.7049468370296817,1098.3833776224894,False,settled
b,blue_ramp,ramp,0.0,1.1,0.0,1.1271642205281949,942.4016013926667,False,settled
b,blue_ramp,ramp,0.0,1.1,0.0,1.4848206705269489,845.9211511110097,False,settled
b,blue_ramp,ramp,0.0,1.1,0.0,0.9158875189983027,1023.5446469857762,False,settled
b,blue_ramp,ramp,0.0,1.1,0.0,0.8840579966371253,1036.4508843148612,False,settled
b,blue_ramp,ramp,0.0,1.1,0.0,1.6797579563669287,795.2470716187655,False,settled
b,blue_ramp,ramp,0.0,1.1,0.0,0.7679704501108752,1074.275860175741,False,settled
b,blue_ramp,ramp,0.0,1.1,0.0,1.1289102564522067,941.0445480970842,False,settled
b,blue_ramp,ramp,0.0,1.1,0.0,0.8385086030125467,1046.973181559161,False,settled
b,blue_ramp,ramp,0.0,1.1,0.0,1.1666329250511542,933.7376958313356,False,settled
b,blue_ramp,ramp,0.0,1.1,0.0,0.9488412506359064,1008.3331463714916,False,settled
b,blue_ramp,ramp,0.0,1.1,0.0,1.440038828281413,850.8446231368182,False,settled
b,blue_ramp,ramp,0.0,1.1,0.0,0.8773557672188621,1029.0465953903365,False,settled
b,blue_ramp,ramp,0.0,1.1,0.0,1.2419524335306542,912.675578840768,False,settled
b,blue_ramp,ramp,0.0,1.1,0.0,0.8556773738012041,1036.116224433775,False,settled
b,blue_ramp,ramp,0.0,1.1,0.0,1.3064303833811624,893.138703130136,False,settled
b,blue_ramp,ramp,0.0,1.1,0.0,1.4655526397634548,848.2948443117106,False,settled
b,blue_ramp,ramp,0.0,1.1,0.0,1.1447962514826229,938.6330655527962,False,settled
b,blue_ramp,ramp,0.0,1.1,0.0,1.5172766908490307,836.1453892254931,False,settled
b,blue_ramp,ramp,0.0,1.1,0.0,1.6537740666272909,803.2744118023293,False,settled
b,blue_ramp,ramp,0.0,1.1,0.0,0.9695207074765768,1003.064737351975,False,settled
b,blue_ramp,ramp,0.0,1.1,0.0,0.9095330260737038,1016.3569827728443,False,settled
b,blue_ramp,ramp,0.0,1.1,0.0,1.2112993156061813,918.5992460749499,False,settled
b,blue_ramp,ramp,0.0,1.1,0.0,0.7490158333560222,1087.9066063381763,False,settled
b,blue_ramp,ramp,0.0,1.1,0.0,1.4125965917644105,861.9694711295564,False,settled
b,blue_ramp,ramp,0.0,1.1,0.0,1.1265251468324706,942.8839124149841,False,settled
b,blue_ramp,ramp,0.0,1.1,0.0,1.1480809704134478,937.6689123517277,False,settled
b,blue_ramp,ramp,0.0,1.1,0.0,0.7302291400545737,1098.1734357835253,False,settled
b,blue_ramp,ramp,0.0,1.1,0.0,0.7859879265633671,1074.840234104619,False,settled
b,blue_ramp,ramp,0.0,1.1,0.0,0.743391079659744,1089.320734158693,False,settled
b,blue_ramp,ramp,0.0,1.1,0.0,0.8044391596537608,1057.0654429018414,False,settled
b,blue_ramp,ramp,0.0,1.1,0.0,0.8153904159682248,1051.3480404956947,False,settled
b,blue_ramp,ramp,0.0,1.1,0.0,1.242523000949855,912.153933071669,False,settled
b,blue_ramp,ramp,0.0,1.1,0.0,0.9745847703463271,998.9653293780616,False,settled
b,blue_ramp,ramp,0.0,1.1,0.0,0.9322290761320721,1018.6246333118077,False,settled
b,blue_ramp,ramp,0.0,1.1,0.0,1.4157245959159177,858.7986367260245,False,settled
b,blue_ramp,ramp,0.0,1.1,0.0,0.9598219810431246,999.6267913183135,False,settled
b,blue_ramp,ramp,0.0,1.1,0.0,1.5179312288920237,836.6042837647612,False,settled
b,blue_ramp,ramp,0.0,1.1,0.0,1.0287365940731565,976.4840451951907,False,settled
b,blue_ramp,ramp,0.0,1.1,0.0,1.3436678160326558,880.3368897497136,False,settled
b,blue_ramp,ramp,0.0,1.1,0.0,0.9036376387855277,1020.8634830957965,False,settled
b,blue_ramp,ramp,0.0,1.1,0.0,1.3763498585014906,869.7663323157207,False,settled
b,blue_ramp,ramp,0.0,1.1,0.0,0.7340452103800352,1098.0633458118275,False,settled
b,blue_ramp,ramp,0.0,1.1,0.0,0.7085685226886658,1099.6963861285408,False,settled
b,blue_ramp,ramp,0.0,1.1,0.0,1.6185444618986262,812.3002326996708,False,settled
b,blue_ramp,ramp,0.0,1.1,0.0,1.6786523342350996,796.4679632729861,False,settled
b,blue_ramp,ramp,0.0,1.1,0.0,0.840365154883116,1045.5324224675187,False,settled
b,blue_ramp,ramp,0.0,1.1,0.0,0.9666602574283113,1005.3875332945242,False,settled
b,blue_ramp,ramp,0.0,1.1,0.0,1.5975336804405509,816.2574374606447,False,settled
b,blue_ramp,ramp,0.0,1.1,0.0,0.817783860515138,1062.9981355074067,False,settled
b,blue_ramp,ramp,0.0,1.1,0.0,1.354945693053924,875.191065729215,False,settled
b,blue_ramp,ramp,0.0,1.1,0.0,1.6591587085583972,801.847717453928,False,settled
b,blue_ramp,ramp,0.0,1.1,0.0,0.8044275668056348,1057.0668085092116,False,settled
b,blue_ramp,ramp,0.0,1.1,0.0,0.9065325954369666,1018.7353272226661,False,settled
b,blue_ramp,ramp,0.0,1.1,0.0,1.3681843417393753,872.6583723517509,False,settled
b,blue_ramp,ramp,0.0,1.1,0.0,0.9256871745897818,1019.8540045993564,False,settled
b,blue_ramp,ramp,0.0,1.1,0.0,0.8233934787207717,1058.5547765217532,False,settled
b,blue_ramp,ramp,0.0,1.1,0.0,1.1390901835854268,941.1493558362946,False,settled
b,blue_ramp,ramp,0.0,1.1,0.0,1.3487738375068994,875.6484402276952,False,settled
b,blue_ramp,ramp,0.0,1.1,0.0,0.7471853303789672,1085.4958253147936,False,settled
b,blue_ramp,ramp,0.0,1.1,0.0,1.2077349653161504,921.699156577453,False,settled
b,blue_ramp,ramp,0.0,1.1,0.0,1.207544092114046,921.8650728512243,False,settled
b,blue_ramp,ramp,0.0,1.1,0.0,1.2820218365492055,896.4711062554995,False,settled
b,blue_ramp,ramp,0.0,1.1,0.0,1.03923669329706,977.7545734167481,False,settled
b,blue_ramp,ramp,0.0,1.1,0.0,0.8034646469985316,1057.180293410205,False,settled
b,blue_ramp,ramp,0.0,1.1,0.0,1.4544341995884713,847.8765487899714,False,settled
b,blue_ramp,ramp,0.0,1.1,0.0,1.331459011584947,880.8107020769806,False,settled
b,blue_ramp,ramp,0.0,1.1,0.0,0.8207100825519504,1060.6762569992834,False,settled
b,blue_ramp,ramp,0.0,1.1,0.0,1.4852863343408573,845.3213714033958,False,settled
b,blue_ramp,ramp,0.0,1.1,0.0,1.6468662351960077,805.0093518081986,False,settled
b,blue_ramp,ramp,0.0,1.1,0.0,0.8018771126320164,1057.3715963106195,False,settled
b,blue_ramp,ramp,0.0,1.1,0.0,0.7626198646769496,1077.4221323144843,False,settled
b,blue_ramp,ramp,0.0,1.1,0.0,1.6591534357333584,801.8718968164129,False,settled
b,blue_ramp,ramp,0.0,1.1,0.0,1.3546055836099653,875.1810882240035,False,settled
b,blue_ramp,ramp,0.0,1.1,0.0,0.8600895618445291,1035.3551042413278,False,settled
b,blue_ramp,ramp,0.0,1.1,0.0,1.0883022796759592,956.5454656696139,False,settled
b,blue_ramp,ramp,0.0,1.1,0.0,0.9489127893176051,1008.2756354935184,False,settled
b,blue_ramp,ramp,0.0,1.1,0.0,1.3765353688545714,869.5762242770957,False,settled
b,blue_ramp,ramp,0.0,1.1,0.0,1.0211650880999465,982.3046525408344,False,settled
b,blue_ramp,ramp,0.0,1.1,0.0,1.1998569542796236,920.8023498702541,False,settled
b,blue_ramp,ramp,0.0,1.1,0.0,0.6952591350829747,1115.2748997900142,False,settled
b,blue_ramp,ramp,0.0,1.1,0.0,0.7678066497008579,1074.3915003265902,False,settled
b,blue_ramp,ramp,0.0,1.1,0.0,0.8483879530972552,1039.331946874266,False,settled
b,blue_ramp,ramp,0.0,1.1,0.0,1.1472638778052688,937.9087003340187,False,settled
b,blue_ramp,ramp,0.0,1.1,0.0,1.449587804808897,849.1136219222409,False,settled
b,blue_ramp,ramp,0.0,1.1,0.0,1.1997165493639435,920.9254085419542,False,settled
b,blue_ramp,ramp,0.0,1.1,0.0,0.7027311616241393,1101.400691923486,False,settled
b,blue_ramp,ramp,0.0,1.1,0.0,1.1840984064566624,926.6870702218291,False,settled
b,blue_ramp,ramp,0.0,1.1,0.0,0.837346405905106,1047.8814704073905,False,settled
b,blue_ramp,ramp,0.0,1.1,0.0,0.7947392674986857,1072.162376066321,False,settled
b,blue_ramp,ramp,0.0,1.1,0.0,1.185542257137835,925.4310063713464,False,settled
b,blue_ramp,ramp,0.0,1.1,0.0,1.2191290070148693,919.2750566864253,False,settled
b,blue_ramp,ramp,0.0,1.1,0.0,0.9435965051120773,1012.5639458432852,False,settled
b,blue_ramp,ramp,0.0,1.1,0.0,1.3253514386606309,886.4909039820111,False,settled
b,blue_ramp,ramp,0.0,1.1,0.0,1.0217591248845466,981.8187560294006,False,settled
b,blue_ramp,ramp,0.0,1.1,0.0,1.2103305145812748,919.4437276081393,False,settled
b,blue_ramp,ramp,0.0,1.1,0.0,0.7860772608996939,1074.8126838378332,False,settled
b,blue_ramp,ramp,0.0,1.1,0.0,1.245608925380054,909.332775707526,False,settled
b,blue_ramp,ramp,0.0,1.1,0.0,0.9285382707725754,1019.318083583349,False,settled
b,blue_ramp,ramp,0.0,1.1,0.0,1.6531606503270455,804.3784844121641,False,settled
b,blue_ramp,ramp,0.0,1.1,0.0,1.2978283324992572,894.9017958370316,False,settled
b,blue_ramp,ramp,0.0,1.1,0.0,1.4567672290581042,849.5747147783308,False,settled
b,blue_ramp,ramp,0.0,1.1,0.0,1.2928375069575593,893.0808195559403,False,settled
b,blue_ramp,ramp,0.0,1.1,0.0,1.33627474389491,881.7669153304976,False,settled
b,blue_ramp,ramp,0.0,1.1,0.0,1.3987292782497214,862.8502257873104,False,settled
b,blue_ramp,ramp,0.0,1.1,0.0,0.9760255396609925,997.8656191797454,False,settled
b,blue_ramp,ramp,0.0,1.1,0.0,1.2074294035790845,921.9647652554183,False,settled
b,blue_ramp,ramp,0.0,1.1,0.0,1.1785528785232198,931.5323365301462,False,settled
b,blue_ramp,ramp,0.0,1.1,0.0,1.3903839581766708,866.0643843806695,False,settled
b,blue_ramp,ramp,0.0,1.1,0.0,0.7328660742275783,1085.710242072092,False,settled
b,blue_ramp,ramp,0.0,1.1,0.0,1.6391302245029584,806.6560234414588,False,settled
b,blue_ramp,ramp,0.0,1.1,0.0,0.9314652232404891,1018.7681512664211,False,settled
b,blue_ramp,ramp,0.0,1.1,0.0,0.8011796884149791,1057.550686757051,False,settled
b,blue_ramp,ramp,0.0,1.1,0.0,0.8056026460482766,1056.930512272803,False,settled
b,blue_ramp,ramp,0.0,1.1,0.0,0.91624126737561,1023.2641774938817,False,settled
b,blue_ramp,ramp,0.0,1.1,0.0,0.882973947603924,1037.0725098492876,False,settled
b,blue_ramp,ramp,0.0,1.1,0.0,1.0273855594159955,977.4888470914797,False,settled
b,blue_ramp,ramp,0.0,1.1,0.0,1.0716536751076815,966.1254680039883,False,settled
b,blue_ramp,ramp,0.0,1.1,0.0,1.043480064111551,974.2534846608377,False,settled
b,blue_ramp,ramp,0.0,1.1,0.0,0.9103911461796066,1015.7992133987613,False,settled
b,blue_ramp,ramp,0.0,1.1,0.0,1.4821392157875364,845.0943921241858,False,settled
b,blue_ramp,ramp,0.0,1.1,0.0,1.0228186438102211,980.9519718415289,False,settled
b,blue_ramp,ramp,0.0,1.1,0.0,0.7953820295950882,1072.0776837582569,False,settled
b,blue_ramp,ramp,0.0,1.1,0.0,0.9768685645172814,997.2013596008425,False,settled
b,blue_ramp,ramp,0.0,1.1,0.0,1.1147930870245488,952.4359042116405,False,settled
b,blue_ramp,ramp,0.0,1.1,0.0,0.9503581897350001,1007.1136521483327,False,settled
b,blue_ramp,ramp,0.0,1.1,0.0,1.023705792101832,980.2263803276941,False,settled
b,blue_ramp,ramp,0.0,1.1,0.0,1.2204855600095512,918.0659712357278,False,settled
b,blue_ramp,ramp,0.0,1.1,0.0,1.5828015944845042,819.4911460300704,False,settled
b,blue_ramp,ramp,0.0,1.1,0.0,1.3340919865219476,883.9265935892915,False,settled
b,blue_ramp,ramp,0.0,1.1,0.0,1.2827710764506743,895.7718518007015,False,settled
b,blue_ramp,ramp,0.0,1.1,0.0,0.7477656017280178,1086.7332045544842,False,settled
b,blue_ramp,ramp,0.0,1.1,0.0,1.6441942446546838,805.6697386408003,False,settled
b,blue_ramp,ramp,0.0,1.1,0.0,1.202557479300116,918.4626818290368,False,settled
b,blue_ramp,ramp,0.0,1.1,0.0,1.5360054554606544,831.1995394659136,False,settled
b,blue_ramp,ramp,0.0,1.1,0.0,0.8235433445673485,1058.6889267761885,False,settled
b,blue_ramp,ramp,0.0,1.1,0.0,1.2741974850079107,897.0523873765818,False,settled
b,blue_ramp,ramp,0.0,1.1,0.0,1.1066751447072845,950.467214349149,False,settled
b,blue_ramp,ramp,0.0,1.1,0.0,1.242926729639724,911.7848558531782,False,settled
b,blue_ramp,ramp,0.0,1.1,0.0,0.7384283178759651,1089.2829353977138,False,settled
b,blue_ramp,ramp,0.0,1.1,0.0,1.245807568728149,909.1511867892156,False,settled
b,blue_ramp,ramp,0.0,1.1,0.0,1.136995775151525,942.9198544516199,False,settled
b,blue_ramp,ramp,0.0,1.1,0.0,0.932203364792734,1018.629464142278,False,settled
b,blue_ramp,ramp,0.0,1.1,0.0,0.819151802621976,1061.9091753911382,False,settled
b,blue_ramp,ramp,0.0,1.1,0.0,0.7291773769647608,1094.848776057793,False,settled
b,blue_ramp,ramp,0.0,1.1,0.0,0.8264912994224561,1056.365740949497,False,settled
b,blue_ramp,ramp,0.0,1.1,0.0,1.1296850476520768,948.8825451646289,False,settled
b,blue_ramp,ramp,0.0,1.1,0.0,1.1897761153670094,929.4280459630191,False,settled
b,blue_ramp,ramp,0.0,1.1,0.0,1.6059638046667812,815.2064858634665,False,settled
b,blue_ramp,ramp,0.0,1.1,0.0,1.3634699035874092,872.173220214225,False,settled
b,blue_ramp,ramp,0.0,1.1,0.0,1.2228660623319474,916.227493705143,False,settled
b,blue_ramp,ramp,0.0,1.1,0.0,0.9739697313092383,999.4570639608738,False,settled
b,blue_ramp,ramp,0.0,1.1,0.0,1.552520929501175,827.8988598024581,False,settled
b,blue_ramp,ramp,0.0,1.1,0.0,0.7397516655671164,1084.521608881803,False,settled
b,blue_ramp,ramp,0.0,1.1,0.0,1.3631351645970389,872.5112913417183,False,settled
b,blue_ramp,ramp,0.0,1.1,0.0,1.104924941078831,951.9346489834112,False,settled
b,blue_ramp,ramp,0.0,1.1,0.0,0.9595343751622021,999.7675400583703,False,settled
b,blue_ramp,ramp,0.0,1.1,0.0,1.033512240580272,972.6444915341807,False,settled
b,blue_ramp,ramp,0.0,1.1,0.0,0.8767282013142567,1029.6131810661923,False,settled
b,blue_ramp,ramp,0.0,1.1,0.0,0.6937491490489386,1109.5272689829799,False,settled
b,blue_ramp,ramp,0.0,1.1,0.0,1.656093869717022,802.6209358571368,False,settled
b,blue_ramp,ramp,0.0,1.1,0.0,1.2141287135982144,916.220162130652,False,settled
b,blue_ramp,ramp,0.0,1.1,0.0,1.0217724752144564,981.8078360041604,False,settled
b,blue_ramp,ramp,0.0,1.1,0.0,1.4927203194951524,844.0277577660098,False,settled
b,blue_ramp,ramp,0.0,1.1,0.0,0.8442302672837465,1042.6237895618278,False,settled
b,blue_ramp,ramp,0.0,1.1,0.0,0.9298447563862753,1019.0726144358074,False,settled
b,blue_ramp,ramp,0.0,1.1,0.0,1.2730118615155646,898.2079754319415,False,settled
b,blue_ramp,ramp,0.0,1.1,0.0,0.7307490447434322,1098.8489648826185,False,settled
b,blue_ramp,ramp,0.0,1.1,0.0,1.0143564522889186,987.8954478867914,False,settled
b,blue_ramp,ramp,0.0,1.1,0.0,1.2676576428812414,903.0704794466063,False,settled
b,blue_ramp,ramp,0.0,1.1,0.0,0.758288525245496,1076.9324552143073,False,settled
b,blue_ramp,ramp,0.0,1.1,0.0,1.2794324969000088,898.8878408769506,False,settled
b,blue_ramp,ramp,0.0,1.1,0.0,1.073295508231502,965.7054841743615,False,settled
b,blue_ramp,ramp,0.0,1.1,0.0,1.1719483338288221,929.2351024783354,False,settled
b,blue_ramp,ramp,0.0,1.1,0.0,1.6795200962711525,796.4487358412634,False,settled
b,blue_ramp,ramp,0.0,1.1,0.0,0.915421154619696,1023.914415150413,False,settled
b,blue_ramp,ramp,0.0,1.1,0.0,1.1042402714519164,952.5088969533751,False,settled
b,blue_ramp,ramp,0.0,1.1,0.0,0.9191745270765488,1021.0779978629788,False,settled
b,blue_ramp,ramp,0.0,1.1,0.0,1.2680528362652321,902.7039362232421,False,settled
b,blue_ramp,ramp,0.0,1.1,0.0,1.1062336426798274,950.8373897453802,False,settled
b,blue_ramp,ramp,0.0,1.1,0.0,0.7867347283645152,1074.5123565284443,False,settled
b,blue_ramp,ramp,0.0,1.1,0.0,0.81211092957797,1053.8388708579319,False,settled
b,blue_ramp,ramp,0.0,1.1,0.0,1.3585957700412339,876.8302173962302,False,settled
b,blue_ramp,ramp,0.0,1.1,0.0,0.9580869716945495,1000.9218658357304,False,settled
b,blue_ramp,ramp,0.0,1.1,0.0,0.932327000103888,1018.6062346509021,False,settled
b,blue_ramp,ramp,0.0,1.1,0.0,1.6467507123357585,804.827802745175,False,settled
b,blue_ramp,ramp,0.0,1.1,0.0,1.4988743848211086,841.8483579030699,False,settled
b,blue_ramp,ramp,0.0,1.1,0.0,0.7523662747092227,1081.3863177239473,False,settled
b,blue_ramp,ramp,0.0,1.1,0.0,1.0313541863478053,974.2848777822886,False,settled
b,blue_ramp,ramp,0.0,1.1,0.0,0.9556951228084895,1002.829562188897,False,settled
b,blue_ramp,ramp,0.0,1.1,0.0,1.557498761737292,826.6978220737591,False,settled
b,blue_ramp,ramp,0.0,1.1,0.0,1.4547005317746649,847.6568039425347,False,settled
b,blue_ramp,ramp,0.0,1.1,0.0,1.2907369691186563,895.0120083041129,False,settled
b,blue_ramp,ramp,0.0,1.1,0.0,1.262438111604261,901.0176620184683,False,settled
b,blue_ramp,ramp,0.0,1.1,0.0,1.4888704367141419,844.899709512608,False,settled
b,blue_ramp,ramp,0.0,1.1,0.0,1.3771676467890197,869.3173463847086,False,settled
b,blue_ramp,ramp,0.0,1.1,0.0,0.9419708220729079,1013.8813816917959,False,settled
b,blue_ramp,ramp,0.0,1.1,0.0,1.1835854079197905,927.1334847579975,False,settled
b,blue_ramp,ramp,0.0,1.1,0.0,1.222511201716054,916.3517314173567,False,settled
b,blue_ramp,ramp,0.0,1.1,0.0,1.341551358636058,882.4460349499521,False,settled
b,blue_ramp,ramp,0.0,1.1,0.0,0.8676513037466107,1034.2272013365932,False,settled
b,blue_ramp,ramp,0.0,1.1,0.0,1.0862266458116023,958.2711497468206,False,settled
b,blue_ramp,ramp,0.0,1.1,0.0,1.2179597153027648,920.3174336884848,False,settled
b,blue_ramp,ramp,0.0,1.1,0.0,1.1431096142434845,939.1281157692811,False,settled
b,blue_ramp,ramp,0.0,1.1,0.0,0.8126628001354146,1053.415579914059,False,settled
b,blue_ramp,ramp,0.0,1.1,0.0,0.8345892262288328,1050.0376649836674,False,settled
b,blue_ramp,ramp,0.0,1.1,0.0,1.1224807702551975,946.2413065309546,False,settled
b,blue_ramp,ramp,0.0,1.1,0.0,1.0894415103784425,955.6902948661019,False,settled
b,blue_ramp,ramp,0.0,1.1,0.0,1.0617176145694518,969.4033689153034,False,settled
b,blue_ramp,ramp,0.0,1.1,0.0,1.4350199427460797,851.8616539960458,False,settled
b,blue_ramp,ramp,0.0,1.1,0.0,1.6906802272040344,790.4911257533146,False,settled
b,blue_ramp,ramp,0.0,1.1,0.0,0.7805479335458027,1079.127457077858,False,settled
b,blue_ramp,ramp,0.0,1.1,0.0,0.83646414942927,1048.5714284181117,False,settled
b,blue_ramp,ramp,0.0,1.1,0.0,0.8191459504509876,1061.9138346442978,False,settled
b,blue_ramp,ramp,0.0,1.1,0.0,1.1054483824158288,951.4957810731748,False,settled
b,blue_ramp,ramp,0.0,1.1,0.0,1.5117273716859083,837.562522808536,False,settled
b,blue_ramp,ramp,0.0,1.1,0.0,0.9698804161808606,1002.7727192670528,False,settled
b,blue_ramp,ramp,0.0,1.1,0.0,0.7152840529545162,1106.2950440917502,False,settled
b,blue_ramp,ramp,0.0,1.1,0.0,0.6872585001842414,1114.4437848622656,False,settled
b,blue_ramp,ramp,0.0,1.1,0.0,1.4033704915078102,860.0023088395345,False,settled
b,blue_ramp,ramp,0.0,1.1,0.0,1.5618619591712115,826.1795663922068,False,settled
b,blue_ramp,ramp,0.0,1.1,0.0,1.4341922331918227,852.7861867430898,False,settled
b,blue_ramp,ramp,0.0,1.1,0.0,0.902665429158859,1021.6320445728347,False,settled
b,blue_ramp,ramp,0.0,1.1,0.0,1.5288416469565318,832.4109772543408,False,settled
b,blue_ramp,ramp,0.0,1.1,0.0,0.8185759098376229,1062.367654282921,False,settled
b,blue_ramp,ramp,0.0,1.1,0.0,0.8451957149920742,1041.8747076714835,False,settled
b,blue_ramp,ramp,0.0,1.1,0.0,1.0560599929217933,974.0418491171579,False,settled
b,blue_ramp,ramp,0.0,1.1,0.0,0.8143702811468242,1052.1964247437727,False,settled
b,blue_ramp,ramp,0.0,1.1,0.0,1.1398946618346442,940.4742635573041,False,settled
b,blue_ramp,ramp,0.0,1.1,0.0,0.8561031031172914,1036.052883743564,False,settled
b,blue_ramp,ramp,0.0,1.1,0.0,1.4289008250067101,853.9707751614151,False,settled
b,blue_ramp,ramp,0.0,1.1,0.0,0.9813664726636404,993.6511381691788,False,settled
b,blue_ramp,ramp,0.0,1.1,0.0,0.9273251747608777,1019.5460051571348,False,settled
b,blue_ramp,ramp,0.0,1.1,0.0,0.9929941970472941,987.0476433158947,False,settled
b,blue_ramp,ramp,0.0,1.1,0.0,1.1507682428280854,936.8802921959879,False,settled
b,blue_ramp,ramp,0.0,1.1,0.0,0.922983597105128,1020.3621484599483,False,settled
b,blue_ramp,ramp,0.0,1.1,0.0,1.100234308324823,955.6092251542825,False,settled
b,blue_ramp,ramp,0.0,1.1,0.0,1.0844979317120538,959.708435861252,False,settled
b,blue_ramp,ramp,0.0,1.1,0.0,1.0426344846374458,974.9497663853203,False,settled
b,blue_ramp,ramp,0.0,1.1,0.0,1.621172439706231,812.3004585484538,False,settled
b,blue_ramp,ramp,0.0,1.1,0.0,0.7958158772098843,1072.020475678289,False,settled
b,blue_ramp,ramp,0.0,1.1,0.0,0.8944740955779016,1028.127633483389,False,settled
b,blue_ramp,ramp,0.0,1.1,0.0,0.8074121048863628,1056.7964588983727,False,settled
b,blue_ramp,ramp,0.0,1.1,0.0,0.7966812036921578,1071.9063555103635,False,settled
b,blue_ramp,ramp,0.0,1.1,0.0,0.9531234064769653,1004.8906102735668,False,settled
b,blue_ramp,ramp,0.0,1.1,0.0,1.5186926718265967,836.8131570838545,False,settled
b,blue_ramp,ramp,0.0,1.1,0.0,0.8243475370787647,1058.0535100334241,False,settled
b,blue_ramp,ramp,0.0,1.1,0.0,0.726439562027788,1095.23226847435,False,settled
b,blue_ramp,ramp,0.0,1.1,0.0,1.6278042239395007,809.7978949594311,False,settled
b,blue_ramp,ramp,0.0,1.1,0.0,1.1092638289128014,948.3240839308494,False,settled
b,blue_ramp,ramp,0.0,1.1,0.0,0.8181328877794641,1062.7203176479477,False,settled
b,blue_ramp,ramp,0.0,1.1,0.0,1.0699591102810868,966.5589645116977,False,settled
b,blue_ramp,ramp,0.0,1.1,0.0,1.0150074489254355,987.3585914374977,False,settled
b,blue_ramp,ramp,0.0,1.1,0.0,0.734974027511624,1084.1694526250826,False,settled
b,blue_ramp,ramp,0.0,1.1,0.0,1.394665820339642,866.7855416794779,False,settled
b,blue_ramp,ramp,0.0,1.1,0.0,0.9788191797694351,995.6632450877248,False,settled
b,blue_ramp,ramp,0.0,1.1,0.0,1.1221853739831769,946.4907320846727,False,settled
b,blue_ramp,ramp,0.0,1.1,0.0,1.0514990846399852,968.1507373897579,False,settled
b,blue_ramp,ramp,0.0,1.1,0.0,1.0589786059554527,971.6452877265083,False,settled
b,blue_ramp,ramp,0.0,1.1,0.0,0.8572397705770951,1035.7870366853233,False,settled
b,blue_ramp,ramp,0.0,1.1,0.0,0.7013802085260157,1107.5952888573838,False,settled
b,blue_ramp,ramp,0.0,1.1,0.0,1.2585223058539083,904.5803368819078,False,settled
b,blue_ramp,ramp,0.0,1.1,0.0,1.445796944722786,848.8872896973919,False,settled
b,blue_ramp,ramp,0.0,1.1,0.0,0.9588187082705775,1000.3383886032818,False,settled
b,blue_ramp,ramp,0.0,1.1,0.0,1.6844511025820905,793.9023834189613,False,settled
b,blue_ramp,ramp,0.0,1.1,0.0,1.2818263454252024,896.6535530312267,False,settled
b,blue_ramp,ramp,0.0,1.1,0.0,1.1167317813177013,950.7934336662128,False,settled
b,blue_ramp,ramp,0.0,1.1,0.0,1.4469501767224684,852.0783794991121,False,settled
b,blue_ramp,ramp,0.0,1.1,0.0,0.8359434599029257,1048.9786242879684,False,settled
b,blue_ramp,ramp,0.0,1.1,0.0,0.909593379172089,1016.3106099042972,False,settled
b,blue_ramp,ramp,0.0,1.1,0.0,0.7136444305083488,1100.5548888300857,False,settled
b,blue_ramp,ramp,0.0,1.1,0.0,1.1243884658000234,944.7270305068234,False,settled
b,blue_ramp,ramp,0.0,1.1,0.0,1.2758142482351644,902.2681258155146,False,settled
b,blue_ramp,ramp,0.0,1.1,0.0,1.0763574832168719,964.932961534778,False,settled
b,blue_ramp,ramp,0.0,1.1,0.0,0.9772802741062168,996.8767511169356,False,settled
b,blue_ramp,ramp,0.0,1.1,0.0,1.4177323449682484,856.6284038798817,False,settled
b,blue_ramp,ramp,0.0,1.1,0.0,1.0877246705139019,957.0256174896955,False,settled
b,blue_ramp,ramp,0.0,1.1,0.0,0.9928045615564809,987.0878619946868,False,settled
b,blue_ramp,ramp,0.0,1.1,0.0,1.0401241690665008,977.021989096763,False,settled
b,blue_ramp,ramp,0.0,1.1,0.0,0.8301646317069479,1053.498444804416,False,settled
b,blue_ramp,ramp,0.0,1.1,0.0,0.7601651033809349,1078.0269163606506,False,settled
b,blue_ramp,ramp,0.0,1.1,0.0,0.7853749555532547,1075.3235402662956,False,settled
b,blue_ramp,ramp,0.0,1.1,0.0,1.5336046482126195,833.5913404633337,False,settled
b,blue_ramp,ramp,0.0,1.1,0.0,0.7852919535606825,1075.3889784003597,False,settled
b,blue_ramp,ramp,0.0,1.1,0.0,0.8163495135650322,1064.1396373182904,False,settled
b,blue_ramp,ramp,0.0,1.1,0.0,0.8231613581118132,1058.7382891184564,False,settled
b,blue_ramp,ramp,0.0,1.1,0.0,0.8291707034009799,1054.2755760106747,False,settled
b,blue_ramp,ramp,0.0,1.1,0.0,1.1231096697055043,945.7102752542775,False,settled
b,blue_ramp,ramp,0.0,1.1,0.0,1.5421184683635798,831.4656663661065,False,settled
b,blue_ramp,ramp,0.0,1.1,0.0,0.7757110824321232,1068.612143888158,False,settled
b,blue_ramp,ramp,0.0,1.1,0.0,1.2639262695743971,899.7650401007459,False,settled
b,blue_ramp,ramp,0.0,1.1,0.0,1.216164993833051,914.3754373125232,False,settled
b,blue_ramp,ramp,0.0,1.1,0.0,0.8930974190204625,1029.224081922071,False,settled
b,blue_ramp,ramp,0.0,1.1,0.0,0.7117031996617763,1095.8338485863003,False,settled
b,blue_ramp,ramp,0.0,1.1,0.0,1.1676924437226874,932.817926644865,False,settled
b,blue_ramp,ramp,0.0,1.1,0.0,1.4913938238368323,843.147581733008,False,settled
b,blue_ramp,ramp,0.0,1.1,0.0,1.5504010774077892,830.1709587958205,False,settled
b,blue_ramp,ramp,0.0,1.1,0.0,1.0699307942109428,966.5662082072316,False,settled
b,blue_ramp,ramp,0.0,1.1,0.0,0.7201273725964648,1099.2558893717733,False,settled
b,blue_ramp,ramp,0.0,1.1,0.0,0.9826339775843692,992.6483920136828,False,settled
b,blue_ramp,ramp,0.0,1.1,0.0,1.6106579810288617,813.5450794631827,False,settled
b,blue_ramp,ramp,0.0,1.1,0.0,0.7181374303362636,1097.6083121253218,False,settled
b,blue_ramp,ramp,0.0,1.1,0.0,0.9083298876124061,1017.2770793522897,False,settled
b,blue_ramp,ramp,0.0,1.1,0.0,0.857444696024083,1035.756623997427,False,settled
b,blue_ramp,ramp,0.0,1.1,0.0,0.7093688896765872,1103.1594361683196,False,settled
b,blue_ramp,ramp,0.0,1.1,0.0,0.9168977560163784,1022.743699589551,False,settled
b,blue_ramp,ramp,0.0,1.1,0.0,1.3159084792189333,888.0236834063386,False,settled
b,blue_ramp,ramp,0.0,1.1,0.0,1.4818738623562135,845.4351865495632,False,settled
b,blue_ramp,ramp,0.0,1.1,0.0,1.4311789730529956,855.8997557228488,False,settled
b,blue_ramp,ramp,0.0,1.1,0.0,1.685026614721025,792.8905114376062,False,settled
b,blue_ramp,ramp,0.0,1.1,0.0,1.1355505285933372,944.1365912649226,False,settled
b,blue_ramp,ramp,0.0,1.1,0.0,0.6990247932497607,1105.2273658796794,False,settled
b,blue_ramp,ramp,0.0,1.1,0.0,1.4978394104322432,842.6273175957085,False,settled
b,blue_ramp,ramp,0.0,1.1,0.0,1.0669542886890917,967.3276445825372,False,settled
b,blue_ramp,ramp,0.0,1.1,0.0,0.8021364475496046,1057.3409938672057,False,settled
b,blue_ramp,ramp,0.0,1.1,0.0,0.9810878924614344,993.8712529348054,False,settled
b,blue_ramp,ramp,0.0,1.1,0.0,0.8700906903043081,1033.8727198339714,False,settled
b,blue_ramp,ramp,0.0,1.1,0.0,0.9091963661206119,1016.6156661464813,False,settled
b,blue_ramp,ramp,0.0,1.1,0.0,0.8681997681890794,1034.147444224661,False,settled
b,blue_ramp,ramp,0.0,1.1,0.0,0.7272676341912279,1095.7066164740024,False,settled
b,blue_ramp,ramp,0.0,1.1,0.0,1.40489357482922,863.9485597217376,False,settled
b,blue_ramp,ramp,0.0,1.1,0.0,1.031002225701207,974.5669659704682,False,settled
b,blue_ramp,ramp,0.0,1.1,0.0,1.3397172460881173,878.6658293755339,False,settled
b,blue_ramp,ramp,0.0,1.1,0.0,0.7481922416806884,1087.4456072635487,False,settled
b,blue_ramp,ramp,0.0,1.1,0.0,1.642139843773204,806.1743751716967,False,settled
b,blue_ramp,ramp,0.0,1.1,0.0,1.3897199251024583,866.7575592979967,False,settled
b,blue_ramp,ramp,0.0,1.1,0.0,1.1758860832724911,933.6188117642942,False,settled
b,blue_ramp,ramp,0.0,1.1,0.0,1.193538944855719,926.3530502121755,False,settled
b,blue_ramp,ramp,0.0,1.1,0.0,0.7385260568428245,1089.377026781611,False,settled
b,blue_ramp,ramp,0.0,1.1,0.0,0.6905792958587903,1106.6799468903814,False,settled
b,blue_ramp,ramp,0.0,1.1,0.0,0.9025176390471215,1021.7488520697328,False,settled
b,blue_ramp,ramp,0.0,1.1,0.0,1.3345811028368233,883.4422093434023,False,settled
b,blue_ramp,ramp,0.0,1.1,0.0,1.0743180425887742,965.4473224082601,False,settled
b,blue_ramp,ramp,0.0,1.1,0.0,1.2447025741337099,910.1613016652711,False,settled
b,blue_ramp,ramp,0.0,1.1,0.0,1.1602955447615777,930.9814544657472,False,settled
b,blue_ramp,ramp,0.0,1.1,0.0,0.8949030878335444,1027.7860179252966,False,settled
b,blue_ramp,ramp,0.0,1.1,0.0,0.9802578156449402,994.5256140215879,False,settled
b,blue_ramp,ramp,0.0,1.1,0.0,1.2524852142826401,903.1240241904917,False,settled
b,blue_ramp,ramp,0.0,1.1,0.0,1.4816841761349195,845.6786888065429,False,settled
b,blue_ramp,ramp,0.0,1.1,0.0,1.1088306142676014,948.6803822413134,False,settled
b,blue_ramp,ramp,0.0,1.1,0.0,1.344334169523683,879.6730105976666,False,settled
b,blue_ramp,ramp,0.0,1.1,0.0,1.3994719433273062,861.9945229310671,False,settled
b,blue_ramp,ramp,0.0,1.1,0.0,0.7623151297190395,1077.5484335248084,False,settled
b,blue_ramp,ramp,0.0,1.1,0.0,1.5919976467284798,818.3069041950147,False,settled
b,blue_ramp,ramp,0.0,1.1,0.0,1.5180222660010965,836.4751595550766,False,settled
b,blue_ramp,ramp,0.0,1.1,0.0,1.053845211247876,966.2156292062924,False,settled
b,blue_ramp,ramp,0.0,1.1,0.0,0.8999088920263391,1023.8108833174188,False,settled
b,blue_ramp,ramp,0.0,1.1,0.0,1.2306982541348792,913.4856811515147,False,settled
b,blue_ramp,ramp,0.0,1.1,0.0,1.2801561199603488,898.2122937708376,False,settled
b,blue_ramp,ramp,0.0,1.1,0.0,0.9593493975981264,999.9150251767817,False,settled
b,blue_ramp,ramp,0.0,1.1,0.0,1.5839165744071406,820.4573139053618,False,settled
b,blue_ramp,ramp,0.0,1.1,0.0,0.9641177461563896,996.4438126512144,False,settled
b,blue_ramp,ramp,0.0,1.1,0.0,1.0402146108773633,976.9473317785481,False,settled
b,blue_ramp,ramp,0.0,1.1,0.0,0.9334361984944162,1018.3978300129004,False,settled
b,blue_ramp,ramp,0.0,1.1,0.0,1.233042336000245,912.6654003029006,False,settled
b,blue_ramp,ramp,0.0,1.1,0.0,1.5704763679211233,823.7338108374287,False,settled
b,blue_ramp,ramp,0.0,1.1,0.0,0.7072258278641254,1109.7699534159324,False,settled
b,blue_ramp,ramp,0.0,1.1,0.0,1.268542049574632,902.2504719530424,False,settled
b,blue_ramp,ramp,0.0,1.1,0.0,1.5978030898578177,818.0198294985742,False,settled
b,blue_ramp,ramp,0.0,1.1,0.0,0.978533872462555,995.8881802707757,False,settled
b,blue_ramp,ramp,0.0,1.1,0.0,0.8063703633849628,1056.9166349487575,False,settled
b,blue_ramp,ramp,0.0,1.1,0.0,1.243224832374403,911.5123365394979,False,settled
b,blue_ramp,ramp,0.0,1.1,0.0,0.7533869189317242,1080.6621729074534,False,settled
b,blue_ramp,ramp,0.0,1.1,0.0,0.8863853320495622,1034.5836637212956,False,settled
b,blue_ramp,ramp,0.0,1.1,0.0,1.1292168873778705,949.2685515284854,False,settled
b,blue_ramp,ramp,0.0,1.1,0.0,0.92571058748079,1019.8496048970306,False,settled
b,blue_ramp,ramp,0.0,1.1,0.0,1.563221057873409,826.1508629249604,False,settled
b,blue_ramp,ramp,0.0,1.1,0.0,1.0287176835605774,976.4994126201573,False,settled
b,blue_ramp,ramp,0.0,1.1,0.0,0.7008670230141396,1105.2884189631425,False,settled
b,blue_ramp,ramp,0.0,1.1,0.0,1.5659233496998595,824.9082433237302,False,settled
b,blue_ramp,ramp,0.0,1.1,0.0,0.7245861015143518,1089.9910180881839,False,settled
b,blue_ramp,ramp,0.0,1.1,0.0,1.4233892341097838,855.2880410287053,False,settled
b,blue_ramp,ramp,0.0,1.1,0.0,1.1612615134223925,938.1581726301988,False,settled
b,blue_ramp,ramp,0.0,1.1,0.0,0.7758878477009463,1068.4767821960031,False,settled
b,blue_ramp,ramp,0.0,1.1,0.0,1.4600348180950629,845.7394691118968,False,settled
b,blue_ramp,ramp,0.0,1.1,0.0,1.5834992968589816,818.7010028009129,False,settled
b,blue_ramp,ramp,0.0,1.1,0.0,0.8865189523162411,1034.4764630984498,False,settled
b,blue_ramp,ramp,0.0,1.1,0.0,1.1315541967304856,947.2420714567887,False,settled
b,blue_ramp,ramp,0.0,1.1,0.0,0.8915336366370723,1030.4694188970586,False,settled
b,blue_ramp,ramp,0.0,1.1,0.0,0.773043043361747,1070.7331380106946,False,settled
b,blue_ramp,ramp,0.0,1.1,0.0,0.7407657556186965,1086.5851206368038,False,settled
b,blue_ramp,ramp,0.0,1.1,0.0,1.6189480893168875,812.1285761714836,False,settled
b,blue_ramp,ramp,0.0,1.1,0.0,0.959795295336433,999.64807173345,False,settled
b,blue_ramp,ramp,0.0,1.1,0.0,0.8232155009954869,1058.6954848832422,False,settled
b,blue_ramp,ramp,0.0,1.1,0.0,1.225731627994319,915.2240735352202,False,settled
b,blue_ramp,ramp,0.0,1.1,0.0,1.3167116741742204,887.6858102058314,False,settled
b,blue_ramp,ramp,0.0,1.1,0.0,0.8259380123380047,1056.8014116055344,False,settled
b,blue_ramp,ramp,0.0,1.1,0.0,1.62627459769417,810.3248102896235,False,settled
b,blue_ramp,ramp,0.0,1.1,0.0,0.9943661889435356,986.6620388008279,False,settled
b,blue_ramp,ramp,0.0,1.1,0.0,0.9886864043626283,988.276550798813,False,settled
b,blue_ramp,ramp,0.0,1.1,0.0,1.5688674628370647,824.2307278646687,False,settled
b,blue_ramp,ramp,0.0,1.1,0.0,0.9273774502694951,1019.536183435802,False,settled
b,blue_ramp,ramp,0.0,1.1,0.0,0.8818983242650782,1037.9348502736232,False,settled
b,blue_ramp,ramp,0.0,1.1,0.0,1.0417519374377755,975.6782996443842,False,settled
b,blue_ramp,ramp,0.0,1.1,0.0,1.1303344395316555,948.2697177501615,False,settled
b,blue_ramp,ramp,0.0,1.1,0.0,1.4694146776374977,847.9479596251289,False,settled
b,blue_ramp,ramp,0.0,1.1,0.0,0.817369970822828,1063.3275571682027,False,settled
b,blue_ramp,ramp,0.0,1.1,0.0,0.87874107404691,1027.9672486236054,False,settled
b,blue_ramp,ramp,0.0,1.1,0.0,0.8506034372145873,1037.6726193878947,False,settled
b,blue_ramp,ramp,0.0,1.1,0.0,1.2088002926276842,920.7708186530663,False,settled
b,blue_ramp,ramp,0.0,1.1,0.0,1.2714899228725678,899.5181422818531,False,settled
b,blue_ramp,ramp,0.0,1.1,0.0,0.9074558584348192,1017.9489456505756,False,settled
b,blue_ramp,ramp,0.0,1.1,0.0,0.8845264184431142,1036.0749163846801,False,settled
b,blue_ramp,ramp,0.0,1.1,0.0,1.1884924947110629,922.8867879775798,False,settled
b,blue_ramp,ramp,0.0,1.1,0.0,1.5200029195696378,835.0708829129852,False,settled
b,blue_ramp,ramp,0.0,1.1,0.0,1.1442061043573184,938.8062815276672,False,settled
b,blue_ramp,ramp,0.0,1.1,0.0,1.3969618312335559,864.3632697040854,False,settled
b,blue_ramp,ramp,0.0,1.1,0.0,1.5867855340325718,818.7480932541504,False,settled
b,blue_ramp,ramp,0.0,1.1,0.0,1.5482653364405405,830.0759384850428,False,settled
b,blue_ramp,ramp,0.0,1.1,0.0,0.7066359948723396,1107.0330775198668,False,settled
b,blue_ramp,ramp,0.0,1.1,0.0,0.9861284226208454,990.1823921173893,False,settled
b,blue_ramp,ramp,0.0,1.1,0.0,0.7381222500338332,1088.987333814412,False,settled
b,blue_ramp,ramp,0.0,1.1,0.0,0.9523845505868328,1005.4845489456897,False,settled
b,blue_ramp,ramp,0.0,1.1,0.0,0.7678832690216943,1074.3374117236617,False,settled
b,blue_ramp,ramp,0.0,1.1,0.0,1.025727828409901,978.57255140568,False,settled
b,blue_ramp,ramp,0.0,1.1,0.0,0.9529787369969934,1005.0069049442274,False,settled
b,blue_ramp,ramp,0.0,1.1,0.0,0.8981233375774064,1025.2220983293278,False,settled
b,blue_ramp,ramp,0.0,1.1,0.0,1.5596314316536313,826.5210698941136,False,settled
b,blue_ramp,ramp,0.0,1.1,0.0,0.7182394651859031,1097.8553750335707,False,settled
b,blue_ramp,ramp,0.0,1.1,0.0,1.2022512527831357,918.725691220071,False,settled
b,blue_ramp,ramp,0.0,1.1,0.0,1.4136982261183018,860.7647128344585,False,settled
b,blue_ramp,ramp,0.0,1.1,0.0,0.7009889869011023,1106.5243870353136,False,settled
b,blue_ramp,ramp,0.0,1.1,0.0,0.8863834660810657,1034.5851607394382,False,settled
b,blue_ramp,ramp,0.0,1.1,0.0,1.336790067475216,881.2608924887264,False,settled
b,blue_ramp,ramp,0.0,1.1,0.0,1.0777697039298824,964.5767569953399,False,settled
b,blue_ramp,ramp,0.0,1.1,0.0,1.122127330200329,946.5397427398337,False,settled
b,blue_ramp,ramp,0.0,1.1,0.0,0.9806758619211268,994.1960638136575,False,settled
b,blue_ramp,ramp,0.0,1.1,0.0,1.550934306784742,829.3054992657626,False,settled
b,blue_ramp,ramp,0.0,1.1,0.0,1.4912678225659028,843.3145714033692,False,settled
b,blue_ramp,ramp,0.0,1.1,0.0,1.4980065447549378,842.5014577543374,False,settled
b,blue_ramp,ramp,0.0,1.1,0.0,1.5371345804962502,831.8951367528894,False,settled
b,blue_ramp,ramp,0.0,1.1,0.0,0.9050561666333838,1019.7866715949045,False,settled
b,blue_ramp,ramp,0.0,1.1,0.0,1.1529647257079263,936.2407201102096,False,settled
b,blue_ramp,ramp,0.0,1.1,0.0,1.6391437081173632,806.6182347309209,False,settled
b,blue_ramp,ramp,0.0,1.1,0.0,0.9638758205538982,996.6273075942667,False,settled
b,blue_ramp,ramp,0.0,1.1,0.0,1.4871968305042407,844.4148444232316,False,settled
b,blue_ramp,ramp,0.0,1.1,0.0,1.4953657487198881,842.0657600470327,False,settled
b,blue_ramp,ramp,0.0,1.1,0.0,0.7087217609839644,1100.6312200135183,False,settled
b,blue_ramp,ramp,0.0,1.1,0.0,1.0046425559063539,984.5909129551432,False,settled
b,blue_ramp,ramp,0.0,1.1,0.0,0.9921729422999122,987.2218309805982,False,settled
b,blue_ramp,ramp,0.0,1.1,0.0,0.717827765098171,1096.4342739978026,False,settled
b,blue_ramp,ramp,0.0,1.1,0.0,1.3238929237207633,887.9264687357277,False,settled
b,blue_ramp,ramp,0.0,1.1,0.0,0.8636794590413025,1034.8966921103524,False,settled
b,blue_ramp,ramp,0.0,1.1,0.0,1.2025954464596251,918.4294378834949,False,settled
b,blue_ramp,ramp,0.0,1.1,0.0,1.066452029840435,967.4561302646594,False,settled
b,blue_ramp,ramp,0.0,1.1,0.0,0.8876053699165241,1033.6048141432416,False,settled
b,blue_ramp,ramp,0.0,1.1,0.0,0.9431453652451608,1012.9295464361315,False,settled
b,blue_ramp,ramp,0.0,1.1,0.0,1.1938686802308556,926.0615586107994,False,settled
b,blue_ramp,ramp,0.0,1.1,0.0,1.1920896750317074,927.6342051557581,False,settled
b,blue_ramp,ramp,0.0,1.1,0.0,0.9834010009819332,992.045247108925,False,settled
b,blue_ramp,ramp,0.0,1.1,0.0,1.6890892366561356,792.0931813231851,False,settled
b,blue_ramp,ramp,0.0,1.1,0.0,0.7795878643389442,1065.682266713598,False,settled
b,blue_ramp,ramp,0.0,1.1,0.0,0.6936167981629009,1107.7612050477128,False,settled
b,blue_ramp,ramp,0.0,1.1,0.0,0.731533050367551,1099.836392318022,False,settled
b,blue_ramp,ramp,0.0,1.1,0.0,1.4224210509847675,856.424465254446,False,settled
b,blue_ramp,ramp,0.0,1.1,0.0,0.8777058997393912,1028.771291518073,False,settled
b,blue_ramp,ramp,0.0,1.1,0.0,1.2459820774233148,908.991659745327,False,settled
b,blue_ramp,ramp,0.0,1.1,0.0,1.207953611420009,921.5090975969447,False,settled
b,blue_ramp,ramp,0.0,1.1,0.0,0.7803774068600973,1065.0860842561003,False,settled
b,blue_ramp,ramp,0.0,1.1,0.0,0.9633830493675177,997.0903007232099,False,settled
b,blue_ramp,ramp,0.0,1.1,0.0,0.9444489631123857,1011.8731161766607,False,settled
b,blue_ramp,ramp,0.0,1.1,0.0,0.9002907885651777,1023.5090197832125,False,settled
b,blue_ramp,ramp,0.0,1.1,0.0,0.7151652110169945,1105.9574112853666,False,settled
b,blue_ramp,ramp,0.0,1.1,0.0,1.2758732330126628,902.212598870605,False,settled
b,blue_ramp,ramp,0.0,1.1,0.0,1.0124532074674806,989.4652467251015,False,settled
b,blue_ramp,ramp,0.0,1.1,0.0,1.1134233166823686,953.6025673331957,False,settled
b,blue_ramp,ramp,0.0,1.1,0.0,0.995955761111168,986.3301637271054,False,settled
b,blue_ramp,ramp,0.0,1.1,0.0,0.9105627377279968,1015.6671559158398,False,settled
b,blue_ramp,ramp,0.0,1.1,0.0,1.3157023155471943,888.1104084081467,False,settled
b,blue_ramp,ramp,0.0,1.1,0.0,1.01079087503582,980.6283372221322,False,settled
b,blue_ramp,ramp,0.0,1.1,0.0,0.9517924149799178,1005.9605421228904,False,settled
b,blue_ramp,ramp,0.0,1.1,0.0,0.9233016027689352,1020.3022943817573,False,settled
b,blue_ramp,ramp,0.0,1.1,0.0,0.9744093462410244,999.1029932583513,False,settled
b,blue_ramp,ramp,0.0,1.1,0.0,0.9050548778315415,1019.78764847889,False,settled
b,blue_ramp,ramp,0.0,1.1,0.0,1.677307699227646,796.5063316872868,False,settled
b,blue_ramp,ramp,0.0,1.1,0.0,1.680211675016027,795.0920980901199,False,settled
b,blue_ramp,ramp,0.0,1.1,0.0,1.0993682061644448,956.3391506470842,False,settled
b,blue_ramp,ramp,0.0,1.1,0.0,1.4718892177693488,844.5861091730385,False,settled
b,blue_ramp,ramp,0.0,1.1,0.0,1.3765827354574394,869.5276835432295,False,settled
b,blue_ramp,ramp,0.0,1.1,0.0,1.6891991346888573,791.4050064076135,False,settled
b,blue_ramp,ramp,0.0,1.1,0.0,1.4251764837446854,857.8527923003963,False,settled
b,blue_ramp,ramp,0.0,1.1,0.0,1.465943715302831,847.82516021301,False,settled
b,blue_ramp,ramp,0.0,1.1,0.0,1.0139760240958555,988.2091735488794,False,settled
b,blue_ramp,ramp,0.0,1.1,0.0,0.9267134100212242,1019.6611561935993,False,settled
b,blue_ramp,ramp,0.0,1.1,0.0,1.3941147936473945,862.5025825038604,False,settled
b,blue_ramp,ramp,0.0,1.1,0.0,1.6384546876420607,807.9450661745251,False,settled
b,blue_ramp,ramp,0.0,1.1,0.0,0.9033166709804391,1021.1171529089162,False,settled
b,blue_ramp,ramp,0.0,1.1,0.0,1.301405419587222,891.5345251268591,False,settled
b,blue_ramp,ramp,0.0,1.1,0.0,0.7206410602604929,1101.901221000094,False,settled
b,blue_ramp,ramp,0.0,1.1,0.0,1.0599348158454092,970.8600862605487,False,settled
b,blue_ramp,ramp,0.0,1.1,0.0,0.7372134344769021,1088.1022166229336,False,settled
b,blue_ramp,ramp,0.0,1.1,0.0,1.4688221926162752,843.948005944665,False,settled
b,blue_ramp,ramp,0.0,1.1,0.0,0.9738836585233963,999.5263877761912,False,settled
b,blue_ramp,ramp,0.0,1.1,0.0,1.6267963684648497,809.6848127533366,False,settled
b,blue_ramp,ramp,0.0,1.1,0.0,1.4466538189901594,852.1717616829999,False,settled
b,blue_ramp,ramp,0.0,1.1,0.0,0.9011529241453239,1022.827420906253,False,settled
b,blue_ramp,ramp,0.0,1.1,0.0,0.7459596140418899,1084.0008403602587,False,settled
b,blue_ramp,ramp,0.0,1.1,0.0,0.7139501365099925,1101.0635141957225,False,settled
b,blue_ramp,ramp,0.0,1.1,0.0,1.341352244446504,882.644465653764,False,settled
b,blue_ramp,ramp,0.0,1.1,0.0,1.6480304498443101,805.2352006408473,False,settled
b,blue_ramp,ramp,0.0,1.1,0.0,1.552723606839273,827.5965267252998,False,settled
b,blue_ramp,ramp,0.0,1.1,0.0,0.7835143134555512,1076.7903352397955,False,settled
b,blue_ramp,ramp,0.0,1.1,0.0,0.8415543704652595,1044.60936225971,False,settled
b,blue_ramp,ramp,0.0,1.1,0.0,1.5747197792181025,822.8409590380945,False,settled
b,blue_ramp,ramp,0.0,1.1,0.0,0.7190535751257094,1099.811944687613,False,settled
b,blue_ramp,ramp,0.0,1.1,0.0,1.0398388734747182,977.2574926267607,False,settled
b,blue_ramp,ramp,0.0,1.1,0.0,1.0908635474909854,954.4326684730357,False,settled
b,blue_ramp,ramp,0.0,1.1,0.0,0.6983705115817164,1100.2308792291706,False,settled
b,blue_ramp,ramp,0.0,1.1,0.0,1.1300436236124978,948.5868918390648,False,settled
b,blue_ramp,ramp,0.0,1.1,0.0,1.3442425018923063,879.7643386708432,False,settled
b,blue_ramp,ramp,0.0,1.1,0.0,0.7431400955270853,1089.423150506586,False,settled
b,blue_ramp,ramp,0.0,1.1,0.0,0.8476689472555599,1039.8867108129748,False,settled
b,blue_ramp,ramp,0.0,1.1,0.0,0.7640253412396091,1076.7186674625827,False,settled
b,blue_ramp,ramp,0.0,1.1,0.0,1.240164113012849,907.1108832456132,False,settled
b,blue_ramp,ramp,0.0,1.1,0.0,1.4283598047330746,854.643339492405,False,settled
b,blue_ramp,ramp,0.0,1.1,0.0,0.8035467094322167,1057.1706193188193,False,settled
b,blue_ramp,ramp,0.0,1.1,0.0,0.8566415553280359,1035.966262278449,False,settled
b,blue_ramp,ramp,0.0,1.1,0.0,1.1749042423534815,926.7248883148054,False,settled
b,blue_ramp,ramp,0.0,1.1,0.0,0.963939430129142,996.5770842338021,False,settled
b,blue_ramp,ramp,0.0,1.1,0.0,1.377304379102924,869.1811904020806,False,settled
b,blue_ramp,ramp,0.0,1.1,0.0,1.4373191217569055,853.9137744519188,False,settled
b,blue_ramp,ramp,0.0,1.1,0.0,0.7846420825432572,1075.9012813350923,False,settled
b,blue_ramp,ramp,0.0,1.1,0.0,1.42067017082482,858.262714893151,False,settled
b,blue_ramp,ramp,0.0,1.1,0.0,0.7826353571864302,1077.4829273903233,False,settled
b,blue_ramp,ramp,0.0,1.1,0.0,1.4878799223447334,843.4718641775717,False,settled
b,blue_ramp,ramp,0.0,1.1,0.0,1.209512910602045,920.1542257513617,False,settled
b,blue_ramp,ramp,0.0,1.1,0.0,0.8642293096586423,1034.8153261909445,False,settled
b,blue_ramp,ramp,0.0,1.1,0.0,0.6868672234956972,1120.5095137612805,False,settled
b,blue_ramp,ramp,0.0,1.1,0.0,0.7212542018835594,1103.1473937482845,False,settled
b,blue_ramp,ramp,0.0,1.1,0.0,1.0274400944453281,977.4445509897548,False,settled
b,blue_ramp,ramp,0.0,1.1,0.0,1.0923737774433635,953.2789342775498,False,settled
b,blue_ramp,ramp,0.0,1.1,0.0,0.8514124916582978,1049.9597159835776,False,settled
b,blue_ramp,ramp,0.0,1.1,0.0,0.9264692056403996,1019.707046728583,False,settled
b,blue_ramp,ramp,0.0,1.1,0.0,1.0590834378859864,971.5592044434941,False,settled
b,blue_ramp,ramp,0.0,1.1,0.0,1.621820470557253,811.2490077860626,False,settled
b,blue_ramp,ramp,0.0,1.1,0.0,0.9060960605144642,1019.073764809515,False,settled
b,blue_ramp,ramp,0.0,1.1,0.0,0.7761414994295596,1068.2825275370785,False,settled
b,blue_ramp,ramp,0.0,1.1,0.0,1.5672411914663473,823.7249270318364,False,settled
b,blue_ramp,ramp,0.0,1.1,0.0,1.0294056888711198,975.9405482549481,False,settled
b,blue_ramp,ramp,0.0,1.1,0.0,1.0997235133155976,956.0390866424424,False,settled
b,blue_ramp,ramp,0.0,1.1,0.0,1.2636063150480448,899.9614551383746,False,settled
b,blue_ramp,ramp,0.0,1.1,0.0,0.7427853205206912,1089.1999872577421,False,settled
b,blue_ramp,ramp,0.0,1.1,0.0,1.5293901136748955,833.7351366251219,False,settled
b,blue_ramp,ramp,0.0,1.1,0.0,1.4402614092557404,850.5976350848674,False,settled
b,blue_ramp,ramp,0.0,1.1,0.0,0.8116718914955551,1054.179076074613,False,settled
b,blue_ramp,ramp,0.0,1.1,0.0,0.9308627236421457,1018.881352766965,False,settled
b,blue_ramp,ramp,0.0,1.1,0.0,0.893061192383851,1029.2529294983517,False,settled
b,blue_ramp,ramp,0.0,1.1,0.0,0.7672064272968648,1074.7727894379573,False,settled
b,blue_ramp,ramp,0.0,1.1,0.0,0.9716394414881832,1001.3446976656119,False,settled
b,blue_ramp,ramp,0.0,1.1,0.0,0.6989347674920184,1106.2366796106646,False,settled
b,blue_ramp,ramp,0.0,1.1,0.0,1.0872683783166721,957.4049184800406,False,settled
b,blue_ramp,ramp,0.0,1.1,0.0,0.7828047262713865,1077.3494830119357,False,settled
b,blue_ramp,ramp,0.0,1.1,0.0,1.0998999791103057,955.8900613769841,False,settled
b,blue_ramp,ramp,0.0,1.1,0.0,0.7035032708427283,1104.341068783857,False,settled
b,blue_ramp,ramp,0.0,1.1,0.0,1.0032342044729128,984.8847260942788,False,settled
b,blue_ramp,ramp,0.0,1.1,0.0,1.175833422865266,933.6649666759027,False,settled
b,blue_ramp,ramp,0.0,1.1,0.0,1.3616989683824472,873.6862651576405,False,settled
b,blue_ramp,ramp,0.0,1.1,0.0,1.2845367911750458,894.1565301041518,False,settled
b,blue_ramp,ramp,0.0,1.1,0.0,0.748673414799752,1087.7581697188614,False,settled
b,blue_ramp,ramp,0.0,1.1,0.0,1.0286997117396688,976.5140172214993,False,settled
b,blue_ramp,ramp,0.0,1.1,0.0,1.2587007438465894,904.4160660876641,False,settled
b,blue_ramp,ramp,0.0,1.1,0.0,0.919086600507596,1021.0945269612216,False,settled
b,blue_ramp,ramp,0.0,1.1,0.0,1.4160748870417104,858.4147264794739,False,settled
b,blue_ramp,ramp,0.0,1.1,0.0,0.9303737672855685,1018.9732208490368,False,settled
b,blue_ramp,ramp,0.0,1.1,0.0,1.3022077563217995,890.7800908661766,False,settled
b,blue_ramp,ramp,0.0,1.1,0.0,1.2753981971883226,902.6597847099242,False,settled
b,blue_ramp,ramp,0.0,1.1,0.0,1.1472967155263372,937.8990636160241,False,settled
b,blue_ramp,ramp,0.0,1.1,0.0,0.8989045406614466,1024.604698117515,False,settled
b,blue_ramp,ramp,0.0,1.1,0.0,0.7394293335411821,1084.5734644563036,False,settled
b,blue_ramp,ramp,0.0,1.1,0.0,1.2896858800720619,895.9780160390663,False,settled
b,blue_ramp,ramp,0.0,1.1,0.0,0.6953596109504676,1116.59318857246,False,settled
b,blue_ramp,ramp,0.0,1.1,0.0,1.5880191381587896,818.9042265397226,False,settled
b,blue_ramp,ramp,0.0,1.1,0.0,1.527819095897975,834.7911168352715,False,settled
b,blue_ramp,ramp,0.0,1.1,0.0,1.247675295506346,907.449205560586,False,settled
b,blue_ramp,ramp,0.0,1.1,0.0,1.162818436335309,936.8044914101165,False,settled
b,blue_ramp,ramp,0.0,1.1,0.0,1.128234044934137,941.6482823122109,False,settled
b,blue_ramp,ramp,0.0,1.1,0.0,1.2780458051538788,900.1822796717103,False,settled
b,blue_ramp,ramp,0.0,1.1,0.0,1.0061110726190432,984.2845463743131,False,settled
b,blue_ramp,ramp,0.0,1.1,0.0,1.1073908426442451,949.9588845508468,False,settled
b,blue_ramp,ramp,0.0,1.1,0.0,1.2774403470530815,900.7474797838648,False,settled
b,blue_ramp,ramp,0.0,1.1,0.0,0.7660969904194147,1075.4505329450842,False,settled
b,blue_ramp,ramp,0.0,1.1,0.0,0.9507614352503145,1006.7892984320492,False,settled
b,blue_ramp,ramp,0.0,1.1,0.0,1.3706674886188255,870.3937134615617,False,settled
b,blue_ramp,ramp,0.0,1.1,0.0,1.2571791342079328,905.8168436395705,False,settled
b,blue_ramp,ramp,0.0,1.1,0.0,0.9092816197691153,1016.5501562231768,False,settled
b,blue_ramp,ramp,0.0,1.1,0.0,1.6751712311376947,797.909607167399,False,settled
b,blue_ramp,ramp,0.0,1.1,0.0,0.910750482472864,1015.5224412104361,False,settled
b,blue_ramp,ramp,0.0,1.1,0.0,1.4792938522083017,845.9396108935476,False,settled
b,blue_ramp,ramp,0.0,1.1,0.0,0.7230927453211267,1091.3565569136122,False,settled
b,blue_ramp,ramp,0.0,1.1,0.0,1.0127216392260703,989.243862799536,False,settled
b,blue_ramp,ramp,0.0,1.1,0.0,1.4888677229726313,844.9032494380955,False,settled
b,blue_ramp,ramp,0.0,1.1,0.0,1.358513944932393,876.9134219790988,False,settled
b,blue_ramp,ramp,0.0,1.1,0.0,1.3082063847878922,891.4434707497367,False,settled
b,blue_ramp,ramp,0.0,1.1,0.0,1.040043861379714,977.0882809102777,False,settled
b,blue_ramp,ramp,0.0,1.1,0.0,0.8771770438668735,1029.187241896076,False,settled
b,blue_ramp,ramp,0.0,1.1,0.0,1.5171855824398295,834.1200492845775,False,settled
b,blue_ramp,ramp,0.0,1.1,0.0,1.2795832939104392,898.7471004642027,False,settled
b,blue_ramp,ramp,0.0,1.1,0.0,0.7879645983363593,1073.7552533608396,False,settled
b,blue_ramp,ramp,0.0,1.1,0.0,1.1808554454006994,929.5124846776791,False,settled
b,blue_ramp,ramp,0.0,1.1,0.0,0.7593024014166685,1077.4837074676793,False,settled
b,blue_ramp,ramp,0.0,1.1,0.0,0.8952222387802855,1027.5318650220456,False,settled
b,blue_ramp,ramp,0.0,1.1,0.0,0.9645683120677834,1007.086274483658,False,settled
b,blue_ramp,ramp,0.0,1.1,0.0,1.1427554723532374,939.2320606801337,False,settled
b,blue_ramp,ramp,0.0,1.1,0.0,0.9765546993194565,997.4487781514025,False,settled
b,blue_ramp,ramp,0.0,1.1,0.0,1.2047918751928068,924.006439278393,False,settled
b,blue_ramp,ramp,0.0,1.1,0.0,1.1970866458500213,923.2309937547932,False,settled
b,blue_ramp,ramp,0.0,1.1,0.0,1.561308393024712,825.998323807037,False,settled
b,blue_ramp,ramp,0.0,1.1,0.0,0.7558738912682756,1076.8706923369386,False,settled
b,blue_ramp,ramp,0.0,1.1,0.0,0.8673016201586238,1034.2780513531961,False,settled
b,blue_ramp,ramp,0.0,1.1,0.0,0.926612792720349,1019.6800640566128,False,settled
b,blue_ramp,ramp,0.0,1.1,0.0,1.5569802931986307,826.3859016410833,False,settled
b,blue_ramp,ramp,0.0,1.1,0.0,1.253657488056534,909.059354844017,False,settled
b,blue_ramp,ramp,0.0,1.1,0.0,1.018390384262932,984.574712212841,False,settled
b,blue_ramp,ramp,0.0,1.1,0.0,1.0200690018278988,983.2013483336677,False,settled
b,blue_ramp,ramp,0.0,1.1,0.0,1.521642551518438,836.4169904301316,False,settled
b,blue_ramp,ramp,0.0,1.1,0.0,0.8305987609333336,1053.158966173385,False,settled
b,blue_ramp,ramp,0.0,1.1,0.0,1.2202549669168323,918.2715005495411,False,settled
b,blue_ramp,ramp,0.0,1.1,0.0,0.7944459082804626,1072.2010254057102,False,settled
b,blue_ramp,ramp,0.0,1.1,0.0,1.2170096258265812,913.7495930175046,False,settled
b,blue_ramp,ramp,0.0,1.1,0.0,0.8768656644484916,1029.50499017909,False,settled
b,blue_ramp,ramp,0.0,1.1,0.0,1.580402359000281,819.2077833805238,False,settled
b,blue_ramp,ramp,0.0,1.1,0.0,1.159528254076281,931.6901564776006,False,settled
b,blue_ramp,ramp,0.0,1.1,0.0,0.8970452997498155,1026.079985794994,False,settled
b,blue_ramp,ramp,0.0,1.1,0.0,1.453203182042091,849.3094477256642,False,settled
b,blue_ramp,ramp,0.0,1.1,0.0,0.7192560345064009,1100.0527782220652,False,settled
b,blue_ramp,ramp,0.0,1.1,0.0,0.8663102966088618,1034.422201070868,False,settled
b,blue_ramp,ramp,0.0,1.1,0.0,1.5791401524843676,822.080915823846,False,settled
b,blue_ramp,ramp,0.0,1.1,0.0,1.0910910639242988,954.2474103347023,False,settled
b,blue_ramp,ramp,0.0,1.1,0.0,1.3051103638044885,888.0748799852743,False,settled
b,blue_ramp,ramp,0.0,1.1,0.0,0.7736272119038777,1070.2878085240611,False,settled
b,blue_ramp,ramp,0.0,1.1,0.0,1.0445109853847556,973.4093408992594,False,settled
b,blue_ramp,ramp,0.0,1.1,0.0,1.0149409986356326,987.4133910499165,False,settled
b,blue_ramp,ramp,0.0,1.1,0.0,0.9728653778670994,1000.3494388412106,False,settled
b,blue_ramp,ramp,0.0,1.1,0.0,0.804771039259895,1057.0264879501042,False,settled
b,blue_ramp,ramp,0.0,1.1,0.0,1.4379862583384284,853.1549909044834,False,settled
b,blue_ramp,ramp,0.0,1.1,0.0,0.7618746388902299,1077.711048078453,False,settled
b,blue_ramp,ramp,0.0,1.1,0.0,1.6622022495896436,802.0002328037986,False,settled
b,blue_ramp,ramp,0.0,1.1,0.0,1.39023088149487,866.2241282111423,False,settled
b,blue_ramp,ramp,0.0,1.1,0.0,1.5563151339034509,827.4788785988399,False,settled
b,blue_ramp,ramp,0.0,1.1,0.0,1.17834783763133,931.712197412636,False,settled
b,blue_ramp,ramp,0.0,1.1,0.0,1.213406837486562,916.7600291615889,False,settled
b,blue_ramp,ramp,0.0,1.1,0.0,0.7656829407416217,1075.7048624442407,False,settled
b,blue_ramp,ramp,0.0,1.1,0.0,0.9512544905985754,1006.3929551911604,False,settled
b,blue_ramp,ramp,0.0,1.1,0.0,0.9335297693859512,1018.3802491626936,False,settled
b,blue_ramp,ramp,0.0,1.1,0.0,0.8004748236854998,1057.640570506865,False,settled
b,blue_ramp,ramp,0.0,1.1,0.0,1.122585855983146,946.1525743905584,False,settled
b,blue_ramp,ramp,0.0,1.1,0.0,1.2108598724752409,918.9829162449348,False,settled
b,blue_ramp,ramp,0.0,1.1,0.0,1.221803492648414,916.8912624341901,False,settled
b,blue_ramp,ramp,0.0,1.1,0.0,0.7329920679741334,1085.92053827416,False,settled
b,blue_ramp,ramp,0.0,1.1,0.0,1.4462331665962274,848.4927316173405,False,settled
b,blue_ramp,ramp,0.0,1.1,0.0,1.2957635599086734,890.4068285546672,False,settled
b,blue_ramp,ramp,0.0,1.1,0.0,1.1690251530891287,931.6675744552481,False,settled
b,blue_ramp,ramp,0.0,1.1,0.0,1.6799097010627109,796.6351098334349,False,settled
b,blue_ramp,ramp,0.0,1.1,0.0,1.2152028628477078,915.2105312625711,False,settled
b,blue_ramp,ramp,0.0,1.1,0.0,1.0591136819424785,971.5343693461124,False,settled
b,blue_ramp,ramp,0.0,1.1,0.0,0.8995127823025185,1024.1239695877662,False,settled
b,blue_ramp,ramp,0.0,1.1,0.0,0.807596045954651,1056.7752390749781,False,settled
b,blue_ramp,ramp,0.0,1.1,0.0,1.0370689787227056,979.5445076231109,False,settled
b,blue_ramp,ramp,0.0,1.1,0.0,1.0629160890596165,968.4212601065137,False,settled
b,blue_ramp,ramp,0.0,1.1,0.0,1.2831415498766747,895.5146454611106,False,settled
b,blue_ramp,ramp,0.0,1.1,0.0,0.761184610187294,1077.9636359896742,False,settled
b,blue_ramp,ramp,0.0,1.1,0.0,1.3250594284909307,886.7782854824218,False,settled
b,blue_ramp,ramp,0.0,1.1,0.0,0.8270380343399869,1055.935181610307,False,settled
b,blue_ramp,ramp,0.0,1.1,0.0,0.7459311256809915,1083.9545318851465,False,settled
b,blue_ramp,ramp,0.0,1.1,0.0,1.6422162928066513,805.9557405078566,False,settled
b,blue_ramp,ramp,0.0,1.1,0.0,1.2739819184563412,897.2503721900965,False,settled
b,blue_ramp,ramp,0.0,1.1,0.0,1.4057746552129797,863.4776779299591,False,settled
b,blue_ramp,ramp,0.0,1.1,0.0,0.765347595700636,1075.910670442321,False,settled
b,blue_ramp,ramp,0.0,1.1,0.0,0.7398354123837918,1084.3229973228695,False,settled
b,blue_ramp,ramp,0.0,1.1,0.0,0.9172185661565241,1022.4893637854254,False,settled
b,blue_ramp,ramp,0.0,1.1,0.0,0.7192574265368236,1100.0560821672598,False,settled
b,blue_ramp,ramp,0.0,1.1,0.0,1.0702117066453662,966.4943463851428,False,settled
b,blue_ramp,ramp,0.0,1.1,0.0,0.8825460224971676,1037.4155276338272,False,settled
b,blue_ramp,ramp,0.0,1.1,0.0,1.4421831545126647,852.9914022023446,False,settled
b,blue_ramp,ramp,0.0,1.1,0.0,0.979739024858866,994.9355667275179,False,settled
b,blue_ramp,ramp,0.0,1.1,0.0,1.6244225656738458,810.2691651087944,False,settled
b,blue_ramp,ramp,0.0,1.1,0.0,1.1890297570029111,922.5217013880255,False,settled
b,blue_ramp,ramp,0.0,1.1,0.0,1.203746985682431,924.8837063269272,False,settled
b,blue_ramp,ramp,0.0,1.1,0.0,0.7719383966670589,1071.4669835753734,False,settled
b,blue_ramp,ramp,0.0,1.1,0.0,0.7162606899060974,1093.6007906098116,False,settled
b,blue_ramp,ramp,0.0,1.1,0.0,1.016063854124269,986.4874004098082,False,settled
b,blue_ramp,ramp,0.0,1.1,0.0,1.1236972228009994,945.2143174014735,False,settled
b,blue_ramp,ramp,0.0,1.1,0.0,1.5821116704525335,819.0534381090648,False,settled
b,blue_ramp,ramp,0.0,1.1,0.0,1.1227013185580998,946.0550801037257,False,settled
b,blue_ramp,ramp,0.0,1.1,0.0,0.9423876141367511,1013.5436196053829,False,settled
b,blue_ramp,ramp,0.0,1.1,0.0,1.611585765677875,814.307101845557,False,settled
b,blue_ramp,ramp,0.0,1.1,0.0,1.3178272351069316,887.2163436321404,False,settled
b,blue_ramp,ramp,0.0,1.1,0.0,1.33674656588307,881.303609257459,False,settled
b,blue_ramp,ramp,0.0,1.1,0.0,1.1483692347389725,937.584316884177,False,settled
b,blue_ramp,ramp,0.0,1.1,0.0,1.162841795949366,936.7841857076079,False,settled
b,blue_ramp,ramp,0.0,1.1,0.0,1.248361499693668,906.8271723368692,False,settled
b,blue_ramp,ramp,0.0,1.1,0.0,0.7445768885961165,1084.8513065077311,False,settled
b,blue_ramp,ramp,0.0,1.1,0.0,1.3394741521003244,878.901266263653,False,settled
b,blue_ramp,ramp,0.0,1.1,0.0,1.092644031983367,953.0614062529679,False,settled
b,blue_ramp,ramp,0.0,1.1,0.0,0.9938501054328365,986.7697980533728,False,settled
b,blue_ramp,ramp,0.0,1.1,0.0,0.9989312115828586,985.7053674181305,False,settled
b,blue_ramp,ramp,0.0,1.1,0.0,1.2474402041111912,907.6623077416989,False,settled
b,blue_ramp,ramp,0.0,1.1,0.0,0.6965525270815016,1114.763679586497,False,settled
b,blue_ramp,ramp,0.0,1.1,0.0,1.4346447045636772,852.2785617294755,False,settled
b,blue_ramp,ramp,0.0,1.1,0.0,0.8180821625283663,1062.7606950102575,False,settled
b,blue_ramp,ramp,0.0,1.1,0.0,0.987182844928339,989.3559986310293,False,settled
b,blue_ramp,ramp,0.0,1.1,0.0,0.8072763861249157,1056.812115648669,False,settled
b,blue_ramp,ramp,0.0,1.1,0.0,0.7313164917204963,1099.5645870706392,False,settled
b,blue_ramp,ramp,0.0,1.1,0.0,0.7493615524174795,1088.054920883341,False,settled
b,blue_ramp,ramp,0.0,1.1,0.0,1.3419066233704247,882.0919161344677,False,settled
b,blue_ramp,ramp,0.0,1.1,0.0,0.7858770976964352,1074.9276245558035,False,settled
b,blue_ramp,ramp,0.0,1.1,0.0,0.9294576472648063,1019.1453465846505,False,settled
b,blue_ramp,ramp,0.0,1.1,0.0,1.2426362252908674,912.0504269836285,False,settled
b,blue_ramp,ramp,0.0,1.1,0.0,0.6882144707470607,1112.7294405471566,False,settled
b,blue_ramp,ramp,0.0,1.1,0.0,0.8153788075481967,1051.348770718209,False,settled
b,blue_ramp,ramp,0.0,1.1,0.0,1.0439006668298252,973.909085772538,False,settled
b,blue_ramp,ramp,0.0,1.1,0.0,0.9763832081348109,997.5838212302041,False,settled
b,blue_ramp,ramp,0.0,1.1,0.0,0.9807398215237942,994.1456435319367,False,settled
b,blue_ramp,ramp,0.0,1.1,0.0,1.2925022530907477,893.3898858693044,False,settled
b,blue_ramp,ramp,0.0,1.1,0.0,0.7043368914436339,1111.33970514788,False,settled
b,blue_ramp,ramp,0.0,1.1,0.0,0.9724505576775062,1000.6862057339002,False,settled
b,blue_ramp,ramp,0.0,1.1,0.0,1.1248939183877844,944.3037290573503,False,settled
b,blue_ramp,ramp,0.0,1.1,0.0,1.6376321511209408,807.697660428832,False,settled
b,blue_ramp,ramp,0.0,1.1,0.0,0.8056741504346109,1056.9969421913247,False,settled
b,blue_ramp,ramp,0.0,1.1,0.0,0.8116315660211311,1054.210306320289,False,settled
b,blue_ramp,ramp,0.0,1.1,0.0,0.8152734102648052,1051.430331260941,False,settled
b,blue_ramp,ramp,0.0,1.1,0.0,0.902286313390093,1021.9316807439008,False,settled
b,blue_ramp,ramp,0.0,1.1,0.0,1.112095472409132,954.7335042042014,False,settled
b,blue_ramp,ramp,0.0,1.1,0.0,1.3479042432853898,876.4060709186381,False,settled
b,blue_ramp,ramp,0.0,1.1,0.0,1.0022190397336794,985.0967279758004,False,settled
b,blue_ramp,ramp,0.0,1.1,0.0,0.7780637554896299,1066.8193664903654,False,settled
b,blue_ramp,ramp,0.0,1.1,0.0,1.3943383055719731,867.1321931957553,False,settled
b,blue_ramp,ramp,0.0,1.1,0.0,0.7712938791126535,1071.9241329547056,False,settled
b,blue_ramp,ramp,0.0,1.1,0.0,0.8812948429628022,1038.4185993858061,False,settled
b,blue_ramp,ramp,0.0,1.1,0.0,1.11259132629965,954.3111829574129,False,settled
b,blue_ramp,ramp,0.0,1.1,0.0,0.9586565765835038,1000.4676705902506,False,settled
b,blue_ramp,ramp,0.0,1.1,0.0,1.0774589998643707,964.6551319207749,False,settled
b,blue_ramp,ramp,0.0,1.1,0.0,1.3772428921997162,869.242418339974,False,settled
b,blue_ramp,ramp,0.0,1.1,0.0,0.8267543981573049,1056.1585539269665,False,settled
b,blue_ramp,ramp,0.0,1.1,0.0,1.2481848984427542,906.9872616816996,False,settled
b,blue_ramp,ramp,0.0,1.1,0.0,0.8305341119985479,1053.2095331037924,False,settled
b,blue_ramp,ramp,0.0,1.1,0.0,1.632100592866067,809.1669225673387,False,settled
b,blue_ramp,ramp,0.0,1.1,0.0,1.2585540968747204,904.5510699805061,False,settled
b,blue_ramp,ramp,0.0,1.1,0.0,1.514105237900614,838.122395468136,False,settled
b,blue_ramp,ramp,0.0,1.1,0.0,0.8409079037901106,1045.1112044461956,False,settled
b,blue_ramp,ramp,0.0,1.1,0.0,1.220297857148588,918.2332722777826,False,settled
b,blue_ramp,ramp,0.0,1.1,0.0,1.1619260025109517,937.5803461308773,False,settled
b,blue_ramp,ramp,0.0,1.1,0.0,1.5177120574310385,836.9151416719997,False,settled
b,blue_ramp,ramp,0.0,1.1,0.0,1.598774841027621,816.7220033442408,False,settled
b,blue_ramp,ramp,0.0,1.1,0.0,1.293119667501254,892.8196902164028,False,settled
b,blue_ramp,ramp,0.0,1.1,0.0,1.1041509261660811,952.5838126594608,False,settled
b,blue_ramp,ramp,0.0,1.1,0.0,1.2714440015399173,899.5604994801661,False,settled
b,blue_ramp,ramp,0.0,1.1,0.0,1.195735112216915,924.4158646222368,False,settled
b,blue_ramp,ramp,0.0,1.1,0.0,1.5658755735786394,824.9840936254375,False,settled
b,blue_ramp,ramp,0.0,1.1,0.0,1.1077289296304074,949.675395151289,False,settled
b,blue_ramp,ramp,0.0,1.1,0.0,1.0551480070284236,965.2029312280566,False,settled
b,blue_ramp,ramp,0.0,1.1,0.0,0.69793003210114,1112.9270600517827,False,settled
b,blue_ramp,ramp,0.0,1.1,0.0,0.8607439527192319,1035.2581992599357,False,settled
b,yellow_ramp,ramp,0.0,1.1,0.0,0.9042427964362617,869.30998348205,False,settled
b,yellow_ramp,ramp,0.0,1.1,0.0,0.9027780444186312,870.8650877427252,False,settled
b,yellow_ramp,ramp,0.0,1.1,0.0,0.6749793398103145,939.3131089093537,False,settled
b,yellow_ramp,ramp,0.0,1.1,0.0,0.314475316967789,1078.0029993783394,False,settled
b,yellow_ramp,ramp,0.0,1.1,0.0,0.22989449958924335,1107.708529051036,False,settled
b,yellow_ramp,ramp,0.0,1.1,0.0,0.6739038789785137,939.628992517289,False,settled
b,yellow_ramp,ramp,0.0,1.1,0.0,0.9145353361709944,869.4123287497135,False,settled
b,yellow_ramp,ramp,0.0,1.1,0.0,0.5030044840760489,1002.266087462566,False,settled
b,yellow_ramp,ramp,0.0,1.1,0.0,0.8889830476803844,873.5805105585187,False,settled
b,yellow_ramp,ramp,0.0,1.1,0.0,0.5198571963415278,989.2188275302655,False,settled
b,yellow_ramp,ramp,0.0,1.1,0.0,0.38836964670632224,1036.0875919021278,False,settled
b,yellow_ramp,ramp,0.0,1.1,0.0,0.22808767010428208,1103.722942100205,False,settled
b,yellow_ramp,ramp,0.0,1.1,0.0,0.5338072661174951,985.209501159289,False,settled
b,yellow_ramp,ramp,0.0,1.1,0.0,0.22507741160305386,1105.4518112436062,False,settled
b,yellow_ramp,ramp,0.0,1.1,0.0,0.5014957719966833,1003.491095593334,False,settled
b,yellow_ramp,ramp,0.0,1.1,0.0,0.49265478024344883,999.3614012699945,False,settled
b,yellow_ramp,ramp,0.0,1.1,0.0,0.7319874453195245,921.1262073034603,False,settled
b,yellow_ramp,ramp,0.0,1.1,0.0,0.22571594460906805,1115.475558397835,False,settled
b,yellow_ramp,ramp,0.0,1.1,0.0,0.34880025167407985,1064.1788356189495,False,settled
b,yellow_ramp,ramp,0.0,1.1,0.0,0.6678420571552847,944.3120187886982,False,settled
b,yellow_ramp,ramp,0.0,1.1,0.0,0.7513163854225624,919.5536870477952,False,settled
b,yellow_ramp,ramp,0.0,1.1,0.0,0.4196789340783567,1033.9469583635296,False,settled
b,yellow_ramp,ramp,0.0,1.1,0.0,1.2229742456765544,791.6335178221585,False,settled
b,yellow_ramp,ramp,0.0,1.1,0.0,0.5668609129839878,981.7826636384058,False,settled
b,yellow_ramp,ramp,0.0,1.1,0.0,0.4861436982600067,1004.472365027647,False,settled
b,yellow_ramp,ramp,0.0,1.1,0.0,1.090877289413095,827.4943148509165,False,settled
b,yellow_ramp,ramp,0.0,1.1,0.0,0.5209953191196897,988.4217567611585,False,settled
b,yellow_ramp,ramp,0.0,1.1,0.0,0.24520895595635922,1099.152280573816,False,settled
b,yellow_ramp,ramp,0.0,1.1,0.0,0.313866527633938,1078.4826873002112,False,settled
b,yellow_ramp,ramp,0.0,1.1,0.0,0.46847193979457047,1006.4548211845394,False,settled
b,yellow_ramp,ramp,0.0,1.1,0.0,0.9795734831797733,851.9355681730614,False,settled
b,yellow_ramp,ramp,0.0,1.1,0.0,0.3207815886687213,1073.5493104302093,False,settled
b,yellow_ramp,ramp,0.0,1.1,0.0,0.9107106464316612,868.2000138901233,False,settled
b,yellow_ramp,ramp,0.0,1.1,0.0,0.4632270798342018,1018.9068383637486,False,settled
b,yellow_ramp,ramp,0.0,1.1,0.0,1.2228190100626157,790.7090777934436,False,settled
b,yellow_ramp,ramp,0.0,1.1,0.0,1.056031413135758,832.721965503709,False,settled
b,yellow_ramp,ramp,0.0,1.1,0.0,0.5510217076954241,984.4672766828855,False,settled
b,yellow_ramp,ramp,0.0,1.1,0.0,0.4813637810927634,1008.3150338473673,False,settled
b,yellow_ramp,ramp,0.0,1.1,0.0,0.8509850164642558,886.9396800099923,False,settled
b,yellow_ramp,ramp,0.0,1.1,0.0,0.732698618150743,920.593195974593,False,settled
b,yellow_ramp,ramp,0.0,1.1,0.0,0.23859291026964546,1104.1602790974441,False,settled
b,yellow_ramp,ramp,0.0,1.1,0.0,0.9226662786968154,866.2915444319849,False,settled
b,yellow_ramp,ramp,0.0,1.1,0.0,1.0236500206746963,843.6502453233112,False,settled
b,yellow_ramp,ramp,0.0,1.1,0.0,0.5175479996558673,991.1105419763946,False,settled
b,yellow_ramp,ramp,0.0,1.1,0.0,0.28292911652429975,1082.5423497481806,False,settled
b,yellow_ramp,ramp,0.0,1.1,0.0,1.2145273366323672,794.2662205649202,False,settled
b,yellow_ramp,ramp,0.0,1.1,0.0,0.6042901051859589,966.090567014683,False,settled
b,yellow_ramp,ramp,0.0,1.1,0.0,1.154912983341642,812.0170557752507,False,settled
b,yellow_ramp,ramp,0.0,1.1,0.0,0.9465685941617468,860.3595006735239,False,settled
b,yellow_ramp,ramp,0.0,1.1,0.0,0.28850240470140337,1077.0281692111976,False,settled
b,yellow_ramp,ramp,0.0,1.1,0.0,0.6560192826546636,945.3644041488807,False,settled
b,yellow_ramp,ramp,0.0,1.1,0.0,0.30489334152622627,1071.134811844808,False,settled
b,yellow_ramp,ramp,0.0,1.1,0.0,0.6603673544411682,941.8440938137065,False,settled
b,yellow_ramp,ramp,0.0,1.1,0.0,1.1630674161585768,808.5821767023772,False,settled
b,yellow_ramp,ramp,0.0,1.1,0.0,0.3280701623480107,1072.0528851780655,False,settled
b,yellow_ramp,ramp,0.0,1.1,0.0,0.8233688583176572,894.8908275772404,False,settled
b,yellow_ramp,ramp,0.0,1.1,0.0,0.8719758192942908,878.899626847164,False,settled
b,yellow_ramp,ramp,0.0,1.1,0.0,0.7108230232255653,931.7339644389576,False,settled
b,yellow_ramp,ramp,0.0,1.1,0.0,0.49565949660893355,997.2685324883103,False,settled
b,yellow_ramp,ramp,0.0,1.1,0.0,0.8160655376700626,895.1207073731014,False,settled
b,yellow_ramp,ramp,0.0,1.1,0.0,0.31690177045756257,1076.0907000483408,False,settled
b,yellow_ramp,ramp,0.0,1.1,0.0,0.3271331047974336,1072.1763627316682,False,settled
b,yellow_ramp,ramp,0.0,1.1,0.0,0.7816863844808198,906.0793184830562,False,settled
b,yellow_ramp,ramp,0.0,1.1,0.0,0.23690652497193793,1111.1026459417624,False,settled
b,yellow_ramp,ramp,0.0,1.1,0.0,1.1694190565885139,807.7424268886567,False,settled
b,yellow_ramp,ramp,0.0,1.1,0.0,0.24683405132051137,1103.5535842555412,False,settled
b,yellow_ramp,ramp,0.0,1.1,0.0,1.087750156245261,826.9418945488347,False,settled
b,yellow_ramp,ramp,0.0,1.1,0.0,0.497960475124213,1006.3618179862387,False,settled
b,yellow_ramp,ramp,0.0,1.1,0.0,0.8735334049986575,877.4192237445602,False,settled
b,yellow_ramp,ramp,0.0,1.1,0.0,0.3957281769013907,1034.9635019826094,False,settled
b,yellow_ramp,ramp,0.0,1.1,0.0,0.4868575602083572,1003.8985125171611,False,settled
b,yellow_ramp,ramp,0.0,1.1,0.0,0.5515531598472129,984.0324898228175,False,settled
b,yellow_ramp,ramp,0.0,1.1,0.0,0.9382823054926738,863.4735893313239,False,settled
b,yellow_ramp,ramp,0.0,1.1,0.0,0.7009342183162928,932.1776617059214,False,settled
b,yellow_ramp,ramp,0.0,1.1,0.0,0.42156212233065304,1032.4375802650302,False,settled
b,yellow_ramp,ramp,0.0,1.1,0.0,0.8139540956517527,897.0009615408449,False,settled
b,yellow_ramp,ramp,0.0,1.1,0.0,0.8215700774927518,896.542605132386,False,settled
b,yellow_ramp,ramp,0.0,1.1,0.0,1.1722485556507587,807.4395393308396,False,settled
b,yellow_ramp,ramp,0.0,1.1,0.0,0.6229057647095624,954.8131191145159,False,settled
b,yellow_ramp,ramp,0.0,1.1,0.0,0.4787597515276478,1010.4089964072422,False,settled
b,yellow_ramp,ramp,0.0,1.1,0.0,0.24403528810939354,1094.953918240786,False,settled
b,yellow_ramp,ramp,0.0,1.1,0.0,0.979749785728895,851.7311867863925,False,settled
b,yellow_ramp,ramp,0.0,1.1,0.0,0.8313921331989288,893.8977379469648,False,settled
b,yellow_ramp,ramp,0.0,1.1,0.0,0.4219135118653173,1032.157787039102,False,settled
b,yellow_ramp,ramp,0.0,1.1,0.0,0.9772356499607882,850.1640007457117,False,settled
b,yellow_ramp,ramp,0.0,1.1,0.0,0.5447559944139205,989.6278940408876,False,settled
b,yellow_ramp,ramp,0.0,1.1,0.0,0.28982678641845727,1076.5289614613812,False,settled
b,yellow_ramp,ramp,0.0,1.1,0.0,0.6682969891799904,943.9291947951932,False,settled
b,yellow_ramp,ramp,0.0,1.1,0.0,0.3284570573405607,1072.0018491217465,False,settled
b,yellow_ramp,ramp,0.0,1.1,0.0,0.3321270078610473,1057.6731687200609,False,settled
b,yellow_ramp,ramp,0.0,1.1,0.0,0.6667920559725442,944.9404379663713,False,settled
b,yellow_ramp,ramp,0.0,1.1,0.0,0.6823065844099837,937.1625051733995,False,settled
b,yellow_ramp,ramp,0.0,1.1,0.0,1.0171358461410627,846.1596723972359,False,settled
b,yellow_ramp,ramp,0.0,1.1,0.0,1.0845498481546254,827.5007380076215,False,settled
b,yellow_ramp,ramp,0.0,1.1,0.0,0.9071428990785012,871.516030155963,False,settled
b,yellow_ramp,ramp,0.0,1.1,0.0,0.7270294111749298,925.4774553457065,False,settled
b,yellow_ramp,ramp,0.0,1.1,0.0,0.872734286019644,878.162316204711,False,settled
b,yellow_ramp,ramp,0.0,1.1,0.0,1.1640098827785146,808.7416748612036,False,settled
b,yellow_ramp,ramp,0.0,1.1,0.0,0.9777215152091822,849.5355748287764,False,settled
b,yellow_ramp,ramp,0.0,1.1,0.0,0.22337006675465315,1114.5622597759334,False,settled
b,yellow_ramp,ramp,0.0,1.1,0.0,1.061288395977636,832.4896291129497,False,settled
b,yellow_ramp,ramp,0.0,1.1,0.0,0.9594202590100794,856.1588802455012,False,settled
b,yellow_ramp,ramp,0.0,1.1,0.0,0.2708655951064592,1089.2224754302088,False,settled
b,yellow_ramp,ramp,0.0,1.1,0.0,0.6649362028726876,946.5006072113626,False,settled
b,yellow_ramp,ramp,0.0,1.1,0.0,0.22292469979575436,1114.801138240089,False,settled
b,yellow_ramp,ramp,0.0,1.1,0.0,0.7541299316792138,917.0459638035895,False,settled
b,yellow_ramp,ramp,0.0,1.1,0.0,0.9992813731933152,846.389142829376,False,settled
b,yellow_ramp,ramp,0.0,1.1,0.0,0.5238319727614213,987.400204716525,False,settled
b,yellow_ramp,ramp,0.0,1.1,0.0,0.7589886121921798,914.9590844677169,False,settled
b,yellow_ramp,ramp,0.0,1.1,0.0,1.0892668885587315,826.7325117929078,False,settled
b,yellow_ramp,ramp,0.0,1.1,0.0,0.7555435849432355,916.1653386887832,False,settled
b,yellow_ramp,ramp,0.0,1.1,0.0,1.1288401021042456,817.8002897711767,False,settled
b,yellow_ramp,ramp,0.0,1.1,0.0,1.2047519883359334,799.306008549098,False,settled
b,yellow_ramp,ramp,0.0,1.1,0.0,0.38813318594726126,1036.122810212364,False,settled
b,yellow_ramp,ramp,0.0,1.1,0.0,0.5012110488402275,1003.7222591307651,False,settled
b,yellow_ramp,ramp,0.0,1.1,0.0,0.7556493193512327,916.1283173926265,False,settled
b,yellow_ramp,ramp,0.0,1.1,0.0,0.22663327185116983,1114.50980172083,False,settled
b,yellow_ramp,ramp,0.0,1.1,0.0,1.0935415007762637,826.4441132838965,False,settled
b,yellow_ramp,ramp,0.0,1.1,0.0,0.7353033057227139,918.2474668555157,False,settled
b,yellow_ramp,ramp,0.0,1.1,0.0,0.3064279947298999,1070.057464937272,False,settled
b,yellow_ramp,ramp,0.0,1.1,0.0,1.0220947587456677,843.9533681464218,False,settled
b,yellow_ramp,ramp,0.0,1.1,0.0,0.7843293547730391,903.7063062567474,False,settled
b,yellow_ramp,ramp,0.0,1.1,0.0,0.26956708409592844,1087.9588316689678,False,settled
b,yellow_ramp,ramp,0.0,1.1,0.0,0.4171363319302317,1035.9867478138813,False,settled
b,yellow_ramp,ramp,0.0,1.1,0.0,0.6395006847726868,950.286032822672,False,settled
b,yellow_ramp,ramp,0.0,1.1,0.0,1.2207608400088719,790.9256823387195,False,settled
b,yellow_ramp,ramp,0.0,1.1,0.0,0.5914686266405771,971.6534822831911,False,settled
b,yellow_ramp,ramp,0.0,1.1,0.0,0.28740345413805946,1077.3287747149566,False,settled
b,yellow_ramp,ramp,0.0,1.1,0.0,0.5835173995192111,968.5363073283982,False,settled
b,yellow_ramp,ramp,0.0,1.1,0.0,0.8794010688074589,877.1187394592187,False,settled
b,yellow_ramp,ramp,0.0,1.1,0.0,0.46204330288671647,1019.1292531534837,False,settled
b,yellow_ramp,ramp,0.0,1.1,0.0,0.49714644043076434,1007.0228327142697,False,settled
b,yellow_ramp,ramp,0.0,1.1,0.0,0.8933767787571959,874.5152661450766,False,settled
b,yellow_ramp,ramp,0.0,1.1,0.0,0.915115218700922,868.8184613785991,False,settled
b,yellow_ramp,ramp,0.0,1.1,0.0,0.687071084362603,935.7757468640586,False,settled
b,yellow_ramp,ramp,0.0,1.1,0.0,0.24928596999502048,1094.2407001073868,False,settled
b,yellow_ramp,ramp,0.0,1.1,0.0,0.3367013426362471,1057.0934582573716,False,settled
b,yellow_ramp,ramp,0.0,1.1,0.0,1.1582472814303493,809.6391776354258,False,settled
b,yellow_ramp,ramp,0.0,1.1,0.0,0.9151971944000644,868.7340235068541,False,settled
b,yellow_ramp,ramp,0.0,1.1,0.0,0.3254391798374441,1072.3998797233342,False,settled
b,yellow_ramp,ramp,0.0,1.1,0.0,0.4277916763757481,1027.476568327647,False,settled
b,yellow_ramp,ramp,0.0,1.1,0.0,0.6596424052961646,942.4190475430635,False,settled
b,yellow_ramp,ramp,0.0,1.1,0.0,0.7645271234683512,913.0206607820385,False,settled
b,yellow_ramp,ramp,0.0,1.1,0.0,1.1697113921111812,807.0855082591975,False,settled
b,yellow_ramp,ramp,0.0,1.1,0.0,0.47746416798815666,1011.4555932199825,False,settled
b,yellow_ramp,ramp,0.0,1.1,0.0,0.9661395942668574,853.4800014283254,False,settled
b,yellow_ramp,ramp,0.0,1.1,0.0,1.2247125257695883,790.7539073422506,False,settled
b,yellow_ramp,ramp,0.0,1.1,0.0,0.9578763260589208,857.629927159875,False,settled
b,yellow_ramp,ramp,0.0,1.1,0.0,0.23487437437647127,1099.708299390273,False,settled
b,yellow_ramp,ramp,0.0,1.1,0.0,0.2430024960645547,1105.15711246086,False,settled
b,yellow_ramp,ramp,0.0,1.1,0.0,0.26938881414522564,1087.7837223230013,False,settled
b,yellow_ramp,ramp,0.0,1.1,0.0,0.5364969907574729,984.7255922598773,False,settled
b,yellow_ramp,ramp,0.0,1.1,0.0,0.5633008097287325,974.7304945289925,False,settled
b,yellow_ramp,ramp,0.0,1.1,0.0,0.597943341654667,967.7143853577481,False,settled
b,yellow_ramp,ramp,0.0,1.1,0.0,0.38413830026486706,1049.7812796328624,False,settled
b,yellow_ramp,ramp,0.0,1.1,0.0,0.22599221171346798,1105.6389392798546,False,settled
b,yellow_ramp,ramp,0.0,1.1,0.0,0.7261008777634806,926.298300636106,False,settled
b,yellow_ramp,ramp,0.0,1.1,0.0,0.26166253781044096,1094.796691850554,False,settled
b,yellow_ramp,ramp,0.0,1.1,0.0,0.6779199707720155,938.449822332126,False,settled
b,yellow_ramp,ramp,0.0,1.1,0.0,0.5433898115122229,980.5488191968909,False,settled
b,yellow_ramp,ramp,0.0,1.1,0.0,1.0550714102336143,835.0659252737162,False,settled
b,yellow_ramp,ramp,0.0,1.1,0.0,0.7814191366421194,906.3216458418659,False,settled
b,yellow_ramp,ramp,0.0,1.1,0.0,0.6422588273626999,947.9126013610959,False,settled
b,yellow_ramp,ramp,0.0,1.1,0.0,0.521673050560397,987.8204066803395,False,settled
b,yellow_ramp,ramp,0.0,1.1,0.0,0.6412870399689252,948.7166087184327,False,settled
b,yellow_ramp,ramp,0.0,1.1,0.0,1.1811607694822075,804.351553886796,False,settled
b,yellow_ramp,ramp,0.0,1.1,0.0,0.32100542602589727,1073.375981502963,False,settled
b,yellow_ramp,ramp,0.0,1.1,0.0,0.490653666187351,1000.8686846525028,False,settled
b,yellow_ramp,ramp,0.0,1.1,0.0,0.627829121522754,959.7504240509129,False,settled
b,yellow_ramp,ramp,0.0,1.1,0.0,1.1055286537666746,823.6131216592895,False,settled
b,yellow_ramp,ramp,0.0,1.1,0.0,1.2122240989377566,795.4117771369637,False,settled
b,yellow_ramp,ramp,0.0,1.1,0.0,0.2621698807729601,1095.6219383848154,False,settled
b,yellow_ramp,ramp,0.0,1.1,0.0,0.24040861035920905,1097.3338406168245,False,settled
b,yellow_ramp,ramp,0.0,1.1,0.0,0.8325364175901767,892.8216537368033,False,settled
b,yellow_ramp,ramp,0.0,1.1,0.0,0.22001114795027288,1114.4757132380337,False,settled
b,yellow_ramp,ramp,0.0,1.1,0.0,0.9255813945605738,863.5206071763939,False,settled
b,yellow_ramp,ramp,0.0,1.1,0.0,0.2729113170310853,1085.4299418780809,False,settled
b,yellow_ramp,ramp,0.0,1.1,0.0,0.41645383875888126,1036.5344398501368,False,settled
b,yellow_ramp,ramp,0.0,1.1,0.0,0.4622358764855395,1019.0930713890125,False,settled
b,yellow_ramp,ramp,0.0,1.1,0.0,0.839635775697218,892.4654429559181,False,settled
b,yellow_ramp,ramp,0.0,1.1,0.0,1.0453872493763485,837.5489459241877,False,settled
b,yellow_ramp,ramp,0.0,1.1,0.0,1.165441842930597,808.2077556042872,False,settled
b,yellow_ramp,ramp,0.0,1.1,0.0,0.6666661919500563,945.0462274401482,False,settled
b,yellow_ramp,ramp,0.0,1.1,0.0,0.36142342461213284,1054.4689177226978,False,settled
b,yellow_ramp,ramp,0.0,1.1,0.0,0.668121557469124,944.0768206425282,False,settled
b,yellow_ramp,ramp,0.0,1.1,0.0,0.6502878868093057,949.9012381315383,False,settled
b,yellow_ramp,ramp,0.0,1.1,0.0,0.5590862269278181,977.8734687774719,False,settled
b,yellow_ramp,ramp,0.0,1.1,0.0,1.14343935402323,813.7359163294477,False,settled
b,yellow_ramp,ramp,0.0,1.1,0.0,0.5820185125007559,969.6486247714896,False,settled
b,yellow_ramp,ramp,0.0,1.1,0.0,0.6164338592365162,959.9196693343259,False,settled
b,yellow_ramp,ramp,0.0,1.1,0.0,0.6849756233810033,936.3822914722568,False,settled
b,yellow_ramp,ramp,0.0,1.1,0.0,0.6793669044036154,938.02519808848,False,settled
b,yellow_ramp,ramp,0.0,1.1,0.0,0.2544771804115229,1103.8402163814142,False,settled
b,yellow_ramp,ramp,0.0,1.1,0.0,0.8099639706057223,900.7254277179234,False,settled
b,yellow_ramp,ramp,0.0,1.1,0.0,0.23306576517451025,1103.4042789357256,False,settled
b,yellow_ramp,ramp,0.0,1.1,0.0,0.604678027830011,965.9913302185513,False,settled
b,yellow_ramp,ramp,0.0,1.1,0.0,0.25881337693989837,1094.9967112509319,False,settled
b,yellow_ramp,ramp,0.0,1.1,0.0,1.0155926484653344,845.4608096505331,False,settled
b,yellow_ramp,ramp,0.0,1.1,0.0,0.8063825657296032,897.3373301226579,False,settled
b,yellow_ramp,ramp,0.0,1.1,0.0,0.7797822965739796,907.8054447695386,False,settled
b,yellow_ramp,ramp,0.0,1.1,0.0,0.7615176259274082,914.0737942654109,False,settled
b,yellow_ramp,ramp,0.0,1.1,0.0,0.8460231448983813,889.0275586947623,False,settled
b,yellow_ramp,ramp,0.0,1.1,0.0,0.7918086030440004,903.8564870961453,False,settled
b,yellow_ramp,ramp,0.0,1.1,0.0,1.046802530071025,837.8600693852959,False,settled
b,yellow_ramp,ramp,0.0,1.1,0.0,0.41445056961346166,1037.8929693917103,False,settled
b,yellow_ramp,ramp,0.0,1.1,0.0,0.3789232037613174,1040.848814646998,False,settled
b,yellow_ramp,ramp,0.0,1.1,0.0,0.4290557632993979,1026.4698676875587,False,settled
b,yellow_ramp,ramp,0.0,1.1,0.0,0.3003108410257168,1074.3885416533476,False,settled
b,yellow_ramp,ramp,0.0,1.1,0.0,0.6203279337835672,956.9397776848751,False,settled
b,yellow_ramp,ramp,0.0,1.1,0.0,1.2162931548230167,793.3488591695234,False,settled
b,yellow_ramp,ramp,0.0,1.1,0.0,0.3844433734359761,1049.540203750309,False,settled
b,yellow_ramp,ramp,0.0,1.1,0.0,0.3011896183608419,1073.7677572112323,False,settled
b,yellow_ramp,ramp,0.0,1.1,0.0,0.9943246713718051,847.9714155667068,False,settled
b,yellow_ramp,ramp,0.0,1.1,0.0,0.5617604350780933,976.0585064040677,False,settled
b,yellow_ramp,ramp,0.0,1.1,0.0,0.9710830038705899,852.4762382885588,False,settled
b,yellow_ramp,ramp,0.0,1.1,0.0,0.9041730546053776,869.3759927693686,False,settled
b,yellow_ramp,ramp,0.0,1.1,0.0,1.0396494127214022,839.9467777045893,False,settled
b,yellow_ramp,ramp,0.0,1.1,0.0,0.6340633115761718,954.4960502459446,False,settled
b,yellow_ramp,ramp,0.0,1.1,0.0,0.4512812882116913,1021.2525394758885,False,settled
b,yellow_ramp,ramp,0.0,1.1,0.0,0.632293237331924,955.9802036202716,False,settled
b,yellow_ramp,ramp,0.0,1.1,0.0,1.0699919236448663,832.5529694353959,False,settled
b,yellow_ramp,ramp,0.0,1.1,0.0,0.7438855646555858,918.5239853289102,False,settled
b,yellow_ramp,ramp,0.0,1.1,0.0,1.0262590855641234,842.6526758959959,False,settled
b,yellow_ramp,ramp,0.0,1.1,0.0,0.3926017342649946,1035.353301224064,False,settled
b,yellow_ramp,ramp,0.0,1.1,0.0,0.4237895513373386,1030.6638382664885,False,settled
b,yellow_ramp,ramp,0.0,1.1,0.0,0.5306840235276084,985.8614034039709,False,settled
b,yellow_ramp,ramp,0.0,1.1,0.0,1.0575095543635817,835.3271095931866,False,settled
b,yellow_ramp,ramp,0.0,1.1,0.0,0.922380007854634,866.5904907836074,False,settled
b,yellow_ramp,ramp,0.0,1.1,0.0,0.9396545024875876,862.7402312573676,False,settled
b,yellow_ramp,ramp,0.0,1.1,0.0,0.270041303431713,1088.4223346604579,False,settled
b,yellow_ramp,ramp,0.0,1.1,0.0,0.48912653519225685,1002.0867216579277,False,settled
b,yellow_ramp,ramp,0.0,1.1,0.0,0.32089366342394543,1073.4625205978282,False,settled
b,yellow_ramp,ramp,0.0,1.1,0.0,0.5824676945876349,969.3800233431011,False,settled
b,yellow_ramp,ramp,0.0,1.1,0.0,0.7508347805035869,919.9831239223689,False,settled
b,yellow_ramp,ramp,0.0,1.1,0.0,0.44843376133042634,1023.507983329187,False,settled
b,yellow_ramp,ramp,0.0,1.1,0.0,0.48601500434987926,1004.5758179399663,False,settled
b,yellow_ramp,ramp,0.0,1.1,0.0,0.9233764743302447,865.8052959290095,False,settled
b,yellow_ramp,ramp,0.0,1.1,0.0,0.7820284111637846,905.7692092817366,False,settled
b,yellow_ramp,ramp,0.0,1.1,0.0,1.1424607316406619,815.0901715929558,False,settled
b,yellow_ramp,ramp,0.0,1.1,0.0,0.6483130170824195,951.5695534380011,False,settled
b,yellow_ramp,ramp,0.0,1.1,0.0,0.2571202732577331,1090.2035581569246,False,settled
b,yellow_ramp,ramp,0.0,1.1,0.0,0.45585957610271227,1020.2914002461895,False,settled
b,yellow_ramp,ramp,0.0,1.1,0.0,0.8267754954879721,891.8410227283819,False,settled
b,yellow_ramp,ramp,0.0,1.1,0.0,0.9355134203400927,860.2514792776839,False,settled
b,yellow_ramp,ramp,0.0,1.1,0.0,0.5324854744675628,985.4852983833307,False,settled
b,yellow_ramp,ramp,0.0,1.1,0.0,0.3125823341502709,1065.3120919940438,False,settled
b,yellow_ramp,ramp,0.0,1.1,0.0,1.198566186556676,799.8050896057978,False,settled
b,yellow_ramp,ramp,0.0,1.1,0.0,0.2578134031682251,1093.436395335837,False,settled
b,yellow_ramp,ramp,0.0,1.1,0.0,1.041663530012676,838.5703609070924,False,settled
b,yellow_ramp,ramp,0.0,1.1,0.0,0.7436271642107126,918.7495601759773,False,settled
b,yellow_ramp,ramp,0.0,1.1,0.0,1.1821859272818196,804.0113659684407,False,settled
b,yellow_ramp,ramp,0.0,1.1,0.0,0.5091324834527673,997.3874939747064,False,settled
b,yellow_ramp,ramp,0.0,1.1,0.0,0.43546543585743264,1021.3947384212173,False,settled
b,yellow_ramp,ramp,0.0,1.1,0.0,0.9761943418438129,851.2638019042321,False,settled
b,yellow_ramp,ramp,0.0,1.1,0.0,0.4767534777492406,1012.0315374112793,False,settled
b,yellow_ramp,ramp,0.0,1.1,0.0,1.1177452336717426,818.5577027598141,False,settled
b,yellow_ramp,ramp,0.0,1.1,0.0,0.5279927572135393,986.4268178581898,False,settled
b,yellow_ramp,ramp,0.0,1.1,0.0,1.0580776537229721,834.3157184909688,False,settled
b,yellow_ramp,ramp,0.0,1.1,0.0,1.1716378840095714,806.6345573308645,False,settled
b,yellow_ramp,ramp,0.0,1.1,0.0,0.511764023627614,995.3112257251788,False,settled
b,yellow_ramp,ramp,0.0,1.1,0.0,0.5918727009223712,971.3216736717611,False,settled
b,yellow_ramp,ramp,0.0,1.1,0.0,1.1710296045920123,807.73612207927,False,settled
b,yellow_ramp,ramp,0.0,1.1,0.0,0.7238082663806858,928.0752288345504,False,settled
b,yellow_ramp,ramp,0.0,1.1,0.0,0.5493676910125067,985.8244904941222,False,settled
b,yellow_ramp,ramp,0.0,1.1,0.0,0.8278511701243699,890.7809625536156,False,settled
b,yellow_ramp,ramp,0.0,1.1,0.0,0.31173538713589066,1066.0201297722513,False,settled
b,yellow_ramp,ramp,0.0,1.1,0.0,0.8702731386618586,880.2955116255025,False,settled
b,yellow_ramp,ramp,0.0,1.1,0.0,0.9502263036670092,856.6349650066015,False,settled
b,yellow_ramp,ramp,0.0,1.1,0.0,0.4840521477957242,1006.1536822705862,False,settled
b,yellow_ramp,ramp,0.0,1.1,0.0,0.4337797290901009,1022.7272074314116,False,settled
b,yellow_ramp,ramp,0.0,1.1,0.0,0.39205588787466067,1035.4341536757263,False,settled
b,yellow_ramp,ramp,0.0,1.1,0.0,0.7002656792435842,932.7547135990094,False,settled
b,yellow_ramp,ramp,0.0,1.1,0.0,0.6070725533148709,965.3831338848424,False,settled
b,yellow_ramp,ramp,0.0,1.1,0.0,0.452177480490349,1020.9819904197683,False,settled
b,yellow_ramp,ramp,0.0,1.1,0.0,0.43100726752129914,1024.9186746925402,False,settled
b,yellow_ramp,ramp,0.0,1.1,0.0,1.0627649433535404,832.4721273747316,False,settled
b,yellow_ramp,ramp,0.0,1.1,0.0,0.3674845302414313,1049.7285307116726,False,settled
b,yellow_ramp,ramp,0.0,1.1,0.0,0.7550516280135955,916.3375780564936,False,settled
b,yellow_ramp,ramp,0.0,1.1,0.0,0.8419654034702229,890.7487114576628,False,settled
b,yellow_ramp,ramp,0.0,1.1,0.0,0.3826916333360351,1037.981135809181,False,settled
b,yellow_ramp,ramp,0.0,1.1,0.0,0.5943876575482253,969.2640441752837,False,settled
b,yellow_ramp,ramp,0.0,1.1,0.0,0.5027908762242007,1002.439499233984,False,settled
b,yellow_ramp,ramp,0.0,1.1,0.0,0.2505820362706259,1097.4740142472408,False,settled
b,yellow_ramp,ramp,0.0,1.1,0.0,0.49295117845329944,999.3216504030144,False,settled
b,yellow_ramp,ramp,0.0,1.1,0.0,1.0777617630271579,831.2974428700122,False,settled
b,yellow_ramp,ramp,0.0,1.1,0.0,0.37789961542489325,1041.7165038883404,False,settled
b,yellow_ramp,ramp,0.0,1.1,0.0,0.5815468771716619,970.0275501587165,False,settled
b,yellow_ramp,ramp,0.0,1.1,0.0,0.7058312559097698,927.9681875464084,False,settled
b,yellow_ramp,ramp,0.0,1.1,0.0,0.32154513218296016,1072.958265941359,False,settled
b,yellow_ramp,ramp,0.0,1.1,0.0,0.29865554131321975,1075.4145486304487,False,settled
b,yellow_ramp,ramp,0.0,1.1,0.0,0.668553917722956,943.7129880528572,False,settled
b,yellow_ramp,ramp,0.0,1.1,0.0,0.8841954087775828,878.0982829035191,False,settled
b,yellow_ramp,ramp,0.0,1.1,0.0,0.38952029745124517,1035.8196289334649,False,settled
b,yellow_ramp,ramp,0.0,1.1,0.0,0.23163687953334097,1107.3097682459347,False,settled
b,yellow_ramp,ramp,0.0,1.1,0.0,0.5575739996126999,979.107322934225,False,settled
b,yellow_ramp,ramp,0.0,1.1,0.0,1.1889866044931692,803.1539943534777,False,settled
b,yellow_ramp,ramp,0.0,1.1,0.0,0.2775611259497109,1084.507936020804,False,settled
b,yellow_ramp,ramp,0.0,1.1,0.0,0.2515067306123042,1099.700106955191,False,settled
b,yellow_ramp,ramp,0.0,1.1,0.0,0.41746159262847615,1035.7258312037682,False,settled
b,yellow_ramp,ramp,0.0,1.1,0.0,0.5950728730424639,968.7025868709186,False,settled
b,yellow_ramp,ramp,0.0,1.1,0.0,0.3237204137121746,1072.6264013651662,False,settled
b,yellow_ramp,ramp,0.0,1.1,0.0,0.5505376567169518,984.8632775165863,False,settled
b,yellow_ramp,ramp,0.0,1.1,0.0,0.742096686045335,920.081427076352,False,settled
b,yellow_ramp,ramp,0.0,1.1,0.0,0.2284792744050292,1107.3486439740632,False,settled
b,yellow_ramp,ramp,0.0,1.1,0.0,0.38113626027147984,1039.1463188182445,False,settled
b,yellow_ramp,ramp,0.0,1.1,0.0,0.5850041612889437,967.2755291718898,False,settled
b,yellow_ramp,ramp,0.0,1.1,0.0,0.2424263939590715,1105.075709465034,False,settled
b,yellow_ramp,ramp,0.0,1.1,0.0,0.8063239746227158,897.3911555118926,False,settled
b,yellow_ramp,ramp,0.0,1.1,0.0,1.0327179393616919,840.8441307909237,False,settled
b,yellow_ramp,ramp,0.0,1.1,0.0,0.7347624058198599,918.7159215381959,False,settled
b,yellow_ramp,ramp,0.0,1.1,0.0,0.2238945548197266,1112.0784442672375,False,settled
b,yellow_ramp,ramp,0.0,1.1,0.0,0.6556492827649408,945.6768265429824,False,settled
b,yellow_ramp,ramp,0.0,1.1,0.0,0.8029491807814864,900.482650097473,False,settled
b,yellow_ramp,ramp,0.0,1.1,0.0,0.6098140561997324,964.6916902902177,False,settled
b,yellow_ramp,ramp,0.0,1.1,0.0,0.7405813791626596,921.3980344284898,False,settled
b,yellow_ramp,ramp,0.0,1.1,0.0,1.1005656451108505,824.5371834470081,False,settled
b,yellow_ramp,ramp,0.0,1.1,0.0,0.8896531866354805,872.94678141984,False,settled
b,yellow_ramp,ramp,0.0,1.1,0.0,0.25061688280900896,1097.5585103685776,False,settled
b,yellow_ramp,ramp,0.0,1.1,0.0,0.24633690702015798,1100.9301879031643,False,settled
b,yellow_ramp,ramp,0.0,1.1,0.0,1.0213998755697342,844.8613068636322,False,settled
b,yellow_ramp,ramp,0.0,1.1,0.0,0.9482403421821657,858.7813793980204,False,settled
b,yellow_ramp,ramp,0.0,1.1,0.0,0.7405147629106702,921.4559412095093,False,settled
b,yellow_ramp,ramp,0.0,1.1,0.0,0.7586702420509036,915.0705114469417,False,settled
b,yellow_ramp,ramp,0.0,1.1,0.0,0.35207787014616215,1061.57104258188,False,settled
b,yellow_ramp,ramp,0.0,1.1,0.0,0.9548948976257506,856.4532788653112,False,settled
b,yellow_ramp,ramp,0.0,1.1,0.0,1.0089067197070254,848.0590337839294,False,settled
b,yellow_ramp,ramp,0.0,1.1,0.0,0.31127188732409367,1066.368533002754,False,settled
b,yellow_ramp,ramp,0.0,1.1,0.0,0.45541010753386646,1020.3758184627158,False,settled
b,yellow_ramp,ramp,0.0,1.1,0.0,0.25224943770107155,1099.7755405352125,False,settled
b,yellow_ramp,ramp,0.0,1.1,0.0,0.4201255863743208,1033.5885935113226,False,settled
b,yellow_ramp,ramp,0.0,1.1,0.0,1.205282733479228,799.1803077882602,False,settled
b,yellow_ramp,ramp,0.0,1.1,0.0,1.0949694027796124,825.1763475955191,False,settled
b,yellow_ramp,ramp,0.0,1.1,0.0,0.5745770096029394,975.40995675286,False,settled
b,yellow_ramp,ramp,0.0,1.1,0.0,0.861675375603108,882.7586331916682,False,settled
b,yellow_ramp,ramp,0.0,1.1,0.0,0.22476942097448968,1111.8478405590952,False,settled
b,yellow_ramp,ramp,0.0,1.1,0.0,0.6212479760337187,956.2667874785514,False,settled
b,yellow_ramp,ramp,0.0,1.1,0.0,1.1136002781079282,821.6375099262513,False,settled
b,yellow_ramp,ramp,0.0,1.1,0.0,0.49559112247587045,997.3230450897462,False,settled
b,yellow_ramp,ramp,0.0,1.1,0.0,0.22735889794794661,1109.1524575057902,False,settled
b,yellow_ramp,ramp,0.0,1.1,0.0,0.42538815564726157,1029.39071912885,False,settled
b,yellow_ramp,ramp,0.0,1.1,0.0,0.3243728383613219,1072.5404638465732,False,settled
b,yellow_ramp,ramp,0.0,1.1,0.0,1.1406092893587407,814.2864729273679,False,settled
b,yellow_ramp,ramp,0.0,1.1,0.0,1.1560383866778485,809.7099967757588,False,settled
b,yellow_ramp,ramp,0.0,1.1,0.0,0.480014956305359,1009.3997291436594,False,settled
b,yellow_ramp,ramp,0.0,1.1,0.0,0.2638256544661985,1099.576108107767,False,settled
b,yellow_ramp,ramp,0.0,1.1,0.0,0.34014455301471735,1056.7696431873717,False,settled
b,yellow_ramp,ramp,0.0,1.1,0.0,0.9256018531432122,863.4994072939646,False,settled
b,yellow_ramp,ramp,0.0,1.1,0.0,0.49464677039094285,997.9721011496661,False,settled
b,yellow_ramp,ramp,0.0,1.1,0.0,0.27020064070125577,1088.5777870125412,False,settled
b,yellow_ramp,ramp,0.0,1.1,0.0,0.2667815657310257,1097.8577007764115,False,settled
b,yellow_ramp,ramp,0.0,1.1,0.0,0.28852396362901744,1077.041895836772,False,settled
b,yellow_ramp,ramp,0.0,1.1,0.0,0.9832869310553978,847.6633711308369,False,settled
b,yellow_ramp,ramp,0.0,1.1,0.0,1.2051830204158465,799.4446716055562,False,settled
b,yellow_ramp,ramp,0.0,1.1,0.0,1.2039638769303593,798.7731995497456,False,settled
b,yellow_ramp,ramp,0.0,1.1,0.0,0.3275377375612272,1072.123051012011,False,settled
b,yellow_ramp,ramp,0.0,1.1,0.0,0.639997366322105,949.8695636244454,False,settled
b,yellow_ramp,ramp,0.0,1.1,0.0,0.23486232204468627,1099.5184580572388,False,settled
b,yellow_ramp,ramp,0.0,1.1,0.0,0.44235660785251835,1016.1138907528444,False,settled
b,yellow_ramp,ramp,0.0,1.1,0.0,0.5373774933498588,984.5418996783204,False,settled
b,yellow_ramp,ramp,0.0,1.1,0.0,0.4796434158943058,1009.6984787327299,False,settled
b,yellow_ramp,ramp,0.0,1.1,0.0,0.6534950676156865,947.4957872828857,False,settled
b,yellow_ramp,ramp,0.0,1.1,0.0,1.0400808351597703,839.3567448021629,False,settled
b,yellow_ramp,ramp,0.0,1.1,0.0,0.2545422826686067,1104.0513836972623,False,settled
b,yellow_ramp,ramp,0.0,1.1,0.0,0.4354587136835061,1021.4000509840696,False,settled
b,yellow_ramp,ramp,0.0,1.1,0.0,0.8909240218213446,877.0048608227198,False,settled
b,yellow_ramp,ramp,0.0,1.1,0.0,0.9459605348750151,861.024651387613,False,settled
b,yellow_ramp,ramp,0.0,1.1,0.0,1.1610369721828506,809.9050394301836,False,settled
b,yellow_ramp,ramp,0.0,1.1,0.0,0.9788997108527349,852.4653924831103,False,settled
b,yellow_ramp,ramp,0.0,1.1,0.0,0.3404355886056449,1056.736068533233,False,settled
b,yellow_ramp,ramp,0.0,1.1,0.0,0.31750004318549685,1075.6191067638883,False,settled
b,yellow_ramp,ramp,0.0,1.1,0.0,0.2876161072380595,1077.50905718997,False,settled
b,yellow_ramp,ramp,0.0,1.1,0.0,0.9225918995395118,866.3691625419319,False,settled
b,yellow_ramp,ramp,0.0,1.1,0.0,0.45740459867019023,1020.001064439597,False,settled
b,yellow_ramp,ramp,0.0,1.1,0.0,0.36312194629614936,1053.140831084967,False,settled
b,yellow_ramp,ramp,0.0,1.1,0.0,0.8124328831059534,898.4206248630065,False,settled
b,yellow_ramp,ramp,0.0,1.1,0.0,0.47448848335108307,1013.8670692781333,False,settled
b,yellow_ramp,ramp,0.0,1.1,0.0,0.9691083594576835,854.7221374514055,False,settled
b,yellow_ramp,ramp,0.0,1.1,0.0,0.8311658724650067,894.1112951394625,False,settled
b,yellow_ramp,ramp,0.0,1.1,0.0,0.8226002237565551,895.5971668517318,False,settled
b,yellow_ramp,ramp,0.0,1.1,0.0,0.7098183281280528,932.3638425966699,False,settled
b,yellow_ramp,ramp,0.0,1.1,0.0,1.0653192169372496,832.3110665747608,False,settled
b,yellow_ramp,ramp,0.0,1.1,0.0,0.3487642500993336,1064.2074822664667,False,settled
b,yellow_ramp,ramp,0.0,1.1,0.0,0.8306707033059159,894.5786566919022,False,settled
b,yellow_ramp,ramp,0.0,1.1,0.0,0.9951156749945349,847.0265243264722,False,settled
b,yellow_ramp,ramp,0.0,1.1,0.0,0.7587583768262606,915.0396649889997,False,settled
b,yellow_ramp,ramp,0.0,1.1,0.0,0.45605146161275245,1020.2553418106994,False,settled
b,yellow_ramp,ramp,0.0,1.1,0.0,0.41084525795389326,1028.2763173742837,False,settled
b,yellow_ramp,ramp,0.0,1.1,0.0,0.6408016533476251,949.1201874988001,False,settled
b,yellow_ramp,ramp,0.0,1.1,0.0,1.2129868961031922,795.8300554491584,False,settled
b,yellow_ramp,ramp,0.0,1.1,0.0,1.1737924096257148,806.1408863335068,False,settled
b,yellow_ramp,ramp,0.0,1.1,0.0,0.564867239573574,973.467418770883,False,settled
b,yellow_ramp,ramp,0.0,1.1,0.0,1.200722365155641,800.1146550879212,False,settled
b,yellow_ramp,ramp,0.0,1.1,0.0,0.5380910812465411,984.3930288032187,False,settled
b,yellow_ramp,ramp,0.0,1.1,0.0,0.9576766909775055,857.8525613989206,False,settled
b,yellow_ramp,ramp,0.0,1.1,0.0,0.9142734148297037,869.6819703491728,False,settled
b,yellow_ramp,ramp,0.0,1.1,0.0,0.697676841765964,935.0050072028865,False,settled
b,yellow_ramp,ramp,0.0,1.1,0.0,0.6604795478372912,941.7541561613992,False,settled
b,yellow_ramp,ramp,0.0,1.1,0.0,0.33310133484213955,1057.6190148011372,False,settled
b,yellow_ramp,ramp,0.0,1.1,0.0,1.125664966804775,818.086356729903,False,settled
b,yellow_ramp,ramp,0.0,1.1,0.0,0.9741187012596235,853.3877978804892,False,settled
b,yellow_ramp,ramp,0.0,1.1,0.0,0.6707810256529789,941.8323172838229,False,settled
b,yellow_ramp,ramp,0.0,1.1,0.0,0.5318428614269103,985.6193818869408,False,settled
b,yellow_ramp,ramp,0.0,1.1,0.0,0.35223444525500835,1061.447313033712,False,settled
b,yellow_ramp,ramp,0.0,1.1,0.0,0.4127765545780699,1026.8707698359456,False,settled
b,yellow_ramp,ramp,0.0,1.1,0.0,0.4299274574905845,1025.7756151515277,False,settled
b,yellow_ramp,ramp,0.0,1.1,0.0,1.0108053828553527,845.6604024997747,False,settled
b,yellow_ramp,ramp,0.0,1.1,0.0,0.6838305054100035,936.7152886078496,False,settled
b,yellow_ramp,ramp,0.0,1.1,0.0,0.42647487399857953,1028.5251618413006,False,settled
b,yellow_ramp,ramp,0.0,1.1,0.0,1.1278906215505573,817.5985998892676,False,settled
b,yellow_ramp,ramp,0.0,1.1,0.0,0.3382844625349099,1056.9842141865092,False,settled
b,yellow_ramp,ramp,0.0,1.1,0.0,0.9259931035071648,863.0989379770982,False,settled
b,yellow_ramp,ramp,0.0,1.1,0.0,1.002940767738883,848.1987431750149,False,settled
b,yellow_ramp,ramp,0.0,1.1,0.0,0.6681655724521093,944.0397820853854,False,settled
b,yellow_ramp,ramp,0.0,1.1,0.0,1.1667073848115623,807.6311107409003,False,settled
b,yellow_ramp,ramp,0.0,1.1,0.0,1.192228580689106,801.7789352185378,False,settled
b,yellow_ramp,ramp,0.0,1.1,0.0,1.0518907159090702,835.8765978239604,False,settled
b,yellow_ramp,ramp,0.0,1.1,0.0,0.6754048933857225,939.188203806877,False,settled
b,yellow_ramp,ramp,0.0,1.1,0.0,1.1257395488438284,817.93920081774,False,settled
b,yellow_ramp,ramp,0.0,1.1,0.0,1.1202517744433766,819.4210858441476,False,settled
b,yellow_ramp,ramp,0.0,1.1,0.0,0.5010801039245663,1003.8285716516807,False,settled
b,yellow_ramp,ramp,0.0,1.1,0.0,0.3663873916270894,1050.5867056243071,False,settled
b,yellow_ramp,ramp,0.0,1.1,0.0,0.8650806435983301,885.4234909860962,False,settled
b,yellow_ramp,ramp,0.0,1.1,0.0,1.1452672149406617,812.5090485166309,False,settled
b,yellow_ramp,ramp,0.0,1.1,0.0,0.7333109086255801,920.056470199066,False,settled
b,yellow_ramp,ramp,0.0,1.1,0.0,0.5534872646025546,982.4501039927968,False,settled
b,yellow_ramp,ramp,0.0,1.1,0.0,0.25159471421637136,1099.9100880491728,False,settled
b,yellow_ramp,ramp,0.0,1.1,0.0,0.22987272563373373,1107.2326912734652,False,settled
b,yellow_ramp,ramp,0.0,1.1,0.0,0.863642843078861,881.119643579161,False,settled
b,yellow_ramp,ramp,0.0,1.1,0.0,1.009712431527132,847.0427477359159,False,settled
b,yellow_ramp,ramp,0.0,1.1,0.0,0.5226767932357269,987.6512806798128,False,settled
b,yellow_ramp,ramp,0.0,1.1,0.0,0.707249443987226,926.8514090547961,False,settled
b,yellow_ramp,ramp,0.0,1.1,0.0,0.8459004426636286,889.0791909325012,False,settled
b,yellow_ramp,ramp,0.0,1.1,0.0,0.4617788901559038,1019.1789323992173,False,settled
b,yellow_ramp,ramp,0.0,1.1,0.0,0.704946051414213,928.8055540576521,False,settled
b,yellow_ramp,ramp,0.0,1.1,0.0,0.8017355391858547,901.6076491640277,False,settled
b,yellow_ramp,ramp,0.0,1.1,0.0,0.9175330420549949,866.6818836365842,False,settled
b,yellow_ramp,ramp,0.0,1.1,0.0,1.1114769562294762,822.3796045788309,False,settled
b,yellow_ramp,ramp,0.0,1.1,0.0,0.6545660007302313,946.591527697848,False,settled
b,yellow_ramp,ramp,0.0,1.1,0.0,0.4912180555365514,1000.4186479825796,False,settled
b,yellow_ramp,ramp,0.0,1.1,0.0,0.32913130359076714,1071.912928286077,False,settled
b,yellow_ramp,ramp,0.0,1.1,0.0,0.4200177644880234,1033.6751038919247,False,settled
b,yellow_ramp,ramp,0.0,1.1,0.0,0.9802872313447925,851.1087658636194,False,settled
b,yellow_ramp,ramp,0.0,1.1,0.0,0.699329949679659,933.5662114476376,False,settled
b,yellow_ramp,ramp,0.0,1.1,0.0,0.9881404387464595,846.4943793964272,False,settled
b,yellow_ramp,ramp,0.0,1.1,0.0,0.7475597076501235,915.3354310561916,False,settled
b,yellow_ramp,ramp,0.0,1.1,0.0,0.5277016686628083,986.4875884252542,False,settled
b,yellow_ramp,ramp,0.0,1.1,0.0,0.41270756236878003,1026.924602604781,False,settled
b,yellow_ramp,ramp,0.0,1.1,0.0,0.6399616090804924,949.8995463741156,False,settled
b,yellow_ramp,ramp,0.0,1.1,0.0,0.49851049309799444,1005.9151838847904,False,settled
b,yellow_ramp,ramp,0.0,1.1,0.0,0.22524728115156578,1108.6434924855046,False,settled
b,yellow_ramp,ramp,0.0,1.1,0.0,0.5827423518550127,969.1592667235636,False,settled
b,yellow_ramp,ramp,0.0,1.1,0.0,0.643633445496205,946.8807914854847,False,settled
b,yellow_ramp,ramp,0.0,1.1,0.0,0.9033866117057578,870.1710975105143,False,settled
b,yellow_ramp,ramp,0.0,1.1,0.0,0.25906023785955645,1094.965908874499,False,settled
b,yellow_ramp,ramp,0.0,1.1,0.0,0.6054619825630012,965.7907828583818,False,settled
b,yellow_ramp,ramp,0.0,1.1,0.0,0.27641030296450414,1089.643125821257,False,settled
b,yellow_ramp,ramp,0.0,1.1,0.0,0.8465778224237497,888.794149044436,False,settled
b,yellow_ramp,ramp,0.0,1.1,0.0,0.2212950501507461,1116.0253336306348,False,settled
b,yellow_ramp,ramp,0.0,1.1,0.0,0.7344182276704749,919.017451150611,False,settled
b,yellow_ramp,ramp,0.0,1.1,0.0,0.6861773765490026,936.0344422975392,False,settled
b,yellow_ramp,ramp,0.0,1.1,0.0,0.25837249278642416,1094.311562140211,False,settled
b,yellow_ramp,ramp,0.0,1.1,0.0,0.6994521043534662,933.4598913831067,False,settled
b,yellow_ramp,ramp,0.0,1.1,0.0,0.3215440220602074,1072.9591185341096,False,settled
b,yellow_ramp,ramp,0.0,1.1,0.0,0.3244000642830805,1072.5368777638046,False,settled
b,yellow_ramp,ramp,0.0,1.1,0.0,0.25891203873928703,1095.189712314916,False,settled
b,yellow_ramp,ramp,0.0,1.1,0.0,1.0783953454959714,830.2927647991455,False,settled
b,yellow_ramp,ramp,0.0,1.1,0.0,0.6414710233596813,948.5636519363233,False,settled
b,yellow_ramp,ramp,0.0,1.1,0.0,0.9314623210905603,862.6051107940542,False,settled
b,yellow_ramp,ramp,0.0,1.1,0.0,0.34045344045057896,1056.7340090899393,False,settled
b,yellow_ramp,ramp,0.0,1.1,0.0,0.5623463264472848,975.5827154685984,False,settled
b,yellow_ramp,ramp,0.0,1.1,0.0,0.537156902854344,984.5879198577694,False,settled
b,yellow_ramp,ramp,0.0,1.1,0.0,0.3970548892373237,1034.7678684683756,False,settled
b,yellow_ramp,ramp,0.0,1.1,0.0,1.1403695196066508,813.9653262480207,False,settled
b,yellow_ramp,ramp,0.0,1.1,0.0,0.6431786347736561,947.2512801825663,False,settled
b,yellow_ramp,ramp,0.0,1.1,0.0,0.7367879681961361,924.4364336331731,False,settled
b,yellow_ramp,ramp,0.0,1.1,0.0,0.3445240465297704,1053.9061513410036,False,settled
b,yellow_ramp,ramp,0.0,1.1,0.0,1.0122845158198774,845.6866927665146,False,settled
b,yellow_ramp,ramp,0.0,1.1,0.0,0.8638529158835289,880.9143677697767,False,settled
b,yellow_ramp,ramp,0.0,1.1,0.0,0.7120571924424691,930.6513463868687,False,settled
b,yellow_ramp,ramp,0.0,1.1,0.0,0.4572239531249971,1020.0350108689494,False,settled
b,yellow_ramp,ramp,0.0,1.1,0.0,0.34425186920701817,1054.1171360877433,False,settled
b,yellow_ramp,ramp,0.0,1.1,0.0,0.9183990400658746,865.7177130602768,False,settled
b,yellow_ramp,ramp,0.0,1.1,0.0,0.9693901493185278,854.4016575456752,False,settled
b,yellow_ramp,ramp,0.0,1.1,0.0,0.26079299632786335,1097.8040299817997,False,settled
b,yellow_ramp,ramp,0.0,1.1,0.0,1.122034103011523,819.0774955731414,False,settled
b,yellow_ramp,ramp,0.0,1.1,0.0,0.9990297242617671,846.6902678855103,False,settled
b,yellow_ramp,ramp,0.0,1.1,0.0,0.813246500742226,897.6613275499788,False,settled
b,yellow_ramp,ramp,0.0,1.1,0.0,0.43411264585629017,1022.4641009352124,False,settled
b,yellow_ramp,ramp,0.0,1.1,0.0,0.23014574923720496,1109.3724137089544,False,settled
b,yellow_ramp,ramp,0.0,1.1,0.0,1.0282544509955414,841.5403466313857,False,settled
b,yellow_ramp,ramp,0.0,1.1,0.0,0.5941055680910229,969.495171893484,False,settled
b,yellow_ramp,ramp,0.0,1.1,0.0,0.22316899008696967,1109.4030591368366,False,settled
b,yellow_ramp,ramp,0.0,1.1,0.0,0.423520816132544,1030.877860950712,False,settled
b,yellow_ramp,ramp,0.0,1.1,0.0,0.32408264355284216,1072.5786864968213,False,settled
b,yellow_ramp,ramp,0.0,1.1,0.0,0.4372551791512161,1020.0151343749224,False,settled
b,yellow_ramp,ramp,0.0,1.1,0.0,0.7572883952016354,915.5544269384068,False,settled
b,yellow_ramp,ramp,0.0,1.1,0.0,0.42990747721595246,1025.791528680888,False,settled
b,yellow_ramp,ramp,0.0,1.1,0.0,0.38036084609868664,1039.7378885151913,False,settled
b,yellow_ramp,ramp,0.0,1.1,0.0,1.118932964038205,819.7934967815445,False,settled
b,yellow_ramp,ramp,0.0,1.1,0.0,0.5492523223026947,985.9196333037055,False,settled
b,yellow_ramp,ramp,0.0,1.1,0.0,0.4355967287278946,1021.2909766862034,False,settled
b,yellow_ramp,ramp,0.0,1.1,0.0,1.1475115041711388,812.9739146681654,False,settled
b,yellow_ramp,ramp,0.0,1.1,0.0,0.442576622882694,1015.9448584105058,False,settled
b,yellow_ramp,ramp,0.0,1.1,0.0,1.1020426753033417,823.1286727299499,False,settled
b,yellow_ramp,ramp,0.0,1.1,0.0,0.7665073934933072,912.3276941336811,False,settled
b,yellow_ramp,ramp,0.0,1.1,0.0,0.34847031869283573,1064.4413570187814,False,settled
b,yellow_ramp,ramp,0.0,1.1,0.0,0.6792740733882509,938.0524407322652,False,settled
b,yellow_ramp,ramp,0.0,1.1,0.0,0.7761908259628374,911.0861531721954,False,settled
b,yellow_ramp,ramp,0.0,1.1,0.0,0.6535213007853048,947.473637056432,False,settled
b,yellow_ramp,ramp,0.0,1.1,0.0,0.2800393637609102,1086.251182944103,False,settled
b,yellow_ramp,ramp,0.0,1.1,0.0,0.6320694777822232,956.1691727827937,False,settled
b,yellow_ramp,ramp,0.0,1.1,0.0,1.0813551973754225,829.128537004409,False,settled
b,yellow_ramp,ramp,0.0,1.1,0.0,0.5183916622042943,990.3687189835468,False,settled
b,yellow_ramp,ramp,0.0,1.1,0.0,1.02981400962488,843.0225743068588,False,settled
b,yellow_ramp,ramp,0.0,1.1,0.0,0.25640782220272307,1092.7582306573242,False,settled
b,yellow_ramp,ramp,0.0,1.1,0.0,0.9964985991790237,845.389306738469,False,settled
b,yellow_ramp,ramp,0.0,1.1,0.0,0.6402867797648814,949.6268870013475,False,settled
b,yellow_ramp,ramp,0.0,1.1,0.0,0.5755458304427405,974.6102038956344,False,settled
b,yellow_ramp,ramp,0.0,1.1,0.0,0.3922316040882672,1035.4081260559835,False,settled
b,yellow_ramp,ramp,0.0,1.1,0.0,0.8007778399869696,902.4953752443613,False,settled
b,yellow_ramp,ramp,0.0,1.1,0.0,0.8918771689480104,876.0356335461478,False,settled
b,yellow_ramp,ramp,0.0,1.1,0.0,0.5018160714421758,1003.2308642189715,False,settled
b,yellow_ramp,ramp,0.0,1.1,0.0,0.22935277336924548,1101.4333003853076,False,settled
b,yellow_ramp,ramp,0.0,1.1,0.0,0.5057273103726736,1000.0556137012442,False,settled
b,yellow_ramp,ramp,0.0,1.1,0.0,0.275077996106163,1089.0689496758573,False,settled
b,yellow_ramp,ramp,0.0,1.1,0.0,0.42875732240164666,1026.7075491763558,False,settled
b,yellow_ramp,ramp,0.0,1.1,0.0,0.7924408836330659,903.2790577326782,False,settled
b,yellow_ramp,ramp,0.0,1.1,0.0,0.9355213920320465,860.2473240479392,False,settled
b,yellow_ramp,ramp,0.0,1.1,0.0,0.8565580609159944,887.7639277155529,False,settled
b,yellow_ramp,ramp,0.0,1.1,0.0,0.25148009556420436,1099.6364783153565,False,settled
b,yellow_ramp,ramp,0.0,1.1,0.0,0.38460154317840356,1049.4860592867735,False,settled
b,yellow_ramp,ramp,0.0,1.1,0.0,0.2605744218163901,1097.474148584559,False,settled
b,yellow_ramp,ramp,0.0,1.1,0.0,0.5050975452333699,1000.5668757258039,False,settled
b,yellow_ramp,ramp,0.0,1.1,0.0,0.5887041889688088,973.9234486917408,False,settled
b,yellow_ramp,ramp,0.0,1.1,0.0,0.4320984030393691,1024.0562957614472,False,settled
b,yellow_ramp,ramp,0.0,1.1,0.0,0.7093162080071004,932.8037523324051,False,settled
b,yellow_ramp,ramp,0.0,1.1,0.0,1.1244003810369259,818.5165852963073,False,settled
b,yellow_ramp,ramp,0.0,1.1,0.0,0.8129768280812274,897.9129975672099,False,settled
b,yellow_ramp,ramp,0.0,1.1,0.0,0.8228960278884262,895.3252649748271,False,settled
b,yellow_ramp,ramp,0.0,1.1,0.0,0.6483840248467535,951.5095704260166,False,settled
b,yellow_ramp,ramp,0.0,1.1,0.0,0.9715182324250372,852.0717017943864,False,settled
b,yellow_ramp,ramp,0.0,1.1,0.0,0.6593386935681057,942.6496949831011,False,settled
b,yellow_ramp,ramp,0.0,1.1,0.0,1.0790544524579637,829.2449390989486,False,settled
b,yellow_ramp,ramp,0.0,1.1,0.0,0.5063925554308074,999.5192221272605,False,settled
b,yellow_ramp,ramp,0.0,1.1,0.0,1.076271247240702,830.0554306677916,False,settled
b,yellow_ramp,ramp,0.0,1.1,0.0,0.4286418126337571,1026.799541147136,False,settled
b,yellow_ramp,ramp,0.0,1.1,0.0,0.437856229833835,1019.5568712002921,False,settled
b,yellow_ramp,ramp,0.0,1.1,0.0,0.3629698394721352,1053.259805846827,False,settled
b,yellow_ramp,ramp,0.0,1.1,0.0,0.9822850129610485,848.8851621461283,False,settled
b,yellow_ramp,ramp,0.0,1.1,0.0,0.316432045697758,1076.4611138469975,False,settled
b,yellow_ramp,ramp,0.0,1.1,0.0,0.8699705953175437,880.5926210207957,False,settled
b,yellow_ramp,ramp,0.0,1.1,0.0,0.500321488232651,1004.444479810346,False,settled
b,yellow_ramp,ramp,0.0,1.1,0.0,0.3650317403824091,1051.6469127236421,False,settled
b,yellow_ramp,ramp,0.0,1.1,0.0,0.2255352878508414,1112.494023019581,False,settled
b,yellow_ramp,ramp,0.0,1.1,0.0,0.4662352620381595,1018.3416395325121,False,settled
b,yellow_ramp,ramp,0.0,1.1,0.0,0.2683172222026538,1086.721136193457,False,settled
b,yellow_ramp,ramp,0.0,1.1,0.0,0.5964576383437084,968.0945166154368,False,settled
b,yellow_ramp,ramp,0.0,1.1,0.0,0.36265523657368104,1053.5057906591937,False,settled
b,yellow_ramp,ramp,0.0,1.1,0.0,0.7026966021483101,930.6562719839792,False,settled
b,yellow_ramp,ramp,0.0,1.1,0.0,0.22720853745181901,1107.6875219600745,False,settled
b,yellow_ramp,ramp,0.0,1.1,0.0,1.0241765180704305,842.7154911616396,False,settled
b,yellow_ramp,ramp,0.0,1.1,0.0,1.0540887482202101,836.4950204532989,False,settled
b,yellow_ramp,ramp,0.0,1.1,0.0,0.7485490430846383,914.4765568911647,False,settled
b,yellow_ramp,ramp,0.0,1.1,0.0,1.2070802411696822,798.420180243128,False,settled
b,yellow_ramp,ramp,0.0,1.1,0.0,0.24043556330765528,1097.4610974420987,False,settled
b,yellow_ramp,ramp,0.0,1.1,0.0,0.6812601934712272,937.4695842060055,False,settled
b,yellow_ramp,ramp,0.0,1.1,0.0,0.9231884771051746,866.0018918520195,False,settled
b,yellow_ramp,ramp,0.0,1.1,0.0,0.9200630204131126,869.0086122281541,False,settled
b,yellow_ramp,ramp,0.0,1.1,0.0,0.4909979968399487,1000.5941201390948,False,settled
b,yellow_ramp,ramp,0.0,1.1,0.0,0.44032653216174955,1017.6639932556124,False,settled
b,yellow_ramp,ramp,0.0,1.1,0.0,0.3972000572574546,1034.746761897448,False,settled
b,yellow_ramp,ramp,0.0,1.1,0.0,0.44759792318553154,1024.1707042668434,False,settled
b,yellow_ramp,ramp,0.0,1.1,0.0,0.4985394363711488,1005.8916806280679,False,settled
b,yellow_ramp,ramp,0.0,1.1,0.0,0.9195091733876725,864.6919157170447,False,settled
b,yellow_ramp,ramp,0.0,1.1,0.0,0.638360925778099,951.1498904765206,False,settled
b,yellow_ramp,ramp,0.0,1.1,0.0,0.3893823308823676,1035.930510338824,False,settled
b,yellow_ramp,ramp,0.0,1.1,0.0,0.6866968944351535,935.8840626848823,False,settled
b,yellow_ramp,ramp,0.0,1.1,0.0,0.5250157072691489,987.1491288985034,False,settled
b,yellow_ramp,ramp,0.0,1.1,0.0,0.8119929620654975,898.8314081776288,False,settled
b,yellow_ramp,ramp,0.0,1.1,0.0,0.971620088200308,851.9558282122359,False,settled
b,yellow_ramp,ramp,0.0,1.1,0.0,1.1865850031895597,803.7076321123477,False,settled
b,yellow_ramp,ramp,0.0,1.1,0.0,0.41053611582632227,1028.5134506688607,False,settled
b,yellow_ramp,ramp,0.0,1.1,0.0,0.2543358831751709,1103.3895052229068,False,settled
b,yellow_ramp,ramp,0.0,1.1,0.0,0.863305917426233,881.4453727101029,False,settled
b,yellow_ramp,ramp,0.0,1.1,0.0,0.35003474268580625,1063.1964158093194,False,settled
b,yellow_ramp,ramp,0.0,1.1,0.0,0.713342596545558,929.5237561772029,False,settled
b,yellow_ramp,ramp,0.0,1.1,0.0,0.8169678359251477,894.2159777376522,False,settled
b,yellow_ramp,ramp,0.0,1.1,0.0,0.46699007822395017,1018.199818288243,False,settled
b,yellow_ramp,ramp,0.0,1.1,0.0,0.48098348985232353,1008.6208677249087,False,settled
b,yellow_ramp,ramp,0.0,1.1,0.0,0.6604003225915007,941.8177229257693,False,settled
b,yellow_ramp,ramp,0.0,1.1,0.0,0.23026365342391109,1111.2508086586977,False,settled
b,yellow_ramp,ramp,0.0,1.1,0.0,1.0127837056640039,847.4775033727311,False,settled
b,yellow_ramp,ramp,0.0,1.1,0.0,0.2272651232369081,1108.920098544949,False,settled
b,yellow_ramp,ramp,0.0,1.1,0.0,0.4855068186867236,1004.9843310790427,False,settled
b,yellow_ramp,ramp,0.0,1.1,0.0,1.1002838573160496,825.0180926038025,False,settled
b,yellow_ramp,ramp,0.0,1.1,0.0,0.4523974283953877,1020.9420929787743,False,settled
b,yellow_ramp,ramp,0.0,1.1,0.0,0.6616084182855729,940.8926737856739,False,settled
b,yellow_ramp,ramp,0.0,1.1,0.0,0.5693449171038668,979.7295306827026,False,settled
b,yellow_ramp,ramp,0.0,1.1,0.0,0.2707939106499064,1089.1533025302003,False,settled
b,yellow_ramp,ramp,0.0,1.1,0.0,0.3006821337658611,1074.1263723478912,False,settled
b,yellow_ramp,ramp,0.0,1.1,0.0,0.23389489959098644,1107.2756077458914,False,settled
b,yellow_ramp,ramp,0.0,1.1,0.0,0.6447652488102561,954.5889050545342,False,settled
b,yellow_ramp,ramp,0.0,1.1,0.0,0.866907565505937,883.6140685916092,False,settled
b,yellow_ramp,ramp,0.0,1.1,0.0,0.5163480812540642,991.6936835621618,False,settled
b,yellow_ramp,ramp,0.0,1.1,0.0,0.593018591764428,970.3835773831365,False,settled
b,yellow_ramp,ramp,0.0,1.1,0.0,0.4224337042859925,1031.7435718390968,False,settled
b,yellow_ramp,ramp,0.0,1.1,0.0,0.22878900761479115,1110.4247534516135,False,settled
b,yellow_ramp,ramp,0.0,1.1,0.0,1.014164737888245,845.7036365627478,False,settled
b,yellow_ramp,ramp,0.0,1.1,0.0,0.2539952221205318,1102.7303735944936,False,settled
b,yellow_ramp,ramp,0.0,1.1,0.0,0.7165130209391065,926.7613378434611,False,settled
b,yellow_ramp,ramp,0.0,1.1,0.0,0.6643083546827007,947.0284171968383,False,settled
b,yellow_ramp,ramp,0.0,1.1,0.0,0.5013391052917137,1003.6182916031084,False,settled
b,yellow_ramp,ramp,0.0,1.1,0.0,0.25323571408533513,1102.1195478734303,False,settled
b,yellow_ramp,ramp,0.0,1.1,0.0,0.3596135136111176,1055.8757371953525,False,settled
b,yellow_ramp,ramp,0.0,1.1,0.0,0.4208279758979298,1033.0250178564027,False,settled
b,yellow_ramp,ramp,0.0,1.1,0.0,0.23449100856482338,1113.1996273213756,False,settled
b,yellow_ramp,ramp,0.0,1.1,0.0,0.5661771310785915,972.4337606409377,False,settled
b,yellow_ramp,ramp,0.0,1.1,0.0,1.1518454797499333,811.1946572787141,False,settled
b,yellow_ramp,ramp,0.0,1.1,0.0,0.589302415526564,973.4322368270327,False,settled
b,yellow_ramp,ramp,0.0,1.1,0.0,1.0147727373638793,844.9227623359399,False,settled
b,yellow_ramp,ramp,0.0,1.1,0.0,0.4265678484346357,1028.4511276364553,False,settled
b,yellow_ramp,ramp,0.0,1.1,0.0,0.3924219316154442,1035.379934155467,False,settled
b,yellow_ramp,ramp,0.0,1.1,0.0,0.7898839498445496,905.6282955948814,False,settled
b,yellow_ramp,ramp,0.0,1.1,0.0,1.048939283056598,836.2692885436514,False,settled
b,yellow_ramp,ramp,0.0,1.1,0.0,0.6420221018760983,948.1093653630145,False,settled
b,yellow_ramp,ramp,0.0,1.1,0.0,0.23812059038012742,1101.2000735874196,False,settled
b,yellow_ramp,ramp,0.0,1.1,0.0,0.327147689171844,1072.1744412772696,False,settled
b,yellow_ramp,ramp,0.0,1.1,0.0,0.4668025903612812,1018.2350451250787,False,settled
b,yellow_ramp,ramp,0.0,1.1,0.0,0.5446920424003032,989.6806370539412,False,settled
b,yellow_ramp,ramp,0.0,1.1,0.0,0.8143697183154609,896.613074320287,False,settled
b,yellow_ramp,ramp,0.0,1.1,0.0,0.3777424257506601,1041.8384653582887,False,settled
b,yellow_ramp,ramp,0.0,1.1,0.0,0.710983383577631,931.5932972455716,False,settled
b,yellow_ramp,ramp,0.0,1.1,0.0,0.7360992918271821,917.6004782714482,False,settled
b,yellow_ramp,ramp,0.0,1.1,0.0,0.24034765419767068,1096.823436140387,False,settled
b,yellow_ramp,ramp,0.0,1.1,0.0,1.0540487441336202,835.2955442145962,False,settled
b,yellow_ramp,ramp,0.0,1.1,0.0,0.2454666179568917,1100.0321925272767,False,settled
b,yellow_ramp,ramp,0.0,1.1,0.0,1.1852007234829156,803.5094607255564,False,settled
b,yellow_ramp,ramp,0.0,1.1,0.0,0.7868052811921258,908.4627782796184,False,settled
b,yellow_ramp,ramp,0.0,1.1,0.0,0.33365311061798375,1057.5538267256109,False,settled
b,yellow_ramp,ramp,0.0,1.1,0.0,0.9309328119744686,863.1620555991725,False,settled
b,yellow_ramp,ramp,0.0,1.1,0.0,0.8664142099749036,884.1026483646939,False,settled
b,yellow_ramp,ramp,0.0,1.1,0.0,0.6528414854310627,947.998365454217,False,settled
b,yellow_ramp,ramp,0.0,1.1,0.0,0.36518212159886804,1051.5293063937338,False,settled
b,yellow_ramp,ramp,0.0,1.1,0.0,0.8918922868639528,876.0202603336113,False,settled
b,yellow_ramp,ramp,0.0,1.1,0.0,0.5718869317707714,977.6305565509155,False,settled
b,yellow_ramp,ramp,0.0,1.1,0.0,0.603345249639669,966.3322760804682,False,settled
b,yellow_ramp,ramp,0.0,1.1,0.0,0.67289537618636,940.0540590368595,False,settled
b,yellow_ramp,ramp,0.0,1.1,0.0,0.9553746521246407,855.8508157670684,False,settled
b,yellow_ramp,ramp,0.0,1.1,0.0,0.5038021480245999,1001.6185227424596,False,settled
b,yellow_ramp,ramp,0.0,1.1,0.0,0.4016911113600982,1034.003277189349,False,settled
b,yellow_ramp,ramp,0.0,1.1,0.0,0.9667281276180013,852.7459146502891,False,settled
b,yellow_ramp,ramp,0.0,1.1,0.0,0.9316752155543694,862.306731812702,False,settled
b,yellow_ramp,ramp,0.0,1.1,0.0,0.5130628944490758,994.2851175372843,False,settled
b,yellow_ramp,ramp,0.0,1.1,0.0,1.064971067515597,832.8525968153403,False,settled
b,yellow_ramp,ramp,0.0,1.1,0.0,1.10585834138627,823.0285178029856,False,settled
b,yellow_ramp,ramp,0.0,1.1,0.0,0.3366302669647466,1057.1018324161716,False,settled
b,yellow_ramp,ramp,0.0,1.1,0.0,0.27901557870689714,1084.0644171993715,False,settled
b,yellow_ramp,ramp,0.0,1.1,0.0,0.7515825116921226,919.3164967538271,False,settled
b,yellow_ramp,ramp,0.0,1.1,0.0,1.176169328097124,806.1105279962075,False,settled
b,yellow_ramp,ramp,0.0,1.1,0.0,1.1098052536761838,822.2191408086986,False,settled
b,yellow_ramp,ramp,0.0,1.1,0.0,0.6939140598221042,938.0255379400049,False,settled
b,yellow_ramp,ramp,0.0,1.1,0.0,1.0905420712617773,825.5834610210533,False,settled
b,yellow_ramp,ramp,0.0,1.1,0.0,0.6706554527702171,941.9385745348684,False,settled
b,yellow_ramp,ramp,0.0,1.1,0.0,0.30240440879870695,1072.9086099542556,False,settled
b,yellow_ramp,ramp,0.0,1.1,0.0,1.0588675326239263,832.3119346671076,False,settled
b,yellow_ramp,ramp,0.0,1.1,0.0,0.5779415033707945,972.6473733383528,False,settled
b,yellow_ramp,ramp,0.0,1.1,0.0,0.9326530603255225,861.6390168387481,False,settled
b,yellow_ramp,ramp,0.0,1.1,0.0,0.5811379191664934,970.3559586794439,False,settled
b,yellow_ramp,ramp,0.0,1.1,0.0,1.1269840155599928,818.5038248977891,False,settled
b,yellow_ramp,ramp,0.0,1.1,0.0,0.4360129904680247,1020.9619966982222,False,settled
b,yellow_ramp,ramp,0.0,1.1,0.0,1.0296513501393594,840.6704130559378,False,settled
b,yellow_ramp,ramp,0.0,1.1,0.0,0.5777894649985703,972.7718735284308,False,settled
b,yellow_ramp,ramp,0.0,1.1,0.0,0.5735614101268761,976.2483183270795,False,settled
b,yellow_ramp,ramp,0.0,1.1,0.0,1.046062865343949,836.4051016007338,False,settled
b,yellow_ramp,ramp,0.0,1.1,0.0,0.5256757623439671,986.9512986046972,False,settled
b,yellow_ramp,ramp,0.0,1.1,0.0,0.9572716360896667,858.3038749139566,False,settled
b,yellow_ramp,ramp,0.0,1.1,0.0,1.1162455395354256,819.1608373204557,False,settled
b,yellow_ramp,ramp,0.0,1.1,0.0,0.5542485826553041,981.8273791419111,False,settled
b,yellow_ramp,ramp,0.0,1.1,0.0,0.7759218088733092,911.3322636448664,False,settled
b,yellow_ramp,ramp,0.0,1.1,0.0,0.348259722943626,1064.6089145567576,False,settled
b,yellow_ramp,ramp,0.0,1.1,0.0,0.5071087673627411,998.9472805652103,False,settled
b,yellow_ramp,ramp,0.0,1.1,0.0,0.27568811715530883,1089.453253279583,False,settled
b,yellow_ramp,ramp,0.0,1.1,0.0,0.31632415067206004,1076.5461513104751,False,settled
b,yellow_ramp,ramp,0.0,1.1,0.0,0.5193692145865413,989.6029781343242,False,settled
b,yellow_ramp,ramp,0.0,1.1,0.0,0.9678831745886393,851.465485036771,False,settled
b,yellow_ramp,ramp,0.0,1.1,0.0,1.0211972952887096,845.1255225446555,False,settled
b,yellow_ramp,ramp,0.0,1.1,0.0,1.0001830753846925,845.310649636049,False,settled
b,yellow_ramp,ramp,0.0,1.1,0.0,0.5985779148060307,967.551834728924,False,settled
b,yellow_ramp,ramp,0.0,1.1,0.0,0.2715475720787781,1084.9207971994915,False,settled
b,yellow_ramp,ramp,0.0,1.1,0.0,0.3716655693570187,1046.4633466324494,False,settled
b,yellow_ramp,ramp,0.0,1.1,0.0,0.9644769030416707,855.2556266081524,False,settled
b,yellow_ramp,ramp,0.0,1.1,0.0,0.47485322893809684,1013.5714849022628,False,settled
b,yellow_ramp,ramp,0.0,1.1,0.0,0.8596815772928164,884.704662892296,False,settled
b,yellow_ramp,ramp,0.0,1.1,0.0,0.2661338770064376,1098.749435024717,False,settled
b,yellow_ramp,ramp,0.0,1.1,0.0,0.7175729150938824,925.8394377907331,False,settled
b,yellow_ramp,ramp,0.0,1.1,0.0,0.22988884701784534,1107.6044147292296,False,settled
b,yellow_ramp,ramp,0.0,1.1,0.0,0.9025242545333706,871.1251725891216,False,settled
b,yellow_ramp,ramp,0.0,1.1,0.0,0.9270517933684099,866.9062318342202,False,settled
b,yellow_ramp,ramp,0.0,1.1,0.0,0.25503555411358403,1090.2510801600931,False,settled
b,yellow_ramp,ramp,0.0,1.1,0.0,1.1176593221836941,818.7150457020341,False,settled
b,yellow_ramp,ramp,0.0,1.1,0.0,1.0244481316029816,842.3669362840888,False,settled
b,yellow_ramp,ramp,0.0,1.1,0.0,0.2665066771273786,1098.293746598158,False,settled
b,yellow_ramp,ramp,0.0,1.1,0.0,0.9539120887392647,857.445199911143,False,settled
b,yellow_ramp,ramp,0.0,1.1,0.0,0.7989651162989224,904.1760365707414,False,settled
b,yellow_ramp,ramp,0.0,1.1,0.0,0.858331954425613,886.0219220634528,False,settled
b,yellow_ramp,ramp,0.0,1.1,0.0,0.8109785408681878,899.7781795494778,False,settled
b,yellow_ramp,ramp,0.0,1.1,0.0,1.0579976334724328,834.4337120857732,False,settled
b,yellow_ramp,ramp,0.0,1.1,0.0,1.0555103062474336,834.325451014521,False,settled
b,yellow_ramp,ramp,0.0,1.1,0.0,1.2199189663993384,791.7160815475061,False,settled
b,yellow_ramp,ramp,0.0,1.1,0.0,0.2782877611223141,1083.9563574685717,False,settled
b,yellow_ramp,ramp,0.0,1.1,0.0,0.4781093776036009,1010.9327163366962,False,settled
b,yellow_ramp,ramp,0.0,1.1,0.0,0.36280328577071413,1053.390034151156,False,settled
b,yellow_ramp,ramp,0.0,1.1,0.0,1.0857481318730007,829.0432015740187,False,settled
b,yellow_ramp,ramp,0.0,1.1,0.0,1.0202506032804124,843.6307379879584,False,settled
b,yellow_ramp,ramp,0.0,1.1,0.0,0.3691412990233306,1048.432891213802,False,settled
b,yellow_ramp,ramp,0.0,1.1,0.0,0.8033311879093478,900.1285371444843,False,settled
b,yellow_ramp,ramp,0.0,1.1,0.0,0.3393458602407331,1056.8617815869507,False,settled
b,yellow_ramp,ramp,0.0,1.1,0.0,0.3705832268856344,1047.3052447295036,False,settled
b,yellow_ramp,ramp,0.0,1.1,0.0,0.27745116511587853,1084.3966379647713,False,settled
b,yellow_ramp,ramp,0.0,1.1,0.0,0.7581863618775317,915.2399590019583,False,settled
b,yellow_ramp,ramp,0.0,1.1,0.0,0.8616713732553968,882.762538539325,False,settled
b,yellow_ramp,ramp,0.0,1.1,0.0,0.8936162417478678,874.2738250515507,False,settled
b,yellow_ramp,ramp,0.0,1.1,0.0,0.46201494261449577,1019.1345816319487,False,settled
b,yellow_ramp,ramp,0.0,1.1,0.0,0.4604027797088209,1019.4374824396813,False,settled
b,yellow_ramp,ramp,0.0,1.1,0.0,0.6434042924552199,947.0707280238481,False,settled
b,yellow_ramp,ramp,0.0,1.1,0.0,0.6639215197236594,947.3536040356919,False,settled
b,yellow_ramp,ramp,0.0,1.1,0.0,0.8707249395857919,879.8516765878043,False,settled
b,yellow_ramp,ramp,0.0,1.1,0.0,0.23643090550241455,1109.0304339224156,False,settled
b,yellow_ramp,ramp,0.0,1.1,0.0,0.2264654741966766,1109.3366673862904,False,settled
b,yellow_ramp,ramp,0.0,1.1,0.0,0.37126900368465926,1046.7710993108687,False,settled
b,yellow_ramp,ramp,0.0,1.1,0.0,1.0753018203866984,831.57725870992,False,settled
b,yellow_ramp,ramp,0.0,1.1,0.0,0.7415518229601644,920.5547184607481,False,settled
b,yellow_ramp,ramp,0.0,1.1,0.0,0.25445831014502907,1103.7789709652263,False,settled
b,yellow_ramp,ramp,0.0,1.1,0.0,0.28880050998497747,1076.9510026264493,False,settled
b,yellow_ramp,ramp,0.0,1.1,0.0,1.1989186430222099,800.1054332233583,False,settled
b,yellow_ramp,ramp,0.0,1.1,0.0,0.6109492349505063,964.4052603437732,False,settled
b,yellow_ramp,ramp,0.0,1.1,0.0,0.6604789082096875,941.7546677384871,False,settled
b,yellow_ramp,ramp,0.0,1.1,0.0,1.0701326647728753,832.3351546469869,False,settled
b,yellow_ramp,ramp,0.0,1.1,0.0,0.740374872652054,921.5775417198339,False,settled
b,yellow_ramp,ramp,0.0,1.1,0.0,0.3106555208128963,1066.8408972943362,False,settled
b,yellow_ramp,ramp,0.0,1.1,0.0,0.7079806035172939,933.9741599763113,False,settled
b,yellow_ramp,ramp,0.0,1.1,0.0,0.26949724776424167,1087.8902910489915,False,settled
b,yellow_ramp,ramp,0.0,1.1,0.0,0.7643804109745532,913.0720009059196,False,settled
b,yellow_ramp,ramp,0.0,1.1,0.0,1.0923847634319817,826.173267990334,False,settled
b,yellow_ramp,ramp,0.0,1.1,0.0,0.2985130381967803,1075.5021200266426,False,settled
b,yellow_ramp,ramp,0.0,1.1,0.0,0.8592331200304986,885.1423850655659,False,settled
b,yellow_ramp,ramp,0.0,1.1,0.0,0.7745489660545722,912.5872775915853,False,settled
b,yellow_ramp,ramp,0.0,1.1,0.0,0.9105377441953679,868.3746952444512,False,settled
b,yellow_ramp,ramp,0.0,1.1,0.0,0.23631463113742396,1108.018877428707,False,settled
b,yellow_ramp,ramp,0.0,1.1,0.0,0.42901778800888923,1026.5001118648847,False,settled
b,yellow_ramp,ramp,0.0,1.1,0.0,0.7402056967130106,921.7245983320597,False,settled
b,yellow_ramp,ramp,0.0,1.1,0.0,0.8324434017485774,892.9090173829217,False,settled
b,yellow_ramp,ramp,0.0,1.1,0.0,0.31556186256253604,1077.1468752026774,False,settled
b,yellow_ramp,ramp,0.0,1.1,0.0,0.23205377754980058,1111.2908088207173,False,settled
b,yellow_ramp,ramp,0.0,1.1,0.0,0.8351895661107146,890.3271764702953,False,settled
b,yellow_ramp,ramp,0.0,1.1,0.0,0.9898049931267563,848.9406854061914,False,settled
b,yellow_ramp,ramp,0.0,1.1,0.0,0.319597828826799,1074.191158018298,False,settled
b,yellow_ramp,ramp,0.0,1.1,0.0,0.24443254559779845,1096.6739102546564,False,settled
b,yellow_ramp,ramp,0.0,1.1,0.0,0.7420826768650822,920.0936007025169,False,settled
b,yellow_ramp,ramp,0.0,1.1,0.0,0.6734219737324707,939.7705083219604,False,settled
b,yellow_ramp,ramp,0.0,1.1,0.0,0.5940481248667411,969.5422365643753,False,settled
b,yellow_ramp,ramp,0.0,1.1,0.0,0.39847456323180125,1034.470987380462,False,settled
b,yellow_ramp,ramp,0.0,1.1,0.0,1.0220446909862508,844.0188229626654,False,settled
b,yellow_ramp,ramp,0.0,1.1,0.0,0.27243943584242974,1084.3390249910826,False,settled
b,yellow_ramp,ramp,0.0,1.1,0.0,0.5692017385049515,979.8477576175882,False,settled
b,yellow_ramp,ramp,0.0,1.1,0.0,0.7667596836973808,912.2396594631736,False,settled
b,yellow_ramp,ramp,0.0,1.1,0.0,0.47730360866332,1011.5857109673153,False,settled
b,yellow_ramp,ramp,0.0,1.1,0.0,0.7606417739368074,914.3804927537943,False,settled
b,yellow_ramp,ramp,0.0,1.1,0.0,0.2595522454618849,1095.433277422848,False,settled
b,yellow_ramp,ramp,0.0,1.1,0.0,0.31120708766838373,1066.4182091310822,False,settled
b,yellow_ramp,ramp,0.0,1.1,0.0,0.9138441576487244,870.1227477471756,False,settled
b,yellow_ramp,ramp,0.0,1.1,0.0,0.2654582091035837,1085.8640646024026,False,settled
b,yellow_ramp,ramp,0.0,1.1,0.0,0.5305362641266004,985.8922549077796,False,settled
b,yellow_ramp,ramp,0.0,1.1,0.0,0.9999723697511773,845.5626738931554,False,settled
b,yellow_ramp,ramp,0.0,1.1,0.0,0.6185817261763684,958.3916438933991,False,settled
b,yellow_ramp,ramp,0.0,1.1,0.0,0.6026902178376276,966.499843560767,False,settled
b,yellow_ramp,ramp,0.0,1.1,0.0,0.3605846483456505,1055.1257369441037,False,settled
b,yellow_ramp,ramp,0.0,1.1,0.0,0.5669362757664367,981.7199358046348,False,settled
b,yellow_ramp,ramp,0.0,1.1,0.0,1.0040262837691234,845.0199317765697,False,settled
b,yellow_ramp,ramp,0.0,1.1,0.0,0.902395778677807,871.2568372811281,False,settled
b,yellow_ramp,ramp,0.0,1.1,0.0,0.5139382501147156,993.5942412273333,False,settled
b,yellow_ramp,ramp,0.0,1.1,0.0,0.503808263768987,1001.613557802358,False,settled
b,yellow_ramp,ramp,0.0,1.1,0.0,0.39407524051464277,1035.1350990686662,False,settled
b,yellow_ramp,ramp,0.0,1.1,0.0,1.143121829018068,813.6254572484037,False,settled
b,yellow_ramp,ramp,0.0,1.1,0.0,0.9162459725507567,867.9122172835711,False,settled
b,yellow_ramp,ramp,0.0,1.1,0.0,0.9630823003066573,856.5702562246662,False,settled
b,yellow_ramp,ramp,0.0,1.1,0.0,0.23912674022075708,1106.9913324969916,False,settled
b,yellow_ramp,ramp,0.0,1.1,0.0,0.2649628175638961,1085.8950518060487,False,settled
b,yellow_ramp,ramp,0.0,1.1,0.0,1.0943968269534785,826.1199357135808,False,settled
b,yellow_ramp,ramp,0.0,1.1,0.0,0.9381758275000452,863.5304951721133,False,settled
b,yellow_ramp,ramp,0.0,1.1,0.0,0.629592935559875,958.2606372118606,False,settled
b,yellow_ramp,ramp,0.0,1.1,0.0,0.3968043962632819,1034.8042885808811,False,settled
b,yellow_ramp,ramp,0.0,1.1,0.0,1.1414784946357994,814.4036911700634,False,settled
b,yellow_ramp,ramp,0.0,1.1,0.0,0.7579057966265172,915.3382302882588,False,settled
b,yellow_ramp,ramp,0.0,1.1,0.0,0.3673586130669942,1049.8270002356994,False,settled
b,yellow_ramp,ramp,0.0,1.1,0.0,0.5056637341993332,1000.1072231509781,False,settled
b,yellow_ramp,ramp,0.0,1.1,0.0,0.7832194145430321,904.7789749895884,False,settled
b,yellow_ramp,ramp,0.0,1.1,0.0,0.8616643161296123,882.7694246289807,False,settled
b,yellow_ramp,ramp,0.0,1.1,0.0,0.37788675922217474,1041.7264788467598,False,settled
b,yellow_ramp,ramp,0.0,1.1,0.0,0.7517795870497529,919.1408482390756,False,settled
b,yellow_ramp,ramp,0.0,1.1,0.0,0.8295604275648784,895.6265514533374,False,settled
b,yellow_ramp,ramp,0.0,1.1,0.0,1.0129174375859173,847.305849186153,False,settled
b,yellow_ramp,ramp,0.0,1.1,0.0,0.6343099979139004,954.5469633750419,False,settled
b,yellow_ramp,ramp,0.0,1.1,0.0,0.7871996224956114,908.0996497337535,False,settled
b,yellow_ramp,ramp,0.0,1.1,0.0,0.7104472115632552,931.8126930007755,False,settled
b,yellow_ramp,ramp,0.0,1.1,0.0,0.840759331749468,891.3929390436979,False,settled
b,yellow_ramp,ramp,0.0,1.1,0.0,0.573064767112708,976.6582864801036,False,settled
b,yellow_ramp,ramp,0.0,1.1,0.0,0.5862989989136287,966.2524484763617,False,settled
b,yellow_ramp,ramp,0.0,1.1,0.0,0.6373818558387008,951.9707726897186,False,settled
b,yellow_ramp,ramp,0.0,1.1,0.0,0.881931350767865,880.3742487315911,False,settled
b,yellow_ramp,ramp,0.0,1.1,0.0,0.8105667080317623,900.1627651322241,False,settled
b,yellow_ramp,ramp,0.0,1.1,0.0,0.8818540613164317,875.0249591266971,False,settled
b,yellow_ramp,ramp,0.0,1.1,0.0,0.6497291414933022,950.3732746611702,False,settled
b,yellow_ramp,ramp,0.0,1.1,0.0,0.8920587448948055,875.8509908113963,False,settled
b,yellow_ramp,ramp,0.0,1.1,0.0,0.30767429469788893,1069.0254139678168,False,settled
b,yellow_ramp,ramp,0.0,1.1,0.0,0.3055185251685843,1070.751771224474,False,settled
b,yellow_ramp,ramp,0.0,1.1,0.0,1.0669064700740238,833.5868359756762,False,settled
b,yellow_ramp,ramp,0.0,1.1,0.0,0.340231860486233,1056.7595711806518,False,settled
b,yellow_ramp,ramp,0.0,1.1,0.0,0.37646667506798975,1042.7375146795212,False,settled
b,yellow_ramp,ramp,0.0,1.1,0.0,1.1277649977081232,817.8543453268849,False,settled
b,yellow_ramp,ramp,0.0,1.1,0.0,0.6395166617762078,950.2726361342475,False,settled
b,yellow_ramp,ramp,0.0,1.1,0.0,0.9577051369731395,857.8208664852905,False,settled
b,yellow_ramp,ramp,0.0,1.1,0.0,0.29520282064871145,1077.384572411609,False,settled
b,yellow_ramp,ramp,0.0,1.1,0.0,0.5025218993374064,1002.6578604172223,False,settled
b,yellow_ramp,ramp,0.0,1.1,0.0,0.2377102274101157,1100.5000576858401,False,settled
b,yellow_ramp,ramp,0.0,1.1,0.0,0.5691834941129147,979.862822556682,False,settled
b,yellow_ramp,ramp,0.0,1.1,0.0,0.4243624297100712,1030.2074641975569,False,settled
b,yellow_ramp,ramp,0.0,1.1,0.0,1.108980868470183,821.4397544148985,False,settled
b,yellow_ramp,ramp,0.0,1.1,0.0,0.40335322108301386,1033.7617638375898,False,settled
b,yellow_ramp,ramp,0.0,1.1,0.0,0.4463193028277674,1025.184576354774,False,settled
b,yellow_ramp,ramp,0.0,1.1,0.0,0.42860692473946405,1026.8273257283254,False,settled
b,yellow_ramp,ramp,0.0,1.1,0.0,0.6704045136712109,942.1509131521691,False,settled
b,yellow_ramp,ramp,0.0,1.1,0.0,0.8034629732371192,900.0063740151951,False,settled
b,yellow_ramp,ramp,0.0,1.1,0.0,1.1316554400467802,817.1026360713337,False,settled
b,yellow_ramp,ramp,0.0,1.1,0.0,1.047537795995291,836.827967974697,False,settled
b,yellow_ramp,ramp,0.0,1.1,0.0,0.7591649587426434,914.8973645904825,False,settled
b,yellow_ramp,ramp,0.0,1.1,0.0,1.1041392103940346,822.8374732604702,False,settled
b,yellow_ramp,ramp,0.0,1.1,0.0,0.3090281275151798,1067.986424072013,False,settled
b,yellow_ramp,ramp,0.0,1.1,0.0,0.4019518111814777,1033.9653626824247,False,settled
b,yellow_ramp,ramp,0.0,1.1,0.0,0.6796928443864357,937.9295461480723,False,settled
b,yellow_ramp,ramp,0.0,1.1,0.0,0.3172031300425311,1075.8531605176631,False,settled
b,yellow_ramp,ramp,0.0,1.1,0.0,0.24559095419552845,1098.658302466157,False,settled
b,yellow_ramp,ramp,0.0,1.1,0.0,0.6765348506820923,938.8565467424941,False,settled
b,yellow_ramp,ramp,0.0,1.1,0.0,1.1685223851429543,807.643869437386,False,settled
b,yellow_ramp,ramp,0.0,1.1,0.0,0.6292778388010886,958.5267355997418,False,settled
b,yellow_ramp,ramp,0.0,1.1,0.0,0.3816466380845355,1038.844252278019,False,settled
b,yellow_ramp,ramp,0.0,1.1,0.0,0.6272458321029913,960.2430482681249,False,settled
b,yellow_ramp,ramp,0.0,1.1,0.0,0.3956821182074113,1034.9703207566226,False,settled
b,yellow_ramp,ramp,0.0,1.1,0.0,1.2156003824768042,794.8936870546395,False,settled
b,yellow_ramp,ramp,0.0,1.1,0.0,0.4368030991090462,1020.3513395470269,False,settled
b,yellow_ramp,ramp,0.0,1.1,0.0,0.24106813561749718,1099.6932228026863,False,settled
b,yellow_ramp,ramp,0.0,1.1,0.0,0.23353894570430334,1106.8859828588716,False,settled
b,yellow_ramp,ramp,0.0,1.1,0.0,0.3593436644623317,1056.0882553084855,False,settled
b,yellow_ramp,ramp,0.0,1.1,0.0,0.8955395294707911,872.6078804396658,False,settled
b,yellow_ramp,ramp,0.0,1.1,0.0,0.46569935172679927,1018.4423306578421,False,settled
b,yellow_ramp,ramp,0.0,1.1,0.0,0.2850089997752465,1081.1790043196443,False,settled
b,yellow_ramp,ramp,0.0,1.1,0.0,0.7202439850201954,923.5334676507487,False,settled
b,yellow_ramp,ramp,0.0,1.1,0.0,0.255976480074405,1091.969968193288,False,settled
b,yellow_ramp,ramp,0.0,1.1,0.0,0.29509620876328824,1077.4326091227015,False,settled
b,yellow_ramp,ramp,0.0,1.1,0.0,0.9136770966913983,870.293622654382,False,settled
b,yellow_ramp,ramp,0.0,1.1,0.0,1.1905299004361762,802.5001224632589,False,settled
b,yellow_ramp,ramp,0.0,1.1,0.0,0.9175175656640571,866.6977782319651,False,settled
b,yellow_ramp,ramp,0.0,1.1,0.0,0.8833957958299584,878.8998528896813,False,settled
b,yellow_ramp,ramp,0.0,1.1,0.0,0.2777280547099211,1084.3439197096184,False,settled
b,yellow_ramp,ramp,0.0,1.1,0.0,0.26343831451619304,1099.0881302274845,False,settled
b,yellow_ramp,ramp,0.0,1.1,0.0,0.69833911365983,934.4285990889076,False,settled
b,yellow_ramp,ramp,0.0,1.1,0.0,0.6629393189535365,948.1812324828438,False,settled
b,yellow_ramp,ramp,0.0,1.1,0.0,0.29976901846557197,1074.7340831052713,False,settled
b,yellow_ramp,ramp,0.0,1.1,0.0,0.2298541208831636,1106.9088583772666,False,settled
b,yellow_ramp,ramp,0.0,1.1,0.0,0.848733684081089,887.8868823277551,False,settled
b,yellow_ramp,ramp,0.0,1.1,0.0,0.8095402756542833,901.1209323827774,False,settled
b,yellow_ramp,ramp,0.0,1.1,0.0,0.8088953807047242,901.7229031086171,False,settled
b,yellow_ramp,ramp,0.0,1.1,0.0,0.32736396388168437,1072.1459476407051,False,settled
b,yellow_ramp,ramp,0.0,1.1,0.0,1.196008420828777,801.6849723617152,False,settled
b,yellow_ramp,ramp,0.0,1.1,0.0,0.30241151472971295,1072.9035806669688,False,settled
b,yellow_ramp,ramp,0.0,1.1,0.0,0.8982592651407643,875.1389194359953,False,settled
b,yellow_ramp,ramp,0.0,1.1,0.0,1.1046113170032177,822.7303304106584,False,settled
b,yellow_ramp,ramp,0.0,1.1,0.0,0.6952823925774201,936.8358229876344,False,settled
b,yellow_ramp,ramp,0.0,1.1,0.0,0.8619633252257292,882.477661054835,False,settled
b,yellow_ramp,ramp,0.0,1.1,0.0,0.22831732816700803,1106.481283389526,False,settled
b,yellow_ramp,ramp,0.0,1.1,0.0,0.32213090689816426,1072.8359300076497,False,settled
b,yellow_ramp,ramp,0.0,1.1,0.0,0.2973443171283569,1076.220629972575,False,settled
b,yellow_ramp,ramp,0.0,1.1,0.0,0.9011447719259834,872.1874826539272,False,settled
b,yellow_ramp,ramp,0.0,1.1,0.0,0.745443633960895,917.1642011934093,False,settled
b,yellow_ramp,ramp,0.0,1.1,0.0,0.5184867031448529,990.2939234361127,False,settled
b,yellow_ramp,ramp,0.0,1.1,0.0,0.2726258497554478,1084.5906264675439,False,settled
b,yellow_ramp,ramp,0.0,1.1,0.0,0.23770217810162136,1100.4562719797327,False,settled
b,yellow_ramp,ramp,0.0,1.1,0.0,1.2004253577193795,799.4763973375236,False,settled
b,yellow_ramp,ramp,0.0,1.1,0.0,0.6070822536308392,965.380687430044,False,settled
b,yellow_ramp,ramp,0.0,1.1,0.0,0.3321216136456247,1057.6738087831552,False,settled
b,yellow_ramp,ramp,0.0,1.1,0.0,0.8773619913644246,879.1471388253378,False,settled
b,yellow_ramp,ramp,0.0,1.1,0.0,0.6441161040635537,955.141782405285,False,settled
b,yellow_ramp,ramp,0.0,1.1,0.0,0.8176247435386681,893.6181945572113,False,settled
b,yellow_ramp,ramp,0.0,1.1,0.0,0.6452431749166077,954.1818522612872,False,settled
b,yellow_ramp,ramp,0.0,1.1,0.0,0.7033987160866293,930.0503199313662,False,settled
b,yellow_ramp,ramp,0.0,1.1,0.0,0.7893195216563965,906.1478914718447,False,settled
b,yellow_ramp,ramp,0.0,1.1,0.0,0.7106831791879825,931.8566344629132,False,settled
b,yellow_ramp,ramp,0.0,1.1,0.0,0.7401314160175434,921.7891667819224,False,settled
b,yellow_ramp,ramp,0.0,1.1,0.0,0.8626081004648644,881.8485012119376,False,settled
b,yellow_ramp,ramp,0.0,1.1,0.0,0.37908719158403864,1040.7216052898023,False,settled
b,yellow_ramp,ramp,0.0,1.1,0.0,0.7584639851597553,915.1426996835128,False,settled
b,yellow_ramp,ramp,0.0,1.1,0.0,0.5668801333772641,981.7666656448488,False,settled
b,yellow_ramp,ramp,0.0,1.1,0.0,1.1267867786761072,818.8969929400477,False,settled
b,yellow_ramp,ramp,0.0,1.1,0.0,0.4445386638248679,1026.5969899534412,False,settled
b,yellow_ramp,ramp,0.0,1.1,0.0,0.3446379328150901,1053.8179598148754,False,settled
b,yellow_ramp,ramp,0.0,1.1,0.0,0.42829734615100756,1027.0738701345624,False,settled
b,yellow_ramp,ramp,0.0,1.1,0.0,0.5821680319340451,969.5284511575811,False,settled
b,yellow_ramp,ramp,0.0,1.1,0.0,1.1839928285799886,804.5206078433114,False,settled
b,yellow_ramp,ramp,0.0,1.1,0.0,0.5126092200981276,994.642752705972,False,settled
b,yellow_ramp,ramp,0.0,1.1,0.0,1.0964852890363757,824.8681627097749,False,settled
b,yellow_ramp,ramp,0.0,1.1,0.0,0.2776357842104705,1084.240838788673,False,settled
b,yellow_ramp,ramp,0.0,1.1,0.0,0.4476782812810171,1024.1069880442872,False,settled
b,yellow_ramp,ramp,0.0,1.1,0.0,1.1589986208543026,810.4673321602462,False,settled
b,yellow_ramp,ramp,0.0,1.1,0.0,0.5113690626728846,995.623917436828,False,settled
b,yellow_ramp,ramp,0.0,1.1,0.0,0.2687858107361932,1087.1878872036773,False,settled
b,yellow_ramp,ramp,0.0,1.1,0.0,0.7101020108686421,932.1153056156712,False,settled
b,yellow_ramp,ramp,0.0,1.1,0.0,0.3228106700121948,1072.7462534011784,False,settled
b,yellow_ramp,ramp,0.0,1.1,0.0,0.8056230936228566,898.1057147356777,False,settled
b,yellow_ramp,ramp,0.0,1.1,0.0,0.7521435326468042,918.8164695997198,False,settled
b,yellow_ramp,ramp,0.0,1.1,0.0,0.6608158626401721,941.5826347427743,False,settled
b,yellow_ramp,ramp,0.0,1.1,0.0,0.5042112161264959,1001.2864287345895,False,settled
b,yellow_ramp,ramp,0.0,1.1,0.0,0.35895087702609757,1056.3975721124677,False,settled
b,yellow_ramp,ramp,0.0,1.1,0.0,0.6708372308112212,941.7847575007546,False,settled
b,yellow_ramp,ramp,0.0,1.1,0.0,1.1583747969102758,810.0499197900779,False,settled
b,yellow_ramp,ramp,0.0,1.1,0.0,1.0694880926957744,832.1199857083562,False,settled
b,yellow_ramp,ramp,0.0,1.1,0.0,0.8578218656897441,886.5199912239972,False,settled
b,yellow_ramp,ramp,0.0,1.1,0.0,0.2648009632279765,1085.7538337158553,False,settled
b,yellow_ramp,ramp,0.0,1.1,0.0,0.273298209529996,1086.6907542023646,False,settled
b,yellow_ramp,ramp,0.0,1.1,0.0,1.0563407287400344,834.3622376702598,False,settled
b,yellow_ramp,ramp,0.0,1.1,0.0,0.6681804419203389,944.0272694350067,False,settled
b,yellow_ramp,ramp,0.0,1.1,0.0,1.192030212181688,802.2785803909411,False,settled
b,yellow_ramp,ramp,0.0,1.1,0.0,0.2311809294446614,1103.4033524515783,False,settled
b,yellow_ramp,ramp,0.0,1.1,0.0,0.9202687202142442,868.7942211489144,False,settled
b,yellow_ramp,ramp,0.0,1.1,0.0,0.280972031350819,1087.5347599102524,False,settled
b,yellow_ramp,ramp,0.0,1.1,0.0,1.0479066521922653,837.6211689622027,False,settled
b,yellow_ramp,ramp,0.0,1.1,0.0,0.9214961282410136,867.5129274003316,False,settled
b,yellow_ramp,ramp,0.0,1.1,0.0,0.5226846734271682,987.6496084372284,False,settled
b,yellow_ramp,ramp,0.0,1.1,0.0,0.7582688346576176,915.2110007669228,False,settled
b,yellow_ramp,ramp,0.0,1.1,0.0,0.27683988073946514,1085.1196143511143,False,settled
b,yellow_ramp,ramp,0.0,1.1,0.0,1.160935802159025,807.6704335794227,False,settled
b,yellow_ramp,ramp,0.0,1.1,0.0,0.37174898721929456,1046.3986105831593,False,settled
b,yellow_ramp,ramp,0.0,1.1,0.0,0.8826005501746036,879.697711398954,False,settled
b,yellow_ramp,ramp,0.0,1.1,0.0,1.0609736470666393,831.7945469826062,False,settled
b,yellow_ramp,ramp,0.0,1.1,0.0,0.3149622960678526,1077.6192739260327,False,settled
b,yellow_ramp,ramp,0.0,1.1,0.0,0.4122164600590901,1027.211279847319,False,settled
b,yellow_ramp,ramp,0.0,1.1,0.0,0.81471999975863,896.2861647678692,False,settled
b,yellow_ramp,ramp,0.0,1.1,0.0,1.0655923405572547,831.9106910847308,False,settled
b,yellow_ramp,ramp,0.0,1.1,0.0,1.2110709057392468,796.8858457034939,False,settled
b,yellow_ramp,ramp,0.0,1.1,0.0,0.45890333890644186,1019.7194243031871,False,settled
b,yellow_ramp,ramp,0.0,1.1,0.0,0.625604777753555,952.6206356134139,False,settled
b,yellow_ramp,ramp,0.0,1.1,0.0,0.4854541584503674,1005.0266627539089,False,settled
b,yellow_ramp,ramp,0.0,1.1,0.0,0.339248328890317,1056.8730328534855,False,settled
b,yellow_ramp,ramp,0.0,1.1,0.0,0.8154620072005889,895.5936569197952,False,settled
b,yellow_ramp,ramp,0.0,1.1,0.0,0.8835911410767351,878.7040361298241,False,settled
b,yellow_ramp,ramp,0.0,1.1,0.0,1.1964819844243264,800.4980786638557,False,settled
b,yellow_ramp,ramp,0.0,1.1,0.0,0.9840208179643657,851.0264540195634,False,settled
b,yellow_ramp,ramp,0.0,1.1,0.0,1.1503382315074182,811.9799866848135,False,settled
b,yellow_ramp,ramp,0.0,1.1,0.0,1.1818832620409485,804.5116729616191,False,settled
b,yellow_ramp,ramp,0.0,1.1,0.0,0.6922352186360375,931.5133934838974,False,settled
b,yellow_ramp,ramp,0.0,1.1,0.0,1.2216257989375456,791.7962411131361,False,settled
b,yellow_ramp,ramp,0.0,1.1,0.0,0.3988027426501583,1034.423299495785,False,settled
b,yellow_ramp,ramp,0.0,1.1,0.0,0.5600274118186519,977.3736264242714,False,settled
b,yellow_ramp,ramp,0.0,1.1,0.0,0.8311570192235354,894.119651275519,False,settled
b,yellow_ramp,ramp,0.0,1.1,0.0,0.6664552884270031,945.2234925039796,False,settled
b,yellow_ramp,ramp,0.0,1.1,0.0,0.6524902809678751,948.2953335705772,False,settled
b,yellow_ramp,ramp,0.0,1.1,0.0,0.41033168458621033,1028.6730709018163,False,settled
b,yellow_ramp,ramp,0.0,1.1,0.0,0.3841328595398853,1049.7855789422467,False,settled
b,yellow_ramp,ramp,0.0,1.1,0.0,0.8474531044857467,888.4258084466412,False,settled
b,yellow_ramp,ramp,0.0,1.1,0.0,0.6257774969898272,952.4860091080782,False,settled
b,yellow_ramp,ramp,0.0,1.1,0.0,1.1281128703010643,817.1896451279766,False,settled
b,yellow_ramp,ramp,0.0,1.1,0.0,1.0038844377444347,845.1894794270178,False,settled
b,yellow_ramp,ramp,0.0,1.1,0.0,0.36733362642396034,1049.8465402224535,False,settled
b,yellow_ramp,ramp,0.0,1.1,0.0,0.8075221971005592,896.4023729456308,False,settled
b,yellow_ramp,ramp,0.0,1.1,0.0,0.3626265530304451,1053.5282177116358,False,settled
b,yellow_ramp,ramp,0.0,1.1,0.0,0.7807490980477211,906.9290644850719,False,settled
b,yellow_ramp,ramp,0.0,1.1,0.0,0.9316440183877782,862.3395391863735,False,settled
b,yellow_ramp,ramp,0.0,1.1,0.0,0.8872850336263305,875.3523955977478,False,settled
b,yellow_ramp,ramp,0.0,1.1,0.0,0.6543576410086392,946.7674607027919,False,settled
b,yellow_ramp,ramp,0.0,1.1,0.0,1.1892975451373724,802.5226757268744,False,settled
b,yellow_ramp,ramp,0.0,1.1,0.0,0.5515399715112458,984.0432794587188,False,settled
b,yellow_ramp,ramp,0.0,1.1,0.0,0.8270470692778226,891.5201332866666,False,settled
b,yellow_ramp,ramp,0.0,1.1,0.0,0.23794678827881235,1101.6905688598526,False,settled
b,yellow_ramp,ramp,0.0,1.1,0.0,0.7331889133026054,920.1634073827904,False,settled
b,yellow_ramp,ramp,0.0,1.1,0.0,0.910647213527385,868.264099711025,False,settled
b,yellow_ramp,ramp,0.0,1.1,0.0,0.717081299500374,926.2670502412863,False,settled
b,yellow_ramp,ramp,0.0,1.1,0.0,0.6105367217469532,964.5093886147866,False,settled
b,yellow_ramp,ramp,0.0,1.1,0.0,1.0050328092175502,843.8168625232146,False,settled
b,yellow_ramp,ramp,0.0,1.1,0.0,0.8325852032961962,892.7757879876791,False,settled
b,yellow_ramp,ramp,0.0,1.1,0.0,0.3377838179976678,1056.9673083015723,False,settled
b,yellow_ramp,ramp,0.0,1.1,0.0,0.21936156035828916,1117.7026654946242,False,settled
b,yellow_ramp,ramp,0.0,1.1,0.0,0.8852642906746908,877.0266948012667,False,settled
b,yellow_ramp,ramp,0.0,1.1,0.0,0.7904164354166596,905.1380985402603,False,settled
b,yellow_ramp,ramp,0.0,1.1,0.0,1.1078602586753004,822.7370864266925,False,settled
b,yellow_ramp,ramp,0.0,1.1,0.0,0.8346389203813104,890.8447975856776,False,settled
b,yellow_ramp,ramp,0.0,1.1,0.0,0.38989673803970987,1035.7637382043426,False,settled
b,yellow_ramp,ramp,0.0,1.1,0.0,0.44975822290984396,1022.4579322179256,False,settled
b,yellow_ramp,ramp,0.0,1.1,0.0,0.6271011730456593,960.3652213645003,False,settled
b,yellow_ramp,ramp,0.0,1.1,0.0,0.6804163292122698,937.7172287608608,False,settled
b,yellow_ramp,ramp,0.0,1.1,0.0,0.41690910819880656,1036.1692173187932,False,settled
b,yellow_ramp,ramp,0.0,1.1,0.0,1.010550581040471,845.9824585502442,False,settled
b,yellow_ramp,ramp,0.0,1.1,0.0,0.2830637888721379,1082.1859812421387,False,settled
b,yellow_ramp,ramp,0.0,1.1,0.0,0.2750452904412924,1089.0482364978204,False,settled
b,yellow_ramp,ramp,0.0,1.1,0.0,0.43987865034541906,1018.0083040140892,False,settled
b,yellow_ramp,ramp,0.0,1.1,0.0,1.0122964097312201,845.6719275822851,False,settled
b,yellow_ramp,ramp,0.0,1.1,0.0,0.286394579305601,1078.281626068499,False,settled
b,yellow_ramp,ramp,0.0,1.1,0.0,0.7599771695,914.6130978995473,False,settled
b,yellow_ramp,ramp,0.0,1.1,0.0,1.2145953225128279,793.9548419045575,False,settled
b,yellow_ramp,ramp,0.0,1.1,0.0,0.8099085434814163,900.7771676955841,False,settled
b,yellow_ramp,ramp,0.0,1.1,0.0,0.7025240360791154,930.8051986152765,False,settled
b,yellow_ramp,ramp,0.0,1.1,0.0,0.6164220115830167,959.9295885745363,False,settled
b,yellow_ramp,ramp,0.0,1.1,0.0,0.2504119442399451,1096.8288496461169,False,settled
b,yellow_ramp,ramp,0.0,1.1,0.0,0.7294264255350594,923.3714620958372,False,settled
b,yellow_ramp,ramp,0.0,1.1,0.0,1.0986208966889817,824.5715890124011,False,settled
b,yellow_ramp,ramp,0.0,1.1,0.0,1.0990172554022188,824.965634171859,False,settled
b,yellow_ramp,ramp,0.0,1.1,0.0,0.862081901391083,882.3619574949129,False,settled
b,yellow_ramp,ramp,0.0,1.1,0.0,0.8344075219418667,891.0623141638772,False,settled
b,yellow_ramp,ramp,0.0,1.1,0.0,0.5106969129088275,996.1538358579047,False,settled
b,yellow_ramp,ramp,0.0,1.1,0.0,0.23062190714201244,1114.8891331657326,False,settled
b,yellow_ramp,ramp,0.0,1.1,0.0,0.5723755516599247,977.227215846746,False,settled
b,yellow_ramp,ramp,0.0,1.1,0.0,0.6588894334430562,942.9843030817138,False,settled
b,yellow_ramp,ramp,0.0,1.1,0.0,0.8654944532403068,885.0134815453754,False,settled
b,yellow_ramp,ramp,0.0,1.1,0.0,0.29170730697543584,1077.4235647229564,False,settled
b,yellow_ramp,ramp,0.0,1.1,0.0,0.9323720471149162,861.7861153142715,False,settled
b,yellow_ramp,ramp,0.0,1.1,0.0,1.170308112628361,807.2113843218475,False,settled
b,yellow_ramp,ramp,0.0,1.1,0.0,0.6431317015590148,947.2902660412175,False,settled
b,yellow_ramp,ramp,0.0,1.1,0.0,0.7426681151440576,919.5848584714029,False,settled
b,yellow_ramp,ramp,0.0,1.1,0.0,1.1489239501632804,812.5009973591735,False,settled
b,yellow_ramp,ramp,0.0,1.1,0.0,0.5725301022436575,977.0996386981823,False,settled
b,yellow_ramp,ramp,0.0,1.1,0.0,0.3821256440124181,1038.4823998689144,False,settled
b,yellow_ramp,ramp,0.0,1.1,0.0,0.41664503656838964,1036.3810602879933,False,settled
b,yellow_ramp,ramp,0.0,1.1,0.0,0.591661868585472,971.4948005497346,False,settled
b,yellow_ramp,ramp,0.0,1.1,0.0,0.3996252396848052,1034.3036992052694,False,settled
b,yellow_ramp,ramp,0.0,1.1,0.0,1.161437325585438,809.5563560597429,False,settled
b,yellow_ramp,ramp,0.0,1.1,0.0,0.744246648511248,918.2089021536655,False,settled
b,yellow_ramp,ramp,0.0,1.1,0.0,0.7460559002590158,916.6299620225118,False,settled
b,yellow_ramp,ramp,0.0,1.1,0.0,0.9793662283955866,852.1756061937002,False,settled
b,yellow_ramp,ramp,0.0,1.1,0.0,1.2218477420133198,790.6084600571929,False,settled
b,yellow_ramp,ramp,0.0,1.1,0.0,0.5120474088929421,995.0874746600322,False,settled
b,yellow_ramp,ramp,0.0,1.1,0.0,0.5247611655724871,987.2031184080174,False,settled
b,yellow_ramp,ramp,0.0,1.1,0.0,1.1281361447442797,817.1253441646011,False,settled
b,yellow_ramp,ramp,0.0,1.1,0.0,0.23542504141549264,1103.4942402097663,False,settled
b,yellow_ramp,ramp,0.0,1.1,0.0,0.5947709441605133,968.9499966672358,False,settled
b,yellow_ramp,ramp,0.0,1.1,0.0,0.5235309291343837,987.4700246589587,False,settled
b,yellow_ramp,ramp,0.0,1.1,0.0,0.6066115727589622,965.4993948407136,False,settled
b,yellow_ramp,ramp,0.0,1.1,0.0,0.2718347105606216,1084.6980417349725,False,settled
b,yellow_ramp,ramp,0.0,1.1,0.0,0.3448960774050064,1053.622143451368,False,settled
b,yellow_ramp,ramp,0.0,1.1,0.0,0.3564991660344473,1058.3282416523657,False,settled
b,yellow_ramp,ramp,0.0,1.1,0.0,0.8937185939669878,874.1706267655592,False,settled
b,yellow_ramp,ramp,0.0,1.1,0.0,0.6434106927834862,947.0654092766705,False,settled
b,yellow_ramp,ramp,0.0,1.1,0.0,0.3782545393104781,1041.441129585636,False,settled
b,yellow_ramp,ramp,0.0,1.1,0.0,0.735122977788686,918.4053316493115,False,settled
b,yellow_ramp,ramp,0.0,1.1,0.0,0.3855687155137033,1049.329164530676,False,settled
b,yellow_ramp,ramp,0.0,1.1,0.0,1.1754616844882173,806.2737623901658,False,settled
b,yellow_ramp,ramp,0.0,1.1,0.0,1.1002090409334175,825.1473201000127,False,settled
b,yellow_ramp,ramp,0.0,1.1,0.0,0.7358355838636037,917.8885122108902,False,settled
b,yellow_ramp,ramp,0.0,1.1,0.0,0.6620658834670501,948.9807982893158,False,settled
b,yellow_ramp,ramp,0.0,1.1,0.0,0.5085980604979489,997.8084729437563,False,settled
b,yellow_ramp,ramp,0.0,1.1,0.0,0.3117821923420094,1065.984282929257,False,settled
b,yellow_ramp,ramp,0.0,1.1,0.0,0.31347005821922974,1078.7949905119265,False,settled
b,yellow_ramp,ramp,0.0,1.1,0.0,0.4891748100916564,1002.0482192319082,False,settled
b,yellow_ramp,ramp,0.0,1.1,0.0,0.32576282819299646,1072.3571128621322,False,settled
b,yellow_ramp,ramp,0.0,1.1,0.0,0.38037915009823353,1039.7237015018413,False,settled
b,yellow_ramp,ramp,0.0,1.1,0.0,0.969678676070175,854.0735091316473,False,settled
b,yellow_ramp,ramp,0.0,1.1,0.0,0.5049532553368097,1000.6840156742747,False,settled
b,yellow_ramp,ramp,0.0,1.1,0.0,0.4504988704313997,1021.8708212629381,False,settled
b,yellow_ramp,ramp,0.0,1.1,0.0,0.819625212341668,898.3090440078829,False,settled
b,yellow_ramp,ramp,0.0,1.1,0.0,0.7246299699967496,927.5985849225232,False,settled
b,yellow_ramp,ramp,0.0,1.1,0.0,0.765942038775825,912.525529474541,False,settled
b,yellow_ramp,ramp,0.0,1.1,0.0,0.72230305782064,929.4042424894014,False,settled
b,yellow_ramp,ramp,0.0,1.1,0.0,0.4097522128225288,1029.1280877996558,False,settled
b,yellow_ramp,ramp,0.0,1.1,0.0,0.9276641499012147,866.2580850821129,False,settled
b,yellow_ramp,ramp,0.0,1.1,0.0,1.0628009791492545,834.8492398552039,False,settled
b,yellow_ramp,ramp,0.0,1.1,0.0,0.580477636442308,970.8800561571788,False,settled
b,yellow_ramp,ramp,0.0,1.1,0.0,0.2581936480968777,1094.0323721905143,False,settled
b,yellow_ramp,ramp,0.0,1.1,0.0,0.440032129186553,1017.8903209683804,False,settled
b,yellow_ramp,ramp,0.0,1.1,0.0,0.5854109644830949,966.9550776902215,False,settled
b,yellow_ramp,ramp,0.0,1.1,0.0,0.5079860990199905,998.2866796461199,False,settled
b,yellow_ramp,ramp,0.0,1.1,0.0,0.33350306592677087,1057.5715533773175,False,settled
b,yellow_ramp,ramp,0.0,1.1,0.0,0.7435489577902283,918.8178361892119,False,settled
b,yellow_ramp,ramp,0.0,1.1,0.0,0.6481579428315449,951.7005505076129,False,settled
b,yellow_ramp,ramp,0.0,1.1,0.0,1.1876220446346142,803.0767248896336,False,settled
b,yellow_ramp,ramp,0.0,1.1,0.0,0.26307995596400574,1098.6348227628214,False,settled
b,yellow_ramp,ramp,0.0,1.1,0.0,0.5064125938634405,999.5030829921391,False,settled
b,yellow_ramp,ramp,0.0,1.1,0.0,0.9833214513151265,847.6237519820752,False,settled
b,yellow_ramp,ramp,0.0,1.1,0.0,0.2485745270691829,1093.0880382820674,False,settled
b,yellow_ramp,ramp,0.0,1.1,0.0,0.772424635383417,907.3262363853606,False,settled
b,yellow_ramp,ramp,0.0,1.1,0.0,1.1209283361987357,819.0418372045749,False,settled
b,yellow_ramp,ramp,0.0,1.1,0.0,1.0151108481724633,844.4912678967995,False,settled
b,yellow_ramp,ramp,0.0,1.1,0.0,0.5743729159524646,975.5784335326184,False,settled
b,yellow_ramp,ramp,0.0,1.1,0.0,0.9826449661126674,848.3964006034025,False,settled
b,yellow_ramp,ramp,0.0,1.1,0.0,0.6979793698502758,934.7417029130271,False,settled
b,yellow_ramp,ramp,0.0,1.1,0.0,0.578527076958931,972.1677246800298,False,settled
b,yellow_ramp,ramp,0.0,1.1,0.0,0.839941830893522,892.1731378221733,False,settled
b,yellow_ramp,ramp,0.0,1.1,0.0,0.4509859087360203,1021.4860481884796,False,settled
b,yellow_ramp,ramp,0.0,1.1,0.0,0.28475553519428065,1081.2495358144322,False,settled
b,yellow_ramp,ramp,0.0,1.1,0.0,0.22865444721570125,1107.0900498483938,False,settled
b,yellow_ramp,ramp,0.0,1.1,0.0,0.6391431527034641,950.4940379912721,False,settled
b,yellow_ramp,ramp,0.0,1.1,0.0,0.7224155920494858,929.3048383782781,False,settled
b,yellow_ramp,ramp,0.0,1.1,0.0,0.5443457782743142,979.7256969280154,False,settled
b,yellow_ramp,ramp,0.0,1.1,0.0,0.44690935655059344,1024.7166863220393,False,settled
b,yellow_ramp,ramp,0.0,1.1,0.0,1.1885328271397912,802.7907849418128,False,settled
b,yellow_ramp,ramp,0.0,1.1,0.0,1.0413120947994525,838.9919756637435,False,settled
b,yellow_ramp,ramp,0.0,1.1,0.0,0.7041577684406324,929.4858739357193,False,settled
b,yellow_ramp,ramp,0.0,1.1,0.0,0.949006995237859,858.032035031272,False,settled
b,yellow_ramp,ramp,0.0,1.1,0.0,1.080594988348252,830.3492031380338,False,settled
b,yellow_ramp,ramp,0.0,1.1,0.0,0.3991994932178643,1034.3656076622985,False,settled
b,yellow_ramp,ramp,0.0,1.1,0.0,0.912415535969217,866.5233859757341,False,settled
b,yellow_ramp,ramp,0.0,1.1,0.0,0.44190083752681186,1016.4585520756069,False,settled
b,yellow_ramp,ramp,0.0,1.1,0.0,0.765204656162277,912.7835670059002,False,settled
b,yellow_ramp,ramp,0.0,1.1,0.0,0.8663621852113451,884.1541690815816,False,settled
b,yellow_ramp,ramp,0.0,1.1,0.0,0.649541382114696,950.5318920645414,False,settled
b,yellow_ramp,ramp,0.0,1.1,0.0,0.9812166424047418,850.0323478873015,False,settled
b,yellow_ramp,ramp,0.0,1.1,0.0,1.1391229604690891,814.617526838281,False,settled
b,yellow_ramp,ramp,0.0,1.1,0.0,0.2662465116374479,1098.5181275593964,False,settled
b,yellow_ramp,ramp,0.0,1.1,0.0,0.989100348959808,849.771462729284,False,settled
b,yellow_ramp,ramp,0.0,1.1,0.0,0.8980040416896713,875.4000488913052,False,settled
b,yellow_ramp,ramp,0.0,1.1,0.0,0.2749977360755482,1089.0180990179995,False,settled
b,yellow_ramp,ramp,0.0,1.1,0.0,0.7783964782078343,909.069910311872,False,settled
b,yellow_ramp,ramp,0.0,1.1,0.0,1.0686345800271475,831.0206777345151,False,settled
b,yellow_ramp,ramp,0.0,1.1,0.0,0.722036298199771,922.0981827250016,False,settled
b,yellow_ramp,ramp,0.0,1.1,0.0,0.8562827746612317,888.0348856470066,False,settled
b,yellow_ramp,ramp,0.0,1.1,0.0,0.9214801240325972,867.5296294325418,False,settled
b,yellow_ramp,ramp,0.0,1.1,0.0,0.8784812034292275,878.0320332075801,False,settled
b,yellow_ramp,ramp,0.0,1.1,0.0,0.5495494664317159,985.6745829535379,False,settled
b,yellow_ramp,ramp,0.0,1.1,0.0,0.7242759167892161,927.6947046881372,False,settled
b,yellow_ramp,ramp,0.0,1.1,0.0,0.9688878679365286,854.7219832242176,False,settled
b,yellow_ramp,ramp,0.0,1.1,0.0,0.6265046958405982,960.869212109853,False,settled
b,yellow_ramp,ramp,0.0,1.1,0.0,0.4979922533309077,1006.3360132645752,False,settled
b,yellow_ramp,ramp,0.0,1.1,0.0,0.5942385671321796,969.3862014529707,False,settled
b,yellow_ramp,ramp,0.0,1.1,0.0,0.9557459577675917,855.4419123485043,False,settled
b,yellow_ramp,ramp,0.0,1.1,0.0,0.914891566918345,869.0488290624036,False,settled
b,yellow_ramp,ramp,0.0,1.1,0.0,0.6720057176367547,940.8006563615872,False,settled
b,yellow_ramp,ramp,0.0,1.1,0.0,0.9344013473120061,860.7290058677255,False,settled
b,yellow_ramp,ramp,0.0,1.1,0.0,0.6530225317393544,947.8452773452883,False,settled
b,yellow_ramp,ramp,0.0,1.1,0.0,1.2142945911758105,795.4576591601657,False,settled
b,yellow_ramp,ramp,0.0,1.1,0.0,0.5712535740909684,978.1536023267823,False,settled
b,yellow_ramp,ramp,0.0,1.1,0.0,0.4958112471394432,997.1475463425749,False,settled
b,yellow_ramp,ramp,0.0,1.1,0.0,0.7006573655669072,932.41662905707,False,settled
b,yellow_ramp,ramp,0.0,1.1,0.0,0.7431281127884969,919.1851020677861,False,settled
b,yellow_ramp,ramp,0.0,1.1,0.0,0.6800247661384813,937.8321387701127,False,settled
b,yellow_ramp,ramp,0.0,1.1,0.0,0.3147264441863509,1077.8050792140718,False,settled
b,yellow_ramp,ramp,0.0,1.1,0.0,0.6029042376695648,966.4450939132943,False,settled
b,yellow_ramp,ramp,0.0,1.1,0.0,0.752126139734093,918.8319716924278,False,settled
b,yellow_ramp,ramp,0.0,1.1,0.0,0.5817439958395386,969.8692546763092,False,settled
b,yellow_ramp,ramp,0.0,1.1,0.0,0.6096474587659738,964.7337102714093,False,settled
b,yellow_ramp,ramp,0.0,1.1,0.0,0.93727817686538,864.0102328269699,False,settled
b,yellow_ramp,ramp,0.0,1.1,0.0,0.9783209656149139,848.859871296295,False,settled
b,yellow_ramp,ramp,0.0,1.1,0.0,0.7611301358422272,914.20939110798,False,settled
b,yellow_ramp,ramp,0.0,1.1,0.0,0.6556734811934396,945.6563937271875,False,settled
b,yellow_ramp,ramp,0.0,1.1,0.0,0.4370976359167273,1020.1352188127595,False,settled
b,yellow_ramp,ramp,0.0,1.1,0.0,0.2601483506191787,1096.7793345228731,False,settled
b,yellow_ramp,ramp,0.0,1.1,0.0,0.9706029373117395,853.0222796733594,False,settled
b,yellow_ramp,ramp,0.0,1.1,0.0,0.2854327724819191,1081.3655140912992,False,settled
b,yellow_ramp,ramp,0.0,1.1,0.0,0.29592664728733514,1077.0372291452966,False,settled
b,yellow_ramp,ramp,0.0,1.1,0.0,0.6077205030273057,965.2197185960822,False,settled
b,yellow_ramp,ramp,0.0,1.1,0.0,0.5845321808801505,967.6490191183735,False,settled
b,yellow_ramp,ramp,0.0,1.1,0.0,0.8184604765791116,899.4108308590227,False,settled
b,yellow_ramp,ramp,0.0,1.1,0.0,0.9239771154162651,865.2684555676375,False,settled
b,yellow_ramp,ramp,0.0,1.1,0.0,0.22377971480019723,1109.0612060036046,False,settled
b,yellow_ramp,ramp,0.0,1.1,0.0,0.3285781226346569,1071.9858890802677,False,settled
b,yellow_ramp,ramp,0.0,1.1,0.0,0.27311969167798533,1086.1093354415102,False,settled
b,yellow_ramp,ramp,0.0,1.1,0.0,1.1404441585536944,814.6305388447141,False,settled
b,yellow_ramp,ramp,0.0,1.1,0.0,0.702241460426506,931.0491975312041,False,settled
b,yellow_ramp,ramp,0.0,1.1,0.0,0.5908896192296583,972.1289338600606,False,settled
b,yellow_ramp,ramp,0.0,1.1,0.0,0.4184112543665616,1034.9639971604777,False,settled
b,yellow_ramp,ramp,0.0,1.1,0.0,0.2700361658903964,1088.41731629229,False,settled
b,yellow_ramp,ramp,0.0,1.1,0.0,0.6487587304801516,951.1930412702477,False,settled
b,yellow_ramp,ramp,0.0,1.1,0.0,0.4495442377997563,1022.6275692089318,False,settled
b,yellow_ramp,ramp,0.0,1.1,0.0,0.6632554960648955,947.9134803141382,False,settled
b,yellow_ramp,ramp,0.0,1.1,0.0,0.5234727756161203,987.482365432386,False,settled
b,yellow_ramp,ramp,0.0,1.1,0.0,0.401797473328467,1033.9878085968205,False,settled
b,yellow_ramp,ramp,0.0,1.1,0.0,0.4195970912577377,1034.0126224476019,False,settled
b,yellow_ramp,ramp,0.0,1.1,0.0,0.7345462846815211,918.9052464879995,False,settled
b,yellow_ramp,ramp,0.0,1.1,0.0,0.34462165260616345,1053.8305670655202,False,settled
b,yellow_ramp,ramp,0.0,1.1,0.0,0.9643640452161001,855.3822978460644,False,settled
b,yellow_ramp,ramp,0.0,1.1,0.0,1.079407407330442,828.9323870620991,False,settled
b,yellow_ramp,ramp,0.0,1.1,0.0,0.5223634849717844,987.717824231959,False,settled
b,yellow_ramp,ramp,0.0,1.1,0.0,0.2741169594724522,1088.4184789627268,False,settled
b,yellow_ramp,ramp,0.0,1.1,0.0,0.8033132628405425,900.1451533981215,False,settled
b,yellow_ramp,ramp,0.0,1.1,0.0,0.9920342490133285,846.4021859142358,False,settled
b,yellow_ramp,ramp,0.0,1.1,0.0,0.6410933848728815,948.8776252166001,False,settled
b,yellow_ramp,ramp,0.0,1.1,0.0,0.5776673501522637,972.8718700086393,False,settled
b,yellow_ramp,ramp,0.0,1.1,0.0,0.44747894082213374,1024.2650464882145,False,settled
b,yellow_ramp,ramp,0.0,1.1,0.0,0.27185964450882605,1084.7432732081245,False,settled
b,yellow_ramp,ramp,0.0,1.1,0.0,0.4611945909645808,1019.2887134142356,False,settled
b,yellow_ramp,ramp,0.0,1.1,0.0,0.3185543555467099,1074.8162427242357,False,settled
b,yellow_ramp,ramp,0.0,1.1,0.0,0.3852402343577298,1049.3820488251217,False,settled
b,yellow_ramp,ramp,0.0,1.1,0.0,1.1444759288283783,813.4351234018471,False,settled
b,yellow_ramp,ramp,0.0,1.1,0.0,0.5293354598311102,986.1465127375752,False,settled
b,yellow_ramp,ramp,0.0,1.1,0.0,0.5104236904008137,996.3694491252544,False,settled
b,yellow_ramp,ramp,0.0,1.1,0.0,0.6366360542999605,952.5962826558573,False,settled
b,yellow_ramp,ramp,0.0,1.1,0.0,1.025219734642664,844.0285314467419,False,settled
b,yellow_ramp,ramp,0.0,1.1,0.0,0.5529349665506356,982.9018569204673,False,settled
b,yellow_ramp,ramp,0.0,1.1,0.0,0.26423836743841167,1100.0931733783984,False,settled
b,yellow_ramp,ramp,0.0,1.1,0.0,1.0033498504807017,845.8190715094636,False,settled
b,yellow_ramp,ramp,0.0,1.1,0.0,0.5338208525112198,985.2066662980188,False,settled
b,yellow_ramp,ramp,0.0,1.1,0.0,0.40905514312171753,1029.7493852615564,False,settled
b,yellow_ramp,ramp,0.0,1.1,0.0,1.0228438339468584,842.9732607715314,False,settled
b,yellow_ramp,ramp,0.0,1.1,0.0,0.9232479058025185,865.9397452328,False,settled
b,yellow_ramp,ramp,0.0,1.1,0.0,1.198748297492504,800.530153074687,False,settled
b,yellow_ramp,ramp,0.0,1.1,0.0,0.2767798859825867,1085.0781348859957,False,settled
b,yellow_ramp,ramp,0.0,1.1,0.0,0.7826418903729895,905.3024973831183,False,settled
b,yellow_ramp,ramp,0.0,1.1,0.0,1.0326680046401853,840.8796585103914,False,settled
b,yellow_ramp,ramp,0.0,1.1,0.0,1.09926699219406,824.5324500285669,False,settled
b,yellow_ramp,ramp,0.0,1.1,0.0,0.7508144815773098,920.0012172170425,False,settled
b,yellow_ramp,ramp,0.0,1.1,0.0,0.5235445872625517,987.4671262638387,False,settled
b,yellow_ramp,ramp,0.0,1.1,0.0,0.6360119534039921,953.1195858353141,False,settled
b,yellow_ramp,ramp,0.0,1.1,0.0,0.8979185325581165,875.4875235048949,False,settled
b,yellow_ramp,ramp,0.0,1.1,0.0,1.1656910497080275,808.85698754324,False,settled
b,yellow_ramp,ramp,0.0,1.1,0.0,0.3556806896281683,1058.7230060716201,False,settled
b,yellow_ramp,ramp,0.0,1.1,0.0,0.7859077363185882,909.289331161198,False,settled
b,yellow_ramp,ramp,0.0,1.1,0.0,0.45864375921684575,1019.7682040872427,False,settled
b,yellow_ramp,ramp,0.0,1.1,0.0,0.6750003800232304,939.3069333532424,False,settled
b,yellow_ramp,ramp,0.0,1.1,0.0,0.5855236732040393,966.8652667533917,False,settled
b,yellow_ramp,ramp,0.0,1.1,0.0,0.3494937608692008,1063.6269649265432,False,settled
b,yellow_ramp,ramp,0.0,1.1,0.0,0.9124483595643905,866.4961485512231,False,settled
b,yellow_ramp,ramp,0.0,1.1,0.0,0.8118707076305448,898.9455092830215,False,settled
b,yellow_ramp,ramp,0.0,1.1,0.0,0.2922661221765256,1077.7762357762194,False,settled
b,yellow_ramp,ramp,0.0,1.1,0.0,0.6939589045616065,937.9865466861419,False,settled
b,yellow_ramp,ramp,0.0,1.1,0.0,0.7074524231059264,926.6834597058391,False,settled
b,yellow_ramp,ramp,0.0,1.1,0.0,0.9527325866388318,858.7448106701266,False,settled
b,yellow_ramp,ramp,0.0,1.1,0.0,0.8646314321700713,880.2569845732535,False,settled
b,yellow_ramp,ramp,0.0,1.1,0.0,1.108802543211199,821.770578946892,False,settled
b,yellow_ramp,ramp,0.0,1.1,0.0,0.4535950738380107,1020.7165015930426,False,settled
b,yellow_ramp,ramp,0.0,1.1,0.0,0.7604786069316412,914.4375996392442,False,settled
b,yellow_ramp,ramp,0.0,1.1,0.0,0.6040066845094303,966.1630705400518,False,settled
b,yellow_ramp,ramp,0.0,1.1,0.0,0.6283943456174442,959.2730541678778,False,settled
b,yellow_ramp,ramp,0.0,1.1,0.0,0.8067463742162749,897.0074898093173,False,settled
b,yellow_ramp,ramp,0.0,1.1,0.0,0.2543376345125535,1103.3948979051304,False,settled
b,yellow_ramp,ramp,0.0,1.1,0.0,0.8848508392673916,877.4410767814758,False,settled
b,yellow_ramp,ramp,0.0,1.1,0.0,1.1739545451243967,806.9845215302831,False,settled
b,yellow_ramp,ramp,0.0,1.1,0.0,0.9160174833353086,867.889582098802,False,settled
b,yellow_ramp,ramp,0.0,1.1,0.0,0.22716994635956408,1106.231863474009,False,settled
b,yellow_ramp,ramp,0.0,1.1,0.0,1.1857677533826494,804.0298340355482,False,settled
b,yellow_ramp,ramp,0.0,1.1,0.0,0.40205352777861164,1033.9505696544873,False,settled
b,yellow_ramp,ramp,0.0,1.1,0.0,0.4364130306027677,1020.6458295159497,False,settled
b,yellow_ramp,ramp,0.0,1.1,0.0,1.0497570039312987,836.166567146285,False,settled
b,yellow_ramp,ramp,0.0,1.1,0.0,0.7826074398079701,905.3337269269505,False,settled
b,yellow_ramp,ramp,0.0,1.1,0.0,0.39995858669943124,1034.2552264759618,False,settled
b,yellow_ramp,ramp,0.0,1.1,0.0,0.5303707437123496,985.9268137276425,False,settled
b,yellow_ramp,ramp,0.0,1.1,0.0,1.083738199935328,828.8115815320978,False,settled
b,yellow_ramp,ramp,0.0,1.1,0.0,1.007933537480678,844.5545211433259,False,settled
b,yellow_ramp,ramp,0.0,1.1,0.0,0.49390465093457236,998.5642359487103,False,settled
b,yellow_ramp,ramp,0.0,1.1,0.0,0.8627247393342019,881.8220547409172,False,settled
b,yellow_ramp,ramp,0.0,1.1,0.0,0.7759720273391878,911.2861567293289,False,settled
b,yellow_ramp,ramp,0.0,1.1,0.0,1.0238494908731155,843.2063415281436,False,settled
b,yellow_ramp,ramp,0.0,1.1,0.0,0.8098860332090705,900.7981805083875,False,settled
b,yellow_ramp,ramp,0.0,1.1,0.0,0.5168432836240662,991.3042777252892,False,settled
b,yellow_ramp,ramp,0.0,1.1,0.0,1.1911686139191011,802.5844941148688,False,settled
b,yellow_ramp,ramp,0.0,1.1,0.0,0.3576222300034732,1057.443686528886,False,settled
b,yellow_ramp,ramp,0.0,1.1,0.0,0.6231341345168571,954.6233176392118,False,settled
b,yellow_ramp,ramp,0.0,1.1,0.0,1.1685040102051982,807.6945997323146,False,settled
b,yellow_ramp,ramp,0.0,1.1,0.0,1.0940877762403947,825.5394835052374,False,settled
b,yellow_ramp,ramp,0.0,1.1,0.0,1.041102987364248,839.2841248462339,False,settled
b,yellow_ramp,ramp,0.0,1.1,0.0,0.23343640946862465,1106.1433641467029,False,settled
b,yellow_ramp,ramp,0.0,1.1,0.0,0.6582597377309818,943.5012876302881,False,settled
b,yellow_ramp,ramp,0.0,1.1,0.0,1.1119129516087247,821.5638042935925,False,settled
b,yellow_ramp,ramp,0.0,1.1,0.0,1.0247577880010528,842.0506174734581,False,settled
b,yellow_ramp,ramp,0.0,1.1,0.0,0.6464415838637155,953.1611500020617,False,settled
b,yellow_ramp,ramp,0.0,1.1,0.0,0.8276280614393725,890.9864170169454,False,settled
b,yellow_ramp,ramp,0.0,1.1,0.0,1.0083548128096718,844.0477786541585,False,settled
b,yellow_ramp,ramp,0.0,1.1,0.0,1.2108472392608758,795.8075994444764,False,settled
b,yellow_ramp,ramp,0.0,1.1,0.0,0.31533784907984436,1077.3233850866704,False,settled
b,yellow_ramp,ramp,0.0,1.1,0.0,1.1910037289421145,801.8000127576123,False,settled
b,yellow_ramp,ramp,0.0,1.1,0.0,0.6562365980884538,945.1813438425474,False,settled
b,yellow_ramp,ramp,0.0,1.1,0.0,0.5469084881846965,987.852535639603,False,settled
b,yellow_ramp,ramp,0.0,1.1,0.0,0.7894085815237645,906.0659060749467,False,settled
b,yellow_ramp,ramp,0.0,1.1,0.0,0.2889072718488888,1076.771966749027,False,settled
b,yellow_ramp,ramp,0.0,1.1,0.0,0.6333004421825221,955.135025660892,False,settled
b,yellow_ramp,ramp,0.0,1.1,0.0,0.49485229882213017,997.906460933943,False,settled
b,yellow_ramp,ramp,0.0,1.1,0.0,0.34006223707765615,1056.779139342817,False,settled
b,yellow_ramp,ramp,0.0,1.1,0.0,0.46880531885880306,1006.3899368658683,False,settled
b,yellow_ramp,ramp,0.0,1.1,0.0,0.3160148885320638,1076.7898820394237,False,settled
b,yellow_ramp,ramp,0.0,1.1,0.0,0.6247316397802997,953.3969576060108,False,settled
b,yellow_ramp,ramp,0.0,1.1,0.0,0.5363147794482797,984.7636055490326,False,settled
b,yellow_ramp,ramp,0.0,1.1,0.0,0.6605034672034897,941.7350253368376,False,settled
b,yellow_ramp,ramp,0.0,1.1,0.0,1.0689488652324217,832.9480778096024,False,settled
b,yellow_ramp,ramp,0.0,1.1,0.0,0.7247019190970604,927.5349827637694,False,settled
