trial,element,model,block_noise_sd,ramp_noise_sd,block_noise_up,ramp_noise_up,final_position_up,ramp_valid,up_stop_reason
a,black_block,ramp,0.25,0.0,0.8689352281814515,0.0,837.9019415710104,False,settled
a,black_block,ramp,0.25,0.0,0.9180337124115441,0.0,839.3767015345559,False,settled
b,blue_ramp,ramp,0.0,0.9,0.0,0.7855571653501168,1075.1798823954048,False,settled
b,blue_ramp,ramp,0.0,0.9,0.0,1.2846175733920397,894.0818035610387,False,settled
b,blue_ramp,ramp,0.0,0.9,0.0,1.016804245465397,985.8768130784795,False,settled
b,blue_ramp,ramp,0.0,0.9,0.0,1.073704022490372,965.6021804661524,False,settled
b,blue_ramp,ramp,0.0,0.9,0.0,0.8501697622349259,1037.997946471135,False,settled
b,blue_ramp,ramp,0.0,0.9,0.0,0.7449318768995098,1084.377102833965,False,settled
b,blue_ramp,ramp,0.0,0.9,0.0,0.7484982355026133,1087.5665669947891,False,settled
b,blue_ramp,ramp,0.0,0.9,0.0,0.7957446772863455,1072.029869435333,False,settled
b,blue_ramp,ramp,0.0,0.9,0.0,0.7149574352450835,1105.0021388223397,False,settled
b,blue_ramp,ramp,0.0,0.9,0.0,0.8932912378081695,1029.0697411797055,False,settled
b,blue_ramp,ramp,0.0,0.9,0.0,0.8963007230273762,1026.6729847435288,False,settled
b,blue_ramp,ramp,0.0,0.9,0.0,0.7249034105728264,1091.9396919758783,False,settled
b,blue_ramp,ramp,0.0,0.9,0.0,0.9171631490645075,1022.5332975945611,False,settled
b,blue_ramp,ramp,0.0,0.9,0.0,1.1706810229823237,930.2382082444018,False,settled
b,blue_ramp,ramp,0.0,0.9,0.0,1.2078197522100829,921.6254553839343,False,settled
b,blue_ramp,ramp,0.0,0.9,0.0,1.2267655454642044,914.8621600426587,False,settled
b,blue_ramp,ramp,0.0,0.9,0.0,0.998240369889707,985.8496385268837,False,settled
b,blue_ramp,ramp,0.0,0.9,0.0,1.0220769045526867,981.5586299882034,False,settled
b,blue_ramp,ramp,0.0,0.9,0.0,0.9643661716797243,996.2592039006063,False,settled
b,blue_ramp,ramp,0.0,0.9,0.0,1.2854079010009196,893.362826695042,False,settled
b,blue_ramp,ramp,0.0,0.9,0.0,0.8176722991051323,1063.0869317865274,False,settled
b,blue_ramp,ramp,0.0,0.9,0.0,1.0446381451723126,973.3052159532956,False,settled
b,blue_ramp,ramp,0.0,0.9,0.0,1.0876910138415914,957.0535952893179,False,settled
b,blue_ramp,ramp,0.0,0.9,0.0,1.1468661611516227,938.0254162068445,False,settled
b,blue_ramp,ramp,0.0,0.9,0.0,1.066422350016505,967.4637228275108,False,settled
b,blue_ramp,ramp,0.0,0.9,0.0,0.7364792589360573,1087.3796266836307,False,settled
b,blue_ramp,ramp,0.0,0.9,0.0,1.511529216937203,837.8392909609214,False,settled
b,blue_ramp,ramp,0.0,0.9,0.0,0.7870259492888412,1074.2547438742158,False,settled
b,blue_ramp,ramp,0.0,0.9,0.0,0.7568743832317183,1076.6846839226812,False,settled
b,blue_ramp,ramp,0.0,0.9,0.0,1.5929158190255948,818.5824286628626,False,settled
b,blue_ramp,ramp,0.0,0.9,0.0,0.7998942796984362,1057.7089649956306,False,settled
b,blue_ramp,ramp,0.0,0.9,0.0,1.2198003433769378,918.6767057315584,False,settled
b,blue_ramp,ramp,0.0,0.9,0.0,1.075512907131489,965.1459731937338,False,settled
b,blue_ramp,ramp,0.0,0.9,0.0,0.9156654776011739,1023.7206962613775,False,settled
b,blue_ramp,ramp,0.0,0.9,0.0,1.1241201633472753,944.8601388294941,False,settled
b,blue_ramp,ramp,0.0,0.9,0.0,1.2079724122962137,921.492754805884,False,settled
b,blue_ramp,ramp,0.0,0.9,0.0,1.04033126652052,976.8510355416415,False,settled
b,blue_ramp,ramp,0.0,0.9,0.0,1.0226365791854386,981.1008803255584,False,settled
b,blue_ramp,ramp,0.0,0.9,0.0,1.1122506312895524,954.6013548584001,False,settled
b,blue_ramp,ramp,0.0,0.9,0.0,0.9238340738979185,1020.2022342795444,False,settled
b,blue_ramp,ramp,0.0,0.9,0.0,1.0251815150177812,979.0193854646159,False,settled
b,blue_ramp,ramp,0.0,0.9,0.0,0.8784437588028247,1028.1994049582731,False,settled
b,blue_ramp,ramp,0.0,0.9,0.0,0.9908035572651678,987.5182752975428,False,settled
b,blue_ramp,ramp,0.0,0.9,0.0,1.1328079652960614,946.1880692619029,False,settled
b,blue_ramp,ramp,0.0,0.9,0.0,1.03629154341697,980.1864672306181,False,settled
b,blue_ramp,ramp,0.0,0.9,0.0,1.1642774198698214,935.787806794883,False,settled
b,blue_ramp,ramp,0.0,0.9,0.0,0.7512373481391581,1081.8892595021987,False,settled
b,blue_ramp,ramp,0.0,0.9,0.0,0.7520250945413696,1081.4443371120378,False,settled
b,blue_ramp,ramp,0.0,0.9,0.0,1.022694234690107,981.0537246028944,False,settled
b,blue_ramp,ramp,0.0,0.9,0.0,1.5825940400999985,819.760775685137,False,settled
b,blue_ramp,ramp,0.0,0.9,0.0,1.1323161231922338,946.6015567938001,False,settled
b,blue_ramp,ramp,0.0,0.9,0.0,0.9156257916936913,1023.752162203571,False,settled
b,blue_ramp,ramp,0.0,0.9,0.0,0.8976000366949876,1025.6381616248434,False,settled
b,blue_ramp,ramp,0.0,0.9,0.0,0.768335935461167,1074.0177253987836,False,settled
b,blue_ramp,ramp,0.0,0.9,0.0,1.135490810288792,944.1868439794998,False,settled
b,blue_ramp,ramp,0.0,0.9,0.0,0.8370524828841256,1048.1113300105226,False,settled
b,blue_ramp,ramp,0.0,0.9,0.0,1.6319592396755578,808.2693431746754,False,settled
b,blue_ramp,ramp,0.0,0.9,0.0,0.8210038767198327,1060.444037192074,False,settled
b,blue_ramp,ramp,0.0,0.9,0.0,1.2341729495388103,912.269789685161,False,settled
b,blue_ramp,ramp,0.0,0.9,0.0,1.1047754359695279,952.0599975693558,False,settled
b,blue_ramp,ramp,0.0,0.9,0.0,1.3144012871552255,888.6580284948772,False,settled
b,blue_ramp,ramp,0.0,0.9,0.0,1.019090331649189,984.0020788366991,False,settled
b,blue_ramp,ramp,0.0,0.9,0.0,0.8217460422111043,1059.8573479110098,False,settled
b,blue_ramp,ramp,0.0,0.9,0.0,1.0039757259638356,984.7300285651486,False,settled
b,blue_ramp,ramp,0.0,0.9,0.0,0.7923198658227344,1072.4815832045674,False,settled
b,blue_ramp,ramp,0.0,0.9,0.0,0.6868548815518886,1118.8772286655121,False,settled
b,blue_ramp,ramp,0.0,0.9,0.0,1.0483891676738617,970.5557128717713,False,settled
b,blue_ramp,ramp,0.0,0.9,0.0,0.8706813697778626,1033.7867822398316,False,settled
b,blue_ramp,ramp,0.0,0.9,0.0,0.9532906842846831,1004.7561414014592,False,settled
b,blue_ramp,ramp,0.0,0.9,0.0,1.4905574155062182,842.6993757159797,False,settled
b,blue_ramp,ramp,0.0,0.9,0.0,0.7117455902000085,1095.975104652868,False,settled
b,blue_ramp,ramp,0.0,0.9,0.0,0.8860993500725924,1034.8130971828457,False,settled
b,blue_ramp,ramp,0.0,0.9,0.0,0.8290747763008495,1054.3505792695578,False,settled
b,blue_ramp,ramp,0.0,0.9,0.0,1.0615924730896447,969.50590096004,False,settled
b,blue_ramp,ramp,0.0,0.9,0.0,1.4435237110797305,851.458967163626,False,settled
b,blue_ramp,ramp,0.0,0.9,0.0,0.7257107611213278,1094.0591182848636,False,settled
b,blue_ramp,ramp,0.0,0.9,0.0,0.9269065501321926,1019.6248615534728,False,settled
b,blue_ramp,ramp,0.0,0.9,0.0,1.5189375755362349,836.4600405359034,False,settled
b,blue_ramp,ramp,0.0,0.9,0.0,1.1990208003523382,921.535407816574,False,settled
b,blue_ramp,ramp,0.0,0.9,0.0,1.3852937077051606,866.3392900340085,False,settled
b,blue_ramp,ramp,0.0,0.9,0.0,1.1726941333486534,928.517897188789,False,settled
b,blue_ramp,ramp,0.0,0.9,0.0,1.353085196849451,876.7050625542988,False,settled
b,blue_ramp,ramp,0.0,0.9,0.0,0.8590187914546565,1035.517919662691,False,settled
b,blue_ramp,ramp,0.0,0.9,0.0,0.8585741092255319,1035.5837593226245,False,settled
b,blue_ramp,ramp,0.0,0.9,0.0,1.0668589624211788,967.3520305379722,False,settled
b,blue_ramp,ramp,0.0,0.9,0.0,1.3985431599001634,863.0459902643234,False,settled
b,blue_ramp,ramp,0.0,0.9,0.0,0.6909800342407559,1114.601693487115,False,settled
b,blue_ramp,ramp,0.0,0.9,0.0,0.7305918163004068,1098.649860313706,False,settled
b,blue_ramp,ramp,0.0,0.9,0.0,1.1701461907342294,930.6997777026523,False,settled
b,blue_ramp,ramp,0.0,0.9,0.0,0.7150858947455,1105.7316623538388,False,settled
b,blue_ramp,ramp,0.0,0.9,0.0,0.8123532320219078,1053.6553238814638,False,settled
b,blue_ramp,ramp,0.0,0.9,0.0,1.5240032974228945,835.5077609469434,False,settled
b,blue_ramp,ramp,0.0,0.9,0.0,1.0408635314506134,976.4116631603277,False,settled
b,blue_ramp,ramp,0.0,0.9,0.0,1.1877414912347168,923.5356360497221,False,settled
b,blue_ramp,ramp,0.0,0.9,0.0,1.1165039367319947,950.9859048257649,False,settled
b,blue_ramp,ramp,0.0,0.9,0.0,0.9637227045462522,996.7482044869316,False,settled
b,blue_ramp,ramp,0.0,0.9,0.0,0.9060566769111172,1019.1042996563596,False,settled
b,blue_ramp,ramp,0.0,0.9,0.0,1.1015617146452858,954.4973878094938,False,settled
b,blue_ramp,ramp,0.0,0.9,0.0,1.0190537346158994,984.0320195932709,False,settled
b,blue_ramp,ramp,0.0,0.9,0.0,1.056297233660337,973.847048834417,False,settled
b,blue_ramp,ramp,0.0,0.9,0.0,1.1180834406218394,949.6515102697889,False,settled
b,blue_ramp,ramp,0.0,0.9,0.0,1.3863188073012211,865.2906961361479,False,settled
b,blue_ramp,ramp,0.0,0.9,0.0,0.9104078770229406,1015.7863704824629,False,settled
b,blue_ramp,ramp,0.0,0.9,0.0,0.7365374055742295,1087.4371515590835,False,settled
b,blue_ramp,ramp,0.0,0.9,0.0,0.8214311849569749,1060.1062570759016,False,settled
b,blue_ramp,ramp,0.0,0.9,0.0,0.9574704214913372,1001.4135983295562,False,settled
b,blue_ramp,ramp,0.0,0.9,0.0,1.4007199453764345,861.342287451713,False,settled
b,blue_ramp,ramp,0.0,0.9,0.0,0.9600512709044219,999.4439447005534,False,settled
b,blue_ramp,ramp,0.0,0.9,0.0,1.2092091158110823,920.4182138199142,False,settled
b,blue_ramp,ramp,0.0,0.9,0.0,0.8957110736532555,1027.142575556745,False,settled
b,blue_ramp,ramp,0.0,0.9,0.0,0.9594835933531255,999.8080291042313,False,settled
b,blue_ramp,ramp,0.0,0.9,0.0,1.268727173505324,902.0788744037183,False,settled
b,blue_ramp,ramp,0.0,0.9,0.0,1.3242312366879976,887.5934736098516,False,settled
b,blue_ramp,ramp,0.0,0.9,0.0,1.1170678448291889,950.5095366254378,False,settled
b,blue_ramp,ramp,0.0,0.9,0.0,1.1334024599285857,945.6881428451998,False,settled
b,blue_ramp,ramp,0.0,0.9,0.0,1.5740389856881567,822.6429557469075,False,settled
b,blue_ramp,ramp,0.0,0.9,0.0,0.8551677547766428,1036.1995292997615,False,settled
b,blue_ramp,ramp,0.0,0.9,0.0,0.9558270552748831,1002.7243428719537,False,settled
b,blue_ramp,ramp,0.0,0.9,0.0,1.1311253363174854,947.602584248153,False,settled
b,blue_ramp,ramp,0.0,0.9,0.0,1.0643411995590908,967.9963771440521,False,settled
b,blue_ramp,ramp,0.0,0.9,0.0,0.8217553451855938,1059.849993262853,False,settled
b,blue_ramp,ramp,0.0,0.9,0.0,1.3119275892500737,889.6996096631414,False,settled
b,blue_ramp,ramp,0.0,0.9,0.0,1.0141689313639584,988.0500898932311,False,settled
b,blue_ramp,ramp,0.0,0.9,0.0,1.0780815370826828,964.4980761252825,False,settled
b,blue_ramp,ramp,0.0,0.9,0.0,0.805211217601301,1056.9756871136672,False,settled
b,blue_ramp,ramp,0.0,0.9,0.0,0.8192389131747128,1061.839822567273,False,settled
b,blue_ramp,ramp,0.0,0.9,0.0,0.8401050755473464,1045.7342632251612,False,settled
b,blue_ramp,ramp,0.0,0.9,0.0,0.7387439636979068,1085.2596785704397,False,settled
b,blue_ramp,ramp,0.0,0.9,0.0,0.918971954963825,1021.116078884845,False,settled
b,blue_ramp,ramp,0.0,0.9,0.0,0.9027663770653849,1021.5522587330659,False,settled
b,blue_ramp,ramp,0.0,0.9,0.0,0.8688107624406171,1034.0585913845703,False,settled
b,blue_ramp,ramp,0.0,0.9,0.0,0.9427241951072631,1013.2708585555824,False,settled
b,blue_ramp,ramp,0.0,0.9,0.0,1.3665706194293143,874.3089630518729,False,settled
b,blue_ramp,ramp,0.0,0.9,0.0,0.9914082958118623,987.3840162331549,False,settled
b,blue_ramp,ramp,0.0,0.9,0.0,1.4312330091963366,855.8392509479118,False,settled
b,blue_ramp,ramp,0.0,0.9,0.0,1.0568173766925082,973.4199519367293,False,settled
b,blue_ramp,ramp,0.0,0.9,0.0,1.0745782019387728,965.3817092814496,False,settled
b,blue_ramp,ramp,0.0,0.9,0.0,1.3165975987235872,887.7337974017712,False,settled
b,blue_ramp,ramp,0.0,0.9,0.0,1.461095977069531,849.2490501294907,False,settled
b,blue_ramp,ramp,0.0,0.9,0.0,0.9610379995747204,998.8533531663916,False,settled
b,blue_ramp,ramp,0.0,0.9,0.0,0.910715930263116,1015.5490741008366,False,settled
b,blue_ramp,ramp,0.0,0.9,0.0,1.5864695397172928,819.7091029950545,False,settled
b,blue_ramp,ramp,0.0,0.9,0.0,1.687819107560131,791.464643495792,False,settled
b,blue_ramp,ramp,0.0,0.9,0.0,1.4130116708510903,861.5155211602064,False,settled
b,blue_ramp,ramp,0.0,0.9,0.0,0.7994543314653447,1057.6936580339802,False,settled
b,blue_ramp,ramp,0.0,0.9,0.0,1.1895080352365295,922.1224815303495,False,settled
b,blue_ramp,ramp,0.0,0.9,0.0,1.3141031864964992,888.7834755617146,False,settled
b,blue_ramp,ramp,0.0,0.9,0.0,0.8201097222778347,1061.1507446911824,False,settled
b,blue_ramp,ramp,0.0,0.9,0.0,0.709269462591865,1102.7750127801116,False,settled
b,blue_ramp,ramp,0.0,0.9,0.0,1.0328029210178997,973.2067920465836,False,settled
b,blue_ramp,ramp,0.0,0.9,0.0,0.787854423820057,1073.8093762921583,False,settled
b,blue_ramp,ramp,0.0,0.9,0.0,0.7779795648113217,1066.883875520099,False,settled
b,blue_ramp,ramp,0.0,0.9,0.0,0.9322517049426353,1018.6203816485327,False,settled
b,blue_ramp,ramp,0.0,0.9,0.0,1.1763811914865507,933.1848700334326,False,settled
b,blue_ramp,ramp,0.0,0.9,0.0,1.2054039201648064,923.7252699699584,False,settled
b,blue_ramp,ramp,0.0,0.9,0.0,1.0335289797653568,972.6309404605344,False,settled
b,blue_ramp,ramp,0.0,0.9,0.0,1.1189249173405562,949.196430505201,False,settled
b,blue_ramp,ramp,0.0,0.9,0.0,1.2860720397852277,899.3051071172499,False,settled
b,blue_ramp,ramp,0.0,0.9,0.0,1.3566712503025256,873.391719609169,False,settled
b,blue_ramp,ramp,0.0,0.9,0.0,1.4934404088027413,843.0744576949512,False,settled
b,blue_ramp,ramp,0.0,0.9,0.0,1.68735945351929,792.1249993414215,False,settled
b,blue_ramp,ramp,0.0,0.9,0.0,0.8560897952240736,1036.0548622434985,False,settled
b,blue_ramp,ramp,0.0,0.9,0.0,1.4345873167532783,852.3429389906972,False,settled
b,blue_ramp,ramp,0.0,0.9,0.0,1.2855160596152027,893.3577304008331,False,settled
b,blue_ramp,ramp,0.0,0.9,0.0,1.200201944794865,920.5902798898638,False,settled
b,blue_ramp,ramp,0.0,0.9,0.0,0.8942380366812774,1028.3156079915263,False,settled
b,blue_ramp,ramp,0.0,0.9,0.0,1.302843256103634,890.1827018354355,False,settled
b,blue_ramp,ramp,0.0,0.9,0.0,1.3798592946802357,866.6550317513947,False,settled
b,blue_ramp,ramp,0.0,0.9,0.0,1.5141904759636164,838.0095985235541,False,settled
b,blue_ramp,ramp,0.0,0.9,0.0,0.8832995947760749,1036.8115055827693,False,settled
b,blue_ramp,ramp,0.0,0.9,0.0,1.2093154581745824,920.325805967962,False,settled
b,blue_ramp,ramp,0.0,0.9,0.0,0.8472863458000961,1040.1792846736062,False,settled
b,blue_ramp,ramp,0.0,0.9,0.0,1.2986855111250781,894.0927591715878,False,settled
b,blue_ramp,ramp,0.0,0.9,0.0,1.3103852409942172,890.3567639334096,False,settled
b,blue_ramp,ramp,0.0,0.9,0.0,1.4433005249897066,851.7141488598488,False,settled
b,blue_ramp,ramp,0.0,0.9,0.0,1.5883836176039479,819.1393941320524,False,settled
b,blue_ramp,ramp,0.0,0.9,0.0,0.8036705997303603,1057.1560142577566,False,settled
b,blue_ramp,ramp,0.0,0.9,0.0,0.9301179905412609,1019.0212776675107,False,settled
b,blue_ramp,ramp,0.0,0.9,0.0,1.4548853929914916,847.4416433193859,False,settled
b,blue_ramp,ramp,0.0,0.9,0.0,0.7856589095949649,1075.0996621681975,False,settled
b,blue_ramp,ramp,0.0,0.9,0.0,1.5891115672266185,819.9029591061382,False,settled
b,blue_ramp,ramp,0.0,0.9,0.0,1.045830023327524,972.3291654216157,False,settled
b,blue_ramp,ramp,0.0,0.9,0.0,1.1325216727166456,946.4287535480429,False,settled
b,blue_ramp,ramp,0.0,0.9,0.0,1.5928540220949425,818.7055504572553,False,settled
b,blue_ramp,ramp,0.0,0.9,0.0,0.7731467593970522,1070.654312092141,False,settled
b,blue_ramp,ramp,0.0,0.9,0.0,0.735626871487705,1086.481675931255,False,settled
b,blue_ramp,ramp,0.0,0.9,0.0,0.8194986051815542,1061.6336783087165,False,settled
b,blue_ramp,ramp,0.0,0.9,0.0,1.424111616997187,854.594933124237,False,settled
b,blue_ramp,ramp,0.0,0.9,0.0,0.9908813539362725,987.5017660491299,False,settled
b,blue_ramp,ramp,0.0,0.9,0.0,1.5276010836987297,834.0250666732823,False,settled
b,blue_ramp,ramp,0.0,0.9,0.0,1.090682608065268,954.5830346908515,False,settled
b,blue_ramp,ramp,0.0,0.9,0.0,1.3430496827699396,880.9529436819719,False,settled
b,blue_ramp,ramp,0.0,0.9,0.0,0.8623112180762517,1035.0992569205237,False,settled
b,blue_ramp,ramp,0.0,0.9,0.0,0.841324283912676,1044.7879976736808,False,settled
b,blue_ramp,ramp,0.0,0.9,0.0,0.9536089802236536,1004.5002737555226,False,settled
b,blue_ramp,ramp,0.0,0.9,0.0,1.0529599046237619,966.9160802006232,False,settled
b,blue_ramp,ramp,0.0,0.9,0.0,0.9194463840986015,1021.0226940968915,False,settled
b,blue_ramp,ramp,0.0,0.9,0.0,1.0723408809997887,965.9496697762843,False,settled
b,blue_ramp,ramp,0.0,0.9,0.0,1.173190730989706,928.08942322082,False,settled
b,blue_ramp,ramp,0.0,0.9,0.0,1.2000816546740272,920.6957241435814,False,settled
b,blue_ramp,ramp,0.0,0.9,0.0,1.0642130225191038,968.0291725274825,False,settled
b,blue_ramp,ramp,0.0,0.9,0.0,0.8874809121009622,1033.704672071949,False,settled
b,blue_ramp,ramp,0.0,0.9,0.0,0.697578199244012,1108.198399513124,False,settled
b,blue_ramp,ramp,0.0,0.9,0.0,1.542899453039982,831.4233900448344,False,settled
b,blue_ramp,ramp,0.0,0.9,0.0,1.375719909303668,870.4119956907884,False,settled
b,blue_ramp,ramp,0.0,0.9,0.0,1.5154785564851458,837.5183043155075,False,settled
b,blue_ramp,ramp,0.0,0.9,0.0,0.7778165676803885,1067.0034438410974,False,settled
b,blue_ramp,ramp,0.0,0.9,0.0,1.0573122305829865,973.0136161605324,False,settled
b,blue_ramp,ramp,0.0,0.9,0.0,0.7717260935777747,1071.6176102569514,False,settled
b,blue_ramp,ramp,0.0,0.9,0.0,1.2832819792703263,895.3835619635381,False,settled
b,blue_ramp,ramp,0.0,0.9,0.0,0.8656122994989234,1034.5236640773724,False,settled
b,blue_ramp,ramp,0.0,0.9,0.0,0.7033363304078558,1104.4196755396063,False,settled
b,blue_ramp,ramp,0.0,0.9,0.0,0.8845830304763559,1036.0295043805463,False,settled
b,blue_ramp,ramp,0.0,0.9,0.0,0.6904307323417029,1115.1385131822192,False,settled
b,blue_ramp,ramp,0.0,0.9,0.0,0.9877488367806593,988.9155164837816,False,settled
b,blue_ramp,ramp,0.0,0.9,0.0,1.19390407414474,926.0302696780161,False,settled
b,blue_ramp,ramp,0.0,0.9,0.0,0.7439964137684657,1089.6963393548092,False,settled
b,blue_ramp,ramp,0.0,0.9,0.0,1.0628251921293561,968.4957585592829,False,settled
b,blue_ramp,ramp,0.0,0.9,0.0,1.5794880981337516,821.4259866074326,False,settled
b,blue_ramp,ramp,0.0,0.9,0.0,0.8030726652605548,1057.230576693071,False,settled
b,blue_ramp,ramp,0.0,0.9,0.0,1.076722976543136,964.8407751403386,False,settled
b,blue_ramp,ramp,0.0,0.9,0.0,0.7353284697356377,1085.5552484319765,False,settled
b,blue_ramp,ramp,0.0,0.9,0.0,0.8870504283170744,1034.0500608514706,False,settled
b,blue_ramp,ramp,0.0,0.9,0.0,1.3624526542170294,873.2761809456321,False,settled
b,blue_ramp,ramp,0.0,0.9,0.0,1.3141690588516182,888.7557550892587,False,settled
b,blue_ramp,ramp,0.0,0.9,0.0,0.9470419941393371,1009.7800289073778,False,settled
b,blue_ramp,ramp,0.0,0.9,0.0,0.7132837028956712,1100.3750877175164,False,settled
b,blue_ramp,ramp,0.0,0.9,0.0,1.1632442283642008,936.434364252127,False,settled
b,blue_ramp,ramp,0.0,0.9,0.0,0.9204288879227539,1020.8421912394533,False,settled
b,blue_ramp,ramp,0.0,0.9,0.0,0.884996308366299,1035.6979826542592,False,settled
b,blue_ramp,ramp,0.0,0.9,0.0,1.5326021396101697,832.8585201046368,False,settled
b,blue_ramp,ramp,0.0,0.9,0.0,1.4474205914478662,851.5333777302767,False,settled
b,blue_ramp,ramp,0.0,0.9,0.0,0.9333409672031804,1018.4157228261364,False,settled
b,blue_ramp,ramp,0.0,0.9,0.0,0.8587796219436304,1035.55331742922,False,settled
b,blue_ramp,ramp,0.0,0.9,0.0,1.149898055256454,937.1356616895874,False,settled
b,blue_ramp,ramp,0.0,0.9,0.0,1.097853612944105,957.6182434607259,False,settled
b,blue_ramp,ramp,0.0,0.9,0.0,1.4604837743745054,845.2148092456204,False,settled
b,blue_ramp,ramp,0.0,0.9,0.0,1.067591674672923,967.1645913960098,False,settled
b,blue_ramp,ramp,0.0,0.9,0.0,0.7155820920419776,1107.1388461624701,False,settled
b,blue_ramp,ramp,0.0,0.9,0.0,1.173619207004629,927.7238039538773,False,settled
b,blue_ramp,ramp,0.0,0.9,0.0,1.1197111586734827,948.5315524878506,False,settled
b,blue_ramp,ramp,0.0,0.9,0.0,1.0230608374251933,980.7538841930852,False,settled
b,blue_ramp,ramp,0.0,0.9,0.0,0.8756967938890188,1030.4249432814343,False,settled
b,blue_ramp,ramp,0.0,0.9,0.0,0.9608863422239877,998.9743748858522,False,settled
b,blue_ramp,ramp,0.0,0.9,0.0,0.9156913885136385,1023.7001522097922,False,settled
b,blue_ramp,ramp,0.0,0.9,0.0,1.033599276671943,972.4967851435099,False,settled
b,blue_ramp,ramp,0.0,0.9,0.0,0.8320405315711736,1052.0310619679262,False,settled
b,blue_ramp,ramp,0.0,0.9,0.0,1.2428202699461548,911.8821786109231,False,settled
b,blue_ramp,ramp,0.0,0.9,0.0,1.2897462462661184,895.9225383607494,False,settled
b,blue_ramp,ramp,0.0,0.9,0.0,0.8135819378172072,1052.7091310848937,False,settled
b,blue_ramp,ramp,0.0,0.9,0.0,0.8877298703222029,1033.5049211222963,False,settled
b,blue_ramp,ramp,0.0,0.9,0.0,0.9025932714567615,1021.6890753115714,False,settled
b,blue_ramp,ramp,0.0,0.9,0.0,0.7667930596967497,1075.0282783544444,False,settled
b,blue_ramp,ramp,0.0,0.9,0.0,0.7744494009370629,1069.6580671249776,False,settled
b,blue_ramp,ramp,0.0,0.9,0.0,0.7391402979763732,1084.9659306241026,False,settled
b,blue_ramp,ramp,0.0,0.9,0.0,1.537887416129391,831.9408599441701,False,settled
b,blue_ramp,ramp,0.0,0.9,0.0,1.2765981094618615,901.5336690956824,False,settled
b,blue_ramp,ramp,0.0,0.9,0.0,1.2339700942119793,912.340744724328,False,settled
b,blue_ramp,ramp,0.0,0.9,0.0,0.7004399155653664,1101.9764392117606,False,settled
b,blue_ramp,ramp,0.0,0.9,0.0,0.8654989361193515,1034.5401481765005,False,settled
b,blue_ramp,ramp,0.0,0.9,0.0,0.791279476028033,1072.6186213131891,False,settled
b,blue_ramp,ramp,0.0,0.9,0.0,1.4457803616182519,848.9012188432408,False,settled
b,blue_ramp,ramp,0.0,0.9,0.0,1.05606991856078,974.0336991136635,False,settled
b,blue_ramp,ramp,0.0,0.9,0.0,1.3719908535484915,869.058219978562,False,settled
b,blue_ramp,ramp,0.0,0.9,0.0,0.7727787792351232,1070.9339514670382,False,settled
b,blue_ramp,ramp,0.0,0.9,0.0,1.2818348083238342,896.6456548470588,False,settled
b,blue_ramp,ramp,0.0,0.9,0.0,1.2584255518563507,904.6694087393753,False,settled
b,blue_ramp,ramp,0.0,0.9,0.0,0.8479010051107723,1039.7067621850836,False,settled
b,blue_ramp,ramp,0.0,0.9,0.0,1.1182591017764076,949.5030585200416,False,settled
b,blue_ramp,ramp,0.0,0.9,0.0,1.4964657248139077,841.0145091050654,False,settled
b,blue_ramp,ramp,0.0,0.9,0.0,0.9064305413479682,1018.8144452474454,False,settled
b,blue_ramp,ramp,0.0,0.9,0.0,1.1198610516375982,948.4046056220782,False,settled
b,blue_ramp,ramp,0.0,0.9,0.0,1.500065056371496,840.9528978731455,False,settled
b,blue_ramp,ramp,0.0,0.9,0.0,1.365263472754735,875.6461467905041,False,settled
b,blue_ramp,ramp,0.0,0.9,0.0,1.4187734396576568,860.1032248270243,False,settled
b,blue_ramp,ramp,0.0,0.9,0.0,0.965911090099936,1005.995903958427,False,settled
b,blue_ramp,ramp,0.0,0.9,0.0,1.664974269323122,800.9801577555106,False,settled
b,blue_ramp,ramp,0.0,0.9,0.0,0.8951865988198028,1027.5602468399818,False,settled
b,blue_ramp,ramp,0.0,0.9,0.0,1.2876231527204942,897.839014075044,False,settled
b,blue_ramp,ramp,0.0,0.9,0.0,0.7792270813860674,1066.0264908643455,False,settled
b,blue_ramp,ramp,0.0,0.9,0.0,1.2444905174490548,910.3551471674018,False,settled
b,blue_ramp,ramp,0.0,0.9,0.0,1.107010113887481,950.2781265277267,False,settled
b,blue_ramp,ramp,0.0,0.9,0.0,1.509333776113779,838.562837803193,False,settled
b,blue_ramp,ramp,0.0,0.9,0.0,1.5497655421007734,828.8876574338601,False,settled
b,blue_ramp,ramp,0.0,0.9,0.0,1.2684007458781168,902.3814505240083,False,settled
b,blue_ramp,ramp,0.0,0.9,0.0,1.6851984093285217,793.9323724376798,False,settled
b,blue_ramp,ramp,0.0,0.9,0.0,1.2950208049655887,891.0814276907843,False,settled
b,blue_ramp,ramp,0.0,0.9,0.0,0.9027688215831796,1021.5503266623429,False,settled
b,blue_ramp,ramp,0.0,0.9,0.0,0.7268574862566864,1095.0430562523777,False,settled
b,blue_ramp,ramp,0.0,0.9,0.0,1.3009354050493136,891.9764500457762,False,settled
b,blue_ramp,ramp,0.0,0.9,0.0,0.9514046228179273,1006.2722708816539,False,settled
b,blue_ramp,ramp,0.0,0.9,0.0,1.4303981532147907,856.7782250892957,False,settled
b,blue_ramp,ramp,0.0,0.9,0.0,0.9157277328960626,1023.671335811354,False,settled
b,blue_ramp,ramp,0.0,0.9,0.0,1.09174696863219,953.7024182313646,False,settled
b,blue_ramp,ramp,0.0,0.9,0.0,1.0454934302731882,972.6048497749821,False,settled
b,blue_ramp,ramp,0.0,0.9,0.0,1.2528748910138603,902.8740495055197,False,settled
b,blue_ramp,ramp,0.0,0.9,0.0,1.0874221983938235,957.2770531148078,False,settled
b,blue_ramp,ramp,0.0,0.9,0.0,1.6684168178319492,799.5636708878902,False,settled
b,blue_ramp,ramp,0.0,0.9,0.0,1.090876738226327,954.4217065535172,False,settled
b,blue_ramp,ramp,0.0,0.9,0.0,1.0471253412377812,971.2716207016537,False,settled
b,blue_ramp,ramp,0.0,0.9,0.0,1.0111752654802233,980.3194557680876,False,settled
b,blue_ramp,ramp,0.0,0.9,0.0,0.9463155486131208,1010.364132513371,False,settled
b,blue_ramp,ramp,0.0,0.9,0.0,1.0179442994611105,984.9396526386921,False,settled
b,blue_ramp,ramp,0.0,0.9,0.0,0.8558636068981302,1036.0884898432519,False,settled
b,blue_ramp,ramp,0.0,0.9,0.0,1.1821604885349382,928.3731419207891,False,settled
b,blue_ramp,ramp,0.0,0.9,0.0,0.8485989515902582,1039.1750270406865,False,settled
b,blue_ramp,ramp,0.0,0.9,0.0,1.1342756565232264,944.9542218187285,False,settled
b,blue_ramp,ramp,0.0,0.9,0.0,1.4154405708269722,859.1099148010286,False,settled
b,blue_ramp,ramp,0.0,0.9,0.0,0.6994817701448737,1110.6588203183892,False,settled
b,blue_ramp,ramp,0.0,0.9,0.0,1.5645444540762818,825.0546709069063,False,settled
b,blue_ramp,ramp,0.0,0.9,0.0,1.412828966027887,861.7153213665122,False,settled
b,blue_ramp,ramp,0.0,0.9,0.0,1.2249494245780326,915.4980458241007,False,settled
b,blue_ramp,ramp,0.0,0.9,0.0,0.7293155134557191,1094.7746559213103,False,settled
b,blue_ramp,ramp,0.0,0.9,0.0,1.2531655581728705,909.5123269512831,False,settled
b,blue_ramp,ramp,0.0,0.9,0.0,1.5889152655605119,820.2864351373987,False,settled
b,blue_ramp,ramp,0.0,0.9,0.0,1.2330276440409562,912.6705415643618,False,settled
b,blue_ramp,ramp,0.0,0.9,0.0,0.796281443966302,1071.959057170126,False,settled
b,blue_ramp,ramp,0.0,0.9,0.0,0.7661536567614265,1075.4157069169312,False,settled
b,blue_ramp,ramp,0.0,0.9,0.0,0.7024778759035897,1100.7175986280602,False,settled
b,blue_ramp,ramp,0.0,0.9,0.0,1.3053220871624651,888.2338728749684,False,settled
b,blue_ramp,ramp,0.0,0.9,0.0,1.3245322585701598,887.2971804932162,False,settled
b,blue_ramp,ramp,0.0,0.9,0.0,0.897107014142298,1026.0308336869223,False,settled
b,blue_ramp,ramp,0.0,0.9,0.0,1.402835022446406,860.3444688079576,False,settled
b,blue_ramp,ramp,0.0,0.9,0.0,1.3159718265465352,887.9970356508388,False,settled
b,blue_ramp,ramp,0.0,0.9,0.0,1.567787900064834,825.0111088421068,False,settled
b,blue_ramp,ramp,0.0,0.9,0.0,0.9935523274917092,986.8367707597033,False,settled
b,blue_ramp,ramp,0.0,0.9,0.0,0.8681241892894974,1034.1584346034272,False,settled
b,blue_ramp,ramp,0.0,0.9,0.0,1.028897809984747,976.353064821839,False,settled
b,blue_ramp,ramp,0.0,0.9,0.0,0.9608561897899743,998.9984363381687,False,settled
b,blue_ramp,ramp,0.0,0.9,0.0,1.2767277561701493,901.4126518518493,False,settled
b,blue_ramp,ramp,0.0,0.9,0.0,1.3273680015425255,884.5226751856811,False,settled
b,blue_ramp,ramp,0.0,0.9,0.0,0.7485281076761164,1087.6028190873983,False,settled
b,blue_ramp,ramp,0.0,0.9,0.0,0.7998415441580536,1057.7152290557115,False,settled
b,blue_ramp,ramp,0.0,0.9,0.0,1.0177562391575212,985.0935036686992,False,settled
b,blue_ramp,ramp,0.0,0.9,0.0,1.2726013685130235,898.5853741989589,False,settled
b,blue_ramp,ramp,0.0,0.9,0.0,1.3957814410846117,865.6046978789063,False,settled
b,blue_ramp,ramp,0.0,0.9,0.0,0.8121151513878605,1053.835601538339,False,settled
b,blue_ramp,ramp,0.0,0.9,0.0,1.115092834659232,952.1806004064995,False,settled
b,blue_ramp,ramp,0.0,0.9,0.0,0.8263419124323683,1056.4833764551943,False,settled
b,blue_ramp,ramp,0.0,0.9,0.0,1.1696594748854674,931.1199965018387,False,settled
b,blue_ramp,ramp,0.0,0.9,0.0,0.9372017665037188,1006.2359995315568,False,settled
b,blue_ramp,ramp,0.0,0.9,0.0,0.9158628563888065,1023.5642010121558,False,settled
b,blue_ramp,ramp,0.0,0.9,0.0,1.2717149098558769,899.3113464529512,False,settled
b,blue_ramp,ramp,0.0,0.9,0.0,0.8453886828323818,1041.7249863428608,False,settled
b,blue_ramp,ramp,0.0,0.9,0.0,1.35706506990088,873.1036043079032,False,settled
b,blue_ramp,ramp,0.0,0.9,0.0,0.8877179626223002,1033.5144753165946,False,settled
b,blue_ramp,ramp,0.0,0.9,0.0,1.3470826517977512,877.2913149304947,False,settled
b,blue_ramp,ramp,0.0,0.9,0.0,1.163335513493066,936.3550128086788,False,settled
b,blue_ramp,ramp,0.0,0.9,0.0,1.0731842151221658,965.733937317562,False,settled
b,blue_ramp,ramp,0.0,0.9,0.0,1.6604254581901954,801.5913914031756,False,settled
b,blue_ramp,ramp,0.0,0.9,0.0,1.0991907302048864,956.4890323526713,False,settled
b,blue_ramp,ramp,0.0,0.9,0.0,1.631735173416313,808.1492146455731,False,settled
b,blue_ramp,ramp,0.0,0.9,0.0,0.7255742104977546,1093.8455195029371,False,settled
b,blue_ramp,ramp,0.0,0.9,0.0,0.9052873778743107,1019.6101602651371,False,settled
b,blue_ramp,ramp,0.0,0.9,0.0,1.2445755016785747,910.2774614037093,False,settled
b,blue_ramp,ramp,0.0,0.9,0.0,0.8470202891261858,1040.3856469217721,False,settled
b,blue_ramp,ramp,0.0,0.9,0.0,0.8555355889491058,1036.1373560962768,False,settled
b,blue_ramp,ramp,0.0,0.9,0.0,0.7835589665111474,1076.7551453015212,False,settled
b,blue_ramp,ramp,0.0,0.9,0.0,1.039242982229851,977.7493821153505,False,settled
b,blue_ramp,ramp,0.0,0.9,0.0,1.1351289913643348,944.491311396848,False,settled
b,blue_ramp,ramp,0.0,0.9,0.0,1.1623244467960292,937.2338980250289,False,settled
b,blue_ramp,ramp,0.0,0.9,0.0,1.464526381285574,844.8558532462855,False,settled
b,blue_ramp,ramp,0.0,0.9,0.0,0.8495732028074455,1038.5227332132336,False,settled
b,blue_ramp,ramp,0.0,0.9,0.0,1.0765785006516249,964.8772155125791,False,settled
b,blue_ramp,ramp,0.0,0.9,0.0,0.7543141080301159,1077.9690499484323,False,settled
b,blue_ramp,ramp,0.0,0.9,0.0,0.8921429238966647,1029.9841208235823,False,settled
b,blue_ramp,ramp,0.0,0.9,0.0,1.1512545902355686,936.7375667359239,False,settled
b,blue_ramp,ramp,0.0,0.9,0.0,1.477951989199035,846.1070307912498,False,settled
b,blue_ramp,ramp,0.0,0.9,0.0,1.1998412181155622,920.8161419365576,False,settled
b,blue_ramp,ramp,0.0,0.9,0.0,0.9704761857484453,1002.2890607143298,False,settled
b,blue_ramp,ramp,0.0,0.9,0.0,0.835168946941286,1049.5843131480249,False,settled
b,blue_ramp,ramp,0.0,0.9,0.0,0.9662605681864413,1005.7121087239984,False,settled
b,blue_ramp,ramp,0.0,0.9,0.0,0.8883391928474095,1033.0160174928828,False,settled
b,blue_ramp,ramp,0.0,0.9,0.0,0.7381215103617188,1088.986617686696,False,settled
b,blue_ramp,ramp,0.0,0.9,0.0,1.3563634789580208,873.6957192634374,False,settled
b,blue_ramp,ramp,0.0,0.9,0.0,1.3045324993544538,888.6134998339834,False,settled
b,blue_ramp,ramp,0.0,0.9,0.0,0.9450377444866704,1011.3959665545127,False,settled
b,blue_ramp,ramp,0.0,0.9,0.0,0.9288297304999246,1019.2633227524473,False,settled
b,blue_ramp,ramp,0.0,0.9,0.0,0.8360456085547824,1048.898740975074,False,settled
b,blue_ramp,ramp,0.0,0.9,0.0,1.0442468095690893,973.6256553523702,False,settled
b,blue_ramp,ramp,0.0,0.9,0.0,1.4209748203330133,857.9270569904502,False,settled
b,blue_ramp,ramp,0.0,0.9,0.0,1.4739062414369393,846.7970244824315,False,settled
b,blue_ramp,ramp,0.0,0.9,0.0,1.0978407420599188,957.6291129945266,False,settled
b,blue_ramp,ramp,0.0,0.9,0.0,1.1337413947085555,945.4032700354783,False,settled
b,blue_ramp,ramp,0.0,0.9,0.0,0.8693562589070783,1033.9792591996493,False,settled
b,blue_ramp,ramp,0.0,0.9,0.0,1.3708549450578862,870.2032690748571,False,settled
b,blue_ramp,ramp,0.0,0.9,0.0,1.3261663391964151,885.6955695946963,False,settled
b,blue_ramp,ramp,0.0,0.9,0.0,1.1288636081529084,941.081964095491,False,settled
b,blue_ramp,ramp,0.0,0.9,0.0,1.0985887541542743,956.9974101226023,False,settled
b,blue_ramp,ramp,0.0,0.9,0.0,1.0688001628013568,966.8554414064018,False,settled
b,blue_ramp,ramp,0.0,0.9,0.0,0.7292917888776936,1094.8633661763386,False,settled
b,blue_ramp,ramp,0.0,0.9,0.0,0.9439336342469072,1012.2907378726857,False,settled
b,blue_ramp,ramp,0.0,0.9,0.0,0.8551801108373969,1036.1976962030012,False,settled
b,blue_ramp,ramp,0.0,0.9,0.0,1.4025949721783737,860.4635339022473,False,settled
b,blue_ramp,ramp,0.0,0.9,0.0,0.7021003993257652,1113.9099407997064,False,settled
b,blue_ramp,ramp,0.0,0.9,0.0,1.1940257181759821,925.9227337278139,False,settled
b,blue_ramp,ramp,0.0,0.9,0.0,0.9733848350035721,999.9281438484691,False,settled
b,blue_ramp,ramp,0.0,0.9,0.0,1.2121405110453027,917.8652122540377,False,settled
b,blue_ramp,ramp,0.0,0.9,0.0,0.6897018235973335,1108.945420684588,False,settled
b,blue_ramp,ramp,0.0,0.9,0.0,0.9963580391854121,986.2461824776705,False,settled
b,blue_ramp,ramp,0.0,0.9,0.0,0.7815308540441849,1078.353231614481,False,settled
b,blue_ramp,ramp,0.0,0.9,0.0,1.108568322617783,948.898463450096,False,settled
b,blue_ramp,ramp,0.0,0.9,0.0,0.899467950045632,1024.1594045392835,False,settled
b,blue_ramp,ramp,0.0,0.9,0.0,0.8307741024909295,1053.021816188888,False,settled
b,blue_ramp,ramp,0.0,0.9,0.0,1.5160575348331116,836.7577096589168,False,settled
b,blue_ramp,ramp,0.0,0.9,0.0,1.1039114221036361,952.7846354230182,False,settled
b,blue_ramp,ramp,0.0,0.9,0.0,0.7272692922561759,1095.710783641499,False,settled
b,blue_ramp,ramp,0.0,0.9,0.0,1.2644902275365129,906.0071673661047,False,settled
b,blue_ramp,ramp,0.0,0.9,0.0,1.2478129731012142,907.3244050530361,False,settled
b,blue_ramp,ramp,0.0,0.9,0.0,0.9765826157722831,997.4267948834992,False,settled
b,blue_ramp,ramp,0.0,0.9,0.0,1.3516480077006932,878.1458017860982,False,settled
b,blue_ramp,ramp,0.0,0.9,0.0,1.2744466799461878,896.828898978102,False,settled
b,blue_ramp,ramp,0.0,0.9,0.0,1.63573705752737,807.792708476056,False,settled
b,blue_ramp,ramp,0.0,0.9,0.0,1.170556695518011,930.3455054120535,False,settled
b,blue_ramp,ramp,0.0,0.9,0.0,1.2250399996700552,915.4663310036932,False,settled
b,blue_ramp,ramp,0.0,0.9,0.0,0.697811527984758,1111.7338391571013,False,settled
b,blue_ramp,ramp,0.0,0.9,0.0,1.0442686471962563,973.6077741205656,False,settled
b,blue_ramp,ramp,0.0,0.9,0.0,0.8688941799796083,1034.0464603507983,False,settled
b,blue_ramp,ramp,0.0,0.9,0.0,0.7936946745727759,1072.3000485362152,False,settled
b,blue_ramp,ramp,0.0,0.9,0.0,0.7824536797552204,1077.62606212526,False,settled
b,blue_ramp,ramp,0.0,0.9,0.0,1.0665148706634136,967.4400545995512,False,settled
b,blue_ramp,ramp,0.0,0.9,0.0,0.962181127161075,997.9446902863688,False,settled
b,blue_ramp,ramp,0.0,0.9,0.0,0.8024262222406452,1057.3067993904951,False,settled
b,blue_ramp,ramp,0.0,0.9,0.0,1.1467347286181344,938.0639870409699,False,settled
b,blue_ramp,ramp,0.0,0.9,0.0,1.5162589518985223,836.6954385192344,False,settled
b,blue_ramp,ramp,0.0,0.9,0.0,1.6430624457799936,805.9772041688917,False,settled
b,blue_ramp,ramp,0.0,0.9,0.0,1.287253079580433,898.1883444821051,False,settled
b,blue_ramp,ramp,0.0,0.9,0.0,0.7070331904939463,1108.766656242298,False,settled
b,blue_ramp,ramp,0.0,0.9,0.0,1.1177360184172282,949.9450611268776,False,settled
b,blue_ramp,ramp,0.0,0.9,0.0,1.3452061793063155,878.8042178386365,False,settled
b,blue_ramp,ramp,0.0,0.9,0.0,1.1024801170593996,953.9849102503348,False,settled
b,blue_ramp,ramp,0.0,0.9,0.0,1.346396977360485,877.6177762053577,False,settled
b,blue_ramp,ramp,0.0,0.9,0.0,1.4571898356230353,849.0764595184106,False,settled
b,blue_ramp,ramp,0.0,0.9,0.0,1.218046187601616,920.2403579974182,False,settled
b,blue_ramp,ramp,0.0,0.9,0.0,1.037186952351054,979.4470775105991,False,settled
b,blue_ramp,ramp,0.0,0.9,0.0,1.5619083066427601,826.1003019714548,False,settled
b,blue_ramp,ramp,0.0,0.9,0.0,0.9710217470659473,1001.8461601640042,False,settled
b,blue_ramp,ramp,0.0,0.9,0.0,1.3515863210614971,878.2076416247538,False,settled
b,blue_ramp,ramp,0.0,0.9,0.0,0.9169240632984469,1022.7228431514433,False,settled
b,blue_ramp,ramp,0.0,0.9,0.0,1.4031490091144971,860.1867113507495,False,settled
b,blue_ramp,ramp,0.0,0.9,0.0,0.7018851977022541,1112.5126448233345,False,settled
b,blue_ramp,ramp,0.0,0.9,0.0,1.4702062111469507,848.4632474872891,False,settled
b,blue_ramp,ramp,0.0,0.9,0.0,1.0517746613767245,967.8547533041753,False,settled
b,blue_ramp,ramp,0.0,0.9,0.0,1.112767375679736,954.1612402552405,False,settled
b,blue_ramp,ramp,0.0,0.9,0.0,0.9806503537390718,994.2161722636354,False,settled
b,blue_ramp,ramp,0.0,0.9,0.0,1.1994218194351225,921.1837250863057,False,settled
b,blue_ramp,ramp,0.0,0.9,0.0,0.7353947700012112,1085.8909330059523,False,settled
b,blue_ramp,ramp,0.0,0.9,0.0,1.3629522027913885,872.7715297706222,False,settled
b,blue_ramp,ramp,0.0,0.9,0.0,0.8417650044412202,1044.445931454327,False,settled
b,blue_ramp,ramp,0.0,0.9,0.0,0.8758247718967507,1030.3242224346343,False,settled
b,blue_ramp,ramp,0.0,0.9,0.0,1.5925166932659893,819.3776418414817,False,settled
b,blue_ramp,ramp,0.0,0.9,0.0,1.188861520983214,922.5712896597345,False,settled
b,blue_ramp,ramp,0.0,0.9,0.0,0.7311427874568149,1099.345878777645,False,settled
b,blue_ramp,ramp,0.0,0.9,0.0,1.0348136802252086,981.4067192848083,False,settled
b,blue_ramp,ramp,0.0,0.9,0.0,0.8806216459507127,1026.6090340131282,False,settled
b,blue_ramp,ramp,0.0,0.9,0.0,0.8529576174098343,1049.3471821512428,False,settled
b,blue_ramp,ramp,0.0,0.9,0.0,0.730254192024993,1098.2207895802687,False,settled
b,blue_ramp,ramp,0.0,0.9,0.0,0.7175086011536336,1094.969682655053,False,settled
b,blue_ramp,ramp,0.0,0.9,0.0,0.8619713369958711,1035.1495815797489,False,settled
b,blue_ramp,ramp,0.0,0.9,0.0,1.338544216699747,879.5382089296116,False,settled
b,blue_ramp,ramp,0.0,0.9,0.0,1.2142727763736376,916.094435672926,False,settled
b,blue_ramp,ramp,0.0,0.9,0.0,1.2533602066463814,909.3330960641492,False,settled
b,blue_ramp,ramp,0.0,0.9,0.0,1.3851783760670007,866.5326249124339,False,settled
b,blue_ramp,ramp,0.0,0.9,0.0,1.2204919777856513,918.0602510048316,False,settled
b,blue_ramp,ramp,0.0,0.9,0.0,1.2015137147460313,919.3677829258178,False,settled
b,blue_ramp,ramp,0.0,0.9,0.0,1.2534153681304685,909.2823037167992,False,settled
b,blue_ramp,ramp,0.0,0.9,0.0,0.7030596357384081,1104.3404848186287,False,settled
b,blue_ramp,ramp,0.0,0.9,0.0,1.112061737239036,954.7622365329155,False,settled
b,blue_ramp,ramp,0.0,0.9,0.0,1.5178736564026003,836.685929243632,False,settled
b,blue_ramp,ramp,0.0,0.9,0.0,1.4938678275499808,842.5097489330005,False,settled
b,blue_ramp,ramp,0.0,0.9,0.0,1.2449917892303441,909.8969224354425,False,settled
b,blue_ramp,ramp,0.0,0.9,0.0,0.8461949522635769,1041.025875415593,False,settled
b,blue_ramp,ramp,0.0,0.9,0.0,0.711211196104457,1108.6709422505705,False,settled
b,blue_ramp,ramp,0.0,0.9,0.0,0.9524529694962782,1005.4295496855445,False,settled
b,blue_ramp,ramp,0.0,0.9,0.0,1.3528807422657445,876.9099801129684,False,settled
b,blue_ramp,ramp,0.0,0.9,0.0,0.7988790808563327,1057.7701895984646,False,settled
b,blue_ramp,ramp,0.0,0.9,0.0,0.7268610455261045,1095.0510205264352,False,settled
b,blue_ramp,ramp,0.0,0.9,0.0,1.1010698096349267,954.9093997404672,False,settled
b,blue_ramp,ramp,0.0,0.9,0.0,1.3812367204744063,870.2326378198138,False,settled
b,blue_ramp,ramp,0.0,0.9,0.0,0.9187554511644972,1021.2729644730465,False,settled
b,blue_ramp,ramp,0.0,0.9,0.0,0.9144626984640882,1024.6743891946517,False,settled
b,blue_ramp,ramp,0.0,0.9,0.0,0.8855795937809562,1035.2300669526066,False,settled
b,blue_ramp,ramp,0.0,0.9,0.0,0.740957089976365,1087.2074954824666,False,settled
b,blue_ramp,ramp,0.0,0.9,0.0,0.7692685273447399,1073.3584663000236,False,settled
b,blue_ramp,ramp,0.0,0.9,0.0,1.651261136676029,803.9991566335144,False,settled
b,blue_ramp,ramp,0.0,0.9,0.0,0.8342719562046278,1050.2857739197502,False,settled
b,blue_ramp,ramp,0.0,0.9,0.0,1.4764018724327381,848.065138118409,False,settled
b,blue_ramp,ramp,0.0,0.9,0.0,1.3499735895813438,879.826061370308,False,settled
b,blue_ramp,ramp,0.0,0.9,0.0,0.8496454672156759,1038.467153544057,False,settled
b,blue_ramp,ramp,0.0,0.9,0.0,1.1956672262643906,924.4753770933013,False,settled
b,blue_ramp,ramp,0.0,0.9,0.0,1.0985630444010763,957.0191223211585,False,settled
b,blue_ramp,ramp,0.0,0.9,0.0,1.5871514109855143,820.5823007211183,False,settled
b,blue_ramp,ramp,0.0,0.9,0.0,0.688882295776805,1117.6799329987223,False,settled
b,blue_ramp,ramp,0.0,0.9,0.0,0.7742519511303697,1069.8093284282977,False,settled
b,blue_ramp,ramp,0.0,0.9,0.0,0.978904728373017,995.5957985909112,False,settled
b,blue_ramp,ramp,0.0,0.9,0.0,1.0507065984071038,968.7861218816134,False,settled
b,blue_ramp,ramp,0.0,0.9,0.0,1.3059027843341666,887.7004067482187,False,settled
b,blue_ramp,ramp,0.0,0.9,0.0,0.9497428592690367,1007.6083290152021,False,settled
b,blue_ramp,ramp,0.0,0.9,0.0,0.8481889485926781,1039.485072090831,False,settled
b,blue_ramp,ramp,0.0,0.9,0.0,1.6225228883068312,811.7498420420293,False,settled
b,blue_ramp,ramp,0.0,0.9,0.0,1.0734261969931225,965.6722490315054,False,settled
b,blue_ramp,ramp,0.0,0.9,0.0,1.6701599122605135,799.2341901410505,False,settled
b,blue_ramp,ramp,0.0,0.9,0.0,1.0920804534049573,953.4303998431534,False,settled
b,blue_ramp,ramp,0.0,0.9,0.0,1.1971712986355925,923.1567767834439,False,settled
b,blue_ramp,ramp,0.0,0.9,0.0,0.951713128602423,1006.0242769712594,False,settled
b,blue_ramp,ramp,0.0,0.9,0.0,1.4379399659298169,853.2076438151148,False,settled
b,blue_ramp,ramp,0.0,0.9,0.0,0.9628246125856238,997.5297030782118,False,settled
b,blue_ramp,ramp,0.0,0.9,0.0,0.6959079149071637,1107.553533015481,False,settled
b,blue_ramp,ramp,0.0,0.9,0.0,1.3761508905932414,869.970234134819,False,settled
b,blue_ramp,ramp,0.0,0.9,0.0,0.9113454620137971,1015.0069755686812,False,settled
b,blue_ramp,ramp,0.0,0.9,0.0,0.8082253848925591,1056.7026366132418,False,settled
b,blue_ramp,ramp,0.0,0.9,0.0,0.8335941784094651,1050.8160198585238,False,settled
b,blue_ramp,ramp,0.0,0.9,0.0,0.9957118239599336,986.3810869088925,False,settled
b,blue_ramp,ramp,0.0,0.9,0.0,1.2124094154036913,917.6305592469037,False,settled
b,blue_ramp,ramp,0.0,0.9,0.0,0.8556324643363804,1036.1229177615473,False,settled
b,blue_ramp,ramp,0.0,0.9,0.0,0.7797474758636201,1065.560079252247,False,settled
b,blue_ramp,ramp,0.0,0.9,0.0,0.7951939207576679,1072.1024712221242,False,settled
b,blue_ramp,ramp,0.0,0.9,0.0,0.6916062484892227,1113.7148853243225,False,settled
b,blue_ramp,ramp,0.0,0.9,0.0,0.7390136600130237,1085.1689490115086,False,settled
b,blue_ramp,ramp,0.0,0.9,0.0,1.5927565174766374,818.8997637899975,False,settled
b,blue_ramp,ramp,0.0,0.9,0.0,1.2624099917615685,901.0433224267586,False,settled
b,blue_ramp,ramp,0.0,0.9,0.0,1.406560039407588,863.0579375931384,False,settled
b,blue_ramp,ramp,0.0,0.9,0.0,1.112052905484884,954.769758558219,False,settled
b,blue_ramp,ramp,0.0,0.9,0.0,1.1000592831658844,955.7558274379153,False,settled
b,blue_ramp,ramp,0.0,0.9,0.0,0.9190928238441662,1021.093357051762,False,settled
b,blue_ramp,ramp,0.0,0.9,0.0,0.7793028172043721,1065.9684867302835,False,settled
b,blue_ramp,ramp,0.0,0.9,0.0,1.0604655353824815,970.4267910372691,False,settled
b,blue_ramp,ramp,0.0,0.9,0.0,0.7984363917838289,1071.6752342877642,False,settled
b,blue_ramp,ramp,0.0,0.9,0.0,0.9083053914216106,1017.2959065368653,False,settled
b,blue_ramp,ramp,0.0,0.9,0.0,1.587908916459441,819.1172227648728,False,settled
b,blue_ramp,ramp,0.0,0.9,0.0,1.3456554170446429,878.3566282379415,False,settled
b,blue_ramp,ramp,0.0,0.9,0.0,1.4212376933387059,857.6374007660158,False,settled
b,blue_ramp,ramp,0.0,0.9,0.0,1.0219565057459594,981.6573064016806,False,settled
b,blue_ramp,ramp,0.0,0.9,0.0,1.6818215744583358,795.3189763568787,False,settled
b,blue_ramp,ramp,0.0,0.9,0.0,1.0875128123679787,957.2017286743778,False,settled
b,blue_ramp,ramp,0.0,0.9,0.0,1.5995581313056912,816.5573588292464,False,settled
b,blue_ramp,ramp,0.0,0.9,0.0,1.1054557186560638,951.4896301365786,False,settled
b,blue_ramp,ramp,0.0,0.9,0.0,1.5588164376994031,826.7612949437357,False,settled
b,blue_ramp,ramp,0.0,0.9,0.0,1.447379493333338,851.5809734337738,False,settled
b,blue_ramp,ramp,0.0,0.9,0.0,1.5856457483259667,820.327441389557,False,settled
b,blue_ramp,ramp,0.0,0.9,0.0,0.8542191982125761,1036.2747195143777,False,settled
b,blue_ramp,ramp,0.0,0.9,0.0,1.1148073601264292,952.423747409177,False,settled
b,blue_ramp,ramp,0.0,0.9,0.0,1.0608522050531801,970.111853138219,False,settled
b,blue_ramp,ramp,0.0,0.9,0.0,1.5149954671678154,836.8873303866924,False,settled
b,blue_ramp,ramp,0.0,0.9,0.0,1.3431433858121944,880.85958178728,False,settled
b,blue_ramp,ramp,0.0,0.9,0.0,0.949247658732583,1008.0064291666414,False,settled
b,blue_ramp,ramp,0.0,0.9,0.0,1.1449130924882696,938.5985734568762,False,settled
b,blue_ramp,ramp,0.0,0.9,0.0,0.7736542997410751,1070.2670659951887,False,settled
b,blue_ramp,ramp,0.0,0.9,0.0,1.485472847038951,845.0810157026464,False,settled
b,blue_ramp,ramp,0.0,0.9,0.0,0.7941888248343909,1072.2348955298528,False,settled
b,blue_ramp,ramp,0.0,0.9,0.0,1.6147729829124629,813.5272981397391,False,settled
b,blue_ramp,ramp,0.0,0.9,0.0,0.9464482890633842,1010.2574018840227,False,settled
b,blue_ramp,ramp,0.0,0.9,0.0,1.25482274388644,907.9863030175217,False,settled
b,blue_ramp,ramp,0.0,0.9,0.0,1.218281627574119,920.0305013615223,False,settled
b,blue_ramp,ramp,0.0,0.9,0.0,1.6355695465204363,808.2522689593061,False,settled
b,blue_ramp,ramp,0.0,0.9,0.0,0.8223858795608984,1059.3514183450673,False,settled
b,blue_ramp,ramp,0.0,0.9,0.0,0.815256014366468,1051.4437927104848,False,settled
b,blue_ramp,ramp,0.0,0.9,0.0,1.2846780773640796,894.0258484093769,False,settled
b,blue_ramp,ramp,0.0,0.9,0.0,1.3592923786310989,876.1218555757579,False,settled
b,blue_ramp,ramp,0.0,0.9,0.0,1.2098613507551648,919.8514390317614,False,settled
b,blue_ramp,ramp,0.0,0.9,0.0,0.7192031587339643,1099.927221421856,False,settled
b,blue_ramp,ramp,0.0,0.9,0.0,1.173370194920217,927.9345934798974,False,settled
b,blue_ramp,ramp,0.0,0.9,0.0,1.198901576811518,921.6399113215459,False,settled
b,blue_ramp,ramp,0.0,0.9,0.0,1.3860468644226518,865.5697474236633,False,settled
b,blue_ramp,ramp,0.0,0.9,0.0,1.4844679159200207,846.3764762114365,False,settled
b,blue_ramp,ramp,0.0,0.9,0.0,1.165448834295796,934.7682794996069,False,settled
b,blue_ramp,ramp,0.0,0.9,0.0,0.9118005536873751,1026.78584876874,False,settled
b,blue_ramp,ramp,0.0,0.9,0.0,0.9365735723093436,1006.3438448012477,False,settled
b,blue_ramp,ramp,0.0,0.9,0.0,1.4485013658168606,850.2816817438066,False,settled
b,blue_ramp,ramp,0.0,0.9,0.0,1.5352920188965056,832.2292443495579,False,settled
b,blue_ramp,ramp,0.0,0.9,0.0,1.304409596535008,888.7290052368926,False,settled
b,blue_ramp,ramp,0.0,0.9,0.0,0.8756800298097973,1030.4381368044774,False,settled
b,blue_ramp,ramp,0.0,0.9,0.0,0.7298617845735715,1096.5692159187447,False,settled
b,blue_ramp,ramp,0.0,0.9,0.0,1.1427509804871612,939.2333790969519,False,settled
b,blue_ramp,ramp,0.0,0.9,0.0,0.7963018714599526,1071.9563488778317,False,settled
b,blue_ramp,ramp,0.0,0.9,0.0,1.1213766376873409,947.1736041098909,False,settled
b,blue_ramp,ramp,0.0,0.9,0.0,1.0849979134407743,959.2927525156126,False,settled
b,blue_ramp,ramp,0.0,0.9,0.0,0.8981288729869946,1025.2177236923462,False,settled
b,blue_ramp,ramp,0.0,0.9,0.0,1.205070322308904,924.0151534425576,False,settled
b,blue_ramp,ramp,0.0,0.9,0.0,1.2698620144676425,901.0269349461244,False,settled
b,blue_ramp,ramp,0.0,0.9,0.0,1.0350928303595455,981.1762312478015,False,settled
b,blue_ramp,ramp,0.0,0.9,0.0,0.8476706102106667,1039.8854210149498,False,settled
b,blue_ramp,ramp,0.0,0.9,0.0,0.9461334226353701,1010.510571637564,False,settled
b,blue_ramp,ramp,0.0,0.9,0.0,1.5687108553829183,824.4945830383463,False,settled
b,blue_ramp,ramp,0.0,0.9,0.0,0.7879894551222681,1073.7430375440706,False,settled
b,blue_ramp,ramp,0.0,0.9,0.0,1.2531652935496524,909.5125706148391,False,settled
b,blue_ramp,ramp,0.0,0.9,0.0,1.1823093286676534,928.2436595974747,False,settled
b,blue_ramp,ramp,0.0,0.9,0.0,1.5159285668034284,836.8741310786704,False,settled
b,blue_ramp,ramp,0.0,0.9,0.0,0.82700420085605,1055.9618271995546,False,settled
b,blue_ramp,ramp,0.0,0.9,0.0,1.0053377837610988,984.4458725394605,False,settled
b,blue_ramp,ramp,0.0,0.9,0.0,1.482678829868609,844.406686872408,False,settled
b,blue_ramp,ramp,0.0,0.9,0.0,1.346233848546171,877.7803098643401,False,settled
b,blue_ramp,ramp,0.0,0.9,0.0,1.3346784673218153,883.3457859541169,False,settled
b,blue_ramp,ramp,0.0,0.9,0.0,1.0582274936433465,972.2620621949018,False,settled
b,blue_ramp,ramp,0.0,0.9,0.0,1.3503108101198518,879.4862430578073,False,settled
b,blue_ramp,ramp,0.0,0.9,0.0,0.9313127269514919,1018.7968032738692,False,settled
b,blue_ramp,ramp,0.0,0.9,0.0,1.2541077225933195,908.644753076983,False,settled
b,blue_ramp,ramp,0.0,0.9,0.0,1.4892087205748947,844.4580763568633,False,settled
b,blue_ramp,ramp,0.0,0.9,0.0,1.3504819191844795,879.3147243610282,False,settled
b,blue_ramp,ramp,0.0,0.9,0.0,1.428121064938538,854.9086594451244,False,settled
b,blue_ramp,ramp,0.0,0.9,0.0,1.2643248631590063,899.3507988120812,False,settled
b,blue_ramp,ramp,0.0,0.9,0.0,0.7075333517296597,1111.230386588862,False,settled
b,blue_ramp,ramp,0.0,0.9,0.0,0.7094639037326007,1103.5259904762631,False,settled
b,blue_ramp,ramp,0.0,0.9,0.0,1.4280879780973506,854.9456106724347,False,settled
b,blue_ramp,ramp,0.0,0.9,0.0,1.102146336035389,954.264884132331,False,settled
b,blue_ramp,ramp,0.0,0.9,0.0,0.9206114396460737,1020.8077359068623,False,settled
b,blue_ramp,ramp,0.0,0.9,0.0,0.738017890739595,1088.8862131367569,False,settled
b,blue_ramp,ramp,0.0,0.9,0.0,0.726218109484642,1094.8490389633262,False,settled
b,blue_ramp,ramp,0.0,0.9,0.0,0.8891600929132768,1032.3595720965022,False,settled
b,blue_ramp,ramp,0.0,0.9,0.0,1.1689138303097337,931.7636693512062,False,settled
b,blue_ramp,ramp,0.0,0.9,0.0,0.7579931627144167,1076.7437949412501,False,settled
b,blue_ramp,ramp,0.0,0.9,0.0,0.7596502049104058,1077.7032294520761,False,settled
b,blue_ramp,ramp,0.0,0.9,0.0,0.9255742344361388,1019.8752280754427,False,settled
b,blue_ramp,ramp,0.0,0.9,0.0,0.7747181725739876,1069.452146589533,False,settled
b,blue_ramp,ramp,0.0,0.9,0.0,0.9749637281570931,998.69012121284,False,settled
b,blue_ramp,ramp,0.0,0.9,0.0,0.7694952494967716,1073.1981153363363,False,settled
b,blue_ramp,ramp,0.0,0.9,0.0,1.1902864643993445,928.9773460336877,False,settled
b,blue_ramp,ramp,0.0,0.9,0.0,0.812449443648659,1053.5808149660259,False,settled
b,blue_ramp,ramp,0.0,0.9,0.0,0.7722187391093775,1071.267412880309,False,settled
b,blue_ramp,ramp,0.0,0.9,0.0,1.3549283098076503,875.2085216168404,False,settled
b,blue_ramp,ramp,0.0,0.9,0.0,1.1626338381288799,936.9649560255278,False,settled
b,blue_ramp,ramp,0.0,0.9,0.0,0.7262410906445735,1094.8846813441367,False,settled
b,blue_ramp,ramp,0.0,0.9,0.0,0.9023876656270255,1021.8515771163243,False,settled
b,blue_ramp,ramp,0.0,0.9,0.0,1.0948169483849115,960.1829863081867,False,settled
b,blue_ramp,ramp,0.0,0.9,0.0,1.091393764958637,953.9958662729455,False,settled
b,blue_ramp,ramp,0.0,0.9,0.0,1.124182073674142,944.8082936432645,False,settled
b,blue_ramp,ramp,0.0,0.9,0.0,1.1080612434650623,949.3967544335709,False,settled
b,blue_ramp,ramp,0.0,0.9,0.0,0.9547522184092001,1003.581547913215,False,settled
b,blue_ramp,ramp,0.0,0.9,0.0,0.9049560885154171,1019.8625305814894,False,settled
b,blue_ramp,ramp,0.0,0.9,0.0,1.4949839713719522,842.5027160202321,False,settled
b,blue_ramp,ramp,0.0,0.9,0.0,0.9060371308477451,1019.1194541754294,False,settled
b,blue_ramp,ramp,0.0,0.9,0.0,1.3714757652363048,869.5763499995826,False,settled
b,blue_ramp,ramp,0.0,0.9,0.0,1.3022657146249936,890.7256091569234,False,settled
b,blue_ramp,ramp,0.0,0.9,0.0,1.0267504096664228,977.7402726121286,False,settled
b,blue_ramp,ramp,0.0,0.9,0.0,1.3247151462912479,887.1171644323967,False,settled
b,blue_ramp,ramp,0.0,0.9,0.0,1.0862328202198193,958.2660159984312,False,settled
b,blue_ramp,ramp,0.0,0.9,0.0,0.7546584472754286,1077.685205494904,False,settled
b,blue_ramp,ramp,0.0,0.9,0.0,0.7841162327290151,1076.3157502656993,False,settled
b,blue_ramp,ramp,0.0,0.9,0.0,0.9842945322537084,991.3426142741661,False,settled
b,blue_ramp,ramp,0.0,0.9,0.0,1.0602491992670442,970.6029931904194,False,settled
b,blue_ramp,ramp,0.0,0.9,0.0,0.7199108906746504,1098.8457088026023,False,settled
b,blue_ramp,ramp,0.0,0.9,0.0,1.652803401673297,803.6467482383729,False,settled
b,blue_ramp,ramp,0.0,0.9,0.0,0.9675359841212857,1004.6762750826941,False,settled
b,blue_ramp,ramp,0.0,0.9,0.0,0.8200055469031825,1061.2330729854718,False,settled
b,blue_ramp,ramp,0.0,0.9,0.0,1.3878948346629083,868.6625822428726,False,settled
b,blue_ramp,ramp,0.0,0.9,0.0,1.1862643757916485,924.8935000135659,False,settled
b,blue_ramp,ramp,0.0,0.9,0.0,0.8241715164795326,1058.1922578365738,False,settled
b,blue_ramp,ramp,0.0,0.9,0.0,1.1385866226249082,941.5737263063571,False,settled
b,blue_ramp,ramp,0.0,0.9,0.0,1.4640146620672423,845.3703378193345,False,settled
b,blue_ramp,ramp,0.0,0.9,0.0,1.137065541815692,942.8608210834639,False,settled
b,blue_ramp,ramp,0.0,0.9,0.0,1.4294745773201003,853.3396900089393,False,settled
b,blue_ramp,ramp,0.0,0.9,0.0,0.8413470672295444,1044.7703084077768,False,settled
b,blue_ramp,ramp,0.0,0.9,0.0,0.7409742566434818,1087.2610708928685,False,settled
b,blue_ramp,ramp,0.0,0.9,0.0,1.2933454538245603,892.6124219959116,False,settled
b,blue_ramp,ramp,0.0,0.9,0.0,1.1369236792994946,942.9808585618126,False,settled
b,blue_ramp,ramp,0.0,0.9,0.0,0.7484612413655778,1087.5216610864622,False,settled
b,blue_ramp,ramp,0.0,0.9,0.0,1.49794544915071,842.5475098538002,False,settled
b,blue_ramp,ramp,0.0,0.9,0.0,0.9752213697723182,998.4906274355893,False,settled
b,blue_ramp,ramp,0.0,0.9,0.0,0.7207458092685953,1102.1389551867956,False,settled
b,blue_ramp,ramp,0.0,0.9,0.0,1.015547640864129,986.9131096773662,False,settled
b,blue_ramp,ramp,0.0,0.9,0.0,0.9708852195284892,1001.9569968819192,False,settled
b,blue_ramp,ramp,0.0,0.9,0.0,1.014065585758628,988.1353153162952,False,settled
b,blue_ramp,ramp,0.0,0.9,0.0,0.7295322468586782,1094.9417652897034,False,settled
b,blue_ramp,ramp,0.0,0.9,0.0,1.368460192973912,872.3762555245376,False,settled
b,blue_ramp,ramp,0.0,0.9,0.0,0.8482289834866147,1039.4542669389189,False,settled
b,blue_ramp,ramp,0.0,0.9,0.0,0.8479238538854846,1039.6890646683266,False,settled
b,blue_ramp,ramp,0.0,0.9,0.0,1.3369883117474624,881.0662240745,False,settled
b,blue_ramp,ramp,0.0,0.9,0.0,1.065907544614128,967.5954180764284,False,settled
b,blue_ramp,ramp,0.0,0.9,0.0,1.0117550019521573,979.790647760457,False,settled
b,blue_ramp,ramp,0.0,0.9,0.0,1.0111254081668035,980.3594997757259,False,settled
b,blue_ramp,ramp,0.0,0.9,0.0,1.3029211237866918,890.1095028688372,False,settled
b,blue_ramp,ramp,0.0,0.9,0.0,0.9590774822519186,1000.1320447973727,False,settled
b,blue_ramp,ramp,0.0,0.9,0.0,0.9275380288467675,1019.5060133103539,False,settled
b,blue_ramp,ramp,0.0,0.9,0.0,0.8694609296176692,1033.9640365543464,False,settled
b,blue_ramp,ramp,0.0,0.9,0.0,1.3651632268081242,875.7486960655225,False,settled
b,blue_ramp,ramp,0.0,0.9,0.0,1.244723379025634,910.1422834201833,False,settled
b,blue_ramp,ramp,0.0,0.9,0.0,1.2900256734787905,895.665731782467,False,settled
b,blue_ramp,ramp,0.0,0.9,0.0,0.7900184096385134,1072.7847654119996,False,settled
b,blue_ramp,ramp,0.0,0.9,0.0,1.0942902999613555,960.6278885733731,False,settled
b,blue_ramp,ramp,0.0,0.9,0.0,0.8435319200402875,1043.0748048594687,False,settled
b,blue_ramp,ramp,0.0,0.9,0.0,1.4592664844398806,846.6278308273115,False,settled
b,blue_ramp,ramp,0.0,0.9,0.0,0.7844929606644298,1076.018823598331,False,settled
b,blue_ramp,ramp,0.0,0.9,0.0,1.5251298031320868,835.1501305179654,False,settled
b,blue_ramp,ramp,0.0,0.9,0.0,1.6758832789726708,796.6431688949355,False,settled
b,blue_ramp,ramp,0.0,0.9,0.0,1.6429552189535241,806.292818670064,False,settled
b,blue_ramp,ramp,0.0,0.9,0.0,0.8761593826120694,1030.060872471715,False,settled
b,blue_ramp,ramp,0.0,0.9,0.0,0.723458763352333,1091.9374663026886,False,settled
b,blue_ramp,ramp,0.0,0.9,0.0,0.9343026240892223,1018.2350387879854,False,settled
b,blue_ramp,ramp,0.0,0.9,0.0,1.3892825137809435,867.2140528052156,False,settled
b,blue_ramp,ramp,0.0,0.9,0.0,1.1996865861358177,920.9516699348233,False,settled
b,blue_ramp,ramp,0.0,0.9,0.0,0.863065024657471,1034.987655892379,False,settled
b,blue_ramp,ramp,0.0,0.9,0.0,1.3421701424670327,881.8292681671012,False,settled
b,blue_ramp,ramp,0.0,0.9,0.0,1.6151622894099817,812.6243517339644,False,settled
b,blue_ramp,ramp,0.0,0.9,0.0,1.2200025722136183,918.4964601901105,False,settled
b,blue_ramp,ramp,0.0,0.9,0.0,1.230598330895346,913.5206479651373,False,settled
b,blue_ramp,ramp,0.0,0.9,0.0,0.7092967218351406,1102.8804882814027,False,settled
b,blue_ramp,ramp,0.0,0.9,0.0,0.8646189469326208,1034.75855486298,False,settled
b,blue_ramp,ramp,0.0,0.9,0.0,0.7535975006878823,1078.1871462472518,False,settled
b,blue_ramp,ramp,0.0,0.9,0.0,1.0363468394969328,980.1408078467058,False,settled
b,blue_ramp,ramp,0.0,0.9,0.0,0.8127090737886197,1053.3797419606533,False,settled
b,blue_ramp,ramp,0.0,0.9,0.0,1.4730986334973584,847.7964575477896,False,settled
b,blue_ramp,ramp,0.0,0.9,0.0,1.3862007234786227,865.411862162811,False,settled
b,blue_ramp,ramp,0.0,0.9,0.0,0.896452959362212,1026.551742347851,False,settled
b,blue_ramp,ramp,0.0,0.9,0.0,0.9795197024969934,995.1092770156318,False,settled
b,blue_ramp,ramp,0.0,0.9,0.0,0.9481601556921679,1008.8809197330937,False,settled
b,blue_ramp,ramp,0.0,0.9,0.0,0.8363646213788508,1048.6492627303517,False,settled
b,blue_ramp,ramp,0.0,0.9,0.0,1.6319394912073735,808.2961719801287,False,settled
b,blue_ramp,ramp,0.0,0.9,0.0,1.3909107517527224,865.7694504584337,False,settled
b,blue_ramp,ramp,0.0,0.9,0.0,0.7729137009551376,1070.831430587383,False,settled
b,blue_ramp,ramp,0.0,0.9,0.0,1.1821089774618683,928.4179534903136,False,settled
b,blue_ramp,ramp,0.0,0.9,0.0,0.9171201687210252,1022.5673718670312,False,settled
b,blue_ramp,ramp,0.0,0.9,0.0,0.8872203294723583,1033.9137458826465,False,settled
b,blue_ramp,ramp,0.0,0.9,0.0,0.9592857930677456,999.9659395170684,False,settled
b,blue_ramp,ramp,0.0,0.9,0.0,1.2766689380646126,901.4675549945616,False,settled
b,blue_ramp,ramp,0.0,0.9,0.0,0.8249899363469181,1057.5478326049372,False,settled
b,blue_ramp,ramp,0.0,0.9,0.0,0.8861988223849755,1034.73329454563,False,settled
b,blue_ramp,ramp,0.0,0.9,0.0,0.8285892127624364,1054.7321299020043,False,settled
b,blue_ramp,ramp,0.0,0.9,0.0,0.9618209433191339,998.2320553843825,False,settled
b,blue_ramp,ramp,0.0,0.9,0.0,0.9597409258268205,999.6914284698692,False,settled
b,blue_ramp,ramp,0.0,0.9,0.0,0.8478175692026635,1039.7714438651092,False,settled
b,blue_ramp,ramp,0.0,0.9,0.0,1.028937592514688,976.3206800425769,False,settled
b,blue_ramp,ramp,0.0,0.9,0.0,0.7582591695757548,1076.913726557426,False,settled
b,blue_ramp,ramp,0.0,0.9,0.0,0.951154732499364,1006.4731460075114,False,settled
b,blue_ramp,ramp,0.0,0.9,0.0,0.7954201086681288,1072.0726650275253,False,settled
b,blue_ramp,ramp,0.0,0.9,0.0,1.3463251079332004,877.6893833634412,False,settled
b,blue_ramp,ramp,0.0,0.9,0.0,0.7469072033811652,1084.9012327218402,False,settled
b,blue_ramp,ramp,0.0,0.9,0.0,1.2333135044880947,912.5705083854099,False,settled
b,blue_ramp,ramp,0.0,0.9,0.0,0.8932115972350131,1029.133160381736,False,settled
b,blue_ramp,ramp,0.0,0.9,0.0,0.8314368298109495,1052.5034229987118,False,settled
b,blue_ramp,ramp,0.0,0.9,0.0,0.9504766067578875,1007.0182575028476,False,settled
b,blue_ramp,ramp,0.0,0.9,0.0,0.694296432793072,1102.2164546180616,False,settled
b,blue_ramp,ramp,0.0,0.9,0.0,1.3708021984839458,870.2568565712546,False,settled
b,blue_ramp,ramp,0.0,0.9,0.0,0.7734706809689875,1070.407665543152,False,settled
b,blue_ramp,ramp,0.0,0.9,0.0,1.0874413395909373,957.2611416710976,False,settled
b,blue_ramp,ramp,0.0,0.9,0.0,1.0668194102983088,967.3621485913876,False,settled
b,blue_ramp,ramp,0.0,0.9,0.0,0.7625814203328479,1077.4391580649535,False,settled
b,blue_ramp,ramp,0.0,0.9,0.0,0.724024703710076,1090.7622912283905,False,settled
b,blue_ramp,ramp,0.0,0.9,0.0,1.4841966923031549,846.7292269557893,False,settled
b,blue_ramp,ramp,0.0,0.9,0.0,0.9208834141891535,1020.7562885755475,False,settled
b,blue_ramp,ramp,0.0,0.9,0.0,1.0125586998409861,989.3782439869871,False,settled
b,blue_ramp,ramp,0.0,0.9,0.0,0.8071568322830152,1056.8259075522026,False,settled
b,blue_ramp,ramp,0.0,0.9,0.0,1.3991237103407772,862.3608953792473,False,settled
b,blue_ramp,ramp,0.0,0.9,0.0,0.7810367522973848,1078.7424575007144,False,settled
b,blue_ramp,ramp,0.0,0.9,0.0,1.3951149041479134,866.3102097286684,False,settled
b,blue_ramp,ramp,0.0,0.9,0.0,0.8340583369999368,1050.4528259033823,False,settled
b,blue_ramp,ramp,0.0,0.9,0.0,0.8160897563852635,1064.3463248093808,False,settled
b,blue_ramp,ramp,0.0,0.9,0.0,1.1461186846930425,938.2447743078895,False,settled
b,blue_ramp,ramp,0.0,0.9,0.0,1.2682862784575135,902.4875534142337,False,settled
b,blue_ramp,ramp,0.0,0.9,0.0,1.53931870693746,832.1866074100508,False,settled
b,blue_ramp,ramp,0.0,0.9,0.0,0.8952774700913356,1027.4878815361292,False,settled
b,blue_ramp,ramp,0.0,0.9,0.0,0.7025350562902535,1101.08120849987,False,settled
b,blue_ramp,ramp,0.0,0.9,0.0,0.6923119488852992,1112.3808547310161,False,settled
b,blue_ramp,ramp,0.0,0.9,0.0,0.9173526293497652,1022.3830888974744,False,settled
b,blue_ramp,ramp,0.0,0.9,0.0,1.4697356918102848,847.8328276460905,False,settled
b,blue_ramp,ramp,0.0,0.9,0.0,0.9048189879354912,1019.9664989067533,False,settled
b,blue_ramp,ramp,0.0,0.9,0.0,0.8622510032651801,1035.108172667707,False,settled
b,blue_ramp,ramp,0.0,0.9,0.0,0.9005028753761175,1023.341372075166,False,settled
b,blue_ramp,ramp,0.0,0.9,0.0,0.9697471727441247,1002.8808888221876,False,settled
b,blue_ramp,ramp,0.0,0.9,0.0,1.201784436854107,919.1305671775787,False,settled
b,blue_ramp,ramp,0.0,0.9,0.0,1.3831386420529355,868.2793116136281,False,settled
b,blue_ramp,ramp,0.0,0.9,0.0,0.7776004909286057,1067.168981129927,False,settled
b,blue_ramp,ramp,0.0,0.9,0.0,0.7500758106958209,1082.8331303263576,False,settled
b,blue_ramp,ramp,0.0,0.9,0.0,1.2927657905465215,893.147190076347,False,settled
b,blue_ramp,ramp,0.0,0.9,0.0,1.1975440256324115,922.8299260142844,False,settled
b,blue_ramp,ramp,0.0,0.9,0.0,1.3805285148561335,870.9569996964015,False,settled
b,blue_ramp,ramp,0.0,0.9,0.0,1.5384161047140235,831.1873857214422,False,settled
b,blue_ramp,ramp,0.0,0.9,0.0,1.4545290489279215,847.8563892097997,False,settled
b,blue_ramp,ramp,0.0,0.9,0.0,1.476971148933972,847.3477632929629,False,settled
b,blue_ramp,ramp,0.0,0.9,0.0,1.52280149217572,834.5627261514463,False,settled
b,blue_ramp,ramp,0.0,0.9,0.0,1.2447703823919138,910.0993164934291,False,settled
b,blue_ramp,ramp,0.0,0.9,0.0,1.1700902004151583,930.748098041073,False,settled
b,blue_ramp,ramp,0.0,0.9,0.0,0.922174779349526,1020.514017059569,False,settled
b,blue_ramp,ramp,0.0,0.9,0.0,1.0869091907859094,957.7034975709586,False,settled
b,blue_ramp,ramp,0.0,0.9,0.0,1.5560373631516697,827.937145891663,False,settled
b,blue_ramp,ramp,0.0,0.9,0.0,1.3994869151515776,861.983909419255,False,settled
b,blue_ramp,ramp,0.0,0.9,0.0,1.4314741131146695,855.8199410824536,False,settled
b,blue_ramp,ramp,0.0,0.9,0.0,1.3440368879136129,879.9691900496389,False,settled
b,blue_ramp,ramp,0.0,0.9,0.0,1.337174733351358,880.8831606898772,False,settled
b,blue_ramp,ramp,0.0,0.9,0.0,1.383306513234312,868.1063948470435,False,settled
b,blue_ramp,ramp,0.0,0.9,0.0,1.1835126354574483,927.196801526162,False,settled
b,blue_ramp,ramp,0.0,0.9,0.0,0.7659930610306468,1075.5143941612887,False,settled
b,blue_ramp,ramp,0.0,0.9,0.0,1.2945495970482426,891.5177933513007,False,settled
b,blue_ramp,ramp,0.0,0.9,0.0,1.0574727257146972,972.881829090705,False,settled
b,blue_ramp,ramp,0.0,0.9,0.0,0.8789704333400584,1027.7881881149203,False,settled
b,blue_ramp,ramp,0.0,0.9,0.0,1.4216159438570852,857.2205525833391,False,settled
b,blue_ramp,ramp,0.0,0.9,0.0,0.8393714707277113,1046.3035577849848,False,settled
b,blue_ramp,ramp,0.0,0.9,0.0,0.8893455839932348,1032.2118750278016,False,settled
b,blue_ramp,ramp,0.0,0.9,0.0,1.4662211689647282,847.0594262666282,False,settled
b,blue_ramp,ramp,0.0,0.9,0.0,1.4981017734309028,842.4298188668974,False,settled
b,blue_ramp,ramp,0.0,0.9,0.0,1.1381804158018698,941.9174513459565,False,settled
b,blue_ramp,ramp,0.0,0.9,0.0,0.6880990054740291,1119.338055271829,False,settled
b,blue_ramp,ramp,0.0,0.9,0.0,1.3339436313205715,884.073512033291,False,settled
b,blue_ramp,ramp,0.0,0.9,0.0,0.7721305790346856,1071.3305965596994,False,settled
b,blue_ramp,ramp,0.0,0.9,0.0,1.343635071962974,880.3695118729373,False,settled
b,blue_ramp,ramp,0.0,0.9,0.0,0.9084826220225337,1017.1589375386766,False,settled
b,blue_ramp,ramp,0.0,0.9,0.0,1.4449133302603703,849.9607009969512,False,settled
b,blue_ramp,ramp,0.0,0.9,0.0,0.9182793121360671,1021.6493732103893,False,settled
b,blue_ramp,ramp,0.0,0.9,0.0,0.7200490440871418,1099.1659503169294,False,settled
b,blue_ramp,ramp,0.0,0.9,0.0,0.7446882158134378,1084.5302360114588,False,settled
b,blue_ramp,ramp,0.0,0.9,0.0,1.1862285724879411,924.9246435810861,False,settled
b,blue_ramp,ramp,0.0,0.9,0.0,1.5576186867788846,826.4581128400044,False,settled
b,blue_ramp,ramp,0.0,0.9,0.0,1.2753243895977393,902.7292646918527,False,settled
b,blue_ramp,ramp,0.0,0.9,0.0,1.0854870724302914,958.8860633245977,False,settled
b,blue_ramp,ramp,0.0,0.9,0.0,0.9491283266342214,1008.1023620361385,False,settled
b,blue_ramp,ramp,0.0,0.9,0.0,0.7540732290069316,1077.878457148813,False,settled
b,blue_ramp,ramp,0.0,0.9,0.0,1.448335679792476,850.4735770240242,False,settled
b,blue_ramp,ramp,0.0,0.9,0.0,0.9272375814288283,1019.5624625212079,False,settled
b,blue_ramp,ramp,0.0,0.9,0.0,1.0307365060378608,974.782705421984,False,settled
b,blue_ramp,ramp,0.0,0.9,0.0,0.8997007764047528,1023.9753807888372,False,settled
b,blue_ramp,ramp,0.0,0.9,0.0,0.9958502266091209,986.3521948466729,False,settled
b,blue_ramp,ramp,0.0,0.9,0.0,1.4683152726455724,844.5543175743057,False,settled
b,blue_ramp,ramp,0.0,0.9,0.0,1.0515384811417385,968.042819677237,False,settled
b,blue_ramp,ramp,0.0,0.9,0.0,0.9030361623131529,1021.3388428741515,False,settled
b,blue_ramp,ramp,0.0,0.9,0.0,0.9722059435733414,1000.8847923228882,False,settled
b,blue_ramp,ramp,0.0,0.9,0.0,1.3796064397936791,866.8968153041227,False,settled
b,blue_ramp,ramp,0.0,0.9,0.0,1.0510124902903095,968.5402532726988,False,settled
b,blue_ramp,ramp,0.0,0.9,0.0,0.7034935696358171,1104.4683296310545,False,settled
b,blue_ramp,ramp,0.0,0.9,0.0,0.8940155978242509,1028.4927341020446,False,settled
b,blue_ramp,ramp,0.0,0.9,0.0,1.2160510093062449,914.4748421651014,False,settled
b,blue_ramp,ramp,0.0,0.9,0.0,1.3171919475506253,887.483777331332,False,settled
b,blue_ramp,ramp,0.0,0.9,0.0,0.8049743766168013,1057.0030208847493,False,settled
b,blue_ramp,ramp,0.0,0.9,0.0,0.9786443115361525,995.8011107168775,False,settled
b,blue_ramp,ramp,0.0,0.9,0.0,0.7419133686288334,1088.64388318237,False,settled
b,blue_ramp,ramp,0.0,0.9,0.0,1.5674990327356306,824.1270179230444,False,settled
b,blue_ramp,ramp,0.0,0.9,0.0,1.2508181778472216,904.6894495046662,False,settled
b,blue_ramp,ramp,0.0,0.9,0.0,0.8608586871459484,1035.2412102590654,False,settled
b,blue_ramp,ramp,0.0,0.9,0.0,0.9259600345571589,1019.8027292920582,False,settled
b,blue_ramp,ramp,0.0,0.9,0.0,0.9712225181282051,1001.6831685971734,False,settled
b,blue_ramp,ramp,0.0,0.9,0.0,1.33999223770474,878.395489045444,False,settled
b,blue_ramp,ramp,0.0,0.9,0.0,1.2693163714273232,901.5327218498413,False,settled
b,blue_ramp,ramp,0.0,0.9,0.0,0.9700910349111799,1002.6017347288116,False,settled
b,blue_ramp,ramp,0.0,0.9,0.0,1.2542666062353942,908.498398995488,False,settled
b,blue_ramp,ramp,0.0,0.9,0.0,1.4391118447714377,851.9652061308635,False,settled
b,blue_ramp,ramp,0.0,0.9,0.0,0.7223033946542861,1089.7986761261889,False,settled
b,blue_ramp,ramp,0.0,0.9,0.0,1.2425578614711892,912.122064723225,False,settled
b,blue_ramp,ramp,0.0,0.9,0.0,0.6983014782765012,1114.7605243884511,False,settled
b,blue_ramp,ramp,0.0,0.9,0.0,1.0335908019301663,972.503645594036,False,settled
b,blue_ramp,ramp,0.0,0.9,0.0,1.2920447342693908,893.810235430247,False,settled
b,blue_ramp,ramp,0.0,0.9,0.0,0.765199657020292,1076.0014128963746,False,settled
b,blue_ramp,ramp,0.0,0.9,0.0,1.0219425353388343,981.6687336438943,False,settled
b,blue_ramp,ramp,0.0,0.9,0.0,0.8829923132830478,1037.0577900420005,False,settled
b,blue_ramp,ramp,0.0,0.9,0.0,0.9634497218625637,997.0371450974563,False,settled
b,blue_ramp,ramp,0.0,0.9,0.0,0.8313762855236734,1052.5507836921392,False,settled
b,blue_ramp,ramp,0.0,0.9,0.0,0.958713020227852,1000.4226630805105,False,settled
b,blue_ramp,ramp,0.0,0.9,0.0,1.486572608200175,843.6644145139303,False,settled
b,blue_ramp,ramp,0.0,0.9,0.0,1.3953593883126918,866.0514319860682,False,settled
b,blue_ramp,ramp,0.0,0.9,0.0,1.4365763102193596,854.5079323292223,False,settled
b,blue_ramp,ramp,0.0,0.9,0.0,1.077307340837733,964.6933840701865,False,settled
b,blue_ramp,ramp,0.0,0.9,0.0,0.9188289245380358,1021.2148815503491,False,settled
b,blue_ramp,ramp,0.0,0.9,0.0,0.732301896667562,1085.7549798817986,False,settled
b,blue_ramp,ramp,0.0,0.9,0.0,0.9526210811424516,1005.2944112422203,False,settled
b,blue_ramp,ramp,0.0,0.9,0.0,0.973307236129101,999.9907588353663,False,settled
b,blue_ramp,ramp,0.0,0.9,0.0,1.6320896196076364,809.1956989419874,False,settled
b,blue_ramp,ramp,0.0,0.9,0.0,0.7015119395681612,1107.78784110983,False,settled
b,blue_ramp,ramp,0.0,0.9,0.0,0.7771233331533245,1067.5345128951408,False,settled
b,blue_ramp,ramp,0.0,0.9,0.0,0.9244547948505903,1020.0855903345633,False,settled
b,blue_ramp,ramp,0.0,0.9,0.0,0.9113764853008769,1014.983049260253,False,settled
b,blue_ramp,ramp,0.0,0.9,0.0,0.7625483274104989,1077.453582332582,False,settled
b,blue_ramp,ramp,0.0,0.9,0.0,0.850114433159975,1038.1141440386082,False,settled
b,blue_ramp,ramp,0.0,0.9,0.0,1.645141913980531,805.297340491636,False,settled
b,blue_ramp,ramp,0.0,0.9,0.0,1.5352670652672882,832.2675197382785,False,settled
b,blue_ramp,ramp,0.0,0.9,0.0,0.7161114659474219,1093.1906653342464,False,settled
b,blue_ramp,ramp,0.0,0.9,0.0,1.3820464081235522,869.4010359275869,False,settled
b,blue_ramp,ramp,0.0,0.9,0.0,1.0385282218914538,978.3396397398609,False,settled
b,blue_ramp,ramp,0.0,0.9,0.0,0.7745192896755312,1069.6045239877483,False,settled
b,blue_ramp,ramp,0.0,0.9,0.0,1.2081348713471738,921.3515357796888,False,settled
b,blue_ramp,ramp,0.0,0.9,0.0,1.473837993562548,846.8815416695277,False,settled
b,blue_ramp,ramp,0.0,0.9,0.0,1.0653826101874082,967.7299240107694,False,settled
b,blue_ramp,ramp,0.0,0.9,0.0,1.3282343620530122,883.6770957914246,False,settled
b,blue_ramp,ramp,0.0,0.9,0.0,0.8784594161279302,1028.187179193449,False,settled
b,blue_ramp,ramp,0.0,0.9,0.0,1.3488021305291982,875.6204861920551,False,settled
b,blue_ramp,ramp,0.0,0.9,0.0,0.8448868970684903,1042.1143160895017,False,settled
b,blue_ramp,ramp,0.0,0.9,0.0,0.7207328690664576,1102.114078013906,False,settled
b,blue_ramp,ramp,0.0,0.9,0.0,0.6979192263966373,1112.8184276969657,False,settled
b,blue_ramp,ramp,0.0,0.9,0.0,0.8425524054039155,1043.8349880920096,False,settled
b,blue_ramp,ramp,0.0,0.9,0.0,1.3545190989718983,875.2677642133148,False,settled
b,blue_ramp,ramp,0.0,0.9,0.0,1.4023912902293307,860.5698609131788,False,settled
b,blue_ramp,ramp,0.0,0.9,0.0,1.4934967136226125,842.9998576963079,False,settled
b,blue_ramp,ramp,0.0,0.9,0.0,1.4525087926300406,850.1175664280304,False,settled
b,blue_ramp,ramp,0.0,0.9,0.0,0.9245666712913104,1020.0645668346474,False,settled
b,blue_ramp,ramp,0.0,0.9,0.0,1.3151904890803723,888.325894525676,False,settled
b,blue_ramp,ramp,0.0,0.9,0.0,0.9126009529955621,1026.1510184837693,False,settled
b,blue_ramp,ramp,0.0,0.9,0.0,0.6964884948028212,1114.0270723242356,False,settled
b,blue_ramp,ramp,0.0,0.9,0.0,0.8420498583516625,1044.2249134610763,False,settled
b,blue_ramp,ramp,0.0,0.9,0.0,0.8456115871574222,1041.5520390117597,False,settled
b,blue_ramp,ramp,0.0,0.9,0.0,0.7535249118169229,1080.6485814314385,False,settled
b,blue_ramp,ramp,0.0,0.9,0.0,1.254452606485757,908.3270539542517,False,settled
b,blue_ramp,ramp,0.0,0.9,0.0,1.1145219772642092,952.6668156702975,False,settled
b,blue_ramp,ramp,0.0,0.9,0.0,1.5535866292486782,828.4917202494224,False,settled
b,blue_ramp,ramp,0.0,0.9,0.0,0.7994362000523955,1057.695809458045,False,settled
b,blue_ramp,ramp,0.0,0.9,0.0,1.1913591553766172,928.0303011437294,False,settled
b,blue_ramp,ramp,0.0,0.9,0.0,1.0614447184937976,969.6269605153855,False,settled
b,blue_ramp,ramp,0.0,0.9,0.0,0.828119829253037,1055.0983905999854,False,settled
b,blue_ramp,ramp,0.0,0.9,0.0,0.7549408156203047,1077.4230375692155,False,settled
b,blue_ramp,ramp,0.0,0.9,0.0,0.6923621019018926,1114.2501809782539,False,settled
b,blue_ramp,ramp,0.0,0.9,0.0,0.7055799575025626,1101.3209099044955,False,settled
b,blue_ramp,ramp,0.0,0.9,0.0,1.5261629061940232,832.6627548999044,False,settled
b,blue_ramp,ramp,0.0,0.9,0.0,0.9701146238668809,1002.5825847192797,False,settled
b,blue_ramp,ramp,0.0,0.9,0.0,0.9227327640301992,1020.4091893748632,False,settled
b,blue_ramp,ramp,0.0,0.9,0.0,1.4244187166421265,854.2072341485577,False,settled
b,blue_ramp,ramp,0.0,0.9,0.0,0.7346430399985512,1097.9478217788728,False,settled
b,blue_ramp,ramp,0.0,0.9,0.0,1.1450560258935496,938.5566273898642,False,settled
b,blue_ramp,ramp,0.0,0.9,0.0,0.9201752703867965,1020.889870149627,False,settled
b,blue_ramp,ramp,0.0,0.9,0.0,1.142759817183352,939.2307854201432,False,settled
b,blue_ramp,ramp,0.0,0.9,0.0,0.7228162349654427,1090.7683267914297,False,settled
b,blue_ramp,ramp,0.0,0.9,0.0,0.7691548895222962,1073.4388188663345,False,settled
b,blue_ramp,ramp,0.0,0.9,0.0,1.4036561534098655,864.6098821547143,False,settled
b,blue_ramp,ramp,0.0,0.9,0.0,1.0698320496103042,966.5914686267848,False,settled
b,blue_ramp,ramp,0.0,0.9,0.0,1.3319309974068032,880.4524327089912,False,settled
b,blue_ramp,ramp,0.0,0.9,0.0,0.9859849835574777,990.2952767226185,False,settled
b,blue_ramp,ramp,0.0,0.9,0.0,1.0961351732647702,959.0694621776526,False,settled
b,blue_ramp,ramp,0.0,0.9,0.0,0.9641706354207512,996.4020329207839,False,settled
b,blue_ramp,ramp,0.0,0.9,0.0,1.4986897654718359,841.9873394218636,False,settled
b,blue_ramp,ramp,0.0,0.9,0.0,1.0134715821198323,988.6251672751897,False,settled
b,blue_ramp,ramp,0.0,0.9,0.0,0.9062778292117858,1018.9328392445767,False,settled
b,blue_ramp,ramp,0.0,0.9,0.0,0.9264336966839148,1019.7137195170455,False,settled
b,blue_ramp,ramp,0.0,0.9,0.0,0.7126238257391062,1098.8738295700448,False,settled
b,blue_ramp,ramp,0.0,0.9,0.0,0.7327816883353641,1085.7109532570341,False,settled
b,blue_ramp,ramp,0.0,0.9,0.0,1.329289309384141,882.6474604936874,False,settled
b,blue_ramp,ramp,0.0,0.9,0.0,1.0484299376186188,970.5229736318779,False,settled
b,blue_ramp,ramp,0.0,0.9,0.0,0.8412912627738008,1044.8136357201931,False,settled
b,blue_ramp,ramp,0.0,0.9,0.0,0.934957532485591,1018.111988847286,False,settled
b,blue_ramp,ramp,0.0,0.9,0.0,0.9154558369343816,1023.8869160158317,False,settled
b,blue_ramp,ramp,0.0,0.9,0.0,0.8207933915089345,1060.6104105104641,False,settled
b,blue_ramp,ramp,0.0,0.9,0.0,0.8986465458044468,1024.8085998807524,False,settled
b,blue_ramp,ramp,0.0,0.9,0.0,0.8618576318957855,1035.0932787137565,False,settled
b,blue_ramp,ramp,0.0,0.9,0.0,1.075894065966027,965.0498418937132,False,settled
b,blue_ramp,ramp,0.0,0.9,0.0,1.105339009173024,951.5874829824628,False,settled
b,blue_ramp,ramp,0.0,0.9,0.0,1.4148357964876601,859.7727001118988,False,settled
b,blue_ramp,ramp,0.0,0.9,0.0,0.9531212253477084,1004.8923636071186,False,settled
b,blue_ramp,ramp,0.0,0.9,0.0,1.1891620409120056,922.4069091047671,False,settled
b,blue_ramp,ramp,0.0,0.9,0.0,0.9185303913159794,1021.4508827420759,False,settled
b,blue_ramp,ramp,0.0,0.9,0.0,0.9550729894181665,1003.3257270470533,False,settled
b,blue_ramp,ramp,0.0,0.9,0.0,0.7487350009324947,1087.7848438173664,False,settled
b,blue_ramp,ramp,0.0,0.9,0.0,1.5766888455310426,822.5455989468916,False,settled
b,blue_ramp,ramp,0.0,0.9,0.0,1.6499019349811401,804.7781053737989,False,settled
b,blue_ramp,ramp,0.0,0.9,0.0,0.9624382104464331,997.8379157583959,False,settled
b,blue_ramp,ramp,0.0,0.9,0.0,0.7936625574175512,1072.3042923808764,False,settled
b,blue_ramp,ramp,0.0,0.9,0.0,0.7861875639152351,1074.7955249660067,False,settled
b,blue_ramp,ramp,0.0,0.9,0.0,0.8513622945031225,1049.9993824107623,False,settled
b,blue_ramp,ramp,0.0,0.9,0.0,0.7643826804874227,1076.5056508234438,False,settled
b,blue_ramp,ramp,0.0,0.9,0.0,0.9960614098221221,986.3081079832835,False,settled
b,blue_ramp,ramp,0.0,0.9,0.0,1.609229715666955,813.8534500658914,False,settled
b,blue_ramp,ramp,0.0,0.9,0.0,1.6556251642159399,803.2735626448255,False,settled
b,blue_ramp,ramp,0.0,0.9,0.0,1.0385006147034184,978.3624305696854,False,settled
b,blue_ramp,ramp,0.0,0.9,0.0,1.1625859838930905,937.0065539410424,False,settled
b,blue_ramp,ramp,0.0,0.9,0.0,1.4733549531661423,847.4794253667155,False,settled
b,blue_ramp,ramp,0.0,0.9,0.0,1.368906956302495,871.9193390475155,False,settled
b,blue_ramp,ramp,0.0,0.9,0.0,1.160566609356224,938.7623580401747,False,settled
b,blue_ramp,ramp,0.0,0.9,0.0,1.3984103939479775,863.1856350068238,False,settled
b,blue_ramp,ramp,0.0,0.9,0.0,1.2784098213869128,899.8423955885645,False,settled
b,blue_ramp,ramp,0.0,0.9,0.0,1.5428931634254024,831.4332416911045,False,settled
b,blue_ramp,ramp,0.0,0.9,0.0,1.5494931504506917,828.10024009241,False,settled
b,blue_ramp,ramp,0.0,0.9,0.0,1.3827948846140778,868.633398726431,False,settled
b,blue_ramp,ramp,0.0,0.9,0.0,1.665977771439165,800.1077669938601,False,settled
b,blue_ramp,ramp,0.0,0.9,0.0,0.8517831314080532,1049.6668306979968,False,settled
b,blue_ramp,ramp,0.0,0.9,0.0,0.8626870996701126,1035.0436057652635,False,settled
b,blue_ramp,ramp,0.0,0.9,0.0,1.4165056233181457,858.0335388054674,False,settled
b,blue_ramp,ramp,0.0,0.9,0.0,0.9323543802058959,1018.6010902790117,False,settled
b,blue_ramp,ramp,0.0,0.9,0.0,0.9990449963501326,985.6815324197653,False,settled
b,blue_ramp,ramp,0.0,0.9,0.0,0.7214095335112062,1102.7229086773523,False,settled
b,blue_ramp,ramp,0.0,0.9,0.0,1.5201660485453588,835.8579051349842,False,settled
b,blue_ramp,ramp,0.0,0.9,0.0,1.1285542410429772,941.3913696025638,False,settled
b,blue_ramp,ramp,0.0,0.9,0.0,0.9773494930236717,996.822175801734,False,settled
b,blue_ramp,ramp,0.0,0.9,0.0,0.9531137632714393,1004.8983621091032,False,settled
b,blue_ramp,ramp,0.0,0.9,0.0,1.5367735661617956,832.4491352938526,False,settled
b,blue_ramp,ramp,0.0,0.9,0.0,0.7029838948543253,1103.8646942681703,False,settled
b,blue_ramp,ramp,0.0,0.9,0.0,1.095881424761623,959.2839667348214,False,settled
b,blue_ramp,ramp,0.0,0.9,0.0,1.4909349241525809,843.6776137299549,False,settled
b,blue_ramp,ramp,0.0,0.9,0.0,0.8582808479523032,1035.6272258807953,False,settled
b,blue_ramp,ramp,0.0,0.9,0.0,1.049340119274359,969.7920044835137,False,settled
b,blue_ramp,ramp,0.0,0.9,0.0,0.732633642290314,1085.6905598807912,False,settled
b,blue_ramp,ramp,0.0,0.9,0.0,0.7689008215638139,1073.6184238884118,False,settled
b,yellow_ramp,ramp,0.0,0.9,0.0,0.24347993577760071,1108.8967394625686,False,settled
b,yellow_ramp,ramp,0.0,0.9,0.0,0.6272944622883417,960.2019771686493,False,settled
b,yellow_ramp,ramp,0.0,0.9,0.0,0.8310126863087506,894.2558795888724,False,settled
b,yellow_ramp,ramp,0.0,0.9,0.0,0.8256589795026922,892.7833081801243,False,settled
b,yellow_ramp,ramp,0.0,0.9,0.0,1.084713658695374,827.3024679314653,False,settled
b,yellow_ramp,ramp,0.0,0.9,0.0,0.848341615970971,888.0518101677196,False,settled
b,yellow_ramp,ramp,0.0,0.9,0.0,0.3784707431363882,1041.1998009700512,False,settled
b,yellow_ramp,ramp,0.0,0.9,0.0,0.2772320786376833,1084.5700213185348,False,settled
b,yellow_ramp,ramp,0.0,0.9,0.0,0.28467348077094384,1081.3733822044883,False,settled
b,yellow_ramp,ramp,0.0,0.9,0.0,0.5949369290152347,968.8139891595047,False,settled
b,yellow_ramp,ramp,0.0,0.9,0.0,0.8579064240920368,886.4372258598236,False,settled
b,yellow_ramp,ramp,0.0,0.9,0.0,0.35946353896051797,1055.9938502711072,False,settled
b,yellow_ramp,ramp,0.0,0.9,0.0,1.1943994638326478,801.1626790987098,False,settled
b,yellow_ramp,ramp,0.0,0.9,0.0,0.7548779522660336,916.3983824239799,False,settled
b,yellow_ramp,ramp,0.0,0.9,0.0,0.22780840552221426,1115.9218903516285,False,settled
b,yellow_ramp,ramp,0.0,0.9,0.0,0.5694813372013314,979.6168806947898,False,settled
b,yellow_ramp,ramp,0.0,0.9,0.0,1.2215160297561782,792.4816575379747,False,settled
b,yellow_ramp,ramp,0.0,0.9,0.0,0.9141486826811743,869.8103939099931,False,settled
b,yellow_ramp,ramp,0.0,0.9,0.0,0.2505444081675336,1097.3827206563362,False,settled
b,yellow_ramp,ramp,0.0,0.9,0.0,0.6568961070852954,944.7206311985768,False,settled
b,yellow_ramp,ramp,0.0,0.9,0.0,0.41564566558711774,1036.9348797287503,False,settled
b,yellow_ramp,ramp,0.0,0.9,0.0,0.3304775300514851,1071.7356479233806,False,settled
b,yellow_ramp,ramp,0.0,0.9,0.0,0.9022260446552092,871.3744983695811,False,settled
b,yellow_ramp,ramp,0.0,0.9,0.0,0.313054666827307,1079.1221542884305,False,settled
b,yellow_ramp,ramp,0.0,0.9,0.0,0.36766110396100365,1049.590446524335,False,settled
b,yellow_ramp,ramp,0.0,0.9,0.0,0.8363476091766116,889.3264363570463,False,settled
b,yellow_ramp,ramp,0.0,0.9,0.0,0.6518833328030876,948.8087766265978,False,settled
b,yellow_ramp,ramp,0.0,0.9,0.0,0.7731050623263059,906.7198541075288,False,settled
b,yellow_ramp,ramp,0.0,0.9,0.0,0.7073579171927019,926.7647213917319,False,settled
b,yellow_ramp,ramp,0.0,0.9,0.0,0.7822362679909878,905.5808236488783,False,settled
b,yellow_ramp,ramp,0.0,0.9,0.0,0.5149603939008754,992.7848866312528,False,settled
b,yellow_ramp,ramp,0.0,0.9,0.0,0.8777312837199673,878.7792056908584,False,settled
b,yellow_ramp,ramp,0.0,0.9,0.0,0.9485935229677915,858.3943017356222,False,settled
b,yellow_ramp,ramp,0.0,0.9,0.0,0.8365284703120411,889.1563873783361,False,settled
b,yellow_ramp,ramp,0.0,0.9,0.0,0.693110558924778,938.7241473385374,False,settled
b,yellow_ramp,ramp,0.0,0.9,0.0,0.6343419837406635,954.5201376470902,False,settled
b,yellow_ramp,ramp,0.0,0.9,0.0,0.7286564368361005,924.0465069534687,False,settled
b,yellow_ramp,ramp,0.0,0.9,0.0,0.7511530882815574,919.6992279199089,False,settled
b,yellow_ramp,ramp,0.0,0.9,0.0,1.16507309488865,808.5471947081483,False,settled
b,yellow_ramp,ramp,0.0,0.9,0.0,1.1665135397413255,807.9685126461587,False,settled
b,yellow_ramp,ramp,0.0,0.9,0.0,0.4952202735533066,997.612923860782,False,settled
b,yellow_ramp,ramp,0.0,0.9,0.0,0.6511511741112098,949.4279169241448,False,settled
b,yellow_ramp,ramp,0.0,0.9,0.0,1.129822287841272,816.7670075213177,False,settled
b,yellow_ramp,ramp,0.0,0.9,0.0,0.3009103638526801,1073.9651369371609,False,settled
b,yellow_ramp,ramp,0.0,0.9,0.0,0.9703174516273556,853.3469905613748,False,settled
b,yellow_ramp,ramp,0.0,0.9,0.0,1.0335088072109717,840.2512830579808,False,settled
b,yellow_ramp,ramp,0.0,0.9,0.0,0.3065717398813311,1069.9473683013414,False,settled
b,yellow_ramp,ramp,0.0,0.9,0.0,0.997457925099604,844.2741545066209,False,settled
b,yellow_ramp,ramp,0.0,0.9,0.0,0.8353720130981376,890.1556690476475,False,settled
b,yellow_ramp,ramp,0.0,0.9,0.0,0.37745114756643544,1042.0644647925828,False,settled
b,yellow_ramp,ramp,0.0,0.9,0.0,0.6355235104047133,953.529137276175,False,settled
b,yellow_ramp,ramp,0.0,0.9,0.0,0.7198496048823437,923.8764164853029,False,settled
b,yellow_ramp,ramp,0.0,0.9,0.0,0.30062243465311683,1074.168536785323,False,settled
b,yellow_ramp,ramp,0.0,0.9,0.0,0.6434884253607679,947.0009489387116,False,settled
b,yellow_ramp,ramp,0.0,0.9,0.0,0.224855509943247,1113.9430039842762,False,settled
b,yellow_ramp,ramp,0.0,0.9,0.0,0.7849416644693119,903.1633780046302,False,settled
b,yellow_ramp,ramp,0.0,0.9,0.0,0.7321819610161752,920.955723638271,False,settled
b,yellow_ramp,ramp,0.0,0.9,0.0,1.0869956489746504,827.0127747678963,False,settled
b,yellow_ramp,ramp,0.0,0.9,0.0,0.4602791977575973,1019.4607015278528,False,settled
b,yellow_ramp,ramp,0.0,0.9,0.0,0.9220137370540573,866.9727434083206,False,settled
b,yellow_ramp,ramp,0.0,0.9,0.0,0.25509833110007063,1090.3678025301058,False,settled
b,yellow_ramp,ramp,0.0,0.9,0.0,0.42449212442062106,1030.1041953798751,False,settled
b,yellow_ramp,ramp,0.0,0.9,0.0,0.5312783560998088,985.737268549361,False,settled
b,yellow_ramp,ramp,0.0,0.9,0.0,0.7806500812341556,907.0188236790663,False,settled
b,yellow_ramp,ramp,0.0,0.9,0.0,1.086241548144484,828.239116514669,False,settled
b,yellow_ramp,ramp,0.0,0.9,0.0,0.7159280623728503,927.2703842943926,False,settled
b,yellow_ramp,ramp,0.0,0.9,0.0,0.7826669701879732,905.2797624274924,False,settled
b,yellow_ramp,ramp,0.0,0.9,0.0,0.5669220382747449,981.7317863128872,False,settled
b,yellow_ramp,ramp,0.0,0.9,0.0,1.0862483444831024,828.2280317635052,False,settled
b,yellow_ramp,ramp,0.0,0.9,0.0,1.2066941128161037,798.0096894851796,False,settled
b,yellow_ramp,ramp,0.0,0.9,0.0,0.5790860697177425,971.7100907644818,False,settled
b,yellow_ramp,ramp,0.0,0.9,0.0,0.617214757518537,959.5281679287997,False,settled
b,yellow_ramp,ramp,0.0,0.9,0.0,1.0789508669627004,829.4101987611313,False,settled
b,yellow_ramp,ramp,0.0,0.9,0.0,0.22460912477961764,1111.9569979836883,False,settled
b,yellow_ramp,ramp,0.0,0.9,0.0,0.3571452983473068,1057.8191298163615,False,settled
b,yellow_ramp,ramp,0.0,0.9,0.0,0.9207971318829333,868.2426494381444,False,settled
b,yellow_ramp,ramp,0.0,0.9,0.0,1.0887439067291258,827.5964281168428,False,settled
b,yellow_ramp,ramp,0.0,0.9,0.0,0.22329451920972057,1112.8073519757004,False,settled
b,yellow_ramp,ramp,0.0,0.9,0.0,0.7456608499763749,916.9746682796035,False,settled
b,yellow_ramp,ramp,0.0,0.9,0.0,0.2659340762737784,1086.7357991554838,False,settled
b,yellow_ramp,ramp,0.0,0.9,0.0,0.6166702472842907,959.7217917316995,False,settled
b,yellow_ramp,ramp,0.0,0.9,0.0,1.0162627864085898,844.5411002353896,False,settled
b,yellow_ramp,ramp,0.0,0.9,0.0,0.35689260436380305,1058.018036657772,False,settled
b,yellow_ramp,ramp,0.0,0.9,0.0,0.3838012613606839,1050.0476116224916,False,settled
b,yellow_ramp,ramp,0.0,0.9,0.0,1.154860996514332,812.1434088807704,False,settled
b,yellow_ramp,ramp,0.0,0.9,0.0,0.25336845991102463,1102.374518436046,False,settled
b,yellow_ramp,ramp,0.0,0.9,0.0,0.6272593669506001,960.2316172821432,False,settled
b,yellow_ramp,ramp,0.0,0.9,0.0,0.666485269709485,945.1982931910616,False,settled
b,yellow_ramp,ramp,0.0,0.9,0.0,0.9663885095397149,853.2006176963214,False,settled
b,yellow_ramp,ramp,0.0,0.9,0.0,0.2662767217405914,1098.5687566219956,False,settled
b,yellow_ramp,ramp,0.0,0.9,0.0,1.1466757120898945,812.1259743351375,False,settled
b,yellow_ramp,ramp,0.0,0.9,0.0,0.6073006693624009,965.3256021888054,False,settled
b,yellow_ramp,ramp,0.0,0.9,0.0,0.4427232431226057,1015.9216035495175,False,settled
b,yellow_ramp,ramp,0.0,0.9,0.0,0.3457755720183218,1052.9410245386343,False,settled
b,yellow_ramp,ramp,0.0,0.9,0.0,0.5021185600117267,1002.9852989677919,False,settled
b,yellow_ramp,ramp,0.0,0.9,0.0,0.33202899526689866,1057.6847986300168,False,settled
b,yellow_ramp,ramp,0.0,0.9,0.0,0.890634601922093,877.2991572658375,False,settled
b,yellow_ramp,ramp,0.0,0.9,0.0,0.362046078664157,1053.9820782714512,False,settled
b,yellow_ramp,ramp,0.0,0.9,0.0,0.736878983205202,924.3578558231574,False,settled
b,yellow_ramp,ramp,0.0,0.9,0.0,0.7165525999843506,926.7269123308215,False,settled
b,yellow_ramp,ramp,0.0,0.9,0.0,0.4264138936185328,1028.5737193891812,False,settled
b,yellow_ramp,ramp,0.0,0.9,0.0,0.27774180264158604,1084.3592709082068,False,settled
b,yellow_ramp,ramp,0.0,0.9,0.0,0.5122515077383851,994.9256454320051,False,settled
b,yellow_ramp,ramp,0.0,0.9,0.0,0.6512202393848588,949.3695131249507,False,settled
b,yellow_ramp,ramp,0.0,0.9,0.0,0.33264719195336906,1057.6789845943504,False,settled
b,yellow_ramp,ramp,0.0,0.9,0.0,0.2961380591383241,1076.9283880154778,False,settled
b,yellow_ramp,ramp,0.0,0.9,0.0,0.46091343660299,1019.3415379986814,False,settled
b,yellow_ramp,ramp,0.0,0.9,0.0,0.4412228078456384,1016.9796213958864,False,settled
b,yellow_ramp,ramp,0.0,0.9,0.0,1.2167346392475629,793.0744190173558,False,settled
b,yellow_ramp,ramp,0.0,0.9,0.0,0.6779953724809091,938.4276945752679,False,settled
b,yellow_ramp,ramp,0.0,0.9,0.0,0.3201150219139817,1073.9268576211502,False,settled
b,yellow_ramp,ramp,0.0,0.9,0.0,1.107894779234901,822.6752206413644,False,settled
b,yellow_ramp,ramp,0.0,0.9,0.0,1.1205304230361859,818.8824203341048,False,settled
b,yellow_ramp,ramp,0.0,0.9,0.0,0.6435220868098162,946.973058517645,False,settled
b,yellow_ramp,ramp,0.0,0.9,0.0,0.4150695538395128,1037.3966223770763,False,settled
b,yellow_ramp,ramp,0.0,0.9,0.0,1.0860400753479749,828.567603119519,False,settled
b,yellow_ramp,ramp,0.0,0.9,0.0,0.517124443935815,991.4440185448656,False,settled
b,yellow_ramp,ramp,0.0,0.9,0.0,0.2295027795177699,1103.071667669184,False,settled
b,yellow_ramp,ramp,0.0,0.9,0.0,0.6424472155884551,947.7560133708681,False,settled
b,yellow_ramp,ramp,0.0,0.9,0.0,0.356793580277652,1058.0959800811909,False,settled
b,yellow_ramp,ramp,0.0,0.9,0.0,0.518540880129065,990.2512869876729,False,settled
b,yellow_ramp,ramp,0.0,0.9,0.0,0.33371069966021233,1057.5470230089697,False,settled
b,yellow_ramp,ramp,0.0,0.9,0.0,0.2960850031072317,1076.9559443516519,False,settled
b,yellow_ramp,ramp,0.0,0.9,0.0,0.48362887747427413,1006.49392962847,False,settled
b,yellow_ramp,ramp,0.0,0.9,0.0,0.4268517068556068,1028.2250924117425,False,settled
b,yellow_ramp,ramp,0.0,0.9,0.0,0.9295642837606158,864.5105943194153,False,settled
b,yellow_ramp,ramp,0.0,0.9,0.0,1.0421121624644254,838.0055915984227,False,settled
b,yellow_ramp,ramp,0.0,0.9,0.0,0.33598807319386803,1057.1775317676115,False,settled
b,yellow_ramp,ramp,0.0,0.9,0.0,0.31038594275531006,1066.9556076129948,False,settled
b,yellow_ramp,ramp,0.0,0.9,0.0,1.064662885561934,833.2550195077301,False,settled
b,yellow_ramp,ramp,0.0,0.9,0.0,0.7304273214765413,922.4938671465336,False,settled
b,yellow_ramp,ramp,0.0,0.9,0.0,0.5791712317343138,971.6403716635365,False,settled
b,yellow_ramp,ramp,0.0,0.9,0.0,0.2829330998374131,1082.5444850314293,False,settled
b,yellow_ramp,ramp,0.0,0.9,0.0,1.0135782349956874,846.4570150962353,False,settled
b,yellow_ramp,ramp,0.0,0.9,0.0,0.5313323842966095,985.725990947654,False,settled
b,yellow_ramp,ramp,0.0,0.9,0.0,0.23533067935393065,1102.7875319750194,False,settled
b,yellow_ramp,ramp,0.0,0.9,0.0,0.29629425554350086,1076.8455045414219,False,settled
b,yellow_ramp,ramp,0.0,0.9,0.0,0.43561134864264367,1021.2794224094586,False,settled
b,yellow_ramp,ramp,0.0,0.9,0.0,0.2860063651544795,1080.6504163034285,False,settled
b,yellow_ramp,ramp,0.0,0.9,0.0,0.7972636781993642,905.7536436953891,False,settled
b,yellow_ramp,ramp,0.0,0.9,0.0,0.2530737591388153,1101.7446049147768,False,settled
b,yellow_ramp,ramp,0.0,0.9,0.0,0.5971121070517778,967.927063337901,False,settled
b,yellow_ramp,ramp,0.0,0.9,0.0,0.3746324673206279,1044.1608172502524,False,settled
b,yellow_ramp,ramp,0.0,0.9,0.0,0.43684831276079455,1020.3191610828616,False,settled
b,yellow_ramp,ramp,0.0,0.9,0.0,0.8106860345134944,900.0513629260363,False,settled
b,yellow_ramp,ramp,0.0,0.9,0.0,0.5239191162506828,987.3817211664566,False,settled
b,yellow_ramp,ramp,0.0,0.9,0.0,0.8904366221070403,877.500471259281,False,settled
b,yellow_ramp,ramp,0.0,0.9,0.0,0.7516217058177547,919.2815640566089,False,settled
b,yellow_ramp,ramp,0.0,0.9,0.0,0.28209020847119165,1088.1524543459432,False,settled
b,yellow_ramp,ramp,0.0,0.9,0.0,0.8496051011857043,887.5203103372529,False,settled
b,yellow_ramp,ramp,0.0,0.9,0.0,1.069757011419487,832.9168377033427,False,settled
b,yellow_ramp,ramp,0.0,0.9,0.0,1.1431734479651499,813.5106876960467,False,settled
b,yellow_ramp,ramp,0.0,0.9,0.0,0.4945404667563867,998.0569133327747,False,settled
b,yellow_ramp,ramp,0.0,0.9,0.0,0.2668340553703645,1098.0084657482475,False,settled
b,yellow_ramp,ramp,0.0,0.9,0.0,1.2217542320959696,791.1090907112143,False,settled
b,yellow_ramp,ramp,0.0,0.9,0.0,0.24175247301110822,1102.7092452680445,False,settled
b,yellow_ramp,ramp,0.0,0.9,0.0,0.8854612224068984,876.829317889559,False,settled
b,yellow_ramp,ramp,0.0,0.9,0.0,1.0731677441548086,831.2889255316842,False,settled
b,yellow_ramp,ramp,0.0,0.9,0.0,0.2735445371244392,1087.464199876152,False,settled
b,yellow_ramp,ramp,0.0,0.9,0.0,0.2697092497543293,1088.098121166259,False,settled
b,yellow_ramp,ramp,0.0,0.9,0.0,0.27199541284539486,1084.7040744506971,False,settled
b,yellow_ramp,ramp,0.0,0.9,0.0,0.9938940241412534,848.4858237898756,False,settled
b,yellow_ramp,ramp,0.0,0.9,0.0,0.7287452172754714,923.9686764424257,False,settled
b,yellow_ramp,ramp,0.0,0.9,0.0,0.9159318833949704,867.9772764699271,False,settled
b,yellow_ramp,ramp,0.0,0.9,0.0,1.2113571101906475,795.4574816489792,False,settled
b,yellow_ramp,ramp,0.0,0.9,0.0,1.2151189141227117,795.3463542025894,False,settled
b,yellow_ramp,ramp,0.0,0.9,0.0,0.7837779711664631,904.2015479287301,False,settled
b,yellow_ramp,ramp,0.0,0.9,0.0,0.9741975611726772,853.2971018164285,False,settled
b,yellow_ramp,ramp,0.0,0.9,0.0,0.8459511956077646,889.0578344525999,False,settled
b,yellow_ramp,ramp,0.0,0.9,0.0,0.9745758609281165,853.1140400167824,False,settled
b,yellow_ramp,ramp,0.0,0.9,0.0,0.6603790195145478,941.8347630427144,False,settled
b,yellow_ramp,ramp,0.0,0.9,0.0,0.49806871931621444,1006.2739208878746,False,settled
b,yellow_ramp,ramp,0.0,0.9,0.0,0.5369011766094649,984.6412701040209,False,settled
b,yellow_ramp,ramp,0.0,0.9,0.0,0.22913249360130147,1115.68225173672,False,settled
b,yellow_ramp,ramp,0.0,0.9,0.0,0.8237222930287879,894.5660865748181,False,settled
b,yellow_ramp,ramp,0.0,0.9,0.0,0.26743050490278336,1084.003358632273,False,settled
b,yellow_ramp,ramp,0.0,0.9,0.0,0.4267785985765722,1028.2833086260155,False,settled
b,yellow_ramp,ramp,0.0,0.9,0.0,0.4493634405836685,1022.7709049579702,False,settled
b,yellow_ramp,ramp,0.0,0.9,0.0,1.180710314625814,805.2195589303057,False,settled
b,yellow_ramp,ramp,0.0,0.9,0.0,1.194792958492358,801.6628531909727,False,settled
b,yellow_ramp,ramp,0.0,0.9,0.0,0.35724599554176567,1057.7398635505897,False,settled
b,yellow_ramp,ramp,0.0,0.9,0.0,0.9571017813697151,858.4931253084183,False,settled
b,yellow_ramp,ramp,0.0,0.9,0.0,0.6065666645535469,965.5107208506641,False,settled
b,yellow_ramp,ramp,0.0,0.9,0.0,1.1607473701011104,808.161151437184,False,settled
b,yellow_ramp,ramp,0.0,0.9,0.0,0.8620664916229032,882.3769939713671,False,settled
b,yellow_ramp,ramp,0.0,0.9,0.0,1.0222628595514276,843.7335520728059,False,settled
b,yellow_ramp,ramp,0.0,0.9,0.0,0.6253377022592944,952.9088907368276,False,settled
b,yellow_ramp,ramp,0.0,0.9,0.0,0.5435048536594826,980.4563519650917,False,settled
b,yellow_ramp,ramp,0.0,0.9,0.0,0.5035065300570576,1001.8585137464113,False,settled
b,yellow_ramp,ramp,0.0,0.9,0.0,0.6043550443026838,966.0739545543767,False,settled
b,yellow_ramp,ramp,0.0,0.9,0.0,0.3368534942573863,1057.0755340586627,False,settled
b,yellow_ramp,ramp,0.0,0.9,0.0,1.0055724644649489,847.8288158211964,False,settled
b,yellow_ramp,ramp,0.0,0.9,0.0,0.46850821946247967,1006.4485929323146,False,settled
b,yellow_ramp,ramp,0.0,0.9,0.0,0.7059229952415196,927.8890407373398,False,settled
b,yellow_ramp,ramp,0.0,0.9,0.0,0.27282765961838695,1085.1569269566603,False,settled
b,yellow_ramp,ramp,0.0,0.9,0.0,1.000082828441695,845.4305551707636,False,settled
b,yellow_ramp,ramp,0.0,0.9,0.0,0.30055854158987416,1074.213658342396,False,settled
b,yellow_ramp,ramp,0.0,0.9,0.0,0.2321704896179053,1110.8971727832793,False,settled
b,yellow_ramp,ramp,0.0,0.9,0.0,1.1445715050110694,813.2536920585135,False,settled
b,yellow_ramp,ramp,0.0,0.9,0.0,0.25989830234052724,1096.1168776097757,False,settled
b,yellow_ramp,ramp,0.0,0.9,0.0,1.031557677792623,841.710351073534,False,settled
b,yellow_ramp,ramp,0.0,0.9,0.0,0.5338150879017665,985.2078691093427,False,settled
b,yellow_ramp,ramp,0.0,0.9,0.0,0.6506117094665462,949.6275996914436,False,settled
b,yellow_ramp,ramp,0.0,0.9,0.0,0.5064881170217268,999.442255932006,False,settled
b,yellow_ramp,ramp,0.0,0.9,0.0,0.2582592801873978,1094.1349134335146,False,settled
b,yellow_ramp,ramp,0.0,0.9,0.0,0.7747747838812713,912.3808442186672,False,settled
b,yellow_ramp,ramp,0.0,0.9,0.0,0.4959639056733628,997.0258445251509,False,settled
b,yellow_ramp,ramp,0.0,0.9,0.0,0.8198225920467026,898.1227284304595,False,settled
b,yellow_ramp,ramp,0.0,0.9,0.0,0.2709473437183262,1089.3012628130734,False,settled
b,yellow_ramp,ramp,0.0,0.9,0.0,1.1777332489833514,805.0836093152452,False,settled
b,yellow_ramp,ramp,0.0,0.9,0.0,0.2872507481231555,1077.7251922777555,False,settled
b,yellow_ramp,ramp,0.0,0.9,0.0,0.45387366109894267,1020.6641849225817,False,settled
b,yellow_ramp,ramp,0.0,0.9,0.0,0.2257045340744255,1115.0416120708123,False,settled
b,yellow_ramp,ramp,0.0,0.9,0.0,0.46383311039759756,1018.7929734986549,False,settled
b,yellow_ramp,ramp,0.0,0.9,0.0,0.7234576954292037,928.3847383221969,False,settled
b,yellow_ramp,ramp,0.0,0.9,0.0,0.5178551214531943,990.7909641675861,False,settled
b,yellow_ramp,ramp,0.0,0.9,0.0,0.39953972145505123,1034.3161345696574,False,settled
b,yellow_ramp,ramp,0.0,0.9,0.0,0.7253007674205144,927.0056041507812,False,settled
b,yellow_ramp,ramp,0.0,0.9,0.0,1.0144194334809506,845.376672375099,False,settled
b,yellow_ramp,ramp,0.0,0.9,0.0,0.7109687564556857,931.6061280931758,False,settled
b,yellow_ramp,ramp,0.0,0.9,0.0,1.0813867638207262,829.0777861988208,False,settled
b,yellow_ramp,ramp,0.0,0.9,0.0,0.8869884353508984,875.2984956226658,False,settled
b,yellow_ramp,ramp,0.0,0.9,0.0,0.6181344199734001,958.7635540226254,False,settled
b,yellow_ramp,ramp,0.0,0.9,0.0,0.21903154885844953,1105.646575649102,False,settled
b,yellow_ramp,ramp,0.0,0.9,0.0,0.583780839468782,968.3245606286137,False,settled
b,yellow_ramp,ramp,0.0,0.9,0.0,0.5945500599497534,969.130979344874,False,settled
b,yellow_ramp,ramp,0.0,0.9,0.0,0.2773860962592559,1084.7095811267716,False,settled
b,yellow_ramp,ramp,0.0,0.9,0.0,1.017553813608017,845.6208801740407,False,settled
b,yellow_ramp,ramp,0.0,0.9,0.0,0.5486046720507877,986.4537387129859,False,settled
b,yellow_ramp,ramp,0.0,0.9,0.0,0.6367362545763616,952.5122650916893,False,settled
b,yellow_ramp,ramp,0.0,0.9,0.0,0.4588169745468877,1019.7356537553147,False,settled
b,yellow_ramp,ramp,0.0,0.9,0.0,0.6081685468261331,965.1067202796623,False,settled
b,yellow_ramp,ramp,0.0,0.9,0.0,0.6307691089954763,957.2673539179884,False,settled
b,yellow_ramp,ramp,0.0,0.9,0.0,0.4694769920053545,1006.2745425943966,False,settled
b,yellow_ramp,ramp,0.0,0.9,0.0,0.778659547928023,908.829424484964,False,settled
b,yellow_ramp,ramp,0.0,0.9,0.0,0.6463887208346107,953.2061744952439,False,settled
b,yellow_ramp,ramp,0.0,0.9,0.0,0.48777388321885135,1003.165510157761,False,settled
b,yellow_ramp,ramp,0.0,0.9,0.0,0.8706135722779462,879.9611132608774,False,settled
b,yellow_ramp,ramp,0.0,0.9,0.0,0.49603732804495354,996.9673585824186,False,settled
b,yellow_ramp,ramp,0.0,0.9,0.0,0.2551647278877668,1090.4911590376084,False,settled
b,yellow_ramp,ramp,0.0,0.9,0.0,0.35876937068845666,1056.5404985128498,False,settled
b,yellow_ramp,ramp,0.0,0.9,0.0,0.7390621145818841,922.718640691328,False,settled
b,yellow_ramp,ramp,0.0,0.9,0.0,0.48277158322066066,1007.183277061907,False,settled
b,yellow_ramp,ramp,0.0,0.9,0.0,0.3042013697042735,1071.6351488689038,False,settled
b,yellow_ramp,ramp,0.0,0.9,0.0,0.447101894215418,1024.564015578458,False,settled
b,yellow_ramp,ramp,0.0,0.9,0.0,0.594430840664382,969.2286620146523,False,settled
b,yellow_ramp,ramp,0.0,0.9,0.0,1.208284466380245,797.2077025079378,False,settled
b,yellow_ramp,ramp,0.0,0.9,0.0,0.5076672354137638,998.5325445036634,False,settled
b,yellow_ramp,ramp,0.0,0.9,0.0,1.0662547653550951,833.3634622584884,False,settled
b,yellow_ramp,ramp,0.0,0.9,0.0,0.6762933648044406,938.9274260356898,False,settled
b,yellow_ramp,ramp,0.0,0.9,0.0,0.4863917108556943,1004.2729953510931,False,settled
b,yellow_ramp,ramp,0.0,0.9,0.0,0.9101999460640426,868.7883275630965,False,settled
b,yellow_ramp,ramp,0.0,0.9,0.0,1.2054232456684475,798.8407931321182,False,settled
b,yellow_ramp,ramp,0.0,0.9,0.0,0.6940514207072476,937.9061058491656,False,settled
b,yellow_ramp,ramp,0.0,0.9,0.0,0.535928513896754,984.8441889587428,False,settled
b,yellow_ramp,ramp,0.0,0.9,0.0,0.45886951880572646,1019.7257797229607,False,settled
b,yellow_ramp,ramp,0.0,0.9,0.0,0.5217557339668347,987.7756328141113,False,settled
b,yellow_ramp,ramp,0.0,0.9,0.0,0.24265076737539165,1105.9301097066389,False,settled
b,yellow_ramp,ramp,0.0,0.9,0.0,0.4310210266473165,1024.9078005833383,False,settled
b,yellow_ramp,ramp,0.0,0.9,0.0,0.8269005180576452,891.6557941649857,False,settled
b,yellow_ramp,ramp,0.0,0.9,0.0,0.8871171750567731,875.1694711127731,False,settled
b,yellow_ramp,ramp,0.0,0.9,0.0,1.1967536001694534,801.135410076505,False,settled
b,yellow_ramp,ramp,0.0,0.9,0.0,1.001240980268708,844.04514317896,False,settled
b,yellow_ramp,ramp,0.0,0.9,0.0,0.8673440638663333,883.1817893480625,False,settled
b,yellow_ramp,ramp,0.0,0.9,0.0,0.3577541885921209,1057.33980136363,False,settled
b,yellow_ramp,ramp,0.0,0.9,0.0,1.1225142060815239,818.1407999248627,False,settled
b,yellow_ramp,ramp,0.0,0.9,0.0,0.4646999415846994,1018.63010731907,False,settled
b,yellow_ramp,ramp,0.0,0.9,0.0,0.3620339397591993,1053.9915694205613,False,settled
b,yellow_ramp,ramp,0.0,0.9,0.0,0.43435843867530105,1022.2698457666362,False,settled
b,yellow_ramp,ramp,0.0,0.9,0.0,0.6622520387713672,948.8273096708734,False,settled
b,yellow_ramp,ramp,0.0,0.9,0.0,0.8584987178661102,885.8591648856199,False,settled
b,yellow_ramp,ramp,0.0,0.9,0.0,1.1075791629121274,823.2398429003298,False,settled
b,yellow_ramp,ramp,0.0,0.9,0.0,0.4012070027828056,1034.0736806628863,False,settled
b,yellow_ramp,ramp,0.0,0.9,0.0,0.3200456119300612,1073.9608873137672,False,settled
b,yellow_ramp,ramp,0.0,0.9,0.0,0.4301498447555041,1025.5984909017568,False,settled
b,yellow_ramp,ramp,0.0,0.9,0.0,0.28723129956823273,1077.7167706765867,False,settled
b,yellow_ramp,ramp,0.0,0.9,0.0,0.6541050528383375,946.9807382195736,False,settled
b,yellow_ramp,ramp,0.0,0.9,0.0,0.6276231430988688,959.9243860038512,False,settled
b,yellow_ramp,ramp,0.0,0.9,0.0,0.2766167451299974,1089.770665876319,False,settled
b,yellow_ramp,ramp,0.0,0.9,0.0,0.5223081481715369,987.7295792212946,False,settled
b,yellow_ramp,ramp,0.0,0.9,0.0,0.9770055039099532,850.4270906430139,False,settled
b,yellow_ramp,ramp,0.0,0.9,0.0,0.48500781762323386,1005.3854594199136,False,settled
b,yellow_ramp,ramp,0.0,0.9,0.0,0.25387655056975134,1102.6440911328123,False,settled
b,yellow_ramp,ramp,0.0,0.9,0.0,0.7512364710289136,919.6249119627713,False,settled
b,yellow_ramp,ramp,0.0,0.9,0.0,0.6079505607771952,965.1616971770105,False,settled
b,yellow_ramp,ramp,0.0,0.9,0.0,0.8199455660648003,898.0066472509062,False,settled
b,yellow_ramp,ramp,0.0,0.9,0.0,0.7237075551846824,928.1641440682212,False,settled
b,yellow_ramp,ramp,0.0,0.9,0.0,0.7093742419024875,932.7529087139916,False,settled
b,yellow_ramp,ramp,0.0,0.9,0.0,1.0931221827004642,827.1493797877125,False,settled
b,yellow_ramp,ramp,0.0,0.9,0.0,0.2627299558688895,1098.1759543306969,False,settled
b,yellow_ramp,ramp,0.0,0.9,0.0,0.9999657606204059,845.5705789829735,False,settled
b,yellow_ramp,ramp,0.0,0.9,0.0,0.5971053853259631,967.9287831442624,False,settled
b,yellow_ramp,ramp,0.0,0.9,0.0,0.7212513871445686,922.6669855234478,False,settled
b,yellow_ramp,ramp,0.0,0.9,0.0,0.5592708542394197,977.7236865578348,False,settled
b,yellow_ramp,ramp,0.0,0.9,0.0,0.9562461961373532,854.8950910629442,False,settled
b,yellow_ramp,ramp,0.0,0.9,0.0,0.5990955129726887,967.4194250351007,False,settled
b,yellow_ramp,ramp,0.0,0.9,0.0,0.5726921567744087,976.9658670515095,False,settled
b,yellow_ramp,ramp,0.0,0.9,0.0,0.6664272080406564,945.2470940964745,False,settled
b,yellow_ramp,ramp,0.0,0.9,0.0,0.3910781624175977,1035.5831589372754,False,settled
b,yellow_ramp,ramp,0.0,0.9,0.0,0.24356873756536487,1109.2337218380756,False,settled
b,yellow_ramp,ramp,0.0,0.9,0.0,0.8250556884217103,893.340791250275,False,settled
b,yellow_ramp,ramp,0.0,0.9,0.0,0.6190571622764158,957.9963271638524,False,settled
b,yellow_ramp,ramp,0.0,0.9,0.0,0.27932128480866747,1084.7173419609258,False,settled
b,yellow_ramp,ramp,0.0,0.9,0.0,0.5907591709754025,972.2360506008239,False,settled
b,yellow_ramp,ramp,0.0,0.9,0.0,0.5322855107181403,985.527021556301,False,settled
b,yellow_ramp,ramp,0.0,0.9,0.0,0.3243327718058725,1072.5457412333988,False,settled
b,yellow_ramp,ramp,0.0,0.9,0.0,0.9135436189971642,870.4301467193206,False,settled
b,yellow_ramp,ramp,0.0,0.9,0.0,0.3289297826512567,1071.9394724114647,False,settled
b,yellow_ramp,ramp,0.0,0.9,0.0,1.0985835129401311,824.6354458423589,False,settled
b,yellow_ramp,ramp,0.0,0.9,0.0,0.5811147665370724,970.3745509492546,False,settled
b,yellow_ramp,ramp,0.0,0.9,0.0,0.272939880564484,1085.5231224227537,False,settled
b,yellow_ramp,ramp,0.0,0.9,0.0,1.2065364404092394,798.5659004976221,False,settled
b,yellow_ramp,ramp,0.0,0.9,0.0,1.1064020677743232,823.1054118808972,False,settled
b,yellow_ramp,ramp,0.0,0.9,0.0,0.49061845936715476,1000.8967580436895,False,settled
b,yellow_ramp,ramp,0.0,0.9,0.0,0.4541412411177989,1020.6140891940048,False,settled
b,yellow_ramp,ramp,0.0,0.9,0.0,0.37728044741620154,1042.1969093234331,False,settled
b,yellow_ramp,ramp,0.0,0.9,0.0,0.7722647308820894,907.4700664964467,False,settled
b,yellow_ramp,ramp,0.0,0.9,0.0,0.6626818832961127,948.4728935986427,False,settled
b,yellow_ramp,ramp,0.0,0.9,0.0,0.7731714586305629,906.6662715946339,False,settled
b,yellow_ramp,ramp,0.0,0.9,0.0,0.3449518051140579,1053.5789861616108,False,settled
b,yellow_ramp,ramp,0.0,0.9,0.0,0.6652799801910619,946.2115962193614,False,settled
b,yellow_ramp,ramp,0.0,0.9,0.0,1.1257815238214006,817.8564829348886,False,settled
b,yellow_ramp,ramp,0.0,0.9,0.0,0.29706042919297326,1076.3959419879127,False,settled
b,yellow_ramp,ramp,0.0,0.9,0.0,0.5010938339971145,1003.817424384974,False,settled
b,yellow_ramp,ramp,0.0,0.9,0.0,0.54827792792568,986.7231974555542,False,settled
b,yellow_ramp,ramp,0.0,0.9,0.0,0.32361010690084696,1072.64093165082,False,settled
b,yellow_ramp,ramp,0.0,0.9,0.0,0.5100717146504011,996.646965625416,False,settled
b,yellow_ramp,ramp,0.0,0.9,0.0,0.2843238321817578,1081.4921241767304,False,settled
b,yellow_ramp,ramp,0.0,0.9,0.0,1.1241533476551682,818.0125766407043,False,settled
b,yellow_ramp,ramp,0.0,0.9,0.0,0.7013851004572336,931.7884692031264,False,settled
b,yellow_ramp,ramp,0.0,0.9,0.0,1.153924812422401,811.6925756422694,False,settled
b,yellow_ramp,ramp,0.0,0.9,0.0,0.3659546112846735,1050.9251711206448,False,settled
b,yellow_ramp,ramp,0.0,0.9,0.0,0.35942754220541084,1056.0221991167198,False,settled
b,yellow_ramp,ramp,0.0,0.9,0.0,0.91082463536598,868.0848510567816,False,settled
b,yellow_ramp,ramp,0.0,0.9,0.0,0.7963813991216347,899.7170118685048,False,settled
b,yellow_ramp,ramp,0.0,0.9,0.0,0.5835148885562792,968.5383255924718,False,settled
b,yellow_ramp,ramp,0.0,0.9,0.0,0.9503699420524615,856.4839206159284,False,settled
b,yellow_ramp,ramp,0.0,0.9,0.0,0.572194103920843,977.3769955990094,False,settled
b,yellow_ramp,ramp,0.0,0.9,0.0,0.4483267584669526,1023.59282171747,False,settled
b,yellow_ramp,ramp,0.0,0.9,0.0,0.9196914775569649,864.4478340754813,False,settled
b,yellow_ramp,ramp,0.0,0.9,0.0,0.4643590525393924,1018.6941559490452,False,settled
b,yellow_ramp,ramp,0.0,0.9,0.0,0.931373249148778,862.6987969460878,False,settled
b,yellow_ramp,ramp,0.0,0.9,0.0,0.8195983807700534,898.3343714611998,False,settled
b,yellow_ramp,ramp,0.0,0.9,0.0,0.5344611837649449,985.1505338020688,False,settled
b,yellow_ramp,ramp,0.0,0.9,0.0,1.0866324323687282,827.6011462009641,False,settled
b,yellow_ramp,ramp,0.0,0.9,0.0,1.1936139695102872,801.4001120508254,False,settled
b,yellow_ramp,ramp,0.0,0.9,0.0,0.26133691248914315,1095.252362249544,False,settled
b,yellow_ramp,ramp,0.0,0.9,0.0,0.8642002146645511,880.5797784855004,False,settled
b,yellow_ramp,ramp,0.0,0.9,0.0,0.22715748890463747,1106.2040258756888,False,settled
b,yellow_ramp,ramp,0.0,0.9,0.0,0.8874184282317444,875.218444475191,False,settled
b,yellow_ramp,ramp,0.0,0.9,0.0,1.0012654614369696,844.0158615754851,False,settled
b,yellow_ramp,ramp,0.0,0.9,0.0,0.3448681388685255,1053.643779721194,False,settled
b,yellow_ramp,ramp,0.0,0.9,0.0,1.0570549818566919,834.7080455503594,False,settled
b,yellow_ramp,ramp,0.0,0.9,0.0,0.7127461361934988,930.0469904766246,False,settled
b,yellow_ramp,ramp,0.0,0.9,0.0,0.570515165175037,978.7631874448713,False,settled
b,yellow_ramp,ramp,0.0,0.9,0.0,0.47575459395311803,1012.8410283785735,False,settled
b,yellow_ramp,ramp,0.0,0.9,0.0,0.731646100804423,921.4255774178342,False,settled
b,yellow_ramp,ramp,0.0,0.9,0.0,0.8460195742832566,889.0290611847574,False,settled
b,yellow_ramp,ramp,0.0,0.9,0.0,0.4296636402399591,1025.985733957364,False,settled
b,yellow_ramp,ramp,0.0,0.9,0.0,0.39413595018100633,1035.1261083630518,False,settled
b,yellow_ramp,ramp,0.0,0.9,0.0,0.5023677805730302,1002.7829770989487,False,settled
b,yellow_ramp,ramp,0.0,0.9,0.0,0.42695012553400336,1028.146721046415,False,settled
b,yellow_ramp,ramp,0.0,0.9,0.0,0.3681201523680814,1049.2314597962516,False,settled
b,yellow_ramp,ramp,0.0,0.9,0.0,0.7257810402691893,926.5810407912526,False,settled
b,yellow_ramp,ramp,0.0,0.9,0.0,1.1177557534774138,818.539806304368,False,settled
b,yellow_ramp,ramp,0.0,0.9,0.0,0.31674557686024485,1076.2138082258593,False,settled
b,yellow_ramp,ramp,0.0,0.9,0.0,0.2893054308140343,1076.626284055625,False,settled
b,yellow_ramp,ramp,0.0,0.9,0.0,0.739247303456481,922.5576702029637,False,settled
b,yellow_ramp,ramp,0.0,0.9,0.0,0.3744843191476616,1044.2757652739283,False,settled
b,yellow_ramp,ramp,0.0,0.9,0.0,0.25506180576157533,1090.2998913697857,False,settled
b,yellow_ramp,ramp,0.0,0.9,0.0,0.6748516102786373,939.3505990667087,False,settled
b,yellow_ramp,ramp,0.0,0.9,0.0,0.6859398677776101,936.1031895583843,False,settled
b,yellow_ramp,ramp,0.0,0.9,0.0,0.290153039438712,1076.6271804410867,False,settled
b,yellow_ramp,ramp,0.0,0.9,0.0,0.8191601773060543,898.7480076651296,False,settled
b,yellow_ramp,ramp,0.0,0.9,0.0,1.2253299676954534,790.70987513733,False,settled
b,yellow_ramp,ramp,0.0,0.9,0.0,0.3260544138703623,1072.318582226762,False,settled
b,yellow_ramp,ramp,0.0,0.9,0.0,0.6445269107794209,954.7918983042779,False,settled
b,yellow_ramp,ramp,0.0,0.9,0.0,0.454092310118877,1020.623282932988,False,settled
b,yellow_ramp,ramp,0.0,0.9,0.0,0.6537541517120012,947.277026781392,False,settled
b,yellow_ramp,ramp,0.0,0.9,0.0,0.5813090993182544,970.2184952661403,False,settled
b,yellow_ramp,ramp,0.0,0.9,0.0,0.914105299410117,869.8550609317215,False,settled
b,yellow_ramp,ramp,0.0,0.9,0.0,0.766537978657771,912.3169927353341,False,settled
b,yellow_ramp,ramp,0.0,0.9,0.0,0.27420840331276375,1088.4881282181996,False,settled
b,yellow_ramp,ramp,0.0,0.9,0.0,0.7794594288199383,908.0982397942009,False,settled
b,yellow_ramp,ramp,0.0,0.9,0.0,0.41266938385431895,1026.9543948246958,False,settled
b,yellow_ramp,ramp,0.0,0.9,0.0,0.25719413620345793,1090.7384353165307,False,settled
b,yellow_ramp,ramp,0.0,0.9,0.0,0.9125378827457918,866.4114614312247,False,settled
b,yellow_ramp,ramp,0.0,0.9,0.0,0.6355894870280926,953.4738171536108,False,settled
b,yellow_ramp,ramp,0.0,0.9,0.0,0.4103395145480649,1028.666957347408,False,settled
b,yellow_ramp,ramp,0.0,0.9,0.0,0.9646038788833791,855.1131050989418,False,settled
b,yellow_ramp,ramp,0.0,0.9,0.0,0.7417876048135577,920.350009610776,False,settled
b,yellow_ramp,ramp,0.0,0.9,0.0,0.3265007289903254,1072.2596767202972,False,settled
b,yellow_ramp,ramp,0.0,0.9,0.0,0.2654314837080684,1085.8194669495947,False,settled
b,yellow_ramp,ramp,0.0,0.9,0.0,0.6233882066142243,954.4121759578732,False,settled
b,yellow_ramp,ramp,0.0,0.9,0.0,1.1309581677875689,817.1447057188759,False,settled
b,yellow_ramp,ramp,0.0,0.9,0.0,0.2490230710625488,1092.6509589101931,False,settled
b,yellow_ramp,ramp,0.0,0.9,0.0,0.5277372547995883,986.4801579302019,False,settled
b,yellow_ramp,ramp,0.0,0.9,0.0,0.4912711675668895,1000.3762970435923,False,settled
b,yellow_ramp,ramp,0.0,0.9,0.0,0.2655601706444452,1085.967887147826,False,settled
b,yellow_ramp,ramp,0.0,0.9,0.0,0.8097421765228265,900.9324679212093,False,settled
b,yellow_ramp,ramp,0.0,0.9,0.0,0.8754347338179164,881.067473754509,False,settled
b,yellow_ramp,ramp,0.0,0.9,0.0,0.4992923461397046,1005.2802670642658,False,settled
b,yellow_ramp,ramp,0.0,0.9,0.0,0.974616885606155,853.0671484463479,False,settled
b,yellow_ramp,ramp,0.0,0.9,0.0,0.36872351816976345,1048.759610075094,False,settled
b,yellow_ramp,ramp,0.0,0.9,0.0,1.173150805760138,807.3890300431269,False,settled
b,yellow_ramp,ramp,0.0,0.9,0.0,0.32637097614066046,1072.2767713652443,False,settled
b,yellow_ramp,ramp,0.0,0.9,0.0,0.5771218768303901,973.3185373372102,False,settled
b,yellow_ramp,ramp,0.0,0.9,0.0,0.6690962196593216,943.2566330772329,False,settled
b,yellow_ramp,ramp,0.0,0.9,0.0,0.5867228287685069,966.0068204273807,False,settled
b,yellow_ramp,ramp,0.0,0.9,0.0,0.27642098186052166,1089.6497267896493,False,settled
b,yellow_ramp,ramp,0.0,0.9,0.0,0.6353198906640594,953.6998681085779,False,settled
b,yellow_ramp,ramp,0.0,0.9,0.0,0.33297568638832964,1057.6404683993796,False,settled
b,yellow_ramp,ramp,0.0,0.9,0.0,0.3735973066232894,1044.9642019689961,False,settled
b,yellow_ramp,ramp,0.0,0.9,0.0,0.4832046285062185,1006.8349625128238,False,settled
b,yellow_ramp,ramp,0.0,0.9,0.0,0.5931011714927694,970.3163172995166,False,settled
b,yellow_ramp,ramp,0.0,0.9,0.0,0.5314199055866594,985.7077267854227,False,settled
b,yellow_ramp,ramp,0.0,0.9,0.0,1.1642194734664106,808.1898605766983,False,settled
b,yellow_ramp,ramp,0.0,0.9,0.0,0.4289379710259439,1026.563679247479,False,settled
b,yellow_ramp,ramp,0.0,0.9,0.0,0.8426342069071616,890.4637234404838,False,settled
b,yellow_ramp,ramp,0.0,0.9,0.0,0.5252418363976429,987.1011661259301,False,settled
b,yellow_ramp,ramp,0.0,0.9,0.0,0.51532139883291,992.5010159527257,False,settled
b,yellow_ramp,ramp,0.0,0.9,0.0,1.0998286733460392,823.5745812532554,False,settled
b,yellow_ramp,ramp,0.0,0.9,0.0,0.6751009380824762,939.277418350843,False,settled
b,yellow_ramp,ramp,0.0,0.9,0.0,0.8705226714897086,880.0504245867537,False,settled
b,yellow_ramp,ramp,0.0,0.9,0.0,0.42129512903054117,1032.6502178525125,False,settled
b,yellow_ramp,ramp,0.0,0.9,0.0,0.8490988249615444,887.7332815702599,False,settled
b,yellow_ramp,ramp,0.0,0.9,0.0,0.7114307378712019,931.200878168223,False,settled
b,yellow_ramp,ramp,0.0,0.9,0.0,0.7589464122336327,914.9738541136256,False,settled
b,yellow_ramp,ramp,0.0,0.9,0.0,0.28896524061708434,1076.8150230412723,False,settled
b,yellow_ramp,ramp,0.0,0.9,0.0,0.6833334432599498,936.8611581643613,False,settled
b,yellow_ramp,ramp,0.0,0.9,0.0,0.9283471097947595,865.5351882536829,False,settled
b,yellow_ramp,ramp,0.0,0.9,0.0,0.41294678506191473,1026.7380249166688,False,settled
b,yellow_ramp,ramp,0.0,0.9,0.0,0.3705182055568495,1047.3560941662604,False,settled
b,yellow_ramp,ramp,0.0,0.9,0.0,0.9119843201422421,866.9588672352751,False,settled
b,yellow_ramp,ramp,0.0,0.9,0.0,0.3645124479707156,1052.0530245750604,False,settled
b,yellow_ramp,ramp,0.0,0.9,0.0,0.6018481155324877,966.7152665468835,False,settled
b,yellow_ramp,ramp,0.0,0.9,0.0,0.28646770025255486,1078.3048114600597,False,settled
b,yellow_ramp,ramp,0.0,0.9,0.0,0.25802531633902404,1093.7689356342587,False,settled
b,yellow_ramp,ramp,0.0,0.9,0.0,1.0104391086810525,846.1233037523282,False,settled
b,yellow_ramp,ramp,0.0,0.9,0.0,1.0296265289286486,840.8597260292187,False,settled
b,yellow_ramp,ramp,0.0,0.9,0.0,1.0143073302359986,845.5206052826899,False,settled
b,yellow_ramp,ramp,0.0,0.9,0.0,1.100053683765637,822.9562615924883,False,settled
b,yellow_ramp,ramp,0.0,0.9,0.0,0.3810326104198439,1039.2206399072572,False,settled
b,yellow_ramp,ramp,0.0,0.9,0.0,0.23567809484617128,1105.082992921033,False,settled
b,yellow_ramp,ramp,0.0,0.9,0.0,0.6612560810219524,941.2362038622653,False,settled
b,yellow_ramp,ramp,0.0,0.9,0.0,0.835850805874005,889.7054016120617,False,settled
b,yellow_ramp,ramp,0.0,0.9,0.0,0.2447429242684051,1097.6218900731253,False,settled
b,yellow_ramp,ramp,0.0,0.9,0.0,0.34662009882080136,1052.3835667842636,False,settled
b,yellow_ramp,ramp,0.0,0.9,0.0,0.5490214314725167,986.1100451418005,False,settled
b,yellow_ramp,ramp,0.0,0.9,0.0,0.8413764843202571,890.9996503576158,False,settled
b,yellow_ramp,ramp,0.0,0.9,0.0,0.5892525403956135,973.4731901935429,False,settled
b,yellow_ramp,ramp,0.0,0.9,0.0,1.175826794962933,805.1635710382706,False,settled
b,yellow_ramp,ramp,0.0,0.9,0.0,1.1281613775968025,817.0593925343534,False,settled
b,yellow_ramp,ramp,0.0,0.9,0.0,0.317176353612984,1075.8742671919424,False,settled
b,yellow_ramp,ramp,0.0,0.9,0.0,0.7262150657673526,926.1973566224028,False,settled
b,yellow_ramp,ramp,0.0,0.9,0.0,0.9972726971248737,844.5649989445021,False,settled
b,yellow_ramp,ramp,0.0,0.9,0.0,0.6061494118344929,965.6159534659699,False,settled
b,yellow_ramp,ramp,0.0,0.9,0.0,0.9105337433335114,868.3787372528103,False,settled
b,yellow_ramp,ramp,0.0,0.9,0.0,0.6361314233685204,953.0194117259886,False,settled
b,yellow_ramp,ramp,0.0,0.9,0.0,0.7979555728395864,905.1121572181663,False,settled
b,yellow_ramp,ramp,0.0,0.9,0.0,0.4931252504745309,999.1827286287674,False,settled
b,yellow_ramp,ramp,0.0,0.9,0.0,1.1963657178390092,800.6964620443248,False,settled
b,yellow_ramp,ramp,0.0,0.9,0.0,1.0520486762633947,835.6492800046433,False,settled
b,yellow_ramp,ramp,0.0,0.9,0.0,0.45754213867434795,1019.975218273565,False,settled
b,yellow_ramp,ramp,0.0,0.9,0.0,0.37709521635973864,1042.3406284124171,False,settled
b,yellow_ramp,ramp,0.0,0.9,0.0,0.9474731287612062,859.622196946105,False,settled
b,yellow_ramp,ramp,0.0,0.9,0.0,0.37298579640403207,1045.4387947936016,False,settled
b,yellow_ramp,ramp,0.0,0.9,0.0,0.2328398237041385,1101.1162004781197,False,settled
b,yellow_ramp,ramp,0.0,0.9,0.0,0.43794949975812597,1019.4846844401281,False,settled
b,yellow_ramp,ramp,0.0,0.9,0.0,0.6785898388583866,938.2532395479229,False,settled
b,yellow_ramp,ramp,0.0,0.9,0.0,0.43373008092360893,1022.7664442829245,False,settled
b,yellow_ramp,ramp,0.0,0.9,0.0,0.4806251204681229,1008.9090934201072,False,settled
b,yellow_ramp,ramp,0.0,0.9,0.0,0.5197220705089918,989.325134786147,False,settled
b,yellow_ramp,ramp,0.0,0.9,0.0,0.28240133131280976,1082.7537158465757,False,settled
b,yellow_ramp,ramp,0.0,0.9,0.0,0.5337267046262681,985.2263106695276,False,settled
b,yellow_ramp,ramp,0.0,0.9,0.0,0.5148991968199873,992.8330078216733,False,settled
b,yellow_ramp,ramp,0.0,0.9,0.0,0.33378274543735825,1057.5385113332259,False,settled
b,yellow_ramp,ramp,0.0,0.9,0.0,0.8571617665254392,887.1697061430575,False,settled
b,yellow_ramp,ramp,0.0,0.9,0.0,0.48153308417609864,1008.1789288149176,False,settled
b,yellow_ramp,ramp,0.0,0.9,0.0,0.7339440959044629,919.4287939269689,False,settled
b,yellow_ramp,ramp,0.0,0.9,0.0,0.3717487083448649,1046.3988270024138,False,settled
b,yellow_ramp,ramp,0.0,0.9,0.0,0.49623043586168997,996.7420969994652,False,settled
b,yellow_ramp,ramp,0.0,0.9,0.0,0.38448009202005473,1049.5111880276365,False,settled
b,yellow_ramp,ramp,0.0,0.9,0.0,0.5118954452868631,995.2070557027326,False,settled
b,yellow_ramp,ramp,0.0,0.9,0.0,0.735043178420084,918.4752036639686,False,settled
b,yellow_ramp,ramp,0.0,0.9,0.0,0.8440009057058514,889.8814056060899,False,settled
b,yellow_ramp,ramp,0.0,0.9,0.0,0.41087873892947974,1028.2501744929318,False,settled
b,yellow_ramp,ramp,0.0,0.9,0.0,0.39268258544833873,1035.3413252911332,False,settled
b,yellow_ramp,ramp,0.0,0.9,0.0,1.024592643135897,842.1777088187697,False,settled
b,yellow_ramp,ramp,0.0,0.9,0.0,0.4832113554268348,1006.8295550811991,False,settled
b,yellow_ramp,ramp,0.0,0.9,0.0,0.8343270679305935,891.1379412469256,False,settled
b,yellow_ramp,ramp,0.0,0.9,0.0,0.7014618527750743,931.7222159217438,False,settled
b,yellow_ramp,ramp,0.0,0.9,0.0,0.698087068858815,934.6479670718609,False,settled
b,yellow_ramp,ramp,0.0,0.9,0.0,0.9836780213544958,847.225598118075,False,settled
b,yellow_ramp,ramp,0.0,0.9,0.0,0.4117041609761494,1027.6057127931958,False,settled
b,yellow_ramp,ramp,0.0,0.9,0.0,0.25508966252798065,1090.3516882045699,False,settled
b,yellow_ramp,ramp,0.0,0.9,0.0,0.5385043819358052,984.3068045769855,False,settled
b,yellow_ramp,ramp,0.0,0.9,0.0,0.559966657732866,977.4229746526644,False,settled
b,yellow_ramp,ramp,0.0,0.9,0.0,0.9488606963763005,858.1923934251686,False,settled
b,yellow_ramp,ramp,0.0,0.9,0.0,0.7529597314598538,918.0889924811498,False,settled
b,yellow_ramp,ramp,0.0,0.9,0.0,0.43161880781520684,1024.4353532981957,False,settled
b,yellow_ramp,ramp,0.0,0.9,0.0,0.6512252251876103,949.3652969683536,False,settled
b,yellow_ramp,ramp,0.0,0.9,0.0,0.7419201313067572,920.2348483051493,False,settled
b,yellow_ramp,ramp,0.0,0.9,0.0,0.3627633204949783,1053.4212821454023,False,settled
b,yellow_ramp,ramp,0.0,0.9,0.0,0.9609767011813548,854.5138940807516,False,settled
b,yellow_ramp,ramp,0.0,0.9,0.0,0.5269552466678915,986.6434433457275,False,settled
b,yellow_ramp,ramp,0.0,0.9,0.0,1.044239726693275,837.5782462569487,False,settled
b,yellow_ramp,ramp,0.0,0.9,0.0,0.3854088289846083,1049.355098744337,False,settled
b,yellow_ramp,ramp,0.0,0.9,0.0,0.603439307596896,966.3082145651226,False,settled
b,yellow_ramp,ramp,0.0,0.9,0.0,0.3702594369587767,1047.55846258622,False,settled
b,yellow_ramp,ramp,0.0,0.9,0.0,0.23402230180034703,1107.9521823604011,False,settled
b,yellow_ramp,ramp,0.0,0.9,0.0,0.794552030054122,901.4407082501373,False,settled
b,yellow_ramp,ramp,0.0,0.9,0.0,0.272236757240126,1084.485024617023,False,settled
b,yellow_ramp,ramp,0.0,0.9,0.0,0.26991507296212236,1088.2992411297596,False,settled
b,yellow_ramp,ramp,0.0,0.9,0.0,1.064748126246049,833.1245016063641,False,settled
b,yellow_ramp,ramp,0.0,0.9,0.0,0.8748434300433198,881.6566161304828,False,settled
b,yellow_ramp,ramp,0.0,0.9,0.0,0.4394333705631461,1018.4246413779687,False,settled
b,yellow_ramp,ramp,0.0,0.9,0.0,0.8935861385386593,874.304177034935,False,settled
b,yellow_ramp,ramp,0.0,0.9,0.0,0.9008930023657681,872.4449725178504,False,settled
b,yellow_ramp,ramp,0.0,0.9,0.0,0.5920810147539382,971.1506141929651,False,settled
b,yellow_ramp,ramp,0.0,0.9,0.0,0.6568056049018782,944.7048455530338,False,settled
b,yellow_ramp,ramp,0.0,0.9,0.0,0.5817088948241085,969.8974425163555,False,settled
b,yellow_ramp,ramp,0.0,0.9,0.0,0.288357486103214,1076.8602326287858,False,settled
b,yellow_ramp,ramp,0.0,0.9,0.0,0.35551004375921247,1058.8579129160394,False,settled
b,yellow_ramp,ramp,0.0,0.9,0.0,0.6050380676310894,965.8992263416691,False,settled
b,yellow_ramp,ramp,0.0,0.9,0.0,0.7390177018343606,922.7572451557603,False,settled
b,yellow_ramp,ramp,0.0,0.9,0.0,0.7606205635428578,914.3879161883082,False,settled
b,yellow_ramp,ramp,0.0,0.9,0.0,1.0014123148548986,843.9300848615003,False,settled
b,yellow_ramp,ramp,0.0,0.9,0.0,0.499660863611248,1004.9809477114175,False,settled
b,yellow_ramp,ramp,0.0,0.9,0.0,0.4277103521581105,1027.5413309194687,False,settled
b,yellow_ramp,ramp,0.0,0.9,0.0,0.45305936995492996,1020.8175851892049,False,settled
b,yellow_ramp,ramp,0.0,0.9,0.0,0.32830893740970735,1072.0213912798356,False,settled
b,yellow_ramp,ramp,0.0,0.9,0.0,0.600627847372878,967.0274301334671,False,settled
b,yellow_ramp,ramp,0.0,0.9,0.0,0.26769726600414184,1085.0319455195172,False,settled
b,yellow_ramp,ramp,0.0,0.9,0.0,0.3254331031001205,1072.4006827231944,False,settled
b,yellow_ramp,ramp,0.0,0.9,0.0,0.5623570189612035,975.5740324513513,False,settled
b,yellow_ramp,ramp,0.0,0.9,0.0,0.7538069317032493,917.3338652550999,False,settled
b,yellow_ramp,ramp,0.0,0.9,0.0,1.1081451929644632,821.9829210818859,False,settled
b,yellow_ramp,ramp,0.0,0.9,0.0,0.3392248878237241,1056.8757370237931,False,settled
b,yellow_ramp,ramp,0.0,0.9,0.0,0.9467873597176203,860.1202776451227,False,settled
b,yellow_ramp,ramp,0.0,0.9,0.0,0.2656411944770782,1086.1122488587973,False,settled
b,yellow_ramp,ramp,0.0,0.9,0.0,0.29417480766228893,1077.784328789609,False,settled
b,yellow_ramp,ramp,0.0,0.9,0.0,0.6757474288024153,939.0876654582344,False,settled
b,yellow_ramp,ramp,0.0,0.9,0.0,0.43983020141969786,1018.045552524265,False,settled
b,yellow_ramp,ramp,0.0,0.9,0.0,0.2593771167121784,1095.0869760878982,False,settled
b,yellow_ramp,ramp,0.0,0.9,0.0,0.44296945172105057,1015.7390916082732,False,settled
b,yellow_ramp,ramp,0.0,0.9,0.0,0.4590626767358354,1019.689481780007,False,settled
b,yellow_ramp,ramp,0.0,0.9,0.0,0.2628076177260181,1098.288823758516,False,settled
b,yellow_ramp,ramp,0.0,0.9,0.0,1.1675663452949239,807.7335308813722,False,settled
b,yellow_ramp,ramp,0.0,0.9,0.0,1.2063870301904973,798.9081363923874,False,settled
b,yellow_ramp,ramp,0.0,0.9,0.0,0.525631329603473,987.018573103918,False,settled
b,yellow_ramp,ramp,0.0,0.9,0.0,0.31151820804473457,1066.1864541756304,False,settled
b,yellow_ramp,ramp,0.0,0.9,0.0,0.7907728277880036,904.8100062902532,False,settled
b,yellow_ramp,ramp,0.0,0.9,0.0,1.1153280107355787,821.5858527675041,False,settled
b,yellow_ramp,ramp,0.0,0.9,0.0,0.9466298492427483,860.2925176424342,False,settled
b,yellow_ramp,ramp,0.0,0.9,0.0,1.0393489330018577,840.3610366099043,False,settled
b,yellow_ramp,ramp,0.0,0.9,0.0,0.5435784079198505,980.3972486192057,False,settled
b,yellow_ramp,ramp,0.0,0.9,0.0,0.23450518064708986,1113.2917420103781,False,settled
b,yellow_ramp,ramp,0.0,0.9,0.0,0.3690462789431898,1048.5072002866668,False,settled
b,yellow_ramp,ramp,0.0,0.9,0.0,0.9185443924681853,865.572284640211,False,settled
b,yellow_ramp,ramp,0.0,0.9,0.0,1.2056288477662616,798.6005584289649,False,settled
b,yellow_ramp,ramp,0.0,0.9,0.0,0.38879801646298146,1036.0173102631713,False,settled
b,yellow_ramp,ramp,0.0,0.9,0.0,0.7522306249309141,918.7388451800468,False,settled
b,yellow_ramp,ramp,0.0,0.9,0.0,0.5932515150644562,970.1938641855658,False,settled
b,yellow_ramp,ramp,0.0,0.9,0.0,0.23456217968671544,1113.6619492366658,False,settled
b,yellow_ramp,ramp,0.0,0.9,0.0,0.23507264379184387,1101.227055622756,False,settled
b,yellow_ramp,ramp,0.0,0.9,0.0,1.2158811031897327,793.4718601357878,False,settled
b,yellow_ramp,ramp,0.0,0.9,0.0,0.3481080660150476,1051.1795407817933,False,settled
b,yellow_ramp,ramp,0.0,0.9,0.0,0.5960168524201405,968.2072986167035,False,settled
b,yellow_ramp,ramp,0.0,0.9,0.0,0.4437566591315179,1015.0754639411643,False,settled
b,yellow_ramp,ramp,0.0,0.9,0.0,0.5195026211267294,989.49780371267,False,settled
b,yellow_ramp,ramp,0.0,0.9,0.0,0.5056132111818458,1000.1482385585539,False,settled
b,yellow_ramp,ramp,0.0,0.9,0.0,0.7252478887574517,927.0523488653524,False,settled
b,yellow_ramp,ramp,0.0,0.9,0.0,1.0245772722660709,842.1976429650645,False,settled
b,yellow_ramp,ramp,0.0,0.9,0.0,0.9921160301510342,846.3057391758385,False,settled
b,yellow_ramp,ramp,0.0,0.9,0.0,1.0523344158044945,835.3058612421321,False,settled
b,yellow_ramp,ramp,0.0,0.9,0.0,0.8903578510219767,877.5805685530324,False,settled
b,yellow_ramp,ramp,0.0,0.9,0.0,0.27115193481082145,1089.4979885285093,False,settled
b,yellow_ramp,ramp,0.0,0.9,0.0,0.6488219071551317,951.1396732234067,False,settled
b,yellow_ramp,ramp,0.0,0.9,0.0,0.4923899754701056,999.5725693895893,False,settled
b,yellow_ramp,ramp,0.0,0.9,0.0,0.777001227030569,910.3453573360345,False,settled
b,yellow_ramp,ramp,0.0,0.9,0.0,0.4156044904119847,1036.967881356428,False,settled
b,yellow_ramp,ramp,0.0,0.9,0.0,0.2725578914940867,1084.3715290428074,False,settled
b,yellow_ramp,ramp,0.0,0.9,0.0,0.35741501842725343,1057.6068092659245,False,settled
b,yellow_ramp,ramp,0.0,0.9,0.0,0.6945131639338958,937.504526890823,False,settled
b,yellow_ramp,ramp,0.0,0.9,0.0,0.4646120723422436,1018.6466168176418,False,settled
b,yellow_ramp,ramp,0.0,0.9,0.0,0.6335804828409596,954.9004597016229,False,settled
b,yellow_ramp,ramp,0.0,0.9,0.0,0.7632127794652905,913.4805982044695,False,settled
b,yellow_ramp,ramp,0.0,0.9,0.0,0.5358765851909421,984.8550224093356,False,settled
b,yellow_ramp,ramp,0.0,0.9,0.0,0.6162827090918177,960.0462176548839,False,settled
b,yellow_ramp,ramp,0.0,0.9,0.0,0.6554295481162334,945.8623671493846,False,settled
b,yellow_ramp,ramp,0.0,0.9,0.0,0.4900569355528822,1001.3446011115866,False,settled
b,yellow_ramp,ramp,0.0,0.9,0.0,0.43937794279923503,1018.4676068038451,False,settled
b,yellow_ramp,ramp,0.0,0.9,0.0,0.7147288724353981,928.3136519232195,False,settled
b,yellow_ramp,ramp,0.0,0.9,0.0,0.822353431631248,895.8240285615685,False,settled
b,yellow_ramp,ramp,0.0,0.9,0.0,1.1168059332806322,819.7745938926656,False,settled
b,yellow_ramp,ramp,0.0,0.9,0.0,0.3054247428185687,1070.8230398505052,False,settled
b,yellow_ramp,ramp,0.0,0.9,0.0,1.0000880350488006,845.4243275627502,False,settled
b,yellow_ramp,ramp,0.0,0.9,0.0,0.23926156614931618,1107.5986099068027,False,settled
b,yellow_ramp,ramp,0.0,0.9,0.0,0.703800400292824,929.7034616067959,False,settled
b,yellow_ramp,ramp,0.0,0.9,0.0,0.9344083639619244,860.7253367742798,False,settled
b,yellow_ramp,ramp,0.0,0.9,0.0,0.5097922319656696,996.8673230080624,False,settled
b,yellow_ramp,ramp,0.0,0.9,0.0,0.7406027626225924,921.3794466379283,False,settled
b,yellow_ramp,ramp,0.0,0.9,0.0,0.8262093893974012,892.3652658569933,False,settled
b,yellow_ramp,ramp,0.0,0.9,0.0,0.9783932812176925,848.7773272283296,False,settled
b,yellow_ramp,ramp,0.0,0.9,0.0,0.39814711321320656,1034.5186018321265,False,settled
b,yellow_ramp,ramp,0.0,0.9,0.0,0.2584233286180798,1094.3907878000978,False,settled
b,yellow_ramp,ramp,0.0,0.9,0.0,0.8150305225564262,895.9963586093395,False,settled
b,yellow_ramp,ramp,0.0,0.9,0.0,1.1900403721358221,802.2985828237014,False,settled
b,yellow_ramp,ramp,0.0,0.9,0.0,0.6472327511644445,952.4872939402138,False,settled
b,yellow_ramp,ramp,0.0,0.9,0.0,0.43386163824332213,1022.6624745285172,False,settled
b,yellow_ramp,ramp,0.0,0.9,0.0,0.24954416510873587,1094.936140867057,False,settled
b,yellow_ramp,ramp,0.0,0.9,0.0,0.4983310351762947,1006.0609126616749,False,settled
b,yellow_ramp,ramp,0.0,0.9,0.0,0.4181479970322007,1035.1751920083934,False,settled
b,yellow_ramp,ramp,0.0,0.9,0.0,0.2903320846190406,1076.6421731733979,False,settled
b,yellow_ramp,ramp,0.0,0.9,0.0,0.5708861056433653,978.4569622808674,False,settled
b,yellow_ramp,ramp,0.0,0.9,0.0,0.3020920520416429,1073.1296359528476,False,settled
b,yellow_ramp,ramp,0.0,0.9,0.0,0.480808735264002,1008.7614345352151,False,settled
b,yellow_ramp,ramp,0.0,0.9,0.0,0.6574042835312316,944.295048503034,False,settled
b,yellow_ramp,ramp,0.0,0.9,0.0,0.39335343378168686,1035.2419881373985,False,settled
b,yellow_ramp,ramp,0.0,0.9,0.0,0.6669389676174521,944.816945890735,False,settled
b,yellow_ramp,ramp,0.0,0.9,0.0,0.3790060147911292,1040.7845760707849,False,settled
b,yellow_ramp,ramp,0.0,0.9,0.0,0.3860864508863955,1049.245214911342,False,settled
b,yellow_ramp,ramp,0.0,0.9,0.0,0.28648792737658824,1078.3112202921566,False,settled
b,yellow_ramp,ramp,0.0,0.9,0.0,0.9607243266727866,854.7933769353873,False,settled
b,yellow_ramp,ramp,0.0,0.9,0.0,0.9966919393718225,845.1979345722899,False,settled
b,yellow_ramp,ramp,0.0,0.9,0.0,0.5736787498040272,976.1514566592265,False,settled
b,yellow_ramp,ramp,0.0,0.9,0.0,0.2805847301270322,1087.2939329084354,False,settled
b,yellow_ramp,ramp,0.0,0.9,0.0,0.36321228869462685,1053.0701669922748,False,settled
b,yellow_ramp,ramp,0.0,0.9,0.0,0.23629662545348268,1107.7792700217094,False,settled
b,yellow_ramp,ramp,0.0,0.9,0.0,0.44911034989828275,1022.9715580688032,False,settled
b,yellow_ramp,ramp,0.0,0.9,0.0,0.9923315791931501,846.0515324652596,False,settled
b,yellow_ramp,ramp,0.0,0.9,0.0,0.24711643769165262,1104.3695589087201,False,settled
b,yellow_ramp,ramp,0.0,0.9,0.0,1.2056006702873765,798.415879382523,False,settled
b,yellow_ramp,ramp,0.0,0.9,0.0,0.294110599331437,1077.807851880661,False,settled
b,yellow_ramp,ramp,0.0,0.9,0.0,0.5319943080116917,985.587782036238,False,settled
b,yellow_ramp,ramp,0.0,0.9,0.0,1.0788055561895036,829.641382583132,False,settled
b,yellow_ramp,ramp,0.0,0.9,0.0,0.9378259704037252,863.717471600884,False,settled
b,yellow_ramp,ramp,0.0,0.9,0.0,0.9148187477970601,869.1232618655133,False,settled
b,yellow_ramp,ramp,0.0,0.9,0.0,0.53463407443313,985.1144573676736,False,settled
b,yellow_ramp,ramp,0.0,0.9,0.0,0.7948952862911781,901.0567417126825,False,settled
b,yellow_ramp,ramp,0.0,0.9,0.0,0.4507802052785241,1021.6486671317657,False,settled
b,yellow_ramp,ramp,0.0,0.9,0.0,0.5373296336637813,984.5518842973037,False,settled
b,yellow_ramp,ramp,0.0,0.9,0.0,0.6961853701745944,936.0506990045934,False,settled
b,yellow_ramp,ramp,0.0,0.9,0.0,0.920528800009621,868.5227450408622,False,settled
b,yellow_ramp,ramp,0.0,0.9,0.0,0.8207996278909871,897.2310895514661,False,settled
b,yellow_ramp,ramp,0.0,0.9,0.0,0.6536655758802309,947.3518168523317,False,settled
b,yellow_ramp,ramp,0.0,0.9,0.0,0.7496411171140287,913.6421980316968,False,settled
b,yellow_ramp,ramp,0.0,0.9,0.0,0.28055701520028764,1087.2522419122736,False,settled
b,yellow_ramp,ramp,0.0,0.9,0.0,0.22100436911758087,1115.4767628168781,False,settled
b,yellow_ramp,ramp,0.0,0.9,0.0,0.6766762148900795,938.8150544809638,False,settled
b,yellow_ramp,ramp,0.0,0.9,0.0,0.895899772972182,872.2440412295392,False,settled
b,yellow_ramp,ramp,0.0,0.9,0.0,0.5947494340452365,968.9676211286336,False,settled
b,yellow_ramp,ramp,0.0,0.9,0.0,0.934425970293543,860.7161302040212,False,settled
b,yellow_ramp,ramp,0.0,0.9,0.0,0.30574442674314944,1070.5800768958015,False,settled
b,yellow_ramp,ramp,0.0,0.9,0.0,0.4993037955297985,1005.2709687556193,False,settled
b,yellow_ramp,ramp,0.0,0.9,0.0,1.085116470223793,827.7427497062494,False,settled
b,yellow_ramp,ramp,0.0,0.9,0.0,0.2824169460622203,1082.76083102048,False,settled
b,yellow_ramp,ramp,0.0,0.9,0.0,0.5890499087437879,973.6395742617303,False,settled
b,yellow_ramp,ramp,0.0,0.9,0.0,0.840541414788696,891.6009147879927,False,settled
b,yellow_ramp,ramp,0.0,0.9,0.0,1.0044565988417054,844.5055656038377,False,settled
b,yellow_ramp,ramp,0.0,0.9,0.0,0.8591687557912483,885.2052076237712,False,settled
b,yellow_ramp,ramp,0.0,0.9,0.0,0.5083333168901064,998.0170532002459,False,settled
b,yellow_ramp,ramp,0.0,0.9,0.0,0.4482444193419236,1023.658105641708,False,settled
b,yellow_ramp,ramp,0.0,0.9,0.0,0.5194362942400339,989.5501928228144,False,settled
b,yellow_ramp,ramp,0.0,0.9,0.0,0.2680367736181381,1086.3443250738085,False,settled
b,yellow_ramp,ramp,0.0,0.9,0.0,0.9249131668227568,864.2148440306606,False,settled
b,yellow_ramp,ramp,0.0,0.9,0.0,0.7183142072245736,925.1944824164509,False,settled
b,yellow_ramp,ramp,0.0,0.9,0.0,0.3231832046813156,1072.6971657299903,False,settled
b,yellow_ramp,ramp,0.0,0.9,0.0,0.23676567305183985,1110.906387451712,False,settled
b,yellow_ramp,ramp,0.0,0.9,0.0,1.0762103253070108,830.1513173819276,False,settled
b,yellow_ramp,ramp,0.0,0.9,0.0,0.5017982165063831,1003.24535913311,False,settled
b,yellow_ramp,ramp,0.0,0.9,0.0,1.2207074465329473,791.249950669926,False,settled
b,yellow_ramp,ramp,0.0,0.9,0.0,0.6074873774465396,965.2785137267509,False,settled
b,yellow_ramp,ramp,0.0,0.9,0.0,1.2114198146150696,797.3299431934956,False,settled
b,yellow_ramp,ramp,0.0,0.9,0.0,1.0637647514606887,833.3962585091723,False,settled
b,yellow_ramp,ramp,0.0,0.9,0.0,0.23822839706913926,1101.5282611207215,False,settled
b,yellow_ramp,ramp,0.0,0.9,0.0,0.4431951416874028,1015.5650979953725,False,settled
b,yellow_ramp,ramp,0.0,0.9,0.0,0.5819962936056512,969.6664827715272,False,settled
b,yellow_ramp,ramp,0.0,0.9,0.0,0.3170450373987676,1075.9777757239494,False,settled
b,yellow_ramp,ramp,0.0,0.9,0.0,0.6311818580836639,956.9187826749044,False,settled
b,yellow_ramp,ramp,0.0,0.9,0.0,0.5149056261726094,992.8279522220271,False,settled
b,yellow_ramp,ramp,0.0,0.9,0.0,0.7055061859662566,928.2486429112511,False,settled
b,yellow_ramp,ramp,0.0,0.9,0.0,0.7298635782259683,922.9881852903804,False,settled
b,yellow_ramp,ramp,0.0,0.9,0.0,0.3883170047862722,1036.0954181974544,False,settled
b,yellow_ramp,ramp,0.0,0.9,0.0,0.7767395299461886,910.5845788768515,False,settled
b,yellow_ramp,ramp,0.0,0.9,0.0,0.28329315688170725,1081.9300867673364,False,settled
b,yellow_ramp,ramp,0.0,0.9,0.0,0.3315623359050535,1057.7484845921485,False,settled
b,yellow_ramp,ramp,0.0,0.9,0.0,0.4845028413468511,1005.7913893806408,False,settled
b,yellow_ramp,ramp,0.0,0.9,0.0,0.8279871203270125,890.6558088077091,False,settled
b,yellow_ramp,ramp,0.0,0.9,0.0,0.9231907583672668,865.9995062626364,False,settled
b,yellow_ramp,ramp,0.0,0.9,0.0,0.8241627750285986,894.1613597616561,False,settled
b,yellow_ramp,ramp,0.0,0.9,0.0,0.2708574901532083,1089.2146584297288,False,settled
b,yellow_ramp,ramp,0.0,0.9,0.0,0.43238818243590604,1023.827252654747,False,settled
b,yellow_ramp,ramp,0.0,0.9,0.0,0.3146404242165552,1077.8728429805572,False,settled
b,yellow_ramp,ramp,0.0,0.9,0.0,0.7294741397433313,923.329630147963,False,settled
b,yellow_ramp,ramp,0.0,0.9,0.0,0.6803749740162092,937.7293650582707,False,settled
b,yellow_ramp,ramp,0.0,0.9,0.0,0.6646774514290701,946.7181343143512,False,settled
b,yellow_ramp,ramp,0.0,0.9,0.0,0.38131819854010257,1039.0063375132675,False,settled
b,yellow_ramp,ramp,0.0,0.9,0.0,0.6217985048221112,955.8091674508267,False,settled
b,yellow_ramp,ramp,0.0,0.9,0.0,1.1044884125184988,822.1782684156851,False,settled
b,yellow_ramp,ramp,0.0,0.9,0.0,0.3914873716853859,1035.52257378973,False,settled
b,yellow_ramp,ramp,0.0,0.9,0.0,1.149168834382216,811.9926688507256,False,settled
b,yellow_ramp,ramp,0.0,0.9,0.0,0.2592056353892426,1094.8359580676604,False,settled
b,yellow_ramp,ramp,0.0,0.9,0.0,0.8878611659602706,874.6982566925096,False,settled
b,yellow_ramp,ramp,0.0,0.9,0.0,0.4225033782714557,1031.688091149584,False,settled
b,yellow_ramp,ramp,0.0,0.9,0.0,1.0317554289825759,841.5614303398081,False,settled
b,yellow_ramp,ramp,0.0,0.9,0.0,1.171405156867848,807.2905553525536,False,settled
b,yellow_ramp,ramp,0.0,0.9,0.0,0.9309368295228151,863.1578299134845,False,settled
b,yellow_ramp,ramp,0.0,0.9,0.0,0.735783097819418,917.933955481892,False,settled
b,yellow_ramp,ramp,0.0,0.9,0.0,0.8305117977531334,894.7286366941092,False,settled
b,yellow_ramp,ramp,0.0,0.9,0.0,1.0939914833718682,825.7003400468756,False,settled
b,yellow_ramp,ramp,0.0,0.9,0.0,1.1264206845471194,817.5018242722597,False,settled
b,yellow_ramp,ramp,0.0,0.9,0.0,0.5596095443181983,977.713036481288,False,settled
b,yellow_ramp,ramp,0.0,0.9,0.0,1.1170022185998134,819.3737953520533,False,settled
b,yellow_ramp,ramp,0.0,0.9,0.0,0.9101389144103296,868.8487882264552,False,settled
b,yellow_ramp,ramp,0.0,0.9,0.0,0.9919650701667282,846.4837696805305,False,settled
b,yellow_ramp,ramp,0.0,0.9,0.0,0.29119490389397057,1077.0985970738554,False,settled
b,yellow_ramp,ramp,0.0,0.9,0.0,0.5827872834001986,969.1231526367045,False,settled
b,yellow_ramp,ramp,0.0,0.9,0.0,0.700348638446055,932.6831074742714,False,settled
b,yellow_ramp,ramp,0.0,0.9,0.0,0.8892330837070703,873.4217962565289,False,settled
b,yellow_ramp,ramp,0.0,0.9,0.0,0.8034026277229973,900.0623135002543,False,settled
b,yellow_ramp,ramp,0.0,0.9,0.0,1.0496619420638948,834.1518592474026,False,settled
b,yellow_ramp,ramp,0.0,0.9,0.0,0.6710149470158323,941.6343769469455,False,settled
b,yellow_ramp,ramp,0.0,0.9,0.0,0.31103472682982575,1066.5503227715558,False,settled
b,yellow_ramp,ramp,0.0,0.9,0.0,0.7579940102957367,915.3073215820386,False,settled
b,yellow_ramp,ramp,0.0,0.9,0.0,0.5982416895478389,967.638050550619,False,settled
b,yellow_ramp,ramp,0.0,0.9,0.0,0.6244705369414297,953.5216876538345,False,settled
b,yellow_ramp,ramp,0.0,0.9,0.0,1.159002550521718,810.4575184512712,False,settled
b,yellow_ramp,ramp,0.0,0.9,0.0,0.49296655054742966,999.3093823961881,False,settled
b,yellow_ramp,ramp,0.0,0.9,0.0,0.6187327055626815,958.2661113307936,False,settled
b,yellow_ramp,ramp,0.0,0.9,0.0,1.1921223832450576,801.9526944716431,False,settled
b,yellow_ramp,ramp,0.0,0.9,0.0,1.0113619067755253,846.5526163354164,False,settled
b,yellow_ramp,ramp,0.0,0.9,0.0,0.6453174718379157,954.1185728923571,False,settled
b,yellow_ramp,ramp,0.0,0.9,0.0,0.6770690433769456,938.6997541326604,False,settled
b,yellow_ramp,ramp,0.0,0.9,0.0,0.27476530253098264,1088.8704490934078,False,settled
b,yellow_ramp,ramp,0.0,0.9,0.0,0.8334768844784561,891.9374501543896,False,settled
b,yellow_ramp,ramp,0.0,0.9,0.0,0.44263110008655815,1015.9029986413657,False,settled
b,yellow_ramp,ramp,0.0,0.9,0.0,0.375051358016314,1043.8358007572508,False,settled
b,yellow_ramp,ramp,0.0,0.9,0.0,0.4923704663645658,999.5881268653457,False,settled
b,yellow_ramp,ramp,0.0,0.9,0.0,1.109646995396607,822.7533480716321,False,settled
b,yellow_ramp,ramp,0.0,0.9,0.0,0.6243601578929605,953.6133813583446,False,settled
b,yellow_ramp,ramp,0.0,0.9,0.0,0.3973492990076764,1034.7250629933524,False,settled
b,yellow_ramp,ramp,0.0,0.9,0.0,0.24003594303555562,1111.242726767131,False,settled
b,yellow_ramp,ramp,0.0,0.9,0.0,0.5671833930527587,981.5142963518072,False,settled
b,yellow_ramp,ramp,0.0,0.9,0.0,0.31921590677336326,1074.5290056686622,False,settled
b,yellow_ramp,ramp,0.0,0.9,0.0,0.8668590463052843,883.6621184521589,False,settled
b,yellow_ramp,ramp,0.0,0.9,0.0,0.3022424106613014,1073.0232526233542,False,settled
b,yellow_ramp,ramp,0.0,0.9,0.0,0.7228933634619428,928.8829687296984,False,settled
b,yellow_ramp,ramp,0.0,0.9,0.0,0.3981901414587871,1034.5123451129505,False,settled
b,yellow_ramp,ramp,0.0,0.9,0.0,0.784939017763753,903.1657697012351,False,settled
b,yellow_ramp,ramp,0.0,0.9,0.0,1.1599069947610794,810.1370111041354,False,settled
b,yellow_ramp,ramp,0.0,0.9,0.0,0.33930593822457633,1056.8663870137286,False,settled
b,yellow_ramp,ramp,0.0,0.9,0.0,0.9921314580708069,846.2875445001195,False,settled
b,yellow_ramp,ramp,0.0,0.9,0.0,0.8220210603899869,896.1294877753296,False,settled
b,yellow_ramp,ramp,0.0,0.9,0.0,0.45419404441802474,1020.6041678797311,False,settled
b,yellow_ramp,ramp,0.0,0.9,0.0,0.4477025059519631,1024.087780288179,False,settled
b,yellow_ramp,ramp,0.0,0.9,0.0,0.4431906500014058,1015.5685602031442,False,settled
b,yellow_ramp,ramp,0.0,0.9,0.0,0.4130082909791642,1026.69005103867,False,settled
b,yellow_ramp,ramp,0.0,0.9,0.0,1.2008535997304082,799.8216919012975,False,settled
b,yellow_ramp,ramp,0.0,0.9,0.0,0.6455830083373864,953.8924125940457,False,settled
b,yellow_ramp,ramp,0.0,0.9,0.0,1.0262072036605816,842.7209382438156,False,settled
b,yellow_ramp,ramp,0.0,0.9,0.0,1.0926218699197232,825.7106805362627,False,settled
b,yellow_ramp,ramp,0.0,0.9,0.0,0.6995818478386104,933.3469660753548,False,settled
b,yellow_ramp,ramp,0.0,0.9,0.0,0.8353597938882401,890.1671556235276,False,settled
b,yellow_ramp,ramp,0.0,0.9,0.0,1.0904892719831667,825.9313719101186,False,settled
b,yellow_ramp,ramp,0.0,0.9,0.0,0.7378598857733847,923.7635343332583,False,settled
b,yellow_ramp,ramp,0.0,0.9,0.0,0.3386861733951463,1056.9378659964912,False,settled
b,yellow_ramp,ramp,0.0,0.9,0.0,0.8484653187847443,887.9997732131814,False,settled
b,yellow_ramp,ramp,0.0,0.9,0.0,0.2687259791873899,1087.1284705189034,False,settled
b,yellow_ramp,ramp,0.0,0.9,0.0,1.0774438059728288,830.6246704160261,False,settled
b,yellow_ramp,ramp,0.0,0.9,0.0,0.6678762634441474,944.2832344609325,False,settled
b,yellow_ramp,ramp,0.0,0.9,0.0,0.7529839157176177,918.067436810146,False,settled
b,yellow_ramp,ramp,0.0,0.9,0.0,0.9236902410541125,865.4771727923345,False,settled
b,yellow_ramp,ramp,0.0,0.9,0.0,0.3828580066528773,1037.8613523589545,False,settled
b,yellow_ramp,ramp,0.0,0.9,0.0,0.4354512605124442,1021.4059412546582,False,settled
b,yellow_ramp,ramp,0.0,0.9,0.0,1.113575044017885,821.6842548022762,False,settled
b,yellow_ramp,ramp,0.0,0.9,0.0,0.2820403266089764,1088.1312153665071,False,settled
b,yellow_ramp,ramp,0.0,0.9,0.0,0.8800616468667142,876.7414642706095,False,settled
b,yellow_ramp,ramp,0.0,0.9,0.0,0.7172790131984181,926.0950772719023,False,settled
b,yellow_ramp,ramp,0.0,0.9,0.0,0.34751694387490334,1051.7034516411409,False,settled
b,yellow_ramp,ramp,0.0,0.9,0.0,0.26041250898839524,1097.2290139929391,False,settled
b,yellow_ramp,ramp,0.0,0.9,0.0,0.48914550330386514,1002.0715933357994,False,settled
b,yellow_ramp,ramp,0.0,0.9,0.0,0.28747262821217406,1077.4386614785121,False,settled
b,yellow_ramp,ramp,0.0,0.9,0.0,0.46620297410832306,1018.347706053203,False,settled
b,yellow_ramp,ramp,0.0,0.9,0.0,0.2667683992323424,1098.064330432682,False,settled
b,yellow_ramp,ramp,0.0,0.9,0.0,1.2224099138888407,791.1569531412827,False,settled
b,yellow_ramp,ramp,0.0,0.9,0.0,0.29873199675067763,1075.367553239189,False,settled
b,yellow_ramp,ramp,0.0,0.9,0.0,0.8843929063790036,877.9002936720428,False,settled
b,yellow_ramp,ramp,0.0,0.9,0.0,0.3802258094484031,1039.8426081747596,False,settled
b,yellow_ramp,ramp,0.0,0.9,0.0,0.2951843456971575,1077.3930033278452,False,settled
b,yellow_ramp,ramp,0.0,0.9,0.0,0.9616447863904366,853.7046529703731,False,settled
b,yellow_ramp,ramp,0.0,0.9,0.0,0.2588505740199943,1095.0542973042147,False,settled
b,yellow_ramp,ramp,0.0,0.9,0.0,0.4255671216171926,1029.2482080047002,False,settled
b,yellow_ramp,ramp,0.0,0.9,0.0,0.8744794206207623,882.019333854791,False,settled
b,yellow_ramp,ramp,0.0,0.9,0.0,0.32756500385161846,1072.11945821439,False,settled
b,yellow_ramp,ramp,0.0,0.9,0.0,0.4406687674261632,1017.4009142258225,False,settled
b,yellow_ramp,ramp,0.0,0.9,0.0,0.5587690179799916,978.1308100297039,False,settled
b,yellow_ramp,ramp,0.0,0.9,0.0,0.2855387056529678,1081.5274998160385,False,settled
b,yellow_ramp,ramp,0.0,0.9,0.0,0.46324187970449165,1018.9040576732851,False,settled
b,yellow_ramp,ramp,0.0,0.9,0.0,0.3636980769515855,1052.6901807154409,False,settled
b,yellow_ramp,ramp,0.0,0.9,0.0,0.9835254139300443,847.3947507595168,False,settled
b,yellow_ramp,ramp,0.0,0.9,0.0,0.4858578432351042,1004.7021545822113,False,settled
b,yellow_ramp,ramp,0.0,0.9,0.0,0.7487839293310115,914.2769632658021,False,settled
b,yellow_ramp,ramp,0.0,0.9,0.0,1.1808527597530147,804.7794721193286,False,settled
b,yellow_ramp,ramp,0.0,0.9,0.0,1.0658917109773975,831.9091818361333,False,settled
b,yellow_ramp,ramp,0.0,0.9,0.0,0.710006465917614,932.1990134993533,False,settled
b,yellow_ramp,ramp,0.0,0.9,0.0,0.4240662498548846,1030.443434091234,False,settled
b,yellow_ramp,ramp,0.0,0.9,0.0,0.306176326784296,1070.2501985230629,False,settled
b,yellow_ramp,ramp,0.0,0.9,0.0,1.1049142079814043,823.6392847849309,False,settled
b,yellow_ramp,ramp,0.0,0.9,0.0,0.3714375296274913,1046.64031571344,False,settled
b,yellow_ramp,ramp,0.0,0.9,0.0,0.326089794308975,1072.3139071095752,False,settled
b,yellow_ramp,ramp,0.0,0.9,0.0,0.7667462634274205,912.2442943665626,False,settled
b,yellow_ramp,ramp,0.0,0.9,0.0,1.0828436061857107,829.1125907303799,False,settled
b,yellow_ramp,ramp,0.0,0.9,0.0,0.7391801008705602,922.616084359959,False,settled
b,yellow_ramp,ramp,0.0,0.9,0.0,0.33365890018985,1057.5531427309036,False,settled
b,yellow_ramp,ramp,0.0,0.9,0.0,1.1822768580778267,805.1678991128138,False,settled
b,yellow_ramp,ramp,0.0,0.9,0.0,0.632689574640027,955.6466944239027,False,settled
b,yellow_ramp,ramp,0.0,0.9,0.0,0.22989906071324076,1107.7925270391158,False,settled
b,yellow_ramp,ramp,0.0,0.9,0.0,0.8768021330486377,879.704928432072,False,settled
b,yellow_ramp,ramp,0.0,0.9,0.0,0.5158606316462022,992.0769919672728,False,settled
b,yellow_ramp,ramp,0.0,0.9,0.0,0.2543276958560204,1103.3642931117379,False,settled
b,yellow_ramp,ramp,0.0,0.9,0.0,0.7060078311714458,927.8198891311865,False,settled
b,yellow_ramp,ramp,0.0,0.9,0.0,0.8285412294680184,890.2522537479983,False,settled
b,yellow_ramp,ramp,0.0,0.9,0.0,0.5050849221604108,1000.5771236154271,False,settled
b,yellow_ramp,ramp,0.0,0.9,0.0,0.765043789354904,912.8398602649187,False,settled
b,yellow_ramp,ramp,0.0,0.9,0.0,0.3101474925464132,1067.132974025933,False,settled
b,yellow_ramp,ramp,0.0,0.9,0.0,0.2264680477756572,1109.424657850578,False,settled
b,yellow_ramp,ramp,0.0,0.9,0.0,0.3185421593511909,1074.818137087232,False,settled
b,yellow_ramp,ramp,0.0,0.9,0.0,0.30646434479750045,1070.0296247492513,False,settled
b,yellow_ramp,ramp,0.0,0.9,0.0,0.424426041664879,1030.1568135866758,False,settled
b,yellow_ramp,ramp,0.0,0.9,0.0,0.9725672719087695,850.8125534396107,False,settled
b,yellow_ramp,ramp,0.0,0.9,0.0,0.9823837015104477,848.7708329871629,False,settled
b,yellow_ramp,ramp,0.0,0.9,0.0,1.0145128391202778,845.2567208793356,False,settled
b,yellow_ramp,ramp,0.0,0.9,0.0,0.9066303075873953,872.0414163302719,False,settled
b,yellow_ramp,ramp,0.0,0.9,0.0,1.0521515623548578,835.7183326128967,False,settled
b,yellow_ramp,ramp,0.0,0.9,0.0,0.3911180762434771,1035.5772466398848,False,settled
b,yellow_ramp,ramp,0.0,0.9,0.0,0.7852389189063029,902.9904726346135,False,settled
b,yellow_ramp,ramp,0.0,0.9,0.0,0.7221292277411002,921.9451149505688,False,settled
b,yellow_ramp,ramp,0.0,0.9,0.0,0.9036846694755818,869.8683198810356,False,settled
b,yellow_ramp,ramp,0.0,0.9,0.0,0.832701390854396,892.6665542605939,False,settled
b,yellow_ramp,ramp,0.0,0.9,0.0,0.5519088683825427,983.7414711073037,False,settled
b,yellow_ramp,ramp,0.0,0.9,0.0,0.610143781251374,964.6085213982024,False,settled
b,yellow_ramp,ramp,0.0,0.9,0.0,1.140923152644853,815.623694520223,False,settled
b,yellow_ramp,ramp,0.0,0.9,0.0,0.7085847635498989,933.444662945396,False,settled
b,yellow_ramp,ramp,0.0,0.9,0.0,0.2980109623368828,1075.810428884289,False,settled
b,yellow_ramp,ramp,0.0,0.9,0.0,1.2219266729923364,792.0797246393471,False,settled
b,yellow_ramp,ramp,0.0,0.9,0.0,0.7775271773825233,909.864573056248,False,settled
b,yellow_ramp,ramp,0.0,0.9,0.0,0.6564270643563489,945.021843851225,False,settled
b,yellow_ramp,ramp,0.0,0.9,0.0,0.8736018896762219,877.3578843199698,False,settled
b,yellow_ramp,ramp,0.0,0.9,0.0,0.5024461012168292,1002.7193948611826,False,settled
b,yellow_ramp,ramp,0.0,0.9,0.0,1.0051661934809037,843.6575123741347,False,settled
b,yellow_ramp,ramp,0.0,0.9,0.0,0.4808615547159755,1008.718955404162,False,settled
b,yellow_ramp,ramp,0.0,0.9,0.0,0.8816916726209625,875.1732500509091,False,settled
b,yellow_ramp,ramp,0.0,0.9,0.0,0.5506208470038083,984.7952198874183,False,settled
b,yellow_ramp,ramp,0.0,0.9,0.0,0.5552483892407227,981.0094322446994,False,settled
b,yellow_ramp,ramp,0.0,0.9,0.0,0.977096744860194,850.3227899923841,False,settled
b,yellow_ramp,ramp,0.0,0.9,0.0,0.288418956089252,1076.9750087514155,False,settled
b,yellow_ramp,ramp,0.0,0.9,0.0,1.1605109082440321,809.2476726061459,False,settled
b,yellow_ramp,ramp,0.0,0.9,0.0,0.518115577954345,990.5859915388903,False,settled
b,yellow_ramp,ramp,0.0,0.9,0.0,0.784709353156245,903.3675154019313,False,settled
b,yellow_ramp,ramp,0.0,0.9,0.0,0.7227852840416132,928.9783881279656,False,settled
b,yellow_ramp,ramp,0.0,0.9,0.0,0.9541073195096665,857.2300528407932,False,settled
b,yellow_ramp,ramp,0.0,0.9,0.0,0.38358248936127887,1050.2204886530271,False,settled
b,yellow_ramp,ramp,0.0,0.9,0.0,0.6506659229504504,949.5817545797236,False,settled
b,yellow_ramp,ramp,0.0,0.9,0.0,0.9978492746074455,848.5458892776043,False,settled
b,yellow_ramp,ramp,0.0,0.9,0.0,0.40267349744724334,1033.8606750924755,False,settled
b,yellow_ramp,ramp,0.0,0.9,0.0,0.8620249433250281,882.4175357547767,False,settled
b,yellow_ramp,ramp,0.0,0.9,0.0,0.3316848564151499,1057.7256332028119,False,settled
b,yellow_ramp,ramp,0.0,0.9,0.0,0.739897310967544,921.9926615282078,False,settled
b,yellow_ramp,ramp,0.0,0.9,0.0,0.45002923213073553,1022.2430836254155,False,settled
b,yellow_ramp,ramp,0.0,0.9,0.0,0.8503173754699848,887.220490603416,False,settled
b,yellow_ramp,ramp,0.0,0.9,0.0,0.7113217127347444,931.2965153198279,False,settled
b,yellow_ramp,ramp,0.0,0.9,0.0,0.6834893362316902,936.8154091180564,False,settled
b,yellow_ramp,ramp,0.0,0.9,0.0,0.45040869915692466,1021.9422665175157,False,settled
b,yellow_ramp,ramp,0.0,0.9,0.0,1.1495806556662516,812.9599073370466,False,settled
b,yellow_ramp,ramp,0.0,0.9,0.0,0.3005850262147297,1074.194955937647,False,settled
b,yellow_ramp,ramp,0.0,0.9,0.0,0.7167209018531694,926.5805245115436,False,settled
b,yellow_ramp,ramp,0.0,0.9,0.0,0.4903343074971468,1001.1233362061828,False,settled
b,yellow_ramp,ramp,0.0,0.9,0.0,0.482858979944377,1007.1130168811198,False,settled
b,yellow_ramp,ramp,0.0,0.9,0.0,0.8928610871226274,875.0352112262427,False,settled
b,yellow_ramp,ramp,0.0,0.9,0.0,0.9125271472548295,866.4222645664904,False,settled
b,yellow_ramp,ramp,0.0,0.9,0.0,0.7842317286160683,903.7947228715957,False,settled
b,yellow_ramp,ramp,0.0,0.9,0.0,0.38746582786115014,1036.155960739245,False,settled
b,yellow_ramp,ramp,0.0,0.9,0.0,0.9955579905689046,846.5021368910279,False,settled
b,yellow_ramp,ramp,0.0,0.9,0.0,0.6668219971238467,944.9152722061539,False,settled
b,yellow_ramp,ramp,0.0,0.9,0.0,0.48328181612185184,1006.7729152707165,False,settled
b,yellow_ramp,ramp,0.0,0.9,0.0,0.5448099798693605,989.58337070238,False,settled
b,yellow_ramp,ramp,0.0,0.9,0.0,0.8948795816644105,873.3500285753166,False,settled
b,yellow_ramp,ramp,0.0,0.9,0.0,0.7792208034941854,908.316346685001,False,settled
b,yellow_ramp,ramp,0.0,0.9,0.0,0.4756821173755338,1012.899762817056,False,settled
b,yellow_ramp,ramp,0.0,0.9,0.0,0.6501106245527067,950.0510002638465,False,settled
b,yellow_ramp,ramp,0.0,0.9,0.0,1.200363063230463,799.5866036803237,False,settled
b,yellow_ramp,ramp,0.0,0.9,0.0,0.7755855800609026,911.6396383505343,False,settled
b,yellow_ramp,ramp,0.0,0.9,0.0,0.8838345659338216,878.4600177994454,False,settled
b,yellow_ramp,ramp,0.0,0.9,0.0,0.3223953131076604,1072.8009979347485,False,settled
b,yellow_ramp,ramp,0.0,0.9,0.0,1.1223699935975449,818.4218288654953,False,settled
b,yellow_ramp,ramp,0.0,0.9,0.0,0.5657492753922255,972.8507412505624,False,settled
b,yellow_ramp,ramp,0.0,0.9,0.0,0.5748253928544614,975.2049190187556,False,settled
b,yellow_ramp,ramp,0.0,0.9,0.0,0.40967952518745127,1029.1852892307566,False,settled
b,yellow_ramp,ramp,0.0,0.9,0.0,0.3704419759170333,1047.4157091254292,False,settled
b,yellow_ramp,ramp,0.0,0.9,0.0,1.0014552510637655,843.8787187460753,False,settled
b,yellow_ramp,ramp,0.0,0.9,0.0,1.049262344344451,835.7783682383895,False,settled
b,yellow_ramp,ramp,0.0,0.9,0.0,1.0503204130018124,836.7614261275327,False,settled
b,yellow_ramp,ramp,0.0,0.9,0.0,1.0415189205988664,838.7033698813573,False,settled
b,yellow_ramp,ramp,0.0,0.9,0.0,0.7775345259480264,909.8578555070378,False,settled
b,yellow_ramp,ramp,0.0,0.9,0.0,0.5605999004636048,976.90861002006,False,settled
b,yellow_ramp,ramp,0.0,0.9,0.0,0.36933007635625525,1048.285260423198,False,settled
b,yellow_ramp,ramp,0.0,0.9,0.0,0.7504199816296889,920.3528495914177,False,settled
b,yellow_ramp,ramp,0.0,0.9,0.0,0.2806830134279654,1087.4333714331965,False,settled
b,yellow_ramp,ramp,0.0,0.9,0.0,1.0104304378504958,846.1342580579251,False,settled
b,yellow_ramp,ramp,0.0,0.9,0.0,0.8896420688291757,873.0335854881056,False,settled
b,yellow_ramp,ramp,0.0,0.9,0.0,1.1302103484640857,816.1153847351359,False,settled
b,yellow_ramp,ramp,0.0,0.9,0.0,1.1953331957176367,801.9411951075431,False,settled
b,yellow_ramp,ramp,0.0,0.9,0.0,0.7791439949208429,908.3865622887425,False,settled
b,yellow_ramp,ramp,0.0,0.9,0.0,1.1521824865749555,810.8684593156281,False,settled
b,yellow_ramp,ramp,0.0,0.9,0.0,0.5292660952016985,986.1609941722836,False,settled
b,yellow_ramp,ramp,0.0,0.9,0.0,0.39263135536266425,1035.3489136536098,False,settled
b,yellow_ramp,ramp,0.0,0.9,0.0,0.5318496250655876,985.6179706307283,False,settled
b,yellow_ramp,ramp,0.0,0.9,0.0,0.32510104473043744,1072.4445456643627,False,settled
b,yellow_ramp,ramp,0.0,0.9,0.0,0.6070658194910179,965.3848321795869,False,settled
b,yellow_ramp,ramp,0.0,0.9,0.0,0.7864613911727014,908.7795114784067,False,settled
b,yellow_ramp,ramp,0.0,0.9,0.0,0.2557102112829439,1091.5731751963062,False,settled
b,yellow_ramp,ramp,0.0,0.9,0.0,0.7454084721133607,917.1948817218123,False,settled
b,yellow_ramp,ramp,0.0,0.9,0.0,0.42604233968341765,1028.8697820582145,False,settled
b,yellow_ramp,ramp,0.0,0.9,0.0,0.744679265816597,917.8313940831999,False,settled
b,yellow_ramp,ramp,0.0,0.9,0.0,0.963586370210157,856.0034434617904,False,settled
b,yellow_ramp,ramp,0.0,0.9,0.0,0.42862318478277817,1026.8143763018866,False,settled
b,yellow_ramp,ramp,0.0,0.9,0.0,0.9161217303097055,867.7831169047848,False,settled
b,yellow_ramp,ramp,0.0,0.9,0.0,0.5048291991322246,1000.7847290469713,False,settled
b,yellow_ramp,ramp,0.0,0.9,0.0,0.41760038239434155,1035.614495267458,False,settled
b,yellow_ramp,ramp,0.0,0.9,0.0,0.27006414164919845,1088.444638246646,False,settled
b,yellow_ramp,ramp,0.0,0.9,0.0,0.6554598455785672,945.8367844671965,False,settled
b,yellow_ramp,ramp,0.0,0.9,0.0,0.3716271912855151,1046.4931297521648,False,settled
b,yellow_ramp,ramp,0.0,0.9,0.0,0.927113644457609,866.8407665421594,False,settled
b,yellow_ramp,ramp,0.0,0.9,0.0,0.2886069054288931,1076.7418627464626,False,settled
b,yellow_ramp,ramp,0.0,0.9,0.0,0.9019109859374183,871.4038466987446,False,settled
b,yellow_ramp,ramp,0.0,0.9,0.0,0.6041169660183261,966.1348587739425,False,settled
b,yellow_ramp,ramp,0.0,0.9,0.0,0.6308250338845955,957.2201248098585,False,settled
b,yellow_ramp,ramp,0.0,0.9,0.0,1.1258292479512595,817.762421478049,False,settled
b,yellow_ramp,ramp,0.0,0.9,0.0,0.7819293350753149,905.8590039569012,False,settled
b,yellow_ramp,ramp,0.0,0.9,0.0,0.8195747934117308,898.3566365497514,False,settled
b,yellow_ramp,ramp,0.0,0.9,0.0,0.3618625356527463,1054.1255865866501,False,settled
b,yellow_ramp,ramp,0.0,0.9,0.0,1.1220932061835718,818.9621614751262,False,settled
b,yellow_ramp,ramp,0.0,0.9,0.0,0.2350979647190496,1101.3878065293002,False,settled
b,yellow_ramp,ramp,0.0,0.9,0.0,1.1508442420527334,811.5945934865156,False,settled
b,yellow_ramp,ramp,0.0,0.9,0.0,1.2189191653634242,793.3059709948694,False,settled
b,yellow_ramp,ramp,0.0,0.9,0.0,0.5475726185982557,987.3048478797007,False,settled
b,yellow_ramp,ramp,0.0,0.9,0.0,0.39425920953914206,1035.107854444023,False,settled
b,yellow_ramp,ramp,0.0,0.9,0.0,0.3675577459006544,1049.6712746439516,False,settled
b,yellow_ramp,ramp,0.0,0.9,0.0,0.9945450917559799,847.7081165740136,False,settled
b,yellow_ramp,ramp,0.0,0.9,0.0,0.698187914951863,934.5601954878204,False,settled
b,yellow_ramp,ramp,0.0,0.9,0.0,0.8474978605673497,888.4069722344402,False,settled
b,yellow_ramp,ramp,0.0,0.9,0.0,0.2581414577904572,1093.9507629802454,False,settled
b,yellow_ramp,ramp,0.0,0.9,0.0,0.5719682446704337,977.5634353811115,False,settled
b,yellow_ramp,ramp,0.0,0.9,0.0,0.23365880979838316,1107.4876654403286,False,settled
b,yellow_ramp,ramp,0.0,0.9,0.0,0.3837863881410825,1050.0593646494008,False,settled
b,yellow_ramp,ramp,0.0,0.9,0.0,0.7282960173832376,924.3624718114036,False,settled
b,yellow_ramp,ramp,0.0,0.9,0.0,1.138786953045468,814.5093295875365,False,settled
b,yellow_ramp,ramp,0.0,0.9,0.0,0.28301754463594375,1082.1573824011218,False,settled
b,yellow_ramp,ramp,0.0,0.9,0.0,0.898600749734697,874.7895215615401,False,settled
b,yellow_ramp,ramp,0.0,0.9,0.0,0.7258178896590791,926.5484655881343,False,settled
b,yellow_ramp,ramp,0.0,0.9,0.0,0.822574515541487,895.6208046659231,False,settled
b,yellow_ramp,ramp,0.0,0.9,0.0,1.016414268044198,844.3574090559064,False,settled
b,yellow_ramp,ramp,0.0,0.9,0.0,0.34865920934026645,1064.291062537224,False,settled
b,yellow_ramp,ramp,0.0,0.9,0.0,0.3787664842511032,1040.970386084066,False,settled
b,yellow_ramp,ramp,0.0,0.9,0.0,0.4132295837383745,1026.5247844338537,False,settled
b,yellow_ramp,ramp,0.0,0.9,0.0,0.8057214175388095,898.0153207761691,False,settled
b,yellow_ramp,ramp,0.0,0.9,0.0,0.6596196936552486,942.4362951987769,False,settled
b,yellow_ramp,ramp,0.0,0.9,0.0,0.2895467533714806,1076.6318100829305,False,settled
b,yellow_ramp,ramp,0.0,0.9,0.0,0.6570368215631164,944.6027875421007,False,settled
b,yellow_ramp,ramp,0.0,0.9,0.0,0.39430811637676044,1035.1006116511135,False,settled
b,yellow_ramp,ramp,0.0,0.9,0.0,0.31334182271219757,1078.8959949354876,False,settled
b,yellow_ramp,ramp,0.0,0.9,0.0,0.7342698093465803,919.143384303878,False,settled
b,yellow_ramp,ramp,0.0,0.9,0.0,0.44719897305489714,1024.4870387181031,False,settled
b,yellow_ramp,ramp,0.0,0.9,0.0,0.7407463889149558,921.2545977310866,False,settled
b,yellow_ramp,ramp,0.0,0.9,0.0,0.46400131200235684,1018.7613706697393,False,settled
b,yellow_ramp,ramp,0.0,0.9,0.0,0.7981090159330617,904.9698889876051,False,settled
b,yellow_ramp,ramp,0.0,0.9,0.0,0.530872457939117,985.8220549179665,False,settled
b,yellow_ramp,ramp,0.0,0.9,0.0,0.48070842121383295,1008.8421068469984,False,settled
b,yellow_ramp,ramp,0.0,0.9,0.0,0.7169646316184259,926.3685285904038,False,settled
b,yellow_ramp,ramp,0.0,0.9,0.0,0.27568894097504637,1089.4537694815408,False,settled
b,yellow_ramp,ramp,0.0,0.9,0.0,0.6476820577172172,952.1046064516585,False,settled
b,yellow_ramp,ramp,0.0,0.9,0.0,0.8592110740089461,885.16390304471,False,settled
b,yellow_ramp,ramp,0.0,0.9,0.0,0.6226632603715229,955.0146710161355,False,settled
b,yellow_ramp,ramp,0.0,0.9,0.0,0.5539167743208876,982.0987843706293,False,settled
b,yellow_ramp,ramp,0.0,0.9,0.0,0.4124861725376385,1027.090752301701,False,settled
b,yellow_ramp,ramp,0.0,0.9,0.0,0.3075580151135753,1069.1151138319185,False,settled
b,yellow_ramp,ramp,0.0,0.9,0.0,0.9795508340074491,851.9618001363414,False,settled
b,yellow_ramp,ramp,0.0,0.9,0.0,0.6784550268401831,938.2928021449909,False,settled
b,yellow_ramp,ramp,0.0,0.9,0.0,0.28189078329707745,1088.0674142800865,False,settled
b,yellow_ramp,ramp,0.0,0.9,0.0,0.4893481381264252,1001.909978535551,False,settled
b,yellow_ramp,ramp,0.0,0.9,0.0,0.645375020497088,954.0695581358432,False,settled
b,yellow_ramp,ramp,0.0,0.9,0.0,0.8650121829237548,879.8317443419832,False,settled
b,yellow_ramp,ramp,0.0,0.9,0.0,0.3507394542814297,1062.6354892542888,False,settled
b,yellow_ramp,ramp,0.0,0.9,0.0,0.48530112962320543,1005.1496770381701,False,settled
b,yellow_ramp,ramp,0.0,0.9,0.0,1.0643884718303325,833.6750483262358,False,settled
b,yellow_ramp,ramp,0.0,0.9,0.0,1.0071771752859862,847.3850413914301,False,settled
b,yellow_ramp,ramp,0.0,0.9,0.0,0.42858042837116833,1026.8484272893475,False,settled
b,yellow_ramp,ramp,0.0,0.9,0.0,1.182868324407377,803.8165463848128,False,settled
b,yellow_ramp,ramp,0.0,0.9,0.0,0.9702110115146384,853.4680536871349,False,settled
b,yellow_ramp,ramp,0.0,0.9,0.0,0.25610526264342154,1092.2058629579703,False,settled
b,yellow_ramp,ramp,0.0,0.9,0.0,0.6360148300684354,953.1171737895627,False,settled
b,yellow_ramp,ramp,0.0,0.9,0.0,1.0817560041182086,828.4830485343797,False,settled
b,yellow_ramp,ramp,0.0,0.9,0.0,1.0471555113147724,837.3636830488471,False,settled
b,yellow_ramp,ramp,0.0,0.9,0.0,0.6316504527890977,956.5230473332726,False,settled
b,yellow_ramp,ramp,0.0,0.9,0.0,0.45719104735937965,1020.0411944304952,False,settled
b,yellow_ramp,ramp,0.0,0.9,0.0,1.0105662907237523,845.9626069323162,False,settled
b,yellow_ramp,ramp,0.0,0.9,0.0,0.636700882162562,952.5419247467709,False,settled
b,yellow_ramp,ramp,0.0,0.9,0.0,0.7445442347136906,917.9492246913684,False,settled
b,yellow_ramp,ramp,0.0,0.9,0.0,1.2144020530977773,794.9054178370343,False,settled
b,yellow_ramp,ramp,0.0,0.9,0.0,0.36987680964090947,1047.857693431098,False,settled
b,yellow_ramp,ramp,0.0,0.9,0.0,1.0529842565053933,835.3821247469921,False,settled
b,yellow_ramp,ramp,0.0,0.9,0.0,0.936529431303638,864.4103897710921,False,settled
b,yellow_ramp,ramp,0.0,0.9,0.0,0.5458441131506826,988.7304872787643,False,settled
b,yellow_ramp,ramp,0.0,0.9,0.0,0.576133137556785,974.1281448673091,False,settled
b,yellow_ramp,ramp,0.0,0.9,0.0,0.7911863512334342,904.4293160159245,False,settled
b,yellow_ramp,ramp,0.0,0.9,0.0,0.7865742908997473,908.6755429428227,False,settled
b,yellow_ramp,ramp,0.0,0.9,0.0,0.3531686246110747,1060.7090245198006,False,settled
b,yellow_ramp,ramp,0.0,0.9,0.0,0.9706016844227404,853.0237047211382,False,settled
b,yellow_ramp,ramp,0.0,0.9,0.0,0.23604246792521338,1104.4328883656506,False,settled
b,yellow_ramp,ramp,0.0,0.9,0.0,1.1008883504157465,823.9835076709361,False,settled
b,yellow_ramp,ramp,0.0,0.9,0.0,0.9617269383505418,853.613719355736,False,settled
b,yellow_ramp,ramp,0.0,0.9,0.0,0.5976740977613365,967.783273579801,False,settled
b,yellow_ramp,ramp,0.0,0.9,0.0,0.6416383300881466,948.4245558082441,False,settled
b,yellow_ramp,ramp,0.0,0.9,0.0,0.4010828779032987,1034.0917315341455,False,settled
b,yellow_ramp,ramp,0.0,0.9,0.0,0.8204436901159933,897.5369835126148,False,settled
b,yellow_ramp,ramp,0.0,0.9,0.0,0.5805206166293267,970.8463293823116,False,settled
b,yellow_ramp,ramp,0.0,0.9,0.0,0.3658333291727856,1051.0200219733217,False,settled
b,yellow_ramp,ramp,0.0,0.9,0.0,1.0145642309937921,845.1907137972315,False,settled
b,yellow_ramp,ramp,0.0,0.9,0.0,1.1189778390061738,819.6932357806022,False,settled
b,yellow_ramp,ramp,0.0,0.9,0.0,0.9772327089441086,850.1673627923458,False,settled
b,yellow_ramp,ramp,0.0,0.9,0.0,0.3328839736989276,1057.651323295453,False,settled
b,yellow_ramp,ramp,0.0,0.9,0.0,1.030609319408485,842.42414188108,False,settled
b,yellow_ramp,ramp,0.0,0.9,0.0,0.5587882547092232,978.1152029712497,False,settled
b,yellow_ramp,ramp,0.0,0.9,0.0,0.5110195440386124,995.8994767035526,False,settled
b,yellow_ramp,ramp,0.0,0.9,0.0,0.6664973307378692,945.1881558741375,False,settled
b,yellow_ramp,ramp,0.0,0.9,0.0,0.3757767005649832,1043.2730105636858,False,settled
b,yellow_ramp,ramp,0.0,0.9,0.0,0.2698460386239484,1088.231855512499,False,settled
b,yellow_ramp,ramp,0.0,0.9,0.0,0.806689119629129,897.0600697467698,False,settled
b,yellow_ramp,ramp,0.0,0.9,0.0,0.3400562311234996,1056.7798322028855,False,settled
b,yellow_ramp,ramp,0.0,0.9,0.0,0.8778166937939851,878.6941093775716,False,settled
b,yellow_ramp,ramp,0.0,0.9,0.0,0.9145391985354356,869.4083893372227,False,settled
b,yellow_ramp,ramp,0.0,0.9,0.0,0.29353668382659126,1078.017620334124,False,settled
b,yellow_ramp,ramp,0.0,0.9,0.0,0.2998855464213902,1074.6620063155028,False,settled
b,yellow_ramp,ramp,0.0,0.9,0.0,0.24053439341818345,1097.9871217430161,False,settled
b,yellow_ramp,ramp,0.0,0.9,0.0,0.5668941066869505,981.7550350319411,False,settled
b,yellow_ramp,ramp,0.0,0.9,0.0,0.7845250454977305,903.5290756022359,False,settled
b,yellow_ramp,ramp,0.0,0.9,0.0,0.939064261178701,863.0556813046069,False,settled
b,yellow_ramp,ramp,0.0,0.9,0.0,1.1205896845922436,818.7680286950101,False,settled
b,yellow_ramp,ramp,0.0,0.9,0.0,0.31911713600844327,1074.6163752790342,False,settled
b,yellow_ramp,ramp,0.0,0.9,0.0,0.4740823464480284,1014.1961955204669,False,settled
b,yellow_ramp,ramp,0.0,0.9,0.0,1.0124589242071904,847.8941954206616,False,settled
b,yellow_ramp,ramp,0.0,0.9,0.0,0.46079846961916604,1019.3631385119044,False,settled
b,yellow_ramp,ramp,0.0,0.9,0.0,0.24289760183422185,1105.1328853549576,False,settled
b,yellow_ramp,ramp,0.0,0.9,0.0,0.9055799160228604,873.1232135586941,False,settled
b,yellow_ramp,ramp,0.0,0.9,0.0,0.360088611227421,1055.509460996495,False,settled
b,yellow_ramp,ramp,0.0,0.9,0.0,0.721934413202709,922.1790779555712,False,settled
b,yellow_ramp,ramp,0.0,0.9,0.0,0.3611579894217069,1054.6779426647645,False,settled
b,yellow_ramp,ramp,0.0,0.9,0.0,1.183620249588362,803.8240155134163,False,settled
b,yellow_ramp,ramp,0.0,0.9,0.0,1.0172116443095804,846.0618628792204,False,settled
b,yellow_ramp,ramp,0.0,0.9,0.0,0.6753530454049468,939.2034218138543,False,settled
b,yellow_ramp,ramp,0.0,0.9,0.0,0.7147071763638014,928.3325262466336,False,settled
b,yellow_ramp,ramp,0.0,0.9,0.0,1.0322862961341097,841.1613528730546,False,settled
b,yellow_ramp,ramp,0.0,0.9,0.0,0.6722281306809428,940.6140144260183,False,settled
b,yellow_ramp,ramp,0.0,0.9,0.0,0.8730167698774645,877.9827315480717,False,settled
b,yellow_ramp,ramp,0.0,0.9,0.0,0.8820175008224593,880.2871541568932,False,settled
b,yellow_ramp,ramp,0.0,0.9,0.0,1.1259302702819232,817.5632195954447,False,settled
b,yellow_ramp,ramp,0.0,0.9,0.0,0.9660149498357381,853.5655218405636,False,settled
b,yellow_ramp,ramp,0.0,0.9,0.0,0.5758463486886733,974.3629735456424,False,settled
b,yellow_ramp,ramp,0.0,0.9,0.0,1.1566282669674413,811.0199348736293,False,settled
b,yellow_ramp,ramp,0.0,0.9,0.0,0.7153301843137649,927.7905368233123,False,settled
b,yellow_ramp,ramp,0.0,0.9,0.0,0.4504548209481784,1021.9057165986206,False,settled
b,yellow_ramp,ramp,0.0,0.9,0.0,0.4471519772573364,1024.5243030948911,False,settled
b,yellow_ramp,ramp,0.0,0.9,0.0,0.548304610743143,986.7011927492566,False,settled
b,yellow_ramp,ramp,0.0,0.9,0.0,1.192790689785952,802.0777846006594,False,settled
b,yellow_ramp,ramp,0.0,0.9,0.0,0.7357482717441179,917.9641084514906,False,settled
b,yellow_ramp,ramp,0.0,0.9,0.0,0.9219535706721295,867.0355345183158,False,settled
b,yellow_ramp,ramp,0.0,0.9,0.0,0.29334220537683575,1078.0860018595965,False,settled
b,yellow_ramp,ramp,0.0,0.9,0.0,1.041288719598344,839.0245847598654,False,settled
b,yellow_ramp,ramp,0.0,0.9,0.0,0.4940134992225066,998.4773771033877,False,settled
b,yellow_ramp,ramp,0.0,0.9,0.0,0.6338140904168662,954.7047940988548,False,settled
b,yellow_ramp,ramp,0.0,0.9,0.0,0.315727348506538,1077.0164744265319,False,settled
b,yellow_ramp,ramp,0.0,0.9,0.0,0.6419471900202537,948.1716448776533,False,settled
b,yellow_ramp,ramp,0.0,0.9,0.0,1.183224556235791,804.5799667215226,False,settled
b,yellow_ramp,ramp,0.0,0.9,0.0,0.38269248866978123,1037.9804783789318,False,settled
b,yellow_ramp,ramp,0.0,0.9,0.0,1.0472210360636678,837.2718979935383,False,settled
b,yellow_ramp,ramp,0.0,0.9,0.0,1.2088293376227248,796.82757216285,False,settled
b,yellow_ramp,ramp,0.0,0.9,0.0,0.5149482211018102,992.7944584906714,False,settled
b,yellow_ramp,ramp,0.0,0.9,0.0,0.7575038845125639,915.4789772847688,False,settled
b,yellow_ramp,ramp,0.0,0.9,0.0,0.5822219361870705,969.4851264304309,False,settled
b,yellow_ramp,ramp,0.0,0.9,0.0,0.9598266076401207,855.7051265177921,False,settled
b,yellow_ramp,ramp,0.0,0.9,0.0,0.360036523715859,1055.549514427658,False,settled
b,yellow_ramp,ramp,0.0,0.9,0.0,0.8253583825337463,893.061500057094,False,settled
b,yellow_ramp,ramp,0.0,0.9,0.0,0.790684351439253,904.8914572461258,False,settled
b,yellow_ramp,ramp,0.0,0.9,0.0,0.6560875703861488,945.3067476401654,False,settled
b,yellow_ramp,ramp,0.0,0.9,0.0,0.2963331413849137,1076.824583591434,False,settled
b,yellow_ramp,ramp,0.0,0.9,0.0,0.7067240406591822,927.2073275028497,False,settled
b,yellow_ramp,ramp,0.0,0.9,0.0,0.28723582889634963,1077.7187321517897,False,settled
b,yellow_ramp,ramp,0.0,0.9,0.0,0.956802717570327,854.3977550958748,False,settled
b,yellow_ramp,ramp,0.0,0.9,0.0,0.75507710361034,916.3286589780403,False,settled
b,yellow_ramp,ramp,0.0,0.9,0.0,0.7550337834682145,916.3438254822258,False,settled
b,yellow_ramp,ramp,0.0,0.9,0.0,0.6342135189644529,954.3702370301573,False,settled
b,yellow_ramp,ramp,0.0,0.9,0.0,0.5096996269623546,996.940336844024,False,settled
b,yellow_ramp,ramp,0.0,0.9,0.0,0.48662002894196343,1004.0894571455102,False,settled
b,yellow_ramp,ramp,0.0,0.9,0.0,0.577905906228386,972.6765229099022,False,settled
b,yellow_ramp,ramp,0.0,0.9,0.0,0.6282689971755144,959.3789196349653,False,settled
b,yellow_ramp,ramp,0.0,0.9,0.0,0.23223865387234238,1111.397057026991,False,settled
b,yellow_ramp,ramp,0.0,0.9,0.0,0.8410638506437509,891.1328555632064,False,settled
b,yellow_ramp,ramp,0.0,0.9,0.0,0.7620637418314861,913.8826884510289,False,settled
b,yellow_ramp,ramp,0.0,0.9,0.0,0.8780640393741279,878.4476711711435,False,settled
b,yellow_ramp,ramp,0.0,0.9,0.0,0.6528823250204066,947.9638325878473,False,settled
b,yellow_ramp,ramp,0.0,0.9,0.0,0.9637303381696891,855.8422417267798,False,settled
b,yellow_ramp,ramp,0.0,0.9,0.0,0.3008711728636927,1073.9928285695696,False,settled
b,yellow_ramp,ramp,0.0,0.9,0.0,0.7943319873214257,901.6415740610353,False,settled
b,yellow_ramp,ramp,0.0,0.9,0.0,0.8092176673697136,901.4220691427347,False,settled
b,yellow_ramp,ramp,0.0,0.9,0.0,0.6749700096270185,939.315847430618,False,settled
b,yellow_ramp,ramp,0.0,0.9,0.0,1.0859338872446382,828.7406456876964,False,settled
b,yellow_ramp,ramp,0.0,0.9,0.0,0.32894677284760315,1071.937234477469,False,settled
b,yellow_ramp,ramp,0.0,0.9,0.0,0.7876379830868675,907.6960892402611,False,settled
b,yellow_ramp,ramp,0.0,0.9,0.0,0.27241203325288366,1084.3511691372166,False,settled
b,yellow_ramp,ramp,0.0,0.9,0.0,0.5291138604646048,986.1927765966076,False,settled
b,yellow_ramp,ramp,0.0,0.9,0.0,0.4686956861474112,1006.4164098719564,False,settled
b,yellow_ramp,ramp,0.0,0.9,0.0,1.1924948301723806,802.5039449301502,False,settled
b,yellow_ramp,ramp,0.0,0.9,0.0,0.6344012960408758,954.4703938386806,False,settled
b,yellow_ramp,ramp,0.0,0.9,0.0,0.7879142201289613,907.4417795388322,False,settled
b,yellow_ramp,ramp,0.0,0.9,0.0,0.3399981042009154,1056.786537848286,False,settled
b,yellow_ramp,ramp,0.0,0.9,0.0,1.212523961091593,796.0466366231559,False,settled
b,yellow_ramp,ramp,0.0,0.9,0.0,0.8836725163439934,878.6224640726567,False,settled
b,yellow_ramp,ramp,0.0,0.9,0.0,0.27249420541340635,1084.331130742066,False,settled
b,yellow_ramp,ramp,0.0,0.9,0.0,0.2859822907621147,1080.6527942788662,False,settled
b,yellow_ramp,ramp,0.0,0.9,0.0,0.8222227621200295,895.9441207526967,False,settled
b,yellow_ramp,ramp,0.0,0.9,0.0,0.6845987342946459,936.4913825350097,False,settled
b,yellow_ramp,ramp,0.0,0.9,0.0,1.0095880778761503,847.1999658491933,False,settled
b,yellow_ramp,ramp,0.0,0.9,0.0,1.157306982071135,809.9605841835305,False,settled
b,yellow_ramp,ramp,0.0,0.9,0.0,0.791185852819423,904.4297748588486,False,settled
b,yellow_ramp,ramp,0.0,0.9,0.0,0.7589555901411646,914.9706419198717,False,settled
b,yellow_ramp,ramp,0.0,0.9,0.0,0.31285565235349627,1065.1027459466652,False,settled
b,yellow_ramp,ramp,0.0,0.9,0.0,0.9231814871965082,866.0092014229176,False,settled
b,yellow_ramp,ramp,0.0,0.9,0.0,1.0888075090555418,827.4914635067912,False,settled
b,yellow_ramp,ramp,0.0,0.9,0.0,0.6481798116055776,951.6820771428088,False,settled
b,yellow_ramp,ramp,0.0,0.9,0.0,0.34651447747918884,1052.4653605298843,False,settled
b,yellow_ramp,ramp,0.0,0.9,0.0,0.685720876860308,936.1665767939394,False,settled
b,yellow_ramp,ramp,0.0,0.9,0.0,1.0399177674594187,839.5765703073344,False,settled
b,yellow_ramp,ramp,0.0,0.9,0.0,0.5286230969209089,986.2952298759353,False,settled
b,yellow_ramp,ramp,0.0,0.9,0.0,1.1940407151508887,801.941782072991,False,settled
b,yellow_ramp,ramp,0.0,0.9,0.0,0.27006362037746134,1088.4441292661966,False,settled
b,yellow_ramp,ramp,0.0,0.9,0.0,0.501230621127002,1003.7063686285179,False,settled
b,yellow_ramp,ramp,0.0,0.9,0.0,0.7158299140374099,927.3557737600684,False,settled
b,yellow_ramp,ramp,0.0,0.9,0.0,0.8407308563814323,891.4201154765909,False,settled
b,yellow_ramp,ramp,0.0,0.9,0.0,1.19814341658108,800.640288249783,False,settled
b,yellow_ramp,ramp,0.0,0.9,0.0,0.2501894269264022,1095.7493590786407,False,settled
b,yellow_ramp,ramp,0.0,0.9,0.0,0.9832674534105924,847.6857257417108,False,settled
b,yellow_ramp,ramp,0.0,0.9,0.0,1.1310549031404886,817.0156120343827,False,settled
b,yellow_ramp,ramp,0.0,0.9,0.0,0.5536133563713498,982.3469667427182,False,settled
b,yellow_ramp,ramp,0.0,0.9,0.0,0.5668057659855349,981.8285652604575,False,settled
b,yellow_ramp,ramp,0.0,0.9,0.0,0.3850329277650007,1049.4132767488322,False,settled
b,yellow_ramp,ramp,0.0,0.9,0.0,1.0677897735212925,832.2326885723396,False,settled
b,yellow_ramp,ramp,0.0,0.9,0.0,0.27951989711197284,1085.1422799389736,False,settled
b,yellow_ramp,ramp,0.0,0.9,0.0,0.797882514111383,905.1798953412839,False,settled
b,yellow_ramp,ramp,0.0,0.9,0.0,0.6636379775743662,947.5919576792106,False,settled
b,yellow_ramp,ramp,0.0,0.9,0.0,0.7184523576894543,925.1649083174217,False,settled
b,yellow_ramp,ramp,0.0,0.9,0.0,0.9335744719243965,861.1567210357853,False,settled
b,yellow_ramp,ramp,0.0,0.9,0.0,0.34843298798800865,1064.4710592087933,False,settled
b,yellow_ramp,ramp,0.0,0.9,0.0,0.44215394643193967,1016.2695808531131,False,settled
b,yellow_ramp,ramp,0.0,0.9,0.0,1.0783283869578162,830.3990041156833,False,settled
b,yellow_ramp,ramp,0.0,0.9,0.0,0.27522866317095335,1089.164223032435,False,settled
b,yellow_ramp,ramp,0.0,0.9,0.0,0.9805910819922752,850.7568625860614,False,settled
b,yellow_ramp,ramp,0.0,0.9,0.0,0.42401703258376444,1030.482648268148,False,settled
b,yellow_ramp,ramp,0.0,0.9,0.0,0.7587775285440493,915.0329620426083,False,settled
b,yellow_ramp,ramp,0.0,0.9,0.0,1.1993287688462106,800.487028801593,False,settled
b,yellow_ramp,ramp,0.0,0.9,0.0,0.595076217551823,968.699846054494,False,settled
b,yellow_ramp,ramp,0.0,0.9,0.0,0.46529056028659277,1018.5191375376105,False,settled
b,yellow_ramp,ramp,0.0,0.9,0.0,0.6262285979915155,961.1024536876553,False,settled
b,yellow_ramp,ramp,0.0,0.9,0.0,0.7575595336456922,915.4594908798621,False,settled
b,yellow_ramp,ramp,0.0,0.9,0.0,0.38163136768174594,1038.8560015572893,False,settled
b,yellow_ramp,ramp,0.0,0.9,0.0,0.565541468631691,973.0192639824946,False,settled
b,yellow_ramp,ramp,0.0,0.9,0.0,0.9226979447888009,866.2584993187502,False,settled
b,yellow_ramp,ramp,0.0,0.9,0.0,1.0542370250951274,836.2799495905293,False,settled
b,yellow_ramp,ramp,0.0,0.9,0.0,1.1472905819891313,813.4865059460842,False,settled
b,yellow_ramp,ramp,0.0,0.9,0.0,0.9020557187466737,871.5137875658066,False,settled
b,yellow_ramp,ramp,0.0,0.9,0.0,0.5337800675369877,985.2151762633757,False,settled
b,yellow_ramp,ramp,0.0,0.9,0.0,0.4192497634102819,1034.29128585719,False,settled
b,yellow_ramp,ramp,0.0,0.9,0.0,0.363496739230595,1052.8476688331073,False,settled
b,yellow_ramp,ramp,0.0,0.9,0.0,0.7577771375456754,915.3832903542606,False,settled
b,yellow_ramp,ramp,0.0,0.9,0.0,1.0480956212991925,837.3507963672475,False,settled
b,yellow_ramp,ramp,0.0,0.9,0.0,0.9730439904382303,850.2841526172032,False,settled
b,yellow_ramp,ramp,0.0,0.9,0.0,0.7948386419916329,901.1084316945048,False,settled
b,yellow_ramp,ramp,0.0,0.9,0.0,0.3023439929431883,1072.9513678926085,False,settled
b,yellow_ramp,ramp,0.0,0.9,0.0,1.214942336215029,794.2015461216389,False,settled
b,yellow_ramp,ramp,0.0,0.9,0.0,1.0201641338182375,843.7428509660847,False,settled
b,yellow_ramp,ramp,0.0,0.9,0.0,0.8372971840360022,888.3647621625671,False,settled
b,yellow_ramp,ramp,0.0,0.9,0.0,0.7487900034487105,914.2716687806803,False,settled
b,yellow_ramp,ramp,0.0,0.9,0.0,1.0656213174920202,831.8682449172535,False,settled
b,yellow_ramp,ramp,0.0,0.9,0.0,0.8643739721254423,880.5024736320155,False,settled
b,yellow_ramp,ramp,0.0,0.9,0.0,0.9050360298809795,868.5468490775606,False,settled
b,yellow_ramp,ramp,0.0,0.9,0.0,1.053834800732611,835.5700908186512,False,settled
b,yellow_ramp,ramp,0.0,0.9,0.0,0.9803565327510224,851.028505440837,False,settled
b,yellow_ramp,ramp,0.0,0.9,0.0,0.8665436900476414,883.9744224074527,False,settled
b,yellow_ramp,ramp,0.0,0.9,0.0,0.8414094017619123,890.9856250717951,False,settled
b,yellow_ramp,ramp,0.0,0.9,0.0,1.0042601995575373,844.7403289699128,False,settled
b,yellow_ramp,ramp,0.0,0.9,0.0,1.1567977115230141,810.5899742561695,False,settled
b,yellow_ramp,ramp,0.0,0.9,0.0,0.4489567936487555,1023.0933009939597,False,settled
b,yellow_ramp,ramp,0.0,0.9,0.0,0.45214184339404595,1020.9884550522312,False,settled
b,yellow_ramp,ramp,0.0,0.9,0.0,0.8812807541677434,875.641606440542,False,settled
b,yellow_ramp,ramp,0.0,0.9,0.0,0.33792796174847095,1056.9506726500933,False,settled
b,yellow_ramp,ramp,0.0,0.9,0.0,1.0661879417530218,833.4649094623097,False,settled
b,yellow_ramp,ramp,0.0,0.9,0.0,1.2229558640584195,791.7333597149528,False,settled
b,yellow_ramp,ramp,0.0,0.9,0.0,0.7214395404722216,922.5035358809049,False,settled
b,yellow_ramp,ramp,0.0,0.9,0.0,0.6982968116526959,934.4654168485981,False,settled
b,yellow_ramp,ramp,0.0,0.9,0.0,1.0845706549000653,827.4684693740822,False,settled
b,yellow_ramp,ramp,0.0,0.9,0.0,0.31749844567086416,1075.620366119416,False,settled
b,yellow_ramp,ramp,0.0,0.9,0.0,0.5005986530130062,1004.2194545412005,False,settled
b,yellow_ramp,ramp,0.0,0.9,0.0,0.3952951149304559,1035.0276146678307,False,settled
b,yellow_ramp,ramp,0.0,0.9,0.0,0.3526397203519961,1061.1270373439154,False,settled
b,yellow_ramp,ramp,0.0,0.9,0.0,0.8766292963552861,879.8771245049217,False,settled
b,yellow_ramp,ramp,0.0,0.9,0.0,0.48200076654484153,1007.8029516814246,False,settled
b,yellow_ramp,ramp,0.0,0.9,0.0,0.43949894250955834,1018.3738142977345,False,settled
b,yellow_ramp,ramp,0.0,0.9,0.0,0.6290549285309266,958.71498219708,False,settled
b,yellow_ramp,ramp,0.0,0.9,0.0,0.3852749701679559,1049.376818494977,False,settled
b,yellow_ramp,ramp,0.0,0.9,0.0,0.975095199786686,852.5204207497359,False,settled
b,yellow_ramp,ramp,0.0,0.9,0.0,0.4614056299073085,1019.2490624035171,False,settled
b,yellow_ramp,ramp,0.0,0.9,0.0,0.33467664959184645,1057.3362498807012,False,settled
b,yellow_ramp,ramp,0.0,0.9,0.0,0.2846392141042525,1081.3336286187134,False,settled
b,yellow_ramp,ramp,0.0,0.9,0.0,0.8193253445774036,898.592100827639,False,settled
b,yellow_ramp,ramp,0.0,0.9,0.0,0.3324756869895934,1057.699295231987,False,settled
b,yellow_ramp,ramp,0.0,0.9,0.0,0.305260862146055,1070.9475649515446,False,settled
b,yellow_ramp,ramp,0.0,0.9,0.0,0.5050573932438961,1000.5994726306938,False,settled
b,yellow_ramp,ramp,0.0,0.9,0.0,1.113583389932044,821.6687948258433,False,settled
b,yellow_ramp,ramp,0.0,0.9,0.0,0.27406486350691023,1088.378755348117,False,settled
b,yellow_ramp,ramp,0.0,0.9,0.0,0.3279367329276004,1072.0704739900352,False,settled
b,yellow_ramp,ramp,0.0,0.9,0.0,0.7179494001230775,925.5117668867856,False,settled
b,yellow_ramp,ramp,0.0,0.9,0.0,0.47847831802264923,1010.6352839531569,False,settled
b,yellow_ramp,ramp,0.0,0.9,0.0,0.25668950376085425,1090.2032671236288,False,settled
b,yellow_ramp,ramp,0.0,0.9,0.0,0.8183477678988804,899.51763979043,False,settled
b,yellow_ramp,ramp,0.0,0.9,0.0,0.27848762573028807,1083.837117687966,False,settled
b,yellow_ramp,ramp,0.0,0.9,0.0,0.5047167484989464,1000.8760205015535,False,settled
b,yellow_ramp,ramp,0.0,0.9,0.0,0.9715518565756985,852.0334502181574,False,settled
b,yellow_ramp,ramp,0.0,0.9,0.0,0.6977983102210685,934.8992877327101,False,settled
b,yellow_ramp,ramp,0.0,0.9,0.0,0.41559092504186784,1036.9787538868964,False,settled
b,yellow_ramp,ramp,0.0,0.9,0.0,0.23171625798042692,1108.3633909418477,False,settled
b,yellow_ramp,ramp,0.0,0.9,0.0,0.3154457266337995,1077.2383851254715,False,settled
b,yellow_ramp,ramp,0.0,0.9,0.0,0.2504301435530266,1096.9140909484656,False,settled
b,yellow_ramp,ramp,0.0,0.9,0.0,0.27032990631196535,1088.7036413688515,False,settled
b,yellow_ramp,ramp,0.0,0.9,0.0,0.7735047589724223,906.4632492381387,False,settled
b,yellow_ramp,ramp,0.0,0.9,0.0,0.6691995407878856,943.1696860745454,False,settled
b,yellow_ramp,ramp,0.0,0.9,0.0,0.32660199870624435,1072.2463346687325,False,settled
b,yellow_ramp,ramp,0.0,0.9,0.0,0.7935691884878078,902.249043200631,False,settled
b,yellow_ramp,ramp,0.0,0.9,0.0,0.5691193511252842,979.9157873151987,False,settled
b,yellow_ramp,ramp,0.0,0.9,0.0,0.5333251435661585,985.3100981039704,False,settled
b,yellow_ramp,ramp,0.0,0.9,0.0,0.6570104894149761,944.6248398648321,False,settled
b,yellow_ramp,ramp,0.0,0.9,0.0,0.5669242284553279,981.7299633266398,False,settled
b,yellow_ramp,ramp,0.0,0.9,0.0,0.3821096330718356,1038.494714128332,False,settled
b,yellow_ramp,ramp,0.0,0.9,0.0,0.5326942917180392,985.4417278723918,False,settled
b,yellow_ramp,ramp,0.0,0.9,0.0,0.3139497137787925,1078.4171559308704,False,settled
b,yellow_ramp,ramp,0.0,0.9,0.0,1.073330734297757,831.0339170942972,False,settled
b,yellow_ramp,ramp,0.0,0.9,0.0,0.4667028651583337,1018.2537823481911,False,settled
b,yellow_ramp,ramp,0.0,0.9,0.0,1.1043685612728886,822.3858002009368,False,settled
b,yellow_ramp,ramp,0.0,0.9,0.0,0.5690371484773735,979.9836644204992,False,settled
b,yellow_ramp,ramp,0.0,0.9,0.0,0.2572907641213302,1091.2432826581842,False,settled
b,yellow_ramp,ramp,0.0,0.9,0.0,0.7633252808879114,913.4412298201078,False,settled
b,yellow_ramp,ramp,0.0,0.9,0.0,0.7597519794037457,914.6919122459764,False,settled
b,yellow_ramp,ramp,0.0,0.9,0.0,0.8482055419107851,888.1090512034137,False,settled
b,yellow_ramp,ramp,0.0,0.9,0.0,0.3394923198749464,1056.8448858889674,False,settled
b,yellow_ramp,ramp,0.0,0.9,0.0,0.8017286780860349,901.6140090422822,False,settled
b,yellow_ramp,ramp,0.0,0.9,0.0,0.6486722639795537,951.2660831715002,False,settled
b,yellow_ramp,ramp,0.0,0.9,0.0,0.23657201852415224,1109.8174800108416,False,settled
b,yellow_ramp,ramp,0.0,0.9,0.0,0.5648460171573966,973.4846448880678,False,settled
b,yellow_ramp,ramp,0.0,0.9,0.0,0.2879233581475458,1077.3144939744045,False,settled
b,yellow_ramp,ramp,0.0,0.9,0.0,0.966392042966839,853.1966517058214,False,settled
b,yellow_ramp,ramp,0.0,0.9,0.0,0.4910701607516574,1000.5365775375266,False,settled
b,yellow_ramp,ramp,0.0,0.9,0.0,0.6037546690125533,966.2275401115426,False,settled
b,yellow_ramp,ramp,0.0,0.9,0.0,0.5346873555600549,985.1033393945393,False,settled
b,yellow_ramp,ramp,0.0,0.9,0.0,1.2214925638049092,790.6811757714163,False,settled
b,yellow_ramp,ramp,0.0,0.9,0.0,0.29367017048019817,1077.9689082187567,False,settled
b,yellow_ramp,ramp,0.0,0.9,0.0,0.4490996346869765,1022.9800532900712,False,settled
b,yellow_ramp,ramp,0.0,0.9,0.0,0.8685529493364598,881.9847044001948,False,settled
b,yellow_ramp,ramp,0.0,0.9,0.0,0.535222961212493,984.9913823220174,False,settled
b,yellow_ramp,ramp,0.0,0.9,0.0,0.5296805421775378,986.0744689148511,False,settled
b,yellow_ramp,ramp,0.0,0.9,0.0,0.903997149025216,869.5546341833945,False,settled
b,yellow_ramp,ramp,0.0,0.9,0.0,0.6279908737212148,959.6138137029959,False,settled
b,yellow_ramp,ramp,0.0,0.9,0.0,0.372948594698851,1045.4676663557686,False,settled
b,yellow_ramp,ramp,0.0,0.9,0.0,0.44625929953296184,1025.2321577709188,False,settled
b,yellow_ramp,ramp,0.0,0.9,0.0,0.45884375019399054,1019.7306221191433,False,settled
b,yellow_ramp,ramp,0.0,0.9,0.0,0.5822923866092758,969.4285028647688,False,settled
b,yellow_ramp,ramp,0.0,0.9,0.0,0.8379720691563946,887.7405271847839,False,settled
b,yellow_ramp,ramp,0.0,0.9,0.0,0.5878753302161526,965.0285798371199,False,settled
b,yellow_ramp,ramp,0.0,0.9,0.0,1.0976032693143143,824.0834019860533,False,settled
b,yellow_ramp,ramp,0.0,0.9,0.0,0.5099659587546514,996.7303487592553,False,settled
b,yellow_ramp,ramp,0.0,0.9,0.0,0.24847908223525295,1092.9206082534977,False,settled
b,yellow_ramp,ramp,0.0,0.9,0.0,0.5172833736362455,991.3189028551253,False,settled
b,yellow_ramp,ramp,0.0,0.9,0.0,0.5713531106192836,978.0714307436308,False,settled
b,yellow_ramp,ramp,0.0,0.9,0.0,0.8583766377376448,885.978312287778,False,settled
b,yellow_ramp,ramp,0.0,0.9,0.0,1.1081363226316514,821.9987925512204,False,settled
b,yellow_ramp,ramp,0.0,0.9,0.0,0.8856880040965687,876.6020103852748,False,settled
b,yellow_ramp,ramp,0.0,0.9,0.0,1.0969845291988871,825.1573879925321,False,settled
b,yellow_ramp,ramp,0.0,0.9,0.0,0.3201093253206303,1073.9296510322101,False,settled
b,yellow_ramp,ramp,0.0,0.9,0.0,0.6827109666807227,937.0438331671986,False,settled
b,yellow_ramp,ramp,0.0,0.9,0.0,0.38209917487272305,1038.5027576909185,False,settled
b,yellow_ramp,ramp,0.0,0.9,0.0,0.25396505331109254,1102.6530286608468,False,settled
b,yellow_ramp,ramp,0.0,0.9,0.0,1.1714364990649928,807.2013123642292,False,settled
b,yellow_ramp,ramp,0.0,0.9,0.0,0.32508323403803363,1072.4468917816785,False,settled
b,yellow_ramp,ramp,0.0,0.9,0.0,0.9548568030782734,856.4952481511563,False,settled
b,yellow_ramp,ramp,0.0,0.9,0.0,1.0251775492727213,844.0843344657642,False,settled
b,yellow_ramp,ramp,0.0,0.9,0.0,0.278006583056955,1084.0746427067638,False,settled
b,yellow_ramp,ramp,0.0,0.9,0.0,0.5337395489717704,985.223630640452,False,settled
b,yellow_ramp,ramp,0.0,0.9,0.0,0.32397129199561203,1072.5933541149218,False,settled
b,yellow_ramp,ramp,0.0,0.9,0.0,0.8105729978864751,900.1568930383066,False,settled
b,yellow_ramp,ramp,0.0,0.9,0.0,0.27284835675228203,1085.2244862763175,False,settled
b,yellow_ramp,ramp,0.0,0.9,0.0,0.7132809308514312,929.5778516054295,False,settled
b,yellow_ramp,ramp,0.0,0.9,0.0,0.43019096176142657,1025.565742426426,False,settled
b,yellow_ramp,ramp,0.0,0.9,0.0,0.8627978221202414,881.7507200355418,False,settled
b,yellow_ramp,ramp,0.0,0.9,0.0,0.4252663237092745,1029.487733260778,False,settled
b,yellow_ramp,ramp,0.0,0.9,0.0,0.21982196996137518,1120.4799221458322,False,settled
b,yellow_ramp,ramp,0.0,0.9,0.0,0.40817149164148714,1030.4448564330996,False,settled
b,yellow_ramp,ramp,0.0,0.9,0.0,1.0511646978453606,836.8536863303605,False,settled
b,yellow_ramp,ramp,0.0,0.9,0.0,0.7218032162705039,922.2918096455641,False,settled
b,yellow_ramp,ramp,0.0,0.9,0.0,1.2179023275077054,792.8759184253707,False,settled
b,yellow_ramp,ramp,0.0,0.9,0.0,0.41603004698490625,1036.6267955497592,False,settled
b,yellow_ramp,ramp,0.0,0.9,0.0,1.010578694837214,845.946931986593,False,settled
b,yellow_ramp,ramp,0.0,0.9,0.0,0.33902513081841423,1056.8987810181006,False,settled
b,yellow_ramp,ramp,0.0,0.9,0.0,0.5566209276332086,979.8868422892436,False,settled
b,yellow_ramp,ramp,0.0,0.9,0.0,0.9664081959390134,853.1785212617907,False,settled
b,yellow_ramp,ramp,0.0,0.9,0.0,0.9241286059412783,865.1100238352835,False,settled
b,yellow_ramp,ramp,0.0,0.9,0.0,0.4934642106643068,998.9122363278573,False,settled
b,yellow_ramp,ramp,0.0,0.9,0.0,0.6011382320803021,966.8968658046388,False,settled
b,yellow_ramp,ramp,0.0,0.9,0.0,1.0043132562351,844.6769087605456,False,settled
b,yellow_ramp,ramp,0.0,0.9,0.0,0.33878899759723347,1056.926004270328,False,settled
b,yellow_ramp,ramp,0.0,0.9,0.0,0.7036932528373074,929.7961258875522,False,settled
b,yellow_ramp,ramp,0.0,0.9,0.0,1.210691268878332,796.5733827831214,False,settled
b,yellow_ramp,ramp,0.0,0.9,0.0,0.450159610746821,1022.1397246681812,False,settled
b,yellow_ramp,ramp,0.0,0.9,0.0,0.7380277508291949,923.6176650765186,False,settled
b,yellow_ramp,ramp,0.0,0.9,0.0,0.9895238325375947,849.2721799432484,False,settled
b,yellow_ramp,ramp,0.0,0.9,0.0,0.8027670488152806,900.651481599034,False,settled
b,yellow_ramp,ramp,0.0,0.9,0.0,0.9110762345651098,867.8306853999238,False,settled
b,yellow_ramp,ramp,0.0,0.9,0.0,0.23095059380199215,1102.0869707787283,False,settled
b,yellow_ramp,ramp,0.0,0.9,0.0,0.7332598829056235,920.10119688271,False,settled
b,yellow_ramp,ramp,0.0,0.9,0.0,0.7434556320190404,918.8993231893085,False,settled
b,yellow_ramp,ramp,0.0,0.9,0.0,1.204747941107028,799.3238774830083,False,settled
b,yellow_ramp,ramp,0.0,0.9,0.0,0.5240725847100411,987.3491697706037,False,settled
b,yellow_ramp,ramp,0.0,0.9,0.0,0.6247373130989995,953.3922454675886,False,settled
b,yellow_ramp,ramp,0.0,0.9,0.0,0.4526276126261679,1020.8988296990483,False,settled
b,yellow_ramp,ramp,0.0,0.9,0.0,0.6101767260240718,964.6002109729433,False,settled
b,yellow_ramp,ramp,0.0,0.9,0.0,0.24676284907408014,1103.0205238125452,False,settled
b,yellow_ramp,ramp,0.0,0.9,0.0,0.7546309951488491,916.6005670790607,False,settled
b,yellow_ramp,ramp,0.0,0.9,0.0,0.5872752609890433,965.5706656876674,False,settled
b,yellow_ramp,ramp,0.0,0.9,0.0,0.6654165965840262,946.0967395105475,False,settled
b,yellow_ramp,ramp,0.0,0.9,0.0,1.0566491827485167,835.2957227888544,False,settled
b,yellow_ramp,ramp,0.0,0.9,0.0,0.888318341848189,874.2392501782267,False,settled
b,yellow_ramp,ramp,0.0,0.9,0.0,0.6533445223936318,947.5730091409346,False,settled
b,yellow_ramp,ramp,0.0,0.9,0.0,0.49937360614722814,1005.2142739546521,False,settled
b,yellow_ramp,ramp,0.0,0.9,0.0,0.7816586910270594,906.1044365986515,False,settled
b,yellow_ramp,ramp,0.0,0.9,0.0,0.9494979403990863,857.422329196956,False,settled
b,yellow_ramp,ramp,0.0,0.9,0.0,0.6358535154361045,953.2524338349783,False,settled
b,yellow_ramp,ramp,0.0,0.9,0.0,1.108000609449806,822.4854325605543,False,settled
b,yellow_ramp,ramp,0.0,0.9,0.0,0.25547698462015295,1091.065919483854,False,settled
b,yellow_ramp,ramp,0.0,0.9,0.0,0.8510215812937157,886.9243007845843,False,settled
b,yellow_ramp,ramp,0.0,0.9,0.0,0.4994564143636783,1005.1470226307979,False,settled
b,yellow_ramp,ramp,0.0,0.9,0.0,0.9873716466545868,847.4576428917863,False,settled
b,yellow_ramp,ramp,0.0,0.9,0.0,0.3530854365166989,1060.774773943741,False,settled
b,yellow_ramp,ramp,0.0,0.9,0.0,0.7066773433099157,927.2475868970221,False,settled
b,yellow_ramp,ramp,0.0,0.9,0.0,1.2020189725310724,799.4836293230417,False,settled
b,yellow_ramp,ramp,0.0,0.9,0.0,0.6637485679365007,947.4989924265736,False,settled
b,yellow_ramp,ramp,0.0,0.9,0.0,1.1705828548017383,807.0539130353662,False,settled
b,yellow_ramp,ramp,0.0,0.9,0.0,0.44900115449202593,1023.0581305563355,False,settled
b,yellow_ramp,ramp,0.0,0.9,0.0,0.6025513174815785,966.5353764591398,False,settled
b,yellow_ramp,ramp,0.0,0.9,0.0,0.22180512293723056,1108.2612362665768,False,settled
b,yellow_ramp,ramp,0.0,0.9,0.0,0.6405175748376422,949.433369596538,False,settled
b,yellow_ramp,ramp,0.0,0.9,0.0,0.34717450113739207,1051.9609025114153,False,settled
b,yellow_ramp,ramp,0.0,0.9,0.0,0.9279375541647431,865.9686956471337,False,settled
b,yellow_ramp,ramp,0.0,0.9,0.0,0.9603705027219474,855.0977608686403,False,settled
b,yellow_ramp,ramp,0.0,0.9,0.0,0.40963209387153116,1029.2226150424417,False,settled
b,yellow_ramp,ramp,0.0,0.9,0.0,0.2548518310014193,1089.9557300393783,False,settled
b,yellow_ramp,ramp,0.0,0.9,0.0,0.8285723071620082,890.2237395356723,False,settled
b,yellow_ramp,ramp,0.0,0.9,0.0,0.39773089405791107,1034.5791237348008,False,settled
b,yellow_ramp,ramp,0.0,0.9,0.0,1.004345623858693,844.6382186376554,False,settled
b,yellow_ramp,ramp,0.0,0.9,0.0,0.3517367994227164,1061.8415053543092,False,settled
b,yellow_ramp,ramp,0.0,0.9,0.0,0.8270457070418222,891.52139429675,False,settled
b,yellow_ramp,ramp,0.0,0.9,0.0,0.7115054301774832,931.1353577482147,False,settled
b,yellow_ramp,ramp,0.0,0.9,0.0,1.0289318596199675,841.039875357809,False,settled
b,yellow_ramp,ramp,0.0,0.9,0.0,1.1137171888536264,821.4208202219567,False,settled
b,yellow_ramp,ramp,0.0,0.9,0.0,1.1452033579234748,812.574839975586,False,settled
b,yellow_ramp,ramp,0.0,0.9,0.0,0.6000268296383585,967.1811797555238,False,settled
b,yellow_ramp,ramp,0.0,0.9,0.0,0.9546296219327315,856.7455332817347,False,settled
b,yellow_ramp,ramp,0.0,0.9,0.0,0.34032611276280106,1056.7486979850285,False,settled
b,yellow_ramp,ramp,0.0,0.9,0.0,1.0150066737465246,844.6241113067481,False,settled
b,yellow_ramp,ramp,0.0,0.9,0.0,0.9138646533183096,870.10178408496,False,settled
b,yellow_ramp,ramp,0.0,0.9,0.0,0.7024762886885362,930.8464051111991,False,settled
b,yellow_ramp,ramp,0.0,0.9,0.0,0.45374815913590305,1020.6877532855884,False,settled
b,yellow_ramp,ramp,0.0,0.9,0.0,0.651851378881434,948.8357982003668,False,settled
b,yellow_ramp,ramp,0.0,0.9,0.0,0.49465118265303337,997.9685809148674,False,settled
b,yellow_ramp,ramp,0.0,0.9,0.0,1.063398248470686,831.9352805598571,False,settled
b,yellow_ramp,ramp,0.0,0.9,0.0,0.3258289409096231,1072.3483764641105,False,settled
b,yellow_ramp,ramp,0.0,0.9,0.0,0.33778460568568514,1056.9672173944577,False,settled
b,yellow_ramp,ramp,0.0,0.9,0.0,0.2473040477588128,1104.183415033133,False,settled
b,yellow_ramp,ramp,0.0,0.9,0.0,0.6835473205315342,936.7983927870705,False,settled
b,yellow_ramp,ramp,0.0,0.9,0.0,0.8231866736723166,895.0582199710191,False,settled
b,yellow_ramp,ramp,0.0,0.9,0.0,0.3602546030763202,1055.3816333594393,False,settled
b,yellow_ramp,ramp,0.0,0.9,0.0,1.218341479291318,792.5212710176855,False,settled
b,yellow_ramp,ramp,0.0,0.9,0.0,0.634723862020572,954.1998618590798,False,settled
b,yellow_ramp,ramp,0.0,0.9,0.0,1.0131305492311313,847.0322130928226,False,settled
b,yellow_ramp,ramp,0.0,0.9,0.0,0.724707532557996,927.5300205262477,False,settled
b,yellow_ramp,ramp,0.0,0.9,0.0,1.1387053764039534,814.6853706755493,False,settled
b,yellow_ramp,ramp,0.0,0.9,0.0,0.22818315979742912,1104.2040862880726,False,settled
b,yellow_ramp,ramp,0.0,0.9,0.0,0.3853384347161037,1049.3665211926564,False,settled
b,yellow_ramp,ramp,0.0,0.9,0.0,0.4266464287590165,1028.3885548958197,False,settled
b,yellow_ramp,ramp,0.0,0.9,0.0,0.7190069178680262,924.682523418622,False,settled
b,yellow_ramp,ramp,0.0,0.9,0.0,0.7278463938572713,924.7566348661205,False,settled
b,yellow_ramp,ramp,0.0,0.9,0.0,0.37221570017186323,1046.0364198276782,False,settled
b,yellow_ramp,ramp,0.0,0.9,0.0,0.7300981372071881,922.7824932096635,False,settled
b,yellow_ramp,ramp,0.0,0.9,0.0,0.3688802334498388,1048.6370535669435,False,settled
b,yellow_ramp,ramp,0.0,0.9,0.0,0.56553432297397,973.0250595874195,False,settled
b,yellow_ramp,ramp,0.0,0.9,0.0,0.6723221821020681,940.5350877606522,False,settled
b,yellow_ramp,ramp,0.0,0.9,0.0,0.643359628568905,947.101072045488,False,settled
b,yellow_ramp,ramp,0.0,0.9,0.0,0.23929737044300486,1107.793539236118,False,settled
b,yellow_ramp,ramp,0.0,0.9,0.0,0.6609252050458796,941.49486984762,False,settled
b,yellow_ramp,ramp,0.0,0.9,0.0,0.3763676840424942,1042.8143134604752,False,settled
b,yellow_ramp,ramp,0.0,0.9,0.0,0.7248344353089556,927.4178397383253,False,settled
b,yellow_ramp,ramp,0.0,0.9,0.0,0.528554273415911,986.3095978148785,False,settled
b,yellow_ramp,ramp,0.0,0.9,0.0,0.43921277660749986,1018.5956446897854,False,settled
b,yellow_ramp,ramp,0.0,0.9,0.0,0.537001650512355,984.6203089941592,False,settled
b,yellow_ramp,ramp,0.0,0.9,0.0,1.1063576553298118,823.000635001044,False,settled
b,yellow_ramp,ramp,0.0,0.9,0.0,0.8819645398855103,880.3406957691409,False,settled
b,yellow_ramp,ramp,0.0,0.9,0.0,0.4425200153244333,1015.9883553643372,False,settled
b,yellow_ramp,ramp,0.0,0.9,0.0,0.6788563348831208,938.1750323186836,False,settled
