trial,element,model,block_noise_sd,ramp_noise_sd,block_noise_up,ramp_noise_up,final_position_up,ramp_valid,up_stop_reason
a,black_block,ramp,0.33,0.0,1.00200549652505,0.0,841.1534015890484,False,settled
a,black_block,ramp,0.33,0.0,0.7920697199366642,0.0,841.56653034774,False,settled
a,black_block,ramp,0.33,0.0,0.8187952341348692,0.0,842.1465112798613,False,settled
a,black_block,ramp,0.33,0.0,0.7896007841399649,0.0,838.400270487499,False,settled
a,black_block,ramp,0.33,0.0,0.8724248683948639,0.0,841.6877111220308,False,settled
a,black_block,ramp,0.33,0.0,0.8108420729723217,0.0,842.2961099386863,False,settled
a,black_block,ramp,0.33,0.0,0.8681226307289222,0.0,837.7714582889487,False,settled
a,black_block,ramp,0.33,0.0,0.8432687523107105,0.0,841.4688996235177,False,settled
a,black_block,ramp,0.33,0.0,1.1493944298085608,0.0,843.757592644634,False,settled
a,black_block,ramp,0.33,0.0,0.97176441608308,0.0,839.4270073527287,False,settled
a,black_block,ramp,0.33,0.0,1.0370170388421123,0.0,842.8189823452359,False,settled
a,black_block,ramp,0.33,0.0,0.8516891574570352,0.0,843.0270764889979,False,settled
a,black_block,ramp,0.33,0.0,0.9261364896045955,0.0,837.042053583971,False,settled
a,black_block,ramp,0.33,0.0,0.8831097118268666,0.0,842.039925527194,False,settled
a,black_block,ramp,0.33,0.0,0.7903092206437207,0.0,842.3770124429964,False,settled
a,black_block,ramp,0.33,0.0,0.9228761510242963,0.0,837.9824418873181,False,settled
a,black_block,ramp,0.33,0.0,1.0122976291969032,0.0,839.6061202589268,False,settled
a,black_block,ramp,0.33,0.0,1.0103710201353564,0.0,840.1744487574567,False,settled
a,black_block,ramp,0.33,0.0,0.8244346921282809,0.0,842.6744985166567,False,settled
a,black_block,ramp,0.33,0.0,1.0141980769280334,0.0,841.1496266188865,False,settled
a,black_block,ramp,0.33,0.0,0.9873623831177487,0.0,841.381013842626,False,settled
a,black_block,ramp,0.33,0.0,0.7988253539071528,0.0,842.2498074415423,False,settled
a,black_block,ramp,0.33,0.0,0.9676105017757889,0.0,839.8198334940178,False,settled
a,red_block,ramp,0.33,0.0,0.9645433897696655,0.0,838.0685563599689,False,settled
a,red_block,ramp,0.33,0.0,1.057656205296308,0.0,837.0916735569024,False,settled
a,red_block,ramp,0.33,0.0,0.9476065676098732,0.0,841.9174627008258,False,settled
a,red_block,ramp,0.33,0.0,1.2522176952050514,0.0,836.8992120571048,False,settled
a,red_block,ramp,0.33,0.0,1.2300256133992413,0.0,841.2711538699357,False,settled
a,red_block,ramp,0.33,0.0,1.1121967216626762,0.0,842.3433940480239,False,settled
a,red_block,ramp,0.33,0.0,0.9711953450025748,0.0,843.2674254833838,False,settled
a,red_block,ramp,0.33,0.0,0.9815926026505899,0.0,841.6943579718389,False,settled
a,red_block,ramp,0.33,0.0,0.9296856908514559,0.0,837.9035318009453,False,settled
a,red_block,ramp,0.33,0.0,1.3362753632544637,0.0,807.5797360132938,False,settled
a,red_block,ramp,0.33,0.0,0.9245179563573347,0.0,843.2017059625286,False,settled
a,red_block,ramp,0.33,0.0,0.9353353211723144,0.0,842.6503041293374,False,settled
a,red_block,ramp,0.33,0.0,0.9431104614465127,0.0,841.89157078555,False,settled
b,blue_ramp,ramp,0.0,0.5,0.0,1.0174675358896805,985.3298413750504,False,settled
b,blue_ramp,ramp,0.0,0.5,0.0,0.8929979099635951,1029.3033216526178,False,settled
b,blue_ramp,ramp,0.0,0.5,0.0,0.7127675845423669,1099.343781572091,False,settled
b,blue_ramp,ramp,0.0,0.5,0.0,0.7891288779726928,1072.9022058118271,False,settled
b,blue_ramp,ramp,0.0,0.5,0.0,1.4279509019639687,855.0987020356368,False,settled
b,blue_ramp,ramp,0.0,0.5,0.0,0.7987409772629481,1057.786546786319,False,settled
b,blue_ramp,ramp,0.0,0.5,0.0,1.4008366563124321,861.2811986402255,False,settled
b,blue_ramp,ramp,0.0,0.5,0.0,0.7596874513536047,1077.7266963594088,False,settled
b,blue_ramp,ramp,0.0,0.5,0.0,1.5553015050519425,826.858666192894,False,settled
b,blue_ramp,ramp,0.0,0.5,0.0,0.8763217571244566,1029.9330752714814,False,settled
b,blue_ramp,ramp,0.0,0.5,0.0,0.7935851210485472,1072.3145246256643,False,settled
b,blue_ramp,ramp,0.0,0.5,0.0,0.928486869126059,1019.3277411615348,False,settled
b,blue_ramp,ramp,0.0,0.5,0.0,0.7334561051372275,1086.7774023015038,False,settled
b,blue_ramp,ramp,0.0,0.5,0.0,1.4755274925513646,844.441081339947,False,settled
b,blue_ramp,ramp,0.0,0.5,0.0,1.1724629103881166,928.7910044540754,False,settled
b,blue_ramp,ramp,0.0,0.5,0.0,1.4700825226752403,848.6095289594181,False,settled
b,blue_ramp,ramp,0.0,0.5,0.0,1.0227965824669312,980.9700155640343,False,settled
b,blue_ramp,ramp,0.0,0.5,0.0,0.7798256532219293,1065.5002298356887,False,settled
b,blue_ramp,ramp,0.0,0.5,0.0,1.0195522038715787,983.624202001696,False,settled
b,blue_ramp,ramp,0.0,0.5,0.0,0.695716032323977,1104.0176848745064,False,settled
b,blue_ramp,ramp,0.0,0.5,0.0,0.7171952939454859,1094.4089170572345,False,settled
b,blue_ramp,ramp,0.0,0.5,0.0,1.0879501705126777,956.8381656051126,False,settled
b,blue_ramp,ramp,0.0,0.5,0.0,1.3146733742011258,888.5435284173025,False,settled
b,blue_ramp,ramp,0.0,0.5,0.0,1.0694871087056612,966.679709918222,False,settled
b,blue_ramp,ramp,0.0,0.5,0.0,1.0665922725170331,967.420253994375,False,settled
b,blue_ramp,ramp,0.0,0.5,0.0,0.9310644079022743,1018.8434590585322,False,settled
b,blue_ramp,ramp,0.0,0.5,0.0,0.6868967871237901,1112.6346228273867,False,settled
b,blue_ramp,ramp,0.0,0.5,0.0,1.1612409819881089,938.176024100388,False,settled
b,blue_ramp,ramp,0.0,0.5,0.0,0.7213988678576794,1102.69742658871,False,settled
b,blue_ramp,ramp,0.0,0.5,0.0,1.1509165711663736,936.8367630783961,False,settled
b,blue_ramp,ramp,0.0,0.5,0.0,0.7789303204418766,1066.2537586271596,False,settled
b,blue_ramp,ramp,0.0,0.5,0.0,1.6580746444055232,802.7685936021611,False,settled
b,blue_ramp,ramp,0.0,0.5,0.0,1.3134663884572586,889.0514414083971,False,settled
b,blue_ramp,ramp,0.0,0.5,0.0,0.8949182916010718,1027.7739106671659,False,settled
b,blue_ramp,ramp,0.0,0.5,0.0,1.38217762553029,869.267200533633,False,settled
b,blue_ramp,ramp,0.0,0.5,0.0,0.8860451366397805,1034.856590187211,False,settled
b,blue_ramp,ramp,0.0,0.5,0.0,0.7139329233434447,1101.0681499272514,False,settled
b,blue_ramp,ramp,0.0,0.5,0.0,0.8511726213501063,1050.1492648718065,False,settled
b,blue_ramp,ramp,0.0,0.5,0.0,1.1513794315544088,936.7009307022562,False,settled
b,blue_ramp,ramp,0.0,0.5,0.0,1.350052130436894,879.746658694159,False,settled
b,blue_ramp,ramp,0.0,0.5,0.0,1.0730969263084413,965.7562638394816,False,settled
b,blue_ramp,ramp,0.0,0.5,0.0,0.9533479885874179,1004.7100764035279,False,settled
b,blue_ramp,ramp,0.0,0.5,0.0,0.930773453892351,1018.8981253205817,False,settled
b,blue_ramp,ramp,0.0,0.5,0.0,1.0751110626595552,965.2473198610244,False,settled
b,blue_ramp,ramp,0.0,0.5,0.0,0.900661344336872,1023.2160961579318,False,settled
b,blue_ramp,ramp,0.0,0.5,0.0,0.7992127606179791,1057.7223221674385,False,settled
b,blue_ramp,ramp,0.0,0.5,0.0,0.8821920804659584,1037.6993562248006,False,settled
b,blue_ramp,ramp,0.0,0.5,0.0,0.7210948210557808,1102.8081980074962,False,settled
b,blue_ramp,ramp,0.0,0.5,0.0,0.718098542221035,1097.5140438425715,False,settled
b,blue_ramp,ramp,0.0,0.5,0.0,1.0167035195594973,985.9598801487871,False,settled
b,blue_ramp,ramp,0.0,0.5,0.0,0.7260553690782903,1094.596294766719,False,settled
b,blue_ramp,ramp,0.0,0.5,0.0,0.7372088266940137,1088.0977071157324,False,settled
b,blue_ramp,ramp,0.0,0.5,0.0,0.9949903468027407,986.5317130548382,False,settled
b,blue_ramp,ramp,0.0,0.5,0.0,0.868904991552091,1034.0448880720128,False,settled
b,blue_ramp,ramp,0.0,0.5,0.0,0.7283649674944169,1097.9124153681014,False,settled
b,blue_ramp,ramp,0.0,0.5,0.0,0.7276242868794824,1096.715684531664,False,settled
b,blue_ramp,ramp,0.0,0.5,0.0,0.887244007328108,1033.8947485459619,False,settled
b,blue_ramp,ramp,0.0,0.5,0.0,0.943444645099444,1012.687012285573,False,settled
b,blue_ramp,ramp,0.0,0.5,0.0,0.7536969201708,1078.2188147848606,False,settled
b,blue_ramp,ramp,0.0,0.5,0.0,0.8161502322514674,1064.2982054652698,False,settled
b,blue_ramp,ramp,0.0,0.5,0.0,0.8381662532619535,1047.2403148119242,False,settled
b,blue_ramp,ramp,0.0,0.5,0.0,0.8447119495088462,1042.2500562050989,False,settled
b,blue_ramp,ramp,0.0,0.5,0.0,1.0400179042354771,977.1097078167736,False,settled
b,blue_ramp,ramp,0.0,0.5,0.0,0.8555411685486022,1036.1365245119023,False,settled
b,blue_ramp,ramp,0.0,0.5,0.0,0.7958322212919717,1072.0183193245814,False,settled
b,blue_ramp,ramp,0.0,0.5,0.0,1.070271595721423,966.4790258154895,False,settled
b,blue_ramp,ramp,0.0,0.5,0.0,1.3740121225126816,872.162550078149,False,settled
b,blue_ramp,ramp,0.0,0.5,0.0,0.8290244324472725,1054.3899419948452,False,settled
b,blue_ramp,ramp,0.0,0.5,0.0,0.9144782299875263,1024.6620736033055,False,settled
b,blue_ramp,ramp,0.0,0.5,0.0,0.784495348031913,1076.016941842568,False,settled
b,blue_ramp,ramp,0.0,0.5,0.0,0.8907669292076451,1031.0800508338175,False,settled
b,blue_ramp,ramp,0.0,0.5,0.0,0.7045881430521573,1097.1273777928275,False,settled
b,blue_ramp,ramp,0.0,0.5,0.0,0.8925176742853833,1029.6857289797174,False,settled
b,blue_ramp,ramp,0.0,0.5,0.0,0.6877666505185694,1106.0605557494796,False,settled
b,blue_ramp,ramp,0.0,0.5,0.0,0.8449862199942078,1042.0372524682812,False,settled
b,blue_ramp,ramp,0.0,0.5,0.0,0.7764941357436764,1068.0124586769728,False,settled
b,blue_ramp,ramp,0.0,0.5,0.0,0.7049681109080708,1098.6402135682042,False,settled
b,blue_ramp,ramp,0.0,0.5,0.0,1.0604102039427503,970.471857643868,False,settled
b,blue_ramp,ramp,0.0,0.5,0.0,1.0383101106090915,978.5196990990378,False,settled
b,blue_ramp,ramp,0.0,0.5,0.0,0.8236782223434255,1058.582194739214,False,settled
b,blue_ramp,ramp,0.0,0.5,0.0,0.831569304645467,1052.3997926117104,False,settled
b,blue_ramp,ramp,0.0,0.5,0.0,0.7397219808546901,1084.4487597112516,False,settled
b,blue_ramp,ramp,0.0,0.5,0.0,1.2099711967870987,919.755982305033,False,settled
b,blue_ramp,ramp,0.0,0.5,0.0,0.9710006197702025,1001.86331187788,False,settled
b,blue_ramp,ramp,0.0,0.5,0.0,0.780106734821886,1065.2934028213647,False,settled
b,blue_ramp,ramp,0.0,0.5,0.0,0.9916688237346977,987.3287570102342,False,settled
b,blue_ramp,ramp,0.0,0.5,0.0,0.8905952815783861,1031.2167451241191,False,settled
b,blue_ramp,ramp,0.0,0.5,0.0,1.0310515600725816,974.5269136500094,False,settled
b,blue_ramp,ramp,0.0,0.5,0.0,0.9100335388616445,1015.9779639262888,False,settled
b,blue_ramp,ramp,0.0,0.5,0.0,0.6940502306642217,1111.6691728909136,False,settled
b,blue_ramp,ramp,0.0,0.5,0.0,0.974544465204398,998.9956440324762,False,settled
b,blue_ramp,ramp,0.0,0.5,0.0,0.7264487586239161,1095.2464862002266,False,settled
b,blue_ramp,ramp,0.0,0.5,0.0,1.0900059400200748,955.1454238392034,False,settled
b,blue_ramp,ramp,0.0,0.5,0.0,1.3091534154489897,890.8816561309787,False,settled
b,blue_ramp,ramp,0.0,0.5,0.0,0.767452775739438,1074.6204136409226,False,settled
b,blue_ramp,ramp,0.0,0.5,0.0,0.690956453764821,1114.0420671996658,False,settled
b,blue_ramp,ramp,0.0,0.5,0.0,0.9556964105915997,1002.8285351514098,False,settled
b,blue_ramp,ramp,0.0,0.5,0.0,0.80336389391281,1057.1962431272457,False,settled
b,blue_ramp,ramp,0.0,0.5,0.0,0.7254866295621655,1093.7083019856448,False,settled
b,blue_ramp,ramp,0.0,0.5,0.0,1.1069107022228593,950.3614829223181,False,settled
b,blue_ramp,ramp,0.0,0.5,0.0,0.8158135768708946,1064.5660671459384,False,settled
b,blue_ramp,ramp,0.0,0.5,0.0,1.2579991806226285,905.0619241543374,False,settled
b,blue_ramp,ramp,0.0,0.5,0.0,0.8776833810315697,1028.788875712019,False,settled
b,blue_ramp,ramp,0.0,0.5,0.0,0.7636706229449254,1076.9114724931578,False,settled
b,blue_ramp,ramp,0.0,0.5,0.0,0.8431261684523039,1043.3898075834031,False,settled
b,blue_ramp,ramp,0.0,0.5,0.0,0.9352740715737997,1006.5863334978561,False,settled
b,blue_ramp,ramp,0.0,0.5,0.0,0.8757215222614015,1030.405481730239,False,settled
b,blue_ramp,ramp,0.0,0.5,0.0,1.0357849943895636,980.6047241651731,False,settled
b,blue_ramp,ramp,0.0,0.5,0.0,1.0533745135524497,966.585714391524,False,settled
b,blue_ramp,ramp,0.0,0.5,0.0,0.8165501317901276,1063.9799987540905,False,settled
b,blue_ramp,ramp,0.0,0.5,0.0,0.7438072381444667,1089.579357143235,False,settled
b,blue_ramp,ramp,0.0,0.5,0.0,0.9351314819933344,1006.610791142439,False,settled
b,blue_ramp,ramp,0.0,0.5,0.0,0.8193032473036181,1061.7886049530384,False,settled
b,blue_ramp,ramp,0.0,0.5,0.0,0.7503087327563157,1082.4777658202643,False,settled
b,blue_ramp,ramp,0.0,0.5,0.0,0.9525419758886446,1005.3580009155708,False,settled
b,blue_ramp,ramp,0.0,0.5,0.0,0.8785374078331962,1028.1262804245582,False,settled
b,blue_ramp,ramp,0.0,0.5,0.0,0.8764268518334196,1029.8503592324234,False,settled
b,blue_ramp,ramp,0.0,0.5,0.0,0.6963314005160587,1111.4538142406975,False,settled
b,blue_ramp,ramp,0.0,0.5,0.0,1.1315860383110499,947.2153043487901,False,settled
b,blue_ramp,ramp,0.0,0.5,0.0,0.7771192006804595,1067.537678697698,False,settled
b,blue_ramp,ramp,0.0,0.5,0.0,1.4774114676397336,846.7910332083502,False,settled
b,blue_ramp,ramp,0.0,0.5,0.0,0.8800228083920579,1027.062171040791,False,settled
b,blue_ramp,ramp,0.0,0.5,0.0,1.0898523239773525,955.348815619418,False,settled
b,blue_ramp,ramp,0.0,0.5,0.0,0.707576686604874,1095.8861380256649,False,settled
b,blue_ramp,ramp,0.0,0.5,0.0,0.8674589764165088,1034.2551698062243,False,settled
b,blue_ramp,ramp,0.0,0.5,0.0,0.7072855872864254,1110.0536942857532,False,settled
b,blue_ramp,ramp,0.0,0.5,0.0,0.8119277143299601,1053.9809538188324,False,settled
b,blue_ramp,ramp,0.0,0.5,0.0,0.9497616990562299,1007.5931833577242,False,settled
b,blue_ramp,ramp,0.0,0.5,0.0,0.7004302585405782,1101.8614853297963,False,settled
b,blue_ramp,ramp,0.0,0.5,0.0,1.2507803476427652,904.723741299347,False,settled
b,blue_ramp,ramp,0.0,0.5,0.0,0.947905876347167,1009.0853902657603,False,settled
b,blue_ramp,ramp,0.0,0.5,0.0,0.9091991266913156,1016.6135448500042,False,settled
b,blue_ramp,ramp,0.0,0.5,0.0,0.9363928302740625,1006.3749006806808,False,settled
b,blue_ramp,ramp,0.0,0.5,0.0,1.099303476123894,956.393816386847,False,settled
b,blue_ramp,ramp,0.0,0.5,0.0,0.84747693413941,1040.0356380626147,False,settled
b,blue_ramp,ramp,0.0,0.5,0.0,0.8516202861880484,1049.7955145186813,False,settled
b,blue_ramp,ramp,0.0,0.5,0.0,0.7044698755676273,1111.5757072131912,False,settled
b,blue_ramp,ramp,0.0,0.5,0.0,0.6886094388661506,1119.4322112915484,False,settled
b,blue_ramp,ramp,0.0,0.5,0.0,0.7973280356052668,1071.8211703772001,False,settled
b,blue_ramp,ramp,0.0,0.5,0.0,0.8913266954574985,1030.6342548408757,False,settled
b,blue_ramp,ramp,0.0,0.5,0.0,1.1404907170511935,939.9740451050777,False,settled
b,blue_ramp,ramp,0.0,0.5,0.0,0.7891820597888191,1072.895185718568,False,settled
b,blue_ramp,ramp,0.0,0.5,0.0,0.6919284508227109,1107.8713743986827,False,settled
b,blue_ramp,ramp,0.0,0.5,0.0,0.8313096302183828,1052.6029224029885,False,settled
b,blue_ramp,ramp,0.0,0.5,0.0,0.9996241008513934,985.5607003043443,False,settled
b,blue_ramp,ramp,0.0,0.5,0.0,0.7577556069615753,1076.5922040110847,False,settled
b,blue_ramp,ramp,0.0,0.5,0.0,0.7113111335305797,1109.0046163661739,False,settled
b,blue_ramp,ramp,0.0,0.5,0.0,0.8313419431005075,1052.5776468269491,False,settled
b,blue_ramp,ramp,0.0,0.5,0.0,1.0930664008318423,952.652183266912,False,settled
b,blue_ramp,ramp,0.0,0.5,0.0,0.9304011671604258,1018.9680727989328,False,settled
b,blue_ramp,ramp,0.0,0.5,0.0,1.1281121159544327,941.7397035995037,False,settled
b,blue_ramp,ramp,0.0,0.5,0.0,0.9747486647039397,998.8446992985619,False,settled
b,blue_ramp,ramp,0.0,0.5,0.0,0.9049684010951173,1019.8531974627214,False,settled
b,blue_ramp,ramp,0.0,0.5,0.0,0.8584427611959575,1035.6032264184068,False,settled
b,blue_ramp,ramp,0.0,0.5,0.0,0.9857338567673842,990.4929087382324,False,settled
b,blue_ramp,ramp,0.0,0.5,0.0,0.75741438845856,1076.616654787099,False,settled
b,blue_ramp,ramp,0.0,0.5,0.0,1.0116070283459564,979.9093869480406,False,settled
b,blue_ramp,ramp,0.0,0.5,0.0,0.9192343350420599,1021.0667547081766,False,settled
b,blue_ramp,ramp,0.0,0.5,0.0,0.8629331560045449,1035.007178383231,False,settled
b,blue_ramp,ramp,0.0,0.5,0.0,0.7399714949918333,1084.3535595175995,False,settled
b,blue_ramp,ramp,0.0,0.5,0.0,0.7500114469113797,1082.8038582443546,False,settled
b,blue_ramp,ramp,0.0,0.5,0.0,0.7133922405081613,1100.8717373186223,False,settled
b,blue_ramp,ramp,0.0,0.5,0.0,1.1784022462103025,931.6644705423714,False,settled
b,blue_ramp,ramp,0.0,0.5,0.0,0.7875644480392293,1073.9516539283484,False,settled
b,blue_ramp,ramp,0.0,0.5,0.0,1.13554942401796,944.137520761435,False,settled
b,blue_ramp,ramp,0.0,0.5,0.0,0.805462686479359,1056.946665059719,False,settled
b,blue_ramp,ramp,0.0,0.5,0.0,0.7839706059740902,1076.4307219458337,False,settled
b,blue_ramp,ramp,0.0,0.5,0.0,1.1135391271423092,953.5039297345454,False,settled
b,blue_ramp,ramp,0.0,0.5,0.0,0.9160137106831658,1023.4445950443506,False,settled
b,blue_ramp,ramp,0.0,0.5,0.0,0.6880366255655312,1114.9868170029317,False,settled
b,blue_ramp,ramp,0.0,0.5,0.0,1.4273366399270961,855.6939236973495,False,settled
b,blue_ramp,ramp,0.0,0.5,0.0,1.1360164454115043,943.7445212981108,False,settled
b,blue_ramp,ramp,0.0,0.5,0.0,1.0595109667729083,971.208135025888,False,settled
b,blue_ramp,ramp,0.0,0.5,0.0,0.9023297557818566,1021.8973461564835,False,settled
b,blue_ramp,ramp,0.0,0.5,0.0,1.458958797517284,846.9906182870725,False,settled
b,blue_ramp,ramp,0.0,0.5,0.0,0.9592827860735736,999.968337270668,False,settled
b,blue_ramp,ramp,0.0,0.5,0.0,0.7584663518331298,1076.953164058633,False,settled
b,blue_ramp,ramp,0.0,0.5,0.0,0.7708809125672448,1072.2168431870462,False,settled
b,blue_ramp,ramp,0.0,0.5,0.0,1.1808006477372075,929.5605552310936,False,settled
b,blue_ramp,ramp,0.0,0.5,0.0,0.7688863830951879,1073.6286288290075,False,settled
b,blue_ramp,ramp,0.0,0.5,0.0,0.7049006406896778,1098.787422064691,False,settled
b,blue_ramp,ramp,0.0,0.5,0.0,1.1413761439226,939.637137850104,False,settled
b,blue_ramp,ramp,0.0,0.5,0.0,1.0275771536600522,977.3332231141275,False,settled
b,blue_ramp,ramp,0.0,0.5,0.0,0.850784060384848,1050.4563129692206,False,settled
b,blue_ramp,ramp,0.0,0.5,0.0,0.9255117601339997,1019.8869681111072,False,settled
b,blue_ramp,ramp,0.0,0.5,0.0,0.7379618586545638,1088.831850814964,False,settled
b,blue_ramp,ramp,0.0,0.5,0.0,0.7826252658615569,1077.490878048089,False,settled
b,blue_ramp,ramp,0.0,0.5,0.0,0.7924051078531759,1072.4703554502316,False,settled
b,blue_ramp,ramp,0.0,0.5,0.0,1.1663763411555845,933.9610178635637,False,settled
b,blue_ramp,ramp,0.0,0.5,0.0,0.7079360697655886,1097.4634889875251,False,settled
b,blue_ramp,ramp,0.0,0.5,0.0,0.7322443268406598,1085.6908654351103,False,settled
b,blue_ramp,ramp,0.0,0.5,0.0,1.0342779058630007,981.8517546390307,False,settled
b,blue_ramp,ramp,0.0,0.5,0.0,1.3326112443489602,885.3931848839621,False,settled
b,blue_ramp,ramp,0.0,0.5,0.0,1.5007691570167807,840.4316690396978,False,settled
b,blue_ramp,ramp,0.0,0.5,0.0,0.9519841698394577,1005.8063986171372,False,settled
b,blue_ramp,ramp,0.0,0.5,0.0,1.4243715220872484,854.2540992617983,False,settled
b,blue_ramp,ramp,0.0,0.5,0.0,0.7747972384929218,1069.3915640369003,False,settled
b,blue_ramp,ramp,0.0,0.5,0.0,0.8142998657383334,1052.2443498616742,False,settled
b,blue_ramp,ramp,0.0,0.5,0.0,1.5110907809710141,838.4509230210173,False,settled
b,blue_ramp,ramp,0.0,0.5,0.0,0.7313199414599444,1099.5689248820904,False,settled
b,blue_ramp,ramp,0.0,0.5,0.0,0.8515279954868608,1049.8684435397113,False,settled
b,blue_ramp,ramp,0.0,0.5,0.0,0.8579146774245224,1035.681501220904,False,settled
b,blue_ramp,ramp,0.0,0.5,0.0,0.8401302686503909,1045.7147118146086,False,settled
b,blue_ramp,ramp,0.0,0.5,0.0,1.1828920583365543,927.7367080200939,False,settled
b,blue_ramp,ramp,0.0,0.5,0.0,0.9116264792386832,1026.678878816315,False,settled
b,blue_ramp,ramp,0.0,0.5,0.0,0.7142614317845418,1103.01225355227,False,settled
b,blue_ramp,ramp,0.0,0.5,0.0,0.9513947883252807,1006.280176377414,False,settled
b,blue_ramp,ramp,0.0,0.5,0.0,1.0159136429599518,986.6112763300747,False,settled
b,blue_ramp,ramp,0.0,0.5,0.0,1.313160195144599,889.1802853474468,False,settled
b,blue_ramp,ramp,0.0,0.5,0.0,0.705160845516575,1100.2313203282936,False,settled
b,blue_ramp,ramp,0.0,0.5,0.0,0.6881552865240348,1105.4793079093195,False,settled
b,blue_ramp,ramp,0.0,0.5,0.0,1.0986577329368676,956.9391566744122,False,settled
b,blue_ramp,ramp,0.0,0.5,0.0,0.7786744563019365,1066.4432599353838,False,settled
b,blue_ramp,ramp,0.0,0.5,0.0,0.8276593764670225,1055.455003353696,False,settled
b,blue_ramp,ramp,0.0,0.5,0.0,0.805588127263715,1056.9321878924293,False,settled
b,blue_ramp,ramp,0.0,0.5,0.0,0.8694569886028575,1033.9646097107957,False,settled
b,blue_ramp,ramp,0.0,0.5,0.0,0.8126960299481124,1053.3898441746474,False,settled
b,blue_ramp,ramp,0.0,0.5,0.0,0.7375868713925959,1088.4668280107694,False,settled
b,blue_ramp,ramp,0.0,0.5,0.0,0.7547031152957318,1077.7045625994615,False,settled
b,blue_ramp,ramp,0.0,0.5,0.0,0.7340322722252791,1098.0336887009664,False,settled
b,blue_ramp,ramp,0.0,0.5,0.0,1.0774277299383133,964.6630189680932,False,settled
b,blue_ramp,ramp,0.0,0.5,0.0,0.8350259523421408,1049.6961378322094,False,settled
b,blue_ramp,ramp,0.0,0.5,0.0,0.8542909358778544,1036.2640893981886,False,settled
b,blue_ramp,ramp,0.0,0.5,0.0,0.8662339906898899,1034.4332639445383,False,settled
b,blue_ramp,ramp,0.0,0.5,0.0,1.1529120248291997,936.2559744555315,False,settled
b,blue_ramp,ramp,0.0,0.5,0.0,0.9265894158904184,1019.6844569969314,False,settled
b,blue_ramp,ramp,0.0,0.5,0.0,0.9356544323683111,1006.5093412207642,False,settled
b,blue_ramp,ramp,0.0,0.5,0.0,0.6929340508568023,1111.9929035896441,False,settled
b,blue_ramp,ramp,0.0,0.5,0.0,1.287431377248004,898.020040777376,False,settled
b,blue_ramp,ramp,0.0,0.5,0.0,0.890555574009504,1031.2483666349738,False,settled
b,blue_ramp,ramp,0.0,0.5,0.0,0.9448416208099202,1011.5549058257643,False,settled
b,blue_ramp,ramp,0.0,0.5,0.0,0.7004638331509079,1102.1987571031384,False,settled
b,blue_ramp,ramp,0.0,0.5,0.0,0.7609719021972436,1078.0412432592764,False,settled
b,blue_ramp,ramp,0.0,0.5,0.0,0.7123029264775023,1097.819671349574,False,settled
b,blue_ramp,ramp,0.0,0.5,0.0,0.7104100354218182,1105.2159240313586,False,settled
b,blue_ramp,ramp,0.0,0.5,0.0,0.7462974302348973,1083.8616939140575,False,settled
b,blue_ramp,ramp,0.0,0.5,0.0,0.842698667173776,1043.7215040189715,False,settled
b,blue_ramp,ramp,0.0,0.5,0.0,1.0995636927436876,956.1740583648453,False,settled
b,blue_ramp,ramp,0.0,0.5,0.0,0.9819651578302331,993.1765669344383,False,settled
b,blue_ramp,ramp,0.0,0.5,0.0,0.8362236185234685,1048.7595315952628,False,settled
b,blue_ramp,ramp,0.0,0.5,0.0,1.3807435571241449,870.7370540314159,False,settled
b,blue_ramp,ramp,0.0,0.5,0.0,0.9094702780989156,1016.4051960689624,False,settled
b,blue_ramp,ramp,0.0,0.5,0.0,0.8383637058946057,1047.0859186937116,False,settled
b,blue_ramp,ramp,0.0,0.5,0.0,1.3237525619690944,882.304942855793,False,settled
b,blue_ramp,ramp,0.0,0.5,0.0,0.9748649420754046,998.7614890145982,False,settled
b,blue_ramp,ramp,0.0,0.5,0.0,0.9310713939233605,1018.8421464804087,False,settled
b,blue_ramp,ramp,0.0,0.5,0.0,0.7920013582909292,1072.5235357415504,False,settled
b,blue_ramp,ramp,0.0,0.5,0.0,0.7985288051291499,1071.6630671462424,False,settled
b,blue_ramp,ramp,0.0,0.5,0.0,0.6966882539646571,1116.3228651016175,False,settled
b,blue_ramp,ramp,0.0,0.5,0.0,0.6927240213931056,1108.1872093855884,False,settled
b,blue_ramp,ramp,0.0,0.5,0.0,0.7542723437681087,1077.953364232132,False,settled
b,blue_ramp,ramp,0.0,0.5,0.0,0.8195385282875629,1061.6021309120113,False,settled
b,blue_ramp,ramp,0.0,0.5,0.0,0.720292107746219,1100.4255843275832,False,settled
b,blue_ramp,ramp,0.0,0.5,0.0,0.8691222195409449,1034.0132963607896,False,settled
b,blue_ramp,ramp,0.0,0.5,0.0,0.7128868066597845,1099.7325298326436,False,settled
b,blue_ramp,ramp,0.0,0.5,0.0,0.8963833052660732,1026.6072156487319,False,settled
b,blue_ramp,ramp,0.0,0.5,0.0,1.224479468479616,915.6625912461232,False,settled
b,blue_ramp,ramp,0.0,0.5,0.0,1.1732531918316094,928.035536138881,False,settled
b,blue_ramp,ramp,0.0,0.5,0.0,0.7588496079007825,1077.1968696915299,False,settled
b,blue_ramp,ramp,0.0,0.5,0.0,0.7479164219291401,1087.0198421249104,False,settled
b,blue_ramp,ramp,0.0,0.5,0.0,0.7782791031857268,1066.746207299205,False,settled
b,blue_ramp,ramp,0.0,0.5,0.0,1.1411570753214875,939.7014746728127,False,settled
b,blue_ramp,ramp,0.0,0.5,0.0,0.9286710856252757,1019.2931297084423,False,settled
b,blue_ramp,ramp,0.0,0.5,0.0,0.7262117961184302,1094.8392452101207,False,settled
b,blue_ramp,ramp,0.0,0.5,0.0,1.5839284540194005,820.4345967453098,False,settled
b,blue_ramp,ramp,0.0,0.5,0.0,0.918584878287133,1021.407808514683,False,settled
b,blue_ramp,ramp,0.0,0.5,0.0,1.0032638939865621,984.8785322234585,False,settled
b,blue_ramp,ramp,0.0,0.5,0.0,1.0615206507261314,969.5647469058978,False,settled
b,blue_ramp,ramp,0.0,0.5,0.0,1.263908936168706,899.6919991540149,False,settled
b,blue_ramp,ramp,0.0,0.5,0.0,0.7587244310810071,1077.1173641948099,False,settled
b,blue_ramp,ramp,0.0,0.5,0.0,0.7904973536766835,1072.7216534979318,False,settled
b,blue_ramp,ramp,0.0,0.5,0.0,0.8029322762798645,1057.2471274414702,False,settled
b,blue_ramp,ramp,0.0,0.5,0.0,1.0598996219512673,970.8889855270269,False,settled
b,blue_ramp,ramp,0.0,0.5,0.0,0.7820281849001622,1077.9613298582092,False,settled
b,blue_ramp,ramp,0.0,0.5,0.0,1.003913198927551,984.7430730828669,False,settled
b,blue_ramp,ramp,0.0,0.5,0.0,0.833502147056644,1050.887994853347,False,settled
b,blue_ramp,ramp,0.0,0.5,0.0,0.8390218334704868,1046.5748921604784,False,settled
b,blue_ramp,ramp,0.0,0.5,0.0,0.7812527447572875,1078.572319130195,False,settled
b,blue_ramp,ramp,0.0,0.5,0.0,1.149504318274284,937.2512096788083,False,settled
b,blue_ramp,ramp,0.0,0.5,0.0,0.7124933645695322,1098.4460721428993,False,settled
b,blue_ramp,ramp,0.0,0.5,0.0,0.7250866947311962,1093.012848574206,False,settled
b,blue_ramp,ramp,0.0,0.5,0.0,1.1239803932073131,944.9771852256273,False,settled
b,blue_ramp,ramp,0.0,0.5,0.0,0.8613999045795504,1035.161065155051,False,settled
b,blue_ramp,ramp,0.0,0.5,0.0,1.0159266768318087,986.6005275827696,False,settled
b,blue_ramp,ramp,0.0,0.5,0.0,0.9075914488925916,1017.8447167412,False,settled
b,blue_ramp,ramp,0.0,0.5,0.0,0.7579105000748653,1076.6933752353366,False,settled
b,blue_ramp,ramp,0.0,0.5,0.0,0.7545781798886383,1077.6503976815613,False,settled
b,blue_ramp,ramp,0.0,0.5,0.0,0.73029293216812,1098.270127806708,False,settled
b,blue_ramp,ramp,0.0,0.5,0.0,0.7657775339522963,1075.646779987948,False,settled
b,blue_ramp,ramp,0.0,0.5,0.0,1.0633605641430373,968.247286228386,False,settled
b,blue_ramp,ramp,0.0,0.5,0.0,1.5879692204028193,819.0006800958766,False,settled
b,blue_ramp,ramp,0.0,0.5,0.0,1.5691393756356091,823.8438701662777,False,settled
b,blue_ramp,ramp,0.0,0.5,0.0,0.7392213902625436,1084.8311866617746,False,settled
b,blue_ramp,ramp,0.0,0.5,0.0,0.7114544930389627,1094.3376565085432,False,settled
b,blue_ramp,ramp,0.0,0.5,0.0,0.756905473778085,1076.7110064885885,False,settled
b,blue_ramp,ramp,0.0,0.5,0.0,0.9669186347300962,1005.1777051935243,False,settled
b,blue_ramp,ramp,0.0,0.5,0.0,0.6990970282864952,1106.5824783781943,False,settled
b,blue_ramp,ramp,0.0,0.5,0.0,1.1400989578087524,940.3028191721604,False,settled
b,blue_ramp,ramp,0.0,0.5,0.0,0.8637129217360823,1034.891738168137,False,settled
b,blue_ramp,ramp,0.0,0.5,0.0,0.8765009889331402,1029.792008262317,False,settled
b,blue_ramp,ramp,0.0,0.5,0.0,0.848223907428046,1039.4581727488735,False,settled
b,blue_ramp,ramp,0.0,0.5,0.0,0.8628033077913285,1035.0264017565873,False,settled
b,blue_ramp,ramp,0.0,0.5,0.0,0.740719379411678,1086.4341224630782,False,settled
b,blue_ramp,ramp,0.0,0.5,0.0,0.7833571953732809,1076.914152481982,False,settled
b,blue_ramp,ramp,0.0,0.5,0.0,0.738539657106939,1089.3901077421829,False,settled
b,blue_ramp,ramp,0.0,0.5,0.0,0.7807799054220228,1078.9447625379294,False,settled
b,blue_ramp,ramp,0.0,0.5,0.0,0.7125952397327266,1098.7802049146387,False,settled
b,blue_ramp,ramp,0.0,0.5,0.0,0.9708230173440971,1002.0074942417435,False,settled
b,blue_ramp,ramp,0.0,0.5,0.0,0.8866946968605083,1034.335465445432,False,settled
b,blue_ramp,ramp,0.0,0.5,0.0,1.165847073077755,934.421671567062,False,settled
b,blue_ramp,ramp,0.0,0.5,0.0,0.8834435547661286,1036.6961204181832,False,settled
b,blue_ramp,ramp,0.0,0.5,0.0,1.311539383618882,889.8650109563968,False,settled
b,blue_ramp,ramp,0.0,0.5,0.0,1.2550089630992987,907.8148671871141,False,settled
b,blue_ramp,ramp,0.0,0.5,0.0,1.1823905899985288,928.1729667668247,False,settled
b,blue_ramp,ramp,0.0,0.5,0.0,0.8626620501720562,1035.0473142103394,False,settled
b,blue_ramp,ramp,0.0,0.5,0.0,0.7013981173125671,1107.3148297584808,False,settled
b,blue_ramp,ramp,0.0,0.5,0.0,1.1248562679337593,944.3352603734472,False,settled
b,blue_ramp,ramp,0.0,0.5,0.0,0.9744407230027642,999.0777220191995,False,settled
b,blue_ramp,ramp,0.0,0.5,0.0,0.8899924150859012,1031.6968210416123,False,settled
b,blue_ramp,ramp,0.0,0.5,0.0,0.786066880986984,1074.814296785135,False,settled
b,blue_ramp,ramp,0.0,0.5,0.0,0.7240227286424932,1090.7578815525567,False,settled
b,blue_ramp,ramp,0.0,0.5,0.0,0.8056841135742315,1056.9957926276427,False,settled
b,blue_ramp,ramp,0.0,0.5,0.0,0.9989904747666678,985.6929670687081,False,settled
b,blue_ramp,ramp,0.0,0.5,0.0,0.943138463379112,1012.9351396496568,False,settled
b,yellow_ramp,ramp,0.0,0.5,0.0,0.39235844153893273,1035.3893385024794,False,settled
b,yellow_ramp,ramp,0.0,0.5,0.0,0.588010078505093,964.9285065755545,False,settled
b,yellow_ramp,ramp,0.0,0.5,0.0,0.38677004359748995,1036.2671852150518,False,settled
b,yellow_ramp,ramp,0.0,0.5,0.0,0.39362909232756155,1035.20117058503,False,settled
b,yellow_ramp,ramp,0.0,0.5,0.0,0.23467454653182407,1098.8134815969709,False,settled
b,yellow_ramp,ramp,0.0,0.5,0.0,0.5480218479459863,986.9343804537509,False,settled
b,yellow_ramp,ramp,0.0,0.5,0.0,0.7014197188672394,931.7585862968093,False,settled
b,yellow_ramp,ramp,0.0,0.5,0.0,0.4096902001525561,1029.1768886047857,False,settled
b,yellow_ramp,ramp,0.0,0.5,0.0,0.5640629305861414,974.1154112621294,False,settled
b,yellow_ramp,ramp,0.0,0.5,0.0,0.3950771435193608,1035.059884181187,False,settled
b,yellow_ramp,ramp,0.0,0.5,0.0,0.3006230420476073,1074.1681078107,False,settled
b,yellow_ramp,ramp,0.0,0.5,0.0,0.7647351226814341,912.9478741639488,False,settled
b,yellow_ramp,ramp,0.0,0.5,0.0,0.28479185394963075,1081.294408729919,False,settled
b,yellow_ramp,ramp,0.0,0.5,0.0,0.6796832073970918,937.932374266042,False,settled
b,yellow_ramp,ramp,0.0,0.5,0.0,0.7592305185044462,914.8744191985655,False,settled
b,yellow_ramp,ramp,0.0,0.5,0.0,0.40044862122149777,1034.1839650189952,False,settled
b,yellow_ramp,ramp,0.0,0.5,0.0,0.8779603619203113,878.5509685194962,False,settled
b,yellow_ramp,ramp,0.0,0.5,0.0,0.3363287290577224,1057.137373684326,False,settled
b,yellow_ramp,ramp,0.0,0.5,0.0,0.2568729452279554,1089.949670540184,False,settled
b,yellow_ramp,ramp,0.0,0.5,0.0,0.7145628252197245,928.4581031561765,False,settled
b,yellow_ramp,ramp,0.0,0.5,0.0,0.225903432092575,1104.1702217710308,False,settled
b,yellow_ramp,ramp,0.0,0.5,0.0,0.6865734557676322,935.9197936126141,False,settled
b,yellow_ramp,ramp,0.0,0.5,0.0,0.5761094212475583,974.1475642977069,False,settled
b,yellow_ramp,ramp,0.0,0.5,0.0,0.22939889926541038,1101.6617393352317,False,settled
b,yellow_ramp,ramp,0.0,0.5,0.0,0.32137677916355517,1073.0885065942598,False,settled
b,yellow_ramp,ramp,0.0,0.5,0.0,0.24307309609960598,1105.118011231376,False,settled
b,yellow_ramp,ramp,0.0,0.5,0.0,0.581932176316331,969.7180157153133,False,settled
b,yellow_ramp,ramp,0.0,0.5,0.0,0.6256804375740729,952.5584396240956,False,settled
b,yellow_ramp,ramp,0.0,0.5,0.0,0.6010541406753023,966.9183776932902,False,settled
b,yellow_ramp,ramp,0.0,0.5,0.0,0.4574362709497494,1019.9951126669307,False,settled
b,yellow_ramp,ramp,0.0,0.5,0.0,0.3304568446982366,1071.7383713484796,False,settled
b,yellow_ramp,ramp,0.0,0.5,0.0,0.4084947561869239,1030.1904400711064,False,settled
b,yellow_ramp,ramp,0.0,0.5,0.0,0.5274817941498661,986.5334988731191,False,settled
b,yellow_ramp,ramp,0.0,0.5,0.0,0.5034547983785537,1001.9005109206015,False,settled
b,yellow_ramp,ramp,0.0,0.5,0.0,0.6481830137774854,951.6793721490153,False,settled
b,yellow_ramp,ramp,0.0,0.5,0.0,0.584927372193002,967.3367187419365,False,settled
b,yellow_ramp,ramp,0.0,0.5,0.0,0.31059487487992066,1066.8873712946893,False,settled
b,yellow_ramp,ramp,0.0,0.5,0.0,0.9949456872910717,847.2295812363323,False,settled
b,yellow_ramp,ramp,0.0,0.5,0.0,0.24107435546444655,1099.7440515802616,False,settled
b,yellow_ramp,ramp,0.0,0.5,0.0,0.334125590950408,1057.4066284929922,False,settled
b,yellow_ramp,ramp,0.0,0.5,0.0,0.7469232865150464,915.9630816434534,False,settled
b,yellow_ramp,ramp,0.0,0.5,0.0,0.49993762844102335,1004.7561280289098,False,settled
b,yellow_ramp,ramp,0.0,0.5,0.0,1.0647830920861172,833.0714401728536,False,settled
b,yellow_ramp,ramp,0.0,0.5,0.0,0.44915480756728,1022.9363112633398,False,settled
b,yellow_ramp,ramp,0.0,0.5,0.0,0.5070588234344096,998.9848447876908,False,settled
b,yellow_ramp,ramp,0.0,0.5,0.0,0.5164919452540473,991.5805574382541,False,settled
b,yellow_ramp,ramp,0.0,0.5,0.0,0.6160911431011142,960.206603808431,False,settled
b,yellow_ramp,ramp,0.0,0.5,0.0,0.46789577872816623,1006.5654576865123,False,settled
b,yellow_ramp,ramp,0.0,0.5,0.0,0.285084902587866,1081.2840893818538,False,settled
b,yellow_ramp,ramp,0.0,0.5,0.0,0.5493587792752481,985.8318398710747,False,settled
b,yellow_ramp,ramp,0.0,0.5,0.0,0.4830751881303766,1006.9390130342845,False,settled
b,yellow_ramp,ramp,0.0,0.5,0.0,0.2515176235255213,1099.726120864236,False,settled
b,yellow_ramp,ramp,0.0,0.5,0.0,0.6559881268751164,945.3907114822478,False,settled
b,yellow_ramp,ramp,0.0,0.5,0.0,0.505854424956501,999.9526362657866,False,settled
b,yellow_ramp,ramp,0.0,0.5,0.0,0.2828182214626125,1082.482859963684,False,settled
b,yellow_ramp,ramp,0.0,0.5,0.0,0.4603250539061404,1019.4520858862155,False,settled
b,yellow_ramp,ramp,0.0,0.5,0.0,0.29846111703446154,1075.5340196456148,False,settled
b,yellow_ramp,ramp,0.0,0.5,0.0,0.33537962594449827,1057.2533344950875,False,settled
b,yellow_ramp,ramp,0.0,0.5,0.0,0.5025533900831095,1002.6322955827471,False,settled
b,yellow_ramp,ramp,0.0,0.5,0.0,0.6919972183917747,931.7166899078294,False,settled
b,yellow_ramp,ramp,0.0,0.5,0.0,0.3853507101088646,1049.3645293387453,False,settled
b,yellow_ramp,ramp,0.0,0.5,0.0,0.736301254909205,924.8382912801648,False,settled
b,yellow_ramp,ramp,0.0,0.5,0.0,0.5220888177628936,987.7761708696897,False,settled
b,yellow_ramp,ramp,0.0,0.5,0.0,0.7129214515853812,929.8931987962687,False,settled
b,yellow_ramp,ramp,0.0,0.5,0.0,0.3232117177348192,1072.6934098264776,False,settled
b,yellow_ramp,ramp,0.0,0.5,0.0,0.4939054603987082,998.5635900122037,False,settled
b,yellow_ramp,ramp,0.0,0.5,0.0,0.3100396239998212,1067.2156093497024,False,settled
b,yellow_ramp,ramp,0.0,0.5,0.0,0.6441494339840527,955.1133953702456,False,settled
b,yellow_ramp,ramp,0.0,0.5,0.0,0.23035622498564465,1112.1842565315071,False,settled
b,yellow_ramp,ramp,0.0,0.5,0.0,0.24117434900177043,1100.4455095328312,False,settled
b,yellow_ramp,ramp,0.0,0.5,0.0,0.8845605169965352,877.7322535218509,False,settled
b,yellow_ramp,ramp,0.0,0.5,0.0,0.7207382010214655,923.1078357814963,False,settled
b,yellow_ramp,ramp,0.0,0.5,0.0,0.2467064394033802,1102.688118242591,False,settled
b,yellow_ramp,ramp,0.0,0.5,0.0,0.3160914826488463,1076.7295198814181,False,settled
b,yellow_ramp,ramp,0.0,0.5,0.0,0.5629240655122844,975.0366068497801,False,settled
b,yellow_ramp,ramp,0.0,0.5,0.0,0.8378299487526882,888.2264767315198,False,settled
b,yellow_ramp,ramp,0.0,0.5,0.0,0.40103535109638516,1034.0986431168183,False,settled
b,yellow_ramp,ramp,0.0,0.5,0.0,0.5108215520321358,996.0555718590552,False,settled
b,yellow_ramp,ramp,0.0,0.5,0.0,0.7567263096099371,915.7512295817834,False,settled
b,yellow_ramp,ramp,0.0,0.5,0.0,0.23590114423010095,1104.484338528639,False,settled
b,yellow_ramp,ramp,0.0,0.5,0.0,0.3199524744535533,1074.0065275051347,False,settled
b,yellow_ramp,ramp,0.0,0.5,0.0,0.46201945982997417,1019.1337329135648,False,settled
b,yellow_ramp,ramp,0.0,0.5,0.0,0.9184882149368627,865.6299452258961,False,settled
b,yellow_ramp,ramp,0.0,0.5,0.0,0.45137567375640264,1021.1779250188134,False,settled
b,yellow_ramp,ramp,0.0,0.5,0.0,0.5781687046010286,972.46130866568,False,settled
b,yellow_ramp,ramp,0.0,0.5,0.0,1.1243871685146445,818.5427058135164,False,settled
b,yellow_ramp,ramp,0.0,0.5,0.0,0.3861326797066805,1049.2377022719043,False,settled
b,yellow_ramp,ramp,0.0,0.5,0.0,0.26273233548859176,1098.183300516571,False,settled
b,yellow_ramp,ramp,0.0,0.5,0.0,0.24185255989126273,1103.0963657817804,False,settled
b,yellow_ramp,ramp,0.0,0.5,0.0,0.2975032821457788,1076.1224179306255,False,settled
b,yellow_ramp,ramp,0.0,0.5,0.0,0.22536705323318387,1110.0718033489213,False,settled
b,yellow_ramp,ramp,0.0,0.5,0.0,1.1518135754955738,811.2691204538662,False,settled
b,yellow_ramp,ramp,0.0,0.5,0.0,0.4343391325934476,1022.2851038666583,False,settled
b,yellow_ramp,ramp,0.0,0.5,0.0,0.4265974555014699,1028.4275518585414,False,settled
b,yellow_ramp,ramp,0.0,0.5,0.0,0.5232796955091452,987.5233390055931,False,settled
b,yellow_ramp,ramp,0.0,0.5,0.0,0.7182228697838142,925.273921741224,False,settled
b,yellow_ramp,ramp,0.0,0.5,0.0,1.0169573507866905,846.3902114733104,False,settled
b,yellow_ramp,ramp,0.0,0.5,0.0,0.25651676013058533,1090.7445551930148,False,settled
b,yellow_ramp,ramp,0.0,0.5,0.0,0.6313605612302103,956.7678653866735,False,settled
b,yellow_ramp,ramp,0.0,0.5,0.0,0.5635391390477283,974.5369977142783,False,settled
b,yellow_ramp,ramp,0.0,0.5,0.0,0.42405622879947136,1030.4514184424122,False,settled
b,yellow_ramp,ramp,0.0,0.5,0.0,0.2610917639670568,1098.2531455388175,False,settled
b,yellow_ramp,ramp,0.0,0.5,0.0,0.6321116788336092,956.1335331323288,False,settled
b,yellow_ramp,ramp,0.0,0.5,0.0,0.575513877412808,974.6365807703314,False,settled
b,yellow_ramp,ramp,0.0,0.5,0.0,0.28549388473385184,1081.458017656848,False,settled
b,yellow_ramp,ramp,0.0,0.5,0.0,0.3976470179624885,1034.5913199539787,False,settled
b,yellow_ramp,ramp,0.0,0.5,0.0,0.35409351726397476,1059.9779277026691,False,settled
b,yellow_ramp,ramp,0.0,0.5,0.0,0.3049164336246705,1071.1172731428512,False,settled
b,yellow_ramp,ramp,0.0,0.5,0.0,0.4634301662661835,1018.8686812253119,False,settled
b,yellow_ramp,ramp,0.0,0.5,0.0,0.2898406411305472,1076.542834507551,False,settled
b,yellow_ramp,ramp,0.0,0.5,0.0,0.43587222466366626,1021.073247619728,False,settled
b,yellow_ramp,ramp,0.0,0.5,0.0,0.32727420795964174,1072.1577727505053,False,settled
b,yellow_ramp,ramp,0.0,0.5,0.0,0.3766549125002019,1042.6822568263945,False,settled
b,yellow_ramp,ramp,0.0,0.5,0.0,1.1289069066758886,817.6659803188899,False,settled
b,yellow_ramp,ramp,0.0,0.5,0.0,0.649915440885896,950.2158903187004,False,settled
b,yellow_ramp,ramp,0.0,0.5,0.0,0.45497815980786926,1020.4569901797611,False,settled
b,yellow_ramp,ramp,0.0,0.5,0.0,1.1534932095049815,810.4672808425329,False,settled
b,yellow_ramp,ramp,0.0,0.5,0.0,0.327408964491919,1072.140018928136,False,settled
b,yellow_ramp,ramp,0.0,0.5,0.0,0.6657351060668516,945.8289017834118,False,settled
b,yellow_ramp,ramp,0.0,0.5,0.0,0.25505577667718815,1090.288682873147,False,settled
b,yellow_ramp,ramp,0.0,0.5,0.0,0.4866180660154775,1004.091035085898,False,settled
b,yellow_ramp,ramp,0.0,0.5,0.0,0.7948177988145284,901.1274518359947,False,settled
b,yellow_ramp,ramp,0.0,0.5,0.0,0.6047550964139151,965.9716148441012,False,settled
b,yellow_ramp,ramp,0.0,0.5,0.0,0.23252908538733305,1099.3772221700146,False,settled
b,yellow_ramp,ramp,0.0,0.5,0.0,0.6235597312323691,954.2734481487755,False,settled
b,yellow_ramp,ramp,0.0,0.5,0.0,0.741540780100045,920.5642058728665,False,settled
b,yellow_ramp,ramp,0.0,0.5,0.0,0.8858781388524709,876.4114432560168,False,settled
b,yellow_ramp,ramp,0.0,0.5,0.0,0.3200920869147987,1073.9381035608683,False,settled
b,yellow_ramp,ramp,0.0,0.5,0.0,0.7637214569412571,913.3025932353812,False,settled
b,yellow_ramp,ramp,0.0,0.5,0.0,0.858419329865022,885.9366458021615,False,settled
b,yellow_ramp,ramp,0.0,0.5,0.0,0.5760936130491507,974.160508392362,False,settled
b,yellow_ramp,ramp,0.0,0.5,0.0,0.9491443415211267,857.8814898219316,False,settled
b,yellow_ramp,ramp,0.0,0.5,0.0,0.7262574935752394,926.1598497033315,False,settled
b,yellow_ramp,ramp,0.0,0.5,0.0,0.27035226582257493,1088.725384878608,False,settled
b,yellow_ramp,ramp,0.0,0.5,0.0,0.23692340587441887,1111.2366881790547,False,settled
b,yellow_ramp,ramp,0.0,0.5,0.0,0.3992357876890038,1034.360330039033,False,settled
b,yellow_ramp,ramp,0.0,0.5,0.0,0.6869643542698948,935.8066424996152,False,settled
b,yellow_ramp,ramp,0.0,0.5,0.0,0.8675614148111905,882.9665370995561,False,settled
b,yellow_ramp,ramp,0.0,0.5,0.0,0.3588977619589449,1056.4393978938715,False,settled
b,yellow_ramp,ramp,0.0,0.5,0.0,0.43960219306050324,1018.2937826718629,False,settled
b,yellow_ramp,ramp,0.0,0.5,0.0,0.23483343029510023,1099.2193562306807,False,settled
b,yellow_ramp,ramp,0.0,0.5,0.0,0.4943314337884851,998.2236857964037,False,settled
b,yellow_ramp,ramp,0.0,0.5,0.0,0.6388354483076574,950.752031510391,False,settled
b,yellow_ramp,ramp,0.0,0.5,0.0,0.3403251415115557,1056.7488100312826,False,settled
b,yellow_ramp,ramp,0.0,0.5,0.0,0.25966617301779965,1095.7126878522415,False,settled
b,yellow_ramp,ramp,0.0,0.5,0.0,0.7983872366489042,904.7119228073477,False,settled
b,yellow_ramp,ramp,0.0,0.5,0.0,0.24798388787373452,1106.861271701418,False,settled
b,yellow_ramp,ramp,0.0,0.5,0.0,0.3953409847038177,1035.0208238805221,False,settled
b,yellow_ramp,ramp,0.0,0.5,0.0,0.3649105509209221,1051.7416892089168,False,settled
b,yellow_ramp,ramp,0.0,0.5,0.0,0.32374154767953,1072.6236174691269,False,settled
b,yellow_ramp,ramp,0.0,0.5,0.0,0.5552631738037207,980.9973401239586,False,settled
b,yellow_ramp,ramp,0.0,0.5,0.0,0.7409560610353777,921.0713224135126,False,settled
b,yellow_ramp,ramp,0.0,0.5,0.0,0.26954483861406264,1087.9370077164108,False,settled
b,yellow_ramp,ramp,0.0,0.5,0.0,0.3015671945385702,1073.5008189636828,False,settled
b,yellow_ramp,ramp,0.0,0.5,0.0,0.36513879790841003,1051.5631879287912,False,settled
b,yellow_ramp,ramp,0.0,0.5,0.0,0.9731675976158725,850.1449353130665,False,settled
b,yellow_ramp,ramp,0.0,0.5,0.0,0.37416252397093563,1044.5254460453493,False,settled
b,yellow_ramp,ramp,0.0,0.5,0.0,1.1700805348661354,807.8402850499685,False,settled
b,yellow_ramp,ramp,0.0,0.5,0.0,0.29335443260680094,1078.081914719961,False,settled
b,yellow_ramp,ramp,0.0,0.5,0.0,1.0267833977634953,841.9709185807865,False,settled
b,yellow_ramp,ramp,0.0,0.5,0.0,0.24506269268696262,1098.6735322265843,False,settled
b,yellow_ramp,ramp,0.0,0.5,0.0,0.7392742082408298,922.5342838634763,False,settled
b,yellow_ramp,ramp,0.0,0.5,0.0,0.8149151789427634,896.1040072986368,False,settled
b,yellow_ramp,ramp,0.0,0.5,0.0,0.32489155530723923,1072.4721405402004,False,settled
b,yellow_ramp,ramp,0.0,0.5,0.0,0.4822469915836449,1007.6050069703562,False,settled
b,yellow_ramp,ramp,0.0,0.5,0.0,0.7404577158047975,921.5055298329877,False,settled
b,yellow_ramp,ramp,0.0,0.5,0.0,0.432679018969161,1023.5973668611107,False,settled
b,yellow_ramp,ramp,0.0,0.5,0.0,0.2825073087482409,1082.8019753172762,False,settled
b,yellow_ramp,ramp,0.0,0.5,0.0,0.4333036920685565,1023.1035393177922,False,settled
b,yellow_ramp,ramp,0.0,0.5,0.0,0.41767473568741154,1035.554849216353,False,settled
b,yellow_ramp,ramp,0.0,0.5,0.0,0.3009125773749697,1073.9635728585793,False,settled
b,yellow_ramp,ramp,0.0,0.5,0.0,0.6538251906950775,947.2170440888265,False,settled
b,yellow_ramp,ramp,0.0,0.5,0.0,0.6357161643647152,953.3676004874767,False,settled
b,yellow_ramp,ramp,0.0,0.5,0.0,0.8246177855815354,893.7431193129576,False,settled
b,yellow_ramp,ramp,0.0,0.5,0.0,0.8146743752876614,896.328745193839,False,settled
b,yellow_ramp,ramp,0.0,0.5,0.0,0.757472593791198,915.489933601734,False,settled
b,yellow_ramp,ramp,0.0,0.5,0.0,0.4220625255019557,1032.0391330804407,False,settled
b,yellow_ramp,ramp,0.0,0.5,0.0,0.6183473617916571,958.5865067300012,False,settled
b,yellow_ramp,ramp,0.0,0.5,0.0,0.2348346279866434,1099.231760448883,False,settled
b,yellow_ramp,ramp,0.0,0.5,0.0,0.5044573339220048,1001.086622223929,False,settled
b,yellow_ramp,ramp,0.0,0.5,0.0,0.41752519297048357,1035.6748117135458,False,settled
b,yellow_ramp,ramp,0.0,0.5,0.0,0.3720014531404353,1046.2026854547712,False,settled
b,yellow_ramp,ramp,0.0,0.5,0.0,0.7926551784614555,903.0834376651145,False,settled
b,yellow_ramp,ramp,0.0,0.5,0.0,0.2307615133158186,1114.5818458454619,False,settled
b,yellow_ramp,ramp,0.0,0.5,0.0,0.35074949985334314,1062.6274927489903,False,settled
b,yellow_ramp,ramp,0.0,0.5,0.0,0.7659572665806924,912.5202007067104,False,settled
b,yellow_ramp,ramp,0.0,0.5,0.0,0.3231774117390375,1072.6979288096145,False,settled
b,yellow_ramp,ramp,0.0,0.5,0.0,0.6708952337103694,941.735676468254,False,settled
b,yellow_ramp,ramp,0.0,0.5,0.0,0.27670435447732616,1085.025871349539,False,settled
b,yellow_ramp,ramp,0.0,0.5,0.0,0.21891045137055554,1108.679492048798,False,settled
b,yellow_ramp,ramp,0.0,0.5,0.0,0.5332910566137448,985.3172104886424,False,settled
b,yellow_ramp,ramp,0.0,0.5,0.0,0.44201989548432125,1016.3670718219151,False,settled
b,yellow_ramp,ramp,0.0,0.5,0.0,0.5956287431639943,968.306599358283,False,settled
b,yellow_ramp,ramp,0.0,0.5,0.0,0.34627761884511715,1052.557582320802,False,settled
b,yellow_ramp,ramp,0.0,0.5,0.0,0.2867303950779083,1077.9375998747719,False,settled
b,yellow_ramp,ramp,0.0,0.5,0.0,0.45847706103325236,1019.7995297085317,False,settled
b,yellow_ramp,ramp,0.0,0.5,0.0,0.6193643644620234,957.7408009817209,False,settled
b,yellow_ramp,ramp,0.0,0.5,0.0,0.39035673104950497,1035.690090277524,False,settled
b,yellow_ramp,ramp,0.0,0.5,0.0,0.7356471810579004,918.0451218684852,False,settled
b,yellow_ramp,ramp,0.0,0.5,0.0,0.4956759043397108,997.255451105487,False,settled
b,yellow_ramp,ramp,0.0,0.5,0.0,0.22593641666489558,1104.7997772916028,False,settled
b,yellow_ramp,ramp,0.0,0.5,0.0,0.5818202239517701,969.8079948728176,False,settled
b,yellow_ramp,ramp,0.0,0.5,0.0,0.35553187309529366,1058.840655609886,False,settled
b,yellow_ramp,ramp,0.0,0.5,0.0,0.7052664057441561,928.4555371520934,False,settled
b,yellow_ramp,ramp,0.0,0.5,0.0,0.30222243590821857,1073.0373866106793,False,settled
b,yellow_ramp,ramp,0.0,0.5,0.0,0.5166473457123089,991.4583568456644,False,settled
b,yellow_ramp,ramp,0.0,0.5,0.0,0.3544141174431634,1059.7244690732246,False,settled
b,yellow_ramp,ramp,0.0,0.5,0.0,0.7936414101779737,902.1831102386084,False,settled
b,yellow_ramp,ramp,0.0,0.5,0.0,0.48502797889129534,1005.3692525596141,False,settled
b,yellow_ramp,ramp,0.0,0.5,0.0,0.7547790330113536,916.4697268997797,False,settled
b,yellow_ramp,ramp,0.0,0.5,0.0,0.26336533407247775,1098.9959709638977,False,settled
b,yellow_ramp,ramp,0.0,0.5,0.0,0.3791943627346578,1040.6384701817792,False,settled
b,yellow_ramp,ramp,0.0,0.5,0.0,1.1421807260025183,813.673766709783,False,settled
b,yellow_ramp,ramp,0.0,0.5,0.0,0.4985510545288271,1005.8822461529701,False,settled
b,yellow_ramp,ramp,0.0,0.5,0.0,0.28009140141484157,1086.3620659479377,False,settled
b,yellow_ramp,ramp,0.0,0.5,0.0,0.49992603601329616,1004.7655396772491,False,settled
b,yellow_ramp,ramp,0.0,0.5,0.0,0.31167835422001117,1066.0638089997942,False,settled
b,yellow_ramp,ramp,0.0,0.5,0.0,0.4980081590093974,1006.3230974416674,False,settled
b,yellow_ramp,ramp,0.0,0.5,0.0,0.6561606528926136,945.2450680580994,False,settled
b,yellow_ramp,ramp,0.0,0.5,0.0,0.32487821419279284,1072.4738977810546,False,settled
b,yellow_ramp,ramp,0.0,0.5,0.0,0.8175617143903267,893.6764563222463,False,settled
b,yellow_ramp,ramp,0.0,0.5,0.0,0.7662824383253725,912.4064113428153,False,settled
b,yellow_ramp,ramp,0.0,0.5,0.0,0.3374131144972105,1057.010091121849,False,settled
b,yellow_ramp,ramp,0.0,0.5,0.0,0.6036265955690238,966.2603033318877,False,settled
b,yellow_ramp,ramp,0.0,0.5,0.0,0.2397155108073205,1109.7209354108804,False,settled
b,yellow_ramp,ramp,0.0,0.5,0.0,0.4898669898924851,1001.4961287355497,False,settled
b,yellow_ramp,ramp,0.0,0.5,0.0,0.44259316722252534,1015.9321458719638,False,settled
b,yellow_ramp,ramp,0.0,0.5,0.0,0.31878503471747405,1074.7803337839784,False,settled
b,yellow_ramp,ramp,0.0,0.5,0.0,0.24598549052958923,1101.2353684888326,False,settled
b,yellow_ramp,ramp,0.0,0.5,0.0,0.5435756123218423,980.3994937401594,False,settled
b,yellow_ramp,ramp,0.0,0.5,0.0,0.28006386317577814,1086.3033914378177,False,settled
b,yellow_ramp,ramp,0.0,0.5,0.0,0.3814642728668147,1038.9845536762248,False,settled
b,yellow_ramp,ramp,0.0,0.5,0.0,0.49910939853689934,1005.4288343088119,False,settled
b,yellow_ramp,ramp,0.0,0.5,0.0,0.24518416255819644,1099.0712315144924,False,settled
b,yellow_ramp,ramp,0.0,0.5,0.0,0.8199119995528177,898.0383323476539,False,settled
b,yellow_ramp,ramp,0.0,0.5,0.0,0.2726809614349262,1084.6777893808567,False,settled
b,yellow_ramp,ramp,0.0,0.5,0.0,0.2650698496588778,1086.0261923467845,False,settled
b,yellow_ramp,ramp,0.0,0.5,0.0,0.37843147941845623,1041.3038508263285,False,settled
b,yellow_ramp,ramp,0.0,0.5,0.0,0.3878189811602598,1036.1770752540579,False,settled
b,yellow_ramp,ramp,0.0,0.5,0.0,1.108898202167099,821.574369886988,False,settled
b,yellow_ramp,ramp,0.0,0.5,0.0,0.8043872651981526,899.1529261991794,False,settled
b,yellow_ramp,ramp,0.0,0.5,0.0,0.7038859239804984,929.7204863219823,False,settled
b,yellow_ramp,ramp,0.0,0.5,0.0,0.5280432701688123,986.4162731064625,False,settled
b,yellow_ramp,ramp,0.0,0.5,0.0,0.9306897548820652,863.3629495853663,False,settled
b,yellow_ramp,ramp,0.0,0.5,0.0,0.5523566609419824,983.3751060880402,False,settled
b,yellow_ramp,ramp,0.0,0.5,0.0,0.4133513746055275,1026.3570709590042,False,settled
b,yellow_ramp,ramp,0.0,0.5,0.0,0.5892031873333186,973.5137148395797,False,settled
b,yellow_ramp,ramp,0.0,0.5,0.0,0.3548186279802208,1059.4045885378744,False,settled
b,yellow_ramp,ramp,0.0,0.5,0.0,0.348921817282122,1064.082103622389,False,settled
b,yellow_ramp,ramp,0.0,0.5,0.0,0.7755407992947738,911.6805759821326,False,settled
b,yellow_ramp,ramp,0.0,0.5,0.0,1.109169179940321,822.5807701687506,False,settled
b,yellow_ramp,ramp,0.0,0.5,0.0,0.24548242989171065,1099.792102256028,False,settled
b,yellow_ramp,ramp,0.0,0.5,0.0,0.66921811111109,943.1540587129655,False,settled
b,yellow_ramp,ramp,0.0,0.5,0.0,1.1839832657098404,804.550902680043,False,settled
b,yellow_ramp,ramp,0.0,0.5,0.0,0.25888540451075276,1095.1485087682186,False,settled
b,yellow_ramp,ramp,0.0,0.5,0.0,0.4377101022814393,1019.6699696624299,False,settled
b,yellow_ramp,ramp,0.0,0.5,0.0,0.9370289145524372,864.1434479797825,False,settled
b,yellow_ramp,ramp,0.0,0.5,0.0,0.5821240587633346,969.563793875827,False,settled
b,yellow_ramp,ramp,0.0,0.5,0.0,0.28167364631056824,1087.9744348994047,False,settled
b,yellow_ramp,ramp,0.0,0.5,0.0,0.2318509393475563,1109.509033201417,False,settled
b,yellow_ramp,ramp,0.0,0.5,0.0,0.580263412877779,971.0490531833401,False,settled
b,yellow_ramp,ramp,0.0,0.5,0.0,1.0312668246344352,841.929332184688,False,settled
b,yellow_ramp,ramp,0.0,0.5,0.0,0.6959212725113275,936.28046496802,False,settled
b,yellow_ramp,ramp,0.0,0.5,0.0,0.4441655987830772,1026.892988294812,False,settled
b,yellow_ramp,ramp,0.0,0.5,0.0,0.3776377747945733,1041.919662788908,False,settled
b,yellow_ramp,ramp,0.0,0.5,0.0,0.6186649795430964,958.3224225043773,False,settled
b,yellow_ramp,ramp,0.0,0.5,0.0,0.4838686947766952,1006.3011517764829,False,settled
b,yellow_ramp,ramp,0.0,0.5,0.0,0.7366220172721976,924.5760540256133,False,settled
b,yellow_ramp,ramp,0.0,0.5,0.0,0.4347475327525901,1021.9623308510711,False,settled
b,yellow_ramp,ramp,0.0,0.5,0.0,0.4627286883989242,1019.0004791173845,False,settled
b,yellow_ramp,ramp,0.0,0.5,0.0,0.4204197976069705,1033.3525310147672,False,settled
b,yellow_ramp,ramp,0.0,0.5,0.0,0.39169045848347867,1035.4924910772559,False,settled
b,yellow_ramp,ramp,0.0,0.5,0.0,0.36232262091196826,1053.765855785859,False,settled
b,yellow_ramp,ramp,0.0,0.5,0.0,0.4640656986412242,1018.7492732774283,False,settled
b,yellow_ramp,ramp,0.0,0.5,0.0,0.2372503503377286,1098.0690685034217,False,settled
b,yellow_ramp,ramp,0.0,0.5,0.0,0.7289823628943602,923.7607750472297,False,settled
b,yellow_ramp,ramp,0.0,0.5,0.0,0.9235366019861531,865.637842438003,False,settled
b,yellow_ramp,ramp,0.0,0.5,0.0,0.4974171906534341,1006.8029778727466,False,settled
b,yellow_ramp,ramp,0.0,0.5,0.0,0.5380751103180066,984.3963607111768,False,settled
b,yellow_ramp,ramp,0.0,0.5,0.0,0.427736953405278,1027.52014703769,False,settled
b,yellow_ramp,ramp,0.0,0.5,0.0,0.5771421636354467,973.3019254215694,False,settled
b,yellow_ramp,ramp,0.0,0.5,0.0,0.23976916795769163,1109.9757660629007,False,settled
b,yellow_ramp,ramp,0.0,0.5,0.0,0.41679661703001747,1036.2594602732331,False,settled
b,yellow_ramp,ramp,0.0,0.5,0.0,0.3280467796817604,1072.0559681340546,False,settled
b,yellow_ramp,ramp,0.0,0.5,0.0,0.922831599268733,866.1190238596427,False,settled
b,yellow_ramp,ramp,0.0,0.5,0.0,0.28069392576215213,1087.22142858641,False,settled
b,yellow_ramp,ramp,0.0,0.5,0.0,0.3007684442628417,1074.0654066287093,False,settled
b,yellow_ramp,ramp,0.0,0.5,0.0,0.8504724511814398,887.1552656208659,False,settled
b,yellow_ramp,ramp,0.0,0.5,0.0,0.5614424079422302,976.3167695490718,False,settled
b,yellow_ramp,ramp,0.0,0.5,0.0,0.3467996525714282,1052.2445149478588,False,settled
b,yellow_ramp,ramp,0.0,0.5,0.0,0.7270069552090086,925.4973071318747,False,settled
b,yellow_ramp,ramp,0.0,0.5,0.0,0.5590896026349956,977.8707301794719,False,settled
b,yellow_ramp,ramp,0.0,0.5,0.0,0.294318093691974,1077.7317949069948,False,settled
b,yellow_ramp,ramp,0.0,0.5,0.0,1.1461956874630177,813.1791269922339,False,settled
b,yellow_ramp,ramp,0.0,0.5,0.0,0.22917351322436072,1116.1535615603611,False,settled
b,yellow_ramp,ramp,0.0,0.5,0.0,0.5890742415441498,973.6195942487218,False,settled
b,yellow_ramp,ramp,0.0,0.5,0.0,0.515338230001027,992.4877809748488,False,settled
b,yellow_ramp,ramp,0.0,0.5,0.0,0.4410059979392093,1017.1409815913955,False,settled
b,yellow_ramp,ramp,0.0,0.5,0.0,0.37067601511143483,1047.2326806563792,False,settled
b,yellow_ramp,ramp,0.0,0.5,0.0,0.678878739216704,938.1684574332188,False,settled
b,yellow_ramp,ramp,0.0,0.5,0.0,0.3040791205500601,1071.7218616308087,False,settled
b,yellow_ramp,ramp,0.0,0.5,0.0,0.43010144322359595,1025.6370413659765,False,settled
b,yellow_ramp,ramp,0.0,0.5,0.0,0.37974562154818525,1040.2108716732184,False,settled
b,yellow_ramp,ramp,0.0,0.5,0.0,0.561641801507378,976.1548464415723,False,settled
b,yellow_ramp,ramp,0.0,0.5,0.0,0.23013598799424906,1109.1675533495675,False,settled
b,yellow_ramp,ramp,0.0,0.5,0.0,0.7494286299512605,913.8197600348997,False,settled
b,yellow_ramp,ramp,0.0,0.5,0.0,0.9062236304032796,872.4582378730878,False,settled
b,yellow_ramp,ramp,0.0,0.5,0.0,0.30830651349434396,1068.5390666472997,False,settled
b,yellow_ramp,ramp,0.0,0.5,0.0,0.5299937919321619,986.0055101347617,False,settled
b,yellow_ramp,ramp,0.0,0.5,0.0,0.624202797799564,953.7391162210629,False,settled
b,yellow_ramp,ramp,0.0,0.5,0.0,0.34958477205414545,1063.5545355225242,False,settled
b,yellow_ramp,ramp,0.0,0.5,0.0,0.4504735356493312,1021.8908910808,False,settled
b,yellow_ramp,ramp,0.0,0.5,0.0,0.41943349151932446,1034.143880492257,False,settled
b,yellow_ramp,ramp,0.0,0.5,0.0,0.24385921621159218,1109.2802980593924,False,settled
b,yellow_ramp,ramp,0.0,0.5,0.0,0.3990864203095988,1034.3820497169083,False,settled
b,yellow_ramp,ramp,0.0,0.5,0.0,0.750288912987026,920.2226761855549,False,settled
b,yellow_ramp,ramp,0.0,0.5,0.0,0.4119931021652874,1027.3856152596757,False,settled
b,yellow_ramp,ramp,0.0,0.5,0.0,0.33226141816871796,1057.7247494116343,False,settled
b,yellow_ramp,ramp,0.0,0.5,0.0,0.499876688706928,1004.8056037073487,False,settled
b,yellow_ramp,ramp,0.0,0.5,0.0,0.6701227656781124,942.3893199047184,False,settled
b,yellow_ramp,ramp,0.0,0.5,0.0,1.012273920731743,845.6998454376717,False,settled
b,yellow_ramp,ramp,0.0,0.5,0.0,0.2624636977791901,1097.0741843613343,False,settled
b,yellow_ramp,ramp,0.0,0.5,0.0,0.4270937992259097,1028.032311928792,False,settled
b,yellow_ramp,ramp,0.0,0.5,0.0,0.5717145267933689,977.7728711136373,False,settled
b,yellow_ramp,ramp,0.0,0.5,0.0,0.5855224559712059,966.8662366955401,False,settled
b,yellow_ramp,ramp,0.0,0.5,0.0,0.3488154919261644,1064.1667088033237,False,settled
b,yellow_ramp,ramp,0.0,0.5,0.0,0.6371124162205094,952.1966767938366,False,settled
b,yellow_ramp,ramp,0.0,0.5,0.0,0.3597423884633099,1055.7742385112126,False,settled
b,yellow_ramp,ramp,0.0,0.5,0.0,0.6404999213688364,949.4481716226308,False,settled
b,yellow_ramp,ramp,0.0,0.5,0.0,0.6710861715205969,941.5741080221343,False,settled
b,yellow_ramp,ramp,0.0,0.5,0.0,0.6723572094088482,940.5056932371125,False,settled
b,yellow_ramp,ramp,0.0,0.5,0.0,0.3197263147833734,1074.117245925989,False,settled
b,yellow_ramp,ramp,0.0,0.5,0.0,0.4630139125853252,1018.9468895180344,False,settled
b,yellow_ramp,ramp,0.0,0.5,0.0,0.8047483254558132,898.8210559418856,False,settled
b,yellow_ramp,ramp,0.0,0.5,0.0,0.4818286802607172,1007.9412946882579,False,settled
b,yellow_ramp,ramp,0.0,0.5,0.0,0.7552530679588909,916.2670533591677,False,settled
b,yellow_ramp,ramp,0.0,0.5,0.0,0.33879955664157635,1056.9247861852234,False,settled
b,yellow_ramp,ramp,0.0,0.5,0.0,0.973728662831047,853.836389209903,False,settled
b,yellow_ramp,ramp,0.0,0.5,0.0,0.6168630916875142,959.8205408934197,False,settled
b,yellow_ramp,ramp,0.0,0.5,0.0,0.7635580165224264,913.359787057474,False,settled
b,yellow_ramp,ramp,0.0,0.5,0.0,0.8889100079533617,873.6537913844843,False,settled
b,yellow_ramp,ramp,0.0,0.5,0.0,0.5594896494055211,977.8104192488081,False,settled
b,yellow_ramp,ramp,0.0,0.5,0.0,0.33386087410410215,1057.5292810046758,False,settled
b,yellow_ramp,ramp,0.0,0.5,0.0,0.3303984174952894,1071.746063848131,False,settled
b,yellow_ramp,ramp,0.0,0.5,0.0,0.732834837994066,920.4737875070765,False,settled
b,yellow_ramp,ramp,0.0,0.5,0.0,0.5751339901414113,974.9501745881701,False,settled
b,yellow_ramp,ramp,0.0,0.5,0.0,0.39788497497580855,1034.556719169361,False,settled
b,yellow_ramp,ramp,0.0,0.5,0.0,0.37362088381590025,1044.9459012880905,False,settled
b,yellow_ramp,ramp,0.0,0.5,0.0,0.5132615391903478,994.1285231646541,False,settled
b,yellow_ramp,ramp,0.0,0.5,0.0,0.2490614370004501,1092.9956604782599,False,settled
b,yellow_ramp,ramp,0.0,0.5,0.0,0.5828348743794706,969.0849009410651,False,settled
b,yellow_ramp,ramp,0.0,0.5,0.0,0.9808210047862277,850.49057330284,False,settled
b,yellow_ramp,ramp,0.0,0.5,0.0,0.2336528972950592,1107.445069077064,False,settled
b,yellow_ramp,ramp,0.0,0.5,0.0,0.23713717034386822,1097.3869472444576,False,settled
b,yellow_ramp,ramp,0.0,0.5,0.0,0.6086635553409397,964.9818726318495,False,settled
b,yellow_ramp,ramp,0.0,0.5,0.0,0.2708200570434257,1089.178542057691,False,settled
b,yellow_ramp,ramp,0.0,0.5,0.0,1.030135830106757,842.7805110701785,False,settled
b,yellow_ramp,ramp,0.0,0.5,0.0,0.8905300839899195,877.4054355527243,False,settled
b,yellow_ramp,ramp,0.0,0.5,0.0,0.3053300242658463,1070.8950141017378,False,settled
b,yellow_ramp,ramp,0.0,0.5,0.0,0.5045031988792449,1001.0493874993712,False,settled
b,yellow_ramp,ramp,0.0,0.5,0.0,1.0491607846076403,835.9615232787978,False,settled
b,yellow_ramp,ramp,0.0,0.5,0.0,0.4559021510020113,1020.2833997262962,False,settled
b,yellow_ramp,ramp,0.0,0.5,0.0,0.2876055319857681,1077.5038721606925,False,settled
b,yellow_ramp,ramp,0.0,0.5,0.0,0.794709736076988,901.2967507217554,False,settled
b,yellow_ramp,ramp,0.0,0.5,0.0,0.3084317037568269,1068.4431967567123,False,settled
b,yellow_ramp,ramp,0.0,0.5,0.0,0.4321191861165673,1024.0398690483282,False,settled
b,yellow_ramp,ramp,0.0,0.5,0.0,0.35298444348781166,1060.8545944833634,False,settled
b,yellow_ramp,ramp,0.0,0.5,0.0,0.5510425247781844,984.4502462425044,False,settled
b,yellow_ramp,ramp,0.0,0.5,0.0,0.8630266472947832,881.5273665639643,False,settled
b,yellow_ramp,ramp,0.0,0.5,0.0,0.38839067322851706,1036.0844658783174,False,settled
b,yellow_ramp,ramp,0.0,0.5,0.0,0.24139794065980902,1101.3317421256002,False,settled
b,yellow_ramp,ramp,0.0,0.5,0.0,0.4225339820886048,1031.6637215523772,False,settled
b,yellow_ramp,ramp,0.0,0.5,0.0,0.4088560262405453,1029.9061034452814,False,settled
b,yellow_ramp,ramp,0.0,0.5,0.0,0.44217536326068685,1016.2531234786671,False,settled
b,yellow_ramp,ramp,0.0,0.5,0.0,0.5157807842562804,992.1397807586386,False,settled
b,yellow_ramp,ramp,0.0,0.5,0.0,0.8141820677170976,896.7882030776017,False,settled
b,yellow_ramp,ramp,0.0,0.5,0.0,0.6221339283411509,955.5303500830862,False,settled
b,yellow_ramp,ramp,0.0,0.5,0.0,0.24287322826599775,1105.5024619045953,False,settled
b,yellow_ramp,ramp,0.0,0.5,0.0,0.4615327859005212,1019.2251717096573,False,settled
b,yellow_ramp,ramp,0.0,0.5,0.0,0.25170364392205685,1099.9283740413453,False,settled
b,yellow_ramp,ramp,0.0,0.5,0.0,0.7457180431935423,916.9247638479543,False,settled
b,yellow_ramp,ramp,0.0,0.5,0.0,0.47849927197437125,1010.6184358764663,False,settled
b,yellow_ramp,ramp,0.0,0.5,0.0,0.5365648916455718,984.7114266336924,False,settled
b,yellow_ramp,ramp,0.0,0.5,0.0,0.3137656907816975,1078.562121126537,False,settled
b,yellow_ramp,ramp,0.0,0.5,0.0,0.5816041279001708,969.9815752776382,False,settled
b,yellow_ramp,ramp,0.0,0.5,0.0,0.3521041239469742,1061.5502964349123,False,settled
b,yellow_ramp,ramp,0.0,0.5,0.0,0.2548046748904053,1089.8029995343925,False,settled
b,yellow_ramp,ramp,0.0,0.5,0.0,0.5607817543845542,976.7608932096766,False,settled
b,yellow_ramp,ramp,0.0,0.5,0.0,0.4036464794664061,1033.7190947945737,False,settled
b,yellow_ramp,ramp,0.0,0.5,0.0,0.7802091067695369,907.4185567275774,False,settled
b,yellow_ramp,ramp,0.0,0.5,0.0,0.2716612995459459,1084.7320319808136,False,settled
b,yellow_ramp,ramp,0.0,0.5,0.0,0.8388709202898571,893.1954557928532,False,settled
b,yellow_ramp,ramp,0.0,0.5,0.0,0.720506285129878,923.309470494082,False,settled
b,yellow_ramp,ramp,0.0,0.5,0.0,0.2358853342805244,1104.2782701703115,False,settled
b,yellow_ramp,ramp,0.0,0.5,0.0,0.2922137400428671,1077.7432545118418,False,settled
b,yellow_ramp,ramp,0.0,0.5,0.0,0.3978272143187082,1034.5651180238476,False,settled
b,yellow_ramp,ramp,0.0,0.5,0.0,0.6186194862840139,958.3602480921652,False,settled
b,yellow_ramp,ramp,0.0,0.5,0.0,0.29941504617279524,1074.9529081428157,False,settled
b,yellow_ramp,ramp,0.0,0.5,0.0,0.5265687840579077,986.7241375587519,False,settled
b,yellow_ramp,ramp,0.0,0.5,0.0,0.3858272705962395,1049.2872404340737,False,settled
b,yellow_ramp,ramp,0.0,0.5,0.0,1.1627790666579838,807.5738648004972,False,settled
b,yellow_ramp,ramp,0.0,0.5,0.0,0.8771594972421105,879.3488858482714,False,settled
b,yellow_ramp,ramp,0.0,0.5,0.0,0.26305709189583915,1098.6058264886374,False,settled
b,yellow_ramp,ramp,0.0,0.5,0.0,0.3272350158965645,1072.1629362039873,False,settled
b,yellow_ramp,ramp,0.0,0.5,0.0,1.1803232598242697,804.554246013359,False,settled
b,yellow_ramp,ramp,0.0,0.5,0.0,0.37130498750508617,1046.7431742805495,False,settled
b,yellow_ramp,ramp,0.0,0.5,0.0,0.3154544292628206,1077.2315279481859,False,settled
b,yellow_ramp,ramp,0.0,0.5,0.0,0.5470825664513931,987.7089790169723,False,settled
b,yellow_ramp,ramp,0.0,0.5,0.0,0.3621674895512123,1053.887149696477,False,settled
b,yellow_ramp,ramp,0.0,0.5,0.0,0.9766363555064828,850.758612536827,False,settled
b,yellow_ramp,ramp,0.0,0.5,0.0,0.8267791631575174,891.8376263956131,False,settled
b,yellow_ramp,ramp,0.0,0.5,0.0,0.22198280974091097,1113.7096540236375,False,settled
b,yellow_ramp,ramp,0.0,0.5,0.0,0.34417564407291795,1054.1761698588746,False,settled
b,yellow_ramp,ramp,0.0,0.5,0.0,0.28758075244191084,1077.4917202429976,False,settled
b,yellow_ramp,ramp,0.0,0.5,0.0,0.7211564425522236,922.7494833330203,False,settled
b,yellow_ramp,ramp,0.0,0.5,0.0,0.5059138844920655,999.9047472265605,False,settled
b,yellow_ramp,ramp,0.0,0.5,0.0,0.649061692745682,950.9371157139501,False,settled
b,yellow_ramp,ramp,0.0,0.5,0.0,1.2092312887240624,797.1043922929728,False,settled
b,yellow_ramp,ramp,0.0,0.5,0.0,0.25531396379091875,1090.764118005169,False,settled
b,yellow_ramp,ramp,0.0,0.5,0.0,1.06610650328493,833.5885248943879,False,settled
b,yellow_ramp,ramp,0.0,0.5,0.0,0.42597544580397,1028.923051770903,False,settled
b,yellow_ramp,ramp,0.0,0.5,0.0,0.2515755381133841,1099.8643491434807,False,settled
b,yellow_ramp,ramp,0.0,0.5,0.0,0.6258981426376964,952.3867660106076,False,settled
b,yellow_ramp,ramp,0.0,0.5,0.0,0.663769243199343,947.4816122167177,False,settled
b,yellow_ramp,ramp,0.0,0.5,0.0,0.7964121533462819,899.7778634279131,False,settled
b,yellow_ramp,ramp,0.0,0.5,0.0,0.23719496992138867,1097.7663028785034,False,settled
b,yellow_ramp,ramp,0.0,0.5,0.0,0.5018014113793403,1003.2427654857916,False,settled
b,yellow_ramp,ramp,0.0,0.5,0.0,0.6840573393902205,936.6487262132382,False,settled
b,yellow_ramp,ramp,0.0,0.5,0.0,0.8885812137939025,873.9790078462138,False,settled
b,yellow_ramp,ramp,0.0,0.5,0.0,0.7343186869248964,919.1005560734392,False,settled
b,yellow_ramp,ramp,0.0,0.5,0.0,0.2686511982459738,1087.0541330074293,False,settled
b,yellow_ramp,ramp,0.0,0.5,0.0,0.3701877924296711,1047.6144917244465,False,settled
b,yellow_ramp,ramp,0.0,0.5,0.0,0.5921448115480884,971.0982265601361,False,settled
b,yellow_ramp,ramp,0.0,0.5,0.0,0.8779454076370933,878.5658679495339,False,settled
b,yellow_ramp,ramp,0.0,0.5,0.0,0.4480918251020938,1023.7790935183525,False,settled
b,yellow_ramp,ramp,0.0,0.5,0.0,0.45208373611879715,1020.9981464534176,False,settled
b,yellow_ramp,ramp,0.0,0.5,0.0,0.41922332480709157,1034.3124974250488,False,settled
b,yellow_ramp,ramp,0.0,0.5,0.0,0.2762767413179134,1089.560466482315,False,settled
b,yellow_ramp,ramp,0.0,0.5,0.0,0.4753163751077985,1013.1961568940187,False,settled
b,yellow_ramp,ramp,0.0,0.5,0.0,0.38181769925664216,1038.7126442087754,False,settled
b,yellow_ramp,ramp,0.0,0.5,0.0,0.6717087265961645,941.0498796834742,False,settled
b,yellow_ramp,ramp,0.0,0.5,0.0,0.7741614788244299,912.9417087155933,False,settled
b,yellow_ramp,ramp,0.0,0.5,0.0,0.26059465989340613,1097.5047449384815,False,settled
b,yellow_ramp,ramp,0.0,0.5,0.0,0.3365067306664845,1057.1163911254685,False,settled
b,yellow_ramp,ramp,0.0,0.5,0.0,0.5000989971499684,1004.6251160704927,False,settled
b,yellow_ramp,ramp,0.0,0.5,0.0,0.5359781520786491,984.8338333590007,False,settled
b,yellow_ramp,ramp,0.0,0.5,0.0,0.8021076225539602,901.2627458314727,False,settled
b,yellow_ramp,ramp,0.0,0.5,0.0,0.38199569780829795,1038.5823437627193,False,settled
b,yellow_ramp,ramp,0.0,0.5,0.0,0.9584674169965333,857.2228334574568,False,settled
b,yellow_ramp,ramp,0.0,0.5,0.0,0.2221858332141002,1108.2395623967693,False,settled
b,yellow_ramp,ramp,0.0,0.5,0.0,1.0987190877887365,824.4037642533439,False,settled
b,yellow_ramp,ramp,0.0,0.5,0.0,0.7595599170329931,914.7591323376821,False,settled
b,yellow_ramp,ramp,0.0,0.5,0.0,0.4592308088585991,1019.657886627611,False,settled
b,yellow_ramp,ramp,0.0,0.5,0.0,0.506319523751521,999.578042480123,False,settled
b,yellow_ramp,ramp,0.0,0.5,0.0,0.7246456807765806,927.5846967860911,False,settled
b,yellow_ramp,ramp,0.0,0.5,0.0,0.5069068782880548,999.1049809784784,False,settled
b,yellow_ramp,ramp,0.0,0.5,0.0,0.7257038382600797,926.6492880032093,False,settled
b,yellow_ramp,ramp,0.0,0.5,0.0,0.3873754345309614,1036.1693710780974,False,settled
b,yellow_ramp,ramp,0.0,0.5,0.0,0.6445499109665003,954.7723089962383,False,settled
b,yellow_ramp,ramp,0.0,0.5,0.0,1.0779606184500714,830.9823639607527,False,settled
b,yellow_ramp,ramp,0.0,0.5,0.0,0.5017492339812983,1003.2851238963319,False,settled
b,yellow_ramp,ramp,0.0,0.5,0.0,0.7604608263384638,914.4438226759058,False,settled
b,yellow_ramp,ramp,0.0,0.5,0.0,0.2924349305666778,1077.8824127620176,False,settled
b,yellow_ramp,ramp,0.0,0.5,0.0,0.861248166114512,883.1757032954656,False,settled
b,yellow_ramp,ramp,0.0,0.5,0.0,0.7524535659203148,918.5401393511983,False,settled
b,yellow_ramp,ramp,0.0,0.5,0.0,0.35210170883548014,1061.552204896597,False,settled
b,yellow_ramp,ramp,0.0,0.5,0.0,0.5967967303232397,968.0077549458654,False,settled
b,yellow_ramp,ramp,0.0,0.5,0.0,0.4844705296757688,1005.8173633674289,False,settled
b,yellow_ramp,ramp,0.0,0.5,0.0,0.29599870430321357,1077.0007557090867,False,settled
b,yellow_ramp,ramp,0.0,0.5,0.0,0.43845417077282717,1019.1837432011932,False,settled
b,yellow_ramp,ramp,0.0,0.5,0.0,0.2730761000905246,1085.9672485855974,False,settled
b,yellow_ramp,ramp,0.0,0.5,0.0,0.5100935057197321,996.6297844509421,False,settled
b,yellow_ramp,ramp,0.0,0.5,0.0,0.38290376388457253,1037.8261674670787,False,settled
b,yellow_ramp,ramp,0.0,0.5,0.0,0.3892319186851241,1035.9528445525752,False,settled
b,yellow_ramp,ramp,0.0,0.5,0.0,0.379449735069861,1040.44037258616,False,settled
b,yellow_ramp,ramp,0.0,0.5,0.0,0.5786637768187202,972.0558119961568,False,settled
b,yellow_ramp,ramp,0.0,0.5,0.0,0.6643455401816927,946.9971576409528,False,settled
b,yellow_ramp,ramp,0.0,0.5,0.0,0.5007915668123081,1004.062830866669,False,settled
b,yellow_ramp,ramp,0.0,0.5,0.0,0.26776665898930546,1085.3069350911526,False,settled
b,yellow_ramp,ramp,0.0,0.5,0.0,0.6970681898550014,935.5347406079064,False,settled
b,yellow_ramp,ramp,0.0,0.5,0.0,0.6371405600294332,952.1730804521424,False,settled
b,yellow_ramp,ramp,0.0,0.5,0.0,0.6254651972089209,952.8041358789312,False,settled
b,yellow_ramp,ramp,0.0,0.5,0.0,0.4091955046263043,1029.6389149221857,False,settled
b,yellow_ramp,ramp,0.0,0.5,0.0,0.41385796046712514,1038.3680062511726,False,settled
b,yellow_ramp,ramp,0.0,0.5,0.0,0.569938637285289,979.2391404703521,False,settled
b,yellow_ramp,ramp,0.0,0.5,0.0,0.5550768148440876,981.1497608135771,False,settled
b,yellow_ramp,ramp,0.0,0.5,0.0,0.5701732673883294,979.0454358295767,False,settled
b,yellow_ramp,ramp,0.0,0.5,0.0,0.6348372782986449,954.1047349412462,False,settled
b,yellow_ramp,ramp,0.0,0.5,0.0,0.8132753342990596,897.6344187428107,False,settled
b,yellow_ramp,ramp,0.0,0.5,0.0,0.5132091595339567,994.1698148316731,False,settled
b,yellow_ramp,ramp,0.0,0.5,0.0,0.5930827427072541,970.3313273083795,False,settled
b,yellow_ramp,ramp,0.0,0.5,0.0,0.3519233596118929,1061.6931369956308,False,settled
b,yellow_ramp,ramp,0.0,0.5,0.0,0.8391245754667457,892.9533618100066,False,settled
b,yellow_ramp,ramp,0.0,0.5,0.0,0.8081568967323572,902.416252605035,False,settled
b,yellow_ramp,ramp,0.0,0.5,0.0,0.25859229200233336,1094.6536907207035,False,settled
b,yellow_ramp,ramp,0.0,0.5,0.0,0.8595664922133942,884.8169960092617,False,settled
b,yellow_ramp,ramp,0.0,0.5,0.0,1.0712788817733134,830.6080463756292,False,settled
b,yellow_ramp,ramp,0.0,0.5,0.0,0.280273544268702,1086.7501075420043,False,settled
b,yellow_ramp,ramp,0.0,0.5,0.0,1.0712744555341176,830.6148635844916,False,settled
b,yellow_ramp,ramp,0.0,0.5,0.0,0.28932362020781355,1076.641692059508,False,settled
b,yellow_ramp,ramp,0.0,0.5,0.0,0.2516395815807798,1100.0170476998046,False,settled
b,yellow_ramp,ramp,0.0,0.5,0.0,0.7498695049654863,920.5959799603492,False,settled
b,yellow_ramp,ramp,0.0,0.5,0.0,0.3001094569757477,1074.5234553971459,False,settled
b,yellow_ramp,ramp,0.0,0.5,0.0,0.909753114156594,869.2322394581716,False,settled
b,yellow_ramp,ramp,0.0,0.5,0.0,0.31276523696137093,1065.17199797967,False,settled
b,yellow_ramp,ramp,0.0,0.5,0.0,0.27614621817414886,1089.4795044242908,False,settled
b,yellow_ramp,ramp,0.0,0.5,0.0,1.143500756317591,813.7932912344916,False,settled
b,yellow_ramp,ramp,0.0,0.5,0.0,0.9929937778432447,845.2031182789574,False,settled
b,yellow_ramp,ramp,0.0,0.5,0.0,0.46399431865858165,1018.7626846257659,False,settled
b,yellow_ramp,ramp,0.0,0.5,0.0,0.4477421347197473,1024.0563586869212,False,settled
b,yellow_ramp,ramp,0.0,0.5,0.0,0.42680908293010245,1028.2590339316043,False,settled
b,yellow_ramp,ramp,0.0,0.5,0.0,0.4686891697175654,1006.4175285709526,False,settled
b,yellow_ramp,ramp,0.0,0.5,0.0,0.2526688965207976,1099.5509287303817,False,settled
b,yellow_ramp,ramp,0.0,0.5,0.0,0.2599030904780521,1096.1295849969279,False,settled
b,yellow_ramp,ramp,0.0,0.5,0.0,0.5626201281424023,975.2834087529736,False,settled
b,yellow_ramp,ramp,0.0,0.5,0.0,0.3979042879030365,1034.5539108980347,False,settled
b,yellow_ramp,ramp,0.0,0.5,0.0,0.5638859610052754,974.2590819310838,False,settled
b,yellow_ramp,ramp,0.0,0.5,0.0,0.4542449503246898,1020.594603069227,False,settled
b,yellow_ramp,ramp,0.0,0.5,0.0,0.6189025924379781,958.1248562552238,False,settled
b,yellow_ramp,ramp,0.0,0.5,0.0,0.6185820638860431,958.391363103346,False,settled
b,yellow_ramp,ramp,0.0,0.5,0.0,1.130373514433122,817.925720772079,False,settled
b,yellow_ramp,ramp,0.0,0.5,0.0,0.5021386713571402,1002.9689722208269,False,settled
b,yellow_ramp,ramp,0.0,0.5,0.0,0.5252492926127381,987.0995846479191,False,settled
b,yellow_ramp,ramp,0.0,0.5,0.0,0.5903241912074438,972.5932293957976,False,settled
b,yellow_ramp,ramp,0.0,0.5,0.0,0.2705505496006934,1088.9178764992057,False,settled
b,yellow_ramp,ramp,0.0,0.5,0.0,0.3611126416958487,1054.713670892415,False,settled
b,yellow_ramp,ramp,0.0,0.5,0.0,0.5155196253245792,992.345142769103,False,settled
b,yellow_ramp,ramp,0.0,0.5,0.0,0.46094086889471086,1019.3363838951739,False,settled
b,yellow_ramp,ramp,0.0,0.5,0.0,0.9770968983759172,850.3226145023997,False,settled
b,yellow_ramp,ramp,0.0,0.5,0.0,0.4597374645519211,1019.5624844804776,False,settled
b,yellow_ramp,ramp,0.0,0.5,0.0,0.24119916681241052,1100.5427377390902,False,settled
b,yellow_ramp,ramp,0.0,0.5,0.0,0.5996599386273684,967.2750361223717,False,settled
b,yellow_ramp,ramp,0.0,0.5,0.0,0.6046493859055349,965.9986572800183,False,settled
b,yellow_ramp,ramp,0.0,0.5,0.0,0.6378096391025387,951.6121077297756,False,settled
b,yellow_ramp,ramp,0.0,0.5,0.0,0.3018690450117287,1073.2873805849001,False,settled
b,yellow_ramp,ramp,0.0,0.5,0.0,0.6701225587875351,942.389494968727,False,settled
b,yellow_ramp,ramp,0.0,0.5,0.0,0.727721008245164,924.8665536669912,False,settled
b,yellow_ramp,ramp,0.0,0.5,0.0,0.2994489109328695,1074.931980482459,False,settled
b,yellow_ramp,ramp,0.0,0.5,0.0,0.2982721801462344,1075.6500676877808,False,settled
b,yellow_ramp,ramp,0.0,0.5,0.0,0.6443060170485396,954.980033706107,False,settled
b,yellow_ramp,ramp,0.0,0.5,0.0,0.4870212808197869,1003.766902830167,False,settled
b,yellow_ramp,ramp,0.0,0.5,0.0,1.2130256620689261,795.6303141137072,False,settled
b,yellow_ramp,ramp,0.0,0.5,0.0,0.2926948547015883,1078.0455715409516,False,settled
b,yellow_ramp,ramp,0.0,0.5,0.0,0.25701241323354485,1089.9366266621873,False,settled
b,yellow_ramp,ramp,0.0,0.5,0.0,0.2718227749989106,1084.6763864574093,False,settled
b,yellow_ramp,ramp,0.0,0.5,0.0,0.27154118777159764,1084.9113226092074,False,settled
b,yellow_ramp,ramp,0.0,0.5,0.0,0.5088639802207049,997.5989624645255,False,settled
b,yellow_ramp,ramp,0.0,0.5,0.0,0.41661727035170265,1036.403334588159,False,settled
b,yellow_ramp,ramp,0.0,0.5,0.0,0.8594270858970824,884.9530644177343,False,settled
b,yellow_ramp,ramp,0.0,0.5,0.0,0.8707171106271532,879.859363056033,False,settled
b,yellow_ramp,ramp,0.0,0.5,0.0,0.3028585197954165,1072.58710021727,False,settled
b,yellow_ramp,ramp,0.0,0.5,0.0,0.29041844244462395,1076.6985593966724,False,settled
b,yellow_ramp,ramp,0.0,0.5,0.0,0.6991111972570175,933.7566070177413,False,settled
b,yellow_ramp,ramp,0.0,0.5,0.0,0.7743312785074637,912.7864002708134,False,settled
b,yellow_ramp,ramp,0.0,0.5,0.0,0.6405775321377256,949.3830967376978,False,settled
b,yellow_ramp,ramp,0.0,0.5,0.0,0.5344776042697219,985.1471073990415,False,settled
b,yellow_ramp,ramp,0.0,0.5,0.0,1.186448248317738,804.156365667239,False,settled
b,yellow_ramp,ramp,0.0,0.5,0.0,0.2724068308144832,1084.3359696133837,False,settled
b,yellow_ramp,ramp,0.0,0.5,0.0,0.3224417690468275,1072.7948645538775,False,settled
b,yellow_ramp,ramp,0.0,0.5,0.0,0.897216527830933,871.0212597339442,False,settled
b,yellow_ramp,ramp,0.0,0.5,0.0,0.49585585009243976,997.1119857606279,False,settled
b,yellow_ramp,ramp,0.0,0.5,0.0,0.5937111203581136,969.8183499803632,False,settled
b,yellow_ramp,ramp,0.0,0.5,0.0,0.22247112702658461,1115.7319778268802,False,settled
b,yellow_ramp,ramp,0.0,0.5,0.0,0.3446665455362898,1053.7958022583748,False,settled
b,yellow_ramp,ramp,0.0,0.5,0.0,0.7655582787003882,912.6598213607894,False,settled
b,yellow_ramp,ramp,0.0,0.5,0.0,0.4472105608225126,1024.4778504490962,False,settled
b,yellow_ramp,ramp,0.0,0.5,0.0,0.2880040934805555,1076.9532081190478,False,settled
b,yellow_ramp,ramp,0.0,0.5,0.0,0.40030561968221134,1034.204760412203,False,settled
b,yellow_ramp,ramp,0.0,0.5,0.0,0.7223654377009696,929.3491493180632,False,settled
b,yellow_ramp,ramp,0.0,0.5,0.0,0.8063331129747401,897.3827604643192,False,settled
b,yellow_ramp,ramp,0.0,0.5,0.0,0.24678398735782225,1103.2458174320038,False,settled
b,yellow_ramp,ramp,0.0,0.5,0.0,1.0093507594028133,847.4996524702614,False,settled
b,yellow_ramp,ramp,0.0,0.5,0.0,0.3176519981008923,1075.4993149267614,False,settled
b,yellow_ramp,ramp,0.0,0.5,0.0,0.8361027999949214,889.5566080063472,False,settled
b,yellow_ramp,ramp,0.0,0.5,0.0,0.3194723342967345,1074.3021722042624,False,settled
b,yellow_ramp,ramp,0.0,0.5,0.0,0.29729100412111464,1076.253561494738,False,settled
b,yellow_ramp,ramp,0.0,0.5,0.0,0.6455119593845032,953.9529258183709,False,settled
b,yellow_ramp,ramp,0.0,0.5,0.0,0.5729149112630834,976.7819888895216,False,settled
b,yellow_ramp,ramp,0.0,0.5,0.0,0.5083813219030345,997.979238468769,False,settled
b,yellow_ramp,ramp,0.0,0.5,0.0,0.28422281835898533,1081.3902364196758,False,settled
b,yellow_ramp,ramp,0.0,0.5,0.0,0.8805712529898309,876.2408059327603,False,settled
b,yellow_ramp,ramp,0.0,0.5,0.0,0.4168014398062621,1036.2555913495203,False,settled
b,yellow_ramp,ramp,0.0,0.5,0.0,0.3724279048995145,1045.8717592255236,False,settled
b,yellow_ramp,ramp,0.0,0.5,0.0,0.7280259139114228,924.5992588189278,False,settled
b,yellow_ramp,ramp,0.0,0.5,0.0,0.375991668877992,1043.1060324373948,False,settled
b,yellow_ramp,ramp,0.0,0.5,0.0,0.5896485841618505,973.147990404352,False,settled
b,yellow_ramp,ramp,0.0,0.5,0.0,0.39234806078777734,1035.390876131437,False,settled
b,yellow_ramp,ramp,0.0,0.5,0.0,1.1883718201759603,802.9017227127052,False,settled
b,yellow_ramp,ramp,0.0,0.5,0.0,0.5465417963922882,988.1549335439519,False,settled
b,yellow_ramp,ramp,0.0,0.5,0.0,0.569433035941497,979.6567671344471,False,settled
b,yellow_ramp,ramp,0.0,0.5,0.0,0.44778258161447565,1024.0242884866016,False,settled
b,yellow_ramp,ramp,0.0,0.5,0.0,0.2669345395864762,1097.887902039843,False,settled
b,yellow_ramp,ramp,0.0,0.5,0.0,0.259284332975004,1095.0010730629658,False,settled
b,yellow_ramp,ramp,0.0,0.5,0.0,0.47948160832258285,1009.8285826773028,False,settled
b,yellow_ramp,ramp,0.0,0.5,0.0,0.25094075704258306,1098.3417667389267,False,settled
b,yellow_ramp,ramp,0.0,0.5,0.0,0.29758368003681435,1076.072751715049,False,settled
b,yellow_ramp,ramp,0.0,0.5,0.0,0.3370578951670952,1057.0514607765344,False,settled
b,yellow_ramp,ramp,0.0,0.5,0.0,0.40299868205107836,1033.813368678663,False,settled
b,yellow_ramp,ramp,0.0,0.5,0.0,0.2809675027131243,1087.5292623592904,False,settled
b,yellow_ramp,ramp,0.0,0.5,0.0,0.5255932271752816,987.0266502945511,False,settled
b,yellow_ramp,ramp,0.0,0.5,0.0,0.475705539008406,1012.8807821170054,False,settled
b,yellow_ramp,ramp,0.0,0.5,0.0,0.3782846743669123,1041.4177493226498,False,settled
b,yellow_ramp,ramp,0.0,0.5,0.0,0.2606552067437526,1097.5961785016211,False,settled
b,yellow_ramp,ramp,0.0,0.5,0.0,0.5067092890569411,999.2641216777149,False,settled
b,yellow_ramp,ramp,0.0,0.5,0.0,0.6490125799053194,950.9786035490819,False,settled
b,yellow_ramp,ramp,0.0,0.5,0.0,0.6522241750002539,948.5205452706018,False,settled
b,yellow_ramp,ramp,0.0,0.5,0.0,0.6562463717591677,945.1731591965886,False,settled
b,yellow_ramp,ramp,0.0,0.5,0.0,0.8739695652723779,882.5275477025214,False,settled
b,yellow_ramp,ramp,0.0,0.5,0.0,0.497417167545405,1006.8029966369713,False,settled
b,yellow_ramp,ramp,0.0,0.5,0.0,0.46931234162768865,1006.3028152048176,False,settled
b,yellow_ramp,ramp,0.0,0.5,0.0,0.9600838635768115,855.4178524656397,False,settled
b,yellow_ramp,ramp,0.0,0.5,0.0,0.4979454735385056,1006.3739996574693,False,settled
b,yellow_ramp,ramp,0.0,0.5,0.0,0.47736621353185393,1011.5349758169514,False,settled
b,yellow_ramp,ramp,0.0,0.5,0.0,0.8969720148428362,871.1699520172673,False,settled
b,yellow_ramp,ramp,0.0,0.5,0.0,0.618177544855917,958.7276988672558,False,settled
b,yellow_ramp,ramp,0.0,0.5,0.0,0.3767452458822077,1042.6121677719314,False,settled
b,yellow_ramp,ramp,0.0,0.5,0.0,0.38356889879957146,1050.2312281487584,False,settled
b,yellow_ramp,ramp,0.0,0.5,0.0,0.22169342919965246,1116.56134339015,False,settled
b,yellow_ramp,ramp,0.0,0.5,0.0,0.3538886538660571,1060.1398787594546,False,settled
b,yellow_ramp,ramp,0.0,0.5,0.0,0.7194520399291717,924.2953361745252,False,settled
b,yellow_ramp,ramp,0.0,0.5,0.0,0.5560407205565058,980.3613914691664,False,settled
b,yellow_ramp,ramp,0.0,0.5,0.0,0.8506161451407974,887.0948277888947,False,settled
b,yellow_ramp,ramp,0.0,0.5,0.0,0.2385171099940468,1103.2333756840196,False,settled
b,yellow_ramp,ramp,0.0,0.5,0.0,0.265718310720341,1086.2495046006513,False,settled
b,yellow_ramp,ramp,0.0,0.5,0.0,0.39913723185854416,1034.3746611570564,False,settled
b,yellow_ramp,ramp,0.0,0.5,0.0,0.6541446798268286,946.947278488087,False,settled
b,yellow_ramp,ramp,0.0,0.5,0.0,0.23680322617967922,1111.1515703059467,False,settled
b,yellow_ramp,ramp,0.0,0.5,0.0,0.37324820900267347,1045.2351411810075,False,settled
b,yellow_ramp,ramp,0.0,0.5,0.0,0.7165552447099773,926.7246119702821,False,settled
b,yellow_ramp,ramp,0.0,0.5,0.0,0.46361298315516136,1018.8343324300396,False,settled
b,yellow_ramp,ramp,0.0,0.5,0.0,0.5782826878883551,972.3679447966523,False,settled
b,yellow_ramp,ramp,0.0,0.5,0.0,0.9175048376345221,866.7108501817689,False,settled
b,yellow_ramp,ramp,0.0,0.5,0.0,0.26963538557393174,1088.025789247032,False,settled
b,yellow_ramp,ramp,0.0,0.5,0.0,0.716064581142852,927.1516054158637,False,settled
b,yellow_ramp,ramp,0.0,0.5,0.0,0.43418006942132403,1022.4108149743579,False,settled
b,yellow_ramp,ramp,0.0,0.5,0.0,0.37987992487649336,1040.1067019458692,False,settled
b,yellow_ramp,ramp,0.0,0.5,0.0,0.3168917970754655,1076.0985609951194,False,settled
b,yellow_ramp,ramp,0.0,0.5,0.0,0.2964495602233696,1076.7608925977142,False,settled
b,yellow_ramp,ramp,0.0,0.5,0.0,0.7991443453879707,904.0097979816467,False,settled
b,yellow_ramp,ramp,0.0,0.5,0.0,0.4613936448280553,1019.2513142186243,False,settled
b,yellow_ramp,ramp,0.0,0.5,0.0,0.3711919294379003,1046.8309123065535,False,settled
b,yellow_ramp,ramp,0.0,0.5,0.0,1.1301828980951363,816.149993214624,False,settled
b,yellow_ramp,ramp,0.0,0.5,0.0,0.6529633031919609,947.8953595363521,False,settled
b,yellow_ramp,ramp,0.0,0.5,0.0,0.5519120102167869,983.7389006353492,False,settled
b,yellow_ramp,ramp,0.0,0.5,0.0,0.3283930509801692,1072.0102937753359,False,settled
b,yellow_ramp,ramp,0.0,0.5,0.0,0.6955796508791049,936.5774263341182,False,settled
b,yellow_ramp,ramp,0.0,0.5,0.0,0.9992298560163154,846.45075831011,False,settled
b,yellow_ramp,ramp,0.0,0.5,0.0,0.22521316940915165,1107.788758015062,False,settled
b,yellow_ramp,ramp,0.0,0.5,0.0,0.3451271640478499,1053.4431790387748,False,settled
b,yellow_ramp,ramp,0.0,0.5,0.0,0.22637191377288823,1110.3798789866855,False,settled
b,yellow_ramp,ramp,0.0,0.5,0.0,0.2607991186304592,1097.813254736731,False,settled
b,yellow_ramp,ramp,0.0,0.5,0.0,0.3795325437629022,1040.3761418048412,False,settled
b,yellow_ramp,ramp,0.0,0.5,0.0,0.5792821481056286,971.549568303615,False,settled
b,yellow_ramp,ramp,0.0,0.5,0.0,0.30118207891201165,1073.7730987774705,False,settled
b,yellow_ramp,ramp,0.0,0.5,0.0,0.78253192994228,905.4021767109139,False,settled
b,yellow_ramp,ramp,0.0,0.5,0.0,0.7846004478924352,903.4661027794061,False,settled
b,yellow_ramp,ramp,0.0,0.5,0.0,0.3692187080650114,1048.3723545421271,False,settled
b,yellow_ramp,ramp,0.0,0.5,0.0,0.3815958206287154,1038.8833520081262,False,settled
b,yellow_ramp,ramp,0.0,0.5,0.0,0.8597643473636553,884.623868551566,False,settled
b,yellow_ramp,ramp,0.0,0.5,0.0,0.5278627981662959,986.453947240641,False,settled
b,yellow_ramp,ramp,0.0,0.5,0.0,0.31608586668137034,1076.7339457474852,False,settled
b,yellow_ramp,ramp,0.0,0.5,0.0,0.6295760998737183,958.2748549274279,False,settled
b,yellow_ramp,ramp,0.0,0.5,0.0,0.545644223496131,988.8953434336191,False,settled
b,yellow_ramp,ramp,0.0,0.5,0.0,0.9655204608482069,854.0841980655719,False,settled
b,yellow_ramp,ramp,0.0,0.5,0.0,0.5662920079729024,972.3480598904703,False,settled
b,yellow_ramp,ramp,0.0,0.5,0.0,0.28992711825188344,1076.6293929716423,False,settled
b,yellow_ramp,ramp,0.0,0.5,0.0,0.35984769366671665,1055.6918253942322,False,settled
b,yellow_ramp,ramp,0.0,0.5,0.0,0.25888074170112946,1095.1412936730505,False,settled
b,yellow_ramp,ramp,0.0,0.5,0.0,0.3223354045607829,1072.8089128345096,False,settled
b,yellow_ramp,ramp,0.0,0.5,0.0,0.6075734225498576,965.2568128353598,False,settled
b,yellow_ramp,ramp,0.0,0.5,0.0,0.450971424005079,1021.4974990297782,False,settled
b,yellow_ramp,ramp,0.0,0.5,0.0,0.3253322635887158,1072.4140080969028,False,settled
b,yellow_ramp,ramp,0.0,0.5,0.0,0.5944492217486839,969.2136014332059,False,settled
b,yellow_ramp,ramp,0.0,0.5,0.0,0.21881631580900615,1119.6821501030806,False,settled
b,yellow_ramp,ramp,0.0,0.5,0.0,1.093708088298185,826.1659058134817,False,settled
b,yellow_ramp,ramp,0.0,0.5,0.0,1.1148611039772975,820.428780578238,False,settled
b,yellow_ramp,ramp,0.0,0.5,0.0,0.6754283707935242,939.1813129048668,False,settled
b,yellow_ramp,ramp,0.0,0.5,0.0,0.25307631434311795,1101.7505518087178,False,settled
b,yellow_ramp,ramp,0.0,0.5,0.0,0.7360466851605232,917.6460853615952,False,settled
b,yellow_ramp,ramp,0.0,0.5,0.0,0.5647143513739779,973.5866356075469,False,settled
b,yellow_ramp,ramp,0.0,0.5,0.0,0.3291973358391763,1071.904230606268,False,settled
b,yellow_ramp,ramp,0.0,0.5,0.0,0.41827413911785905,1035.07399665323,False,settled
b,yellow_ramp,ramp,0.0,0.5,0.0,0.23552995019027928,1104.154102081858,False,settled
b,yellow_ramp,ramp,0.0,0.5,0.0,0.5854716087934005,966.9067538379478,False,settled
b,yellow_ramp,ramp,0.0,0.5,0.0,0.7096884597727261,932.4776211249211,False,settled
b,yellow_ramp,ramp,0.0,0.5,0.0,0.5630816273100521,974.9086638346511,False,settled
b,yellow_ramp,ramp,0.0,0.5,0.0,1.1592454225491895,809.8122777755667,False,settled
b,yellow_ramp,ramp,0.0,0.5,0.0,0.2919828043191357,1077.597659662017,False,settled
b,yellow_ramp,ramp,0.0,0.5,0.0,0.8368181932167555,888.883996415268,False,settled
b,yellow_ramp,ramp,0.0,0.5,0.0,0.43074753248727893,1025.123946662979,False,settled
b,yellow_ramp,ramp,0.0,0.5,0.0,0.6540683740320262,947.0117085850329,False,settled
b,yellow_ramp,ramp,0.0,0.5,0.0,0.3319144741122126,1057.6983873988368,False,settled
b,yellow_ramp,ramp,0.0,0.5,0.0,0.2783575710543265,1084.0628604364804,False,settled
b,yellow_ramp,ramp,0.0,0.5,0.0,0.7154310785527048,927.7027605856293,False,settled
b,yellow_ramp,ramp,0.0,0.5,0.0,0.7052668597822804,928.4551453863161,False,settled
b,yellow_ramp,ramp,0.0,0.5,0.0,0.22144025083549712,1105.2934105745035,False,settled
b,yellow_ramp,ramp,0.0,0.5,0.0,0.5444807125129303,979.6173645847114,False,settled
b,yellow_ramp,ramp,0.0,0.5,0.0,0.37995280921811614,1040.0543496963849,False,settled
b,yellow_ramp,ramp,0.0,0.5,0.0,0.4094625747761897,1029.3560159666501,False,settled
b,yellow_ramp,ramp,0.0,0.5,0.0,0.336534947948474,1057.1130649140844,False,settled
b,yellow_ramp,ramp,0.0,0.5,0.0,0.24064946327203318,1097.6028467255232,False,settled
b,yellow_ramp,ramp,0.0,0.5,0.0,0.5083382360873053,998.0131783938149,False,settled
b,yellow_ramp,ramp,0.0,0.5,0.0,0.5818223382287713,969.8062955737405,False,settled
b,yellow_ramp,ramp,0.0,0.5,0.0,0.4749724264790404,1013.4748888043254,False,settled
b,yellow_ramp,ramp,0.0,0.5,0.0,0.2883142758430221,1076.832674118951,False,settled
b,yellow_ramp,ramp,0.0,0.5,0.0,0.2914476293428222,1077.259064888407,False,settled
b,yellow_ramp,ramp,0.0,0.5,0.0,0.3469500233742411,1052.134691124109,False,settled
b,yellow_ramp,ramp,0.0,0.5,0.0,0.5863635157296129,966.2010452637063,False,settled
b,yellow_ramp,ramp,0.0,0.5,0.0,0.5176935897530878,990.9181455837023,False,settled
b,yellow_ramp,ramp,0.0,0.5,0.0,0.3737074226784871,1044.8787295935194,False,settled
b,yellow_ramp,ramp,0.0,0.5,0.0,0.5300334809915179,985.9972242386395,False,settled
b,yellow_ramp,ramp,0.0,0.5,0.0,0.4898182533788421,1001.5350089440415,False,settled
b,yellow_ramp,ramp,0.0,0.5,0.0,0.6205329637350824,956.7693417323605,False,settled
b,yellow_ramp,ramp,0.0,0.5,0.0,0.7165897503160831,926.6945992675452,False,settled
b,yellow_ramp,ramp,0.0,0.5,0.0,0.35637543395752025,1058.4261488197194,False,settled
b,yellow_ramp,ramp,0.0,0.5,0.0,0.33475041189181903,1057.327545660593,False,settled
b,yellow_ramp,ramp,0.0,0.5,0.0,0.4386332872448248,1019.0449024479022,False,settled
b,yellow_ramp,ramp,0.0,0.5,0.0,0.229980399544761,1105.970484648316,False,settled
b,yellow_ramp,ramp,0.0,0.5,0.0,0.7164669983294639,926.8013678787272,False,settled
b,yellow_ramp,ramp,0.0,0.5,0.0,0.27482044167257985,1088.9055272573585,False,settled
b,yellow_ramp,ramp,0.0,0.5,0.0,0.4884347198715402,1002.6384776831613,False,settled
b,yellow_ramp,ramp,0.0,0.5,0.0,0.25366135963936226,1102.935437604716,False,settled
b,yellow_ramp,ramp,0.0,0.5,0.0,0.6687844002188529,943.519034504959,False,settled
b,yellow_ramp,ramp,0.0,0.5,0.0,0.523999641942961,987.3646412815875,False,settled
b,yellow_ramp,ramp,0.0,0.5,0.0,0.21890288301491378,1112.6765163752177,False,settled
b,yellow_ramp,ramp,0.0,0.5,0.0,0.2311473820484891,1103.8179546636015,False,settled
b,yellow_ramp,ramp,0.0,0.5,0.0,0.9297650537546484,864.299394556166,False,settled
b,yellow_ramp,ramp,0.0,0.5,0.0,0.9258776171711277,863.2185520762598,False,settled
b,yellow_ramp,ramp,0.0,0.5,0.0,0.6279248548655242,959.669570988434,False,settled
b,yellow_ramp,ramp,0.0,0.5,0.0,0.5659801877589,972.6704396364632,False,settled
b,yellow_ramp,ramp,0.0,0.5,0.0,0.8181030174410189,893.2775898207186,False,settled
b,yellow_ramp,ramp,0.0,0.5,0.0,0.41081309328313226,1028.301432381857,False,settled
b,yellow_ramp,ramp,0.0,0.5,0.0,0.44348695495465174,1015.3474415238037,False,settled
b,yellow_ramp,ramp,0.0,0.5,0.0,0.3983306413665514,1034.4919150576013,False,settled
b,yellow_ramp,ramp,0.0,0.5,0.0,0.6269291465305044,960.5105320837164,False,settled
b,yellow_ramp,ramp,0.0,0.5,0.0,0.5593733941507524,977.6404989727304,False,settled
b,yellow_ramp,ramp,0.0,0.5,0.0,0.5081586457058803,998.1540766243107,False,settled
b,yellow_ramp,ramp,0.0,0.5,0.0,0.8040053884458895,899.5039271930978,False,settled
b,yellow_ramp,ramp,0.0,0.5,0.0,0.38550623656466754,1049.3392953373727,False,settled
b,yellow_ramp,ramp,0.0,0.5,0.0,0.27138432513574756,1084.9988605628491,False,settled
b,yellow_ramp,ramp,0.0,0.5,0.0,0.9517215739370478,859.6064047927359,False,settled
b,yellow_ramp,ramp,0.0,0.5,0.0,0.4627377925886186,1018.9987685694928,False,settled
b,yellow_ramp,ramp,0.0,0.5,0.0,0.265232891426601,1085.6351863995924,False,settled
b,yellow_ramp,ramp,0.0,0.5,0.0,0.5062214754847847,999.657011354291,False,settled
b,yellow_ramp,ramp,0.0,0.5,0.0,0.5253113384790723,987.0864245958088,False,settled
b,yellow_ramp,ramp,0.0,0.5,0.0,0.4768484383352132,1011.95458143424,False,settled
b,yellow_ramp,ramp,0.0,0.5,0.0,0.6622467621582543,948.831660343304,False,settled
b,yellow_ramp,ramp,0.0,0.5,0.0,0.5310785460114172,985.779012955696,False,settled
b,yellow_ramp,ramp,0.0,0.5,0.0,0.5150864036290643,992.6858010402212,False,settled
b,yellow_ramp,ramp,0.0,0.5,0.0,0.40099675221701847,1034.1042563532578,False,settled
b,yellow_ramp,ramp,0.0,0.5,0.0,0.2772800182487229,1084.6134842129723,False,settled
b,yellow_ramp,ramp,0.0,0.5,0.0,0.32277180730951516,1072.7513744591893,False,settled
b,yellow_ramp,ramp,0.0,0.5,0.0,0.6522171528985123,948.5264834899453,False,settled
b,yellow_ramp,ramp,0.0,0.5,0.0,0.5269884217482319,986.6365163115785,False,settled
b,yellow_ramp,ramp,0.0,0.5,0.0,0.6097812061411718,964.699975885364,False,settled
b,yellow_ramp,ramp,0.0,0.5,0.0,0.5456607919404475,988.8816788560576,False,settled
b,yellow_ramp,ramp,0.0,0.5,0.0,0.2302710408622202,1111.3253840669988,False,settled
b,yellow_ramp,ramp,0.0,0.5,0.0,0.4032427262464239,1033.777849865481,False,settled
b,yellow_ramp,ramp,0.0,0.5,0.0,0.42683000863417375,1028.2423707623207,False,settled
b,yellow_ramp,ramp,0.0,0.5,0.0,0.39712713104881764,1034.7573649409856,False,settled
b,yellow_ramp,ramp,0.0,0.5,0.0,0.22640976442302133,1111.077295873184,False,settled
b,yellow_ramp,ramp,0.0,0.5,0.0,0.33318606164778597,1057.609004993588,False,settled
b,yellow_ramp,ramp,0.0,0.5,0.0,1.043576453658959,838.4708999266425,False,settled
b,yellow_ramp,ramp,0.0,0.5,0.0,0.36377561737919484,1052.6295276846668,False,settled
b,yellow_ramp,ramp,0.0,0.5,0.0,0.36455542827929094,1052.0194120827125,False,settled
b,yellow_ramp,ramp,0.0,0.5,0.0,0.5266667185521746,986.7036886426979,False,settled
b,yellow_ramp,ramp,0.0,0.5,0.0,1.1204816094514642,818.9767403301499,False,settled
b,yellow_ramp,ramp,0.0,0.5,0.0,0.2323388591717374,1111.5361020414791,False,settled
b,yellow_ramp,ramp,0.0,0.5,0.0,0.25119648472042594,1098.957158705826,False,settled
b,yellow_ramp,ramp,0.0,0.5,0.0,0.9843240254540646,850.9200527872896,False,settled
b,yellow_ramp,ramp,0.0,0.5,0.0,0.42442765849460407,1030.15552619347,False,settled
b,yellow_ramp,ramp,0.0,0.5,0.0,0.6830758285621055,936.9367590212586,False,settled
b,yellow_ramp,ramp,0.0,0.5,0.0,0.34774340803785314,1051.4535478209318,False,settled
b,yellow_ramp,ramp,0.0,0.5,0.0,0.354140452427896,1059.9408230997005,False,settled
b,yellow_ramp,ramp,0.0,0.5,0.0,0.38077854688000096,1039.4161300536575,False,settled
b,yellow_ramp,ramp,0.0,0.5,0.0,0.7961092183061883,899.9588085904522,False,settled
b,yellow_ramp,ramp,0.0,0.5,0.0,0.6788189272816222,938.1860101366495,False,settled
b,yellow_ramp,ramp,0.0,0.5,0.0,0.7497408879872514,913.5557154908316,False,settled
b,yellow_ramp,ramp,0.0,0.5,0.0,0.37115276969155003,1046.8613019784434,False,settled
b,yellow_ramp,ramp,0.0,0.5,0.0,0.8074710924748248,896.4491420204804,False,settled
b,yellow_ramp,ramp,0.0,0.5,0.0,0.3100999078856839,1067.1694277851448,False,settled
b,yellow_ramp,ramp,0.0,0.5,0.0,0.338680629763954,1056.9385055051423,False,settled
b,yellow_ramp,ramp,0.0,0.5,0.0,0.42787525732032505,1027.4100082292487,False,settled
b,yellow_ramp,ramp,0.0,0.5,0.0,0.6791341225340286,938.0935113946606,False,settled
b,yellow_ramp,ramp,0.0,0.5,0.0,0.3069809522618209,1069.6338948243524,False,settled
b,yellow_ramp,ramp,0.0,0.5,0.0,0.24502399432418157,1098.5466071279566,False,settled
b,yellow_ramp,ramp,0.0,0.5,0.0,0.22636455246674383,1110.397037034541,False,settled
b,yellow_ramp,ramp,0.0,0.5,0.0,0.29758507671371015,1076.071889067413,False,settled
b,yellow_ramp,ramp,0.0,0.5,0.0,1.0541235124813724,836.4446037231241,False,settled
b,yellow_ramp,ramp,0.0,0.5,0.0,0.26664615335898484,1098.011677435645,False,settled
b,yellow_ramp,ramp,0.0,0.5,0.0,0.2400501286029873,1111.3102694692575,False,settled
b,yellow_ramp,ramp,0.0,0.5,0.0,0.6210094748974098,956.4652405480808,False,settled
b,yellow_ramp,ramp,0.0,0.5,0.0,0.6221246897548053,955.5380293455107,False,settled
b,yellow_ramp,ramp,0.0,0.5,0.0,0.7064487257087978,927.4395856607472,False,settled
b,yellow_ramp,ramp,0.0,0.5,0.0,0.47688411937055547,1011.9256655385783,False,settled
b,yellow_ramp,ramp,0.0,0.5,0.0,1.0456136391760835,837.0610208995793,False,settled
b,yellow_ramp,ramp,0.0,0.5,0.0,0.6669100661276064,944.8412378675189,False,settled
b,yellow_ramp,ramp,0.0,0.5,0.0,0.2961197311320697,1076.9379078129027,False,settled
b,yellow_ramp,ramp,0.0,0.5,0.0,0.24197017303098753,1103.5501522687516,False,settled
b,yellow_ramp,ramp,0.0,0.5,0.0,0.793042563237682,902.7298047851081,False,settled
b,yellow_ramp,ramp,0.0,0.5,0.0,0.7745958960066395,912.5443762524352,False,settled
b,yellow_ramp,ramp,0.0,0.5,0.0,0.2282481913209447,1104.1076768733444,False,settled
b,yellow_ramp,ramp,0.0,0.5,0.0,0.6408389478948785,949.0891787360022,False,settled
b,yellow_ramp,ramp,0.0,0.5,0.0,0.9488756074718685,858.1760494591798,False,settled
b,yellow_ramp,ramp,0.0,0.5,0.0,1.0470000744088308,837.5813607600458,False,settled
b,yellow_ramp,ramp,0.0,0.5,0.0,0.29586733479943556,1077.066969051292,False,settled
b,yellow_ramp,ramp,0.0,0.5,0.0,0.5710185571758194,978.3476183470257,False,settled
b,yellow_ramp,ramp,0.0,0.5,0.0,0.5590665508912165,977.8894312822376,False,settled
b,yellow_ramp,ramp,0.0,0.5,0.0,0.5470349921391284,987.7482120110328,False,settled
b,yellow_ramp,ramp,0.0,0.5,0.0,0.33436113434826237,1057.3734818041057,False,settled
b,yellow_ramp,ramp,0.0,0.5,0.0,0.7913724690122146,904.2579744856354,False,settled
b,yellow_ramp,ramp,0.0,0.5,0.0,0.9359036011069359,859.9850318262389,False,settled
b,yellow_ramp,ramp,0.0,0.5,0.0,0.4344808310946121,1022.1731154390873,False,settled
b,yellow_ramp,ramp,0.0,0.5,0.0,0.3771444574119813,1042.302422711578,False,settled
b,yellow_ramp,ramp,0.0,0.5,0.0,0.3405889543292408,1056.718375755297,False,settled
b,yellow_ramp,ramp,0.0,0.5,0.0,0.23763177103517116,1100.0729676195403,False,settled
b,yellow_ramp,ramp,0.0,0.5,0.0,0.4324941570951261,1023.743487624399,False,settled
b,yellow_ramp,ramp,0.0,0.5,0.0,0.5973767666033827,967.8593481078121,False,settled
b,yellow_ramp,ramp,0.0,0.5,0.0,0.49456290193097074,998.0390138933551,False,settled
b,yellow_ramp,ramp,0.0,0.5,0.0,0.7445091796854101,917.9798142711564,False,settled
b,yellow_ramp,ramp,0.0,0.5,0.0,0.6324002632056803,955.8898214726038,False,settled
b,yellow_ramp,ramp,0.0,0.5,0.0,0.22428518318896692,1105.1013471924214,False,settled
b,yellow_ramp,ramp,0.0,0.5,0.0,1.1836404646648693,803.7602144485045,False,settled
b,yellow_ramp,ramp,0.0,0.5,0.0,0.8194205698388021,898.5022142517523,False,settled
b,yellow_ramp,ramp,0.0,0.5,0.0,0.9249535132918837,864.172655336196,False,settled
b,yellow_ramp,ramp,0.0,0.5,0.0,0.8663209094972399,884.1950448324662,False,settled
b,yellow_ramp,ramp,0.0,0.5,0.0,0.8374394146951438,888.2311136339117,False,settled
b,yellow_ramp,ramp,0.0,0.5,0.0,0.39633046289570667,1034.8743369212564,False,settled
b,yellow_ramp,ramp,0.0,0.5,0.0,0.2820668695441008,1088.1425196214832,False,settled
b,yellow_ramp,ramp,0.0,0.5,0.0,0.7077701914114097,926.3502206902501,False,settled
b,yellow_ramp,ramp,0.0,0.5,0.0,0.4673575862804053,1018.130767634368,False,settled
b,yellow_ramp,ramp,0.0,0.5,0.0,0.5047421730990169,1000.8553799074879,False,settled
b,yellow_ramp,ramp,0.0,0.5,0.0,0.6253658452447542,952.8857668071515,False,settled
b,yellow_ramp,ramp,0.0,0.5,0.0,0.4643722456658818,1018.6916771331933,False,settled
b,yellow_ramp,ramp,0.0,0.5,0.0,0.43434849591732894,1022.2777037897674,False,settled
b,yellow_ramp,ramp,0.0,0.5,0.0,0.28582954210791456,1080.667783041022,False,settled
b,yellow_ramp,ramp,0.0,0.5,0.0,0.34985465874415533,1063.3397437767264,False,settled
b,yellow_ramp,ramp,0.0,0.5,0.0,0.6168100066085497,959.8646753820422,False,settled
b,yellow_ramp,ramp,0.0,0.5,0.0,0.703910168908251,929.6995620825375,False,settled
b,yellow_ramp,ramp,0.0,0.5,0.0,0.7262706761233411,926.1481960950761,False,settled
b,yellow_ramp,ramp,0.0,0.5,0.0,0.23545159618099928,1103.6615540325665,False,settled
b,yellow_ramp,ramp,0.0,0.5,0.0,0.3533646055816597,1060.5541222963093,False,settled
b,yellow_ramp,ramp,0.0,0.5,0.0,0.6338680996082687,954.659556773936,False,settled
b,yellow_ramp,ramp,0.0,0.5,0.0,0.6723974420357326,940.4719304409709,False,settled
b,yellow_ramp,ramp,0.0,0.5,0.0,0.28313104140421147,1082.2275448532105,False,settled
b,yellow_ramp,ramp,0.0,0.5,0.0,0.291349684080925,1077.1969180496899,False,settled
b,yellow_ramp,ramp,0.0,0.5,0.0,0.281178367642906,1087.7603160726371,False,settled
b,yellow_ramp,ramp,0.0,0.5,0.0,0.22770477549924376,1114.2032564133729,False,settled
b,yellow_ramp,ramp,0.0,0.5,0.0,0.3325142700005867,1057.6947168987622,False,settled
b,yellow_ramp,ramp,0.0,0.5,0.0,0.26929350194728524,1087.6899042931864,False,settled
b,yellow_ramp,ramp,0.0,0.5,0.0,0.25849234097320656,1094.4982474286921,False,settled
b,yellow_ramp,ramp,0.0,0.5,0.0,0.4090459314790639,1029.7566352084411,False,settled
b,yellow_ramp,ramp,0.0,0.5,0.0,0.730236928904766,922.6607478039632,False,settled
b,yellow_ramp,ramp,0.0,0.5,0.0,0.5331571643496468,985.3451476616209,False,settled
b,yellow_ramp,ramp,0.0,0.5,0.0,0.38180271748098327,1038.7241648918475,False,settled
b,yellow_ramp,ramp,0.0,0.5,0.0,0.6836419045008632,936.7706357541108,False,settled
b,yellow_ramp,ramp,0.0,0.5,0.0,0.32941402100029893,1071.8757028831913,False,settled
b,yellow_ramp,ramp,0.0,0.5,0.0,0.4162631994636651,1036.6873690802904,False,settled
b,yellow_ramp,ramp,0.0,0.5,0.0,0.5623357883406948,975.5912730952134,False,settled
b,yellow_ramp,ramp,0.0,0.5,0.0,0.29667632399582433,1076.6310573206304,False,settled
b,yellow_ramp,ramp,0.0,0.5,0.0,0.9375066122432444,863.8881481273007,False,settled
b,yellow_ramp,ramp,0.0,0.5,0.0,0.43466373928699553,1022.02855641063,False,settled
b,yellow_ramp,ramp,0.0,0.5,0.0,0.9339365968943838,860.9721263630353,False,settled
b,yellow_ramp,ramp,0.0,0.5,0.0,0.37636146880583216,1042.8191353400648,False,settled
b,yellow_ramp,ramp,0.0,0.5,0.0,0.3220765653596172,1072.8431092482645,False,settled
b,yellow_ramp,ramp,0.0,0.5,0.0,0.35472259095160125,1059.4805516125546,False,settled
b,yellow_ramp,ramp,0.0,0.5,0.0,0.9303429051371405,863.691479243098,False,settled
b,yellow_ramp,ramp,0.0,0.5,0.0,0.6341120899980995,954.4551942007643,False,settled
b,yellow_ramp,ramp,0.0,0.5,0.0,0.9740527018632922,853.4637052891352,False,settled
b,yellow_ramp,ramp,0.0,0.5,0.0,0.5959241676670579,968.2310127903156,False,settled
b,yellow_ramp,ramp,0.0,0.5,0.0,0.35559193490094404,1058.793173061961,False,settled
b,yellow_ramp,ramp,0.0,0.5,0.0,0.48065708654309014,1008.8833877994215,False,settled
b,yellow_ramp,ramp,0.0,0.5,0.0,0.6767932375534833,938.7807067840523,False,settled
b,yellow_ramp,ramp,0.0,0.5,0.0,0.37459323791854127,1044.1912552988588,False,settled
b,yellow_ramp,ramp,0.0,0.5,0.0,0.8045433970576343,899.0094173157592,False,settled
b,yellow_ramp,ramp,0.0,0.5,0.0,0.5212934634716386,988.1918529372416,False,settled
b,yellow_ramp,ramp,0.0,0.5,0.0,0.24029421395743536,1096.004650642907,False,settled
b,yellow_ramp,ramp,0.0,0.5,0.0,0.3347170255511123,1057.3314853707013,False,settled
b,yellow_ramp,ramp,0.0,0.5,0.0,0.5151872345621116,992.6065141922472,False,settled
b,yellow_ramp,ramp,0.0,0.5,0.0,0.2720700969698875,1084.5861142068277,False,settled
b,yellow_ramp,ramp,0.0,0.5,0.0,0.6596367275162184,942.4233593547325,False,settled
b,yellow_ramp,ramp,0.0,0.5,0.0,0.4495461264316573,1022.6260719146396,False,settled
b,yellow_ramp,ramp,0.0,0.5,0.0,0.33445722824546376,1057.3621423859113,False,settled
b,yellow_ramp,ramp,0.0,0.5,0.0,0.4251921441659095,1029.5468016454154,False,settled
b,yellow_ramp,ramp,0.0,0.5,0.0,0.5119525366757711,995.1621302081124,False,settled
b,yellow_ramp,ramp,0.0,0.5,0.0,0.22013250960302985,1111.1461822444567,False,settled
b,yellow_ramp,ramp,0.0,0.5,0.0,0.6482262550881672,951.6428445951167,False,settled
b,yellow_ramp,ramp,0.0,0.5,0.0,0.38242655940306397,1038.2585615585685,False,settled
b,yellow_ramp,ramp,0.0,0.5,0.0,0.2619440837124294,1094.8668037570346,False,settled
b,yellow_ramp,ramp,0.0,0.5,0.0,0.452449107221254,1020.932388119598,False,settled
b,yellow_ramp,ramp,0.0,0.5,0.0,0.7323866006071632,920.7763661360706,False,settled
b,yellow_ramp,ramp,0.0,0.5,0.0,0.4882389690149459,1002.7945937963528,False,settled
b,yellow_ramp,ramp,0.0,0.5,0.0,0.7777444156603665,909.6659883816293,False,settled
b,yellow_ramp,ramp,0.0,0.5,0.0,0.3230539608248146,1072.714194185908,False,settled
b,yellow_ramp,ramp,0.0,0.5,0.0,0.384419962026749,1049.5587039017182,False,settled
b,yellow_ramp,ramp,0.0,0.5,0.0,0.4111763326181281,1028.0178019428886,False,settled
b,yellow_ramp,ramp,0.0,0.5,0.0,0.42249952498108434,1031.691159492932,False,settled
b,yellow_ramp,ramp,0.0,0.5,0.0,0.6375986502859677,951.7890067271604,False,settled
b,yellow_ramp,ramp,0.0,0.5,0.0,0.44281562983018824,1015.8506879376301,False,settled
b,yellow_ramp,ramp,0.0,0.5,0.0,0.3588468806711615,1056.4794642489899,False,settled
b,yellow_ramp,ramp,0.0,0.5,0.0,0.9505355368851378,856.304192664031,False,settled
b,yellow_ramp,ramp,0.0,0.5,0.0,0.7434031641791258,918.9451257383627,False,settled
b,yellow_ramp,ramp,0.0,0.5,0.0,0.25118349660774875,1098.925967522688,False,settled
b,yellow_ramp,ramp,0.0,0.5,0.0,0.44304963299489997,1015.6772571909717,False,settled
b,yellow_ramp,ramp,0.0,0.5,0.0,0.6076944437537101,965.2262908412646,False,settled
b,yellow_ramp,ramp,0.0,0.5,0.0,0.5019197546428642,1003.1466925432694,False,settled
b,yellow_ramp,ramp,0.0,0.5,0.0,0.701710445650351,931.5076276718089,False,settled
b,yellow_ramp,ramp,0.0,0.5,0.0,0.36715867605081126,1049.9833542183198,False,settled
b,yellow_ramp,ramp,0.0,0.5,0.0,0.4119939781709431,1027.3849315264802,False,settled
b,yellow_ramp,ramp,0.0,0.5,0.0,0.2820399144919684,1088.1310398041921,False,settled
b,yellow_ramp,ramp,0.0,0.5,0.0,0.3323160324834682,1057.7182598699462,False,settled
b,yellow_ramp,ramp,0.0,0.5,0.0,1.1220322331061376,819.0811441764178,False,settled
b,yellow_ramp,ramp,0.0,0.5,0.0,0.4775379001174349,1011.3958404307293,False,settled
b,yellow_ramp,ramp,0.0,0.5,0.0,0.24749102758742195,1105.1754915001432,False,settled
b,yellow_ramp,ramp,0.0,0.5,0.0,0.5297910405680994,986.0478385642588,False,settled
b,yellow_ramp,ramp,0.0,0.5,0.0,0.8234315730054895,894.8332046875354,False,settled
b,yellow_ramp,ramp,0.0,0.5,0.0,0.2852417505376435,1081.1686417282299,False,settled
b,yellow_ramp,ramp,0.0,0.5,0.0,0.2978641837038374,1075.9004937843229,False,settled
b,yellow_ramp,ramp,0.0,0.5,0.0,1.2028713490890106,799.9418055585794,False,settled
b,yellow_ramp,ramp,0.0,0.5,0.0,0.2769775272823682,1084.7718538793167,False,settled
b,yellow_ramp,ramp,0.0,0.5,0.0,0.7341994614349181,919.2050255277298,False,settled
b,yellow_ramp,ramp,0.0,0.5,0.0,0.9216421706121756,867.3605166877577,False,settled
b,yellow_ramp,ramp,0.0,0.5,0.0,0.6655533899585198,945.9817255670848,False,settled
b,yellow_ramp,ramp,0.0,0.5,0.0,0.36704761142664544,1050.0702083308345,False,settled
b,yellow_ramp,ramp,0.0,0.5,0.0,0.8147204706747153,896.2857252708446,False,settled
b,yellow_ramp,ramp,0.0,0.5,0.0,0.26655943745710914,1098.095962427138,False,settled
b,yellow_ramp,ramp,0.0,0.5,0.0,0.3952395502531787,1035.03584073173,False,settled
b,yellow_ramp,ramp,0.0,0.5,0.0,0.5232963139375029,987.5198124055826,False,settled
b,yellow_ramp,ramp,0.0,0.5,0.0,0.31609637779628835,1076.725662077924,False,settled
b,yellow_ramp,ramp,0.0,0.5,0.0,0.9623994714561733,852.9779370054276,False,settled
b,yellow_ramp,ramp,0.0,0.5,0.0,0.7777279416713967,909.6810478344705,False,settled
b,yellow_ramp,ramp,0.0,0.5,0.0,0.3279510999806849,1072.068580446996,False,settled
b,yellow_ramp,ramp,0.0,0.5,0.0,0.3216345623726856,1072.9014554622174,False,settled
b,yellow_ramp,ramp,0.0,0.5,0.0,0.2305861454477537,1114.4962872799042,False,settled
b,yellow_ramp,ramp,0.0,0.5,0.0,1.0781493648210714,830.683050274767,False,settled
b,yellow_ramp,ramp,0.0,0.5,0.0,0.26322353557843076,1098.8166923861634,False,settled
b,yellow_ramp,ramp,0.0,0.5,0.0,0.24495997748457732,1098.3364083956237,False,settled
b,yellow_ramp,ramp,0.0,0.5,0.0,0.30291753124910603,1072.5453075225391,False,settled
b,yellow_ramp,ramp,0.0,0.5,0.0,0.6261093487652164,961.2031908633107,False,settled
b,yellow_ramp,ramp,0.0,0.5,0.0,0.31793372767137124,1075.2772039048737,False,settled
b,yellow_ramp,ramp,0.0,0.5,0.0,1.0078795238822276,846.7035028078117,False,settled
b,yellow_ramp,ramp,0.0,0.5,0.0,0.3519988229963741,1061.6335061912398,False,settled
b,yellow_ramp,ramp,0.0,0.5,0.0,0.28639523004953565,1078.2818325290089,False,settled
b,yellow_ramp,ramp,0.0,0.5,0.0,0.23466501184590902,1098.7525439467317,False,settled
b,yellow_ramp,ramp,0.0,0.5,0.0,0.5616294455945791,976.1648804259014,False,settled
b,yellow_ramp,ramp,0.0,0.5,0.0,0.9105482028973003,868.3641289763872,False,settled
b,yellow_ramp,ramp,0.0,0.5,0.0,0.8280456224987556,890.6073010877839,False,settled
b,yellow_ramp,ramp,0.0,0.5,0.0,0.22090777453109417,1108.358508304488,False,settled
b,yellow_ramp,ramp,0.0,0.5,0.0,0.3346631294189921,1057.3378453101104,False,settled
b,yellow_ramp,ramp,0.0,0.5,0.0,0.30306312666251994,1072.4419810968052,False,settled
b,yellow_ramp,ramp,0.0,0.5,0.0,0.4613448751018318,1019.2604773114734,False,settled
b,yellow_ramp,ramp,0.0,0.5,0.0,0.7736751123507919,906.25174068608,False,settled
b,yellow_ramp,ramp,0.0,0.5,0.0,0.22205588983021754,1116.069240784197,False,settled
b,yellow_ramp,ramp,0.0,0.5,0.0,0.2529084045031319,1101.2503028284198,False,settled
b,yellow_ramp,ramp,0.0,0.5,0.0,0.5569372599663431,979.628114221502,False,settled
b,yellow_ramp,ramp,0.0,0.5,0.0,0.6785982913632178,938.2507590344205,False,settled
b,yellow_ramp,ramp,0.0,0.5,0.0,0.2960021217404113,1076.9989814281994,False,settled
b,yellow_ramp,ramp,0.0,0.5,0.0,0.3891348946484304,1035.9672512975437,False,settled
b,yellow_ramp,ramp,0.0,0.5,0.0,0.9280062246578242,865.8960096496843,False,settled
b,yellow_ramp,ramp,0.0,0.5,0.0,0.45043247253517454,1021.9234219515114,False,settled
b,yellow_ramp,ramp,0.0,0.5,0.0,0.5761311269045972,974.1297912332692,False,settled
b,yellow_ramp,ramp,0.0,0.5,0.0,0.25218912142535754,1101.0771925348793,False,settled
b,yellow_ramp,ramp,0.0,0.5,0.0,0.6474230958334588,952.3251719805634,False,settled
b,yellow_ramp,ramp,0.0,0.5,0.0,0.7300368810628646,922.8361914482706,False,settled
b,yellow_ramp,ramp,0.0,0.5,0.0,0.5937144575313585,969.815615824607,False,settled
b,yellow_ramp,ramp,0.0,0.5,0.0,0.5030994118340434,1002.1890228229395,False,settled
b,yellow_ramp,ramp,0.0,0.5,0.0,0.9391320673774213,863.0194428659398,False,settled
b,yellow_ramp,ramp,0.0,0.5,0.0,0.5738965533589188,975.9716636892563,False,settled
b,yellow_ramp,ramp,0.0,0.5,0.0,0.3661636353609872,1050.7616995475814,False,settled
b,yellow_ramp,ramp,0.0,0.5,0.0,0.23325140694875054,1103.440755068606,False,settled
b,yellow_ramp,ramp,0.0,0.5,0.0,0.62253806210891,955.1187264026863,False,settled
b,yellow_ramp,ramp,0.0,0.5,0.0,0.5974725034545696,967.8348530785407,False,settled
b,yellow_ramp,ramp,0.0,0.5,0.0,1.0018162133557031,848.0711593972138,False,settled
b,yellow_ramp,ramp,0.0,0.5,0.0,0.4194556011351865,1034.1261417742962,False,settled
b,yellow_ramp,ramp,0.0,0.5,0.0,0.45870500693043487,1019.7566945228298,False,settled
b,yellow_ramp,ramp,0.0,0.5,0.0,0.2796045972656609,1085.3233376481267,False,settled
b,yellow_ramp,ramp,0.0,0.5,0.0,0.7413134323295426,920.759529823794,False,settled
b,yellow_ramp,ramp,0.0,0.5,0.0,0.4408890366584103,1017.2313241192832,False,settled
b,yellow_ramp,ramp,0.0,0.5,0.0,0.2877026618248711,1077.117770720011,False,settled
b,yellow_ramp,ramp,0.0,0.5,0.0,0.6605591588653783,941.7268453744878,False,settled
b,yellow_ramp,ramp,0.0,0.5,0.0,0.24550758508270584,1099.8919107041243,False,settled
b,yellow_ramp,ramp,0.0,0.5,0.0,0.23688138111556656,1111.033218064398,False,settled
b,yellow_ramp,ramp,0.0,0.5,0.0,0.38224412847096273,1038.391307562667,False,settled
b,yellow_ramp,ramp,0.0,0.5,0.0,0.33562827736844214,1057.2240204621955,False,settled
b,yellow_ramp,ramp,0.0,0.5,0.0,0.71465340990573,928.3792999098964,False,settled
b,yellow_ramp,ramp,0.0,0.5,0.0,0.3243512906238939,1072.5433020225505,False,settled
b,yellow_ramp,ramp,0.0,0.5,0.0,0.48966611768672014,1001.6563625612205,False,settled
b,yellow_ramp,ramp,0.0,0.5,0.0,0.8043392520492668,899.1970574906262,False,settled
b,yellow_ramp,ramp,0.0,0.5,0.0,0.36822258830235255,1049.151352155595,False,settled
b,yellow_ramp,ramp,0.0,0.5,0.0,0.395066926111955,1035.0613968122905,False,settled
b,yellow_ramp,ramp,0.0,0.5,0.0,1.003313084978605,845.8624480935218,False,settled
b,yellow_ramp,ramp,0.0,0.5,0.0,0.37521043842887347,1043.7123707409178,False,settled
b,yellow_ramp,ramp,0.0,0.5,0.0,0.3231935216465032,1072.695806720025,False,settled
b,yellow_ramp,ramp,0.0,0.5,0.0,1.2146039907388209,793.8657538719096,False,settled
b,yellow_ramp,ramp,0.0,0.5,0.0,0.36365308320569134,1052.7253752913907,False,settled
b,yellow_ramp,ramp,0.0,0.5,0.0,0.5912972563367277,971.7942034779745,False,settled
b,yellow_ramp,ramp,0.0,0.5,0.0,0.5125184517241939,994.7143057259985,False,settled
b,yellow_ramp,ramp,0.0,0.5,0.0,0.5152111465489464,992.5877113481404,False,settled
b,yellow_ramp,ramp,0.0,0.5,0.0,0.7535932017030015,917.5243690333086,False,settled
b,yellow_ramp,ramp,0.0,0.5,0.0,0.5449985421140053,989.4278578870299,False,settled
b,yellow_ramp,ramp,0.0,0.5,0.0,0.834936941372769,890.5646520376738,False,settled
b,yellow_ramp,ramp,0.0,0.5,0.0,1.093816509601602,825.9847609419041,False,settled
b,yellow_ramp,ramp,0.0,0.5,0.0,0.4536648581345774,1020.7033966097403,False,settled
b,yellow_ramp,ramp,0.0,0.5,0.0,0.36220074739954333,1053.86114609384,False,settled
b,yellow_ramp,ramp,0.0,0.5,0.0,0.5239456890648604,987.3760849456089,False,settled
b,yellow_ramp,ramp,0.0,0.5,0.0,0.6392146860250916,950.4340609781689,False,settled
b,yellow_ramp,ramp,0.0,0.5,0.0,0.490687429453282,1000.8417623226046,False,settled
b,yellow_ramp,ramp,0.0,0.5,0.0,0.2954360055014999,1077.2768236990669,False,settled
b,yellow_ramp,ramp,0.0,0.5,0.0,0.3250714708903437,1072.4484412846994,False,settled
b,yellow_ramp,ramp,0.0,0.5,0.0,0.47672408834245894,1012.055354549158,False,settled
b,yellow_ramp,ramp,0.0,0.5,0.0,0.25233748214526713,1099.334952807275,False,settled
b,yellow_ramp,ramp,0.0,0.5,0.0,0.8955993461574182,872.5474671248621,False,settled
b,yellow_ramp,ramp,0.0,0.5,0.0,0.7651292643303903,912.8099494030809,False,settled
b,yellow_ramp,ramp,0.0,0.5,0.0,0.4907204627937022,1000.8154220176522,False,settled
b,yellow_ramp,ramp,0.0,0.5,0.0,0.7106213552485641,931.6601381840295,False,settled
b,yellow_ramp,ramp,0.0,0.5,0.0,0.31595185933524617,1076.8395530016076,False,settled
b,yellow_ramp,ramp,0.0,0.5,0.0,0.2813203569451754,1087.8217600475461,False,settled
b,yellow_ramp,ramp,0.0,0.5,0.0,0.3674487744355323,1049.7564924229064,False,settled
b,yellow_ramp,ramp,0.0,0.5,0.0,0.8500212055472549,887.3452707048996,False,settled
b,yellow_ramp,ramp,0.0,0.5,0.0,0.23006095767266543,1107.8200292923018,False,settled
b,yellow_ramp,ramp,0.0,0.5,0.0,0.5664867792337339,972.1980594633,False,settled
b,yellow_ramp,ramp,0.0,0.5,0.0,0.33845937170953816,1056.9640328096436,False,settled
b,yellow_ramp,ramp,0.0,0.5,0.0,0.3892020486659638,1035.957279845673,False,settled
b,yellow_ramp,ramp,0.0,0.5,0.0,0.47967970930115095,1009.6692958330863,False,settled
b,yellow_ramp,ramp,0.0,0.5,0.0,0.3789447600199944,1040.8320929132242,False,settled
b,yellow_ramp,ramp,0.0,0.5,0.0,0.2771603550169823,1084.9179825564315,False,settled
b,yellow_ramp,ramp,0.0,0.5,0.0,0.4535989792883662,1020.7157681779114,False,settled
b,yellow_ramp,ramp,0.0,0.5,0.0,0.22826099649377918,1104.4810386736237,False,settled
b,yellow_ramp,ramp,0.0,0.5,0.0,0.274325010102752,1088.5767997533694,False,settled
b,yellow_ramp,ramp,0.0,0.5,0.0,0.6666540076573099,945.0564683972403,False,settled
b,yellow_ramp,ramp,0.0,0.5,0.0,0.2748216562467505,1088.9062995768877,False,settled
b,yellow_ramp,ramp,0.0,0.5,0.0,0.6369320047392177,952.3479371881887,False,settled
b,yellow_ramp,ramp,0.0,0.5,0.0,0.2888916991546382,1076.760396222367,False,settled
b,yellow_ramp,ramp,0.0,0.5,0.0,0.23752930781701564,1099.4561945910705,False,settled
b,yellow_ramp,ramp,0.0,0.5,0.0,0.5891561446179058,973.5523423826396,False,settled
