trial,element,model,block_noise_sd,ramp_noise_sd,block_noise_up,ramp_noise_up,final_position_up,ramp_valid,up_stop_reason
a,black_block,ramp,0.19,0.0,0.9609484737772881,0.0,837.2771808025252,False,settled
b,blue_ramp,ramp,0.0,1.2,0.0,1.554003977283123,827.8109116647274,False,settled
b,blue_ramp,ramp,0.0,1.2,0.0,1.0030953463018035,984.9136948849062,False,settled
b,blue_ramp,ramp,0.0,1.2,0.0,0.7300975010979405,1097.7114533365573,False,settled
b,blue_ramp,ramp,0.0,1.2,0.0,1.1145759817201697,952.6208186790927,False,settled
b,blue_ramp,ramp,0.0,1.2,0.0,0.9216169910911334,1020.618645578034,False,settled
b,blue_ramp,ramp,0.0,1.2,0.0,0.7877178243600079,1073.8764303571202,False,settled
b,blue_ramp,ramp,0.0,1.2,0.0,0.9734637081528725,999.8646189557354,False,settled
b,blue_ramp,ramp,0.0,1.2,0.0,0.9191135360720044,1021.0894634116933,False,settled
b,blue_ramp,ramp,0.0,1.2,0.0,0.7706805446281825,1072.358806434042,False,settled
b,blue_ramp,ramp,0.0,1.2,0.0,0.8669194429281132,1034.3336244717445,False,settled
b,blue_ramp,ramp,0.0,1.2,0.0,1.3846700815700899,867.054645579058,False,settled
b,blue_ramp,ramp,0.0,1.2,0.0,0.9776483600333907,996.5865345118826,False,settled
b,blue_ramp,ramp,0.0,1.2,0.0,0.792524355806839,1072.4546475274205,False,settled
b,blue_ramp,ramp,0.0,1.2,0.0,1.4203907479865672,858.5705654445526,False,settled
b,blue_ramp,ramp,0.0,1.2,0.0,0.9905303729748763,987.5762477807742,False,settled
b,blue_ramp,ramp,0.0,1.2,0.0,1.5788179072423179,821.8913047502759,False,settled
b,blue_ramp,ramp,0.0,1.2,0.0,1.2647079105446337,905.8053475765021,False,settled
b,blue_ramp,ramp,0.0,1.2,0.0,1.0607442289053899,970.1997986870505,False,settled
b,blue_ramp,ramp,0.0,1.2,0.0,0.7732038481284055,1070.610920722989,False,settled
b,blue_ramp,ramp,0.0,1.2,0.0,0.7814325931853497,1078.4306431177495,False,settled
b,blue_ramp,ramp,0.0,1.2,0.0,0.9853569891033822,990.7894943786813,False,settled
b,blue_ramp,ramp,0.0,1.2,0.0,0.8127546974781931,1053.3444070143503,False,settled
b,blue_ramp,ramp,0.0,1.2,0.0,1.3681710189041532,872.6719977313238,False,settled
b,blue_ramp,ramp,0.0,1.2,0.0,1.2607420482868823,902.5476957553605,False,settled
b,blue_ramp,ramp,0.0,1.2,0.0,0.822698928118092,1059.1038598745647,False,settled
b,blue_ramp,ramp,0.0,1.2,0.0,1.401259001140325,861.0650434326283,False,settled
b,blue_ramp,ramp,0.0,1.2,0.0,0.8774613382788111,1028.9635155924857,False,settled
b,blue_ramp,ramp,0.0,1.2,0.0,0.771415014903985,1071.8382419637976,False,settled
b,blue_ramp,ramp,0.0,1.2,0.0,0.7371780537094607,1088.0675822714916,False,settled
b,blue_ramp,ramp,0.0,1.2,0.0,1.6451268178830072,805.3586958752094,False,settled
b,blue_ramp,ramp,0.0,1.2,0.0,0.8306903949738201,1053.0872919404283,False,settled
b,blue_ramp,ramp,0.0,1.2,0.0,1.0276546523309313,977.2702743828956,False,settled
b,blue_ramp,ramp,0.0,1.2,0.0,0.8278387517452593,1055.3168010507284,False,settled
b,blue_ramp,ramp,0.0,1.2,0.0,0.8449683444429126,1042.0511219178588,False,settled
b,blue_ramp,ramp,0.0,1.2,0.0,1.5842250656623778,819.86740336817,False,settled
b,blue_ramp,ramp,0.0,1.2,0.0,1.668134756154761,800.0012367127205,False,settled
b,blue_ramp,ramp,0.0,1.2,0.0,1.3802461006174982,871.246064584042,False,settled
b,blue_ramp,ramp,0.0,1.2,0.0,0.9171001395701445,1022.5832507614736,False,settled
b,blue_ramp,ramp,0.0,1.2,0.0,0.8838440260955024,1036.6225309195272,False,settled
b,blue_ramp,ramp,0.0,1.2,0.0,1.0506362094409034,968.8426984500984,False,settled
b,blue_ramp,ramp,0.0,1.2,0.0,0.7069998127555974,1108.4312551338032,False,settled
b,blue_ramp,ramp,0.0,1.2,0.0,0.8794322883213683,1027.4330823249675,False,settled
b,blue_ramp,ramp,0.0,1.2,0.0,1.2888938205938134,896.7010698901637,False,settled
b,blue_ramp,ramp,0.0,1.2,0.0,1.2923474059063575,893.5321538519045,False,settled
b,blue_ramp,ramp,0.0,1.2,0.0,0.9552836125352132,1003.1577508236833,False,settled
b,blue_ramp,ramp,0.0,1.2,0.0,0.8078158565129718,1056.7498811744938,False,settled
b,blue_ramp,ramp,0.0,1.2,0.0,1.5146929492372974,837.3112427922458,False,settled
b,blue_ramp,ramp,0.0,1.2,0.0,1.2961387125916166,890.1688966076421,False,settled
b,blue_ramp,ramp,0.0,1.2,0.0,0.8412364982006659,1044.8561556584716,False,settled
b,blue_ramp,ramp,0.0,1.2,0.0,1.0836494697452819,960.1577705859576,False,settled
b,blue_ramp,ramp,0.0,1.2,0.0,0.9271560074441141,1019.577788942955,False,settled
b,blue_ramp,ramp,0.0,1.2,0.0,1.334609504603433,883.4140821298056,False,settled
b,blue_ramp,ramp,0.0,1.2,0.0,0.9262379146198074,1019.7505105656879,False,settled
b,blue_ramp,ramp,0.0,1.2,0.0,1.2667458340718423,903.9157198950815,False,settled
b,blue_ramp,ramp,0.0,1.2,0.0,0.8250863911589226,1057.4719003735477,False,settled
b,blue_ramp,ramp,0.0,1.2,0.0,1.6770844556134659,797.6322920568027,False,settled
b,blue_ramp,ramp,0.0,1.2,0.0,1.2987332031910506,894.0477449155942,False,settled
b,blue_ramp,ramp,0.0,1.2,0.0,0.7524272514565105,1081.2612711940976,False,settled
b,blue_ramp,ramp,0.0,1.2,0.0,0.8988986720552401,1024.609336305136,False,settled
b,blue_ramp,ramp,0.0,1.2,0.0,1.3692883482822862,871.52927418691,False,settled
b,blue_ramp,ramp,0.0,1.2,0.0,0.8477416804415264,1039.8302991615255,False,settled
b,blue_ramp,ramp,0.0,1.2,0.0,1.2560076511402565,906.8952627361433,False,settled
b,blue_ramp,ramp,0.0,1.2,0.0,0.7157703633037682,1092.2695036057924,False,settled
b,blue_ramp,ramp,0.0,1.2,0.0,0.801236938220782,1057.5439231175374,False,settled
b,blue_ramp,ramp,0.0,1.2,0.0,1.426733814536296,856.3670714251905,False,settled
b,blue_ramp,ramp,0.0,1.2,0.0,1.5832034484224415,820.8489906693281,False,settled
b,blue_ramp,ramp,0.0,1.2,0.0,0.8510418891429677,1050.252571652059,False,settled
b,blue_ramp,ramp,0.0,1.2,0.0,0.7054710357885695,1101.8240124916579,False,settled
b,blue_ramp,ramp,0.0,1.2,0.0,1.6273160450943436,809.0818720862192,False,settled
b,blue_ramp,ramp,0.0,1.2,0.0,1.1203262062411214,948.0112851230609,False,settled
b,blue_ramp,ramp,0.0,1.2,0.0,0.8425569410543156,1043.8314688930354,False,settled
b,blue_ramp,ramp,0.0,1.2,0.0,0.9522838762782155,1005.5654769929919,False,settled
b,blue_ramp,ramp,0.0,1.2,0.0,1.6109601843272678,813.747149972565,False,settled
b,blue_ramp,ramp,0.0,1.2,0.0,1.0606378571830641,970.2864372598808,False,settled
b,blue_ramp,ramp,0.0,1.2,0.0,0.901417264034852,1022.618513217339,False,settled
b,blue_ramp,ramp,0.0,1.2,0.0,1.2028983498026071,918.1645198484379,False,settled
b,blue_ramp,ramp,0.0,1.2,0.0,0.8527766275410098,1049.37655027543,False,settled
b,blue_ramp,ramp,0.0,1.2,0.0,1.0033216726174143,984.8664783569621,False,settled
b,blue_ramp,ramp,0.0,1.2,0.0,1.3796099524513834,866.8932766842266,False,settled
b,blue_ramp,ramp,0.0,1.2,0.0,1.4301517108615776,852.6427316443012,False,settled
b,blue_ramp,ramp,0.0,1.2,0.0,1.3664655459813713,874.4164274350113,False,settled
b,blue_ramp,ramp,0.0,1.2,0.0,0.8812132014901268,1038.484039670356,False,settled
b,blue_ramp,ramp,0.0,1.2,0.0,1.615762714305035,813.2377967732248,False,settled
b,blue_ramp,ramp,0.0,1.2,0.0,1.0206020071277064,982.765226098535,False,settled
b,blue_ramp,ramp,0.0,1.2,0.0,0.921553445455755,1020.6305852881262,False,settled
b,blue_ramp,ramp,0.0,1.2,0.0,0.9418881202611296,1013.9484018725033,False,settled
b,blue_ramp,ramp,0.0,1.2,0.0,1.0831743845900421,960.5555286153423,False,settled
b,blue_ramp,ramp,0.0,1.2,0.0,1.1320598066766,946.8170339792629,False,settled
b,blue_ramp,ramp,0.0,1.2,0.0,0.966063622308348,1005.8720405404731,False,settled
b,blue_ramp,ramp,0.0,1.2,0.0,1.3770806432498166,869.3115238332749,False,settled
b,blue_ramp,ramp,0.0,1.2,0.0,0.9171247477348491,1022.5637416776465,False,settled
b,blue_ramp,ramp,0.0,1.2,0.0,0.7695417067132825,1073.165252008941,False,settled
b,blue_ramp,ramp,0.0,1.2,0.0,0.9980371018852623,985.8920799875943,False,settled
b,blue_ramp,ramp,0.0,1.2,0.0,0.9861784555316987,990.1430166760153,False,settled
b,blue_ramp,ramp,0.0,1.2,0.0,1.0059829988911322,984.3112655853341,False,settled
b,blue_ramp,ramp,0.0,1.2,0.0,1.1918299810168227,927.8637706146516,False,settled
b,blue_ramp,ramp,0.0,1.2,0.0,1.653116419170611,804.0279842296877,False,settled
b,blue_ramp,ramp,0.0,1.2,0.0,0.7902305651321294,1072.7568090661853,False,settled
b,blue_ramp,ramp,0.0,1.2,0.0,1.163946867225021,935.8234084104405,False,settled
b,blue_ramp,ramp,0.0,1.2,0.0,0.8571195762621463,1035.804885825541,False,settled
b,blue_ramp,ramp,0.0,1.2,0.0,0.7576692360520024,1076.6374210022432,False,settled
b,blue_ramp,ramp,0.0,1.2,0.0,0.9655721248051473,1006.2711555409937,False,settled
b,blue_ramp,ramp,0.0,1.2,0.0,1.0966210626891824,958.6591322813629,False,settled
b,blue_ramp,ramp,0.0,1.2,0.0,0.8163985905064978,1064.1005857850032,False,settled
b,blue_ramp,ramp,0.0,1.2,0.0,1.3710252740178799,870.0302349034149,False,settled
b,blue_ramp,ramp,0.0,1.2,0.0,0.9124088066891808,1026.3034145731224,False,settled
b,blue_ramp,ramp,0.0,1.2,0.0,1.3247657187245745,887.0673859012497,False,settled
b,blue_ramp,ramp,0.0,1.2,0.0,1.173307843418524,927.9883863242788,False,settled
b,blue_ramp,ramp,0.0,1.2,0.0,1.1946649453489415,925.3576386396554,False,settled
b,blue_ramp,ramp,0.0,1.2,0.0,1.1952989692889522,924.798209460254,False,settled
b,blue_ramp,ramp,0.0,1.2,0.0,1.644361726682438,806.5340805507318,False,settled
b,blue_ramp,ramp,0.0,1.2,0.0,1.0017115048144358,985.2026333169424,False,settled
b,blue_ramp,ramp,0.0,1.2,0.0,1.0311713631115682,974.4296509473294,False,settled
b,blue_ramp,ramp,0.0,1.2,0.0,0.9486081679054129,1008.5205910765661,False,settled
b,blue_ramp,ramp,0.0,1.2,0.0,0.74135491325169,1088.1587693411045,False,settled
b,blue_ramp,ramp,0.0,1.2,0.0,0.9299082628979555,1019.0606824801459,False,settled
b,blue_ramp,ramp,0.0,1.2,0.0,0.9524010340087112,1005.4712985763582,False,settled
b,blue_ramp,ramp,0.0,1.2,0.0,0.7729336212846746,1070.8162930263827,False,settled
b,blue_ramp,ramp,0.0,1.2,0.0,1.0661021599261022,967.5456324494232,False,settled
b,blue_ramp,ramp,0.0,1.2,0.0,1.4679638192018953,844.9746663329543,False,settled
b,blue_ramp,ramp,0.0,1.2,0.0,1.3637557692001419,871.888225164201,False,settled
b,blue_ramp,ramp,0.0,1.2,0.0,0.819701265608097,1061.4735327272817,False,settled
b,blue_ramp,ramp,0.0,1.2,0.0,0.9262539078412845,1019.747505146383,False,settled
b,blue_ramp,ramp,0.0,1.2,0.0,0.8471275532946992,1040.3024492165198,False,settled
b,blue_ramp,ramp,0.0,1.2,0.0,1.4494092547100748,849.2301362417511,False,settled
b,blue_ramp,ramp,0.0,1.2,0.0,0.8359125751127868,1049.0027771010075,False,settled
b,blue_ramp,ramp,0.0,1.2,0.0,1.0270936855877328,977.725917493762,False,settled
b,blue_ramp,ramp,0.0,1.2,0.0,1.3802841400333923,871.2071544449353,False,settled
b,blue_ramp,ramp,0.0,1.2,0.0,1.1032258952250804,953.3594413270275,False,settled
b,blue_ramp,ramp,0.0,1.2,0.0,1.332932141969274,885.0751873131413,False,settled
b,blue_ramp,ramp,0.0,1.2,0.0,0.8543302030665851,1036.2582708099806,False,settled
b,blue_ramp,ramp,0.0,1.2,0.0,0.6969277754340709,1101.539829476441,False,settled
b,blue_ramp,ramp,0.0,1.2,0.0,1.207268922619342,922.1042619156666,False,settled
b,blue_ramp,ramp,0.0,1.2,0.0,0.7263744039749688,1095.1314860685168,False,settled
b,blue_ramp,ramp,0.0,1.2,0.0,0.9323990531157033,1018.592696808022,False,settled
b,blue_ramp,ramp,0.0,1.2,0.0,0.7473273423170004,1085.7990226752293,False,settled
b,blue_ramp,ramp,0.0,1.2,0.0,0.7328431251963841,1085.8062770362403,False,settled
b,blue_ramp,ramp,0.0,1.2,0.0,0.7840445391697243,1076.372253676038,False,settled
b,blue_ramp,ramp,0.0,1.2,0.0,0.916997968236848,1022.6642514633397,False,settled
b,blue_ramp,ramp,0.0,1.2,0.0,0.7821337873475263,1077.8780712213986,False,settled
b,blue_ramp,ramp,0.0,1.2,0.0,0.9898207888877246,987.7268940013331,False,settled
b,blue_ramp,ramp,0.0,1.2,0.0,1.663451781929283,801.9004780905689,False,settled
b,blue_ramp,ramp,0.0,1.2,0.0,1.530609131185241,832.3590619289962,False,settled
b,blue_ramp,ramp,0.0,1.2,0.0,1.3073135470917523,892.2957697036968,False,settled
b,blue_ramp,ramp,0.0,1.2,0.0,0.731646225908336,1099.9780342069728,False,settled
b,blue_ramp,ramp,0.0,1.2,0.0,1.1686007572858805,932.0339107350987,False,settled
b,blue_ramp,ramp,0.0,1.2,0.0,1.1816860211821878,928.7858985342704,False,settled
b,blue_ramp,ramp,0.0,1.2,0.0,1.2921594175395532,893.704869749311,False,settled
b,blue_ramp,ramp,0.0,1.2,0.0,0.9923890977884401,987.1759833769952,False,settled
b,blue_ramp,ramp,0.0,1.2,0.0,1.4591206721361034,846.7997562290205,False,settled
b,blue_ramp,ramp,0.0,1.2,0.0,1.3383215510586084,879.7568233377992,False,settled
b,blue_ramp,ramp,0.0,1.2,0.0,1.3375635097800722,880.5013762816549,False,settled
b,blue_ramp,ramp,0.0,1.2,0.0,1.037459454203653,979.2219454982079,False,settled
b,blue_ramp,ramp,0.0,1.2,0.0,1.459631395383539,846.2876184294358,False,settled
b,blue_ramp,ramp,0.0,1.2,0.0,0.9304898261704679,1018.951415017628,False,settled
b,blue_ramp,ramp,0.0,1.2,0.0,1.0942823034571607,960.6346468181356,False,settled
b,blue_ramp,ramp,0.0,1.2,0.0,0.7210372723520236,1102.698066587385,False,settled
b,blue_ramp,ramp,0.0,1.2,0.0,1.2916711688447864,894.153647236617,False,settled
b,blue_ramp,ramp,0.0,1.2,0.0,1.303679929118454,889.4840908624323,False,settled
b,blue_ramp,ramp,0.0,1.2,0.0,1.4768916716296903,847.4481070691369,False,settled
b,blue_ramp,ramp,0.0,1.2,0.0,1.227205424578623,914.7082059815539,False,settled
b,blue_ramp,ramp,0.0,1.2,0.0,0.8268728483169232,1056.0652722902607,False,settled
b,blue_ramp,ramp,0.0,1.2,0.0,0.9641192923319237,996.4425912539967,False,settled
b,blue_ramp,ramp,0.0,1.2,0.0,1.046200202644683,972.0259910787103,False,settled
b,blue_ramp,ramp,0.0,1.2,0.0,0.7836913725400331,1076.65079687709,False,settled
b,blue_ramp,ramp,0.0,1.2,0.0,1.2296507125425007,913.8522542320878,False,settled
b,blue_ramp,ramp,0.0,1.2,0.0,1.3617633652528194,873.6213315711695,False,settled
b,blue_ramp,ramp,0.0,1.2,0.0,0.824220220378037,1058.1537217597527,False,settled
b,blue_ramp,ramp,0.0,1.2,0.0,0.7192799332024885,1100.1094902936861,False,settled
b,blue_ramp,ramp,0.0,1.2,0.0,1.1473164384325838,937.8932756356443,False,settled
b,blue_ramp,ramp,0.0,1.2,0.0,0.7532600558087579,1080.6745448839051,False,settled
b,blue_ramp,ramp,0.0,1.2,0.0,1.0277319444097168,977.2074932888283,False,settled
b,blue_ramp,ramp,0.0,1.2,0.0,0.9939501669786182,986.7489050265795,False,settled
b,blue_ramp,ramp,0.0,1.2,0.0,0.7814014138806646,1078.4552052368376,False,settled
b,blue_ramp,ramp,0.0,1.2,0.0,1.5865766517108113,819.4808736951036,False,settled
b,blue_ramp,ramp,0.0,1.2,0.0,0.6888944918195719,1118.3686769707524,False,settled
b,blue_ramp,ramp,0.0,1.2,0.0,0.8351940747755712,1049.5646626458076,False,settled
b,blue_ramp,ramp,0.0,1.2,0.0,1.461262357452201,849.1209008542406,False,settled
b,blue_ramp,ramp,0.0,1.2,0.0,1.1293231957736127,949.1808985403724,False,settled
b,blue_ramp,ramp,0.0,1.2,0.0,1.0541679867860754,966.0507295118731,False,settled
b,blue_ramp,ramp,0.0,1.2,0.0,1.0146613176842982,987.6440353884188,False,settled
b,blue_ramp,ramp,0.0,1.2,0.0,0.9487959826817836,1008.3695378521978,False,settled
b,blue_ramp,ramp,0.0,1.2,0.0,1.2532976456551863,909.3907015930639,False,settled
b,blue_ramp,ramp,0.0,1.2,0.0,0.8425536947268772,1043.8339877097744,False,settled
b,blue_ramp,ramp,0.0,1.2,0.0,0.9120225493827703,1026.6097711444675,False,settled
b,blue_ramp,ramp,0.0,1.2,0.0,1.1525992989210165,936.346493414286,False,settled
b,blue_ramp,ramp,0.0,1.2,0.0,1.676120213458582,797.8576777302366,False,settled
b,blue_ramp,ramp,0.0,1.2,0.0,1.1002938275359366,955.5593713895067,False,settled
b,blue_ramp,ramp,0.0,1.2,0.0,1.0400075276279697,977.1182734185328,False,settled
b,blue_ramp,ramp,0.0,1.2,0.0,1.2425922797367563,912.0906006440283,False,settled
b,blue_ramp,ramp,0.0,1.2,0.0,0.7662370063038318,1075.3644736952097,False,settled
b,blue_ramp,ramp,0.0,1.2,0.0,1.1732556449455769,928.0334197534244,False,settled
b,blue_ramp,ramp,0.0,1.2,0.0,1.0222862330878322,981.387423525966,False,settled
b,blue_ramp,ramp,0.0,1.2,0.0,0.7390840338331922,1084.8824883821494,False,settled
b,blue_ramp,ramp,0.0,1.2,0.0,1.68713532934433,793.3005155703871,False,settled
b,blue_ramp,ramp,0.0,1.2,0.0,1.5413520678428791,830.4772970067188,False,settled
b,blue_ramp,ramp,0.0,1.2,0.0,0.9033306165665815,1021.1061314208866,False,settled
b,blue_ramp,ramp,0.0,1.2,0.0,1.5675217489478983,824.090096121087,False,settled
b,blue_ramp,ramp,0.0,1.2,0.0,0.8169023512504786,1063.699710058143,False,settled
b,blue_ramp,ramp,0.0,1.2,0.0,0.9573681847899501,1001.4951753002939,False,settled
b,blue_ramp,ramp,0.0,1.2,0.0,1.2647924647196347,905.7269548115771,False,settled
b,blue_ramp,ramp,0.0,1.2,0.0,1.0910389175971344,954.2907445045661,False,settled
b,blue_ramp,ramp,0.0,1.2,0.0,0.8400935440356055,1045.7432123933156,False,settled
b,blue_ramp,ramp,0.0,1.2,0.0,1.4794804545096933,845.7123549409941,False,settled
b,blue_ramp,ramp,0.0,1.2,0.0,1.0702400219534716,966.4871028830665,False,settled
b,blue_ramp,ramp,0.0,1.2,0.0,1.2157506229448158,914.7368322467199,False,settled
b,blue_ramp,ramp,0.0,1.2,0.0,0.8819594102326748,1037.8858825633652,False,settled
b,blue_ramp,ramp,0.0,1.2,0.0,0.8804788179522837,1026.7130396757013,False,settled
b,blue_ramp,ramp,0.0,1.2,0.0,1.0783824811335267,964.4221450469823,False,settled
b,blue_ramp,ramp,0.0,1.2,0.0,1.4508613257839689,847.5779877093875,False,settled
b,blue_ramp,ramp,0.0,1.2,0.0,1.139353152416044,940.9286833928016,False,settled
b,blue_ramp,ramp,0.0,1.2,0.0,0.859181278883323,1035.4938508274552,False,settled
b,blue_ramp,ramp,0.0,1.2,0.0,1.053043847214876,966.8491912525355,False,settled
b,blue_ramp,ramp,0.0,1.2,0.0,1.2439490137629559,910.85014265646,False,settled
b,blue_ramp,ramp,0.0,1.2,0.0,1.436354456043129,854.7599003084182,False,settled
b,blue_ramp,ramp,0.0,1.2,0.0,1.1333810307799297,945.706153858077,False,settled
b,blue_ramp,ramp,0.0,1.2,0.0,0.9667352814072996,1005.3266084885439,False,settled
b,blue_ramp,ramp,0.0,1.2,0.0,1.1245871453959668,944.5606429185234,False,settled
b,blue_ramp,ramp,0.0,1.2,0.0,1.4911439390864032,843.6583539646381,False,settled
b,blue_ramp,ramp,0.0,1.2,0.0,0.8966583096823247,1026.3881976074047,False,settled
b,blue_ramp,ramp,0.0,1.2,0.0,1.5244516120509823,834.8571114155504,False,settled
b,blue_ramp,ramp,0.0,1.2,0.0,1.2537158575377785,909.0056068542883,False,settled
b,blue_ramp,ramp,0.0,1.2,0.0,1.4053785731106208,863.6893588247534,False,settled
b,blue_ramp,ramp,0.0,1.2,0.0,0.9104730876669196,1015.7362865352135,False,settled
b,blue_ramp,ramp,0.0,1.2,0.0,1.1046739410104331,952.1450931446857,False,settled
b,blue_ramp,ramp,0.0,1.2,0.0,0.7230313031942883,1091.2430831054032,False,settled
b,blue_ramp,ramp,0.0,1.2,0.0,0.7892153652005366,1072.8907893329833,False,settled
b,blue_ramp,ramp,0.0,1.2,0.0,1.2007761585860233,920.0869304141711,False,settled
b,blue_ramp,ramp,0.0,1.2,0.0,1.3111640403887412,890.0249360379356,False,settled
b,blue_ramp,ramp,0.0,1.2,0.0,0.8706526579878399,1033.790962147481,False,settled
b,blue_ramp,ramp,0.0,1.2,0.0,0.9062461490265797,1018.9574005744897,False,settled
b,blue_ramp,ramp,0.0,1.2,0.0,1.2071055853437553,922.2462407237628,False,settled
b,blue_ramp,ramp,0.0,1.2,0.0,1.0588566811940303,971.7454066483333,False,settled
b,blue_ramp,ramp,0.0,1.2,0.0,1.326857724106026,885.0207652154901,False,settled
b,blue_ramp,ramp,0.0,1.2,0.0,0.6913990853378614,1112.1936217980958,False,settled
b,blue_ramp,ramp,0.0,1.2,0.0,1.272612877245945,898.5747933522647,False,settled
b,blue_ramp,ramp,0.0,1.2,0.0,1.3912603052110373,865.4039019568974,False,settled
b,blue_ramp,ramp,0.0,1.2,0.0,0.9806923967373972,994.1830291851021,False,settled
b,blue_ramp,ramp,0.0,1.2,0.0,0.8373478875406588,1047.880311707377,False,settled
b,blue_ramp,ramp,0.0,1.2,0.0,0.7837156694870644,1076.6316481727865,False,settled
b,blue_ramp,ramp,0.0,1.2,0.0,1.2085537690868449,920.9857274471962,False,settled
b,blue_ramp,ramp,0.0,1.2,0.0,0.7765388841965407,1067.97818536759,False,settled
b,blue_ramp,ramp,0.0,1.2,0.0,1.3754111313396062,870.7285693398871,False,settled
b,blue_ramp,ramp,0.0,1.2,0.0,0.9471471424408657,1009.6954822816009,False,settled
b,blue_ramp,ramp,0.0,1.2,0.0,1.0184678201544988,984.5113620260337,False,settled
b,blue_ramp,ramp,0.0,1.2,0.0,0.815045755181289,1051.6811559907858,False,settled
b,blue_ramp,ramp,0.0,1.2,0.0,1.3435404312528363,880.4637999305481,False,settled
b,blue_ramp,ramp,0.0,1.2,0.0,0.6962058314688168,1108.5259149295657,False,settled
b,blue_ramp,ramp,0.0,1.2,0.0,0.970622021468959,1002.1706677678062,False,settled
b,blue_ramp,ramp,0.0,1.2,0.0,1.2060694097041877,923.1469069547278,False,settled
b,blue_ramp,ramp,0.0,1.2,0.0,0.8369707137039418,1048.1752766812128,False,settled
b,blue_ramp,ramp,0.0,1.2,0.0,0.6907497949488516,1111.5181913593033,False,settled
b,blue_ramp,ramp,0.0,1.2,0.0,0.7845395517974988,1075.9820996069238,False,settled
b,blue_ramp,ramp,0.0,1.2,0.0,1.641740444034897,806.7615992697523,False,settled
b,blue_ramp,ramp,0.0,1.2,0.0,1.6797984388240985,795.0627556944622,False,settled
b,blue_ramp,ramp,0.0,1.2,0.0,1.417464889737721,856.9188996379978,False,settled
b,blue_ramp,ramp,0.0,1.2,0.0,1.3840830139415417,867.5661119940011,False,settled
b,blue_ramp,ramp,0.0,1.2,0.0,1.3321346783925545,880.253827245146,False,settled
b,blue_ramp,ramp,0.0,1.2,0.0,1.432300666817094,854.892221922173,False,settled
b,blue_ramp,ramp,0.0,1.2,0.0,1.0147839324682002,987.5429187947187,False,settled
b,blue_ramp,ramp,0.0,1.2,0.0,1.662038599709865,800.9320188889089,False,settled
b,blue_ramp,ramp,0.0,1.2,0.0,0.9040243319959298,1020.5578624299419,False,settled
b,blue_ramp,ramp,0.0,1.2,0.0,1.6605000456615735,801.6854923572532,False,settled
b,blue_ramp,ramp,0.0,1.2,0.0,1.4700630267211352,848.634027640787,False,settled
b,blue_ramp,ramp,0.0,1.2,0.0,1.5553954759450404,826.7284966616153,False,settled
b,blue_ramp,ramp,0.0,1.2,0.0,0.9647169358443322,1006.9655890136728,False,settled
b,blue_ramp,ramp,0.0,1.2,0.0,0.8671599562644235,1034.2986509994041,False,settled
b,blue_ramp,ramp,0.0,1.2,0.0,1.059481440399084,971.2323809849875,False,settled
b,blue_ramp,ramp,0.0,1.2,0.0,1.3440279845507843,879.9780603608915,False,settled
b,blue_ramp,ramp,0.0,1.2,0.0,0.9648669689135854,1006.8437590140356,False,settled
b,blue_ramp,ramp,0.0,1.2,0.0,1.4459460707358078,848.7171093067599,False,settled
b,blue_ramp,ramp,0.0,1.2,0.0,1.171012897537547,929.9517781142074,False,settled
b,blue_ramp,ramp,0.0,1.2,0.0,1.2489932551277194,906.2544483941027,False,settled
b,blue_ramp,ramp,0.0,1.2,0.0,1.6077849107231368,814.1494485452125,False,settled
b,blue_ramp,ramp,0.0,1.2,0.0,1.303589290130774,889.5693100115222,False,settled
b,blue_ramp,ramp,0.0,1.2,0.0,1.324200352419323,887.6238725614285,False,settled
b,blue_ramp,ramp,0.0,1.2,0.0,0.7457073560112851,1084.083285808909,False,settled
b,blue_ramp,ramp,0.0,1.2,0.0,0.88968007655479,1031.9455306969915,False,settled
b,blue_ramp,ramp,0.0,1.2,0.0,1.3437280815916597,880.2768485465355,False,settled
b,blue_ramp,ramp,0.0,1.2,0.0,0.7424490679538805,1088.9872307970056,False,settled
b,blue_ramp,ramp,0.0,1.2,0.0,1.0678227106401537,967.1054888296082,False,settled
b,blue_ramp,ramp,0.0,1.2,0.0,0.9760427290824809,997.8520739719942,False,settled
b,blue_ramp,ramp,0.0,1.2,0.0,1.6129685711444481,814.0138784317522,False,settled
b,blue_ramp,ramp,0.0,1.2,0.0,1.4550289247807067,847.2745788784893,False,settled
b,blue_ramp,ramp,0.0,1.2,0.0,1.2901020091619104,895.5955252325091,False,settled
b,blue_ramp,ramp,0.0,1.2,0.0,0.8667608037748149,1034.3566924181841,False,settled
b,blue_ramp,ramp,0.0,1.2,0.0,0.9932227952234656,986.9417971976299,False,settled
b,blue_ramp,ramp,0.0,1.2,0.0,1.5352825549093836,832.2437611075462,False,settled
b,blue_ramp,ramp,0.0,1.2,0.0,0.7812409214318623,1078.581632712546,False,settled
b,blue_ramp,ramp,0.0,1.2,0.0,1.1227015555950202,946.0548799543233,False,settled
b,blue_ramp,ramp,0.0,1.2,0.0,1.3338773599547489,884.1391413687309,False,settled
b,blue_ramp,ramp,0.0,1.2,0.0,1.4952880149401304,842.1701947916102,False,settled
b,blue_ramp,ramp,0.0,1.2,0.0,1.2510490055206294,904.4090055396881,False,settled
b,blue_ramp,ramp,0.0,1.2,0.0,1.1141868662290975,952.952237789029,False,settled
b,blue_ramp,ramp,0.0,1.2,0.0,1.0386331242777607,978.2530386000741,False,settled
b,blue_ramp,ramp,0.0,1.2,0.0,1.6871463159872004,793.2429092947931,False,settled
b,blue_ramp,ramp,0.0,1.2,0.0,1.6823675221650831,794.5815472868002,False,settled
b,blue_ramp,ramp,0.0,1.2,0.0,1.4715876742985783,844.9465513920906,False,settled
b,blue_ramp,ramp,0.0,1.2,0.0,1.22472722025921,915.5758460814834,False,settled
b,blue_ramp,ramp,0.0,1.2,0.0,0.7579963065156802,1076.7458056025341,False,settled
b,blue_ramp,ramp,0.0,1.2,0.0,1.1480616823769014,937.6745727128936,False,settled
b,blue_ramp,ramp,0.0,1.2,0.0,1.3367965877603958,881.2544898327982,False,settled
b,blue_ramp,ramp,0.0,1.2,0.0,1.420330616483484,858.6368121069165,False,settled
b,blue_ramp,ramp,0.0,1.2,0.0,0.9611314177618613,998.7822703689307,False,settled
b,blue_ramp,ramp,0.0,1.2,0.0,1.146999608459231,937.986254107523,False,settled
b,blue_ramp,ramp,0.0,1.2,0.0,1.0244321015342484,979.6323333066161,False,settled
b,blue_ramp,ramp,0.0,1.2,0.0,0.8495881425471544,1038.5112428244047,False,settled
b,blue_ramp,ramp,0.0,1.2,0.0,1.1197660302403725,948.4849524206437,False,settled
b,blue_ramp,ramp,0.0,1.2,0.0,1.200604433057619,920.2374625479314,False,settled
b,blue_ramp,ramp,0.0,1.2,0.0,0.9165965114627697,1022.982529442286,False,settled
b,blue_ramp,ramp,0.0,1.2,0.0,1.2754427282913126,902.6178645621658,False,settled
b,blue_ramp,ramp,0.0,1.2,0.0,0.8541080852536039,1049.1596339292976,False,settled
b,blue_ramp,ramp,0.0,1.2,0.0,1.451166390185382,847.238913137234,False,settled
b,blue_ramp,ramp,0.0,1.2,0.0,0.7322454033350813,1085.6921871866878,False,settled
b,blue_ramp,ramp,0.0,1.2,0.0,1.0320215423623877,973.7431323427995,False,settled
b,blue_ramp,ramp,0.0,1.2,0.0,1.1311843026509056,947.5530155920954,False,settled
b,blue_ramp,ramp,0.0,1.2,0.0,0.9346671041717736,1018.1665571039902,False,settled
b,blue_ramp,ramp,0.0,1.2,0.0,1.3448953500918672,879.113903052136,False,settled
b,blue_ramp,ramp,0.0,1.2,0.0,0.9227183188478512,1020.4119075456535,False,settled
b,blue_ramp,ramp,0.0,1.2,0.0,0.9305630424481147,1018.9376587045144,False,settled
b,blue_ramp,ramp,0.0,1.2,0.0,0.8412140350388996,1044.8735963552858,False,settled
b,blue_ramp,ramp,0.0,1.2,0.0,1.3125890825111737,889.4206051280136,False,settled
b,blue_ramp,ramp,0.0,1.2,0.0,0.7533614711482185,1080.664664095445,False,settled
b,blue_ramp,ramp,0.0,1.2,0.0,0.8290625406808866,1054.3601460259233,False,settled
b,blue_ramp,ramp,0.0,1.2,0.0,1.2943134731898114,891.8058546144276,False,settled
b,blue_ramp,ramp,0.0,1.2,0.0,0.8772320042305692,1029.1439909586422,False,settled
b,blue_ramp,ramp,0.0,1.2,0.0,1.1388473102327106,941.3531827894041,False,settled
b,blue_ramp,ramp,0.0,1.2,0.0,1.037866261728547,978.8861124762533,False,settled
b,blue_ramp,ramp,0.0,1.2,0.0,0.8910125188249234,1030.8844687985327,False,settled
b,blue_ramp,ramp,0.0,1.2,0.0,1.1422064952012956,939.3931920916519,False,settled
b,blue_ramp,ramp,0.0,1.2,0.0,1.1389797789939244,941.2420023096716,False,settled
b,blue_ramp,ramp,0.0,1.2,0.0,1.2897639733133357,895.90624684246,False,settled
b,blue_ramp,ramp,0.0,1.2,0.0,0.7836594427276459,1076.6759609323015,False,settled
b,blue_ramp,ramp,0.0,1.2,0.0,1.114790517508888,952.4380927402251,False,settled
b,blue_ramp,ramp,0.0,1.2,0.0,0.9194004171627673,1021.0309096771923,False,settled
b,blue_ramp,ramp,0.0,1.2,0.0,0.9424711359740169,1013.4759346128948,False,settled
b,blue_ramp,ramp,0.0,1.2,0.0,1.0330840469657288,972.9847301045514,False,settled
b,blue_ramp,ramp,0.0,1.2,0.0,1.286273300990605,899.1143795505964,False,settled
b,blue_ramp,ramp,0.0,1.2,0.0,0.9540087042089875,1004.1789478712911,False,settled
b,blue_ramp,ramp,0.0,1.2,0.0,1.4226190757916748,856.2062959697365,False,settled
b,blue_ramp,ramp,0.0,1.2,0.0,0.8081634632015792,1056.7097801371283,False,settled
b,blue_ramp,ramp,0.0,1.2,0.0,1.1114090549921054,946.5911169043852,False,settled
b,blue_ramp,ramp,0.0,1.2,0.0,0.9341918142584391,1018.2558586854076,False,settled
b,blue_ramp,ramp,0.0,1.2,0.0,1.3017683215303946,891.1932201243376,False,settled
b,blue_ramp,ramp,0.0,1.2,0.0,0.6880610840912003,1113.2360171302548,False,settled
b,blue_ramp,ramp,0.0,1.2,0.0,1.350068332895444,879.7302795985729,False,settled
b,blue_ramp,ramp,0.0,1.2,0.0,0.7552622456426816,1077.1504407028788,False,settled
b,blue_ramp,ramp,0.0,1.2,0.0,1.4398093164681955,851.1034098056338,False,settled
b,blue_ramp,ramp,0.0,1.2,0.0,1.4905592358796196,842.6969945015119,False,settled
b,blue_ramp,ramp,0.0,1.2,0.0,1.0667043226951536,967.391589804225,False,settled
b,blue_ramp,ramp,0.0,1.2,0.0,1.2440382277586766,910.768591439084,False,settled
b,blue_ramp,ramp,0.0,1.2,0.0,0.8592287672327271,1035.4868165020564,False,settled
b,blue_ramp,ramp,0.0,1.2,0.0,1.282118887643671,896.3805306597526,False,settled
b,blue_ramp,ramp,0.0,1.2,0.0,1.5613551401789767,825.920204302344,False,settled
b,blue_ramp,ramp,0.0,1.2,0.0,0.7034102924573561,1104.3585405253282,False,settled
b,blue_ramp,ramp,0.0,1.2,0.0,1.6889861413316654,790.7232006367415,False,settled
b,blue_ramp,ramp,0.0,1.2,0.0,0.7931616111827605,1072.3704874456068,False,settled
b,blue_ramp,ramp,0.0,1.2,0.0,1.3569897324041122,873.1781141561192,False,settled
b,blue_ramp,ramp,0.0,1.2,0.0,1.1521160017282341,936.4863844530237,False,settled
b,blue_ramp,ramp,0.0,1.2,0.0,1.6605917724549437,801.325527375433,False,settled
b,blue_ramp,ramp,0.0,1.2,0.0,1.3063082067002287,893.2553106600285,False,settled
b,blue_ramp,ramp,0.0,1.2,0.0,0.9039452247752693,1020.6203849007643,False,settled
b,blue_ramp,ramp,0.0,1.2,0.0,1.0436880843213323,974.0831532433841,False,settled
b,blue_ramp,ramp,0.0,1.2,0.0,0.9453442683544018,1011.1475582111617,False,settled
b,blue_ramp,ramp,0.0,1.2,0.0,1.6058883298555107,815.3690783457894,False,settled
b,blue_ramp,ramp,0.0,1.2,0.0,0.9262866265446724,1019.7413567020674,False,settled
b,blue_ramp,ramp,0.0,1.2,0.0,1.6862628332764495,792.2463803142424,False,settled
b,blue_ramp,ramp,0.0,1.2,0.0,0.9001406786940315,1023.6276723816111,False,settled
b,blue_ramp,ramp,0.0,1.2,0.0,1.1245804215008979,944.5662739717595,False,settled
b,blue_ramp,ramp,0.0,1.2,0.0,0.974456146901768,999.0652994142083,False,settled
b,blue_ramp,ramp,0.0,1.2,0.0,0.7908796632975087,1072.6712870583938,False,settled
b,blue_ramp,ramp,0.0,1.2,0.0,1.2450745482620158,909.821269861013,False,settled
b,blue_ramp,ramp,0.0,1.2,0.0,1.3151058621691092,888.3615164520764,False,settled
b,blue_ramp,ramp,0.0,1.2,0.0,1.2789617605036099,899.3271804772022,False,settled
b,blue_ramp,ramp,0.0,1.2,0.0,0.6872800726925887,1117.6031085886018,False,settled
b,blue_ramp,ramp,0.0,1.2,0.0,1.1717778174041311,929.3822663640743,False,settled
b,blue_ramp,ramp,0.0,1.2,0.0,0.9199849909813923,1020.9256422174515,False,settled
b,blue_ramp,ramp,0.0,1.2,0.0,1.2119668329778301,918.0167666440328,False,settled
b,blue_ramp,ramp,0.0,1.2,0.0,1.5455582977170819,830.8275069483024,False,settled
b,blue_ramp,ramp,0.0,1.2,0.0,0.8870711842301489,1034.0334080753266,False,settled
b,blue_ramp,ramp,0.0,1.2,0.0,1.141220373528867,939.6828850632081,False,settled
b,blue_ramp,ramp,0.0,1.2,0.0,0.7317539777566989,1100.112664014536,False,settled
b,blue_ramp,ramp,0.0,1.2,0.0,1.0322363543363422,973.5687765083845,False,settled
b,blue_ramp,ramp,0.0,1.2,0.0,0.8034972473259048,1057.176450257105,False,settled
b,blue_ramp,ramp,0.0,1.2,0.0,1.647275602612231,805.6678798218177,False,settled
b,blue_ramp,ramp,0.0,1.2,0.0,1.3684172473865,872.4201767349803,False,settled
b,blue_ramp,ramp,0.0,1.2,0.0,1.5280550137020288,834.4394229584385,False,settled
b,blue_ramp,ramp,0.0,1.2,0.0,1.37920027420227,867.2090902321116,False,settled
b,blue_ramp,ramp,0.0,1.2,0.0,1.1933106624938268,926.554854471365,False,settled
b,blue_ramp,ramp,0.0,1.2,0.0,1.5521418558562023,827.3913200674888,False,settled
b,blue_ramp,ramp,0.0,1.2,0.0,1.387831033451396,868.7291789192757,False,settled
b,blue_ramp,ramp,0.0,1.2,0.0,1.4305237617149522,856.6363676914009,False,settled
b,blue_ramp,ramp,0.0,1.2,0.0,1.3946003977607893,866.8547873106403,False,settled
b,blue_ramp,ramp,0.0,1.2,0.0,1.44514188001881,849.6265654439045,False,settled
b,blue_ramp,ramp,0.0,1.2,0.0,1.259334625052474,903.8325487810895,False,settled
b,blue_ramp,ramp,0.0,1.2,0.0,1.5574179309162322,826.8565439157304,False,settled
b,blue_ramp,ramp,0.0,1.2,0.0,0.7638177259341771,1076.8328775580605,False,settled
b,blue_ramp,ramp,0.0,1.2,0.0,1.1924698379202725,927.2981448268004,False,settled
b,blue_ramp,ramp,0.0,1.2,0.0,0.9144917083078091,1024.6513860932805,False,settled
b,blue_ramp,ramp,0.0,1.2,0.0,1.2744665880080637,896.8106248676754,False,settled
b,blue_ramp,ramp,0.0,1.2,0.0,1.3788977309044672,867.509704954136,False,settled
b,blue_ramp,ramp,0.0,1.2,0.0,0.9492522019591614,1008.0027767966031,False,settled
b,blue_ramp,ramp,0.0,1.2,0.0,1.3818906867474032,869.561227161884,False,settled
b,blue_ramp,ramp,0.0,1.2,0.0,1.0224728519023938,981.2347907065777,False,settled
b,blue_ramp,ramp,0.0,1.2,0.0,1.5003708572881644,840.7313120464067,False,settled
b,blue_ramp,ramp,0.0,1.2,0.0,1.2572077506272976,905.7905001517427,False,settled
b,blue_ramp,ramp,0.0,1.2,0.0,1.0134100786826108,988.6758866400291,False,settled
b,blue_ramp,ramp,0.0,1.2,0.0,1.6139045405854315,812.8925272059081,False,settled
b,blue_ramp,ramp,0.0,1.2,0.0,0.8643081101895802,1034.8037485999873,False,settled
b,blue_ramp,ramp,0.0,1.2,0.0,1.0016185463213647,985.1445511407403,False,settled
b,blue_ramp,ramp,0.0,1.2,0.0,0.8656487845746305,1034.5183588002217,False,settled
b,blue_ramp,ramp,0.0,1.2,0.0,0.8713794047597768,1033.6851657421594,False,settled
b,blue_ramp,ramp,0.0,1.2,0.0,0.847107605926127,1040.31792105671,False,settled
b,blue_ramp,ramp,0.0,1.2,0.0,1.1709614591388227,929.9961709315971,False,settled
b,blue_ramp,ramp,0.0,1.2,0.0,1.3771958765477872,869.2892357504146,False,settled
b,blue_ramp,ramp,0.0,1.2,0.0,0.8639574250368505,1034.8555437938753,False,settled
b,blue_ramp,ramp,0.0,1.2,0.0,1.5209957705808534,836.0569836143012,False,settled
b,blue_ramp,ramp,0.0,1.2,0.0,1.4462931066268874,848.4304041020432,False,settled
b,blue_ramp,ramp,0.0,1.2,0.0,1.4937200189384525,842.7040161599147,False,settled
b,blue_ramp,ramp,0.0,1.2,0.0,1.0634266848593208,968.2303687478101,False,settled
b,blue_ramp,ramp,0.0,1.2,0.0,0.9293040207421828,1019.1742107354012,False,settled
b,blue_ramp,ramp,0.0,1.2,0.0,1.6464875293355168,805.6301952450495,False,settled
b,blue_ramp,ramp,0.0,1.2,0.0,0.7145873655110856,1104.2859888953374,False,settled
b,blue_ramp,ramp,0.0,1.2,0.0,1.6162004866537645,813.0199874043716,False,settled
b,blue_ramp,ramp,0.0,1.2,0.0,0.7326977527102436,1085.7822465615545,False,settled
b,blue_ramp,ramp,0.0,1.2,0.0,1.47056461237372,848.065975457266,False,settled
b,blue_ramp,ramp,0.0,1.2,0.0,1.2461210749669822,908.8645947301811,False,settled
b,blue_ramp,ramp,0.0,1.2,0.0,1.0515422254406592,968.0398380941882,False,settled
b,blue_ramp,ramp,0.0,1.2,0.0,1.3242640134761585,887.5612118464035,False,settled
b,blue_ramp,ramp,0.0,1.2,0.0,0.9607891384821067,999.0519428334185,False,settled
b,blue_ramp,ramp,0.0,1.2,0.0,1.3018245212652289,891.1403351188936,False,settled
b,blue_ramp,ramp,0.0,1.2,0.0,1.039698523406768,977.3733474469178,False,settled
b,blue_ramp,ramp,0.0,1.2,0.0,1.1982059264842766,922.2496663819409,False,settled
b,blue_ramp,ramp,0.0,1.2,0.0,1.3440325682811858,879.9734936467895,False,settled
b,blue_ramp,ramp,0.0,1.2,0.0,0.88467863336712,1035.9528149512166,False,settled
b,blue_ramp,ramp,0.0,1.2,0.0,1.0897910339127237,955.3997611392722,False,settled
b,blue_ramp,ramp,0.0,1.2,0.0,1.0966605884179312,958.6257530121997,False,settled
b,blue_ramp,ramp,0.0,1.2,0.0,1.461051778397458,849.30154133312,False,settled
b,blue_ramp,ramp,0.0,1.2,0.0,0.8496556237586763,1038.4593419952973,False,settled
b,blue_ramp,ramp,0.0,1.2,0.0,0.8031276982017105,1057.2240887414196,False,settled
b,blue_ramp,ramp,0.0,1.2,0.0,0.9972372449873583,986.059069466454,False,settled
b,blue_ramp,ramp,0.0,1.2,0.0,1.3340584003180787,883.9598545846274,False,settled
b,blue_ramp,ramp,0.0,1.2,0.0,1.2277945637437961,914.5020129830309,False,settled
b,blue_ramp,ramp,0.0,1.2,0.0,1.6307856112179888,808.6291102493974,False,settled
b,blue_ramp,ramp,0.0,1.2,0.0,0.7250708281627958,1092.9454657808303,False,settled
b,blue_ramp,ramp,0.0,1.2,0.0,1.394806773378158,866.6363511940917,False,settled
b,blue_ramp,ramp,0.0,1.2,0.0,1.3301533266923,881.8043698475877,False,settled
b,blue_ramp,ramp,0.0,1.2,0.0,0.8775084531134013,1028.9264393330855,False,settled
b,blue_ramp,ramp,0.0,1.2,0.0,1.3462233915600166,877.7907287327452,False,settled
b,blue_ramp,ramp,0.0,1.2,0.0,1.1090937924427136,948.4615837439621,False,settled
b,blue_ramp,ramp,0.0,1.2,0.0,0.8325829734002927,1051.606845749121,False,settled
b,blue_ramp,ramp,0.0,1.2,0.0,0.6982440840687092,1114.539125895412,False,settled
b,blue_ramp,ramp,0.0,1.2,0.0,1.0163858286833236,986.2218743288903,False,settled
b,blue_ramp,ramp,0.0,1.2,0.0,0.9966367011151741,986.188008098905,False,settled
b,blue_ramp,ramp,0.0,1.2,0.0,1.4045706072401118,864.1211658591351,False,settled
b,blue_ramp,ramp,0.0,1.2,0.0,1.2494326132206175,905.8560329104105,False,settled
b,blue_ramp,ramp,0.0,1.2,0.0,1.4729314765122423,848.0031218933215,False,settled
b,blue_ramp,ramp,0.0,1.2,0.0,0.8767514083906228,1029.5949159420063,False,settled
b,blue_ramp,ramp,0.0,1.2,0.0,1.64675967262027,804.8005313250848,False,settled
b,blue_ramp,ramp,0.0,1.2,0.0,0.7956508998643642,1072.0422401141573,False,settled
b,blue_ramp,ramp,0.0,1.2,0.0,1.1847089090422942,926.1560545093369,False,settled
b,blue_ramp,ramp,0.0,1.2,0.0,1.2314635629842314,913.2178714060824,False,settled
b,blue_ramp,ramp,0.0,1.2,0.0,1.1011267307299806,954.8617217584947,False,settled
b,blue_ramp,ramp,0.0,1.2,0.0,1.515266705633514,837.8213226426963,False,settled
b,blue_ramp,ramp,0.0,1.2,0.0,1.591435856240336,818.4413588424981,False,settled
b,blue_ramp,ramp,0.0,1.2,0.0,0.7999159848972803,1057.7063867974043,False,settled
b,blue_ramp,ramp,0.0,1.2,0.0,1.3410803502274078,877.3789921053409,False,settled
b,blue_ramp,ramp,0.0,1.2,0.0,1.4506538313002315,847.8161371209412,False,settled
b,blue_ramp,ramp,0.0,1.2,0.0,0.9921705581389312,987.2223366730997,False,settled
b,blue_ramp,ramp,0.0,1.2,0.0,0.8552016956586685,1036.194493970045,False,settled
b,blue_ramp,ramp,0.0,1.2,0.0,1.2996522333565572,893.1814996374651,False,settled
b,blue_ramp,ramp,0.0,1.2,0.0,0.8010714683558581,1057.5634721468887,False,settled
b,blue_ramp,ramp,0.0,1.2,0.0,0.7624652111670385,1077.4882229117782,False,settled
b,blue_ramp,ramp,0.0,1.2,0.0,1.1709769863707953,929.9827704884309,False,settled
b,blue_ramp,ramp,0.0,1.2,0.0,1.0474704620083757,971.2769230952584,False,settled
b,blue_ramp,ramp,0.0,1.2,0.0,1.3084707877583057,891.1911279789958,False,settled
b,blue_ramp,ramp,0.0,1.2,0.0,0.7202884024411095,1100.3992983715375,False,settled
b,blue_ramp,ramp,0.0,1.2,0.0,1.0505741452276176,968.8925837025624,False,settled
b,blue_ramp,ramp,0.0,1.2,0.0,1.5475250888304473,828.9413538627513,False,settled
b,blue_ramp,ramp,0.0,1.2,0.0,0.977493535676689,996.70860578259,False,settled
b,blue_ramp,ramp,0.0,1.2,0.0,1.1594021438058602,931.7008924662711,False,settled
b,blue_ramp,ramp,0.0,1.2,0.0,0.8574900419190091,1035.7498972680237,False,settled
b,blue_ramp,ramp,0.0,1.2,0.0,1.6740474701644028,798.5139343536133,False,settled
b,blue_ramp,ramp,0.0,1.2,0.0,1.206662205373845,922.6316395506074,False,settled
b,blue_ramp,ramp,0.0,1.2,0.0,1.6408082084945417,806.9376055076608,False,settled
b,blue_ramp,ramp,0.0,1.2,0.0,1.3395591866924068,878.8212495555372,False,settled
b,blue_ramp,ramp,0.0,1.2,0.0,1.5592943060555438,825.9709723532562,False,settled
b,blue_ramp,ramp,0.0,1.2,0.0,1.3797287408375345,866.7800099527038,False,settled
b,blue_ramp,ramp,0.0,1.2,0.0,1.6674922475290355,800.3813626973638,False,settled
b,blue_ramp,ramp,0.0,1.2,0.0,0.8511645361223247,1050.1556539470898,False,settled
b,blue_ramp,ramp,0.0,1.2,0.0,1.2819128614825834,896.572809959224,False,settled
b,blue_ramp,ramp,0.0,1.2,0.0,1.3427250238051613,881.2764184898252,False,settled
b,blue_ramp,ramp,0.0,1.2,0.0,0.7719056763478896,1071.4902009841812,False,settled
b,blue_ramp,ramp,0.0,1.2,0.0,0.8141460054207,1052.3635042763171,False,settled
b,blue_ramp,ramp,0.0,1.2,0.0,0.7723087625352579,1071.19904750688,False,settled
b,blue_ramp,ramp,0.0,1.2,0.0,0.7012216474799633,1107.9399947037296,False,settled
b,blue_ramp,ramp,0.0,1.2,0.0,1.5102177810697932,837.1437338492992,False,settled
b,blue_ramp,ramp,0.0,1.2,0.0,0.7106693427547786,1105.4676504938268,False,settled
b,blue_ramp,ramp,0.0,1.2,0.0,0.6942589659252068,1117.4888737842537,False,settled
b,blue_ramp,ramp,0.0,1.2,0.0,1.488641340697704,845.1984815909125,False,settled
b,blue_ramp,ramp,0.0,1.2,0.0,1.4548118041118403,847.527294241559,False,settled
b,blue_ramp,ramp,0.0,1.2,0.0,1.3320245166816027,880.3611759800981,False,settled
b,blue_ramp,ramp,0.0,1.2,0.0,1.6504741980329365,803.9555274119313,False,settled
b,blue_ramp,ramp,0.0,1.2,0.0,0.7131572824261221,1099.3864830160574,False,settled
b,blue_ramp,ramp,0.0,1.2,0.0,0.8419423185063007,1044.3083535424112,False,settled
b,blue_ramp,ramp,0.0,1.2,0.0,1.4673188552144052,845.746289436375,False,settled
b,blue_ramp,ramp,0.0,1.2,0.0,1.6463784370125698,805.4066792820798,False,settled
b,blue_ramp,ramp,0.0,1.2,0.0,1.560948791243083,826.599626044693,False,settled
b,blue_ramp,ramp,0.0,1.2,0.0,1.086614811780544,957.948385134125,False,settled
b,blue_ramp,ramp,0.0,1.2,0.0,1.1883089551758492,923.046331963688,False,settled
b,blue_ramp,ramp,0.0,1.2,0.0,0.8532866980044805,1049.2938191874034,False,settled
b,blue_ramp,ramp,0.0,1.2,0.0,1.3677607799615148,873.0915496790226,False,settled
b,blue_ramp,ramp,0.0,1.2,0.0,0.821442879604462,1060.0970121755024,False,settled
b,blue_ramp,ramp,0.0,1.2,0.0,0.8253119492886049,1057.2943280212335,False,settled
b,blue_ramp,ramp,0.0,1.2,0.0,0.9348442600952316,1018.1332714771584,False,settled
b,blue_ramp,ramp,0.0,1.2,0.0,0.8482368119268419,1039.4482432899715,False,settled
b,blue_ramp,ramp,0.0,1.2,0.0,0.8978082202218066,1025.4723492765531,False,settled
b,blue_ramp,ramp,0.0,1.2,0.0,0.7108411416927877,1106.8306589593628,False,settled
b,blue_ramp,ramp,0.0,1.2,0.0,1.6788716776423116,795.3293422911929,False,settled
b,blue_ramp,ramp,0.0,1.2,0.0,1.6258490864132629,809.4328984194633,False,settled
b,blue_ramp,ramp,0.0,1.2,0.0,1.0409173161802012,976.3672649874005,False,settled
b,blue_ramp,ramp,0.0,1.2,0.0,1.4496135929483565,849.0837474127653,False,settled
b,blue_ramp,ramp,0.0,1.2,0.0,0.831377625338293,1052.5497356694675,False,settled
b,blue_ramp,ramp,0.0,1.2,0.0,1.585777577614509,820.0750487381277,False,settled
b,blue_ramp,ramp,0.0,1.2,0.0,0.8406140668665256,1045.33924643559,False,settled
b,blue_ramp,ramp,0.0,1.2,0.0,1.258105412937017,904.9641275519659,False,settled
b,blue_ramp,ramp,0.0,1.2,0.0,0.949722868634987,1007.6243998574831,False,settled
b,blue_ramp,ramp,0.0,1.2,0.0,0.7658054462714923,1075.6296387557247,False,settled
b,blue_ramp,ramp,0.0,1.2,0.0,0.7354325622513929,1086.0235958664077,False,settled
b,blue_ramp,ramp,0.0,1.2,0.0,0.878681867156568,1028.0134803109256,False,settled
b,blue_ramp,ramp,0.0,1.2,0.0,0.8705196230792422,1033.8103220043693,False,settled
b,blue_ramp,ramp,0.0,1.2,0.0,0.9783277094233818,996.0507174374136,False,settled
b,blue_ramp,ramp,0.0,1.2,0.0,0.8684013563001898,1034.1181292792014,False,settled
b,blue_ramp,ramp,0.0,1.2,0.0,1.2031933326301851,918.0116755885521,False,settled
b,blue_ramp,ramp,0.0,1.2,0.0,0.7585914691307327,1077.0328159598737,False,settled
b,blue_ramp,ramp,0.0,1.2,0.0,1.1538564199047694,935.9826179326501,False,settled
b,blue_ramp,ramp,0.0,1.2,0.0,0.9324382816057826,1018.5853262731647,False,settled
b,blue_ramp,ramp,0.0,1.2,0.0,1.5552133729255717,826.9743912882501,False,settled
b,blue_ramp,ramp,0.0,1.2,0.0,0.7990078830609001,1057.7549340715434,False,settled
b,blue_ramp,ramp,0.0,1.2,0.0,1.5792377908332222,821.9021376102603,False,settled
b,blue_ramp,ramp,0.0,1.2,0.0,0.7919071395962697,1072.5359458334945,False,settled
b,blue_ramp,ramp,0.0,1.2,0.0,1.5987106828576843,816.8076664399252,False,settled
b,blue_ramp,ramp,0.0,1.2,0.0,1.275446872649785,902.613963193891,False,settled
b,blue_ramp,ramp,0.0,1.2,0.0,1.2241599960692133,915.774447893167,False,settled
b,blue_ramp,ramp,0.0,1.2,0.0,1.6427372943898084,806.3606514112648,False,settled
b,blue_ramp,ramp,0.0,1.2,0.0,0.9455355344735511,1010.9925558015395,False,settled
b,blue_ramp,ramp,0.0,1.2,0.0,1.2333258426067233,912.5661908195249,False,settled
b,blue_ramp,ramp,0.0,1.2,0.0,0.9956638759149558,986.3910962351191,False,settled
b,blue_ramp,ramp,0.0,1.2,0.0,0.8946642812810804,1027.97618580693,False,settled
b,blue_ramp,ramp,0.0,1.2,0.0,1.5147474464519095,837.2348993597109,False,settled
b,blue_ramp,ramp,0.0,1.2,0.0,1.128584587891346,941.3736941042406,False,settled
b,blue_ramp,ramp,0.0,1.2,0.0,0.8473553440889344,1040.125767523173,False,settled
b,blue_ramp,ramp,0.0,1.2,0.0,0.8116401469751523,1054.203660786861,False,settled
b,blue_ramp,ramp,0.0,1.2,0.0,1.107545554671377,949.8291572413888,False,settled
b,blue_ramp,ramp,0.0,1.2,0.0,0.9010369512158456,1022.9190732122139,False,settled
b,blue_ramp,ramp,0.0,1.2,0.0,1.2810974117530054,897.3338398294962,False,settled
b,blue_ramp,ramp,0.0,1.2,0.0,1.588855508411039,820.4031567788353,False,settled
b,blue_ramp,ramp,0.0,1.2,0.0,1.4211099291422689,857.7781914504345,False,settled
b,blue_ramp,ramp,0.0,1.2,0.0,0.8814310349998828,1038.3094307370607,False,settled
b,blue_ramp,ramp,0.0,1.2,0.0,1.0164912972844522,986.1348962780792,False,settled
b,blue_ramp,ramp,0.0,1.2,0.0,1.3477667915050873,876.5384620563299,False,settled
b,blue_ramp,ramp,0.0,1.2,0.0,1.6495262741557026,804.0654019582838,False,settled
b,blue_ramp,ramp,0.0,1.2,0.0,1.2935245187766864,892.5364663543255,False,settled
b,blue_ramp,ramp,0.0,1.2,0.0,1.5141836029904157,838.0186775674094,False,settled
b,blue_ramp,ramp,0.0,1.2,0.0,0.9650333286826855,1006.7086712085754,False,settled
b,blue_ramp,ramp,0.0,1.2,0.0,0.7978048190166379,1071.7583869766588,False,settled
b,blue_ramp,ramp,0.0,1.2,0.0,0.7697570081927089,1073.0129232786312,False,settled
b,blue_ramp,ramp,0.0,1.2,0.0,0.905197651472314,1019.6794330903571,False,settled
b,blue_ramp,ramp,0.0,1.2,0.0,1.3176616104691805,887.2862075061144,False,settled
b,blue_ramp,ramp,0.0,1.2,0.0,1.5926956271033657,819.0210420318311,False,settled
b,blue_ramp,ramp,0.0,1.2,0.0,0.8581049239805655,1035.6533020732754,False,settled
b,blue_ramp,ramp,0.0,1.2,0.0,0.8138771590764131,1052.5716977583013,False,settled
b,blue_ramp,ramp,0.0,1.2,0.0,1.3487017749141508,875.7139963407125,False,settled
b,blue_ramp,ramp,0.0,1.2,0.0,1.0717119583140418,966.1105582308097,False,settled
b,blue_ramp,ramp,0.0,1.2,0.0,1.0345385936689697,981.634773688715,False,settled
b,blue_ramp,ramp,0.0,1.2,0.0,0.7959202417323206,1072.006706373179,False,settled
b,blue_ramp,ramp,0.0,1.2,0.0,0.8616614745240203,1035.1223283731624,False,settled
b,blue_ramp,ramp,0.0,1.2,0.0,1.0250132281883941,979.1570281949765,False,settled
b,blue_ramp,ramp,0.0,1.2,0.0,1.2206811050964144,917.8916793693672,False,settled
b,blue_ramp,ramp,0.0,1.2,0.0,1.2321347031664442,912.9830146674258,False,settled
b,blue_ramp,ramp,0.0,1.2,0.0,0.7479434847312155,1087.067124909277,False,settled
b,blue_ramp,ramp,0.0,1.2,0.0,1.0905055587137447,954.7301774242112,False,settled
b,blue_ramp,ramp,0.0,1.2,0.0,1.4300407153352295,852.8284023620301,False,settled
b,blue_ramp,ramp,0.0,1.2,0.0,0.7492041866833751,1087.987536776204,False,settled
b,blue_ramp,ramp,0.0,1.2,0.0,1.0292289474136191,976.0840769543086,False,settled
b,blue_ramp,ramp,0.0,1.2,0.0,0.741187745625454,1087.8205809444594,False,settled
b,blue_ramp,ramp,0.0,1.2,0.0,1.5603457760909867,825.3688134758328,False,settled
b,blue_ramp,ramp,0.0,1.2,0.0,0.7180733257105257,1097.4528854860755,False,settled
b,blue_ramp,ramp,0.0,1.2,0.0,1.3562580481579274,873.8015317114962,False,settled
b,blue_ramp,ramp,0.0,1.2,0.0,0.7051434060786577,1100.136348735682,False,settled
b,blue_ramp,ramp,0.0,1.2,0.0,1.2002648133421414,920.5351702344954,False,settled
b,blue_ramp,ramp,0.0,1.2,0.0,0.6931576995389017,1113.1643508933084,False,settled
b,blue_ramp,ramp,0.0,1.2,0.0,1.3171498751736508,887.5014756022009,False,settled
b,blue_ramp,ramp,0.0,1.2,0.0,0.9942037180660649,986.6959630685352,False,settled
b,blue_ramp,ramp,0.0,1.2,0.0,1.5696486039814836,822.9399290715961,False,settled
b,blue_ramp,ramp,0.0,1.2,0.0,0.731666565950896,1100.0034646973245,False,settled
b,blue_ramp,ramp,0.0,1.2,0.0,1.4414627509609261,853.5671601527347,False,settled
b,blue_ramp,ramp,0.0,1.2,0.0,1.0379073285506866,978.8522103879627,False,settled
b,blue_ramp,ramp,0.0,1.2,0.0,1.1698666833378317,930.9410881540142,False,settled
b,blue_ramp,ramp,0.0,1.2,0.0,0.8994188302060729,1024.1982282392923,False,settled
b,blue_ramp,ramp,0.0,1.2,0.0,0.7250689156186518,1092.93676694132,False,settled
b,blue_ramp,ramp,0.0,1.2,0.0,1.1530971712527285,936.2023835574582,False,settled
b,blue_ramp,ramp,0.0,1.2,0.0,0.7391330332966188,1084.9551592913606,False,settled
b,blue_ramp,ramp,0.0,1.2,0.0,0.7863064013606348,1074.777000143386,False,settled
b,blue_ramp,ramp,0.0,1.2,0.0,1.4027853020125434,860.3703854657716,False,settled
b,blue_ramp,ramp,0.0,1.2,0.0,1.1872139076019663,923.9944240237173,False,settled
b,blue_ramp,ramp,0.0,1.2,0.0,1.003657212685071,984.7964774227592,False,settled
b,blue_ramp,ramp,0.0,1.2,0.0,1.2834405181069364,895.2364219223595,False,settled
b,blue_ramp,ramp,0.0,1.2,0.0,1.2823356657203766,896.178215768395,False,settled
b,blue_ramp,ramp,0.0,1.2,0.0,1.0648720367909612,967.8605582676362,False,settled
b,blue_ramp,ramp,0.0,1.2,0.0,0.6968289793712553,1102.1388786496104,False,settled
b,blue_ramp,ramp,0.0,1.2,0.0,1.24555944667415,909.3780063088906,False,settled
b,blue_ramp,ramp,0.0,1.2,0.0,0.7306525072590724,1098.7267692765463,False,settled
b,blue_ramp,ramp,0.0,1.2,0.0,0.7172523843791608,1094.4069018838097,False,settled
b,blue_ramp,ramp,0.0,1.2,0.0,0.8967333946144657,1026.3283980583756,False,settled
b,blue_ramp,ramp,0.0,1.2,0.0,0.9970874653284745,986.0939008465111,False,settled
b,blue_ramp,ramp,0.0,1.2,0.0,1.2782611132236186,899.9812631694648,False,settled
b,blue_ramp,ramp,0.0,1.2,0.0,0.9882276473325311,988.6322708666944,False,settled
b,blue_ramp,ramp,0.0,1.2,0.0,1.4427500416312578,852.343425046293,False,settled
b,blue_ramp,ramp,0.0,1.2,0.0,0.9695922760034223,1003.0066367877989,False,settled
b,blue_ramp,ramp,0.0,1.2,0.0,1.0009936381930866,985.2749409889558,False,settled
b,blue_ramp,ramp,0.0,1.2,0.0,1.3914760381836462,865.2695821500791,False,settled
b,blue_ramp,ramp,0.0,1.2,0.0,1.3689609146988668,871.8641539323255,False,settled
b,blue_ramp,ramp,0.0,1.2,0.0,1.1678496145761803,932.6822649281702,False,settled
b,blue_ramp,ramp,0.0,1.2,0.0,1.0925417443332124,953.145572930735,False,settled
b,blue_ramp,ramp,0.0,1.2,0.0,1.6063237428887787,814.4306161794829,False,settled
b,blue_ramp,ramp,0.0,1.2,0.0,1.6443735246735034,806.4990783319287,False,settled
b,blue_ramp,ramp,0.0,1.2,0.0,0.7269136174429451,1095.168604183851,False,settled
b,blue_ramp,ramp,0.0,1.2,0.0,1.4400087535535835,850.8785318160085,False,settled
b,blue_ramp,ramp,0.0,1.2,0.0,1.3531778121328848,876.6122254932152,False,settled
b,blue_ramp,ramp,0.0,1.2,0.0,1.4165059983286514,858.0331277529204,False,settled
b,blue_ramp,ramp,0.0,1.2,0.0,1.6241396797834993,810.991663001371,False,settled
b,blue_ramp,ramp,0.0,1.2,0.0,0.8889408939745408,1032.534106452769,False,settled
b,blue_ramp,ramp,0.0,1.2,0.0,1.6564233125041106,803.3690561876091,False,settled
b,blue_ramp,ramp,0.0,1.2,0.0,1.1014199744370914,954.6161071033591,False,settled
b,blue_ramp,ramp,0.0,1.2,0.0,1.552118009651551,827.3925258972333,False,settled
b,blue_ramp,ramp,0.0,1.2,0.0,1.379686217421778,866.8165859725258,False,settled
b,blue_ramp,ramp,0.0,1.2,0.0,1.6305640152844163,808.5909600186678,False,settled
b,blue_ramp,ramp,0.0,1.2,0.0,1.6241490067893405,810.9685571434079,False,settled
b,blue_ramp,ramp,0.0,1.2,0.0,0.7168829313613168,1094.5247162016265,False,settled
b,blue_ramp,ramp,0.0,1.2,0.0,1.010821844103461,980.6034465217489,False,settled
b,blue_ramp,ramp,0.0,1.2,0.0,1.0893751199822606,955.7454815723465,False,settled
b,blue_ramp,ramp,0.0,1.2,0.0,1.3444535277878704,879.5540940701736,False,settled
b,blue_ramp,ramp,0.0,1.2,0.0,1.2466775068753695,908.3559268218114,False,settled
b,blue_ramp,ramp,0.0,1.2,0.0,0.8276502681441962,1055.4620212643056,False,settled
b,blue_ramp,ramp,0.0,1.2,0.0,1.2221397986775704,916.5927862797147,False,settled
b,blue_ramp,ramp,0.0,1.2,0.0,0.9753837300335778,998.365350295254,False,settled
b,blue_ramp,ramp,0.0,1.2,0.0,1.1422527823109285,939.3796062668234,False,settled
b,blue_ramp,ramp,0.0,1.2,0.0,1.2244947444113254,915.6572426946593,False,settled
b,blue_ramp,ramp,0.0,1.2,0.0,0.9291796357011237,1019.1975808324802,False,settled
b,blue_ramp,ramp,0.0,1.2,0.0,0.7945071632421208,1072.1929552159233,False,settled
b,blue_ramp,ramp,0.0,1.2,0.0,1.6524712421667453,804.2505934155307,False,settled
b,blue_ramp,ramp,0.0,1.2,0.0,0.8168729247309762,1063.7231278291642,False,settled
b,blue_ramp,ramp,0.0,1.2,0.0,1.096624166070695,958.6565114925788,False,settled
b,blue_ramp,ramp,0.0,1.2,0.0,0.8264682611505092,1056.3838827804536,False,settled
b,blue_ramp,ramp,0.0,1.2,0.0,0.9787864224111793,995.6890709429706,False,settled
b,blue_ramp,ramp,0.0,1.2,0.0,1.3333350424043708,884.6761998768064,False,settled
b,blue_ramp,ramp,0.0,1.2,0.0,1.0292437473709153,976.0720581847829,False,settled
b,blue_ramp,ramp,0.0,1.2,0.0,1.2144916799230125,915.9033926973029,False,settled
b,blue_ramp,ramp,0.0,1.2,0.0,0.7160306963525699,1093.0590028198774,False,settled
b,blue_ramp,ramp,0.0,1.2,0.0,1.0756251428652746,965.1176669215037,False,settled
b,blue_ramp,ramp,0.0,1.2,0.0,1.0976283310660002,957.8084950536014,False,settled
b,blue_ramp,ramp,0.0,1.2,0.0,0.7986377977122686,1057.7987675139927,False,settled
b,blue_ramp,ramp,0.0,1.2,0.0,1.3469529238630935,877.4197096673277,False,settled
b,blue_ramp,ramp,0.0,1.2,0.0,1.5487635765936931,829.2758110814204,False,settled
b,blue_ramp,ramp,0.0,1.2,0.0,0.7248309737573541,1091.4918977472955,False,settled
b,blue_ramp,ramp,0.0,1.2,0.0,1.1446922227511607,938.6635993594836,False,settled
b,blue_ramp,ramp,0.0,1.2,0.0,0.9149087601909082,1024.320693741803,False,settled
b,blue_ramp,ramp,0.0,1.2,0.0,1.1909489425453803,928.3924659877388,False,settled
b,blue_ramp,ramp,0.0,1.2,0.0,1.107999608030319,949.4484343496878,False,settled
b,blue_ramp,ramp,0.0,1.2,0.0,1.0874568082583609,957.2482830762712,False,settled
b,blue_ramp,ramp,0.0,1.2,0.0,1.3062454191795267,893.3152359538137,False,settled
b,blue_ramp,ramp,0.0,1.2,0.0,1.2510884472186314,904.37326722096,False,settled
b,blue_ramp,ramp,0.0,1.2,0.0,1.264076794510739,899.6346065727993,False,settled
b,blue_ramp,ramp,0.0,1.2,0.0,1.1814262314152988,929.0118975389832,False,settled
b,blue_ramp,ramp,0.0,1.2,0.0,0.9480386937097476,1008.9785915729236,False,settled
b,blue_ramp,ramp,0.0,1.2,0.0,0.7095273157203236,1103.7702392000829,False,settled
b,blue_ramp,ramp,0.0,1.2,0.0,1.6623719842474942,801.3689308298078,False,settled
b,blue_ramp,ramp,0.0,1.2,0.0,1.017323161370922,985.4488715801293,False,settled
b,blue_ramp,ramp,0.0,1.2,0.0,0.9565891784287512,1002.1165161381209,False,settled
b,blue_ramp,ramp,0.0,1.2,0.0,1.2531287013131254,909.5462642951906,False,settled
b,blue_ramp,ramp,0.0,1.2,0.0,1.153401304744916,936.1143516839602,False,settled
b,blue_ramp,ramp,0.0,1.2,0.0,1.1308107752015188,947.8670115786375,False,settled
b,blue_ramp,ramp,0.0,1.2,0.0,0.7995750732927515,1057.6793311360368,False,settled
b,blue_ramp,ramp,0.0,1.2,0.0,0.7279873593736388,1097.3424143769091,False,settled
b,blue_ramp,ramp,0.0,1.2,0.0,0.9999568109568756,985.4912791317151,False,settled
b,blue_ramp,ramp,0.0,1.2,0.0,0.9896238233434506,987.7687347112867,False,settled
b,blue_ramp,ramp,0.0,1.2,0.0,1.3700315125232798,871.1177344105674,False,settled
b,blue_ramp,ramp,0.0,1.2,0.0,1.6247710905695134,810.0550868733177,False,settled
b,blue_ramp,ramp,0.0,1.2,0.0,1.1008529089496426,955.0910788180823,False,settled
b,blue_ramp,ramp,0.0,1.2,0.0,1.3932312129007491,863.3653599444123,False,settled
b,blue_ramp,ramp,0.0,1.2,0.0,1.3662817226175157,874.6044327450998,False,settled
b,blue_ramp,ramp,0.0,1.2,0.0,1.6575876209175087,802.1421428110677,False,settled
b,blue_ramp,ramp,0.0,1.2,0.0,0.6966132465246254,1115.4612108855742,False,settled
b,blue_ramp,ramp,0.0,1.2,0.0,1.0356504139003972,980.7158450944103,False,settled
b,blue_ramp,ramp,0.0,1.2,0.0,0.794006387756433,1072.2589311908,False,settled
b,blue_ramp,ramp,0.0,1.2,0.0,1.1742935494024507,927.1474015845752,False,settled
b,blue_ramp,ramp,0.0,1.2,0.0,0.799016160637559,1057.753953662612,False,settled
b,blue_ramp,ramp,0.0,1.2,0.0,0.8713444945056008,1033.6902410596283,False,settled
b,blue_ramp,ramp,0.0,1.2,0.0,0.9845245063092671,991.5226893317915,False,settled
b,blue_ramp,ramp,0.0,1.2,0.0,1.0933046576308443,952.4636653138717,False,settled
b,blue_ramp,ramp,0.0,1.2,0.0,1.0234245312243502,980.4564219869897,False,settled
b,blue_ramp,ramp,0.0,1.2,0.0,1.669886440990967,799.940947203668,False,settled
b,blue_ramp,ramp,0.0,1.2,0.0,0.9018960795397526,1022.2400971594744,False,settled
b,blue_ramp,ramp,0.0,1.2,0.0,0.7677662153653069,1074.4200422056108,False,settled
b,blue_ramp,ramp,0.0,1.2,0.0,1.1701797910904936,930.6707801544125,False,settled
b,blue_ramp,ramp,0.0,1.2,0.0,1.0016586092585078,985.2136708169319,False,settled
b,blue_ramp,ramp,0.0,1.2,0.0,1.358993383542735,876.425897351375,False,settled
b,blue_ramp,ramp,0.0,1.2,0.0,1.2546893984694358,908.1090620532003,False,settled
b,blue_ramp,ramp,0.0,1.2,0.0,0.7505869467587091,1082.2002970152087,False,settled
b,blue_ramp,ramp,0.0,1.2,0.0,1.0501250792391688,969.2535252301801,False,settled
b,blue_ramp,ramp,0.0,1.2,0.0,0.8528276991846623,1049.3682631828563,False,settled
b,blue_ramp,ramp,0.0,1.2,0.0,0.9799915796118769,994.7354890769755,False,settled
b,blue_ramp,ramp,0.0,1.2,0.0,1.140300690223139,940.1335218933716,False,settled
b,blue_ramp,ramp,0.0,1.2,0.0,0.793957615254827,1072.2653568568153,False,settled
b,blue_ramp,ramp,0.0,1.2,0.0,1.6888307751030456,791.5701430535438,False,settled
b,blue_ramp,ramp,0.0,1.2,0.0,1.5500160163267138,828.4421442154043,False,settled
b,blue_ramp,ramp,0.0,1.2,0.0,1.3723358221560966,868.8126314103384,False,settled
b,blue_ramp,ramp,0.0,1.2,0.0,0.911986910649918,1026.6380381029605,False,settled
b,blue_ramp,ramp,0.0,1.2,0.0,0.8852614599741531,1035.485278749872,False,settled
b,blue_ramp,ramp,0.0,1.2,0.0,1.4331931621868348,853.8903875464603,False,settled
b,blue_ramp,ramp,0.0,1.2,0.0,0.8055298226563277,1056.9389168512876,False,settled
b,blue_ramp,ramp,0.0,1.2,0.0,0.7629116449899709,1077.2882496602401,False,settled
b,blue_ramp,ramp,0.0,1.2,0.0,1.0413471382718988,976.0124549992803,False,settled
b,blue_ramp,ramp,0.0,1.2,0.0,0.9047322397995207,1020.0326191234855,False,settled
b,blue_ramp,ramp,0.0,1.2,0.0,1.017682627182749,985.1537251201279,False,settled
b,blue_ramp,ramp,0.0,1.2,0.0,0.7881741474130686,1073.6325204790533,False,settled
b,blue_ramp,ramp,0.0,1.2,0.0,0.7995989498212549,1057.6764980115472,False,settled
b,blue_ramp,ramp,0.0,1.2,0.0,1.6230488485765169,810.9677494833581,False,settled
b,blue_ramp,ramp,0.0,1.2,0.0,0.9722406529676446,1000.8566140042933,False,settled
b,blue_ramp,ramp,0.0,1.2,0.0,0.7269043663297183,1095.1479199836576,False,settled
b,blue_ramp,ramp,0.0,1.2,0.0,1.025246166810535,978.9665063498015,False,settled
b,blue_ramp,ramp,0.0,1.2,0.0,0.7339581133008795,1098.192256381577,False,settled
b,blue_ramp,ramp,0.0,1.2,0.0,1.6889880832385,790.7088895213562,False,settled
b,blue_ramp,ramp,0.0,1.2,0.0,0.9725080259931274,1000.6395508184544,False,settled
b,blue_ramp,ramp,0.0,1.2,0.0,0.8181914151715657,1062.6737292654104,False,settled
b,blue_ramp,ramp,0.0,1.2,0.0,0.8786844870644152,1028.0114345610787,False,settled
b,blue_ramp,ramp,0.0,1.2,0.0,1.0283107458357874,976.7373438995854,False,settled
b,blue_ramp,ramp,0.0,1.2,0.0,1.3044379233723666,888.7023834046294,False,settled
b,blue_ramp,ramp,0.0,1.2,0.0,1.0447746358279395,973.1934507855569,False,settled
b,blue_ramp,ramp,0.0,1.2,0.0,0.9315208223910981,1018.7577049277235,False,settled
b,blue_ramp,ramp,0.0,1.2,0.0,1.4062582542021087,863.2192238464467,False,settled
b,blue_ramp,ramp,0.0,1.2,0.0,1.4720738771241646,844.3653765326135,False,settled
b,blue_ramp,ramp,0.0,1.2,0.0,0.983933610088808,991.6264288077451,False,settled
b,blue_ramp,ramp,0.0,1.2,0.0,1.4220552455429283,856.7366271604643,False,settled
b,blue_ramp,ramp,0.0,1.2,0.0,0.7632202375227396,1077.1403533746611,False,settled
b,blue_ramp,ramp,0.0,1.2,0.0,1.3258059356429028,886.0473157060042,False,settled
b,blue_ramp,ramp,0.0,1.2,0.0,0.7600558422001079,1077.958360645726,False,settled
b,blue_ramp,ramp,0.0,1.2,0.0,1.014177518191476,988.0430086401252,False,settled
b,blue_ramp,ramp,0.0,1.2,0.0,1.4417571604364525,853.2285742397096,False,settled
b,blue_ramp,ramp,0.0,1.2,0.0,1.2987144608165702,894.0654349540566,False,settled
b,blue_ramp,ramp,0.0,1.2,0.0,0.8256249887142704,1057.0478715604588,False,settled
b,blue_ramp,ramp,0.0,1.2,0.0,1.436599849792967,854.7318154022122,False,settled
b,blue_ramp,ramp,0.0,1.2,0.0,1.133838398164768,945.3217387934765,False,settled
b,blue_ramp,ramp,0.0,1.2,0.0,1.6292722640309194,808.1886773262947,False,settled
b,blue_ramp,ramp,0.0,1.2,0.0,0.7592131146808306,1077.427239322869,False,settled
b,blue_ramp,ramp,0.0,1.2,0.0,0.9794844296275953,995.1370334611544,False,settled
b,blue_ramp,ramp,0.0,1.2,0.0,0.8180032992263602,1062.8234694851571,False,settled
b,blue_ramp,ramp,0.0,1.2,0.0,0.7908260329152859,1072.6783515670536,False,settled
b,blue_ramp,ramp,0.0,1.2,0.0,1.2038788136263967,924.7742266239602,False,settled
b,blue_ramp,ramp,0.0,1.2,0.0,0.7390759121024245,1084.8704398023576,False,settled
b,blue_ramp,ramp,0.0,1.2,0.0,1.166710657475929,933.6700399163045,False,settled
b,blue_ramp,ramp,0.0,1.2,0.0,1.1489687231358325,937.4083880629237,False,settled
b,blue_ramp,ramp,0.0,1.2,0.0,1.348567485942498,875.7546343008811,False,settled
b,blue_ramp,ramp,0.0,1.2,0.0,0.9269871234203927,1019.6097203176605,False,settled
b,blue_ramp,ramp,0.0,1.2,0.0,1.1339946177122358,945.190436177481,False,settled
b,blue_ramp,ramp,0.0,1.2,0.0,1.1697326575184634,931.056800071066,False,settled
b,blue_ramp,ramp,0.0,1.2,0.0,1.54178730349103,829.5882928384759,False,settled
b,blue_ramp,ramp,0.0,1.2,0.0,0.9294250246634126,1019.15147589017,False,settled
b,blue_ramp,ramp,0.0,1.2,0.0,1.3818834826356932,869.568644534464,False,settled
b,blue_ramp,ramp,0.0,1.2,0.0,0.766926603411295,1074.9457662093894,False,settled
b,blue_ramp,ramp,0.0,1.2,0.0,1.6763603110014103,796.6594929607903,False,settled
b,blue_ramp,ramp,0.0,1.2,0.0,1.012013276914958,979.5912201468701,False,settled
b,blue_ramp,ramp,0.0,1.2,0.0,1.179435431312126,930.7581569297644,False,settled
b,blue_ramp,ramp,0.0,1.2,0.0,1.6750747791032452,798.3987357907465,False,settled
b,blue_ramp,ramp,0.0,1.2,0.0,0.8459579455686467,1041.2097284327167,False,settled
b,blue_ramp,ramp,0.0,1.2,0.0,1.4362282261598762,854.9031545151786,False,settled
b,blue_ramp,ramp,0.0,1.2,0.0,1.4681897833099014,844.7044078745668,False,settled
b,blue_ramp,ramp,0.0,1.2,0.0,1.1038351450706512,952.8485931046969,False,settled
b,blue_ramp,ramp,0.0,1.2,0.0,0.8465559371565989,1040.7458500880614,False,settled
b,blue_ramp,ramp,0.0,1.2,0.0,1.1856927349036086,925.3001310552145,False,settled
b,blue_ramp,ramp,0.0,1.2,0.0,0.8940906941329522,1028.432935865186,False,settled
b,blue_ramp,ramp,0.0,1.2,0.0,1.0416242775552866,975.7836810102982,False,settled
b,blue_ramp,ramp,0.0,1.2,0.0,1.439203363704327,851.8610919920968,False,settled
b,blue_ramp,ramp,0.0,1.2,0.0,1.0632844888487327,968.2667506616672,False,settled
b,blue_ramp,ramp,0.0,1.2,0.0,1.076017056841818,965.0188215545139,False,settled
b,blue_ramp,ramp,0.0,1.2,0.0,0.80688322706415,1056.857470925486,False,settled
b,blue_ramp,ramp,0.0,1.2,0.0,1.0430036877186675,974.6449922490846,False,settled
b,blue_ramp,ramp,0.0,1.2,0.0,1.6179720741949886,811.6698961473446,False,settled
b,blue_ramp,ramp,0.0,1.2,0.0,0.7279362273522233,1097.2649623812101,False,settled
b,blue_ramp,ramp,0.0,1.2,0.0,0.8011069299523919,1057.5592826256907,False,settled
b,blue_ramp,ramp,0.0,1.2,0.0,0.9150311601011198,1024.22364123715,False,settled
b,blue_ramp,ramp,0.0,1.2,0.0,0.806176459379176,1056.9389865971928,False,settled
b,blue_ramp,ramp,0.0,1.2,0.0,0.8642607363494292,1034.8106809786866,False,settled
b,blue_ramp,ramp,0.0,1.2,0.0,0.9906930527153954,987.5417254888962,False,settled
b,blue_ramp,ramp,0.0,1.2,0.0,0.8777467385852985,1028.7394015819807,False,settled
b,blue_ramp,ramp,0.0,1.2,0.0,0.9065144961916494,1018.7493586495506,False,settled
b,blue_ramp,ramp,0.0,1.2,0.0,1.6789541147058498,797.1527504844404,False,settled
b,blue_ramp,ramp,0.0,1.2,0.0,0.8578156992410598,1035.696172185686,False,settled
b,blue_ramp,ramp,0.0,1.2,0.0,1.5836795968169994,819.2834843304792,False,settled
b,blue_ramp,ramp,0.0,1.2,0.0,1.2540892360449567,908.6617790137855,False,settled
b,blue_ramp,ramp,0.0,1.2,0.0,1.4973403743456564,843.0027453819015,False,settled
b,blue_ramp,ramp,0.0,1.2,0.0,0.718995228545967,1099.6726331026478,False,settled
b,blue_ramp,ramp,0.0,1.2,0.0,1.1213481321052396,947.1976731961972,False,settled
b,blue_ramp,ramp,0.0,1.2,0.0,1.1957192462946997,924.4297735491111,False,settled
b,blue_ramp,ramp,0.0,1.2,0.0,0.7598194009626942,1077.8097651008106,False,settled
b,blue_ramp,ramp,0.0,1.2,0.0,1.1914765982798876,927.9266157687324,False,settled
b,blue_ramp,ramp,0.0,1.2,0.0,1.0659441193154844,967.5860616987418,False,settled
b,blue_ramp,ramp,0.0,1.2,0.0,1.3553276631689295,874.7318955252364,False,settled
b,blue_ramp,ramp,0.0,1.2,0.0,0.692817183468043,1110.0314316839754,False,settled
b,blue_ramp,ramp,0.0,1.2,0.0,1.494281398460432,841.9735437230629,False,settled
b,blue_ramp,ramp,0.0,1.2,0.0,1.0440538555637175,973.7836510808381,False,settled
b,blue_ramp,ramp,0.0,1.2,0.0,0.8598598870400331,1035.3891243903852,False,settled
b,blue_ramp,ramp,0.0,1.2,0.0,1.431087308388736,856.0023929831905,False,settled
b,blue_ramp,ramp,0.0,1.2,0.0,1.3663387273554117,874.5461312877692,False,settled
b,blue_ramp,ramp,0.0,1.2,0.0,1.2132757432618446,916.8744170721303,False,settled
b,blue_ramp,ramp,0.0,1.2,0.0,1.1045688600999624,952.2331951094088,False,settled
b,blue_ramp,ramp,0.0,1.2,0.0,0.9969475423583023,986.1231129643875,False,settled
b,blue_ramp,ramp,0.0,1.2,0.0,1.4944045030262385,841.8118103843804,False,settled
b,blue_ramp,ramp,0.0,1.2,0.0,1.0151853907869206,987.2118478173345,False,settled
b,blue_ramp,ramp,0.0,1.2,0.0,1.333542658786165,884.4705979037392,False,settled
b,blue_ramp,ramp,0.0,1.2,0.0,1.6414628404441796,806.9608022551072,False,settled
b,blue_ramp,ramp,0.0,1.2,0.0,1.246434507128619,908.5780682685556,False,settled
b,blue_ramp,ramp,0.0,1.2,0.0,0.7340871733115164,1098.159541210232,False,settled
b,blue_ramp,ramp,0.0,1.2,0.0,1.576110296200513,822.1923738795907,False,settled
b,blue_ramp,ramp,0.0,1.2,0.0,1.2117620056041596,918.1955014184296,False,settled
b,blue_ramp,ramp,0.0,1.2,0.0,1.4679276638404417,845.0179085623548,False,settled
b,blue_ramp,ramp,0.0,1.2,0.0,0.8245232874770246,1057.9151714078005,False,settled
b,blue_ramp,ramp,0.0,1.2,0.0,1.6274795394588426,810.6546359843649,False,settled
b,blue_ramp,ramp,0.0,1.2,0.0,1.1438940680354321,938.897868307956,False,settled
b,blue_ramp,ramp,0.0,1.2,0.0,1.1223381118888882,946.3617639827605,False,settled
b,blue_ramp,ramp,0.0,1.2,0.0,1.1405043030680124,939.9626431548978,False,settled
b,blue_ramp,ramp,0.0,1.2,0.0,1.1084113035749872,949.0290181472425,False,settled
b,blue_ramp,ramp,0.0,1.2,0.0,1.0107030869476494,980.6929378080666,False,settled
b,blue_ramp,ramp,0.0,1.2,0.0,0.902226766473629,1021.978743359981,False,settled
b,blue_ramp,ramp,0.0,1.2,0.0,1.2612836429328715,902.0532567621296,False,settled
b,blue_ramp,ramp,0.0,1.2,0.0,1.0723054827931129,965.9587252032912,False,settled
b,blue_ramp,ramp,0.0,1.2,0.0,1.0719774243586153,966.0426477864258,False,settled
b,blue_ramp,ramp,0.0,1.2,0.0,1.3468934893442002,877.126226342773,False,settled
b,blue_ramp,ramp,0.0,1.2,0.0,1.137346255399749,942.6232929942114,False,settled
b,blue_ramp,ramp,0.0,1.2,0.0,0.7888725890057092,1073.0917495164517,False,settled
b,blue_ramp,ramp,0.0,1.2,0.0,1.2187800190657743,919.5860991356658,False,settled
b,blue_ramp,ramp,0.0,1.2,0.0,0.7001178877123624,1100.1880001063003,False,settled
b,blue_ramp,ramp,0.0,1.2,0.0,0.7402943559164958,1085.0481974682607,False,settled
b,blue_ramp,ramp,0.0,1.2,0.0,1.100622789702946,955.2838294950932,False,settled
b,blue_ramp,ramp,0.0,1.2,0.0,1.2097523362882718,919.9461705436526,False,settled
b,blue_ramp,ramp,0.0,1.2,0.0,0.8216235512300336,1059.9541843817153,False,settled
b,blue_ramp,ramp,0.0,1.2,0.0,1.2331322310472979,912.6339426910915,False,settled
b,blue_ramp,ramp,0.0,1.2,0.0,0.7785368281456855,1066.5487121698238,False,settled
b,blue_ramp,ramp,0.0,1.2,0.0,1.153691822991097,936.030260753575,False,settled
b,blue_ramp,ramp,0.0,1.2,0.0,0.7471533667967397,1085.4275450900286,False,settled
b,blue_ramp,ramp,0.0,1.2,0.0,0.8575165249739701,1035.7459686991028,False,settled
b,blue_ramp,ramp,0.0,1.2,0.0,0.9108903652434887,1015.4219118676068,False,settled
b,blue_ramp,ramp,0.0,1.2,0.0,1.350399380865851,879.3974603963547,False,settled
b,blue_ramp,ramp,0.0,1.2,0.0,0.7991959543249925,1057.7243163556059,False,settled
b,blue_ramp,ramp,0.0,1.2,0.0,1.3071924459256965,892.4113543816087,False,settled
b,blue_ramp,ramp,0.0,1.2,0.0,1.199730803293313,920.912915622092,False,settled
b,blue_ramp,ramp,0.0,1.2,0.0,0.7808637145680134,1078.878752142311,False,settled
b,blue_ramp,ramp,0.0,1.2,0.0,0.7386473318009302,1089.4935696297048,False,settled
b,blue_ramp,ramp,0.0,1.2,0.0,1.135536675270119,944.1482487883741,False,settled
b,blue_ramp,ramp,0.0,1.2,0.0,0.715285088650864,1106.29798378598,False,settled
b,blue_ramp,ramp,0.0,1.2,0.0,1.2968505809548272,895.8246030709,False,settled
b,blue_ramp,ramp,0.0,1.2,0.0,1.2641036056066959,899.6102383985943,False,settled
b,blue_ramp,ramp,0.0,1.2,0.0,0.9304980826605639,1018.9498637389627,False,settled
b,blue_ramp,ramp,0.0,1.2,0.0,1.3957786020527319,865.6077029605569,False,settled
b,blue_ramp,ramp,0.0,1.2,0.0,1.0840979728721003,959.7822728713127,False,settled
b,blue_ramp,ramp,0.0,1.2,0.0,0.7862343019253782,1074.7882440112055,False,settled
b,blue_ramp,ramp,0.0,1.2,0.0,1.0966272536439408,958.6539040537003,False,settled
b,blue_ramp,ramp,0.0,1.2,0.0,1.4285248035522584,854.4606277918541,False,settled
b,blue_ramp,ramp,0.0,1.2,0.0,0.8505475693695247,1037.7155827577249,False,settled
b,blue_ramp,ramp,0.0,1.2,0.0,1.027725733367468,977.2125383704885,False,settled
b,blue_ramp,ramp,0.0,1.2,0.0,1.1382621659073753,941.8482760433955,False,settled
b,blue_ramp,ramp,0.0,1.2,0.0,0.9753000762127304,998.4296836725249,False,settled
b,blue_ramp,ramp,0.0,1.2,0.0,1.3144125709288292,888.6532800420935,False,settled
b,blue_ramp,ramp,0.0,1.2,0.0,0.9860670009909777,990.2307302258763,False,settled
b,blue_ramp,ramp,0.0,1.2,0.0,1.6384075815709451,806.794169451521,False,settled
b,blue_ramp,ramp,0.0,1.2,0.0,1.1278463042898605,941.8609316041179,False,settled
b,blue_ramp,ramp,0.0,1.2,0.0,1.1323190508020917,946.5990955894844,False,settled
b,blue_ramp,ramp,0.0,1.2,0.0,0.7398501919723208,1084.3638905720318,False,settled
b,blue_ramp,ramp,0.0,1.2,0.0,1.257427339619999,905.5883519538364,False,settled
b,blue_ramp,ramp,0.0,1.2,0.0,1.1215794452034515,947.0023604574778,False,settled
b,blue_ramp,ramp,0.0,1.2,0.0,1.5956297802322876,817.138084447089,False,settled
b,blue_ramp,ramp,0.0,1.2,0.0,0.8513210565896683,1050.0319691597288,False,settled
b,blue_ramp,ramp,0.0,1.2,0.0,0.8313664448567005,1052.5584812051939,False,settled
b,blue_ramp,ramp,0.0,1.2,0.0,0.8906339610029247,1031.1859423006097,False,settled
b,blue_ramp,ramp,0.0,1.2,0.0,1.3473463837131952,876.9545019941479,False,settled
b,blue_ramp,ramp,0.0,1.2,0.0,1.3845371465887426,867.191163541076,False,settled
b,blue_ramp,ramp,0.0,1.2,0.0,0.8554512423435913,1036.1499271171413,False,settled
b,blue_ramp,ramp,0.0,1.2,0.0,0.7863224441716092,1074.7744962877214,False,settled
b,blue_ramp,ramp,0.0,1.2,0.0,0.8977832610409345,1025.4922286379997,False,settled
b,blue_ramp,ramp,0.0,1.2,0.0,0.6981814298040454,1114.229609018495,False,settled
b,blue_ramp,ramp,0.0,1.2,0.0,1.2484527376140155,906.7444628777076,False,settled
b,blue_ramp,ramp,0.0,1.2,0.0,1.3529846034698794,876.805883889113,False,settled
b,blue_ramp,ramp,0.0,1.2,0.0,1.481228900787557,846.2633244982924,False,settled
b,blue_ramp,ramp,0.0,1.2,0.0,1.1227352675555142,946.0264142183155,False,settled
b,blue_ramp,ramp,0.0,1.2,0.0,1.3724439414644385,868.6340873379451,False,settled
b,blue_ramp,ramp,0.0,1.2,0.0,1.1831482931529715,927.5137842525829,False,settled
b,blue_ramp,ramp,0.0,1.2,0.0,1.481660049596328,845.7096535392773,False,settled
b,blue_ramp,ramp,0.0,1.2,0.0,1.119573156905882,948.648253112179,False,settled
b,blue_ramp,ramp,0.0,1.2,0.0,0.9329260703548105,1018.4936768765513,False,settled
b,blue_ramp,ramp,0.0,1.2,0.0,0.7035162676678213,1104.5138516742823,False,settled
b,blue_ramp,ramp,0.0,1.2,0.0,0.8818788064162737,1037.950496114752,False,settled
b,blue_ramp,ramp,0.0,1.2,0.0,1.6069498146206593,815.9646416861385,False,settled
b,blue_ramp,ramp,0.0,1.2,0.0,1.0360965733941352,980.3474550263587,False,settled
b,blue_ramp,ramp,0.0,1.2,0.0,0.8623561928929264,1035.0925976900596,False,settled
b,blue_ramp,ramp,0.0,1.2,0.0,1.6312093407127997,808.8821301970662,False,settled
b,blue_ramp,ramp,0.0,1.2,0.0,1.0897011238807202,955.4744960141912,False,settled
b,blue_ramp,ramp,0.0,1.2,0.0,0.7089543540061835,1101.5515529959046,False,settled
b,blue_ramp,ramp,0.0,1.2,0.0,0.7091102958625856,1102.1579526081869,False,settled
b,blue_ramp,ramp,0.0,1.2,0.0,0.8457808068235487,1041.4207499531333,False,settled
b,blue_ramp,ramp,0.0,1.2,0.0,0.8044348010001365,1057.0659563399267,False,settled
b,blue_ramp,ramp,0.0,1.2,0.0,0.9708941525878383,1001.9497447885691,False,settled
b,blue_ramp,ramp,0.0,1.2,0.0,0.6994262113689039,1110.170999924108,False,settled
b,blue_ramp,ramp,0.0,1.2,0.0,1.0214425271236087,982.0777196931026,False,settled
b,blue_ramp,ramp,0.0,1.2,0.0,0.8159227318982009,1064.4792194299107,False,settled
b,blue_ramp,ramp,0.0,1.2,0.0,0.9644299645820655,996.2087877536292,False,settled
b,blue_ramp,ramp,0.0,1.2,0.0,0.9041403800291448,1020.4694675944755,False,settled
b,blue_ramp,ramp,0.0,1.2,0.0,0.7392180210026248,1084.825628541825,False,settled
b,blue_ramp,ramp,0.0,1.2,0.0,1.2113843116190213,918.5250787274894,False,settled
b,blue_ramp,ramp,0.0,1.2,0.0,1.3737013500119695,872.4810738675794,False,settled
b,blue_ramp,ramp,0.0,1.2,0.0,1.519423978729705,835.8287375645725,False,settled
b,blue_ramp,ramp,0.0,1.2,0.0,1.2343037034352677,912.2244565473029,False,settled
b,blue_ramp,ramp,0.0,1.2,0.0,0.7709666550040133,1072.156082112577,False,settled
b,blue_ramp,ramp,0.0,1.2,0.0,1.3166365518201752,887.717411319776,False,settled
b,blue_ramp,ramp,0.0,1.2,0.0,1.314803099729995,888.4889370961446,False,settled
b,blue_ramp,ramp,0.0,1.2,0.0,1.0117699109287668,979.7786841826995,False,settled
b,blue_ramp,ramp,0.0,1.2,0.0,0.8516514038978252,1049.7709250271425,False,settled
b,blue_ramp,ramp,0.0,1.2,0.0,1.5514547735942814,828.459655377849,False,settled
b,blue_ramp,ramp,0.0,1.2,0.0,0.7069648378396108,1108.1841260791227,False,settled
b,blue_ramp,ramp,0.0,1.2,0.0,1.4987215282292923,841.9634301227048,False,settled
b,blue_ramp,ramp,0.0,1.2,0.0,1.1358694462387084,943.8682219471475,False,settled
b,blue_ramp,ramp,0.0,1.2,0.0,0.7924287026949208,1072.4672474444342,False,settled
b,blue_ramp,ramp,0.0,1.2,0.0,1.6509295161612083,804.4328285505302,False,settled
b,blue_ramp,ramp,0.0,1.2,0.0,0.7001036116731812,1100.08250535788,False,settled
b,blue_ramp,ramp,0.0,1.2,0.0,1.3348313841375035,883.1943465993224,False,settled
b,blue_ramp,ramp,0.0,1.2,0.0,1.2154397658151666,915.003856209973,False,settled
b,blue_ramp,ramp,0.0,1.2,0.0,0.7070601168265775,1108.9760255426258,False,settled
b,blue_ramp,ramp,0.0,1.2,0.0,0.8248296834929674,1057.6739852489109,False,settled
b,blue_ramp,ramp,0.0,1.2,0.0,1.4665238933374054,846.6972466896483,False,settled
b,blue_ramp,ramp,0.0,1.2,0.0,0.9198991850454395,1020.9417731543572,False,settled
b,blue_ramp,ramp,0.0,1.2,0.0,1.1480981208182308,937.6638793103951,False,settled
b,blue_ramp,ramp,0.0,1.2,0.0,1.6598894361148957,801.5378084495419,False,settled
b,blue_ramp,ramp,0.0,1.2,0.0,1.5724948577139295,823.4996223155867,False,settled
b,blue_ramp,ramp,0.0,1.2,0.0,0.74902324942826,1087.9097985344215,False,settled
b,blue_ramp,ramp,0.0,1.2,0.0,1.4418566015559573,853.3646530362117,False,settled
b,blue_ramp,ramp,0.0,1.2,0.0,1.106766785470006,950.4264207889923,False,settled
b,blue_ramp,ramp,0.0,1.2,0.0,1.3568583150015445,873.3022947450881,False,settled
b,blue_ramp,ramp,0.0,1.2,0.0,0.8067168373811885,1056.8766657256072,False,settled
b,blue_ramp,ramp,0.0,1.2,0.0,1.3612362402305118,874.1528345990412,False,settled
b,blue_ramp,ramp,0.0,1.2,0.0,0.9599602884478036,999.5164984920552,False,settled
b,blue_ramp,ramp,0.0,1.2,0.0,0.7530965576156328,1081.617152954363,False,settled
b,blue_ramp,ramp,0.0,1.2,0.0,0.7917133800478496,1072.5614667447996,False,settled
b,blue_ramp,ramp,0.0,1.2,0.0,0.6978257273841137,1111.8769863641337,False,settled
b,blue_ramp,ramp,0.0,1.2,0.0,0.8549660334384686,1036.155930240909,False,settled
b,blue_ramp,ramp,0.0,1.2,0.0,1.3414354513294346,882.5615445456505,False,settled
b,blue_ramp,ramp,0.0,1.2,0.0,1.1879995535635333,923.31532356872,False,settled
b,blue_ramp,ramp,0.0,1.2,0.0,1.0840393150059662,959.8313792671403,False,settled
b,blue_ramp,ramp,0.0,1.2,0.0,1.4138006432360806,860.6527089630355,False,settled
b,blue_ramp,ramp,0.0,1.2,0.0,0.8412255571149571,1044.8646504624876,False,settled
b,blue_ramp,ramp,0.0,1.2,0.0,1.589372109916942,819.3940685424136,False,settled
b,blue_ramp,ramp,0.0,1.2,0.0,1.573394816500276,822.9643225960116,False,settled
b,blue_ramp,ramp,0.0,1.2,0.0,1.171463312214096,929.6536974547327,False,settled
b,blue_ramp,ramp,0.0,1.2,0.0,0.754574584011003,1077.6488375363765,False,settled
b,blue_ramp,ramp,0.0,1.2,0.0,1.3156458597228957,888.1341571591825,False,settled
b,blue_ramp,ramp,0.0,1.2,0.0,0.7243817326967761,1089.7908778685605,False,settled
b,blue_ramp,ramp,0.0,1.2,0.0,0.9226352285026891,1020.427446707138,False,settled
b,blue_ramp,ramp,0.0,1.2,0.0,1.455345000374118,846.8340115738746,False,settled
b,blue_ramp,ramp,0.0,1.2,0.0,1.6888166487457725,791.644281800595,False,settled
b,blue_ramp,ramp,0.0,1.2,0.0,0.9617482799283046,998.2900282366915,False,settled
b,blue_ramp,ramp,0.0,1.2,0.0,1.1106207345892405,947.2993759343401,False,settled
b,blue_ramp,ramp,0.0,1.2,0.0,0.8225748191384795,1059.2019689598294,False,settled
b,blue_ramp,ramp,0.0,1.2,0.0,1.2798076883051528,898.5376698287226,False,settled
b,blue_ramp,ramp,0.0,1.2,0.0,0.8843851268435293,1036.1884557695762,False,settled
b,blue_ramp,ramp,0.0,1.2,0.0,0.8397411445357136,1046.016673816314,False,settled
b,blue_ramp,ramp,0.0,1.2,0.0,1.0733466221158001,965.6924248596212,False,settled
b,blue_ramp,ramp,0.0,1.2,0.0,1.4204889013067963,858.4624272152886,False,settled
b,blue_ramp,ramp,0.0,1.2,0.0,1.6582062407820723,802.3095629244284,False,settled
b,blue_ramp,ramp,0.0,1.2,0.0,1.070774637723746,966.3503397263318,False,settled
b,blue_ramp,ramp,0.0,1.2,0.0,1.1328368168167249,946.1638138980118,False,settled
b,blue_ramp,ramp,0.0,1.2,0.0,1.2253332977446298,915.3636216979147,False,settled
b,blue_ramp,ramp,0.0,1.2,0.0,1.5833023909343646,820.6644143851769,False,settled
b,blue_ramp,ramp,0.0,1.2,0.0,1.277831237605741,900.3825822789322,False,settled
b,blue_ramp,ramp,0.0,1.2,0.0,1.3506666256047628,879.1295746666349,False,settled
b,blue_ramp,ramp,0.0,1.2,0.0,1.013993122304833,988.1950732850974,False,settled
b,blue_ramp,ramp,0.0,1.2,0.0,1.0719396810180155,966.0523031344426,False,settled
b,blue_ramp,ramp,0.0,1.2,0.0,0.8994881213400492,1024.1434613692034,False,settled
b,blue_ramp,ramp,0.0,1.2,0.0,1.1393967167266723,940.8921259023723,False,settled
b,blue_ramp,ramp,0.0,1.2,0.0,0.9249753630340408,1019.9877665828402,False,settled
b,blue_ramp,ramp,0.0,1.2,0.0,0.7436570871623033,1089.4862527270845,False,settled
b,blue_ramp,ramp,0.0,1.2,0.0,0.7926117290918866,1072.4431382644016,False,settled
b,blue_ramp,ramp,0.0,1.2,0.0,0.8138454931794498,1052.5962188693852,False,settled
b,blue_ramp,ramp,0.0,1.2,0.0,1.1823685341491958,928.1921541384093,False,settled
b,blue_ramp,ramp,0.0,1.2,0.0,1.387655878605644,868.9120049001314,False,settled
b,blue_ramp,ramp,0.0,1.2,0.0,1.5840189303837435,820.261487851031,False,settled
b,blue_ramp,ramp,0.0,1.2,0.0,1.3556517713313645,874.406475375319,False,settled
b,blue_ramp,ramp,0.0,1.2,0.0,0.8712445782345807,1033.7047651041728,False,settled
b,blue_ramp,ramp,0.0,1.2,0.0,1.398190954369619,863.361554539123,False,settled
b,blue_ramp,ramp,0.0,1.2,0.0,1.2227652476807056,916.2627892037357,False,settled
b,blue_ramp,ramp,0.0,1.2,0.0,0.9055303492259502,1019.4221114679073,False,settled
b,blue_ramp,ramp,0.0,1.2,0.0,1.0488799512426268,970.1615985254211,False,settled
b,blue_ramp,ramp,0.0,1.2,0.0,1.114266061378889,952.8847854728057,False,settled
b,blue_ramp,ramp,0.0,1.2,0.0,1.5501758595532613,828.2341550956102,False,settled
b,blue_ramp,ramp,0.0,1.2,0.0,0.7024018873153385,1100.0101270151408,False,settled
b,blue_ramp,ramp,0.0,1.2,0.0,1.3633730229094565,872.2710585025831,False,settled
b,blue_ramp,ramp,0.0,1.2,0.0,0.8154242442800933,1051.321851903188,False,settled
b,blue_ramp,ramp,0.0,1.2,0.0,0.7533016416125929,1080.6705023432057,False,settled
b,blue_ramp,ramp,0.0,1.2,0.0,1.5224247958954855,835.2794420154936,False,settled
b,blue_ramp,ramp,0.0,1.2,0.0,0.8308857568121363,1052.9344798666586,False,settled
b,blue_ramp,ramp,0.0,1.2,0.0,1.300874642772712,892.0335800039569,False,settled
b,blue_ramp,ramp,0.0,1.2,0.0,0.9507405509115943,1006.8060863026328,False,settled
b,blue_ramp,ramp,0.0,1.2,0.0,1.0058421296986322,984.3406542184229,False,settled
b,blue_ramp,ramp,0.0,1.2,0.0,0.9511774831060945,1006.4548578767633,False,settled
b,blue_ramp,ramp,0.0,1.2,0.0,0.9315798537042912,1018.7466137291333,False,settled
b,blue_ramp,ramp,0.0,1.2,0.0,1.5093182172742623,838.5847357074983,False,settled
b,blue_ramp,ramp,0.0,1.2,0.0,1.182503391624264,928.0748354451689,False,settled
b,blue_ramp,ramp,0.0,1.2,0.0,0.801343784987267,1057.5312999587957,False,settled
b,blue_ramp,ramp,0.0,1.2,0.0,0.900785119144135,1023.1182269495248,False,settled
b,blue_ramp,ramp,0.0,1.2,0.0,1.2051175982143407,923.9740727461917,False,settled
b,blue_ramp,ramp,0.0,1.2,0.0,0.9015918290604845,1022.4805527507085,False,settled
b,blue_ramp,ramp,0.0,1.2,0.0,0.9060598560390102,1019.1018348099137,False,settled
b,blue_ramp,ramp,0.0,1.2,0.0,0.9655657070695378,1006.2763669115975,False,settled
b,blue_ramp,ramp,0.0,1.2,0.0,1.0929331260968238,952.8304865926353,False,settled
b,blue_ramp,ramp,0.0,1.2,0.0,0.8510394665002133,1050.2544860672692,False,settled
b,blue_ramp,ramp,0.0,1.2,0.0,1.5092463499054822,838.6858764113696,False,settled
b,blue_ramp,ramp,0.0,1.2,0.0,0.7366578927481916,1087.5561873314139,False,settled
b,blue_ramp,ramp,0.0,1.2,0.0,1.0875241514173162,957.1923028850232,False,settled
b,blue_ramp,ramp,0.0,1.2,0.0,0.8268748867609769,1056.0636669593493,False,settled
b,blue_ramp,ramp,0.0,1.2,0.0,0.9343573256551378,1018.2247609884517,False,settled
b,blue_ramp,ramp,0.0,1.2,0.0,1.1397294295193077,940.6129244671578,False,settled
b,blue_ramp,ramp,0.0,1.2,0.0,0.8611779114681763,1035.1939408121877,False,settled
b,blue_ramp,ramp,0.0,1.2,0.0,1.658628400300675,802.7245232042906,False,settled
b,blue_ramp,ramp,0.0,1.2,0.0,1.0588491958625628,971.7515532450859,False,settled
b,blue_ramp,ramp,0.0,1.2,0.0,0.7861361550604848,1074.8035264541275,False,settled
b,blue_ramp,ramp,0.0,1.2,0.0,0.8280002299269478,1055.1913446428746,False,settled
b,blue_ramp,ramp,0.0,1.2,0.0,1.066170232730437,967.5282183649343,False,settled
b,blue_ramp,ramp,0.0,1.2,0.0,1.226450425821116,914.9724493903191,False,settled
b,blue_ramp,ramp,0.0,1.2,0.0,1.117528741647681,950.1201745204387,False,settled
b,blue_ramp,ramp,0.0,1.2,0.0,1.3719271667526731,869.1228312446493,False,settled
b,blue_ramp,ramp,0.0,1.2,0.0,1.5939450972247455,817.4537606958152,False,settled
b,blue_ramp,ramp,0.0,1.2,0.0,0.6994277791986253,1110.1847750029578,False,settled
b,blue_ramp,ramp,0.0,1.2,0.0,1.2583372663665,904.7506842942804,False,settled
b,blue_ramp,ramp,0.0,1.2,0.0,1.3506912139089458,879.1049272681239,False,settled
b,blue_ramp,ramp,0.0,1.2,0.0,0.8552373217335986,1036.1892086542025,False,settled
b,blue_ramp,ramp,0.0,1.2,0.0,0.8570165229205297,1035.8201894585056,False,settled
b,blue_ramp,ramp,0.0,1.2,0.0,0.7200331379393671,1099.0484637170387,False,settled
b,blue_ramp,ramp,0.0,1.2,0.0,1.0137228491846975,988.4179573195898,False,settled
b,blue_ramp,ramp,0.0,1.2,0.0,1.1849748683655958,925.9247202050227,False,settled
b,blue_ramp,ramp,0.0,1.2,0.0,0.8771491506426181,1029.2091923285273,False,settled
b,blue_ramp,ramp,0.0,1.2,0.0,0.944177612447497,1012.0930185437018,False,settled
b,blue_ramp,ramp,0.0,1.2,0.0,0.8987618860869859,1024.717443093103,False,settled
b,blue_ramp,ramp,0.0,1.2,0.0,1.0961263764910152,959.0768909659658,False,settled
b,blue_ramp,ramp,0.0,1.2,0.0,1.670204896361195,799.2306802906168,False,settled
b,blue_ramp,ramp,0.0,1.2,0.0,0.7232698319800505,1091.682946275115,False,settled
b,blue_ramp,ramp,0.0,1.2,0.0,0.7246653827505957,1090.4829611027958,False,settled
b,blue_ramp,ramp,0.0,1.2,0.0,1.4550045406868917,847.3029585126078,False,settled
b,blue_ramp,ramp,0.0,1.2,0.0,0.7831634503346686,1077.0668260857767,False,settled
b,blue_ramp,ramp,0.0,1.2,0.0,0.8204668433859952,1060.8685046904689,False,settled
b,blue_ramp,ramp,0.0,1.2,0.0,0.6952784109112673,1115.5281420177446,False,settled
b,blue_ramp,ramp,0.0,1.2,0.0,1.3566657008201475,873.3972822577447,False,settled
b,blue_ramp,ramp,0.0,1.2,0.0,0.7161625103893812,1093.3323979969284,False,settled
b,blue_ramp,ramp,0.0,1.2,0.0,1.5652714395793954,823.5537135876417,False,settled
b,blue_ramp,ramp,0.0,1.2,0.0,0.9489529075568927,1008.2433839038596,False,settled
b,blue_ramp,ramp,0.0,1.2,0.0,1.401793391980157,860.7854570340951,False,settled
b,blue_ramp,ramp,0.0,1.2,0.0,1.1882948547863088,923.0585888849192,False,settled
b,blue_ramp,ramp,0.0,1.2,0.0,1.2990258825395444,893.7714972328789,False,settled
b,blue_ramp,ramp,0.0,1.2,0.0,1.2691679893626917,901.6702642453703,False,settled
b,blue_ramp,ramp,0.0,1.2,0.0,0.6998496045438821,1111.5836353208304,False,settled
b,blue_ramp,ramp,0.0,1.2,0.0,1.0201594002019232,983.1273560124137,False,settled
b,blue_ramp,ramp,0.0,1.2,0.0,1.002388608887549,985.0613445988944,False,settled
b,blue_ramp,ramp,0.0,1.2,0.0,1.5674880460073806,824.144874446441,False,settled
b,blue_ramp,ramp,0.0,1.2,0.0,0.7982030043112919,1071.7059620527543,False,settled
b,blue_ramp,ramp,0.0,1.2,0.0,0.8599867935626455,1035.3703266016687,False,settled
b,blue_ramp,ramp,0.0,1.2,0.0,1.6447727017797666,805.8781265308692,False,settled
b,blue_ramp,ramp,0.0,1.2,0.0,1.2528889247977346,902.8613744863327,False,settled
b,blue_ramp,ramp,0.0,1.2,0.0,0.813486697205105,1052.7775192547938,False,settled
b,blue_ramp,ramp,0.0,1.2,0.0,1.1300385509325617,948.5910743757214,False,settled
b,blue_ramp,ramp,0.0,1.2,0.0,1.6624631320486767,801.3780104768389,False,settled
b,blue_ramp,ramp,0.0,1.2,0.0,0.7637335347146513,1076.8781677639965,False,settled
b,blue_ramp,ramp,0.0,1.2,0.0,0.8947408765363658,1027.9151913366973,False,settled
b,blue_ramp,ramp,0.0,1.2,0.0,1.1797699445088168,930.4647167085228,False,settled
b,blue_ramp,ramp,0.0,1.2,0.0,0.7009766260349172,1106.434852431422,False,settled
b,blue_ramp,ramp,0.0,1.2,0.0,1.4634011636590605,846.0956075477991,False,settled
b,blue_ramp,ramp,0.0,1.2,0.0,0.9063247226530962,1018.8964835157495,False,settled
b,blue_ramp,ramp,0.0,1.2,0.0,0.7489108622400265,1087.8608359258376,False,settled
b,blue_ramp,ramp,0.0,1.2,0.0,0.714822362781578,1104.2730486803157,False,settled
b,blue_ramp,ramp,0.0,1.2,0.0,1.0593279637879651,971.3584100337715,False,settled
b,blue_ramp,ramp,0.0,1.2,0.0,0.7160322527361812,1093.063331180388,False,settled
b,blue_ramp,ramp,0.0,1.2,0.0,1.3286989376767167,883.2237428897678,False,settled
b,blue_ramp,ramp,0.0,1.2,0.0,1.5394605267843389,831.9684210154759,False,settled
b,blue_ramp,ramp,0.0,1.2,0.0,0.9947177515009431,986.5886316941502,False,settled
b,blue_ramp,ramp,0.0,1.2,0.0,1.042917517483575,974.7161247839373,False,settled
b,blue_ramp,ramp,0.0,1.2,0.0,1.0869286033561445,957.687360674442,False,settled
b,blue_ramp,ramp,0.0,1.2,0.0,1.2120868706012293,917.9120198885927,False,settled
b,blue_ramp,ramp,0.0,1.2,0.0,1.355760555976654,874.2972633001764,False,settled
b,blue_ramp,ramp,0.0,1.2,0.0,0.7112126474268874,1108.678301074524,False,settled
b,blue_ramp,ramp,0.0,1.2,0.0,0.7728108656716279,1070.9095715230112,False,settled
b,blue_ramp,ramp,0.0,1.2,0.0,0.8649409204911171,1034.6212880315195,False,settled
b,blue_ramp,ramp,0.0,1.2,0.0,0.9921521115696675,987.2262492828833,False,settled
b,blue_ramp,ramp,0.0,1.2,0.0,0.7258576880561763,1094.2884785816887,False,settled
b,blue_ramp,ramp,0.0,1.2,0.0,1.4716126704946817,844.9166732063533,False,settled
b,blue_ramp,ramp,0.0,1.2,0.0,0.9716938864123916,1001.3004975501335,False,settled
b,blue_ramp,ramp,0.0,1.2,0.0,1.5421444877559265,831.4252582496747,False,settled
b,blue_ramp,ramp,0.0,1.2,0.0,1.1685084977751692,932.1135466625329,False,settled
b,blue_ramp,ramp,0.0,1.2,0.0,0.6970151296102532,1103.442287536288,False,settled
b,blue_ramp,ramp,0.0,1.2,0.0,0.9737744242918673,999.6143659610702,False,settled
b,blue_ramp,ramp,0.0,1.2,0.0,1.2062947991210404,922.9509959644932,False,settled
b,blue_ramp,ramp,0.0,1.2,0.0,1.468689428223742,844.1068037206262,False,settled
b,blue_ramp,ramp,0.0,1.2,0.0,0.7230255278906087,1091.2324108055032,False,settled
b,blue_ramp,ramp,0.0,1.2,0.0,0.8603971123792599,1035.3095567035505,False,settled
b,blue_ramp,ramp,0.0,1.2,0.0,1.3903569663504152,866.0925518914793,False,settled
b,blue_ramp,ramp,0.0,1.2,0.0,1.0651830855201962,967.780973990452,False,settled
b,blue_ramp,ramp,0.0,1.2,0.0,1.6822386565711989,795.2481104944809,False,settled
b,blue_ramp,ramp,0.0,1.2,0.0,1.0212306357069132,982.2510375499187,False,settled
b,blue_ramp,ramp,0.0,1.2,0.0,0.8002739055401905,1057.6643506942485,False,settled
b,blue_ramp,ramp,0.0,1.2,0.0,0.7995123699531869,1057.686771344698,False,settled
b,blue_ramp,ramp,0.0,1.2,0.0,0.9673774193161149,1004.8050105413878,False,settled
b,blue_ramp,ramp,0.0,1.2,0.0,0.8206821791188889,1060.6983113381439,False,settled
b,blue_ramp,ramp,0.0,1.2,0.0,0.9365252267225186,1006.3521519041224,False,settled
b,blue_ramp,ramp,0.0,1.2,0.0,1.6409939743392241,806.4048449898448,False,settled
b,blue_ramp,ramp,0.0,1.2,0.0,0.715523773420333,1106.9740010706203,False,settled
b,blue_ramp,ramp,0.0,1.2,0.0,1.4061448794699185,863.2798157985816,False,settled
b,blue_ramp,ramp,0.0,1.2,0.0,1.112258485728929,954.5946651995989,False,settled
b,blue_ramp,ramp,0.0,1.2,0.0,1.2784762404958863,899.7803327741669,False,settled
b,blue_ramp,ramp,0.0,1.2,0.0,1.051381532362363,968.2443524982508,False,settled
b,blue_ramp,ramp,0.0,1.2,0.0,0.8478006225710145,1039.7845867664055,False,settled
b,blue_ramp,ramp,0.0,1.2,0.0,1.0359335600763144,980.4820557170418,False,settled
b,yellow_ramp,ramp,0.0,1.2,0.0,0.31614976893247215,1076.6835848573107,False,settled
b,yellow_ramp,ramp,0.0,1.2,0.0,0.9518938404789483,859.415422992583,False,settled
b,yellow_ramp,ramp,0.0,1.2,0.0,0.7071277640363572,926.9561561886942,False,settled
b,yellow_ramp,ramp,0.0,1.2,0.0,0.6939678023043104,937.9788103437359,False,settled
b,yellow_ramp,ramp,0.0,1.2,0.0,0.45754248661510644,1019.9751528894129,False,settled
b,yellow_ramp,ramp,0.0,1.2,0.0,0.5301337758397753,985.9762856463002,False,settled
b,yellow_ramp,ramp,0.0,1.2,0.0,0.7130915496379959,929.7439833958551,False,settled
b,yellow_ramp,ramp,0.0,1.2,0.0,0.7794307768698401,908.1244129184466,False,settled
b,yellow_ramp,ramp,0.0,1.2,0.0,0.932468023043009,861.7358760853165,False,settled
b,yellow_ramp,ramp,0.0,1.2,0.0,0.3275857578646278,1072.116723520264,False,settled
b,yellow_ramp,ramp,0.0,1.2,0.0,0.2263417629586783,1110.3772262413452,False,settled
b,yellow_ramp,ramp,0.0,1.2,0.0,0.28558640488392545,1081.6014217195009,False,settled
b,yellow_ramp,ramp,0.0,1.2,0.0,1.089659495125099,826.0891449255402,False,settled
b,yellow_ramp,ramp,0.0,1.2,0.0,0.7936986006401014,902.1308995690457,False,settled
b,yellow_ramp,ramp,0.0,1.2,0.0,1.1504758751543405,811.6615139590072,False,settled
b,yellow_ramp,ramp,0.0,1.2,0.0,0.9139138283180873,870.0514861610721,False,settled
b,yellow_ramp,ramp,0.0,1.2,0.0,0.5004573694246552,1004.3341602979051,False,settled
b,yellow_ramp,ramp,0.0,1.2,0.0,0.4843397678319063,1005.9224772185523,False,settled
b,yellow_ramp,ramp,0.0,1.2,0.0,0.2254091406118962,1111.4535187371198,False,settled
b,yellow_ramp,ramp,0.0,1.2,0.0,0.5283229602755687,986.3578867956679,False,settled
b,yellow_ramp,ramp,0.0,1.2,0.0,1.0501078395414762,837.0629499936556,False,settled
b,yellow_ramp,ramp,0.0,1.2,0.0,1.149285620377848,811.6871902659462,False,settled
b,yellow_ramp,ramp,0.0,1.2,0.0,0.2516930737269313,1099.903301573467,False,settled
b,yellow_ramp,ramp,0.0,1.2,0.0,1.0440801400765984,837.7681907993574,False,settled
b,yellow_ramp,ramp,0.0,1.2,0.0,0.2709998500894186,1089.3518125933515,False,settled
b,yellow_ramp,ramp,0.0,1.2,0.0,1.0139572840924378,845.9698283869416,False,settled
b,yellow_ramp,ramp,0.0,1.2,0.0,0.983745407765556,847.2388292344489,False,settled
b,yellow_ramp,ramp,0.0,1.2,0.0,0.5465555600177683,988.1435831817098,False,settled
b,yellow_ramp,ramp,0.0,1.2,0.0,0.4963585778292607,996.6409216996448,False,settled
b,yellow_ramp,ramp,0.0,1.2,0.0,0.8134080973025827,897.5105179176775,False,settled
b,yellow_ramp,ramp,0.0,1.2,0.0,0.41046282582294064,1028.5706766212222,False,settled
b,yellow_ramp,ramp,0.0,1.2,0.0,0.46960406748459427,1006.252752352832,False,settled
b,yellow_ramp,ramp,0.0,1.2,0.0,0.7497803475897534,913.4557000820515,False,settled
b,yellow_ramp,ramp,0.0,1.2,0.0,0.9282490226092854,865.6390124294946,False,settled
b,yellow_ramp,ramp,0.0,1.2,0.0,0.7486322660507428,914.4039787932992,False,settled
b,yellow_ramp,ramp,0.0,1.2,0.0,0.8644918852744794,880.3929988548884,False,settled
b,yellow_ramp,ramp,0.0,1.2,0.0,0.7723971036849783,907.3509945502739,False,settled
b,yellow_ramp,ramp,0.0,1.2,0.0,0.2611895512415053,1095.412323625721,False,settled
b,yellow_ramp,ramp,0.0,1.2,0.0,0.6402990743383473,949.616577821298,False,settled
b,yellow_ramp,ramp,0.0,1.2,0.0,0.368098896689635,1049.2480822914727,False,settled
b,yellow_ramp,ramp,0.0,1.2,0.0,1.212103268146765,796.0228302842105,False,settled
b,yellow_ramp,ramp,0.0,1.2,0.0,0.9918701323030947,846.5056198271914,False,settled
b,yellow_ramp,ramp,0.0,1.2,0.0,0.8905705697088188,877.3642679932466,False,settled
b,yellow_ramp,ramp,0.0,1.2,0.0,1.051311258961362,836.6415405630578,False,settled
b,yellow_ramp,ramp,0.0,1.2,0.0,0.5091267079581115,997.3920475584039,False,settled
b,yellow_ramp,ramp,0.0,1.2,0.0,0.4091053042380716,1029.7099065402779,False,settled
b,yellow_ramp,ramp,0.0,1.2,0.0,0.801054376321506,902.2390459049648,False,settled
b,yellow_ramp,ramp,0.0,1.2,0.0,1.054128790905061,836.4369482963971,False,settled
b,yellow_ramp,ramp,0.0,1.2,0.0,0.8104360920092762,900.2846991813506,False,settled
b,yellow_ramp,ramp,0.0,1.2,0.0,0.39738220027286836,1034.720279330952,False,settled
b,yellow_ramp,ramp,0.0,1.2,0.0,0.7014006616729963,931.7750366316435,False,settled
b,yellow_ramp,ramp,0.0,1.2,0.0,0.9986010274380519,849.2797584939223,False,settled
b,yellow_ramp,ramp,0.0,1.2,0.0,0.4352798929327543,1021.541576209029,False,settled
b,yellow_ramp,ramp,0.0,1.2,0.0,0.7313032987605584,921.7260551983887,False,settled
b,yellow_ramp,ramp,0.0,1.2,0.0,0.5903471427303231,972.5743830863175,False,settled
b,yellow_ramp,ramp,0.0,1.2,0.0,0.7531173464378487,917.9485083975424,False,settled
b,yellow_ramp,ramp,0.0,1.2,0.0,0.921310533802106,867.706613523261,False,settled
b,yellow_ramp,ramp,0.0,1.2,0.0,0.6675843498116748,944.5288766580411,False,settled
b,yellow_ramp,ramp,0.0,1.2,0.0,0.3023212465483765,1072.9674652360577,False,settled
b,yellow_ramp,ramp,0.0,1.2,0.0,0.41602856994313536,1036.6279794257453,False,settled
b,yellow_ramp,ramp,0.0,1.2,0.0,0.693081952222001,938.7490186245343,False,settled
b,yellow_ramp,ramp,0.0,1.2,0.0,0.7316945268452146,921.3829349990497,False,settled
b,yellow_ramp,ramp,0.0,1.2,0.0,0.5186760652266448,990.1448978255388,False,settled
b,yellow_ramp,ramp,0.0,1.2,0.0,0.979001810787711,852.347411972872,False,settled
b,yellow_ramp,ramp,0.0,1.2,0.0,1.2111271482328794,796.5971938360409,False,settled
b,yellow_ramp,ramp,0.0,1.2,0.0,0.26275772225379784,1098.2252866948184,False,settled
b,yellow_ramp,ramp,0.0,1.2,0.0,0.3778706864262966,1041.7389495189368,False,settled
b,yellow_ramp,ramp,0.0,1.2,0.0,0.8802229315007918,876.5818645140199,False,settled
b,yellow_ramp,ramp,0.0,1.2,0.0,0.5441336176557018,979.888050808729,False,settled
b,yellow_ramp,ramp,0.0,1.2,0.0,0.42382345043539066,1030.6368393410226,False,settled
b,yellow_ramp,ramp,0.0,1.2,0.0,1.0605743498967768,834.4105890465745,False,settled
b,yellow_ramp,ramp,0.0,1.2,0.0,0.4852308515293454,1005.2061709802406,False,settled
b,yellow_ramp,ramp,0.0,1.2,0.0,0.7178281021748173,925.6174717289877,False,settled
b,yellow_ramp,ramp,0.0,1.2,0.0,0.4397310593765589,1018.1939145136733,False,settled
b,yellow_ramp,ramp,0.0,1.2,0.0,0.4938934019163686,998.5732124441118,False,settled
b,yellow_ramp,ramp,0.0,1.2,0.0,0.985397393980261,849.6653239271611,False,settled
b,yellow_ramp,ramp,0.0,1.2,0.0,0.28715201136539076,1077.6824155462161,False,settled
b,yellow_ramp,ramp,0.0,1.2,0.0,0.31181098677675495,1065.9622297771298,False,settled
b,yellow_ramp,ramp,0.0,1.2,0.0,0.4406287592050236,1017.4316650128158,False,settled
b,yellow_ramp,ramp,0.0,1.2,0.0,0.8092850279146379,901.3591920610809,False,settled
b,yellow_ramp,ramp,0.0,1.2,0.0,1.055083833961838,835.0478290709435,False,settled
b,yellow_ramp,ramp,0.0,1.2,0.0,0.8159224822256065,895.2531153712147,False,settled
b,yellow_ramp,ramp,0.0,1.2,0.0,0.9044038422057024,869.1465077665684,False,settled
b,yellow_ramp,ramp,0.0,1.2,0.0,0.3923080668016987,1035.3968001640512,False,settled
b,yellow_ramp,ramp,0.0,1.2,0.0,0.9741998262425866,853.2944969183251,False,settled
b,yellow_ramp,ramp,0.0,1.2,0.0,0.6648680809029972,946.5578765856213,False,settled
b,yellow_ramp,ramp,0.0,1.2,0.0,0.30623040102444654,1070.2087895776592,False,settled
b,yellow_ramp,ramp,0.0,1.2,0.0,0.3685069685205235,1048.9289586540572,False,settled
b,yellow_ramp,ramp,0.0,1.2,0.0,0.746174100204663,916.5268243300429,False,settled
b,yellow_ramp,ramp,0.0,1.2,0.0,0.7964001549815075,899.6999753663846,False,settled
b,yellow_ramp,ramp,0.0,1.2,0.0,0.2848523832020813,1081.3691659272426,False,settled
b,yellow_ramp,ramp,0.0,1.2,0.0,0.35575358062428014,1058.6653796772441,False,settled
b,yellow_ramp,ramp,0.0,1.2,0.0,0.26196802415082054,1094.6271013908656,False,settled
b,yellow_ramp,ramp,0.0,1.2,0.0,0.9329484831521312,861.4843758829803,False,settled
b,yellow_ramp,ramp,0.0,1.2,0.0,1.0297078866542726,843.1023843691607,False,settled
b,yellow_ramp,ramp,0.0,1.2,0.0,0.998143313435821,848.186127785252,False,settled
b,yellow_ramp,ramp,0.0,1.2,0.0,0.9899259140532991,848.7981147434094,False,settled
b,yellow_ramp,ramp,0.0,1.2,0.0,0.24801988384966114,1106.963006689543,False,settled
b,yellow_ramp,ramp,0.0,1.2,0.0,0.24141160528933336,1101.3850068479458,False,settled
b,yellow_ramp,ramp,0.0,1.2,0.0,1.0309464723192183,842.1704537290352,False,settled
b,yellow_ramp,ramp,0.0,1.2,0.0,0.2912706439992379,1077.1467265628048,False,settled
b,yellow_ramp,ramp,0.0,1.2,0.0,1.0586891778993675,832.6243575059963,False,settled
b,yellow_ramp,ramp,0.0,1.2,0.0,0.7540809439218844,917.0896285023173,False,settled
b,yellow_ramp,ramp,0.0,1.2,0.0,0.30875481034248237,1068.1957513090251,False,settled
b,yellow_ramp,ramp,0.0,1.2,0.0,0.7338896562613867,919.4765024699268,False,settled
b,yellow_ramp,ramp,0.0,1.2,0.0,0.2704320754371135,1088.8029355150525,False,settled
b,yellow_ramp,ramp,0.0,1.2,0.0,0.5907277758172739,972.2618304900557,False,settled
b,yellow_ramp,ramp,0.0,1.2,0.0,0.5177318113559004,990.8880056604429,False,settled
b,yellow_ramp,ramp,0.0,1.2,0.0,0.26401638931239924,1099.815520291405,False,settled
b,yellow_ramp,ramp,0.0,1.2,0.0,0.839973786768913,892.1426404985077,False,settled
b,yellow_ramp,ramp,0.0,1.2,0.0,0.7278156532166393,924.7835835538164,False,settled
b,yellow_ramp,ramp,0.0,1.2,0.0,0.5757758714453048,974.4206816781394,False,settled
b,yellow_ramp,ramp,0.0,1.2,0.0,0.6287948868182102,958.9345855415079,False,settled
b,yellow_ramp,ramp,0.0,1.2,0.0,0.6274525790239422,960.0684379812303,False,settled
b,yellow_ramp,ramp,0.0,1.2,0.0,1.2229220804102012,790.1377334493295,False,settled
b,yellow_ramp,ramp,0.0,1.2,0.0,0.36265862214168304,1053.5031435556089,False,settled
b,yellow_ramp,ramp,0.0,1.2,0.0,0.7184999951607558,925.1234711362536,False,settled
b,yellow_ramp,ramp,0.0,1.2,0.0,0.5955675895631127,968.3222459629899,False,settled
b,yellow_ramp,ramp,0.0,1.2,0.0,0.48092122577105423,1008.6709564736077,False,settled
b,yellow_ramp,ramp,0.0,1.2,0.0,0.3756136676046731,1043.3995069259752,False,settled
b,yellow_ramp,ramp,0.0,1.2,0.0,1.0624769146289315,832.8445618571476,False,settled
b,yellow_ramp,ramp,0.0,1.2,0.0,1.1172155646351827,819.0119925129735,False,settled
b,yellow_ramp,ramp,0.0,1.2,0.0,0.3901245108831295,1035.724510933635,False,settled
b,yellow_ramp,ramp,0.0,1.2,0.0,1.0463816154136139,837.0658550705352,False,settled
b,yellow_ramp,ramp,0.0,1.2,0.0,0.9602037060825759,855.2840243737986,False,settled
b,yellow_ramp,ramp,0.0,1.2,0.0,1.177155616081993,805.6624153778805,False,settled
b,yellow_ramp,ramp,0.0,1.2,0.0,0.4814809857443011,1008.2208114668688,False,settled
b,yellow_ramp,ramp,0.0,1.2,0.0,0.33181867882544624,1057.7097542051424,False,settled
b,yellow_ramp,ramp,0.0,1.2,0.0,0.7636057630204034,913.343078799773,False,settled
b,yellow_ramp,ramp,0.0,1.2,0.0,0.7014606859192237,931.7232231627975,False,settled
b,yellow_ramp,ramp,0.0,1.2,0.0,0.42095243130335996,1032.9251557209623,False,settled
b,yellow_ramp,ramp,0.0,1.2,0.0,0.4743250125614495,1013.9995432782662,False,settled
b,yellow_ramp,ramp,0.0,1.2,0.0,0.3749232289029684,1043.9352158256568,False,settled
b,yellow_ramp,ramp,0.0,1.2,0.0,1.0703565027764692,831.9886968565495,False,settled
b,yellow_ramp,ramp,0.0,1.2,0.0,0.466648077885797,1018.2640762468768,False,settled
b,yellow_ramp,ramp,0.0,1.2,0.0,0.5385015935286583,984.3073863046186,False,settled
b,yellow_ramp,ramp,0.0,1.2,0.0,0.3703806126807929,1047.4636978747174,False,settled
b,yellow_ramp,ramp,0.0,1.2,0.0,0.5962443559713668,968.1490882698463,False,settled
b,yellow_ramp,ramp,0.0,1.2,0.0,0.7629433283906228,913.574889026212,False,settled
b,yellow_ramp,ramp,0.0,1.2,0.0,0.2922462082344947,1077.7636992920063,False,settled
b,yellow_ramp,ramp,0.0,1.2,0.0,0.3051048067017786,1070.974188599951,False,settled
b,yellow_ramp,ramp,0.0,1.2,0.0,0.6412036089838524,948.7859783148732,False,settled
b,yellow_ramp,ramp,0.0,1.2,0.0,1.066539687576453,832.9305888987095,False,settled
b,yellow_ramp,ramp,0.0,1.2,0.0,0.5650448781940188,973.4161769856782,False,settled
b,yellow_ramp,ramp,0.0,1.2,0.0,0.34493655517761174,1053.5907962475128,False,settled
b,yellow_ramp,ramp,0.0,1.2,0.0,0.8356672849586607,889.8779024535802,False,settled
b,yellow_ramp,ramp,0.0,1.2,0.0,0.3600490179610087,1055.5399067467913,False,settled
b,yellow_ramp,ramp,0.0,1.2,0.0,0.747702941874846,915.2104623129784,False,settled
b,yellow_ramp,ramp,0.0,1.2,0.0,0.8382168797127341,887.8683608983021,False,settled
b,yellow_ramp,ramp,0.0,1.2,0.0,0.5730610023469975,976.6613942060496,False,settled
b,yellow_ramp,ramp,0.0,1.2,0.0,0.45637355641011473,1020.1948148569197,False,settled
b,yellow_ramp,ramp,0.0,1.2,0.0,0.9525197227967016,858.7264428091225,False,settled
b,yellow_ramp,ramp,0.0,1.2,0.0,0.8822992422660157,880.0023221138625,False,settled
b,yellow_ramp,ramp,0.0,1.2,0.0,0.8945600725162928,873.3221643722366,False,settled
b,yellow_ramp,ramp,0.0,1.2,0.0,0.7562441988084672,915.9200272904692,False,settled
b,yellow_ramp,ramp,0.0,1.2,0.0,0.36750607547368874,1049.711681928231,False,settled
b,yellow_ramp,ramp,0.0,1.2,0.0,0.4860484773194699,1004.5489101020635,False,settled
b,yellow_ramp,ramp,0.0,1.2,0.0,0.2994860436383478,1074.9090314634743,False,settled
b,yellow_ramp,ramp,0.0,1.2,0.0,0.7653586737721828,912.72967053099,False,settled
b,yellow_ramp,ramp,0.0,1.2,0.0,0.34673105001142973,1052.29764349515,False,settled
b,yellow_ramp,ramp,0.0,1.2,0.0,0.22663992288835158,1114.7230152514658,False,settled
b,yellow_ramp,ramp,0.0,1.2,0.0,0.5313897559011962,985.7140185035314,False,settled
b,yellow_ramp,ramp,0.0,1.2,0.0,0.5669371984702871,981.7191677964325,False,settled
b,yellow_ramp,ramp,0.0,1.2,0.0,0.731769089762211,921.317584654777,False,settled
b,yellow_ramp,ramp,0.0,1.2,0.0,0.8321387432160299,893.1941239602512,False,settled
b,yellow_ramp,ramp,0.0,1.2,0.0,0.888041224757027,874.5174658767764,False,settled
b,yellow_ramp,ramp,0.0,1.2,0.0,0.3062003621141226,1070.2317929261685,False,settled
b,yellow_ramp,ramp,0.0,1.2,0.0,0.8614616939462747,882.9671354636798,False,settled
b,yellow_ramp,ramp,0.0,1.2,0.0,0.33804928829392167,1056.936670314499,False,settled
b,yellow_ramp,ramp,0.0,1.2,0.0,0.8998073791559072,873.5552365565125,False,settled
b,yellow_ramp,ramp,0.0,1.2,0.0,0.6803726669637064,937.7300420971455,False,settled
b,yellow_ramp,ramp,0.0,1.2,0.0,0.6408525141252462,949.0778990126361,False,settled
b,yellow_ramp,ramp,0.0,1.2,0.0,0.5017559417968444,1003.2796783900293,False,settled
b,yellow_ramp,ramp,0.0,1.2,0.0,0.6980934482128851,934.6424147943342,False,settled
b,yellow_ramp,ramp,0.0,1.2,0.0,0.7735427531489737,906.4356008444644,False,settled
b,yellow_ramp,ramp,0.0,1.2,0.0,0.8291133455668193,896.0485021883318,False,settled
b,yellow_ramp,ramp,0.0,1.2,0.0,0.33051029433518697,1071.731334190562,False,settled
b,yellow_ramp,ramp,0.0,1.2,0.0,1.1015968583358822,823.8510147562291,False,settled
b,yellow_ramp,ramp,0.0,1.2,0.0,0.296091321550014,1076.9526629295926,False,settled
b,yellow_ramp,ramp,0.0,1.2,0.0,0.9390983279930647,863.0374745917114,False,settled
b,yellow_ramp,ramp,0.0,1.2,0.0,0.5775563227859009,972.9627871580485,False,settled
b,yellow_ramp,ramp,0.0,1.2,0.0,0.36413755103186324,1052.3464011204535,False,settled
b,yellow_ramp,ramp,0.0,1.2,0.0,0.3521158792834068,1061.5410071578626,False,settled
b,yellow_ramp,ramp,0.0,1.2,0.0,0.8923909466309347,875.513175382058,False,settled
b,yellow_ramp,ramp,0.0,1.2,0.0,0.6665668425308736,945.1297310320828,False,settled
b,yellow_ramp,ramp,0.0,1.2,0.0,0.504336281354289,1001.1848967263445,False,settled
b,yellow_ramp,ramp,0.0,1.2,0.0,1.1214078759717987,820.3008699787533,False,settled
b,yellow_ramp,ramp,0.0,1.2,0.0,1.195249437475241,800.5663652804262,False,settled
b,yellow_ramp,ramp,0.0,1.2,0.0,0.9129332705064747,871.054415153443,False,settled
b,yellow_ramp,ramp,0.0,1.2,0.0,0.522250105356575,987.7419090382037,False,settled
b,yellow_ramp,ramp,0.0,1.2,0.0,0.8088429233042258,901.7718684887117,False,settled
b,yellow_ramp,ramp,0.0,1.2,0.0,0.9907632193408388,847.8107293812739,False,settled
b,yellow_ramp,ramp,0.0,1.2,0.0,0.8374948011375974,888.17906904678,False,settled
b,yellow_ramp,ramp,0.0,1.2,0.0,0.8906281743841395,877.3056930711409,False,settled
b,yellow_ramp,ramp,0.0,1.2,0.0,0.48129537796749905,1008.370023989567,False,settled
b,yellow_ramp,ramp,0.0,1.2,0.0,0.2320209398031604,1111.0026618614224,False,settled
b,yellow_ramp,ramp,0.0,1.2,0.0,1.0526007277394698,834.8881830606553,False,settled
b,yellow_ramp,ramp,0.0,1.2,0.0,1.184187706461073,804.3964848375557,False,settled
b,yellow_ramp,ramp,0.0,1.2,0.0,0.8990558982833857,874.3240191993092,False,settled
b,yellow_ramp,ramp,0.0,1.2,0.0,0.31836615535990975,1074.9362526371788,False,settled
b,yellow_ramp,ramp,0.0,1.2,0.0,0.9477498202621264,859.3189652463429,False,settled
b,yellow_ramp,ramp,0.0,1.2,0.0,0.30671857581009626,1069.8348946757549,False,settled
b,yellow_ramp,ramp,0.0,1.2,0.0,0.5381725944119378,984.3760232538456,False,settled
b,yellow_ramp,ramp,0.0,1.2,0.0,0.3522458702800357,1061.4382845489438,False,settled
b,yellow_ramp,ramp,0.0,1.2,0.0,0.4511068063113902,1021.3904735364938,False,settled
b,yellow_ramp,ramp,0.0,1.2,0.0,0.8427364097520841,890.4201773076004,False,settled
b,yellow_ramp,ramp,0.0,1.2,0.0,0.9247438645047956,864.3918756702998,False,settled
b,yellow_ramp,ramp,0.0,1.2,0.0,0.26505131065034404,1086.0034855423653,False,settled
b,yellow_ramp,ramp,0.0,1.2,0.0,0.61734034833287,959.4237520438653,False,settled
b,yellow_ramp,ramp,0.0,1.2,0.0,0.7337952062444741,919.5592742616308,False,settled
b,yellow_ramp,ramp,0.0,1.2,0.0,0.7805132219889396,907.1428848657177,False,settled
b,yellow_ramp,ramp,0.0,1.2,0.0,1.2148367626237178,794.7406144558884,False,settled
b,yellow_ramp,ramp,0.0,1.2,0.0,0.7779129155789772,909.5119563378654,False,settled
b,yellow_ramp,ramp,0.0,1.2,0.0,1.2184033639610756,792.196940015954,False,settled
b,yellow_ramp,ramp,0.0,1.2,0.0,0.22761687235972317,1111.7551005582945,False,settled
b,yellow_ramp,ramp,0.0,1.2,0.0,0.5166697245700226,991.440758890655,False,settled
b,yellow_ramp,ramp,0.0,1.2,0.0,0.518077079664384,990.6162887861956,False,settled
b,yellow_ramp,ramp,0.0,1.2,0.0,0.7724857809970939,907.271250525002,False,settled
b,yellow_ramp,ramp,0.0,1.2,0.0,0.5840786644346391,968.0108217349953,False,settled
b,yellow_ramp,ramp,0.0,1.2,0.0,0.48240583079481414,1007.4773130796972,False,settled
b,yellow_ramp,ramp,0.0,1.2,0.0,0.49188566261305994,999.8861106058617,False,settled
b,yellow_ramp,ramp,0.0,1.2,0.0,0.9728568606632314,850.4900486790013,False,settled
b,yellow_ramp,ramp,0.0,1.2,0.0,0.22085092969523315,1119.2999168864144,False,settled
b,yellow_ramp,ramp,0.0,1.2,0.0,1.157800589454925,810.8016127264018,False,settled
b,yellow_ramp,ramp,0.0,1.2,0.0,0.4922796580581518,999.6605416181559,False,settled
b,yellow_ramp,ramp,0.0,1.2,0.0,0.8362921534905279,889.3785765073667,False,settled
b,yellow_ramp,ramp,0.0,1.2,0.0,0.606659420719534,965.4873274137259,False,settled
b,yellow_ramp,ramp,0.0,1.2,0.0,0.35406933152386594,1059.9970476196095,False,settled
b,yellow_ramp,ramp,0.0,1.2,0.0,0.7563829055880079,915.871462349168,False,settled
b,yellow_ramp,ramp,0.0,1.2,0.0,0.41374832788833854,1038.455883915937,False,settled
b,yellow_ramp,ramp,0.0,1.2,0.0,0.4492839165788299,1022.8339520702735,False,settled
b,yellow_ramp,ramp,0.0,1.2,0.0,1.0989775180514931,825.0345741944165,False,settled
b,yellow_ramp,ramp,0.0,1.2,0.0,0.5885220194224311,974.073229769665,False,settled
b,yellow_ramp,ramp,0.0,1.2,0.0,0.3331358044668559,1057.614942485972,False,settled
b,yellow_ramp,ramp,0.0,1.2,0.0,0.6919668117062101,931.7366219111426,False,settled
b,yellow_ramp,ramp,0.0,1.2,0.0,0.8098956297090246,900.7892224016383,False,settled
b,yellow_ramp,ramp,0.0,1.2,0.0,0.8638667961491587,880.9008054376731,False,settled
b,yellow_ramp,ramp,0.0,1.2,0.0,0.701691381755736,931.5240838830279,False,settled
b,yellow_ramp,ramp,0.0,1.2,0.0,0.49013722529397863,1001.2804861106451,False,settled
b,yellow_ramp,ramp,0.0,1.2,0.0,0.3916212274812941,1035.5027460843285,False,settled
b,yellow_ramp,ramp,0.0,1.2,0.0,1.0061168989389377,847.1552707582592,False,settled
b,yellow_ramp,ramp,0.0,1.2,0.0,0.9310426050705292,863.0465738442624,False,settled
b,yellow_ramp,ramp,0.0,1.2,0.0,0.8923801912357087,875.5241125845148,False,settled
b,yellow_ramp,ramp,0.0,1.2,0.0,0.4947777665543173,997.9087618694746,False,settled
b,yellow_ramp,ramp,0.0,1.2,0.0,0.5253578501479794,987.0765593770553,False,settled
b,yellow_ramp,ramp,0.0,1.2,0.0,0.22495832613987615,1102.6097684915521,False,settled
b,yellow_ramp,ramp,0.0,1.2,0.0,0.29009634950464386,1076.591325416191,False,settled
b,yellow_ramp,ramp,0.0,1.2,0.0,1.0281908973954117,841.588119869428,False,settled
b,yellow_ramp,ramp,0.0,1.2,0.0,0.7066320817799794,927.2866084037344,False,settled
b,yellow_ramp,ramp,0.0,1.2,0.0,1.191229780014367,802.3721099694482,False,settled
b,yellow_ramp,ramp,0.0,1.2,0.0,0.3077771341274273,1068.9460792247173,False,settled
b,yellow_ramp,ramp,0.0,1.2,0.0,0.5186720676103864,990.1480439149395,False,settled
b,yellow_ramp,ramp,0.0,1.2,0.0,0.9177374392949527,866.4719633949376,False,settled
b,yellow_ramp,ramp,0.0,1.2,0.0,0.4436594738568696,1015.1504176616427,False,settled
b,yellow_ramp,ramp,0.0,1.2,0.0,0.5756735290854897,974.5048064918745,False,settled
b,yellow_ramp,ramp,0.0,1.2,0.0,0.7952395207675508,900.7426335955145,False,settled
b,yellow_ramp,ramp,0.0,1.2,0.0,0.6413377546847369,948.6744460075419,False,settled
b,yellow_ramp,ramp,0.0,1.2,0.0,0.3730526470873782,1045.3869132019697,False,settled
b,yellow_ramp,ramp,0.0,1.2,0.0,0.6301828935957151,957.7624167856354,False,settled
b,yellow_ramp,ramp,0.0,1.2,0.0,0.7572859203535783,915.5552934553699,False,settled
b,yellow_ramp,ramp,0.0,1.2,0.0,0.2898752827034184,1076.5775155164013,False,settled
b,yellow_ramp,ramp,0.0,1.2,0.0,0.5245057210745577,987.2572994360985,False,settled
b,yellow_ramp,ramp,0.0,1.2,0.0,1.122592493266072,819.1474901151196,False,settled
b,yellow_ramp,ramp,0.0,1.2,0.0,0.3529250174893018,1060.9015615235476,False,settled
b,yellow_ramp,ramp,0.0,1.2,0.0,0.9086598744641228,869.9610274383942,False,settled
b,yellow_ramp,ramp,0.0,1.2,0.0,0.6309797292887032,957.0894829038784,False,settled
b,yellow_ramp,ramp,0.0,1.2,0.0,0.6575998039716929,944.1313001471663,False,settled
b,yellow_ramp,ramp,0.0,1.2,0.0,0.49997297452160755,1004.7274312835139,False,settled
b,yellow_ramp,ramp,0.0,1.2,0.0,0.739954480861997,921.942966988379,False,settled
b,yellow_ramp,ramp,0.0,1.2,0.0,0.49100987698558696,1000.5846470616243,False,settled
b,yellow_ramp,ramp,0.0,1.2,0.0,0.9533540301369111,858.060142483057,False,settled
b,yellow_ramp,ramp,0.0,1.2,0.0,0.8964459477887126,871.6960214301998,False,settled
b,yellow_ramp,ramp,0.0,1.2,0.0,1.1172502703803973,818.9675698640256,False,settled
b,yellow_ramp,ramp,0.0,1.2,0.0,0.7842839182868858,903.7474565173005,False,settled
b,yellow_ramp,ramp,0.0,1.2,0.0,0.8144278808765154,896.558792751214,False,settled
b,yellow_ramp,ramp,0.0,1.2,0.0,0.7974430936496847,905.5873016911142,False,settled
b,yellow_ramp,ramp,0.0,1.2,0.0,1.1642587592787206,808.1429363968456,False,settled
b,yellow_ramp,ramp,0.0,1.2,0.0,0.8132407430055505,897.6667009334235,False,settled
b,yellow_ramp,ramp,0.0,1.2,0.0,0.2518418750654224,1100.2563725420343,False,settled
b,yellow_ramp,ramp,0.0,1.2,0.0,0.7462318797268644,916.4764075360481,False,settled
b,yellow_ramp,ramp,0.0,1.2,0.0,1.102244834031252,822.8106098192015,False,settled
b,yellow_ramp,ramp,0.0,1.2,0.0,0.971021843720425,852.5458045989297,False,settled
b,yellow_ramp,ramp,0.0,1.2,0.0,0.7970066029409998,905.9919853265909,False,settled
b,yellow_ramp,ramp,0.0,1.2,0.0,0.9254869134179621,863.618774100233,False,settled
b,yellow_ramp,ramp,0.0,1.2,0.0,0.2464531436964056,1101.0829771146325,False,settled
b,yellow_ramp,ramp,0.0,1.2,0.0,0.8580636568439962,886.2837724258727,False,settled
b,yellow_ramp,ramp,0.0,1.2,0.0,0.49978894486475783,1004.876925203754,False,settled
b,yellow_ramp,ramp,0.0,1.2,0.0,0.6266316284155579,960.7619729658003,False,settled
b,yellow_ramp,ramp,0.0,1.2,0.0,0.40104411763623377,1034.097368243661,False,settled
b,yellow_ramp,ramp,0.0,1.2,0.0,0.3611222507641042,1054.7061001722138,False,settled
b,yellow_ramp,ramp,0.0,1.2,0.0,0.2754524390508966,1089.3052786094472,False,settled
b,yellow_ramp,ramp,0.0,1.2,0.0,0.37945812862876477,1040.4338615426132,False,settled
b,yellow_ramp,ramp,0.0,1.2,0.0,0.7320344265979419,921.0850305315035,False,settled
b,yellow_ramp,ramp,0.0,1.2,0.0,1.0494546631152886,835.5068929650754,False,settled
b,yellow_ramp,ramp,0.0,1.2,0.0,0.37249932330277274,1045.8163336749515,False,settled
b,yellow_ramp,ramp,0.0,1.2,0.0,0.417730756053045,1035.5099095746796,False,settled
b,yellow_ramp,ramp,0.0,1.2,0.0,0.36621818558816016,1050.7190373111039,False,settled
b,yellow_ramp,ramp,0.0,1.2,0.0,0.30116917541079047,1073.7822177333558,False,settled
b,yellow_ramp,ramp,0.0,1.2,0.0,0.27043323946493913,1088.8040658773375,False,settled
b,yellow_ramp,ramp,0.0,1.2,0.0,0.5572331773479381,979.3860828684898,False,settled
b,yellow_ramp,ramp,0.0,1.2,0.0,1.0658700220546626,831.9413395847629,False,settled
b,yellow_ramp,ramp,0.0,1.2,0.0,1.1551400313623603,811.4648947840366,False,settled
b,yellow_ramp,ramp,0.0,1.2,0.0,0.5964216821716897,968.1037165696819,False,settled
b,yellow_ramp,ramp,0.0,1.2,0.0,0.9004834045681791,872.8638718980358,False,settled
b,yellow_ramp,ramp,0.0,1.2,0.0,0.6345004476950088,954.3872376068123,False,settled
b,yellow_ramp,ramp,0.0,1.2,0.0,0.40363729565501555,1033.7204381260167,False,settled
b,yellow_ramp,ramp,0.0,1.2,0.0,0.5145666958300816,993.0960788294075,False,settled
b,yellow_ramp,ramp,0.0,1.2,0.0,0.26399146525213146,1099.784287106965,False,settled
b,yellow_ramp,ramp,0.0,1.2,0.0,0.32425948807009325,1072.555393695387,False,settled
b,yellow_ramp,ramp,0.0,1.2,0.0,0.6279616806331733,959.6384691995019,False,settled
b,yellow_ramp,ramp,0.0,1.2,0.0,0.7378317639773893,923.7879711693615,False,settled
b,yellow_ramp,ramp,0.0,1.2,0.0,0.23574918567028924,1105.431311090007,False,settled
b,yellow_ramp,ramp,0.0,1.2,0.0,0.7799521380136626,907.6514901024194,False,settled
b,yellow_ramp,ramp,0.0,1.2,0.0,0.43953581062166525,1018.3452368507672,False,settled
b,yellow_ramp,ramp,0.0,1.2,0.0,0.987935419354226,846.7288345941828,False,settled
b,yellow_ramp,ramp,0.0,1.2,0.0,0.7158488068247428,927.3393369684702,False,settled
b,yellow_ramp,ramp,0.0,1.2,0.0,0.3360484754301741,1057.1704111306217,False,settled
b,yellow_ramp,ramp,0.0,1.2,0.0,1.102384162192892,823.3152504722888,False,settled
b,yellow_ramp,ramp,0.0,1.2,0.0,0.963697441850192,855.8790760635886,False,settled
b,yellow_ramp,ramp,0.0,1.2,0.0,0.23378243615616714,1108.3771555533308,False,settled
b,yellow_ramp,ramp,0.0,1.2,0.0,1.223658310960307,791.4000458099237,False,settled
b,yellow_ramp,ramp,0.0,1.2,0.0,0.36894391175645386,1048.5872549719418,False,settled
b,yellow_ramp,ramp,0.0,1.2,0.0,0.4337124721022175,1022.7803604729232,False,settled
b,yellow_ramp,ramp,0.0,1.2,0.0,0.9646670357544902,855.0422154582186,False,settled
b,yellow_ramp,ramp,0.0,1.2,0.0,1.0517587194462532,835.9983598811577,False,settled
b,yellow_ramp,ramp,0.0,1.2,0.0,1.0684482463807707,831.2750260518288,False,settled
b,yellow_ramp,ramp,0.0,1.2,0.0,0.5486505996988256,986.4158631197068,False,settled
b,yellow_ramp,ramp,0.0,1.2,0.0,0.9682984032770381,855.3909411656405,False,settled
b,yellow_ramp,ramp,0.0,1.2,0.0,1.111619542142009,822.1186465879339,False,settled
b,yellow_ramp,ramp,0.0,1.2,0.0,1.1129408435400772,819.0270035808453,False,settled
b,yellow_ramp,ramp,0.0,1.2,0.0,0.7011620993872433,931.9809609613656,False,settled
b,yellow_ramp,ramp,0.0,1.2,0.0,0.4742555733792013,1014.0558155792263,False,settled
b,yellow_ramp,ramp,0.0,1.2,0.0,0.24698564898695669,1103.993280440837,False,settled
b,yellow_ramp,ramp,0.0,1.2,0.0,0.504058306386803,1001.4105656756476,False,settled
b,yellow_ramp,ramp,0.0,1.2,0.0,0.8063347247515726,897.3812797876618,False,settled
b,yellow_ramp,ramp,0.0,1.2,0.0,1.115360523404272,821.5255009134906,False,settled
b,yellow_ramp,ramp,0.0,1.2,0.0,0.5035766251173238,1001.8016086535639,False,settled
b,yellow_ramp,ramp,0.0,1.2,0.0,0.9453965179193521,861.6414489315058,False,settled
b,yellow_ramp,ramp,0.0,1.2,0.0,0.781364374459954,906.3712928496793,False,settled
b,yellow_ramp,ramp,0.0,1.2,0.0,0.3065629126636439,1069.9541294755938,False,settled
b,yellow_ramp,ramp,0.0,1.2,0.0,0.2680510437714953,1086.3828330079798,False,settled
b,yellow_ramp,ramp,0.0,1.2,0.0,0.5868404877477482,965.9126131437655,False,settled
b,yellow_ramp,ramp,0.0,1.2,0.0,0.8974205227515247,870.753177531001,False,settled
b,yellow_ramp,ramp,0.0,1.2,0.0,0.9558682489247398,855.3111478724364,False,settled
b,yellow_ramp,ramp,0.0,1.2,0.0,0.4956132955990993,997.3053671329615,False,settled
b,yellow_ramp,ramp,0.0,1.2,0.0,0.37234510372964813,1045.935996629306,False,settled
b,yellow_ramp,ramp,0.0,1.2,0.0,0.8466872625628149,888.7480945838428,False,settled
b,yellow_ramp,ramp,0.0,1.2,0.0,1.1641636355743188,808.3359540159937,False,settled
b,yellow_ramp,ramp,0.0,1.2,0.0,0.7807738491027492,906.9066276645223,False,settled
b,yellow_ramp,ramp,0.0,1.2,0.0,0.8486954105063109,887.9029825432301,False,settled
b,yellow_ramp,ramp,0.0,1.2,0.0,0.569056996055784,979.9672757055465,False,settled
b,yellow_ramp,ramp,0.0,1.2,0.0,1.1678046332544263,807.9050850255582,False,settled
b,yellow_ramp,ramp,0.0,1.2,0.0,1.0873590260176489,827.6249508727445,False,settled
b,yellow_ramp,ramp,0.0,1.2,0.0,1.1523364927607969,811.9883298656447,False,settled
b,yellow_ramp,ramp,0.0,1.2,0.0,0.7348850955915321,918.6084493674485,False,settled
b,yellow_ramp,ramp,0.0,1.2,0.0,0.7108409681574289,931.7182232690643,False,settled
b,yellow_ramp,ramp,0.0,1.2,0.0,0.8117814671908817,899.0287979160518,False,settled
b,yellow_ramp,ramp,0.0,1.2,0.0,0.8841079384352307,878.1859705782042,False,settled
b,yellow_ramp,ramp,0.0,1.2,0.0,1.1835328665631468,804.1012563797284,False,settled
b,yellow_ramp,ramp,0.0,1.2,0.0,0.2741862563421284,1088.4712687846957,False,settled
b,yellow_ramp,ramp,0.0,1.2,0.0,0.30917926466667917,1067.8746715724674,False,settled
b,yellow_ramp,ramp,0.0,1.2,0.0,1.0151206711966938,844.4791541150959,False,settled
b,yellow_ramp,ramp,0.0,1.2,0.0,0.8125546932438398,898.3069482668743,False,settled
b,yellow_ramp,ramp,0.0,1.2,0.0,0.41060381188933576,1028.4605917735455,False,settled
b,yellow_ramp,ramp,0.0,1.2,0.0,0.5506964261475098,984.7333888576084,False,settled
b,yellow_ramp,ramp,0.0,1.2,0.0,0.2911721282678786,1077.0841177621028,False,settled
b,yellow_ramp,ramp,0.0,1.2,0.0,1.2237102867031624,791.1160787070872,False,settled
b,yellow_ramp,ramp,0.0,1.2,0.0,0.46572624046803235,1018.4372785903067,False,settled
b,yellow_ramp,ramp,0.0,1.2,0.0,0.4141200755534315,1038.1578969283346,False,settled
b,yellow_ramp,ramp,0.0,1.2,0.0,0.4634832711392847,1018.8587035476999,False,settled
b,yellow_ramp,ramp,0.0,1.2,0.0,0.304619666448423,1071.338341857396,False,settled
b,yellow_ramp,ramp,0.0,1.2,0.0,0.5259508043476911,986.8579679117472,False,settled
b,yellow_ramp,ramp,0.0,1.2,0.0,0.9103716885125847,868.6175514717986,False,settled
b,yellow_ramp,ramp,0.0,1.2,0.0,0.5227716024372868,987.6311613714284,False,settled
b,yellow_ramp,ramp,0.0,1.2,0.0,0.3608030847202135,1054.9555709891272,False,settled
b,yellow_ramp,ramp,0.0,1.2,0.0,0.8159249190506379,895.2508599227498,False,settled
b,yellow_ramp,ramp,0.0,1.2,0.0,0.981568899295584,849.6243547018333,False,settled
b,yellow_ramp,ramp,0.0,1.2,0.0,0.7766691246114684,910.648937275679,False,settled
b,yellow_ramp,ramp,0.0,1.2,0.0,1.2136419158293326,794.617647473944,False,settled
b,yellow_ramp,ramp,0.0,1.2,0.0,0.8814992438656278,875.4322986658034,False,settled
b,yellow_ramp,ramp,0.0,1.2,0.0,0.3740362204742328,1044.6234447795905,False,settled
b,yellow_ramp,ramp,0.0,1.2,0.0,0.2980628222563343,1075.7785998239754,False,settled
b,yellow_ramp,ramp,0.0,1.2,0.0,0.3775303867845453,1042.0029839345423,False,settled
b,yellow_ramp,ramp,0.0,1.2,0.0,0.9347204707852008,860.6591316751932,False,settled
b,yellow_ramp,ramp,0.0,1.2,0.0,1.1656035523309518,809.1064318389248,False,settled
b,yellow_ramp,ramp,0.0,1.2,0.0,1.0640232962376968,834.2341416864886,False,settled
b,yellow_ramp,ramp,0.0,1.2,0.0,0.960714832890932,854.8039721943805,False,settled
b,yellow_ramp,ramp,0.0,1.2,0.0,1.1938857864819337,801.0581325345814,False,settled
b,yellow_ramp,ramp,0.0,1.2,0.0,1.0035481868555964,845.5852918976624,False,settled
b,yellow_ramp,ramp,0.0,1.2,0.0,0.9615299088202659,853.8278924416002,False,settled
b,yellow_ramp,ramp,0.0,1.2,0.0,0.7434805968320066,918.8775297742285,False,settled
b,yellow_ramp,ramp,0.0,1.2,0.0,0.6229974993544632,954.7368757956986,False,settled
b,yellow_ramp,ramp,0.0,1.2,0.0,0.8675577579760525,882.9701586370059,False,settled
b,yellow_ramp,ramp,0.0,1.2,0.0,0.5554908408115549,980.8111337428335,False,settled
b,yellow_ramp,ramp,0.0,1.2,0.0,0.7847825337294858,903.3012748010368,False,settled
b,yellow_ramp,ramp,0.0,1.2,0.0,0.8374499497533597,888.2212142360615,False,settled
b,yellow_ramp,ramp,0.0,1.2,0.0,0.8719446713717844,878.9304561218414,False,settled
b,yellow_ramp,ramp,0.0,1.2,0.0,0.4160244404576448,1036.6312892831604,False,settled
b,yellow_ramp,ramp,0.0,1.2,0.0,0.3542872225593388,1059.8247918877914,False,settled
b,yellow_ramp,ramp,0.0,1.2,0.0,0.707264083110505,926.8388103424325,False,settled
b,yellow_ramp,ramp,0.0,1.2,0.0,0.4748319038381497,1013.5887664690107,False,settled
b,yellow_ramp,ramp,0.0,1.2,0.0,0.5074720677007816,998.6836640005457,False,settled
b,yellow_ramp,ramp,0.0,1.2,0.0,0.7655378693676705,912.6669633433045,False,settled
b,yellow_ramp,ramp,0.0,1.2,0.0,0.27706013209044583,1084.8379134736372,False,settled
b,yellow_ramp,ramp,0.0,1.2,0.0,0.8192326514896896,898.6795969748737,False,settled
b,yellow_ramp,ramp,0.0,1.2,0.0,0.26053040038309894,1097.4075623148965,False,settled
b,yellow_ramp,ramp,0.0,1.2,0.0,0.8563592177677392,887.959644685106,False,settled
b,yellow_ramp,ramp,0.0,1.2,0.0,0.45710448376901036,1020.0574612203245,False,settled
b,yellow_ramp,ramp,0.0,1.2,0.0,0.3601543557337201,1055.458871796744,False,settled
b,yellow_ramp,ramp,0.0,1.2,0.0,0.2357538947141213,1105.4612657483165,False,settled
b,yellow_ramp,ramp,0.0,1.2,0.0,0.6965994602670281,935.9426898760056,False,settled
b,yellow_ramp,ramp,0.0,1.2,0.0,0.8386414911593794,887.2192691115068,False,settled
b,yellow_ramp,ramp,0.0,1.2,0.0,1.1988111579592478,800.5787096655071,False,settled
b,yellow_ramp,ramp,0.0,1.2,0.0,1.0418680186877824,838.5146419740876,False,settled
b,yellow_ramp,ramp,0.0,1.2,0.0,0.8475574511497443,888.3818927150633,False,settled
b,yellow_ramp,ramp,0.0,1.2,0.0,0.2785076962053035,1083.8717505770776,False,settled
b,yellow_ramp,ramp,0.0,1.2,0.0,0.5642563644926261,973.9583738999894,False,settled
b,yellow_ramp,ramp,0.0,1.2,0.0,0.6720660434912294,940.7500330215896,False,settled
b,yellow_ramp,ramp,0.0,1.2,0.0,0.2641294687491349,1099.9570774229235,False,settled
b,yellow_ramp,ramp,0.0,1.2,0.0,0.9515600012071472,859.7855319382782,False,settled
b,yellow_ramp,ramp,0.0,1.2,0.0,0.9732065527281901,850.1010895492387,False,settled
b,yellow_ramp,ramp,0.0,1.2,0.0,0.7924564124323424,903.2648825179159,False,settled
b,yellow_ramp,ramp,0.0,1.2,0.0,0.693982307920838,937.9661981075492,False,settled
b,yellow_ramp,ramp,0.0,1.2,0.0,0.6479787788512067,951.8519263786069,False,settled
b,yellow_ramp,ramp,0.0,1.2,0.0,1.0325019395907717,840.9988672518242,False,settled
b,yellow_ramp,ramp,0.0,1.2,0.0,0.31834934769287665,1074.949505509729,False,settled
b,yellow_ramp,ramp,0.0,1.2,0.0,1.0466184943311108,838.1046760879485,False,settled
b,yellow_ramp,ramp,0.0,1.2,0.0,0.6164562864413664,959.9008925470154,False,settled
b,yellow_ramp,ramp,0.0,1.2,0.0,0.4548057665928853,1020.489402217786,False,settled
b,yellow_ramp,ramp,0.0,1.2,0.0,0.8388989268588319,893.1687258258273,False,settled
b,yellow_ramp,ramp,0.0,1.2,0.0,0.5612128561261127,976.503335581912,False,settled
b,yellow_ramp,ramp,0.0,1.2,0.0,0.8500564129089118,887.3304602618307,False,settled
b,yellow_ramp,ramp,0.0,1.2,0.0,1.042676520415973,837.1896880607259,False,settled
b,yellow_ramp,ramp,0.0,1.2,0.0,0.7354187628988964,918.1528519428654,False,settled
b,yellow_ramp,ramp,0.0,1.2,0.0,0.5443952458064123,979.6859817874965,False,settled
b,yellow_ramp,ramp,0.0,1.2,0.0,0.4661342205211794,1018.3606240378425,False,settled
b,yellow_ramp,ramp,0.0,1.2,0.0,0.3708672658253189,1047.083136564202,False,settled
b,yellow_ramp,ramp,0.0,1.2,0.0,0.30764908304711097,1069.0448629536995,False,settled
b,yellow_ramp,ramp,0.0,1.2,0.0,1.1622339281628482,810.1644555988195,False,settled
b,yellow_ramp,ramp,0.0,1.2,0.0,1.0219205125518724,844.1811354092197,False,settled
b,yellow_ramp,ramp,0.0,1.2,0.0,0.9243608529879204,864.8671308439292,False,settled
b,yellow_ramp,ramp,0.0,1.2,0.0,1.095929390676489,825.7989729834512,False,settled
b,yellow_ramp,ramp,0.0,1.2,0.0,0.9308939105556994,863.2029722992303,False,settled
b,yellow_ramp,ramp,0.0,1.2,0.0,1.042157908531483,837.9415813738381,False,settled
b,yellow_ramp,ramp,0.0,1.2,0.0,1.2159939404183886,794.8789851829301,False,settled
b,yellow_ramp,ramp,0.0,1.2,0.0,1.0696612201715516,831.8542561653747,False,settled
b,yellow_ramp,ramp,0.0,1.2,0.0,1.0906312567291805,827.9045352456293,False,settled
b,yellow_ramp,ramp,0.0,1.2,0.0,1.0821101994699074,828.1622675492392,False,settled
b,yellow_ramp,ramp,0.0,1.2,0.0,0.23044378680485098,1113.0652935181351,False,settled
b,yellow_ramp,ramp,0.0,1.2,0.0,0.6547118326559105,946.4683910580774,False,settled
b,yellow_ramp,ramp,0.0,1.2,0.0,0.749507925696985,913.7510658469032,False,settled
b,yellow_ramp,ramp,0.0,1.2,0.0,0.7096033032533023,932.5522272155298,False,settled
b,yellow_ramp,ramp,0.0,1.2,0.0,0.7857383933800418,909.4452606446864,False,settled
b,yellow_ramp,ramp,0.0,1.2,0.0,0.349094151198634,1063.9449701656472,False,settled
b,yellow_ramp,ramp,0.0,1.2,0.0,0.26689440067130316,1097.967175532435,False,settled
b,yellow_ramp,ramp,0.0,1.2,0.0,0.24013280602634635,1111.1740936584076,False,settled
b,yellow_ramp,ramp,0.0,1.2,0.0,0.826494299403577,892.1014200641813,False,settled
b,yellow_ramp,ramp,0.0,1.2,0.0,0.8005168069657113,902.7373324756093,False,settled
b,yellow_ramp,ramp,0.0,1.2,0.0,0.4371873675496936,1020.0668218312641,False,settled
b,yellow_ramp,ramp,0.0,1.2,0.0,0.22213550643906085,1104.1409853947985,False,settled
b,yellow_ramp,ramp,0.0,1.2,0.0,0.8912491250680712,876.6742763700008,False,settled
b,yellow_ramp,ramp,0.0,1.2,0.0,0.6565328039042103,944.9332954568082,False,settled
b,yellow_ramp,ramp,0.0,1.2,0.0,0.9467863560651687,860.1213751571057,False,settled
b,yellow_ramp,ramp,0.0,1.2,0.0,0.5054466594772562,1000.2834512233717,False,settled
b,yellow_ramp,ramp,0.0,1.2,0.0,0.6691310072239881,943.2273586037194,False,settled
b,yellow_ramp,ramp,0.0,1.2,0.0,0.7952770113465396,900.7084273279555,False,settled
b,yellow_ramp,ramp,0.0,1.2,0.0,0.3371037517231431,1057.0460676611506,False,settled
b,yellow_ramp,ramp,0.0,1.2,0.0,0.636598517340574,952.6277572227938,False,settled
b,yellow_ramp,ramp,0.0,1.2,0.0,0.25634788124881885,1092.6490194095918,False,settled
b,yellow_ramp,ramp,0.0,1.2,0.0,0.6931805707673467,938.6632774126382,False,settled
b,yellow_ramp,ramp,0.0,1.2,0.0,0.4260566094914985,1028.8584185273835,False,settled
b,yellow_ramp,ramp,0.0,1.2,0.0,0.271350184471679,1085.3813021691428,False,settled
b,yellow_ramp,ramp,0.0,1.2,0.0,0.7035493839513446,929.9202892635442,False,settled
b,yellow_ramp,ramp,0.0,1.2,0.0,0.3967356839620879,1034.8143839985753,False,settled
b,yellow_ramp,ramp,0.0,1.2,0.0,0.4325240694168609,1023.7198440763252,False,settled
b,yellow_ramp,ramp,0.0,1.2,0.0,0.874137122095285,882.3605615888029,False,settled
b,yellow_ramp,ramp,0.0,1.2,0.0,0.5493625346273902,985.8287428881818,False,settled
b,yellow_ramp,ramp,0.0,1.2,0.0,0.8447453003627632,889.5652658100047,False,settled
b,yellow_ramp,ramp,0.0,1.2,0.0,0.34614774359613454,1052.6581633590474,False,settled
b,yellow_ramp,ramp,0.0,1.2,0.0,0.5298091821909865,986.0440511372578,False,settled
b,yellow_ramp,ramp,0.0,1.2,0.0,1.1105072880437918,821.9150167426997,False,settled
b,yellow_ramp,ramp,0.0,1.2,0.0,0.6060847875233975,965.6322519444309,False,settled
b,yellow_ramp,ramp,0.0,1.2,0.0,0.35285059239645944,1060.9603822802999,False,settled
b,yellow_ramp,ramp,0.0,1.2,0.0,0.4166212317913495,1036.4001566898296,False,settled
b,yellow_ramp,ramp,0.0,1.2,0.0,0.4471753644401501,1024.5057586808111,False,settled
b,yellow_ramp,ramp,0.0,1.2,0.0,0.553799183306311,982.1949686659791,False,settled
b,yellow_ramp,ramp,0.0,1.2,0.0,0.5794623433254817,971.402048556162,False,settled
b,yellow_ramp,ramp,0.0,1.2,0.0,1.1317843239963088,816.9282477834067,False,settled
b,yellow_ramp,ramp,0.0,1.2,0.0,0.6460898196562455,953.4607540795711,False,settled
b,yellow_ramp,ramp,0.0,1.2,0.0,0.6646446313013646,946.7457249396423,False,settled
b,yellow_ramp,ramp,0.0,1.2,0.0,1.2083526491873153,796.8256736879526,False,settled
b,yellow_ramp,ramp,0.0,1.2,0.0,0.3396665568223258,1056.8247857165136,False,settled
b,yellow_ramp,ramp,0.0,1.2,0.0,1.0547452023764494,835.5408876174396,False,settled
b,yellow_ramp,ramp,0.0,1.2,0.0,0.619650073154118,957.5032613011646,False,settled
b,yellow_ramp,ramp,0.0,1.2,0.0,0.5835299067952444,968.5262542157925,False,settled
b,yellow_ramp,ramp,0.0,1.2,0.0,0.978445635431399,848.7176057228473,False,settled
b,yellow_ramp,ramp,0.0,1.2,0.0,0.25919158676969406,1094.806460373503,False,settled
b,yellow_ramp,ramp,0.0,1.2,0.0,0.388426595323189,1036.0791253190482,False,settled
b,yellow_ramp,ramp,0.0,1.2,0.0,0.9852292447019183,849.8610126116095,False,settled
b,yellow_ramp,ramp,0.0,1.2,0.0,0.6181763927515718,958.7286567572652,False,settled
b,yellow_ramp,ramp,0.0,1.2,0.0,0.9068540575228392,871.8120825631136,False,settled
b,yellow_ramp,ramp,0.0,1.2,0.0,0.6555923937002094,945.7248628645135,False,settled
b,yellow_ramp,ramp,0.0,1.2,0.0,0.5292186002475371,986.1709098146823,False,settled
b,yellow_ramp,ramp,0.0,1.2,0.0,1.1514256900433335,812.181550122717,False,settled
b,yellow_ramp,ramp,0.0,1.2,0.0,0.8936899520240041,874.1995055042431,False,settled
b,yellow_ramp,ramp,0.0,1.2,0.0,1.1681009914515312,808.1660043773383,False,settled
b,yellow_ramp,ramp,0.0,1.2,0.0,0.8207472478454304,897.2754640346675,False,settled
b,yellow_ramp,ramp,0.0,1.2,0.0,0.8883817208710737,874.1792779240787,False,settled
b,yellow_ramp,ramp,0.0,1.2,0.0,0.9975927778171572,844.1149914388308,False,settled
b,yellow_ramp,ramp,0.0,1.2,0.0,0.694694604831891,937.3467643515385,False,settled
b,yellow_ramp,ramp,0.0,1.2,0.0,0.5552683330077104,980.9931204711215,False,settled
b,yellow_ramp,ramp,0.0,1.2,0.0,1.0463811588082461,837.0664851193246,False,settled
b,yellow_ramp,ramp,0.0,1.2,0.0,0.7812553837238243,906.4700991236924,False,settled
b,yellow_ramp,ramp,0.0,1.2,0.0,0.9227547499426879,866.199220256993,False,settled
b,yellow_ramp,ramp,0.0,1.2,0.0,0.6468488821066747,952.8142451059563,False,settled
b,yellow_ramp,ramp,0.0,1.2,0.0,1.219896313797516,791.8310217473775,False,settled
b,yellow_ramp,ramp,0.0,1.2,0.0,0.7255360118179544,926.7976475793176,False,settled
b,yellow_ramp,ramp,0.0,1.2,0.0,0.7171586521329586,926.199768377608,False,settled
b,yellow_ramp,ramp,0.0,1.2,0.0,1.088305236431531,828.3197958200154,False,settled
b,yellow_ramp,ramp,0.0,1.2,0.0,0.5567191342044175,979.8065192593239,False,settled
b,yellow_ramp,ramp,0.0,1.2,0.0,0.9275827892662203,866.3442019772359,False,settled
b,yellow_ramp,ramp,0.0,1.2,0.0,1.0730847026238626,831.4187646623942,False,settled
b,yellow_ramp,ramp,0.0,1.2,0.0,1.0926332779729313,825.6915773536217,False,settled
b,yellow_ramp,ramp,0.0,1.2,0.0,0.6683727312198773,943.8654576220547,False,settled
b,yellow_ramp,ramp,0.0,1.2,0.0,0.729123860677101,923.6367254592955,False,settled
b,yellow_ramp,ramp,0.0,1.2,0.0,0.9669701547173172,852.4743699510292,False,settled
b,yellow_ramp,ramp,0.0,1.2,0.0,0.360447192832817,1055.2325638944405,False,settled
b,yellow_ramp,ramp,0.0,1.2,0.0,0.3223051292270532,1072.8129126857848,False,settled
b,yellow_ramp,ramp,0.0,1.2,0.0,0.9971353374958283,844.7271938005016,False,settled
b,yellow_ramp,ramp,0.0,1.2,0.0,1.0540706961668438,835.2639624588392,False,settled
b,yellow_ramp,ramp,0.0,1.2,0.0,0.44799899735953747,1023.8526947995512,False,settled
b,yellow_ramp,ramp,0.0,1.2,0.0,1.1971113822607165,800.3584529934154,False,settled
b,yellow_ramp,ramp,0.0,1.2,0.0,0.39536964205896674,1035.0165813026335,False,settled
b,yellow_ramp,ramp,0.0,1.2,0.0,0.606193021460381,965.6049549647039,False,settled
b,yellow_ramp,ramp,0.0,1.2,0.0,0.8107255422916914,900.0144751807094,False,settled
b,yellow_ramp,ramp,0.0,1.2,0.0,0.24068179598320438,1097.527562059587,False,settled
b,yellow_ramp,ramp,0.0,1.2,0.0,0.5050941696295029,1000.5696161692208,False,settled
b,yellow_ramp,ramp,0.0,1.2,0.0,0.7735244402645124,906.4456091814764,False,settled
b,yellow_ramp,ramp,0.0,1.2,0.0,0.3406910785495763,1056.7065943256637,False,settled
b,yellow_ramp,ramp,0.0,1.2,0.0,0.8986779006634903,874.7106161019534,False,settled
b,yellow_ramp,ramp,0.0,1.2,0.0,1.1071945119906688,822.8851057722393,False,settled
b,yellow_ramp,ramp,0.0,1.2,0.0,0.9662304880879587,853.3779826316094,False,settled
b,yellow_ramp,ramp,0.0,1.2,0.0,1.1419776875776162,814.1866919759602,False,settled
b,yellow_ramp,ramp,0.0,1.2,0.0,0.324479201316279,1072.5264541661857,False,settled
b,yellow_ramp,ramp,0.0,1.2,0.0,0.7557251104170647,916.1017802992432,False,settled
b,yellow_ramp,ramp,0.0,1.2,0.0,0.6565493467469815,944.9194421436357,False,settled
b,yellow_ramp,ramp,0.0,1.2,0.0,0.5464000955678227,988.2717889849258,False,settled
b,yellow_ramp,ramp,0.0,1.2,0.0,0.3583293065337141,1056.8870031993442,False,settled
b,yellow_ramp,ramp,0.0,1.2,0.0,0.2668243193590108,1097.9805065056078,False,settled
b,yellow_ramp,ramp,0.0,1.2,0.0,0.7390915001169022,922.6930981580233,False,settled
b,yellow_ramp,ramp,0.0,1.2,0.0,1.183577633390175,803.9591098387567,False,settled
b,yellow_ramp,ramp,0.0,1.2,0.0,0.7125317005698094,930.2350988047027,False,settled
b,yellow_ramp,ramp,0.0,1.2,0.0,0.39619635515798346,1034.894190746417,False,settled
b,yellow_ramp,ramp,0.0,1.2,0.0,0.9353983557588814,860.3114564602787,False,settled
b,yellow_ramp,ramp,0.0,1.2,0.0,0.6363815578993959,952.8096763288647,False,settled
b,yellow_ramp,ramp,0.0,1.2,0.0,0.4928994544743579,999.3629297426696,False,settled
b,yellow_ramp,ramp,0.0,1.2,0.0,0.7383354169749786,923.3502946524549,False,settled
b,yellow_ramp,ramp,0.0,1.2,0.0,0.4474544987802294,1024.2844269104414,False,settled
b,yellow_ramp,ramp,0.0,1.2,0.0,0.562643224649361,975.2646540605716,False,settled
b,yellow_ramp,ramp,0.0,1.2,0.0,1.019070112087511,843.6675126913858,False,settled
b,yellow_ramp,ramp,0.0,1.2,0.0,0.8628689312229507,881.6813115656942,False,settled
b,yellow_ramp,ramp,0.0,1.2,0.0,0.8860305962203363,876.2586383609618,False,settled
b,yellow_ramp,ramp,0.0,1.2,0.0,0.6714727107428374,941.2479336531422,False,settled
b,yellow_ramp,ramp,0.0,1.2,0.0,0.6420303401323156,948.1025161898942,False,settled
b,yellow_ramp,ramp,0.0,1.2,0.0,0.589395566205445,973.35574902004,False,settled
b,yellow_ramp,ramp,0.0,1.2,0.0,0.5740313513835019,975.8603901262082,False,settled
b,yellow_ramp,ramp,0.0,1.2,0.0,0.373691543266835,1044.8910552342645,False,settled
b,yellow_ramp,ramp,0.0,1.2,0.0,1.168601280292999,807.4276964888131,False,settled
b,yellow_ramp,ramp,0.0,1.2,0.0,0.7649282800161887,912.8802812616963,False,settled
b,yellow_ramp,ramp,0.0,1.2,0.0,0.32960650049391194,1071.8503501411874,False,settled
b,yellow_ramp,ramp,0.0,1.2,0.0,0.5670753552792477,981.604177668914,False,settled
b,yellow_ramp,ramp,0.0,1.2,0.0,0.4255922109815809,1029.2282291317358,False,settled
b,yellow_ramp,ramp,0.0,1.2,0.0,0.9844164104251666,850.8116319617926,False,settled
b,yellow_ramp,ramp,0.0,1.2,0.0,1.1491576854096268,811.9612826423856,False,settled
b,yellow_ramp,ramp,0.0,1.2,0.0,0.9018053083527621,871.5119283290617,False,settled
b,yellow_ramp,ramp,0.0,1.2,0.0,1.0259222174951717,843.0985580688478,False,settled
b,yellow_ramp,ramp,0.0,1.2,0.0,0.29217550662220926,1077.7191715337362,False,settled
b,yellow_ramp,ramp,0.0,1.2,0.0,0.32879504376541563,1071.9572540985482,False,settled
b,yellow_ramp,ramp,0.0,1.2,0.0,0.2552097078691446,1090.570787263435,False,settled
b,yellow_ramp,ramp,0.0,1.2,0.0,0.59963028690446,967.282621488683,False,settled
b,yellow_ramp,ramp,0.0,1.2,0.0,0.8360832349285202,889.5750031237268,False,settled
b,yellow_ramp,ramp,0.0,1.2,0.0,0.3076660213041852,1069.031796319598,False,settled
b,yellow_ramp,ramp,0.0,1.2,0.0,0.37319509960410796,1045.276358411823,False,settled
b,yellow_ramp,ramp,0.0,1.2,0.0,0.7372491530752138,924.0426473366816,False,settled
b,yellow_ramp,ramp,0.0,1.2,0.0,1.0907760044297898,827.6632313614236,False,settled
b,yellow_ramp,ramp,0.0,1.2,0.0,0.802245220995629,901.1351978980192,False,settled
b,yellow_ramp,ramp,0.0,1.2,0.0,0.9548990525371215,856.4487013323672,False,settled
b,yellow_ramp,ramp,0.0,1.2,0.0,0.9711894352180985,852.3551777755529,False,settled
b,yellow_ramp,ramp,0.0,1.2,0.0,1.1234049427278714,819.4883929267484,False,settled
b,yellow_ramp,ramp,0.0,1.2,0.0,0.8974941978449029,870.6850446154014,False,settled
b,yellow_ramp,ramp,0.0,1.2,0.0,0.5740132391282087,975.8753415047579,False,settled
b,yellow_ramp,ramp,0.0,1.2,0.0,0.32930751158453914,1071.8897319701446,False,settled
b,yellow_ramp,ramp,0.0,1.2,0.0,0.5573801444906414,979.2658779417026,False,settled
b,yellow_ramp,ramp,0.0,1.2,0.0,0.4569133753418646,1020.0933737676822,False,settled
b,yellow_ramp,ramp,0.0,1.2,0.0,0.5868194802424973,965.929434508191,False,settled
b,yellow_ramp,ramp,0.0,1.2,0.0,0.7746201124968733,912.5222385617682,False,settled
b,yellow_ramp,ramp,0.0,1.2,0.0,0.5756653435435866,974.5115587635431,False,settled
b,yellow_ramp,ramp,0.0,1.2,0.0,0.8994610985861052,873.9095951867557,False,settled
b,yellow_ramp,ramp,0.0,1.2,0.0,1.011769302577856,845.970658872245,False,settled
b,yellow_ramp,ramp,0.0,1.2,0.0,0.41596457988688723,1036.679268496892,False,settled
b,yellow_ramp,ramp,0.0,1.2,0.0,1.1732401053212282,807.1329296665039,False,settled
b,yellow_ramp,ramp,0.0,1.2,0.0,0.7895312384996328,905.9529920612199,False,settled
b,yellow_ramp,ramp,0.0,1.2,0.0,0.6716822376990286,941.0721080431377,False,settled
b,yellow_ramp,ramp,0.0,1.2,0.0,0.22179716685144846,1107.5636780206942,False,settled
b,yellow_ramp,ramp,0.0,1.2,0.0,0.8661315986409992,884.3825205820717,False,settled
b,yellow_ramp,ramp,0.0,1.2,0.0,0.4108660655389176,1028.2600702387022,False,settled
b,yellow_ramp,ramp,0.0,1.2,0.0,0.7620152408916889,913.8996606955602,False,settled
b,yellow_ramp,ramp,0.0,1.2,0.0,0.39640242348380894,1034.8636850423688,False,settled
b,yellow_ramp,ramp,0.0,1.2,0.0,0.80865877867445,901.9438334906254,False,settled
b,yellow_ramp,ramp,0.0,1.2,0.0,1.025440744867008,843.7360969667959,False,settled
b,yellow_ramp,ramp,0.0,1.2,0.0,0.4205034592148345,1033.285403592212,False,settled
b,yellow_ramp,ramp,0.0,1.2,0.0,1.180276272202953,804.659938519889,False,settled
b,yellow_ramp,ramp,0.0,1.2,0.0,0.22096141962387406,1112.999777521973,False,settled
b,yellow_ramp,ramp,0.0,1.2,0.0,0.45301424814100344,1020.8261201758821,False,settled
b,yellow_ramp,ramp,0.0,1.2,0.0,0.9693266449370403,854.4738817054316,False,settled
b,yellow_ramp,ramp,0.0,1.2,0.0,0.5814107504339455,970.1368655764619,False,settled
b,yellow_ramp,ramp,0.0,1.2,0.0,0.9048819806700295,868.7721307857589,False,settled
b,yellow_ramp,ramp,0.0,1.2,0.0,0.32699681155488974,1072.1943190250308,False,settled
b,yellow_ramp,ramp,0.0,1.2,0.0,0.29615804275635943,1076.9180075929714,False,settled
b,yellow_ramp,ramp,0.0,1.2,0.0,0.553111096447201,982.7577914846462,False,settled
b,yellow_ramp,ramp,0.0,1.2,0.0,0.8464479390218516,888.8488044649981,False,settled
b,yellow_ramp,ramp,0.0,1.2,0.0,0.8889141623884782,873.6496217735876,False,settled
b,yellow_ramp,ramp,0.0,1.2,0.0,0.39377207751911397,1035.1799954723303,False,settled
b,yellow_ramp,ramp,0.0,1.2,0.0,0.9196561151116389,864.4786954702435,False,settled
b,yellow_ramp,ramp,0.0,1.2,0.0,0.9780412905160647,849.174231293073,False,settled
b,yellow_ramp,ramp,0.0,1.2,0.0,0.5042423908924273,1001.2611200584927,False,settled
b,yellow_ramp,ramp,0.0,1.2,0.0,0.7064946716447091,927.3999580620767,False,settled
b,yellow_ramp,ramp,0.0,1.2,0.0,0.8372364782185991,888.4218048660699,False,settled
b,yellow_ramp,ramp,0.0,1.2,0.0,1.216802997464845,794.6766027891948,False,settled
b,yellow_ramp,ramp,0.0,1.2,0.0,0.4593051893447151,1019.6439091449056,False,settled
b,yellow_ramp,ramp,0.0,1.2,0.0,1.2176466982822178,794.2026983472297,False,settled
b,yellow_ramp,ramp,0.0,1.2,0.0,0.8110798315095932,899.6836319087929,False,settled
b,yellow_ramp,ramp,0.0,1.2,0.0,0.5376485838523698,984.4853440005694,False,settled
b,yellow_ramp,ramp,0.0,1.2,0.0,0.8693776797941245,881.1748606340431,False,settled
b,yellow_ramp,ramp,0.0,1.2,0.0,0.41488347087489813,1037.5458876475407,False,settled
b,yellow_ramp,ramp,0.0,1.2,0.0,0.6755322354860857,939.1508273665089,False,settled
b,yellow_ramp,ramp,0.0,1.2,0.0,0.5586587125376087,978.2203025034173,False,settled
b,yellow_ramp,ramp,0.0,1.2,0.0,0.5446879780068142,989.6839890717845,False,settled
b,yellow_ramp,ramp,0.0,1.2,0.0,0.24110839992613115,1100.0221615591363,False,settled
b,yellow_ramp,ramp,0.0,1.2,0.0,0.8416728881941984,890.8733583872956,False,settled
b,yellow_ramp,ramp,0.0,1.2,0.0,0.9695744492202656,854.1920496079275,False,settled
b,yellow_ramp,ramp,0.0,1.2,0.0,0.2236716601139495,1106.6534504556123,False,settled
b,yellow_ramp,ramp,0.0,1.2,0.0,0.9395841258949961,862.777843576242,False,settled
b,yellow_ramp,ramp,0.0,1.2,0.0,0.2869331748127469,1077.511456996534,False,settled
b,yellow_ramp,ramp,0.0,1.2,0.0,0.864415717935325,880.4673473035278,False,settled
b,yellow_ramp,ramp,0.0,1.2,0.0,0.671681823433295,941.0724556772635,False,settled
b,yellow_ramp,ramp,0.0,1.2,0.0,0.7752910724646278,911.9088701656862,False,settled
b,yellow_ramp,ramp,0.0,1.2,0.0,0.9457310800771831,861.2755802193874,False,settled
b,yellow_ramp,ramp,0.0,1.2,0.0,0.6712538074180971,941.4322619979147,False,settled
b,yellow_ramp,ramp,0.0,1.2,0.0,0.5728726756511083,976.8168533423399,False,settled
b,yellow_ramp,ramp,0.0,1.2,0.0,0.30549019147265116,1070.7733036372979,False,settled
b,yellow_ramp,ramp,0.0,1.2,0.0,0.2994754103344374,1074.9156033305003,False,settled
b,yellow_ramp,ramp,0.0,1.2,0.0,0.6515327694574431,949.1052268518414,False,settled
b,yellow_ramp,ramp,0.0,1.2,0.0,0.5371578510799911,984.5877220364778,False,settled
b,yellow_ramp,ramp,0.0,1.2,0.0,0.2690220036288705,1087.4219191820855,False,settled
b,yellow_ramp,ramp,0.0,1.2,0.0,0.7892844433500975,906.1801832834875,False,settled
b,yellow_ramp,ramp,0.0,1.2,0.0,0.37149134718087085,1046.5985508874803,False,settled
b,yellow_ramp,ramp,0.0,1.2,0.0,0.25124215061544525,1099.066773154076,False,settled
b,yellow_ramp,ramp,0.0,1.2,0.0,0.43210249043137366,1024.0530651339184,False,settled
b,yellow_ramp,ramp,0.0,1.2,0.0,0.7531921866830572,917.8818021776204,False,settled
b,yellow_ramp,ramp,0.0,1.2,0.0,0.43457506261474627,1022.0986410204488,False,settled
b,yellow_ramp,ramp,0.0,1.2,0.0,0.6285895429731037,959.1081961565875,False,settled
b,yellow_ramp,ramp,0.0,1.2,0.0,0.8798419942557953,876.9588460372053,False,settled
b,yellow_ramp,ramp,0.0,1.2,0.0,0.2715412919074811,1084.9114771559762,False,settled
b,yellow_ramp,ramp,0.0,1.2,0.0,0.5717029725609958,977.782408738997,False,settled
b,yellow_ramp,ramp,0.0,1.2,0.0,0.6855061701614888,936.2287239531667,False,settled
b,yellow_ramp,ramp,0.0,1.2,0.0,0.7979051502441071,905.1589077073409,False,settled
b,yellow_ramp,ramp,0.0,1.2,0.0,0.2886445548878459,1076.7678622824333,False,settled
b,yellow_ramp,ramp,0.0,1.2,0.0,1.0686444107287485,831.0065788947319,False,settled
b,yellow_ramp,ramp,0.0,1.2,0.0,0.657055322110519,944.5872939230636,False,settled
b,yellow_ramp,ramp,0.0,1.2,0.0,0.7049602497678255,928.793300618625,False,settled
b,yellow_ramp,ramp,0.0,1.2,0.0,1.1406115519644404,814.281591191881,False,settled
b,yellow_ramp,ramp,0.0,1.2,0.0,1.066397924668056,833.1458921109764,False,settled
b,yellow_ramp,ramp,0.0,1.2,0.0,0.9172375805995373,866.9853249963016,False,settled
b,yellow_ramp,ramp,0.0,1.2,0.0,0.8462276999101325,888.9414827221807,False,settled
b,yellow_ramp,ramp,0.0,1.2,0.0,0.32713752458149553,1072.1757804362999,False,settled
b,yellow_ramp,ramp,0.0,1.2,0.0,0.5137545336977046,993.7398704055956,False,settled
b,yellow_ramp,ramp,0.0,1.2,0.0,0.4131039978982476,1026.6227945772634,False,settled
b,yellow_ramp,ramp,0.0,1.2,0.0,0.4596232887273188,1019.5839362551096,False,settled
b,yellow_ramp,ramp,0.0,1.2,0.0,0.893129217677864,874.7648702232834,False,settled
b,yellow_ramp,ramp,0.0,1.2,0.0,0.4694859753082703,1006.273002166514,False,settled
b,yellow_ramp,ramp,0.0,1.2,0.0,1.193277012725382,802.4195947577615,False,settled
b,yellow_ramp,ramp,0.0,1.2,0.0,0.4164254561861209,1036.557208254974,False,settled
b,yellow_ramp,ramp,0.0,1.2,0.0,0.8699301907231924,880.6322994426165,False,settled
b,yellow_ramp,ramp,0.0,1.2,0.0,0.7888995740950386,906.534478070415,False,settled
b,yellow_ramp,ramp,0.0,1.2,0.0,1.1593494143685872,809.5364405877002,False,settled
b,yellow_ramp,ramp,0.0,1.2,0.0,0.7593621565313424,914.8283469402807,False,settled
b,yellow_ramp,ramp,0.0,1.2,0.0,0.39166223663950234,1035.4966715052383,False,settled
b,yellow_ramp,ramp,0.0,1.2,0.0,0.7815110519400285,906.2383134023814,False,settled
b,yellow_ramp,ramp,0.0,1.2,0.0,0.3304874319103969,1071.7343442485887,False,settled
b,yellow_ramp,ramp,0.0,1.2,0.0,0.22415078156452803,1114.8199107323956,False,settled
b,yellow_ramp,ramp,0.0,1.2,0.0,0.4239627240075789,1030.5259081687134,False,settled
b,yellow_ramp,ramp,0.0,1.2,0.0,0.7299030099737466,922.9536085278583,False,settled
b,yellow_ramp,ramp,0.0,1.2,0.0,0.5818522534014066,969.7822519646626,False,settled
b,yellow_ramp,ramp,0.0,1.2,0.0,0.5262249749491009,986.8007233603822,False,settled
b,yellow_ramp,ramp,0.0,1.2,0.0,0.5733667264391868,976.409025764505,False,settled
b,yellow_ramp,ramp,0.0,1.2,0.0,0.40271455476741363,1033.8547030831182,False,settled
b,yellow_ramp,ramp,0.0,1.2,0.0,0.8456849024683022,889.1698886878635,False,settled
b,yellow_ramp,ramp,0.0,1.2,0.0,0.46111097502274156,1019.3044235707283,False,settled
b,yellow_ramp,ramp,0.0,1.2,0.0,0.24985363939966682,1094.5323086804465,False,settled
b,yellow_ramp,ramp,0.0,1.2,0.0,0.5864254652418307,966.1516913240456,False,settled
b,yellow_ramp,ramp,0.0,1.2,0.0,1.145081589419422,812.889870431429,False,settled
b,yellow_ramp,ramp,0.0,1.2,0.0,0.830525247632966,894.7159423125296,False,settled
b,yellow_ramp,ramp,0.0,1.2,0.0,0.9027052532751898,870.9396803789914,False,settled
b,yellow_ramp,ramp,0.0,1.2,0.0,0.6864085702010032,935.967522319625,False,settled
b,yellow_ramp,ramp,0.0,1.2,0.0,0.7073258781240499,926.7856988275438,False,settled
b,yellow_ramp,ramp,0.0,1.2,0.0,0.2904415443737681,1076.7107737909955,False,settled
b,yellow_ramp,ramp,0.0,1.2,0.0,0.9081450842825339,870.4887017478858,False,settled
b,yellow_ramp,ramp,0.0,1.2,0.0,0.41797196497842704,1035.3164091174635,False,settled
b,yellow_ramp,ramp,0.0,1.2,0.0,0.874007558313698,882.4896850320788,False,settled
b,yellow_ramp,ramp,0.0,1.2,0.0,0.9338293350379194,861.0282451597438,False,settled
b,yellow_ramp,ramp,0.0,1.2,0.0,1.1087016369507234,822.006891897281,False,settled
b,yellow_ramp,ramp,0.0,1.2,0.0,0.45235821078816624,1020.9492067525888,False,settled
b,yellow_ramp,ramp,0.0,1.2,0.0,0.5581456859598716,978.6397364660999,False,settled
b,yellow_ramp,ramp,0.0,1.2,0.0,1.1665759810264331,807.7540312854095,False,settled
b,yellow_ramp,ramp,0.0,1.2,0.0,0.7560499297620401,915.9880496943456,False,settled
b,yellow_ramp,ramp,0.0,1.2,0.0,0.8015376948609637,901.7910399945687,False,settled
b,yellow_ramp,ramp,0.0,1.2,0.0,0.6385674067842692,950.9767687931799,False,settled
b,yellow_ramp,ramp,0.0,1.2,0.0,0.8283227503969518,890.3584381159079,False,settled
b,yellow_ramp,ramp,0.0,1.2,0.0,0.8864625065157945,875.825582528498,False,settled
b,yellow_ramp,ramp,0.0,1.2,0.0,0.6816109975669433,937.3666355080867,False,settled
b,yellow_ramp,ramp,0.0,1.2,0.0,1.2076956371506642,797.7866178297182,False,settled
b,yellow_ramp,ramp,0.0,1.2,0.0,0.5011311686350579,1003.7871128731227,False,settled
b,yellow_ramp,ramp,0.0,1.2,0.0,1.0218693426136158,844.2480070622508,False,settled
b,yellow_ramp,ramp,0.0,1.2,0.0,0.5286730159515906,986.2848085263297,False,settled
b,yellow_ramp,ramp,0.0,1.2,0.0,0.30025903212744004,1074.4251125582125,False,settled
b,yellow_ramp,ramp,0.0,1.2,0.0,0.736077279138163,917.6195620667542,False,settled
b,yellow_ramp,ramp,0.0,1.2,0.0,0.4183601631360324,1035.0049847813925,False,settled
b,yellow_ramp,ramp,0.0,1.2,0.0,0.8261655024931386,892.405907726419,False,settled
b,yellow_ramp,ramp,0.0,1.2,0.0,0.5990503207434084,967.430985914543,False,settled
b,yellow_ramp,ramp,0.0,1.2,0.0,0.24734958200474086,1104.406204055218,False,settled
b,yellow_ramp,ramp,0.0,1.2,0.0,0.5190462996045077,989.8535501006149,False,settled
b,yellow_ramp,ramp,0.0,1.2,0.0,1.1715131322645427,806.9853632130702,False,settled
b,yellow_ramp,ramp,0.0,1.2,0.0,0.5486974521191019,986.3772248690984,False,settled
b,yellow_ramp,ramp,0.0,1.2,0.0,0.6995251867727039,933.3962823515812,False,settled
b,yellow_ramp,ramp,0.0,1.2,0.0,0.6343174390877913,954.5407226463865,False,settled
b,yellow_ramp,ramp,0.0,1.2,0.0,0.3408591515593333,1056.5957917740382,False,settled
b,yellow_ramp,ramp,0.0,1.2,0.0,1.1452951102784152,813.0104537304051,False,settled
b,yellow_ramp,ramp,0.0,1.2,0.0,0.8287621840014706,890.0613923556127,False,settled
b,yellow_ramp,ramp,0.0,1.2,0.0,0.30229147156290165,1072.9885358848835,False,settled
b,yellow_ramp,ramp,0.0,1.2,0.0,0.26806801453118073,1086.427521865518,False,settled
b,yellow_ramp,ramp,0.0,1.2,0.0,0.9491753244363477,857.8475316766601,False,settled
b,yellow_ramp,ramp,0.0,1.2,0.0,0.3494636522160262,1063.6509259901595,False,settled
b,yellow_ramp,ramp,0.0,1.2,0.0,0.6842224383410307,936.6003177845145,False,settled
b,yellow_ramp,ramp,0.0,1.2,0.0,0.26516875486300967,1085.740788519954,False,settled
b,yellow_ramp,ramp,0.0,1.2,0.0,0.7255172538578926,926.8142296954774,False,settled
b,yellow_ramp,ramp,0.0,1.2,0.0,1.0999647235265373,823.3823988877654,False,settled
b,yellow_ramp,ramp,0.0,1.2,0.0,0.30288956001573547,1072.5651175295948,False,settled
b,yellow_ramp,ramp,0.0,1.2,0.0,0.8269674673764144,891.5938199850957,False,settled
b,yellow_ramp,ramp,0.0,1.2,0.0,0.37654025530791857,1042.6804300234087,False,settled
b,yellow_ramp,ramp,0.0,1.2,0.0,0.6316650473535405,956.5107219705584,False,settled
b,yellow_ramp,ramp,0.0,1.2,0.0,0.4595643691142695,1019.5950062856044,False,settled
b,yellow_ramp,ramp,0.0,1.2,0.0,0.2502551771120813,1096.0423894244327,False,settled
b,yellow_ramp,ramp,0.0,1.2,0.0,0.3700814227427553,1047.6976773895526,False,settled
b,yellow_ramp,ramp,0.0,1.2,0.0,0.5557058171214639,980.6353065936869,False,settled
b,yellow_ramp,ramp,0.0,1.2,0.0,0.7857316632472844,909.4514577235602,False,settled
b,yellow_ramp,ramp,0.0,1.2,0.0,1.0900996598473713,826.4896966846306,False,settled
b,yellow_ramp,ramp,0.0,1.2,0.0,0.34658818541708564,1052.40828090273,False,settled
b,yellow_ramp,ramp,0.0,1.2,0.0,1.0818190250772002,828.3813251541734,False,settled
b,yellow_ramp,ramp,0.0,1.2,0.0,0.33760466346483675,1056.9879845145476,False,settled
b,yellow_ramp,ramp,0.0,1.2,0.0,0.5441918730255029,979.8413047649362,False,settled
b,yellow_ramp,ramp,0.0,1.2,0.0,0.2833881922334435,1081.9962978348779,False,settled
b,yellow_ramp,ramp,0.0,1.2,0.0,0.28224460045198935,1088.2180569361954,False,settled
b,yellow_ramp,ramp,0.0,1.2,0.0,0.35898182231054276,1056.3732038529251,False,settled
b,yellow_ramp,ramp,0.0,1.2,0.0,0.32009991077828437,1073.9342673853548,False,settled
b,yellow_ramp,ramp,0.0,1.2,0.0,0.28555954453293486,1081.5597977043603,False,settled
b,yellow_ramp,ramp,0.0,1.2,0.0,0.9744396432427015,853.269737029166,False,settled
b,yellow_ramp,ramp,0.0,1.2,0.0,0.4261902908776703,1028.7517684095524,False,settled
b,yellow_ramp,ramp,0.0,1.2,0.0,0.8632811504311786,881.4695795818783,False,settled
b,yellow_ramp,ramp,0.0,1.2,0.0,0.32990364505059644,1071.8112114083344,False,settled
b,yellow_ramp,ramp,0.0,1.2,0.0,0.6946161257230179,937.4149829542914,False,settled
b,yellow_ramp,ramp,0.0,1.2,0.0,0.8451114652629867,889.4111866464465,False,settled
b,yellow_ramp,ramp,0.0,1.2,0.0,0.5503111317525661,985.0485963866887,False,settled
b,yellow_ramp,ramp,0.0,1.2,0.0,0.5113310476205846,995.6538884854241,False,settled
b,yellow_ramp,ramp,0.0,1.2,0.0,0.3714114427257128,1046.6605603113155,False,settled
b,yellow_ramp,ramp,0.0,1.2,0.0,0.7078742814728507,934.0673311023804,False,settled
b,yellow_ramp,ramp,0.0,1.2,0.0,0.7362776579977196,924.8580382831714,False,settled
b,yellow_ramp,ramp,0.0,1.2,0.0,0.24275316559025176,1105.846288717789,False,settled
b,yellow_ramp,ramp,0.0,1.2,0.0,0.5980968724204604,967.6751032270352,False,settled
b,yellow_ramp,ramp,0.0,1.2,0.0,1.1208968696763586,819.1140165271139,False,settled
b,yellow_ramp,ramp,0.0,1.2,0.0,0.24464034618759783,1097.2832628317672,False,settled
b,yellow_ramp,ramp,0.0,1.2,0.0,1.2143395460590953,795.226618134755,False,settled
b,yellow_ramp,ramp,0.0,1.2,0.0,0.3525947126338029,1061.1626066967199,False,settled
b,yellow_ramp,ramp,0.0,1.2,0.0,0.6004169745927652,967.0813746536782,False,settled
b,yellow_ramp,ramp,0.0,1.2,0.0,0.7242069693508572,927.7230429457231,False,settled
b,yellow_ramp,ramp,0.0,1.2,0.0,0.4084648467713557,1030.2139797670518,False,settled
b,yellow_ramp,ramp,0.0,1.2,0.0,0.2857623846870378,1080.6743188294795,False,settled
b,yellow_ramp,ramp,0.0,1.2,0.0,1.0050517064149738,843.7942803078404,False,settled
b,yellow_ramp,ramp,0.0,1.2,0.0,0.527763827594953,986.4746094477896,False,settled
b,yellow_ramp,ramp,0.0,1.2,0.0,0.9601841237631866,855.3058920159872,False,settled
b,yellow_ramp,ramp,0.0,1.2,0.0,1.1513423639909006,812.3785466442417,False,settled
b,yellow_ramp,ramp,0.0,1.2,0.0,0.2338098813162754,1108.5745848834827,False,settled
b,yellow_ramp,ramp,0.0,1.2,0.0,0.3374955177482732,1057.0005809939478,False,settled
b,yellow_ramp,ramp,0.0,1.2,0.0,0.5660041149145766,972.6510696015372,False,settled
b,yellow_ramp,ramp,0.0,1.2,0.0,1.0390534921063863,838.2057628698711,False,settled
b,yellow_ramp,ramp,0.0,1.2,0.0,0.9001030317946206,873.2528774062116,False,settled
b,yellow_ramp,ramp,0.0,1.2,0.0,0.7874933585510683,907.8292329678721,False,settled
b,yellow_ramp,ramp,0.0,1.2,0.0,1.105000455925614,823.4899252198177,False,settled
b,yellow_ramp,ramp,0.0,1.2,0.0,0.4384520561583674,1019.1853798846621,False,settled
b,yellow_ramp,ramp,0.0,1.2,0.0,0.7985458361128382,904.5648685937449,False,settled
b,yellow_ramp,ramp,0.0,1.2,0.0,1.0191465648288307,843.5701701625466,False,settled
b,yellow_ramp,ramp,0.0,1.2,0.0,1.0792660893114152,828.9074530835833,False,settled
b,yellow_ramp,ramp,0.0,1.2,0.0,0.3408907739788369,1056.5921430487397,False,settled
b,yellow_ramp,ramp,0.0,1.2,0.0,0.9803198328845236,851.0710089122799,False,settled
b,yellow_ramp,ramp,0.0,1.2,0.0,0.5157977922975416,992.1264063220715,False,settled
b,yellow_ramp,ramp,0.0,1.2,0.0,0.648816345012135,951.1443718056303,False,settled
b,yellow_ramp,ramp,0.0,1.2,0.0,0.8739741460708611,882.522982625255,False,settled
b,yellow_ramp,ramp,0.0,1.2,0.0,1.1752383986435428,806.3574317665488,False,settled
b,yellow_ramp,ramp,0.0,1.2,0.0,0.5871644553771888,965.6592370308052,False,settled
b,yellow_ramp,ramp,0.0,1.2,0.0,0.4863026604565909,1004.3445802627439,False,settled
b,yellow_ramp,ramp,0.0,1.2,0.0,0.549806405881145,985.4626892257617,False,settled
b,yellow_ramp,ramp,0.0,1.2,0.0,1.0419412025843207,838.2449149524917,False,settled
b,yellow_ramp,ramp,0.0,1.2,0.0,0.44730251815478306,1024.404935147621,False,settled
b,yellow_ramp,ramp,0.0,1.2,0.0,1.2216382480668817,791.7303691463474,False,settled
b,yellow_ramp,ramp,0.0,1.2,0.0,1.0782647439605857,830.4999614597523,False,settled
b,yellow_ramp,ramp,0.0,1.2,0.0,0.9368887563339343,864.2183536797215,False,settled
b,yellow_ramp,ramp,0.0,1.2,0.0,0.3491887532535251,1063.8696891928287,False,settled
b,yellow_ramp,ramp,0.0,1.2,0.0,0.5684617200412104,980.4588044386476,False,settled
b,yellow_ramp,ramp,0.0,1.2,0.0,0.45048079985609635,1021.8851364859895,False,settled
b,yellow_ramp,ramp,0.0,1.2,0.0,0.40263245127859293,1033.8666454779864,False,settled
b,yellow_ramp,ramp,0.0,1.2,0.0,0.6634137137960103,947.7804792153189,False,settled
b,yellow_ramp,ramp,0.0,1.2,0.0,1.175420910808947,805.8253052748785,False,settled
b,yellow_ramp,ramp,0.0,1.2,0.0,0.27484624916181094,1088.9219342766123,False,settled
b,yellow_ramp,ramp,0.0,1.2,0.0,0.9816474756876507,849.533344039951,False,settled
b,yellow_ramp,ramp,0.0,1.2,0.0,0.7271832473442844,925.3414590535551,False,settled
b,yellow_ramp,ramp,0.0,1.2,0.0,0.6107903621384326,964.44537272447,False,settled
b,yellow_ramp,ramp,0.0,1.2,0.0,0.9121886104178757,866.8141860397964,False,settled
b,yellow_ramp,ramp,0.0,1.2,0.0,0.4134374008293041,1026.2979511895687,False,settled
b,yellow_ramp,ramp,0.0,1.2,0.0,0.7649201721506272,912.8831185041383,False,settled
b,yellow_ramp,ramp,0.0,1.2,0.0,0.5602940630623952,977.1570356335884,False,settled
b,yellow_ramp,ramp,0.0,1.2,0.0,0.7534157797625215,917.682509472687,False,settled
b,yellow_ramp,ramp,0.0,1.2,0.0,0.9744495708277694,853.2583898374277,False,settled
b,yellow_ramp,ramp,0.0,1.2,0.0,0.8434829374157077,890.1020997611936,False,settled
b,yellow_ramp,ramp,0.0,1.2,0.0,0.3851461436047122,1049.3962195957022,False,settled
b,yellow_ramp,ramp,0.0,1.2,0.0,0.22605626031843676,1106.591829237166,False,settled
b,yellow_ramp,ramp,0.0,1.2,0.0,0.3522763253905829,1061.4142176777627,False,settled
b,yellow_ramp,ramp,0.0,1.2,0.0,0.706946481224971,927.015569190758,False,settled
b,yellow_ramp,ramp,0.0,1.2,0.0,0.9913233901112203,847.1502717664058,False,settled
b,yellow_ramp,ramp,0.0,1.2,0.0,0.6723599856021923,940.5033634858411,False,settled
b,yellow_ramp,ramp,0.0,1.2,0.0,0.8508470106139076,886.9977254763019,False,settled
b,yellow_ramp,ramp,0.0,1.2,0.0,0.31931583254374657,1074.4406131758985,False,settled
b,yellow_ramp,ramp,0.0,1.2,0.0,0.3765084468723494,1042.705107481462,False,settled
b,yellow_ramp,ramp,0.0,1.2,0.0,1.0027237580312542,848.4492499972775,False,settled
b,yellow_ramp,ramp,0.0,1.2,0.0,1.1187893749983135,819.1575498331555,False,settled
b,yellow_ramp,ramp,0.0,1.2,0.0,0.23618499256260828,1106.092344710252,False,settled
b,yellow_ramp,ramp,0.0,1.2,0.0,0.8069240066625899,896.8443882167288,False,settled
b,yellow_ramp,ramp,0.0,1.2,0.0,0.9792863079901085,852.0186596467992,False,settled
b,yellow_ramp,ramp,0.0,1.2,0.0,0.3096150139707224,1067.5408860453956,False,settled
b,yellow_ramp,ramp,0.0,1.2,0.0,0.3839037879924549,1049.966593727771,False,settled
b,yellow_ramp,ramp,0.0,1.2,0.0,1.0512161960107547,836.7790738421945,False,settled
b,yellow_ramp,ramp,0.0,1.2,0.0,0.3784525692518012,1041.2874883224956,False,settled
b,yellow_ramp,ramp,0.0,1.2,0.0,0.5968157649110206,968.002884797731,False,settled
b,yellow_ramp,ramp,0.0,1.2,0.0,0.29702250091775123,1076.4193555941822,False,settled
b,yellow_ramp,ramp,0.0,1.2,0.0,0.6081000337006633,965.1239995469545,False,settled
b,yellow_ramp,ramp,0.0,1.2,0.0,0.7754478102329833,911.7655844784606,False,settled
b,yellow_ramp,ramp,0.0,1.2,0.0,1.056492180828445,835.5239155627112,False,settled
b,yellow_ramp,ramp,0.0,1.2,0.0,1.0904728349631259,825.944788261971,False,settled
b,yellow_ramp,ramp,0.0,1.2,0.0,0.24194415248338186,1103.4498495639705,False,settled
b,yellow_ramp,ramp,0.0,1.2,0.0,1.0229876000279114,842.7906940858823,False,settled
b,yellow_ramp,ramp,0.0,1.2,0.0,1.2244637410694128,790.4119654455651,False,settled
b,yellow_ramp,ramp,0.0,1.2,0.0,0.7392169140020798,922.584085486015,False,settled
b,yellow_ramp,ramp,0.0,1.2,0.0,0.3453714313203571,1053.2539964961275,False,settled
b,yellow_ramp,ramp,0.0,1.2,0.0,0.24796517500947093,1106.8083329410701,False,settled
b,yellow_ramp,ramp,0.0,1.2,0.0,0.4437225448096822,1015.1017744030856,False,settled
b,yellow_ramp,ramp,0.0,1.2,0.0,0.23871937256806086,1105.1515472146843,False,settled
b,yellow_ramp,ramp,0.0,1.2,0.0,0.5054775221600035,1000.2583956681431,False,settled
b,yellow_ramp,ramp,0.0,1.2,0.0,0.952992927785143,858.4579910864696,False,settled
b,yellow_ramp,ramp,0.0,1.2,0.0,0.6703287577898651,942.2150156888471,False,settled
b,yellow_ramp,ramp,0.0,1.2,0.0,0.5770879252539399,973.3463386878271,False,settled
b,yellow_ramp,ramp,0.0,1.2,0.0,0.31663674597396424,1076.2995830799416,False,settled
b,yellow_ramp,ramp,0.0,1.2,0.0,0.7948603376072398,901.088633663906,False,settled
b,yellow_ramp,ramp,0.0,1.2,0.0,1.2000032546464212,800.3293118413908,False,settled
b,yellow_ramp,ramp,0.0,1.2,0.0,1.1676368462013824,807.4863739614077,False,settled
b,yellow_ramp,ramp,0.0,1.2,0.0,0.35582928035727623,1058.605531958075,False,settled
b,yellow_ramp,ramp,0.0,1.2,0.0,0.5086579179529013,997.7613233549675,False,settled
b,yellow_ramp,ramp,0.0,1.2,0.0,0.36835846847649556,1049.0450900568778,False,settled
b,yellow_ramp,ramp,0.0,1.2,0.0,0.6788487322010358,938.1772634390065,False,settled
b,yellow_ramp,ramp,0.0,1.2,0.0,0.39957202320883667,1034.3114375132297,False,settled
b,yellow_ramp,ramp,0.0,1.2,0.0,1.0687517499305468,830.8642797269131,False,settled
b,yellow_ramp,ramp,0.0,1.2,0.0,0.3222437500651926,1072.8210218127151,False,settled
b,yellow_ramp,ramp,0.0,1.2,0.0,1.0605046266621483,834.5145534682292,False,settled
b,yellow_ramp,ramp,0.0,1.2,0.0,1.0162925518592216,844.5029664535446,False,settled
b,yellow_ramp,ramp,0.0,1.2,0.0,0.9525659710023647,858.675608326402,False,settled
b,yellow_ramp,ramp,0.0,1.2,0.0,0.6012672519860195,966.8638605053527,False,settled
b,yellow_ramp,ramp,0.0,1.2,0.0,0.9519575140533842,859.3448404567907,False,settled
b,yellow_ramp,ramp,0.0,1.2,0.0,0.5129281318025178,994.3913523935869,False,settled
b,yellow_ramp,ramp,0.0,1.2,0.0,0.45714805359153,1020.049273700757,False,settled
b,yellow_ramp,ramp,0.0,1.2,0.0,1.210557584217261,797.2540278748805,False,settled
b,yellow_ramp,ramp,0.0,1.2,0.0,1.0332017960120612,840.4823645746941,False,settled
b,yellow_ramp,ramp,0.0,1.2,0.0,0.48270209096661665,1007.2391434037659,False,settled
b,yellow_ramp,ramp,0.0,1.2,0.0,0.5236850404100138,987.4373206597509,False,settled
b,yellow_ramp,ramp,0.0,1.2,0.0,1.0890438928997601,827.1009995509064,False,settled
b,yellow_ramp,ramp,0.0,1.2,0.0,0.4393680485161137,1018.4752767956456,False,settled
b,yellow_ramp,ramp,0.0,1.2,0.0,0.6956899482192291,936.4815483233846,False,settled
b,yellow_ramp,ramp,0.0,1.2,0.0,0.4247552388365357,1029.8946986311746,False,settled
b,yellow_ramp,ramp,0.0,1.2,0.0,0.5795787293781417,971.3073093997093,False,settled
b,yellow_ramp,ramp,0.0,1.2,0.0,0.4496418726468428,1022.550165255706,False,settled
b,yellow_ramp,ramp,0.0,1.2,0.0,0.6817906413647284,937.3139163553686,False,settled
b,yellow_ramp,ramp,0.0,1.2,0.0,0.8040836399885466,899.4320026964647,False,settled
b,yellow_ramp,ramp,0.0,1.2,0.0,0.6718810500420633,940.9052727849564,False,settled
b,yellow_ramp,ramp,0.0,1.2,0.0,1.0560118760307096,832.7501529606384,False,settled
b,yellow_ramp,ramp,0.0,1.2,0.0,0.902587691822182,871.0601602665091,False,settled
b,yellow_ramp,ramp,0.0,1.2,0.0,0.5694064910684955,979.678687132487,False,settled
b,yellow_ramp,ramp,0.0,1.2,0.0,0.6283793263238319,959.2857390122421,False,settled
b,yellow_ramp,ramp,0.0,1.2,0.0,0.7776909989642836,909.7148184410324,False,settled
b,yellow_ramp,ramp,0.0,1.2,0.0,0.7985335863015073,904.5762267013132,False,settled
b,yellow_ramp,ramp,0.0,1.2,0.0,0.389087148582524,1035.9743409261596,False,settled
b,yellow_ramp,ramp,0.0,1.2,0.0,0.43853712695138464,1019.119457196376,False,settled
b,yellow_ramp,ramp,0.0,1.2,0.0,0.26163686977875605,1094.9427268960324,False,settled
b,yellow_ramp,ramp,0.0,1.2,0.0,0.43947707922498386,1018.3907612074186,False,settled
b,yellow_ramp,ramp,0.0,1.2,0.0,0.4208145183294066,1033.0358160595754,False,settled
b,yellow_ramp,ramp,0.0,1.2,0.0,0.6748631927731027,939.3471994649426,False,settled
b,yellow_ramp,ramp,0.0,1.2,0.0,1.1883303828795806,803.041479079712,False,settled
b,yellow_ramp,ramp,0.0,1.2,0.0,0.5076313235905403,998.5603515343827,False,settled
b,yellow_ramp,ramp,0.0,1.2,0.0,0.39329178357841704,1035.2511168309609,False,settled
b,yellow_ramp,ramp,0.0,1.2,0.0,1.0083382108181154,844.06765834441,False,settled
b,yellow_ramp,ramp,0.0,1.2,0.0,0.610446911924526,964.5320492216237,False,settled
b,yellow_ramp,ramp,0.0,1.2,0.0,0.6998817530530994,933.0860974701101,False,settled
b,yellow_ramp,ramp,0.0,1.2,0.0,0.3892164936816697,1035.955134956908,False,settled
b,yellow_ramp,ramp,0.0,1.2,0.0,0.9783665192240936,848.8078745212118,False,settled
b,yellow_ramp,ramp,0.0,1.2,0.0,0.9724919692726295,850.8974557462402,False,settled
b,yellow_ramp,ramp,0.0,1.2,0.0,0.8210611704525411,897.0014947159294,False,settled
b,yellow_ramp,ramp,0.0,1.2,0.0,0.4479022863636748,1023.929375562451,False,settled
b,yellow_ramp,ramp,0.0,1.2,0.0,0.5830987789785507,968.8727838864896,False,settled
b,yellow_ramp,ramp,0.0,1.2,0.0,0.7175051244416741,925.8984030648769,False,settled
b,yellow_ramp,ramp,0.0,1.2,0.0,0.9807335128822293,850.5919041784396,False,settled
b,yellow_ramp,ramp,0.0,1.2,0.0,0.7031115359196242,930.2981770450147,False,settled
b,yellow_ramp,ramp,0.0,1.2,0.0,0.8138870581933625,897.0635250521499,False,settled
b,yellow_ramp,ramp,0.0,1.2,0.0,0.4403594789801866,1017.6386656406194,False,settled
b,yellow_ramp,ramp,0.0,1.2,0.0,0.5826223986014594,969.2556798024884,False,settled
b,yellow_ramp,ramp,0.0,1.2,0.0,1.042942521194279,839.3409211423897,False,settled
b,yellow_ramp,ramp,0.0,1.2,0.0,0.38173701812800287,1038.7747125546668,False,settled
b,yellow_ramp,ramp,0.0,1.2,0.0,0.3561349765496467,1058.6164127370585,False,settled
b,yellow_ramp,ramp,0.0,1.2,0.0,1.0393860134378987,840.3099302720938,False,settled
b,yellow_ramp,ramp,0.0,1.2,0.0,0.3552230039048942,1059.0848276751392,False,settled
b,yellow_ramp,ramp,0.0,1.2,0.0,0.680221301957332,937.7744624099321,False,settled
b,yellow_ramp,ramp,0.0,1.2,0.0,0.38755920137894434,1036.2156339741123,False,settled
b,yellow_ramp,ramp,0.0,1.2,0.0,0.2500279434586722,1095.0530556979775,False,settled
b,yellow_ramp,ramp,0.0,1.2,0.0,0.4665737585715627,1018.2780399883586,False,settled
b,yellow_ramp,ramp,0.0,1.2,0.0,0.5685026556517608,980.4250038549925,False,settled
b,yellow_ramp,ramp,0.0,1.2,0.0,0.38140880600794186,1038.9366410230068,False,settled
b,yellow_ramp,ramp,0.0,1.2,0.0,1.1759137715114045,806.8621500053563,False,settled
b,yellow_ramp,ramp,0.0,1.2,0.0,1.0316917902074545,841.6093581212426,False,settled
b,yellow_ramp,ramp,0.0,1.2,0.0,0.9773315174352133,850.0544151280503,False,settled
b,yellow_ramp,ramp,0.0,1.2,0.0,0.7802874961657585,907.3474991425635,False,settled
b,yellow_ramp,ramp,0.0,1.2,0.0,0.8747324576725596,881.7671816162137,False,settled
b,yellow_ramp,ramp,0.0,1.2,0.0,0.4237057556172614,1030.730576997733,False,settled
b,yellow_ramp,ramp,0.0,1.2,0.0,0.5568244278056542,979.7203996776469,False,settled
b,yellow_ramp,ramp,0.0,1.2,0.0,0.3792781727632836,1040.5734569244382,False,settled
b,yellow_ramp,ramp,0.0,1.2,0.0,0.45988907156680825,1019.5339999820196,False,settled
b,yellow_ramp,ramp,0.0,1.2,0.0,0.27988646327546074,1085.9251662627996,False,settled
b,yellow_ramp,ramp,0.0,1.2,0.0,0.4122962971808282,1027.2389399442138,False,settled
b,yellow_ramp,ramp,0.0,1.2,0.0,0.33667937051697616,1057.0960470206928,False,settled
b,yellow_ramp,ramp,0.0,1.2,0.0,0.3842514781747311,1049.691843983288,False,settled
b,yellow_ramp,ramp,0.0,1.2,0.0,0.335788762660606,1057.2051005062565,False,settled
b,yellow_ramp,ramp,0.0,1.2,0.0,0.8349999515929657,890.5054205454848,False,settled
b,yellow_ramp,ramp,0.0,1.2,0.0,0.5017261948840788,1003.303827382213,False,settled
b,yellow_ramp,ramp,0.0,1.2,0.0,1.0281882097928763,841.5901406122755,False,settled
b,yellow_ramp,ramp,0.0,1.2,0.0,0.875751192424085,880.7521673253333,False,settled
b,yellow_ramp,ramp,0.0,1.2,0.0,0.5438451421943192,980.1121386368441,False,settled
b,yellow_ramp,ramp,0.0,1.2,0.0,0.23783218427425998,1100.4432268683836,False,settled
b,yellow_ramp,ramp,0.0,1.2,0.0,0.7949798002215404,900.9796195686993,False,settled
b,yellow_ramp,ramp,0.0,1.2,0.0,0.7302748869448994,922.6274773214424,False,settled
b,yellow_ramp,ramp,0.0,1.2,0.0,0.5329312266225835,985.3922904786774,False,settled
b,yellow_ramp,ramp,0.0,1.2,0.0,1.1416424727022698,814.0429485022461,False,settled
b,yellow_ramp,ramp,0.0,1.2,0.0,0.48297600557513864,1007.0187407623846,False,settled
b,yellow_ramp,ramp,0.0,1.2,0.0,0.8453776187122354,889.2991913741606,False,settled
b,yellow_ramp,ramp,0.0,1.2,0.0,0.9818548836046692,849.2931125117683,False,settled
b,yellow_ramp,ramp,0.0,1.2,0.0,0.7182752093794373,925.2284002059201,False,settled
b,yellow_ramp,ramp,0.0,1.2,0.0,0.22301914786034535,1118.7910410040672,False,settled
b,yellow_ramp,ramp,0.0,1.2,0.0,0.8405082014497401,891.6326128175346,False,settled
b,yellow_ramp,ramp,0.0,1.2,0.0,0.9946626347731913,847.5677059242997,False,settled
b,yellow_ramp,ramp,0.0,1.2,0.0,0.7882696122025529,907.1145954576068,False,settled
b,yellow_ramp,ramp,0.0,1.2,0.0,0.6348874778897847,954.0626263835738,False,settled
b,yellow_ramp,ramp,0.0,1.2,0.0,0.2550581969455275,1090.293182448017,False,settled
b,yellow_ramp,ramp,0.0,1.2,0.0,0.2648575519179686,1085.823289081517,False,settled
b,yellow_ramp,ramp,0.0,1.2,0.0,1.0562476843045263,834.4805344048754,False,settled
b,yellow_ramp,ramp,0.0,1.2,0.0,0.5921792208601253,971.0699708428477,False,settled
b,yellow_ramp,ramp,0.0,1.2,0.0,0.2387847694413236,1105.447558920041,False,settled
b,yellow_ramp,ramp,0.0,1.2,0.0,0.3946433686690995,1035.1241096445124,False,settled
b,yellow_ramp,ramp,0.0,1.2,0.0,0.2920562648385423,1077.6440070520443,False,settled
b,yellow_ramp,ramp,0.0,1.2,0.0,1.1175152822998702,820.5838151744446,False,settled
b,yellow_ramp,ramp,0.0,1.2,0.0,1.0233430071517884,842.3256884618346,False,settled
b,yellow_ramp,ramp,0.0,1.2,0.0,0.893916569166393,873.9710119232993,False,settled
b,yellow_ramp,ramp,0.0,1.2,0.0,0.46004401748441603,1019.5048881415609,False,settled
b,yellow_ramp,ramp,0.0,1.2,0.0,1.0752083430503927,831.7251129646893,False,settled
b,yellow_ramp,ramp,0.0,1.2,0.0,0.22987800049068796,1107.4048123324849,False,settled
b,yellow_ramp,ramp,0.0,1.2,0.0,0.7827212302812038,905.2305753552837,False,settled
b,yellow_ramp,ramp,0.0,1.2,0.0,0.7589007624888154,914.989831156589,False,settled
b,yellow_ramp,ramp,0.0,1.2,0.0,0.8503467201626286,887.2081482016239,False,settled
b,yellow_ramp,ramp,0.0,1.2,0.0,0.7262833929400244,926.1369541986776,False,settled
b,yellow_ramp,ramp,0.0,1.2,0.0,0.4385162730762716,1019.1356257577181,False,settled
b,yellow_ramp,ramp,0.0,1.2,0.0,0.4391242362596971,1018.6642835227632,False,settled
b,yellow_ramp,ramp,0.0,1.2,0.0,0.4134128307926291,1026.3171146030472,False,settled
b,yellow_ramp,ramp,0.0,1.2,0.0,0.8909494819982273,876.9789715204075,False,settled
b,yellow_ramp,ramp,0.0,1.2,0.0,0.6512215833570233,949.368376618512,False,settled
b,yellow_ramp,ramp,0.0,1.2,0.0,0.2720345027550752,1084.510030552214,False,settled
b,yellow_ramp,ramp,0.0,1.2,0.0,1.17070936037088,806.7009675007508,False,settled
b,yellow_ramp,ramp,0.0,1.2,0.0,0.23198092383981522,1110.6513945454276,False,settled
b,yellow_ramp,ramp,0.0,1.2,0.0,0.952531756931753,858.7132153050476,False,settled
b,yellow_ramp,ramp,0.0,1.2,0.0,1.1147117042743162,820.4894217661985,False,settled
b,yellow_ramp,ramp,0.0,1.2,0.0,0.7780838571522313,909.3556916534708,False,settled
b,yellow_ramp,ramp,0.0,1.2,0.0,1.2032875879729403,799.1494855863676,False,settled
b,yellow_ramp,ramp,0.0,1.2,0.0,0.610486589890549,964.522038560391,False,settled
b,yellow_ramp,ramp,0.0,1.2,0.0,0.9958997758818691,846.0972515935387,False,settled
b,yellow_ramp,ramp,0.0,1.2,0.0,0.5109342530135464,995.9667194901253,False,settled
b,yellow_ramp,ramp,0.0,1.2,0.0,0.3451552255812214,1053.4214462074747,False,settled
b,yellow_ramp,ramp,0.0,1.2,0.0,0.9872558227100711,847.5924511222064,False,settled
b,yellow_ramp,ramp,0.0,1.2,0.0,0.5683188858090982,980.5767405464354,False,settled
b,yellow_ramp,ramp,0.0,1.2,0.0,0.41445302555655267,1037.8910006559975,False,settled
b,yellow_ramp,ramp,0.0,1.2,0.0,1.1319226603237404,816.7407888927617,False,settled
b,yellow_ramp,ramp,0.0,1.2,0.0,0.2686421666134489,1087.0451493659614,False,settled
b,yellow_ramp,ramp,0.0,1.2,0.0,0.4195278872776023,1034.0681458316976,False,settled
b,yellow_ramp,ramp,0.0,1.2,0.0,0.3978120758564866,1034.5673192744775,False,settled
b,yellow_ramp,ramp,0.0,1.2,0.0,0.7577437288812645,915.3949908741217,False,settled
b,yellow_ramp,ramp,0.0,1.2,0.0,0.30815397265429717,1068.6558750204613,False,settled
b,yellow_ramp,ramp,0.0,1.2,0.0,0.6661111237549223,945.5127622920404,False,settled
b,yellow_ramp,ramp,0.0,1.2,0.0,0.3657580177086168,1051.0789205370515,False,settled
b,yellow_ramp,ramp,0.0,1.2,0.0,0.31744421918194254,1075.66311371851,False,settled
b,yellow_ramp,ramp,0.0,1.2,0.0,0.44039104923133726,1017.6143964135163,False,settled
b,yellow_ramp,ramp,0.0,1.2,0.0,1.0241472891201393,842.7540081707568,False,settled
b,yellow_ramp,ramp,0.0,1.2,0.0,0.5231238675803525,987.5564072776231,False,settled
b,yellow_ramp,ramp,0.0,1.2,0.0,0.6214816167419778,956.0725774001801,False,settled
b,yellow_ramp,ramp,0.0,1.2,0.0,1.2027804821739794,799.28061318107,False,settled
b,yellow_ramp,ramp,0.0,1.2,0.0,0.5704910680398709,978.7830804892508,False,settled
b,yellow_ramp,ramp,0.0,1.2,0.0,0.8617924199084673,882.6444253449291,False,settled
b,yellow_ramp,ramp,0.0,1.2,0.0,1.0064256164760557,846.7730185095387,False,settled
b,yellow_ramp,ramp,0.0,1.2,0.0,0.8230811885362707,895.1551398974544,False,settled
b,yellow_ramp,ramp,0.0,1.2,0.0,1.1250898251486185,819.2319190807906,False,settled
b,yellow_ramp,ramp,0.0,1.2,0.0,0.2500063984495745,1094.9601863382702,False,settled
b,yellow_ramp,ramp,0.0,1.2,0.0,0.4181963646269073,1035.136390038528,False,settled
b,yellow_ramp,ramp,0.0,1.2,0.0,1.1889304932029257,803.3446561781977,False,settled
b,yellow_ramp,ramp,0.0,1.2,0.0,1.1081812380330467,821.9183797820727,False,settled
b,yellow_ramp,ramp,0.0,1.2,0.0,0.30270162648241644,1072.6981981981342,False,settled
b,yellow_ramp,ramp,0.0,1.2,0.0,0.2744613222453398,1088.6764708933638,False,settled
b,yellow_ramp,ramp,0.0,1.2,0.0,0.4403088080720626,1017.6776185857206,False,settled
b,yellow_ramp,ramp,0.0,1.2,0.0,0.3788552843471391,1040.9015014849988,False,settled
b,yellow_ramp,ramp,0.0,1.2,0.0,0.22586731808105792,1103.5684435827363,False,settled
b,yellow_ramp,ramp,0.0,1.2,0.0,0.401096560338761,1034.0897417661467,False,settled
b,yellow_ramp,ramp,0.0,1.2,0.0,0.43858267331723116,1019.0841441278061,False,settled
b,yellow_ramp,ramp,0.0,1.2,0.0,0.9254132006553866,863.6958172847068,False,settled
b,yellow_ramp,ramp,0.0,1.2,0.0,0.2267915286978037,1102.1441878815385,False,settled
b,yellow_ramp,ramp,0.0,1.2,0.0,0.7486735598217248,914.3679670197988,False,settled
b,yellow_ramp,ramp,0.0,1.2,0.0,0.99673262166424,845.2029546879058,False,settled
b,yellow_ramp,ramp,0.0,1.2,0.0,0.6627799596869625,948.3156803316701,False,settled
b,yellow_ramp,ramp,0.0,1.2,0.0,0.3466894570923214,1052.3298543082997,False,settled
b,yellow_ramp,ramp,0.0,1.2,0.0,0.47661350605341496,1012.1449702445191,False,settled
b,yellow_ramp,ramp,0.0,1.2,0.0,0.34419289763123795,1054.162807659161,False,settled
b,yellow_ramp,ramp,0.0,1.2,0.0,0.7827225439189809,905.2293845341749,False,settled
b,yellow_ramp,ramp,0.0,1.2,0.0,0.9180953847934958,866.0294006240171,False,settled
b,yellow_ramp,ramp,0.0,1.2,0.0,0.4661608618757092,1018.3556184432767,False,settled
b,yellow_ramp,ramp,0.0,1.2,0.0,1.0284377440213281,841.402500994748,False,settled
b,yellow_ramp,ramp,0.0,1.2,0.0,1.2112131943956217,796.1561377056014,False,settled
b,yellow_ramp,ramp,0.0,1.2,0.0,0.7050753123654777,928.6204213819311,False,settled
b,yellow_ramp,ramp,0.0,1.2,0.0,0.6579761417539267,943.8161159557011,False,settled
b,yellow_ramp,ramp,0.0,1.2,0.0,0.9993396644529936,846.3194251160892,False,settled
b,yellow_ramp,ramp,0.0,1.2,0.0,1.0802057218862235,829.8016095883672,False,settled
b,yellow_ramp,ramp,0.0,1.2,0.0,0.7309039380539011,922.0761058953631,False,settled
b,yellow_ramp,ramp,0.0,1.2,0.0,0.5026389582236007,1002.5628295735485,False,settled
b,yellow_ramp,ramp,0.0,1.2,0.0,0.2628719404696298,1098.3706659137456,False,settled
b,yellow_ramp,ramp,0.0,1.2,0.0,0.28000307474799563,1086.1738357049137,False,settled
b,yellow_ramp,ramp,0.0,1.2,0.0,0.4444857395848667,1026.6389669375915,False,settled
b,yellow_ramp,ramp,0.0,1.2,0.0,0.48358683498048755,1006.5277255738821,False,settled
b,yellow_ramp,ramp,0.0,1.2,0.0,0.7844798292621964,903.5700265039009,False,settled
b,yellow_ramp,ramp,0.0,1.2,0.0,0.5636377637487372,974.456928773135,False,settled
b,yellow_ramp,ramp,0.0,1.2,0.0,1.1975954338010928,800.8096853067468,False,settled
b,yellow_ramp,ramp,0.0,1.2,0.0,0.7901704368458631,905.364561386445,False,settled
b,yellow_ramp,ramp,0.0,1.2,0.0,0.7062758987572506,927.5886458072525,False,settled
b,yellow_ramp,ramp,0.0,1.2,0.0,1.078884809253243,829.5153832172475,False,settled
b,yellow_ramp,ramp,0.0,1.2,0.0,0.76347351321906,913.3893578738744,False,settled
b,yellow_ramp,ramp,0.0,1.2,0.0,0.7184460612107463,925.116310193179,False,settled
b,yellow_ramp,ramp,0.0,1.2,0.0,0.48102319416664446,1008.5889327780726,False,settled
b,yellow_ramp,ramp,0.0,1.2,0.0,1.1845152730151733,803.8265237600788,False,settled
b,yellow_ramp,ramp,0.0,1.2,0.0,1.1938983568927979,802.4574796093391,False,settled
b,yellow_ramp,ramp,0.0,1.2,0.0,0.42149220048435065,1032.4932545482604,False,settled
b,yellow_ramp,ramp,0.0,1.2,0.0,0.40348691005643955,1033.7423145993396,False,settled
b,yellow_ramp,ramp,0.0,1.2,0.0,1.0707020894702557,831.4534736697516,False,settled
b,yellow_ramp,ramp,0.0,1.2,0.0,0.5039772271906336,1001.4763882554909,False,settled
b,yellow_ramp,ramp,0.0,1.2,0.0,0.29444998064544925,1077.6833911998822,False,settled
b,yellow_ramp,ramp,0.0,1.2,0.0,0.7198018381300555,923.9179563090825,False,settled
b,yellow_ramp,ramp,0.0,1.2,0.0,1.0111375131494353,846.8399375416153,False,settled
b,yellow_ramp,ramp,0.0,1.2,0.0,0.35654515649277335,1058.291849613986,False,settled
b,yellow_ramp,ramp,0.0,1.2,0.0,0.8328215279979975,892.553606872819,False,settled
b,yellow_ramp,ramp,0.0,1.2,0.0,0.22863079281345627,1106.4249432071108,False,settled
b,yellow_ramp,ramp,0.0,1.2,0.0,0.6281209728836219,959.5039362486856,False,settled
b,yellow_ramp,ramp,0.0,1.2,0.0,1.0621912601252692,833.2865781840462,False,settled
b,yellow_ramp,ramp,0.0,1.2,0.0,0.3467683480313584,1052.2687585277488,False,settled
b,yellow_ramp,ramp,0.0,1.2,0.0,1.040174830093466,839.2354401602782,False,settled
b,yellow_ramp,ramp,0.0,1.2,0.0,0.5621324447689464,975.7564028726225,False,settled
b,yellow_ramp,ramp,0.0,1.2,0.0,0.9236734512359184,865.4947309944731,False,settled
b,yellow_ramp,ramp,0.0,1.2,0.0,0.31397257130340456,1078.3991489008217,False,settled
b,yellow_ramp,ramp,0.0,1.2,0.0,0.5798381645534015,971.3741884438069,False,settled
b,yellow_ramp,ramp,0.0,1.2,0.0,0.8407297055784989,891.421213783812,False,settled
b,yellow_ramp,ramp,0.0,1.2,0.0,0.27386621250604914,1088.1812625033547,False,settled
b,yellow_ramp,ramp,0.0,1.2,0.0,0.4519127845615947,1021.0286992595037,False,settled
b,yellow_ramp,ramp,0.0,1.2,0.0,0.867713273245078,882.8161441217397,False,settled
b,yellow_ramp,ramp,0.0,1.2,0.0,0.9834638896041638,847.465327197417,False,settled
b,yellow_ramp,ramp,0.0,1.2,0.0,0.32566996291447536,1072.3693838600514,False,settled
b,yellow_ramp,ramp,0.0,1.2,0.0,0.9498491508417259,857.0407576582617,False,settled
b,yellow_ramp,ramp,0.0,1.2,0.0,0.818645734876865,899.2352692121239,False,settled
b,yellow_ramp,ramp,0.0,1.2,0.0,0.7773547652734034,910.0221799159596,False,settled
b,yellow_ramp,ramp,0.0,1.2,0.0,0.8248857058514573,893.4969653194476,False,settled
b,yellow_ramp,ramp,0.0,1.2,0.0,0.6404453026698999,949.4939681614408,False,settled
b,yellow_ramp,ramp,0.0,1.2,0.0,0.7161650357297852,927.0641971768603,False,settled
b,yellow_ramp,ramp,0.0,1.2,0.0,0.4146784085812008,1037.7103178063505,False,settled
b,yellow_ramp,ramp,0.0,1.2,0.0,0.8670030310905229,883.5195262611263,False,settled
b,yellow_ramp,ramp,0.0,1.2,0.0,1.0782128906661592,830.5822422041591,False,settled
b,yellow_ramp,ramp,0.0,1.2,0.0,0.3011153681493837,1073.820237862143,False,settled
b,yellow_ramp,ramp,0.0,1.2,0.0,0.27255843489623827,1084.3732835055407,False,settled
b,yellow_ramp,ramp,0.0,1.2,0.0,0.7560612049150909,915.9841018682542,False,settled
b,yellow_ramp,ramp,0.0,1.2,0.0,0.4089251061557308,1029.8517331953733,False,settled
b,yellow_ramp,ramp,0.0,1.2,0.0,0.5447726218018794,989.6141809641468,False,settled
b,yellow_ramp,ramp,0.0,1.2,0.0,0.456414522545571,1020.1871166356008,False,settled
b,yellow_ramp,ramp,0.0,1.2,0.0,0.8119336173927895,898.886795111462,False,settled
b,yellow_ramp,ramp,0.0,1.2,0.0,1.0451056856060925,837.7196088044493,False,settled
b,yellow_ramp,ramp,0.0,1.2,0.0,0.6227462479153749,954.9456979056043,False,settled
b,yellow_ramp,ramp,0.0,1.2,0.0,0.30372829838209026,1071.97062710386,False,settled
b,yellow_ramp,ramp,0.0,1.2,0.0,1.0452860881547754,837.6931961062006,False,settled
b,yellow_ramp,ramp,0.0,1.2,0.0,1.0674138268831213,832.8091261940926,False,settled
b,yellow_ramp,ramp,0.0,1.2,0.0,0.7973065040776374,905.7139384761704,False,settled
b,yellow_ramp,ramp,0.0,1.2,0.0,0.4295256698394301,1026.0956198950405,False,settled
b,yellow_ramp,ramp,0.0,1.2,0.0,1.1553913336108255,811.3632957436538,False,settled
b,yellow_ramp,ramp,0.0,1.2,0.0,0.44964572871423153,1022.5471082147571,False,settled
b,yellow_ramp,ramp,0.0,1.2,0.0,1.1383263080048964,815.5026538766873,False,settled
b,yellow_ramp,ramp,0.0,1.2,0.0,0.937005946323129,864.1557230511751,False,settled
b,yellow_ramp,ramp,0.0,1.2,0.0,0.7550413528074458,916.3411754351914,False,settled
b,yellow_ramp,ramp,0.0,1.2,0.0,0.9376992613963695,863.7851893958675,False,settled
b,yellow_ramp,ramp,0.0,1.2,0.0,0.3865667039758676,1049.1663277893952,False,settled
b,yellow_ramp,ramp,0.0,1.2,0.0,1.173080224515669,806.987423442171,False,settled
b,yellow_ramp,ramp,0.0,1.2,0.0,0.3665217484758861,1050.4814383667485,False,settled
b,yellow_ramp,ramp,0.0,1.2,0.0,0.5925854346241483,970.7364441527084,False,settled
b,yellow_ramp,ramp,0.0,1.2,0.0,1.2150968106568725,795.4614906966353,False,settled
b,yellow_ramp,ramp,0.0,1.2,0.0,0.7095247003124056,932.6210916089697,False,settled
b,yellow_ramp,ramp,0.0,1.2,0.0,0.3680525319896282,1049.2843406800157,False,settled
b,yellow_ramp,ramp,0.0,1.2,0.0,0.9740648086609379,853.4497809164452,False,settled
b,yellow_ramp,ramp,0.0,1.2,0.0,0.8701360122455545,880.430176546905,False,settled
b,yellow_ramp,ramp,0.0,1.2,0.0,0.7408947602264878,921.1250236860445,False,settled
b,yellow_ramp,ramp,0.0,1.2,0.0,0.7419846983665469,920.1787414030354,False,settled
b,yellow_ramp,ramp,0.0,1.2,0.0,0.32904679064676706,1071.9240602315579,False,settled
b,yellow_ramp,ramp,0.0,1.2,0.0,0.7643762273641626,913.0734649057638,False,settled
b,yellow_ramp,ramp,0.0,1.2,0.0,1.1304146279724445,817.8707743967767,False,settled
b,yellow_ramp,ramp,0.0,1.2,0.0,0.35693330785464017,1057.9859978216766,False,settled
b,yellow_ramp,ramp,0.0,1.2,0.0,0.6539578742469597,947.1050108304622,False,settled
b,yellow_ramp,ramp,0.0,1.2,0.0,0.3303956216280316,1071.7464319507073,False,settled
b,yellow_ramp,ramp,0.0,1.2,0.0,0.7384222020486924,923.2748607797745,False,settled
b,yellow_ramp,ramp,0.0,1.2,0.0,0.4592035144482483,1019.663015756198,False,settled
b,yellow_ramp,ramp,0.0,1.2,0.0,0.636279164911364,952.8955319689019,False,settled
b,yellow_ramp,ramp,0.0,1.2,0.0,1.0980674064896105,825.5081047231564,False,settled
b,yellow_ramp,ramp,0.0,1.2,0.0,0.7939959739284487,901.9484808664916,False,settled
b,yellow_ramp,ramp,0.0,1.2,0.0,0.4243284878624356,1030.234490084511,False,settled
b,yellow_ramp,ramp,0.0,1.2,0.0,0.3791122441532419,1040.702171427853,False,settled
b,yellow_ramp,ramp,0.0,1.2,0.0,0.4752363925408878,1013.2609738923613,False,settled
b,yellow_ramp,ramp,0.0,1.2,0.0,0.2656980690718999,1086.2134947531874,False,settled
b,yellow_ramp,ramp,0.0,1.2,0.0,1.1847261251303665,803.1892984011542,False,settled
b,yellow_ramp,ramp,0.0,1.2,0.0,0.29494568015240247,1077.496198071944,False,settled
b,yellow_ramp,ramp,0.0,1.2,0.0,0.632365064369987,955.9195451289257,False,settled
b,yellow_ramp,ramp,0.0,1.2,0.0,0.3839725152016454,1049.9122846694484,False,settled
b,yellow_ramp,ramp,0.0,1.2,0.0,1.1816834616324399,804.6207624586397,False,settled
b,yellow_ramp,ramp,0.0,1.2,0.0,0.8924317672542816,875.471664699012,False,settled
b,yellow_ramp,ramp,0.0,1.2,0.0,0.6545434680278437,946.6105536951309,False,settled
b,yellow_ramp,ramp,0.0,1.2,0.0,0.33206309484410224,1057.68075246641,False,settled
b,yellow_ramp,ramp,0.0,1.2,0.0,0.7090974776249303,932.9953821462673,False,settled
b,yellow_ramp,ramp,0.0,1.2,0.0,0.4609401869254982,1019.3365120266508,False,settled
b,yellow_ramp,ramp,0.0,1.2,0.0,0.4106315346226367,1028.4389450398166,False,settled
b,yellow_ramp,ramp,0.0,1.2,0.0,0.8958771576653557,872.2668824461866,False,settled
b,yellow_ramp,ramp,0.0,1.2,0.0,0.8659360601094398,884.5761624689303,False,settled
b,yellow_ramp,ramp,0.0,1.2,0.0,0.6552088149929229,946.0487502584862,False,settled
b,yellow_ramp,ramp,0.0,1.2,0.0,0.3936807673735751,1035.1935178725191,False,settled
b,yellow_ramp,ramp,0.0,1.2,0.0,1.1082910239884338,821.7226584543457,False,settled
b,yellow_ramp,ramp,0.0,1.2,0.0,0.8811570395655474,875.6660148411994,False,settled
b,yellow_ramp,ramp,0.0,1.2,0.0,1.1102372608880011,821.4202252420744,False,settled
b,yellow_ramp,ramp,0.0,1.2,0.0,0.7489850684097491,914.1020864825758,False,settled
b,yellow_ramp,ramp,0.0,1.2,0.0,0.7915579235661755,904.087242893633,False,settled
b,yellow_ramp,ramp,0.0,1.2,0.0,0.3170472716909019,1075.9760145992457,False,settled
b,yellow_ramp,ramp,0.0,1.2,0.0,0.8311117926070352,894.1623383969403,False,settled
b,yellow_ramp,ramp,0.0,1.2,0.0,0.35166444853556966,1061.899107226909,False,settled
b,yellow_ramp,ramp,0.0,1.2,0.0,0.43349066085865146,1022.9556558639848,False,settled
b,yellow_ramp,ramp,0.0,1.2,0.0,1.1136832071661111,821.483838330489,False,settled
b,yellow_ramp,ramp,0.0,1.2,0.0,0.5377498188822306,984.4642240438152,False,settled
b,yellow_ramp,ramp,0.0,1.2,0.0,0.22863063742490145,1106.4205701335425,False,settled
b,yellow_ramp,ramp,0.0,1.2,0.0,0.41218276189245984,1027.2375821821588,False,settled
b,yellow_ramp,ramp,0.0,1.2,0.0,0.9685166480945412,855.1432660969731,False,settled
b,yellow_ramp,ramp,0.0,1.2,0.0,0.3758444512991648,1043.220246568021,False,settled
b,yellow_ramp,ramp,0.0,1.2,0.0,0.5080676751484018,998.2239880868236,False,settled
b,yellow_ramp,ramp,0.0,1.2,0.0,1.1462169260633417,813.1304184923873,False,settled
b,yellow_ramp,ramp,0.0,1.2,0.0,0.38251815218540125,1038.188154634466,False,settled
b,yellow_ramp,ramp,0.0,1.2,0.0,0.8592318276663337,885.1436464756473,False,settled
b,yellow_ramp,ramp,0.0,1.2,0.0,0.8351034444936197,890.4081338506312,False,settled
b,yellow_ramp,ramp,0.0,1.2,0.0,1.0115874384116161,846.2012325249415,False,settled
b,yellow_ramp,ramp,0.0,1.2,0.0,1.0071981275579667,847.3588654534075,False,settled
b,yellow_ramp,ramp,0.0,1.2,0.0,0.653971243091513,947.0937226427467,False,settled
b,yellow_ramp,ramp,0.0,1.2,0.0,0.6229015065875162,954.8166581606212,False,settled
b,yellow_ramp,ramp,0.0,1.2,0.0,1.1110240701181253,820.918955699106,False,settled
b,yellow_ramp,ramp,0.0,1.2,0.0,0.617187269116015,959.5510216890465,False,settled
b,yellow_ramp,ramp,0.0,1.2,0.0,0.46275989124769157,1018.9946165451865,False,settled
b,yellow_ramp,ramp,0.0,1.2,0.0,0.5300069385778176,986.0027655060508,False,settled
b,yellow_ramp,ramp,0.0,1.2,0.0,0.7529426943318962,918.1041778345611,False,settled
b,yellow_ramp,ramp,0.0,1.2,0.0,0.45563989151450796,1020.332724451919,False,settled
b,yellow_ramp,ramp,0.0,1.2,0.0,0.24890376001264455,1091.9738976522426,False,settled
b,yellow_ramp,ramp,0.0,1.2,0.0,0.775120216989294,912.0650612806011,False,settled
b,yellow_ramp,ramp,0.0,1.2,0.0,1.1503393770827537,811.9773006070067,False,settled
b,yellow_ramp,ramp,0.0,1.2,0.0,0.5438532881189388,980.105604803119,False,settled
b,yellow_ramp,ramp,0.0,1.2,0.0,0.7102393033366663,931.9948260778475,False,settled
b,yellow_ramp,ramp,0.0,1.2,0.0,0.8170083668789972,894.1784834872852,False,settled
b,yellow_ramp,ramp,0.0,1.2,0.0,0.37850398867879104,1041.1740113994717,False,settled
b,yellow_ramp,ramp,0.0,1.2,0.0,0.5354028500371272,984.9538537067425,False,settled
b,yellow_ramp,ramp,0.0,1.2,0.0,0.680908344282834,937.5728396044066,False,settled
b,yellow_ramp,ramp,0.0,1.2,0.0,0.3681658700457137,1049.1957073630774,False,settled
b,yellow_ramp,ramp,0.0,1.2,0.0,0.5544438355308758,981.6676701381294,False,settled
b,yellow_ramp,ramp,0.0,1.2,0.0,0.9927801625403273,845.4502383265705,False,settled
b,yellow_ramp,ramp,0.0,1.2,0.0,0.6852464263355939,936.3039071762737,False,settled
b,yellow_ramp,ramp,0.0,1.2,0.0,0.3676935231757777,1049.565094008686,False,settled
b,yellow_ramp,ramp,0.0,1.2,0.0,0.6510985817309193,949.4723906723183,False,settled
b,yellow_ramp,ramp,0.0,1.2,0.0,0.5492056853549616,985.9580940521446,False,settled
b,yellow_ramp,ramp,0.0,1.2,0.0,1.0640290659765157,834.2253105409077,False,settled
b,yellow_ramp,ramp,0.0,1.2,0.0,0.8085328632099529,902.0623277215778,False,settled
b,yellow_ramp,ramp,0.0,1.2,0.0,0.6956990782871715,936.4736118365207,False,settled
b,yellow_ramp,ramp,0.0,1.2,0.0,0.7029097175894458,930.4723500692714,False,settled
b,yellow_ramp,ramp,0.0,1.2,0.0,0.8755673783213294,880.9353125766931,False,settled
b,yellow_ramp,ramp,0.0,1.2,0.0,0.3768413047303393,1042.537636406101,False,settled
b,yellow_ramp,ramp,0.0,1.2,0.0,0.6658107152484457,945.7653462981176,False,settled
b,yellow_ramp,ramp,0.0,1.2,0.0,0.8092193698093392,901.420480017499,False,settled
b,yellow_ramp,ramp,0.0,1.2,0.0,0.5646493032774934,973.6394330404711,False,settled
b,yellow_ramp,ramp,0.0,1.2,0.0,1.031154772641393,842.0136793194835,False,settled
b,yellow_ramp,ramp,0.0,1.2,0.0,1.0559118215379482,832.8944956168269,False,settled
b,yellow_ramp,ramp,0.0,1.2,0.0,0.4111030228700722,1028.075045515495,False,settled
b,yellow_ramp,ramp,0.0,1.2,0.0,0.3607281214573927,1055.0139931266037,False,settled
b,yellow_ramp,ramp,0.0,1.2,0.0,0.7882510968326141,907.1316413067536,False,settled
b,yellow_ramp,ramp,0.0,1.2,0.0,0.41830212663844796,1035.0515440061963,False,settled
b,yellow_ramp,ramp,0.0,1.2,0.0,0.6997641170080505,933.1883283469119,False,settled
b,yellow_ramp,ramp,0.0,1.2,0.0,0.9377586568615985,863.7534463579923,False,settled
b,yellow_ramp,ramp,0.0,1.2,0.0,0.9377106052575126,863.7791268363599,False,settled
b,yellow_ramp,ramp,0.0,1.2,0.0,1.0828428997090538,829.1137143569409,False,settled
