trial,element,model,block_noise_sd,ramp_noise_sd,block_noise_up,ramp_noise_up,final_position_up,ramp_valid,up_stop_reason
a,black_block,ramp,0.23,0.0,0.8003467764734945,0.0,843.0631392631224,False,settled
b,blue_ramp,ramp,0.0,1.9,0.0,1.0879525312553913,956.8362031817576,False,settled
b,blue_ramp,ramp,0.0,1.9,0.0,0.7355149288734786,1086.2824956190989,False,settled
b,blue_ramp,ramp,0.0,1.9,0.0,0.7695535240364957,1073.1568922356014,False,settled
b,blue_ramp,ramp,0.0,1.9,0.0,0.9092219764195201,1016.595986532163,False,settled
b,blue_ramp,ramp,0.0,1.9,0.0,1.1195382721966687,948.6777531783862,False,settled
b,blue_ramp,ramp,0.0,1.9,0.0,1.451533561904374,851.0115321108599,False,settled
b,blue_ramp,ramp,0.0,1.9,0.0,0.9734124288954233,999.9059195724445,False,settled
b,blue_ramp,ramp,0.0,1.9,0.0,0.817259557872873,1063.4154320047692,False,settled
b,blue_ramp,ramp,0.0,1.9,0.0,1.5593689113718947,825.8464137914742,False,settled
b,blue_ramp,ramp,0.0,1.9,0.0,0.9716104823261498,1001.368207623156,False,settled
b,blue_ramp,ramp,0.0,1.9,0.0,0.7230097386981276,1091.2032287186855,False,settled
b,blue_ramp,ramp,0.0,1.9,0.0,0.7729490972312975,1070.8045325960345,False,settled
b,blue_ramp,ramp,0.0,1.9,0.0,1.14788804740455,937.7255284780041,False,settled
b,blue_ramp,ramp,0.0,1.9,0.0,1.1647995190194487,935.3334065917221,False,settled
b,blue_ramp,ramp,0.0,1.9,0.0,0.7840544983923133,1076.3644046414333,False,settled
b,blue_ramp,ramp,0.0,1.9,0.0,1.4563381257413892,850.4683377959942,False,settled
b,blue_ramp,ramp,0.0,1.9,0.0,0.9854962010445995,990.6799382708624,False,settled
b,blue_ramp,ramp,0.0,1.9,0.0,1.1430647089270618,939.1412960204658,False,settled
b,blue_ramp,ramp,0.0,1.9,0.0,0.9671718262054371,1004.9720413675569,False,settled
b,blue_ramp,ramp,0.0,1.9,0.0,1.2118511806428849,918.1176863672003,False,settled
b,blue_ramp,ramp,0.0,1.9,0.0,0.7670222836290765,1074.8866323089412,False,settled
b,blue_ramp,ramp,0.0,1.9,0.0,1.3111391697268069,890.0355328450815,False,settled
b,blue_ramp,ramp,0.0,1.9,0.0,1.3047851805854276,888.376041307539,False,settled
b,blue_ramp,ramp,0.0,1.9,0.0,1.285777007645185,893.1292517252914,False,settled
b,blue_ramp,ramp,0.0,1.9,0.0,0.7298425130324206,1096.4740100497822,False,settled
b,blue_ramp,ramp,0.0,1.9,0.0,1.5131841072131842,836.9609530987536,False,settled
b,blue_ramp,ramp,0.0,1.9,0.0,1.1105844766238553,947.3294941978953,False,settled
b,blue_ramp,ramp,0.0,1.9,0.0,0.9438790112535373,1012.3350041576045,False,settled
b,blue_ramp,ramp,0.0,1.9,0.0,0.8608422735746615,1035.2436406561596,False,settled
b,blue_ramp,ramp,0.0,1.9,0.0,1.2865645425604555,898.8383791677561,False,settled
b,blue_ramp,ramp,0.0,1.9,0.0,1.118181424642414,949.5686623185898,False,settled
b,blue_ramp,ramp,0.0,1.9,0.0,0.8159155037459497,1064.4849704727944,False,settled
b,blue_ramp,ramp,0.0,1.9,0.0,0.9598791927019878,999.5811680750771,False,settled
b,blue_ramp,ramp,0.0,1.9,0.0,1.6220396490527509,810.7091804544875,False,settled
b,blue_ramp,ramp,0.0,1.9,0.0,1.6476059586719796,804.6519341327888,False,settled
b,blue_ramp,ramp,0.0,1.9,0.0,1.2281783699965858,914.3676844835892,False,settled
b,blue_ramp,ramp,0.0,1.9,0.0,0.9358761855623511,1006.4712612372899,False,settled
b,blue_ramp,ramp,0.0,1.9,0.0,0.9623248729576459,997.8700025292871,False,settled
b,blue_ramp,ramp,0.0,1.9,0.0,1.1637972510785206,935.9534533418006,False,settled
b,blue_ramp,ramp,0.0,1.9,0.0,1.1673481235391874,933.1152437551649,False,settled
b,blue_ramp,ramp,0.0,1.9,0.0,1.0894309841797607,955.6990447256836,False,settled
b,blue_ramp,ramp,0.0,1.9,0.0,1.2862340566129993,899.1515700325991,False,settled
b,blue_ramp,ramp,0.0,1.9,0.0,0.965445901339424,1006.3736522722048,False,settled
b,blue_ramp,ramp,0.0,1.9,0.0,1.5863685041191986,819.0107306469714,False,settled
b,blue_ramp,ramp,0.0,1.9,0.0,1.0405627379198763,976.6599615312884,False,settled
b,blue_ramp,ramp,0.0,1.9,0.0,1.2564540983111232,906.4842855273333,False,settled
b,blue_ramp,ramp,0.0,1.9,0.0,0.9330631579397929,1018.4679198067882,False,settled
b,blue_ramp,ramp,0.0,1.9,0.0,1.134734660857283,944.5684181109744,False,settled
b,blue_ramp,ramp,0.0,1.9,0.0,1.3760713798841318,870.0517168148888,False,settled
b,blue_ramp,ramp,0.0,1.9,0.0,0.7134434925596185,1101.0493820866122,False,settled
b,blue_ramp,ramp,0.0,1.9,0.0,1.3060955961775962,887.2622590997784,False,settled
b,blue_ramp,ramp,0.0,1.9,0.0,1.6130195353473127,813.8985364499157,False,settled
b,blue_ramp,ramp,0.0,1.9,0.0,1.451967346413779,850.7518543600673,False,settled
b,blue_ramp,ramp,0.0,1.9,0.0,0.9328138489799049,1018.5147618818917,False,settled
b,blue_ramp,ramp,0.0,1.9,0.0,1.1786276300834038,931.4667646352813,False,settled
b,blue_ramp,ramp,0.0,1.9,0.0,1.1704804351535458,930.4113195544794,False,settled
b,blue_ramp,ramp,0.0,1.9,0.0,1.295144009287712,890.9717311738299,False,settled
b,blue_ramp,ramp,0.0,1.9,0.0,0.9422717988545545,1013.6374747021611,False,settled
b,blue_ramp,ramp,0.0,1.9,0.0,1.5568716768733646,826.5656734803171,False,settled
b,blue_ramp,ramp,0.0,1.9,0.0,1.551586897942034,828.2465255359865,False,settled
b,blue_ramp,ramp,0.0,1.9,0.0,1.1195039992410547,948.7067359011875,False,settled
b,blue_ramp,ramp,0.0,1.9,0.0,1.2856651238710388,893.2264302282418,False,settled
b,blue_ramp,ramp,0.0,1.9,0.0,0.7368219346852921,1087.7179055464092,False,settled
b,blue_ramp,ramp,0.0,1.9,0.0,1.1475936883875937,937.8119125105909,False,settled
b,blue_ramp,ramp,0.0,1.9,0.0,0.7459949511829032,1083.8497588245937,False,settled
b,blue_ramp,ramp,0.0,1.9,0.0,1.3674043114012997,873.4561058584181,False,settled
b,blue_ramp,ramp,0.0,1.9,0.0,1.046946385261861,971.4151128951399,False,settled
b,blue_ramp,ramp,0.0,1.9,0.0,1.460671539137189,844.9954096963146,False,settled
b,blue_ramp,ramp,0.0,1.9,0.0,0.9037984028623761,1020.7364249941245,False,settled
b,blue_ramp,ramp,0.0,1.9,0.0,1.1347897949216212,944.5220783293964,False,settled
b,blue_ramp,ramp,0.0,1.9,0.0,0.9949527607203662,986.539561135347,False,settled
b,blue_ramp,ramp,0.0,1.9,0.0,1.5836242842412205,819.3863491045278,False,settled
b,blue_ramp,ramp,0.0,1.9,0.0,1.6376902498027137,807.5371173902055,False,settled
b,blue_ramp,ramp,0.0,1.9,0.0,1.5511966718360177,828.879105797368,False,settled
b,blue_ramp,ramp,0.0,1.9,0.0,1.6867357553611086,793.533170614842,False,settled
b,blue_ramp,ramp,0.0,1.9,0.0,1.5142650064430225,837.9111343222106,False,settled
b,blue_ramp,ramp,0.0,1.9,0.0,1.549542171181017,828.0860051928664,False,settled
b,blue_ramp,ramp,0.0,1.9,0.0,1.0120662428042668,989.7843874047784,False,settled
b,blue_ramp,ramp,0.0,1.9,0.0,1.0396488560467394,977.4143463430386,False,settled
b,blue_ramp,ramp,0.0,1.9,0.0,1.3403681993190035,878.0307313088023,False,settled
b,blue_ramp,ramp,0.0,1.9,0.0,0.786734412942307,1074.5126355439188,False,settled
b,blue_ramp,ramp,0.0,1.9,0.0,1.0394807440667988,977.5531175289059,False,settled
b,blue_ramp,ramp,0.0,1.9,0.0,1.2625249158546963,900.9384498000456,False,settled
b,blue_ramp,ramp,0.0,1.9,0.0,0.9965211203335589,986.2121373188057,False,settled
b,blue_ramp,ramp,0.0,1.9,0.0,1.594324441196814,818.8219356792868,False,settled
b,blue_ramp,ramp,0.0,1.9,0.0,0.9065888970227924,1018.691679784486,False,settled
b,blue_ramp,ramp,0.0,1.9,0.0,1.4648682959436166,844.3799518736234,False,settled
b,blue_ramp,ramp,0.0,1.9,0.0,0.8335143624101655,1050.8784415948019,False,settled
b,blue_ramp,ramp,0.0,1.9,0.0,1.0911514184504247,954.1972550261488,False,settled
b,blue_ramp,ramp,0.0,1.9,0.0,1.3139742175901223,888.837746346909,False,settled
b,blue_ramp,ramp,0.0,1.9,0.0,1.1189581525408028,949.1683256351508,False,settled
b,blue_ramp,ramp,0.0,1.9,0.0,1.1622597352257693,937.2901491776698,False,settled
b,blue_ramp,ramp,0.0,1.9,0.0,0.9631545914486258,997.2724432224604,False,settled
b,blue_ramp,ramp,0.0,1.9,0.0,1.450289301688787,848.230662489249,False,settled
b,blue_ramp,ramp,0.0,1.9,0.0,0.8530813204982808,1049.327120663324,False,settled
b,blue_ramp,ramp,0.0,1.9,0.0,1.1370255160388356,942.8946890825414,False,settled
b,blue_ramp,ramp,0.0,1.9,0.0,1.3844295838440122,867.2102132491239,False,settled
b,blue_ramp,ramp,0.0,1.9,0.0,1.5636664264536664,825.400421235758,False,settled
b,blue_ramp,ramp,0.0,1.9,0.0,1.6406308781816337,806.8438165312245,False,settled
b,blue_ramp,ramp,0.0,1.9,0.0,1.5593885331087987,825.8136497418097,False,settled
b,blue_ramp,ramp,0.0,1.9,0.0,1.4729617264908146,847.9657271087758,False,settled
b,blue_ramp,ramp,0.0,1.9,0.0,1.6446193675036138,805.7699259826013,False,settled
b,blue_ramp,ramp,0.0,1.9,0.0,1.3132850062515375,889.1277657467438,False,settled
b,blue_ramp,ramp,0.0,1.9,0.0,1.3896454558900146,866.8352778464536,False,settled
b,blue_ramp,ramp,0.0,1.9,0.0,1.0674795310231127,967.1932794701441,False,settled
b,blue_ramp,ramp,0.0,1.9,0.0,0.8798770928002716,1027.1758708676466,False,settled
b,blue_ramp,ramp,0.0,1.9,0.0,0.7663652736274655,1075.2924219076654,False,settled
b,blue_ramp,ramp,0.0,1.9,0.0,1.0726986208909046,965.8581543034168,False,settled
b,blue_ramp,ramp,0.0,1.9,0.0,0.9945355784467543,986.6266698810437,False,settled
b,blue_ramp,ramp,0.0,1.9,0.0,1.6361884404825549,807.2079712700412,False,settled
b,blue_ramp,ramp,0.0,1.9,0.0,1.4324031656258926,854.7771702278121,False,settled
b,blue_ramp,ramp,0.0,1.9,0.0,1.5147388471446344,837.2469464715608,False,settled
b,blue_ramp,ramp,0.0,1.9,0.0,0.9138153225892592,1025.1877325982719,False,settled
b,blue_ramp,ramp,0.0,1.9,0.0,1.3913269553457475,865.3342010948494,False,settled
b,blue_ramp,ramp,0.0,1.9,0.0,1.5911540867026315,818.9969277634364,False,settled
b,blue_ramp,ramp,0.0,1.9,0.0,1.6556339184756519,803.2443652073733,False,settled
b,blue_ramp,ramp,0.0,1.9,0.0,1.0998032938529332,955.9717107274421,False,settled
b,blue_ramp,ramp,0.0,1.9,0.0,0.7281480576863453,1097.5853819632066,False,settled
b,blue_ramp,ramp,0.0,1.9,0.0,1.0609958080470376,969.9947556356008,False,settled
b,blue_ramp,ramp,0.0,1.9,0.0,0.8292403873325852,1054.2210916847723,False,settled
b,blue_ramp,ramp,0.0,1.9,0.0,0.900077343150807,1023.6777348979856,False,settled
b,blue_ramp,ramp,0.0,1.9,0.0,1.244202283854417,910.6186260097274,False,settled
b,blue_ramp,ramp,0.0,1.9,0.0,1.5242994874426823,835.0771926071563,False,settled
b,blue_ramp,ramp,0.0,1.9,0.0,1.0330256988563045,973.0320543213295,False,settled
b,blue_ramp,ramp,0.0,1.9,0.0,1.5496885540261671,827.8741403275834,False,settled
b,blue_ramp,ramp,0.0,1.9,0.0,1.260507435167334,902.7618730517569,False,settled
b,blue_ramp,ramp,0.0,1.9,0.0,0.942380193634316,1013.5496330801988,False,settled
b,blue_ramp,ramp,0.0,1.9,0.0,0.771778324133924,1071.5805571107294,False,settled
b,blue_ramp,ramp,0.0,1.9,0.0,0.7929215336714014,1072.4022115473033,False,settled
b,blue_ramp,ramp,0.0,1.9,0.0,1.247664797365898,907.45872178548,False,settled
b,blue_ramp,ramp,0.0,1.9,0.0,1.2883780907542055,897.1646183539178,False,settled
b,blue_ramp,ramp,0.0,1.9,0.0,0.8376192618317999,1047.6680856041892,False,settled
b,blue_ramp,ramp,0.0,1.9,0.0,1.2793098930303046,899.0022679320957,False,settled
b,blue_ramp,ramp,0.0,1.9,0.0,1.453871399822729,848.5317104052655,False,settled
b,blue_ramp,ramp,0.0,1.9,0.0,0.950156269399121,1007.2759803462338,False,settled
b,blue_ramp,ramp,0.0,1.9,0.0,0.7106065710567117,1105.2318642124637,False,settled
b,blue_ramp,ramp,0.0,1.9,0.0,1.1099155083413317,947.7823685037798,False,settled
b,blue_ramp,ramp,0.0,1.9,0.0,0.9855607635031491,990.629129212964,False,settled
b,blue_ramp,ramp,0.0,1.9,0.0,1.0410056538302996,976.2943440498685,False,settled
b,blue_ramp,ramp,0.0,1.9,0.0,1.6301124386305375,809.1327182305357,False,settled
b,blue_ramp,ramp,0.0,1.9,0.0,1.3022075956048493,890.7802419424684,False,settled
b,blue_ramp,ramp,0.0,1.9,0.0,0.7486209828351881,1087.7154802102184,False,settled
b,blue_ramp,ramp,0.0,1.9,0.0,1.2105271123808599,919.2728760140013,False,settled
b,blue_ramp,ramp,0.0,1.9,0.0,1.549819080367452,828.7789773508539,False,settled
b,blue_ramp,ramp,0.0,1.9,0.0,1.4616589428130522,848.1693804515091,False,settled
b,blue_ramp,ramp,0.0,1.9,0.0,1.4995460547486001,841.34233472344,False,settled
b,blue_ramp,ramp,0.0,1.9,0.0,1.092490662045974,953.1879491956548,False,settled
b,blue_ramp,ramp,0.0,1.9,0.0,1.4140218853285351,860.4105771301927,False,settled
b,blue_ramp,ramp,0.0,1.9,0.0,1.1883656434109398,922.9970550598116,False,settled
b,blue_ramp,ramp,0.0,1.9,0.0,0.9872191995191076,989.3273937666039,False,settled
b,blue_ramp,ramp,0.0,1.9,0.0,1.6795013230749787,796.5463921679061,False,settled
b,blue_ramp,ramp,0.0,1.9,0.0,0.709146483200552,1102.2984148367427,False,settled
b,blue_ramp,ramp,0.0,1.9,0.0,1.4713313671819324,845.2525605896908,False,settled
b,blue_ramp,ramp,0.0,1.9,0.0,1.1424849379787703,939.3114657794307,False,settled
b,blue_ramp,ramp,0.0,1.9,0.0,1.0595378654483834,971.1860468223641,False,settled
b,blue_ramp,ramp,0.0,1.9,0.0,0.7292217186583815,1094.7927768424065,False,settled
b,blue_ramp,ramp,0.0,1.9,0.0,1.5139348221193856,838.3634402167894,False,settled
b,blue_ramp,ramp,0.0,1.9,0.0,0.7306458292451999,1098.718310043281,False,settled
b,blue_ramp,ramp,0.0,1.9,0.0,1.3714036310569466,869.6496052607118,False,settled
b,blue_ramp,ramp,0.0,1.9,0.0,0.8017705803905062,1057.3895234835638,False,settled
b,blue_ramp,ramp,0.0,1.9,0.0,0.9123781268938934,1026.3277476821067,False,settled
b,blue_ramp,ramp,0.0,1.9,0.0,1.052983878606657,966.8969767449568,False,settled
b,blue_ramp,ramp,0.0,1.9,0.0,1.2107155300232946,919.1089074529913,False,settled
b,blue_ramp,ramp,0.0,1.9,0.0,1.417255653123569,857.1423292597526,False,settled
b,blue_ramp,ramp,0.0,1.9,0.0,1.084228520605081,959.932422087644,False,settled
b,blue_ramp,ramp,0.0,1.9,0.0,1.284901284530097,893.819426254447,False,settled
b,blue_ramp,ramp,0.0,1.9,0.0,1.248234850497201,906.94197987744,False,settled
b,blue_ramp,ramp,0.0,1.9,0.0,1.0695313858078719,966.6683831421216,False,settled
b,blue_ramp,ramp,0.0,1.9,0.0,0.7730032385551884,1070.7633884703137,False,settled
b,blue_ramp,ramp,0.0,1.9,0.0,1.64574590112491,805.4210675480967,False,settled
b,blue_ramp,ramp,0.0,1.9,0.0,0.752362307069128,1081.3814190838611,False,settled
b,blue_ramp,ramp,0.0,1.9,0.0,1.044937613724958,973.0599945238627,False,settled
b,blue_ramp,ramp,0.0,1.9,0.0,1.46316853523901,846.3711856610964,False,settled
b,blue_ramp,ramp,0.0,1.9,0.0,0.9233717433316375,1020.2891138250054,False,settled
b,blue_ramp,ramp,0.0,1.9,0.0,1.5827329544140651,819.5772363937424,False,settled
b,blue_ramp,ramp,0.0,1.9,0.0,0.8285167135383938,1054.7890828704597,False,settled
b,blue_ramp,ramp,0.0,1.9,0.0,1.0451685072058723,972.8709225298828,False,settled
b,blue_ramp,ramp,0.0,1.9,0.0,0.8919024455735325,1030.1756018490896,False,settled
b,blue_ramp,ramp,0.0,1.9,0.0,0.8934491513271088,1028.943990828792,False,settled
b,blue_ramp,ramp,0.0,1.9,0.0,0.7975315656967762,1071.7943633310256,False,settled
b,blue_ramp,ramp,0.0,1.9,0.0,1.6218707638680432,811.1264845739801,False,settled
b,blue_ramp,ramp,0.0,1.9,0.0,1.0671059529177678,967.2888464962803,False,settled
b,blue_ramp,ramp,0.0,1.9,0.0,0.9983196131792931,985.8330907073217,False,settled
b,blue_ramp,ramp,0.0,1.9,0.0,0.8389799978063459,1046.6073585099798,False,settled
b,blue_ramp,ramp,0.0,1.9,0.0,1.341524150409324,882.4731498565889,False,settled
b,blue_ramp,ramp,0.0,1.9,0.0,1.543400661403876,830.6376804666513,False,settled
b,blue_ramp,ramp,0.0,1.9,0.0,1.2762105043086587,901.8954722205051,False,settled
b,blue_ramp,ramp,0.0,1.9,0.0,0.9735482481717966,999.7965298863737,False,settled
b,blue_ramp,ramp,0.0,1.9,0.0,1.0165427922870804,986.0924292485581,False,settled
b,blue_ramp,ramp,0.0,1.9,0.0,0.8399796929735028,1045.831568149564,False,settled
b,blue_ramp,ramp,0.0,1.9,0.0,1.499275880925074,841.5460269218111,False,settled
b,blue_ramp,ramp,0.0,1.9,0.0,1.6835367371854857,794.658113356506,False,settled
b,blue_ramp,ramp,0.0,1.9,0.0,1.3041458796098637,889.0459988956216,False,settled
b,blue_ramp,ramp,0.0,1.9,0.0,0.9872847068023884,989.2758531787659,False,settled
b,blue_ramp,ramp,0.0,1.9,0.0,1.1154565770919334,951.8708225454178,False,settled
b,blue_ramp,ramp,0.0,1.9,0.0,0.7183923069987291,1098.2248775819905,False,settled
b,blue_ramp,ramp,0.0,1.9,0.0,1.6510737293769797,803.9714961814025,False,settled
b,blue_ramp,ramp,0.0,1.9,0.0,0.7298767692253382,1096.643467119613,False,settled
b,blue_ramp,ramp,0.0,1.9,0.0,0.9739781948025592,999.4502473826064,False,settled
b,blue_ramp,ramp,0.0,1.9,0.0,1.2228938714469568,916.217757653917,False,settled
b,blue_ramp,ramp,0.0,1.9,0.0,1.6129161460223072,814.1325340623463,False,settled
b,blue_ramp,ramp,0.0,1.9,0.0,0.9714832542236864,1001.4714953266292,False,settled
b,blue_ramp,ramp,0.0,1.9,0.0,1.5607293767309853,826.969011143466,False,settled
b,blue_ramp,ramp,0.0,1.9,0.0,0.7571568730198965,1076.5426666349013,False,settled
b,blue_ramp,ramp,0.0,1.9,0.0,0.9360793308551143,1006.4363849963842,False,settled
b,blue_ramp,ramp,0.0,1.9,0.0,0.9123875241648185,1026.320294405959,False,settled
b,blue_ramp,ramp,0.0,1.9,0.0,1.2888594468186894,896.7319732978168,False,settled
b,blue_ramp,ramp,0.0,1.9,0.0,0.7003958342679701,1101.5070549869984,False,settled
b,blue_ramp,ramp,0.0,1.9,0.0,1.3126086659519733,889.4123645739912,False,settled
b,blue_ramp,ramp,0.0,1.9,0.0,1.3627641330180893,872.9614954951868,False,settled
b,blue_ramp,ramp,0.0,1.9,0.0,0.7819250574469193,1078.0425932370697,False,settled
b,blue_ramp,ramp,0.0,1.9,0.0,1.0043270368201254,984.6567373220774,False,settled
b,blue_ramp,ramp,0.0,1.9,0.0,0.7721112432864542,1071.3443201910256,False,settled
b,blue_ramp,ramp,0.0,1.9,0.0,0.7898881614203852,1072.8019427919096,False,settled
b,blue_ramp,ramp,0.0,1.9,0.0,1.632455230475005,808.8618028011746,False,settled
b,blue_ramp,ramp,0.0,1.9,0.0,0.7072597126772444,1109.9308792234888,False,settled
b,blue_ramp,ramp,0.0,1.9,0.0,1.4692889102309452,848.1053177154573,False,settled
b,blue_ramp,ramp,0.0,1.9,0.0,1.325181353621836,886.6582737450142,False,settled
b,blue_ramp,ramp,0.0,1.9,0.0,1.0401688490241503,976.9851069837382,False,settled
b,blue_ramp,ramp,0.0,1.9,0.0,1.5579259584304481,826.0029693486285,False,settled
b,blue_ramp,ramp,0.0,1.9,0.0,1.4788499868960674,846.5678782283079,False,settled
b,blue_ramp,ramp,0.0,1.9,0.0,0.868339313518065,1034.1271518256203,False,settled
b,blue_ramp,ramp,0.0,1.9,0.0,1.360825385530972,874.5670836615029,False,settled
b,blue_ramp,ramp,0.0,1.9,0.0,0.8684963045780375,1034.1043214510757,False,settled
b,blue_ramp,ramp,0.0,1.9,0.0,1.3342004130068614,883.8192167384186,False,settled
b,blue_ramp,ramp,0.0,1.9,0.0,1.0931096535237588,952.6166274980703,False,settled
b,blue_ramp,ramp,0.0,1.9,0.0,1.1449663376020647,938.5829478316673,False,settled
b,blue_ramp,ramp,0.0,1.9,0.0,0.7320054339479011,1085.328804894079,False,settled
b,blue_ramp,ramp,0.0,1.9,0.0,1.0004316423135406,985.3922037431076,False,settled
b,blue_ramp,ramp,0.0,1.9,0.0,1.110734728885765,947.2047185531062,False,settled
b,blue_ramp,ramp,0.0,1.9,0.0,1.2913680901743587,894.4321248744533,False,settled
b,blue_ramp,ramp,0.0,1.9,0.0,1.2832776932510204,895.3875604662636,False,settled
b,blue_ramp,ramp,0.0,1.9,0.0,0.9351193582848686,1006.6128706575423,False,settled
b,blue_ramp,ramp,0.0,1.9,0.0,1.148150748811347,937.648434843201,False,settled
b,blue_ramp,ramp,0.0,1.9,0.0,1.3072877918904393,892.320351727024,False,settled
b,blue_ramp,ramp,0.0,1.9,0.0,1.465996471930668,847.7616819181659,False,settled
b,blue_ramp,ramp,0.0,1.9,0.0,1.0831521147556096,960.5741736593295,False,settled
b,blue_ramp,ramp,0.0,1.9,0.0,0.7841304356703482,1076.3045564545275,False,settled
b,blue_ramp,ramp,0.0,1.9,0.0,1.1004050306682525,955.466226677001,False,settled
b,blue_ramp,ramp,0.0,1.9,0.0,0.9308844920414684,1018.8772627844126,False,settled
b,blue_ramp,ramp,0.0,1.9,0.0,0.8619635416111828,1035.1507358053339,False,settled
b,blue_ramp,ramp,0.0,1.9,0.0,0.8254134018149974,1057.2144560303898,False,settled
b,blue_ramp,ramp,0.0,1.9,0.0,0.8004894037872973,1057.6388448401633,False,settled
b,blue_ramp,ramp,0.0,1.9,0.0,1.0852507970801946,959.0825045325269,False,settled
b,blue_ramp,ramp,0.0,1.9,0.0,0.9052211949862048,1019.6613841360283,False,settled
b,blue_ramp,ramp,0.0,1.9,0.0,1.0647134117304322,967.9011437392495,False,settled
b,blue_ramp,ramp,0.0,1.9,0.0,1.5560298524089768,827.9495314924351,False,settled
b,blue_ramp,ramp,0.0,1.9,0.0,1.5291964865168972,833.9620536959342,False,settled
b,blue_ramp,ramp,0.0,1.9,0.0,1.5533072205390723,828.9469786119521,False,settled
b,blue_ramp,ramp,0.0,1.9,0.0,0.803678359956335,1057.1550994272689,False,settled
b,blue_ramp,ramp,0.0,1.9,0.0,1.0180024879886567,984.8920488918346,False,settled
b,blue_ramp,ramp,0.0,1.9,0.0,0.8356367271913595,1049.2184978485873,False,settled
b,blue_ramp,ramp,0.0,1.9,0.0,0.7244212814905621,1089.7927067279913,False,settled
b,blue_ramp,ramp,0.0,1.9,0.0,1.378953659157533,867.4532383202151,False,settled
b,blue_ramp,ramp,0.0,1.9,0.0,0.846007967457993,1041.1709249411572,False,settled
b,blue_ramp,ramp,0.0,1.9,0.0,0.923755765097678,1020.2169498061575,False,settled
b,blue_ramp,ramp,0.0,1.9,0.0,0.8451761509595315,1041.8898871718648,False,settled
b,blue_ramp,ramp,0.0,1.9,0.0,1.0872428321914749,957.4261540694782,False,settled
b,blue_ramp,ramp,0.0,1.9,0.0,1.4414377701749657,853.5958911284976,False,settled
b,blue_ramp,ramp,0.0,1.9,0.0,0.9332913630824778,1018.4250428408137,False,settled
b,blue_ramp,ramp,0.0,1.9,0.0,1.5785216242140687,820.9233603982958,False,settled
b,blue_ramp,ramp,0.0,1.9,0.0,0.7643977217156033,1076.4963689171975,False,settled
b,blue_ramp,ramp,0.0,1.9,0.0,1.5468816592571273,828.7882571519066,False,settled
b,blue_ramp,ramp,0.0,1.9,0.0,0.8185637426364202,1062.3773402758181,False,settled
b,blue_ramp,ramp,0.0,1.9,0.0,0.888359182626626,1032.9999778837803,False,settled
b,blue_ramp,ramp,0.0,1.9,0.0,1.1099397589964979,947.7622113065491,False,settled
b,blue_ramp,ramp,0.0,1.9,0.0,1.1289398214446826,941.0208343942217,False,settled
b,blue_ramp,ramp,0.0,1.9,0.0,1.2433856667645151,911.3653042708179,False,settled
b,blue_ramp,ramp,0.0,1.9,0.0,1.2470788018497836,907.9899040128217,False,settled
b,blue_ramp,ramp,0.0,1.9,0.0,0.9156938564624297,1023.6981954429267,False,settled
b,blue_ramp,ramp,0.0,1.9,0.0,1.044731225448694,973.228997249419,False,settled
b,blue_ramp,ramp,0.0,1.9,0.0,1.3401711918366632,878.2243131653537,False,settled
b,blue_ramp,ramp,0.0,1.9,0.0,1.2556010852537165,907.2697465348451,False,settled
b,blue_ramp,ramp,0.0,1.9,0.0,1.649978139028895,804.5406267932967,False,settled
b,blue_ramp,ramp,0.0,1.9,0.0,0.8952818743660498,1027.4843741825832,False,settled
b,blue_ramp,ramp,0.0,1.9,0.0,1.315057468096014,888.3818855829903,False,settled
b,blue_ramp,ramp,0.0,1.9,0.0,1.3932376880294663,863.3586501615374,False,settled
b,blue_ramp,ramp,0.0,1.9,0.0,1.4274211145368505,855.5995925782217,False,settled
b,blue_ramp,ramp,0.0,1.9,0.0,1.0237684970679661,980.1750942157028,False,settled
b,blue_ramp,ramp,0.0,1.9,0.0,0.9453574138971581,1011.1369049929066,False,settled
b,blue_ramp,ramp,0.0,1.9,0.0,1.4062113251731427,863.244304586999,False,settled
b,blue_ramp,ramp,0.0,1.9,0.0,1.288070629824142,897.4261133337991,False,settled
b,blue_ramp,ramp,0.0,1.9,0.0,1.6586670325739286,802.5900010315969,False,settled
b,blue_ramp,ramp,0.0,1.9,0.0,0.7746941432045502,1069.4705580232308,False,settled
b,blue_ramp,ramp,0.0,1.9,0.0,0.9752874514990343,998.4394592197251,False,settled
b,blue_ramp,ramp,0.0,1.9,0.0,1.1336972079655971,945.440408863687,False,settled
b,blue_ramp,ramp,0.0,1.9,0.0,1.109733457419854,947.9336883085655,False,settled
b,blue_ramp,ramp,0.0,1.9,0.0,1.2185479134261596,919.7929661133118,False,settled
b,blue_ramp,ramp,0.0,1.9,0.0,1.4283905197313065,854.6093267020208,False,settled
b,blue_ramp,ramp,0.0,1.9,0.0,1.0553815143137624,965.023639499201,False,settled
b,blue_ramp,ramp,0.0,1.9,0.0,1.642081833781041,806.3429112278881,False,settled
b,blue_ramp,ramp,0.0,1.9,0.0,1.1712315991944193,929.762832835472,False,settled
b,blue_ramp,ramp,0.0,1.9,0.0,1.4511000461354973,847.3091968380168,False,settled
b,blue_ramp,ramp,0.0,1.9,0.0,1.565942803410433,824.875706325001,False,settled
b,blue_ramp,ramp,0.0,1.9,0.0,0.7059119688485761,1101.80188867421,False,settled
b,blue_ramp,ramp,0.0,1.9,0.0,0.9869592182399495,989.5321537968177,False,settled
b,blue_ramp,ramp,0.0,1.9,0.0,1.4894542428569535,844.1370509552036,False,settled
b,blue_ramp,ramp,0.0,1.9,0.0,1.376113052618959,870.0090105680664,False,settled
b,blue_ramp,ramp,0.0,1.9,0.0,1.0864713029819146,958.0677225681934,False,settled
b,blue_ramp,ramp,0.0,1.9,0.0,1.1157226660041888,951.6458764293747,False,settled
b,blue_ramp,ramp,0.0,1.9,0.0,1.1727212621974024,928.4944891454595,False,settled
b,blue_ramp,ramp,0.0,1.9,0.0,0.7534378648838811,1080.6571713181584,False,settled
b,blue_ramp,ramp,0.0,1.9,0.0,1.0844215472473004,959.7719413887513,False,settled
b,blue_ramp,ramp,0.0,1.9,0.0,0.770807381151252,1072.2689454963372,False,settled
b,blue_ramp,ramp,0.0,1.9,0.0,0.9625317570276396,997.7632843562218,False,settled
b,blue_ramp,ramp,0.0,1.9,0.0,1.2548727468729504,907.9402696958477,False,settled
b,blue_ramp,ramp,0.0,1.9,0.0,1.5230537448498187,835.7609269722611,False,settled
b,blue_ramp,ramp,0.0,1.9,0.0,0.8569385963176825,1035.9221556515604,False,settled
b,blue_ramp,ramp,0.0,1.9,0.0,0.8139562123181402,1052.5104805616984,False,settled
b,blue_ramp,ramp,0.0,1.9,0.0,1.0229535929995726,980.8415983513145,False,settled
b,blue_ramp,ramp,0.0,1.9,0.0,0.946629836971595,1010.1114271847415,False,settled
b,blue_ramp,ramp,0.0,1.9,0.0,1.2170881572535859,913.6815608647659,False,settled
b,blue_ramp,ramp,0.0,1.9,0.0,1.4231178178688142,855.5830133333124,False,settled
b,blue_ramp,ramp,0.0,1.9,0.0,1.1047681279561694,952.0661247710358,False,settled
b,blue_ramp,ramp,0.0,1.9,0.0,0.7134473339415551,1101.062695345665,False,settled
b,blue_ramp,ramp,0.0,1.9,0.0,1.5773478142031747,822.1420296730822,False,settled
b,blue_ramp,ramp,0.0,1.9,0.0,0.8018901219981819,1057.37006115974,False,settled
b,blue_ramp,ramp,0.0,1.9,0.0,1.498503546352789,842.1275007960522,False,settled
b,blue_ramp,ramp,0.0,1.9,0.0,1.5718955525935767,822.3389025776489,False,settled
b,blue_ramp,ramp,0.0,1.9,0.0,1.565477239064198,825.6621032463853,False,settled
b,blue_ramp,ramp,0.0,1.9,0.0,1.2747657177147473,896.54224605652,False,settled
b,blue_ramp,ramp,0.0,1.9,0.0,1.550700529509113,829.6851237425236,False,settled
b,blue_ramp,ramp,0.0,1.9,0.0,1.5988242245319213,816.6560591500922,False,settled
b,blue_ramp,ramp,0.0,1.9,0.0,1.149229734592101,937.3317903564666,False,settled
b,blue_ramp,ramp,0.0,1.9,0.0,1.3604310160952435,874.9647059956812,False,settled
b,blue_ramp,ramp,0.0,1.9,0.0,1.402992680632549,860.2622898112556,False,settled
b,blue_ramp,ramp,0.0,1.9,0.0,1.2084242606993085,921.0991803339653,False,settled
b,blue_ramp,ramp,0.0,1.9,0.0,1.4682086627267217,844.6818274256341,False,settled
b,blue_ramp,ramp,0.0,1.9,0.0,0.6945605810118206,1106.0910145426624,False,settled
b,blue_ramp,ramp,0.0,1.9,0.0,1.1847316223600775,926.136298266638,False,settled
b,blue_ramp,ramp,0.0,1.9,0.0,1.3469875022318352,877.3854867754395,False,settled
b,blue_ramp,ramp,0.0,1.9,0.0,0.8886706435255386,1032.7500659501843,False,settled
b,blue_ramp,ramp,0.0,1.9,0.0,1.5121616934364417,838.2785527266321,False,settled
b,blue_ramp,ramp,0.0,1.9,0.0,0.7676974308011757,1074.4685923299496,False,settled
b,blue_ramp,ramp,0.0,1.9,0.0,0.6920060579552919,1109.983519587722,False,settled
b,blue_ramp,ramp,0.0,1.9,0.0,1.1767138658715357,932.8934144025428,False,settled
b,blue_ramp,ramp,0.0,1.9,0.0,0.8706131940134857,1033.796707373642,False,settled
b,blue_ramp,ramp,0.0,1.9,0.0,1.6248714459416052,809.8513416208764,False,settled
b,blue_ramp,ramp,0.0,1.9,0.0,1.1543000083121175,935.854215191033,False,settled
b,blue_ramp,ramp,0.0,1.9,0.0,0.9098551573771114,1016.115005008764,False,settled
b,blue_ramp,ramp,0.0,1.9,0.0,1.5493149966406394,828.3878268680137,False,settled
b,blue_ramp,ramp,0.0,1.9,0.0,1.0849738964525253,959.312720245345,False,settled
b,blue_ramp,ramp,0.0,1.9,0.0,1.072935460335829,965.7975675733859,False,settled
b,blue_ramp,ramp,0.0,1.9,0.0,1.2547312529717103,908.0705304517772,False,settled
b,blue_ramp,ramp,0.0,1.9,0.0,1.110011446168171,947.7076649448745,False,settled
b,blue_ramp,ramp,0.0,1.9,0.0,1.317336288673469,887.4230584141566,False,settled
b,blue_ramp,ramp,0.0,1.9,0.0,1.6411240516083414,806.0325157874593,False,settled
b,blue_ramp,ramp,0.0,1.9,0.0,1.6145191391328904,813.3018902220683,False,settled
b,blue_ramp,ramp,0.0,1.9,0.0,0.7208766155035998,1102.3901674593192,False,settled
b,blue_ramp,ramp,0.0,1.9,0.0,1.4896224788255001,843.9171261099357,False,settled
b,blue_ramp,ramp,0.0,1.9,0.0,1.1619614642427343,937.549518361398,False,settled
b,blue_ramp,ramp,0.0,1.9,0.0,1.1802838565037603,930.0139011865823,False,settled
b,blue_ramp,ramp,0.0,1.9,0.0,1.2713438503909336,899.6533072835524,False,settled
b,blue_ramp,ramp,0.0,1.9,0.0,1.0060111021220977,984.3054025872697,False,settled
b,blue_ramp,ramp,0.0,1.9,0.0,0.775440557366157,1068.8200052732561,False,settled
b,blue_ramp,ramp,0.0,1.9,0.0,0.8214243499038969,1060.111660340709,False,settled
b,blue_ramp,ramp,0.0,1.9,0.0,1.0649667021060263,967.8363373994027,False,settled
b,blue_ramp,ramp,0.0,1.9,0.0,1.0187752154986032,984.2598819096338,False,settled
b,blue_ramp,ramp,0.0,1.9,0.0,1.0727036638997822,965.8568642227156,False,settled
b,blue_ramp,ramp,0.0,1.9,0.0,1.0248432414829594,979.296061052348,False,settled
b,blue_ramp,ramp,0.0,1.9,0.0,1.4319428070384568,855.2938964801184,False,settled
b,blue_ramp,ramp,0.0,1.9,0.0,1.452592395685401,850.0202728482029,False,settled
b,blue_ramp,ramp,0.0,1.9,0.0,1.5335889810050958,833.6151192101873,False,settled
b,blue_ramp,ramp,0.0,1.9,0.0,0.8933723496676831,1029.005150014056,False,settled
b,blue_ramp,ramp,0.0,1.9,0.0,0.7342900049594148,1097.881945353133,False,settled
b,blue_ramp,ramp,0.0,1.9,0.0,1.3269619130470545,884.9190712133459,False,settled
b,blue_ramp,ramp,0.0,1.9,0.0,0.7954072711181678,1072.0743569858503,False,settled
b,blue_ramp,ramp,0.0,1.9,0.0,1.348067046252898,876.2449676446405,False,settled
b,blue_ramp,ramp,0.0,1.9,0.0,1.5938567059827655,817.6579071786109,False,settled
b,blue_ramp,ramp,0.0,1.9,0.0,1.1890795698267276,922.4784438969901,False,settled
b,blue_ramp,ramp,0.0,1.9,0.0,1.0023609737349173,985.067111126768,False,settled
b,blue_ramp,ramp,0.0,1.9,0.0,1.3937978622202276,862.8810965235622,False,settled
b,blue_ramp,ramp,0.0,1.9,0.0,1.0129320491782003,989.0703308540417,False,settled
b,blue_ramp,ramp,0.0,1.9,0.0,1.635951306590686,807.8404599470489,False,settled
b,blue_ramp,ramp,0.0,1.9,0.0,0.8281242923916962,1055.0949122403147,False,settled
b,blue_ramp,ramp,0.0,1.9,0.0,1.3383925221024984,879.6871437153437,False,settled
b,blue_ramp,ramp,0.0,1.9,0.0,1.6254264178787972,810.4769945375195,False,settled
b,blue_ramp,ramp,0.0,1.9,0.0,1.1177389360732841,949.942596140373,False,settled
b,blue_ramp,ramp,0.0,1.9,0.0,1.678933616842635,797.2586445186934,False,settled
b,blue_ramp,ramp,0.0,1.9,0.0,1.038045494427495,978.738149558897,False,settled
b,blue_ramp,ramp,0.0,1.9,0.0,1.610429488436403,814.0499909156835,False,settled
b,blue_ramp,ramp,0.0,1.9,0.0,0.7797839329239316,1065.5321693907315,False,settled
b,blue_ramp,ramp,0.0,1.9,0.0,0.815446551144869,1051.304582672632,False,settled
b,blue_ramp,ramp,0.0,1.9,0.0,0.9026177379355832,1021.66973795227,False,settled
b,blue_ramp,ramp,0.0,1.9,0.0,0.9869388783601433,989.5481593644258,False,settled
b,blue_ramp,ramp,0.0,1.9,0.0,1.2511492574249907,904.3181667355822,False,settled
b,blue_ramp,ramp,0.0,1.9,0.0,0.7060041316722311,1103.0617813920096,False,settled
b,blue_ramp,ramp,0.0,1.9,0.0,0.8958297113703506,1027.0480951226116,False,settled
b,blue_ramp,ramp,0.0,1.9,0.0,1.56791782010665,824.7866271932644,False,settled
b,blue_ramp,ramp,0.0,1.9,0.0,0.8317759673868887,1052.238097844182,False,settled
b,blue_ramp,ramp,0.0,1.9,0.0,0.9442029135634369,1012.072514559618,False,settled
b,blue_ramp,ramp,0.0,1.9,0.0,0.6947240240548961,1108.270774166638,False,settled
b,blue_ramp,ramp,0.0,1.9,0.0,1.3052154701289564,887.9761511985955,False,settled
b,blue_ramp,ramp,0.0,1.9,0.0,1.268685528247973,902.1174768525653,False,settled
b,blue_ramp,ramp,0.0,1.9,0.0,0.8373411201814801,1047.8856040607948,False,settled
b,blue_ramp,ramp,0.0,1.9,0.0,0.9352051239495418,1006.5981597262117,False,settled
b,blue_ramp,ramp,0.0,1.9,0.0,1.6112679400755965,812.9699355292455,False,settled
b,blue_ramp,ramp,0.0,1.9,0.0,1.1341723947704065,945.0410139385849,False,settled
b,blue_ramp,ramp,0.0,1.9,0.0,0.6885940015509234,1117.828616220138,False,settled
b,blue_ramp,ramp,0.0,1.9,0.0,1.0242334098854582,979.7948431920124,False,settled
b,blue_ramp,ramp,0.0,1.9,0.0,1.1245269112096639,944.6110871444198,False,settled
b,blue_ramp,ramp,0.0,1.9,0.0,1.3450776984623982,878.932226174305,False,settled
b,blue_ramp,ramp,0.0,1.9,0.0,0.8702024334822722,1033.85646618981,False,settled
b,blue_ramp,ramp,0.0,1.9,0.0,0.9980796762379901,985.8831906557357,False,settled
b,blue_ramp,ramp,0.0,1.9,0.0,1.6191001032412022,811.7687498489518,False,settled
b,blue_ramp,ramp,0.0,1.9,0.0,1.1359202917947961,943.8254351757721,False,settled
b,blue_ramp,ramp,0.0,1.9,0.0,1.3866144813914665,864.9922768144577,False,settled
b,blue_ramp,ramp,0.0,1.9,0.0,1.2306077994073816,913.517334584886,False,settled
b,blue_ramp,ramp,0.0,1.9,0.0,1.037667886450717,979.0498779712848,False,settled
b,blue_ramp,ramp,0.0,1.9,0.0,1.525391232553086,834.5905721329078,False,settled
b,blue_ramp,ramp,0.0,1.9,0.0,1.4649235598065156,844.3147190317931,False,settled
b,blue_ramp,ramp,0.0,1.9,0.0,1.2723785200301632,898.7902496133404,False,settled
b,blue_ramp,ramp,0.0,1.9,0.0,1.3241262406630296,887.6968196038397,False,settled
b,blue_ramp,ramp,0.0,1.9,0.0,1.0485558401923802,970.4218705322438,False,settled
b,blue_ramp,ramp,0.0,1.9,0.0,1.0405877686238434,976.6392992687968,False,settled
b,blue_ramp,ramp,0.0,1.9,0.0,0.7450260694803579,1084.4724663249785,False,settled
b,blue_ramp,ramp,0.0,1.9,0.0,0.9606302963971328,999.1787016220193,False,settled
b,blue_ramp,ramp,0.0,1.9,0.0,1.0286864511065974,976.5247933244908,False,settled
b,blue_ramp,ramp,0.0,1.9,0.0,1.1674960841115174,932.9874134779567,False,settled
b,blue_ramp,ramp,0.0,1.9,0.0,1.098254459825282,957.2797252788387,False,settled
b,blue_ramp,ramp,0.0,1.9,0.0,1.629912591586103,809.6789505032116,False,settled
b,blue_ramp,ramp,0.0,1.9,0.0,1.3843673417723652,867.2741324962956,False,settled
b,blue_ramp,ramp,0.0,1.9,0.0,0.8123191533525508,1053.6817149338635,False,settled
b,blue_ramp,ramp,0.0,1.9,0.0,1.2263992135770716,914.9903732632156,False,settled
b,blue_ramp,ramp,0.0,1.9,0.0,1.031231584588144,974.3807597875099,False,settled
b,blue_ramp,ramp,0.0,1.9,0.0,0.8074838375899144,1056.7881836737274,False,settled
b,blue_ramp,ramp,0.0,1.9,0.0,0.9771900606700401,996.9478793179316,False,settled
b,blue_ramp,ramp,0.0,1.9,0.0,0.8136104588188519,1052.687041163642,False,settled
b,blue_ramp,ramp,0.0,1.9,0.0,1.4694010719721635,847.9649844516025,False,settled
b,blue_ramp,ramp,0.0,1.9,0.0,1.0228665993142616,980.9127495661289,False,settled
b,blue_ramp,ramp,0.0,1.9,0.0,1.5757661878157856,821.7671261279118,False,settled
b,blue_ramp,ramp,0.0,1.9,0.0,1.3090677275613354,890.9181664522067,False,settled
b,blue_ramp,ramp,0.0,1.9,0.0,1.2166275645847076,913.9783650895588,False,settled
b,blue_ramp,ramp,0.0,1.9,0.0,0.7168849492169973,1094.5306256557508,False,settled
b,blue_ramp,ramp,0.0,1.9,0.0,1.4561114577785892,845.9519245006662,False,settled
b,blue_ramp,ramp,0.0,1.9,0.0,1.3811922290287018,870.2781449011073,False,settled
b,blue_ramp,ramp,0.0,1.9,0.0,1.1699708447865995,930.8511032529384,False,settled
b,blue_ramp,ramp,0.0,1.9,0.0,1.659893340445767,801.5193673794342,False,settled
b,blue_ramp,ramp,0.0,1.9,0.0,0.9576842269836744,1001.2430078067791,False,settled
b,blue_ramp,ramp,0.0,1.9,0.0,1.1012193269802582,954.7841650305446,False,settled
b,blue_ramp,ramp,0.0,1.9,0.0,1.1393168648916774,940.959134453615,False,settled
b,blue_ramp,ramp,0.0,1.9,0.0,0.9948819372214647,986.5543492787506,False,settled
b,blue_ramp,ramp,0.0,1.9,0.0,0.8238449180943425,1058.4502951957893,False,settled
b,blue_ramp,ramp,0.0,1.9,0.0,0.8903963572726042,1031.375156641269,False,settled
b,blue_ramp,ramp,0.0,1.9,0.0,1.3368816740058547,881.1709384695848,False,settled
b,blue_ramp,ramp,0.0,1.9,0.0,0.863213319668639,1034.9657015267537,False,settled
b,blue_ramp,ramp,0.0,1.9,0.0,1.584877619938817,820.8432244502638,False,settled
b,blue_ramp,ramp,0.0,1.9,0.0,1.4389095073904639,852.1048535071615,False,settled
b,blue_ramp,ramp,0.0,1.9,0.0,1.5389330117085291,830.3711474636905,False,settled
b,blue_ramp,ramp,0.0,1.9,0.0,1.066232482821277,967.5122938207655,False,settled
b,blue_ramp,ramp,0.0,1.9,0.0,0.8503285616233238,1037.8758895417284,False,settled
b,blue_ramp,ramp,0.0,1.9,0.0,1.3909108392961074,865.7693589102075,False,settled
b,blue_ramp,ramp,0.0,1.9,0.0,1.3031342834669002,889.9091226398001,False,settled
b,blue_ramp,ramp,0.0,1.9,0.0,0.8666243092399291,1034.3765402488132,False,settled
b,blue_ramp,ramp,0.0,1.9,0.0,0.92629039019255,1019.7406494435711,False,settled
b,blue_ramp,ramp,0.0,1.9,0.0,0.9605245671013003,999.2630811078005,False,settled
b,blue_ramp,ramp,0.0,1.9,0.0,1.4514333597145423,847.0361864707687,False,settled
b,blue_ramp,ramp,0.0,1.9,0.0,0.9744283213071523,999.0877105018641,False,settled
b,blue_ramp,ramp,0.0,1.9,0.0,1.3593082575620397,876.1057085423072,False,settled
b,blue_ramp,ramp,0.0,1.9,0.0,1.619319977978977,811.2541776901033,False,settled
b,blue_ramp,ramp,0.0,1.9,0.0,1.3020454071943275,890.9327010121424,False,settled
b,blue_ramp,ramp,0.0,1.9,0.0,1.0520954337495974,967.598627778764,False,settled
b,blue_ramp,ramp,0.0,1.9,0.0,0.8842283979352227,1036.3141867851202,False,settled
b,blue_ramp,ramp,0.0,1.9,0.0,1.611761741034412,813.9125702815161,False,settled
b,blue_ramp,ramp,0.0,1.9,0.0,1.2182929561642983,920.0204037194435,False,settled
b,blue_ramp,ramp,0.0,1.9,0.0,0.9472047878508753,1009.6491306007176,False,settled
b,blue_ramp,ramp,0.0,1.9,0.0,0.9909304495786196,987.4913474513259,False,settled
b,blue_ramp,ramp,0.0,1.9,0.0,0.7369582480350433,1087.8519823174788,False,settled
b,blue_ramp,ramp,0.0,1.9,0.0,1.471277124116637,845.3162957987358,False,settled
b,blue_ramp,ramp,0.0,1.9,0.0,1.2036528254873746,924.9625041065751,False,settled
b,blue_ramp,ramp,0.0,1.9,0.0,1.1740690695968146,927.3357910298666,False,settled
b,blue_ramp,ramp,0.0,1.9,0.0,1.124995032660383,944.2190461692161,False,settled
b,blue_ramp,ramp,0.0,1.9,0.0,1.187377677622321,923.8520033239448,False,settled
b,blue_ramp,ramp,0.0,1.9,0.0,1.5970623370393067,817.2359156580713,False,settled
b,blue_ramp,ramp,0.0,1.9,0.0,1.6319544418361571,808.2814911284878,False,settled
b,blue_ramp,ramp,0.0,1.9,0.0,1.1029822069983108,953.5637693527397,False,settled
b,blue_ramp,ramp,0.0,1.9,0.0,0.7972300048666674,1071.834082602967,False,settled
b,blue_ramp,ramp,0.0,1.9,0.0,1.2786700907617399,899.5993939554205,False,settled
b,blue_ramp,ramp,0.0,1.9,0.0,0.7083526066146748,1098.088623956922,False,settled
b,blue_ramp,ramp,0.0,1.9,0.0,0.7807587035471403,1078.9614612462026,False,settled
b,blue_ramp,ramp,0.0,1.9,0.0,0.7564940743810128,1076.836430950112,False,settled
b,blue_ramp,ramp,0.0,1.9,0.0,1.4971219259898125,840.8631194222575,False,settled
b,blue_ramp,ramp,0.0,1.9,0.0,1.414860220522279,859.7459337799111,False,settled
b,blue_ramp,ramp,0.0,1.9,0.0,0.9245004560367613,1020.0770098164408,False,settled
b,blue_ramp,ramp,0.0,1.9,0.0,1.4583924244736781,847.6583952739174,False,settled
b,blue_ramp,ramp,0.0,1.9,0.0,1.192250057833523,927.4924286329094,False,settled
b,blue_ramp,ramp,0.0,1.9,0.0,1.2745723498542259,896.7135433356102,False,settled
b,blue_ramp,ramp,0.0,1.9,0.0,0.7377470040808207,1088.6229562797773,False,settled
b,blue_ramp,ramp,0.0,1.9,0.0,1.3540008840979196,875.7871207358818,False,settled
b,blue_ramp,ramp,0.0,1.9,0.0,0.798715500680534,1057.7895642682356,False,settled
b,blue_ramp,ramp,0.0,1.9,0.0,0.7964802106726084,1071.9328300777927,False,settled
b,blue_ramp,ramp,0.0,1.9,0.0,0.6992185204857851,1108.3822827345332,False,settled
b,blue_ramp,ramp,0.0,1.9,0.0,0.7183249027796651,1098.0621438104176,False,settled
b,blue_ramp,ramp,0.0,1.9,0.0,1.2221910243930052,916.5475115518467,False,settled
b,blue_ramp,ramp,0.0,1.9,0.0,0.7288084353328581,1095.1864328975903,False,settled
b,blue_ramp,ramp,0.0,1.9,0.0,1.3703632995596307,870.7780375180504,False,settled
b,blue_ramp,ramp,0.0,1.9,0.0,1.0395968680313064,977.4572608488775,False,settled
b,blue_ramp,ramp,0.0,1.9,0.0,1.3995465404314065,861.9526971875248,False,settled
b,blue_ramp,ramp,0.0,1.9,0.0,1.0177980341698991,985.0593114376278,False,settled
b,blue_ramp,ramp,0.0,1.9,0.0,0.8659138919470266,1034.47980959586,False,settled
b,blue_ramp,ramp,0.0,1.9,0.0,0.6949493816886709,1110.6133376314492,False,settled
b,blue_ramp,ramp,0.0,1.9,0.0,1.5906106396949087,820.0690856109209,False,settled
b,blue_ramp,ramp,0.0,1.9,0.0,1.493644584169422,842.8039027661579,False,settled
b,blue_ramp,ramp,0.0,1.9,0.0,1.0332517999421946,972.848695469975,False,settled
b,blue_ramp,ramp,0.0,1.9,0.0,1.3387630850913588,879.3233262974206,False,settled
b,blue_ramp,ramp,0.0,1.9,0.0,1.4288243671637202,854.0554133338426,False,settled
b,blue_ramp,ramp,0.0,1.9,0.0,0.7766590519042023,1067.8901532836267,False,settled
b,blue_ramp,ramp,0.0,1.9,0.0,1.4344281332487736,852.5215148538587,False,settled
b,blue_ramp,ramp,0.0,1.9,0.0,1.0495460283165448,969.6265094591162,False,settled
b,blue_ramp,ramp,0.0,1.9,0.0,0.7309256292706386,1099.0721181920421,False,settled
b,blue_ramp,ramp,0.0,1.9,0.0,1.3873912976362295,869.1871169351213,False,settled
b,blue_ramp,ramp,0.0,1.9,0.0,1.3657655020644661,875.132536066024,False,settled
b,blue_ramp,ramp,0.0,1.9,0.0,1.1970088758124233,923.2991763538779,False,settled
b,blue_ramp,ramp,0.0,1.9,0.0,1.0239225074199674,980.0491297128614,False,settled
b,blue_ramp,ramp,0.0,1.9,0.0,1.0322546535103867,973.5588042107639,False,settled
b,blue_ramp,ramp,0.0,1.9,0.0,1.5618211180958093,825.1821492136241,False,settled
b,blue_ramp,ramp,0.0,1.9,0.0,1.0469989201584697,971.3721043047376,False,settled
b,blue_ramp,ramp,0.0,1.9,0.0,1.4545954795394038,847.7790725056925,False,settled
b,blue_ramp,ramp,0.0,1.9,0.0,1.4805387911538248,847.1500446934516,False,settled
b,blue_ramp,ramp,0.0,1.9,0.0,1.1353317799450413,944.3206669764253,False,settled
b,blue_ramp,ramp,0.0,1.9,0.0,1.4817555908039972,845.5870240899599,False,settled
b,blue_ramp,ramp,0.0,1.9,0.0,0.819550635307573,1061.5925638488113,False,settled
b,blue_ramp,ramp,0.0,1.9,0.0,0.7407290213757521,1086.4655203250188,False,settled
b,blue_ramp,ramp,0.0,1.9,0.0,1.2452631811942216,909.6488341397655,False,settled
b,blue_ramp,ramp,0.0,1.9,0.0,1.1440405954211048,938.8548605857465,False,settled
b,blue_ramp,ramp,0.0,1.9,0.0,1.6847755701158194,794.1844116546525,False,settled
b,blue_ramp,ramp,0.0,1.9,0.0,1.593149491675739,818.1171493357508,False,settled
b,blue_ramp,ramp,0.0,1.9,0.0,1.3919523859739729,864.7714005869217,False,settled
b,blue_ramp,ramp,0.0,1.9,0.0,1.1467696855396254,938.0537284117837,False,settled
b,blue_ramp,ramp,0.0,1.9,0.0,1.0530874280564202,966.8144641825008,False,settled
b,blue_ramp,ramp,0.0,1.9,0.0,0.9603475039678651,999.4043898436806,False,settled
b,blue_ramp,ramp,0.0,1.9,0.0,1.633572562051375,808.4846053082471,False,settled
b,blue_ramp,ramp,0.0,1.9,0.0,1.2097160208676172,919.9777278827752,False,settled
b,blue_ramp,ramp,0.0,1.9,0.0,1.4847600629000086,845.9993763542369,False,settled
b,blue_ramp,ramp,0.0,1.9,0.0,1.0433630436323016,974.3493033966737,False,settled
b,blue_ramp,ramp,0.0,1.9,0.0,1.5867305763786952,819.3097180272126,False,settled
b,blue_ramp,ramp,0.0,1.9,0.0,1.367317324232666,873.5450659374411,False,settled
b,blue_ramp,ramp,0.0,1.9,0.0,1.1844701211998319,926.3637537283267,False,settled
b,blue_ramp,ramp,0.0,1.9,0.0,1.2055568479905885,923.5923805020238,False,settled
b,blue_ramp,ramp,0.0,1.9,0.0,0.8798101704401154,1027.228110505268,False,settled
b,blue_ramp,ramp,0.0,1.9,0.0,1.400782160610329,861.3097227766791,False,settled
b,blue_ramp,ramp,0.0,1.9,0.0,1.5265696640914252,834.1506692093494,False,settled
b,blue_ramp,ramp,0.0,1.9,0.0,1.2813237056761937,897.1226494493326,False,settled
b,blue_ramp,ramp,0.0,1.9,0.0,1.6264993272867168,810.4655679705833,False,settled
b,blue_ramp,ramp,0.0,1.9,0.0,0.9760460153599192,997.8494843952402,False,settled
b,blue_ramp,ramp,0.0,1.9,0.0,0.8305258351115291,1053.2160070900861,False,settled
b,blue_ramp,ramp,0.0,1.9,0.0,1.1459678947958467,938.2890258514431,False,settled
b,blue_ramp,ramp,0.0,1.9,0.0,1.490144617396653,843.2340658392989,False,settled
b,blue_ramp,ramp,0.0,1.9,0.0,1.1021606610628467,954.2528700178937,False,settled
b,blue_ramp,ramp,0.0,1.9,0.0,1.0548288562944348,965.5278264516237,False,settled
b,blue_ramp,ramp,0.0,1.9,0.0,1.5848138154303442,820.9634257800828,False,settled
b,blue_ramp,ramp,0.0,1.9,0.0,1.5685212114841816,824.8269080971515,False,settled
b,blue_ramp,ramp,0.0,1.9,0.0,1.1782761107141448,931.7751157417883,False,settled
b,blue_ramp,ramp,0.0,1.9,0.0,1.6435151193197406,806.5640636405589,False,settled
b,blue_ramp,ramp,0.0,1.9,0.0,1.205299923236924,923.8156396051717,False,settled
b,blue_ramp,ramp,0.0,1.9,0.0,0.9532731764457716,1004.7702153589776,False,settled
b,blue_ramp,ramp,0.0,1.9,0.0,1.116207772333517,951.2360877751487,False,settled
b,blue_ramp,ramp,0.0,1.9,0.0,0.8216161314722401,1059.960050075754,False,settled
b,blue_ramp,ramp,0.0,1.9,0.0,0.6883157861487791,1118.3126954528122,False,settled
b,blue_ramp,ramp,0.0,1.9,0.0,1.5640828569001177,824.7361959963606,False,settled
b,blue_ramp,ramp,0.0,1.9,0.0,1.1446555856088274,938.67435284464,False,settled
b,blue_ramp,ramp,0.0,1.9,0.0,1.5747207521615227,822.8392590455013,False,settled
b,blue_ramp,ramp,0.0,1.9,0.0,0.9151161455461686,1024.1562556592503,False,settled
b,blue_ramp,ramp,0.0,1.9,0.0,0.7337974489898422,1098.6034857899965,False,settled
b,blue_ramp,ramp,0.0,1.9,0.0,0.6906539547661349,1108.9665103113823,False,settled
b,blue_ramp,ramp,0.0,1.9,0.0,0.8217086320690047,1059.8869231032315,False,settled
b,blue_ramp,ramp,0.0,1.9,0.0,0.822716588307423,1059.089899290216,False,settled
b,blue_ramp,ramp,0.0,1.9,0.0,1.3730318862628736,873.1728635340543,False,settled
b,blue_ramp,ramp,0.0,1.9,0.0,1.35061263026901,879.1836997018974,False,settled
b,blue_ramp,ramp,0.0,1.9,0.0,0.6914228320973173,1110.5047161427372,False,settled
b,blue_ramp,ramp,0.0,1.9,0.0,1.3431080921692855,880.894746968282,False,settled
b,blue_ramp,ramp,0.0,1.9,0.0,0.965295325031279,1006.4959239989563,False,settled
b,blue_ramp,ramp,0.0,1.9,0.0,0.8316359434369621,1052.347658808444,False,settled
b,blue_ramp,ramp,0.0,1.9,0.0,0.8124881272792874,1053.550856833374,False,settled
b,blue_ramp,ramp,0.0,1.9,0.0,1.0769958750626722,964.7719434165189,False,settled
b,blue_ramp,ramp,0.0,1.9,0.0,1.3282112817315461,883.6996184005293,False,settled
b,blue_ramp,ramp,0.0,1.9,0.0,1.5706871142393133,823.4056427305414,False,settled
b,blue_ramp,ramp,0.0,1.9,0.0,1.2557552712679885,907.1277981870527,False,settled
b,blue_ramp,ramp,0.0,1.9,0.0,1.4032752480778155,860.1208785122678,False,settled
b,blue_ramp,ramp,0.0,1.9,0.0,1.5806102404804738,820.2723062317091,False,settled
b,blue_ramp,ramp,0.0,1.9,0.0,1.0358053007716579,980.5879575019592,False,settled
b,blue_ramp,ramp,0.0,1.9,0.0,1.0128107698688134,989.1703538949993,False,settled
b,blue_ramp,ramp,0.0,1.9,0.0,1.3111880860430893,890.0146907465385,False,settled
b,blue_ramp,ramp,0.0,1.9,0.0,1.1310855802931372,947.6360041765228,False,settled
b,blue_ramp,ramp,0.0,1.9,0.0,1.3264779697987448,885.3914189734243,False,settled
b,blue_ramp,ramp,0.0,1.9,0.0,1.1707701652896154,930.1612626444257,False,settled
b,blue_ramp,ramp,0.0,1.9,0.0,1.2576861176602327,905.3501258885987,False,settled
b,blue_ramp,ramp,0.0,1.9,0.0,0.6911572908249195,1106.3367356568615,False,settled
b,blue_ramp,ramp,0.0,1.9,0.0,0.8005793018955358,1057.6216221563964,False,settled
b,blue_ramp,ramp,0.0,1.9,0.0,1.247549010972753,907.5636782501325,False,settled
b,blue_ramp,ramp,0.0,1.9,0.0,1.3943573257908055,867.1120617586549,False,settled
b,blue_ramp,ramp,0.0,1.9,0.0,1.6610833813689185,801.5100896833862,False,settled
b,blue_ramp,ramp,0.0,1.9,0.0,0.7417556561856243,1088.5240801987845,False,settled
b,blue_ramp,ramp,0.0,1.9,0.0,0.7042693259133417,1110.9268918060493,False,settled
b,blue_ramp,ramp,0.0,1.9,0.0,1.4338190860760105,853.278539695682,False,settled
b,blue_ramp,ramp,0.0,1.9,0.0,1.4346191940530202,852.3071792743061,False,settled
b,blue_ramp,ramp,0.0,1.9,0.0,0.9057288113793904,1019.3581715569213,False,settled
b,blue_ramp,ramp,0.0,1.9,0.0,0.9704557657339528,1002.3056381617348,False,settled
b,blue_ramp,ramp,0.0,1.9,0.0,1.2338039827029688,912.3988722627321,False,settled
b,blue_ramp,ramp,0.0,1.9,0.0,0.9293800803598333,1019.1599202605504,False,settled
b,blue_ramp,ramp,0.0,1.9,0.0,1.1681182426018117,932.4503982093086,False,settled
b,blue_ramp,ramp,0.0,1.9,0.0,0.861199126892287,1035.1907989556612,False,settled
b,blue_ramp,ramp,0.0,1.9,0.0,0.7332945719486798,1086.3955504826304,False,settled
b,blue_ramp,ramp,0.0,1.9,0.0,0.7507206224648175,1082.282857395151,False,settled
b,blue_ramp,ramp,0.0,1.9,0.0,1.3355050129100619,882.5272178239046,False,settled
b,blue_ramp,ramp,0.0,1.9,0.0,1.3927596104446387,863.8526064603938,False,settled
b,blue_ramp,ramp,0.0,1.9,0.0,0.8517259759463646,1049.7119965807742,False,settled
b,blue_ramp,ramp,0.0,1.9,0.0,0.9351265565739904,1006.6116359733924,False,settled
b,blue_ramp,ramp,0.0,1.9,0.0,1.1794412830066552,930.7530237486365,False,settled
b,blue_ramp,ramp,0.0,1.9,0.0,1.1450764427117328,938.5506357697219,False,settled
b,blue_ramp,ramp,0.0,1.9,0.0,1.4365446780393576,854.5440283950492,False,settled
b,blue_ramp,ramp,0.0,1.9,0.0,1.532710738262089,832.493929415777,False,settled
b,blue_ramp,ramp,0.0,1.9,0.0,0.9950127591798746,986.5270332863098,False,settled
b,blue_ramp,ramp,0.0,1.9,0.0,0.915528078135363,1023.829637174213,False,settled
b,blue_ramp,ramp,0.0,1.9,0.0,1.31061112253677,890.2605212505346,False,settled
b,blue_ramp,ramp,0.0,1.9,0.0,0.6956535223067508,1104.5797190672074,False,settled
b,blue_ramp,ramp,0.0,1.9,0.0,0.8524163452605719,1049.4308479902297,False,settled
b,blue_ramp,ramp,0.0,1.9,0.0,1.3393943531306711,878.979941268776,False,settled
b,blue_ramp,ramp,0.0,1.9,0.0,0.7112485469074449,1108.738506938545,False,settled
b,blue_ramp,ramp,0.0,1.9,0.0,0.8381755615309527,1047.2330353744144,False,settled
b,blue_ramp,ramp,0.0,1.9,0.0,1.2638513598107095,899.7443332350787,False,settled
b,blue_ramp,ramp,0.0,1.9,0.0,1.5384652753550445,831.3097170814202,False,settled
b,blue_ramp,ramp,0.0,1.9,0.0,1.3105893695221904,890.2697896884845,False,settled
b,blue_ramp,ramp,0.0,1.9,0.0,0.7077606214652095,1111.0594158619786,False,settled
b,blue_ramp,ramp,0.0,1.9,0.0,1.6171679824727527,812.7582289804989,False,settled
b,blue_ramp,ramp,0.0,1.9,0.0,0.7230788338571399,1091.3308743240518,False,settled
b,blue_ramp,ramp,0.0,1.9,0.0,1.012230861096104,989.6486221943148,False,settled
b,blue_ramp,ramp,0.0,1.9,0.0,1.2334725874657542,912.5148393666664,False,settled
b,blue_ramp,ramp,0.0,1.9,0.0,1.181266402610912,929.1519778276376,False,settled
b,blue_ramp,ramp,0.0,1.9,0.0,1.1124940640915042,954.3940218523481,False,settled
b,blue_ramp,ramp,0.0,1.9,0.0,0.8504825996635775,1037.7655436539596,False,settled
b,blue_ramp,ramp,0.0,1.9,0.0,0.8786111624492743,1028.068689779833,False,settled
b,blue_ramp,ramp,0.0,1.9,0.0,0.8031284783611973,1057.2239967667274,False,settled
b,blue_ramp,ramp,0.0,1.9,0.0,1.5640273827929894,824.7969855415765,False,settled
b,blue_ramp,ramp,0.0,1.9,0.0,0.8763070014533205,1029.944688833091,False,settled
b,blue_ramp,ramp,0.0,1.9,0.0,0.699038568214061,1105.4904562621327,False,settled
b,blue_ramp,ramp,0.0,1.9,0.0,1.0442001922351687,973.663826856963,False,settled
b,blue_ramp,ramp,0.0,1.9,0.0,1.098792221060454,956.8255796425552,False,settled
b,blue_ramp,ramp,0.0,1.9,0.0,0.7590621300492375,1077.3316463641347,False,settled
b,blue_ramp,ramp,0.0,1.9,0.0,0.924164909767911,1020.1400646679461,False,settled
b,blue_ramp,ramp,0.0,1.9,0.0,1.3471171083641327,877.2572122649401,False,settled
b,blue_ramp,ramp,0.0,1.9,0.0,1.206330195114226,922.9202292540925,False,settled
b,blue_ramp,ramp,0.0,1.9,0.0,1.04191686926897,975.5421506418348,False,settled
b,blue_ramp,ramp,0.0,1.9,0.0,0.921807394874541,1020.5828702388732,False,settled
b,blue_ramp,ramp,0.0,1.9,0.0,1.1819032025861451,928.5969649277373,False,settled
b,blue_ramp,ramp,0.0,1.9,0.0,1.4295544615320888,853.2562959081787,False,settled
b,blue_ramp,ramp,0.0,1.9,0.0,0.8642435232140396,1034.8132252705614,False,settled
b,blue_ramp,ramp,0.0,1.9,0.0,0.923463506751528,1020.2718699752933,False,settled
b,blue_ramp,ramp,0.0,1.9,0.0,1.2734251531552352,897.7577922123704,False,settled
b,blue_ramp,ramp,0.0,1.9,0.0,1.2086210045629215,920.9268313950265,False,settled
b,blue_ramp,ramp,0.0,1.9,0.0,0.8961503139010396,1026.792770761931,False,settled
b,blue_ramp,ramp,0.0,1.9,0.0,0.9239099532145331,1020.1879752893051,False,settled
b,blue_ramp,ramp,0.0,1.9,0.0,1.2275945838007993,914.5720040314288,False,settled
b,blue_ramp,ramp,0.0,1.9,0.0,1.6105091880116091,813.8729464726214,False,settled
b,blue_ramp,ramp,0.0,1.9,0.0,1.1700208351794792,930.8079610262174,False,settled
b,blue_ramp,ramp,0.0,1.9,0.0,1.2033368299342682,917.8874333423483,False,settled
b,blue_ramp,ramp,0.0,1.9,0.0,1.3909115936817982,865.7685700136589,False,settled
b,blue_ramp,ramp,0.0,1.9,0.0,0.8268860686997056,1056.0548608625022,False,settled
b,blue_ramp,ramp,0.0,1.9,0.0,1.5520415673671915,827.5134297924138,False,settled
b,blue_ramp,ramp,0.0,1.9,0.0,1.6312684283645782,807.6211382116239,False,settled
b,blue_ramp,ramp,0.0,1.9,0.0,1.5087140474190557,839.1287426728925,False,settled
b,blue_ramp,ramp,0.0,1.9,0.0,0.7322645282534364,1085.7090825938594,False,settled
b,blue_ramp,ramp,0.0,1.9,0.0,1.383134629187325,868.2834450914821,False,settled
b,blue_ramp,ramp,0.0,1.9,0.0,1.0649151377429797,967.8495305489182,False,settled
b,blue_ramp,ramp,0.0,1.9,0.0,0.7720059422352489,1071.4190520444151,False,settled
b,blue_ramp,ramp,0.0,1.9,0.0,1.687057580428783,791.7594188492025,False,settled
b,blue_ramp,ramp,0.0,1.9,0.0,1.0312059297376033,974.4015878328186,False,settled
b,blue_ramp,ramp,0.0,1.9,0.0,1.086857905920401,957.7461855284799,False,settled
b,blue_ramp,ramp,0.0,1.9,0.0,0.7764952555444233,1068.0116010164352,False,settled
b,blue_ramp,ramp,0.0,1.9,0.0,0.9902533591632814,987.6350327476846,False,settled
b,blue_ramp,ramp,0.0,1.9,0.0,1.5636921920923867,825.3599708525148,False,settled
b,blue_ramp,ramp,0.0,1.9,0.0,0.9328488645418249,1018.5081828927624,False,settled
b,blue_ramp,ramp,0.0,1.9,0.0,0.9357700159948655,1006.489492934496,False,settled
b,blue_ramp,ramp,0.0,1.9,0.0,1.101683043522445,954.395763470012,False,settled
b,blue_ramp,ramp,0.0,1.9,0.0,1.3424361182036961,881.5642675127641,False,settled
b,blue_ramp,ramp,0.0,1.9,0.0,1.4346704144971196,852.2497204330278,False,settled
b,blue_ramp,ramp,0.0,1.9,0.0,1.3841863352201218,867.4600108372891,False,settled
b,blue_ramp,ramp,0.0,1.9,0.0,0.85135432907624,1050.0056767953122,False,settled
b,blue_ramp,ramp,0.0,1.9,0.0,1.672638823957874,799.4361511423534,False,settled
b,blue_ramp,ramp,0.0,1.9,0.0,1.4258493563428796,857.3546564418305,False,settled
b,blue_ramp,ramp,0.0,1.9,0.0,0.9516676077276314,1006.0608691916495,False,settled
b,blue_ramp,ramp,0.0,1.9,0.0,1.2144045136699402,915.9794652290709,False,settled
b,blue_ramp,ramp,0.0,1.9,0.0,1.6539653749871823,804.1001827484654,False,settled
b,blue_ramp,ramp,0.0,1.9,0.0,0.8122395975974537,1053.7392304117764,False,settled
b,blue_ramp,ramp,0.0,1.9,0.0,1.6850947746364995,792.5237818269973,False,settled
b,blue_ramp,ramp,0.0,1.9,0.0,1.6895246300307047,791.4522559360656,False,settled
b,blue_ramp,ramp,0.0,1.9,0.0,0.6982707660756236,1114.5134474902316,False,settled
b,blue_ramp,ramp,0.0,1.9,0.0,1.4340286947030898,853.0430820545065,False,settled
b,blue_ramp,ramp,0.0,1.9,0.0,1.3638058858753508,871.8374206271468,False,settled
b,blue_ramp,ramp,0.0,1.9,0.0,1.0642744874567651,968.0134459571369,False,settled
b,blue_ramp,ramp,0.0,1.9,0.0,0.7906539319706031,1072.7010216993108,False,settled
b,blue_ramp,ramp,0.0,1.9,0.0,0.9152342935305585,1024.0625759490495,False,settled
b,blue_ramp,ramp,0.0,1.9,0.0,1.4057590783874154,863.4860027735189,False,settled
b,blue_ramp,ramp,0.0,1.9,0.0,1.24032892446659,906.9679809679207,False,settled
b,blue_ramp,ramp,0.0,1.9,0.0,0.9737567306370548,999.6286165744568,False,settled
b,blue_ramp,ramp,0.0,1.9,0.0,0.815825431339457,1064.556635395501,False,settled
b,blue_ramp,ramp,0.0,1.9,0.0,1.0951731010161758,959.8821933830036,False,settled
b,blue_ramp,ramp,0.0,1.9,0.0,1.4256030674535873,857.3773111426755,False,settled
b,blue_ramp,ramp,0.0,1.9,0.0,1.260379411403964,902.8787437107698,False,settled
b,blue_ramp,ramp,0.0,1.9,0.0,1.167282919201383,933.1719647550815,False,settled
b,blue_ramp,ramp,0.0,1.9,0.0,1.4465775745747398,852.2598635648382,False,settled
b,blue_ramp,ramp,0.0,1.9,0.0,1.0848543976883989,959.412071432218,False,settled
b,blue_ramp,ramp,0.0,1.9,0.0,1.260847230057699,902.4516734776291,False,settled
b,blue_ramp,ramp,0.0,1.9,0.0,1.6826876592098523,794.9883166505934,False,settled
b,blue_ramp,ramp,0.0,1.9,0.0,0.7209839844140945,1102.5960185623435,False,settled
b,blue_ramp,ramp,0.0,1.9,0.0,0.9203774752522901,1020.8518565509983,False,settled
b,blue_ramp,ramp,0.0,1.9,0.0,1.3662509822369922,874.6358723470889,False,settled
b,blue_ramp,ramp,0.0,1.9,0.0,1.6389773309078204,807.0862199243371,False,settled
b,blue_ramp,ramp,0.0,1.9,0.0,0.7573017835365093,1076.6802919581314,False,settled
b,blue_ramp,ramp,0.0,1.9,0.0,0.8256518967791572,1057.0266860508773,False,settled
b,blue_ramp,ramp,0.0,1.9,0.0,1.2524385366554993,903.1662044549082,False,settled
b,blue_ramp,ramp,0.0,1.9,0.0,1.108858168218984,948.6574750755778,False,settled
b,blue_ramp,ramp,0.0,1.9,0.0,1.550693846526166,829.69597173931,False,settled
b,blue_ramp,ramp,0.0,1.9,0.0,1.5590519247634134,826.3678325763411,False,settled
b,blue_ramp,ramp,0.0,1.9,0.0,0.7546881860740441,1077.6980941847046,False,settled
b,blue_ramp,ramp,0.0,1.9,0.0,1.6368074050769421,807.42658157786,False,settled
b,blue_ramp,ramp,0.0,1.9,0.0,1.234175107113126,912.2690355475976,False,settled
b,blue_ramp,ramp,0.0,1.9,0.0,1.2661290531799387,904.487707972839,False,settled
b,blue_ramp,ramp,0.0,1.9,0.0,1.59292855021216,818.5570610748703,False,settled
b,blue_ramp,ramp,0.0,1.9,0.0,1.3546599602501086,875.1265911530514,False,settled
b,blue_ramp,ramp,0.0,1.9,0.0,0.8849532330903667,1035.7325371140712,False,settled
b,blue_ramp,ramp,0.0,1.9,0.0,0.9555822114021748,1002.9196116647806,False,settled
b,blue_ramp,ramp,0.0,1.9,0.0,1.1249654073716704,944.2438574087246,False,settled
b,blue_ramp,ramp,0.0,1.9,0.0,1.0290641747206493,976.217885523808,False,settled
b,blue_ramp,ramp,0.0,1.9,0.0,1.0445354413852812,973.3893152442888,False,settled
b,blue_ramp,ramp,0.0,1.9,0.0,1.1042247148623765,952.5219411066156,False,settled
b,blue_ramp,ramp,0.0,1.9,0.0,1.325022163060734,886.8149662133602,False,settled
b,blue_ramp,ramp,0.0,1.9,0.0,0.8304537189770672,1053.2724115002816,False,settled
b,blue_ramp,ramp,0.0,1.9,0.0,1.142970174887774,939.1690428996333,False,settled
b,blue_ramp,ramp,0.0,1.9,0.0,1.6456903023508016,805.5892021389521,False,settled
b,blue_ramp,ramp,0.0,1.9,0.0,1.086295288501234,958.2140763463997,False,settled
b,blue_ramp,ramp,0.0,1.9,0.0,1.1463343189561965,938.1814932204339,False,settled
b,blue_ramp,ramp,0.0,1.9,0.0,1.3433011993549573,880.7023421710644,False,settled
b,blue_ramp,ramp,0.0,1.9,0.0,1.0484103357097945,970.5387144394907,False,settled
b,blue_ramp,ramp,0.0,1.9,0.0,0.7327564295400293,1085.671741827437,False,settled
b,blue_ramp,ramp,0.0,1.9,0.0,1.6279320721015276,809.4592967510861,False,settled
b,blue_ramp,ramp,0.0,1.9,0.0,0.7517545720774742,1081.4222746078583,False,settled
b,blue_ramp,ramp,0.0,1.9,0.0,1.2626718970324065,900.8043331861744,False,settled
b,blue_ramp,ramp,0.0,1.9,0.0,1.5886094617609614,818.7918916295363,False,settled
b,blue_ramp,ramp,0.0,1.9,0.0,1.497166588724423,840.6591789063897,False,settled
b,blue_ramp,ramp,0.0,1.9,0.0,0.6954290794985717,1101.6931380110384,False,settled
b,blue_ramp,ramp,0.0,1.9,0.0,1.5752777135067926,822.8849901442376,False,settled
b,blue_ramp,ramp,0.0,1.9,0.0,0.8122926555497606,1053.7022350998411,False,settled
b,blue_ramp,ramp,0.0,1.9,0.0,0.8554240616310944,1036.1539781273054,False,settled
b,blue_ramp,ramp,0.0,1.9,0.0,1.4044377640922976,864.1921621436251,False,settled
b,blue_ramp,ramp,0.0,1.9,0.0,0.719981300472648,1099.133396351571,False,settled
b,blue_ramp,ramp,0.0,1.9,0.0,0.9491888555873255,1008.0537019115142,False,settled
b,blue_ramp,ramp,0.0,1.9,0.0,0.9956641059668215,986.3910482109717,False,settled
b,blue_ramp,ramp,0.0,1.9,0.0,1.5813335097179797,821.1858631596685,False,settled
b,blue_ramp,ramp,0.0,1.9,0.0,1.4664503267992564,846.7852750587911,False,settled
b,blue_ramp,ramp,0.0,1.9,0.0,1.635008091994299,807.8364743810412,False,settled
b,blue_ramp,ramp,0.0,1.9,0.0,1.4162102065781355,858.3573431690452,False,settled
b,blue_ramp,ramp,0.0,1.9,0.0,1.3128904730563682,889.2937823653876,False,settled
b,blue_ramp,ramp,0.0,1.9,0.0,0.9446917893104246,1011.6763296037694,False,settled
b,blue_ramp,ramp,0.0,1.9,0.0,0.7749370889860191,1069.2083939880026,False,settled
b,blue_ramp,ramp,0.0,1.9,0.0,1.488536266140191,845.3354647684652,False,settled
b,blue_ramp,ramp,0.0,1.9,0.0,1.6834392941325087,793.1166215680747,False,settled
b,blue_ramp,ramp,0.0,1.9,0.0,1.120439518981504,947.9154708606287,False,settled
b,blue_ramp,ramp,0.0,1.9,0.0,1.6586330595149061,802.7083004748024,False,settled
b,blue_ramp,ramp,0.0,1.9,0.0,1.6873442977755873,792.204440093317,False,settled
b,blue_ramp,ramp,0.0,1.9,0.0,0.7315557801252865,1099.8648584689338,False,settled
b,blue_ramp,ramp,0.0,1.9,0.0,1.3695130911700006,871.5574724934569,False,settled
b,blue_ramp,ramp,0.0,1.9,0.0,1.5407444669618726,831.1689340491597,False,settled
b,blue_ramp,ramp,0.0,1.9,0.0,1.0782318362783119,964.4601369214876,False,settled
b,blue_ramp,ramp,0.0,1.9,0.0,1.0419042752084993,975.5525468763989,False,settled
b,blue_ramp,ramp,0.0,1.9,0.0,0.69026933789379,1112.9595081105763,False,settled
b,blue_ramp,ramp,0.0,1.9,0.0,0.7404818959726285,1085.6601523393501,False,settled
b,blue_ramp,ramp,0.0,1.9,0.0,1.484412687134579,846.4482988648347,False,settled
b,blue_ramp,ramp,0.0,1.9,0.0,1.6598271489408478,801.4285069780493,False,settled
b,blue_ramp,ramp,0.0,1.9,0.0,1.3076220821634166,892.0011132506047,False,settled
b,blue_ramp,ramp,0.0,1.9,0.0,1.0602397280242049,970.6107073420152,False,settled
b,blue_ramp,ramp,0.0,1.9,0.0,0.7058354051823954,1102.3752695380058,False,settled
b,blue_ramp,ramp,0.0,1.9,0.0,1.5066740992794734,838.0519895569098,False,settled
b,blue_ramp,ramp,0.0,1.9,0.0,1.3661391809610528,874.7502163762849,False,settled
b,blue_ramp,ramp,0.0,1.9,0.0,1.3142170449733879,888.7355615168188,False,settled
b,blue_ramp,ramp,0.0,1.9,0.0,0.694719585244642,1108.1036795689752,False,settled
b,blue_ramp,ramp,0.0,1.9,0.0,0.6869425835136791,1107.3448054848882,False,settled
b,blue_ramp,ramp,0.0,1.9,0.0,0.9004557291860338,1023.3786411351151,False,settled
b,blue_ramp,ramp,0.0,1.9,0.0,1.4761466555895078,843.6969180338043,False,settled
b,blue_ramp,ramp,0.0,1.9,0.0,1.192948711485194,926.8748213878098,False,settled
b,blue_ramp,ramp,0.0,1.9,0.0,1.1534197432244933,936.1090146394052,False,settled
b,blue_ramp,ramp,0.0,1.9,0.0,1.0969733360790686,958.3616387659333,False,settled
b,blue_ramp,ramp,0.0,1.9,0.0,1.66638093299811,800.2833815915461,False,settled
b,blue_ramp,ramp,0.0,1.9,0.0,1.6308751737042573,809.8137569897059,False,settled
b,blue_ramp,ramp,0.0,1.9,0.0,1.4923859282002145,844.4699559449755,False,settled
b,blue_ramp,ramp,0.0,1.9,0.0,1.1452319078428583,938.5050122059346,False,settled
b,blue_ramp,ramp,0.0,1.9,0.0,0.8050949979758426,1056.9891000068076,False,settled
b,blue_ramp,ramp,0.0,1.9,0.0,0.9129782474268133,1025.8517826762024,False,settled
b,blue_ramp,ramp,0.0,1.9,0.0,1.2572220614732081,905.7773259740351,False,settled
b,blue_ramp,ramp,0.0,1.9,0.0,1.6817153214671432,795.8680602039581,False,settled
b,blue_ramp,ramp,0.0,1.9,0.0,1.3174103364207606,887.3919092623719,False,settled
b,blue_ramp,ramp,0.0,1.9,0.0,1.0759294154037484,965.0409261792929,False,settled
b,blue_ramp,ramp,0.0,1.9,0.0,1.2161571209126145,914.3823031877497,False,settled
b,blue_ramp,ramp,0.0,1.9,0.0,1.6768384373894436,796.5835425680652,False,settled
b,blue_ramp,ramp,0.0,1.9,0.0,1.0779201141661179,964.5388102354493,False,settled
b,blue_ramp,ramp,0.0,1.9,0.0,1.4229827172260276,855.7318018160462,False,settled
b,blue_ramp,ramp,0.0,1.9,0.0,1.34707974907278,877.2941878378653,False,settled
b,blue_ramp,ramp,0.0,1.9,0.0,1.4670504780312525,846.0672844220127,False,settled
b,blue_ramp,ramp,0.0,1.9,0.0,1.6402830546679252,806.5478872015581,False,settled
b,blue_ramp,ramp,0.0,1.9,0.0,0.7938325381744971,1072.2818354818487,False,settled
b,blue_ramp,ramp,0.0,1.9,0.0,1.5161174493270404,836.6718519427111,False,settled
b,blue_ramp,ramp,0.0,1.9,0.0,0.8457739602198578,1041.4260618855208,False,settled
b,blue_ramp,ramp,0.0,1.9,0.0,1.2833009056441373,895.3659071626098,False,settled
b,blue_ramp,ramp,0.0,1.9,0.0,0.7550977260934986,1077.5000445270045,False,settled
b,blue_ramp,ramp,0.0,1.9,0.0,0.758697611126524,1077.1003179652741,False,settled
b,blue_ramp,ramp,0.0,1.9,0.0,1.2143131559333147,916.0591954868255,False,settled
b,blue_ramp,ramp,0.0,1.9,0.0,1.3357963825378605,882.2386556679108,False,settled
b,blue_ramp,ramp,0.0,1.9,0.0,0.7159011443962247,1092.6946810326708,False,settled
b,blue_ramp,ramp,0.0,1.9,0.0,1.0599585182510807,970.8406242423669,False,settled
b,blue_ramp,ramp,0.0,1.9,0.0,1.6875262158693176,793.0994929766374,False,settled
b,blue_ramp,ramp,0.0,1.9,0.0,1.2173885660283443,920.5790139606816,False,settled
b,blue_ramp,ramp,0.0,1.9,0.0,0.7176832578027799,1095.7218498003124,False,settled
b,blue_ramp,ramp,0.0,1.9,0.0,0.9963516217237279,986.2475221996913,False,settled
b,blue_ramp,ramp,0.0,1.9,0.0,1.130371564142193,948.2383970884539,False,settled
b,blue_ramp,ramp,0.0,1.9,0.0,1.4561680531061172,845.8919768670602,False,settled
b,blue_ramp,ramp,0.0,1.9,0.0,1.6457869791694257,805.2968516368986,False,settled
b,blue_ramp,ramp,0.0,1.9,0.0,1.3708108427681278,870.2480744831471,False,settled
b,blue_ramp,ramp,0.0,1.9,0.0,1.3593981707929401,876.0142770404893,False,settled
b,blue_ramp,ramp,0.0,1.9,0.0,0.9868191098317716,989.642405765752,False,settled
b,blue_ramp,ramp,0.0,1.9,0.0,0.8228633058844642,1058.9739156423416,False,settled
b,blue_ramp,ramp,0.0,1.9,0.0,1.3116684734088384,889.8100083762083,False,settled
b,blue_ramp,ramp,0.0,1.9,0.0,1.0325305447661879,973.4278076091387,False,settled
b,blue_ramp,ramp,0.0,1.9,0.0,0.8612198873331804,1035.1877244785119,False,settled
b,blue_ramp,ramp,0.0,1.9,0.0,0.6975964504469557,1108.3347977464261,False,settled
b,blue_ramp,ramp,0.0,1.9,0.0,1.6411144652971994,806.0598944246292,False,settled
b,blue_ramp,ramp,0.0,1.9,0.0,0.7554277732699726,1077.3169097429807,False,settled
b,blue_ramp,ramp,0.0,1.9,0.0,1.6796290553552837,795.891796357478,False,settled
b,blue_ramp,ramp,0.0,1.9,0.0,0.7692691062261889,1073.3580569450758,False,settled
b,blue_ramp,ramp,0.0,1.9,0.0,1.5742460570133454,822.2162296322996,False,settled
b,blue_ramp,ramp,0.0,1.9,0.0,0.9496635608425595,1007.6720784789087,False,settled
b,blue_ramp,ramp,0.0,1.9,0.0,0.9296419153214679,1019.1107253215494,False,settled
b,blue_ramp,ramp,0.0,1.9,0.0,0.7092559727843822,1102.722794942747,False,settled
b,blue_ramp,ramp,0.0,1.9,0.0,1.4522462413532102,850.4245447763616,False,settled
b,blue_ramp,ramp,0.0,1.9,0.0,0.7890712433957475,1072.9382123633625,False,settled
b,blue_ramp,ramp,0.0,1.9,0.0,0.9470753109116229,1009.7532402407714,False,settled
b,blue_ramp,ramp,0.0,1.9,0.0,1.5967786736346399,816.9184536436954,False,settled
b,blue_ramp,ramp,0.0,1.9,0.0,1.6801730616428903,795.2851243550181,False,settled
b,blue_ramp,ramp,0.0,1.9,0.0,1.292202728195765,893.6650778162252,False,settled
b,blue_ramp,ramp,0.0,1.9,0.0,1.2973207781048235,895.380832519096,False,settled
b,blue_ramp,ramp,0.0,1.9,0.0,1.3478956743070198,876.4145505154621,False,settled
b,blue_ramp,ramp,0.0,1.9,0.0,1.5486553844293527,829.4496670838754,False,settled
b,blue_ramp,ramp,0.0,1.9,0.0,1.5646882538957625,824.821165897861,False,settled
b,blue_ramp,ramp,0.0,1.9,0.0,0.7355040604874192,1086.2502917364425,False,settled
b,blue_ramp,ramp,0.0,1.9,0.0,1.2160965785571698,914.4351015664793,False,settled
b,blue_ramp,ramp,0.0,1.9,0.0,1.1338622040513502,945.3017299604331,False,settled
b,blue_ramp,ramp,0.0,1.9,0.0,0.7528322100148402,1081.3072529996034,False,settled
b,blue_ramp,ramp,0.0,1.9,0.0,0.8547692019986624,1036.1851314373657,False,settled
b,blue_ramp,ramp,0.0,1.9,0.0,0.9143539485471113,1024.7606219128734,False,settled
b,blue_ramp,ramp,0.0,1.9,0.0,1.234132727900975,912.2838483655037,False,settled
b,blue_ramp,ramp,0.0,1.9,0.0,1.3752026033514992,870.9423228437859,False,settled
b,blue_ramp,ramp,0.0,1.9,0.0,0.8992339044451767,1024.3443864057717,False,settled
b,blue_ramp,ramp,0.0,1.9,0.0,1.493438390320786,843.0771318832639,False,settled
b,blue_ramp,ramp,0.0,1.9,0.0,0.9562979800056091,1002.3487635161705,False,settled
b,blue_ramp,ramp,0.0,1.9,0.0,1.2455970467729578,909.343634455217,False,settled
b,blue_ramp,ramp,0.0,1.9,0.0,1.0699577864970855,966.5593031564623,False,settled
b,blue_ramp,ramp,0.0,1.9,0.0,1.6093839200506914,814.3360705261101,False,settled
b,blue_ramp,ramp,0.0,1.9,0.0,1.0537370730620896,966.296859892424,False,settled
b,blue_ramp,ramp,0.0,1.9,0.0,1.4871969390995154,844.4147013230432,False,settled
b,blue_ramp,ramp,0.0,1.9,0.0,1.3614140276422335,873.973574555162,False,settled
b,blue_ramp,ramp,0.0,1.9,0.0,0.9358813518249453,1006.4703740737058,False,settled
b,blue_ramp,ramp,0.0,1.9,0.0,1.5007914949757035,840.4148568873023,False,settled
b,blue_ramp,ramp,0.0,1.9,0.0,1.3543480120754878,875.4392289559169,False,settled
b,blue_ramp,ramp,0.0,1.9,0.0,1.407103618882675,862.7674256760636,False,settled
b,blue_ramp,ramp,0.0,1.9,0.0,1.6866767258211897,791.882516730097,False,settled
b,blue_ramp,ramp,0.0,1.9,0.0,1.6577676599955236,802.9512840931844,False,settled
b,blue_ramp,ramp,0.0,1.9,0.0,1.4601197726968538,845.6393162552108,False,settled
b,blue_ramp,ramp,0.0,1.9,0.0,1.4311217191297847,855.963863227276,False,settled
b,blue_ramp,ramp,0.0,1.9,0.0,0.9503317096986575,1007.1349400468561,False,settled
b,blue_ramp,ramp,0.0,1.9,0.0,0.7097455214945044,1103.9898446942707,False,settled
b,blue_ramp,ramp,0.0,1.9,0.0,1.2784564232536457,899.7988823641192,False,settled
b,blue_ramp,ramp,0.0,1.9,0.0,1.3529109858706034,876.879668107885,False,settled
b,blue_ramp,ramp,0.0,1.9,0.0,0.7754180165471478,1068.8373942374762,False,settled
b,blue_ramp,ramp,0.0,1.9,0.0,0.9832543196486957,992.1605914501567,False,settled
b,blue_ramp,ramp,0.0,1.9,0.0,1.1120460008242572,954.7756392730208,False,settled
b,blue_ramp,ramp,0.0,1.9,0.0,0.7022455830925829,1098.5653547553095,False,settled
b,blue_ramp,ramp,0.0,1.9,0.0,1.0056192054647937,984.3871614352649,False,settled
b,blue_ramp,ramp,0.0,1.9,0.0,0.7784495081837931,1066.6156396021552,False,settled
b,blue_ramp,ramp,0.0,1.9,0.0,1.3370169800306961,881.0380728019957,False,settled
b,blue_ramp,ramp,0.0,1.9,0.0,1.0204168657437453,982.9166624609605,False,settled
b,blue_ramp,ramp,0.0,1.9,0.0,1.042768361706844,974.8392518338829,False,settled
b,blue_ramp,ramp,0.0,1.9,0.0,1.2725555037292162,898.6275410039427,False,settled
b,blue_ramp,ramp,0.0,1.9,0.0,1.2463950703617632,908.6141198134599,False,settled
b,blue_ramp,ramp,0.0,1.9,0.0,1.3653911415828845,875.5155440239744,False,settled
b,blue_ramp,ramp,0.0,1.9,0.0,1.359678007720309,875.7297130507768,False,settled
b,blue_ramp,ramp,0.0,1.9,0.0,0.8033913910457994,1057.1930014322036,False,settled
b,blue_ramp,ramp,0.0,1.9,0.0,0.9338684434500576,1018.3166163105229,False,settled
b,blue_ramp,ramp,0.0,1.9,0.0,1.6388143412338945,807.5493875014656,False,settled
b,blue_ramp,ramp,0.0,1.9,0.0,1.2274746444887388,914.6139816290084,False,settled
b,blue_ramp,ramp,0.0,1.9,0.0,1.6587798978366461,802.6187712924161,False,settled
b,blue_ramp,ramp,0.0,1.9,0.0,1.316909373006392,887.6026458040436,False,settled
b,blue_ramp,ramp,0.0,1.9,0.0,1.594659637895814,818.1538980099734,False,settled
b,blue_ramp,ramp,0.0,1.9,0.0,0.6972173668423467,1105.6041762351836,False,settled
b,blue_ramp,ramp,0.0,1.9,0.0,1.1088914608864822,948.629796977908,False,settled
b,blue_ramp,ramp,0.0,1.9,0.0,0.7751629702824153,1069.034149967195,False,settled
b,blue_ramp,ramp,0.0,1.9,0.0,1.6181019349082832,812.1657488247512,False,settled
b,blue_ramp,ramp,0.0,1.9,0.0,1.6316617416423733,808.3409340270041,False,settled
b,blue_ramp,ramp,0.0,1.9,0.0,0.9592655197543642,999.9821052972811,False,settled
b,blue_ramp,ramp,0.0,1.9,0.0,1.2751229555135186,896.3163666892845,False,settled
b,blue_ramp,ramp,0.0,1.9,0.0,0.7026978026758041,1100.9346252053404,False,settled
b,blue_ramp,ramp,0.0,1.9,0.0,0.9316966932792448,1018.7246611199698,False,settled
b,blue_ramp,ramp,0.0,1.9,0.0,0.7001510782798669,1100.3349160775472,False,settled
b,blue_ramp,ramp,0.0,1.9,0.0,1.6126924785654497,812.5985706187787,False,settled
b,blue_ramp,ramp,0.0,1.9,0.0,1.0328647432916247,973.1566272014715,False,settled
b,blue_ramp,ramp,0.0,1.9,0.0,1.3589472829026734,876.472775846489,False,settled
b,blue_ramp,ramp,0.0,1.9,0.0,1.6233002323304853,810.3302357307225,False,settled
b,blue_ramp,ramp,0.0,1.9,0.0,1.2779789668426556,900.2446748282431,False,settled
b,blue_ramp,ramp,0.0,1.9,0.0,1.5796555020072327,821.1026414378176,False,settled
b,blue_ramp,ramp,0.0,1.9,0.0,0.7932066382308416,1072.36453765445,False,settled
b,blue_ramp,ramp,0.0,1.9,0.0,1.6425626269511897,806.8702212514087,False,settled
b,blue_ramp,ramp,0.0,1.9,0.0,1.0011583265029744,985.2405780636784,False,settled
b,blue_ramp,ramp,0.0,1.9,0.0,1.257152400648527,905.8414538016017,False,settled
b,blue_ramp,ramp,0.0,1.9,0.0,0.7593600615125345,1077.5201492401231,False,settled
b,blue_ramp,ramp,0.0,1.9,0.0,1.1212782279723827,947.2566976837871,False,settled
b,blue_ramp,ramp,0.0,1.9,0.0,1.243884836195715,910.9088077684797,False,settled
b,blue_ramp,ramp,0.0,1.9,0.0,0.9555519295371322,1002.9437621435317,False,settled
b,blue_ramp,ramp,0.0,1.9,0.0,0.8774200688078257,1028.995992948108,False,settled
b,blue_ramp,ramp,0.0,1.9,0.0,1.0622887457231165,968.9354108289048,False,settled
b,blue_ramp,ramp,0.0,1.9,0.0,1.580725001393507,820.133793080125,False,settled
b,blue_ramp,ramp,0.0,1.9,0.0,1.6920005379207579,790.1789957843653,False,settled
b,blue_ramp,ramp,0.0,1.9,0.0,1.68761896177037,792.609910526986,False,settled
b,blue_ramp,ramp,0.0,1.9,0.0,0.8787481871943336,1027.961694309313,False,settled
b,blue_ramp,ramp,0.0,1.9,0.0,1.5760815127870411,822.4366647198187,False,settled
b,blue_ramp,ramp,0.0,1.9,0.0,1.1089636068794473,948.5698177712153,False,settled
b,blue_ramp,ramp,0.0,1.9,0.0,0.7669770257175798,1074.9146049601834,False,settled
b,blue_ramp,ramp,0.0,1.9,0.0,0.7942732258708924,1072.2237758939793,False,settled
b,blue_ramp,ramp,0.0,1.9,0.0,1.3940247445629672,862.5903251035571,False,settled
b,blue_ramp,ramp,0.0,1.9,0.0,0.9916630962650324,987.3299718342125,False,settled
b,blue_ramp,ramp,0.0,1.9,0.0,1.422830595848744,855.8993354885757,False,settled
b,blue_ramp,ramp,0.0,1.9,0.0,1.4166048389289547,857.9247878143126,False,settled
b,blue_ramp,ramp,0.0,1.9,0.0,1.5649317036479418,824.3437598682859,False,settled
b,blue_ramp,ramp,0.0,1.9,0.0,1.550566239276647,829.9030608990354,False,settled
b,blue_ramp,ramp,0.0,1.9,0.0,1.6902916635670522,790.8658230748191,False,settled
b,blue_ramp,ramp,0.0,1.9,0.0,1.0979578005445687,957.5302563936243,False,settled
b,blue_ramp,ramp,0.0,1.9,0.0,0.9434196074626919,1012.7073026214116,False,settled
b,blue_ramp,ramp,0.0,1.9,0.0,0.9337569253531283,1018.3375692510737,False,settled
b,blue_ramp,ramp,0.0,1.9,0.0,1.038081626838714,978.7083209476716,False,settled
b,blue_ramp,ramp,0.0,1.9,0.0,0.7467076494891054,1084.4739774794996,False,settled
b,blue_ramp,ramp,0.0,1.9,0.0,1.2956208549869672,890.5380599083983,False,settled
b,blue_ramp,ramp,0.0,1.9,0.0,1.458962529912564,846.9862175453158,False,settled
b,blue_ramp,ramp,0.0,1.9,0.0,1.0149704041779284,987.3891411625374,False,settled
b,blue_ramp,ramp,0.0,1.9,0.0,1.2521355170447361,903.4343561574067,False,settled
b,blue_ramp,ramp,0.0,1.9,0.0,1.3291115019807993,882.8209587316414,False,settled
b,blue_ramp,ramp,0.0,1.9,0.0,1.1278843881594973,941.8304687184864,False,settled
b,blue_ramp,ramp,0.0,1.9,0.0,1.3946371421365529,866.8158957546266,False,settled
b,blue_ramp,ramp,0.0,1.9,0.0,0.8079046078654148,1056.739642564273,False,settled
b,yellow_ramp,ramp,0.0,1.9,0.0,0.6339209465179992,954.6152929007114,False,settled
b,yellow_ramp,ramp,0.0,1.9,0.0,0.2691506301822305,1087.5490183676902,False,settled
b,yellow_ramp,ramp,0.0,1.9,0.0,0.9966359651295637,845.2270847908275,False,settled
b,yellow_ramp,ramp,0.0,1.9,0.0,0.2420402739529163,1103.820113053996,False,settled
b,yellow_ramp,ramp,0.0,1.9,0.0,0.6633373565154147,947.844666781108,False,settled
b,yellow_ramp,ramp,0.0,1.9,0.0,0.9942054153336132,848.1138686931647,False,settled
b,yellow_ramp,ramp,0.0,1.9,0.0,0.32198628402772506,1072.8550271063004,False,settled
b,yellow_ramp,ramp,0.0,1.9,0.0,0.8665271920216405,883.9907606660594,False,settled
b,yellow_ramp,ramp,0.0,1.9,0.0,0.8605152255810372,883.8909364322997,False,settled
b,yellow_ramp,ramp,0.0,1.9,0.0,0.5478606156202224,987.0673446170626,False,settled
b,yellow_ramp,ramp,0.0,1.9,0.0,1.2175632007292285,792.7166050722011,False,settled
b,yellow_ramp,ramp,0.0,1.9,0.0,0.7006479336720963,932.4247702391831,False,settled
b,yellow_ramp,ramp,0.0,1.9,0.0,0.3276877821394225,1072.1032800892335,False,settled
b,yellow_ramp,ramp,0.0,1.9,0.0,0.7741784727938079,912.9261670463965,False,settled
b,yellow_ramp,ramp,0.0,1.9,0.0,0.29758357942474783,1076.0728138572742,False,settled
b,yellow_ramp,ramp,0.0,1.9,0.0,0.22641639313671064,1111.176448961937,False,settled
b,yellow_ramp,ramp,0.0,1.9,0.0,0.24697837869206601,1103.9723399423258,False,settled
b,yellow_ramp,ramp,0.0,1.9,0.0,0.7729815167327081,906.8308212447472,False,settled
b,yellow_ramp,ramp,0.0,1.9,0.0,0.41656794404160485,1036.4429044631709,False,settled
b,yellow_ramp,ramp,0.0,1.9,0.0,0.33593420802155366,1057.187953647438,False,settled
b,yellow_ramp,ramp,0.0,1.9,0.0,0.43098433307170386,1024.936800220466,False,settled
b,yellow_ramp,ramp,0.0,1.9,0.0,0.3513569021536634,1062.1439571938165,False,settled
b,yellow_ramp,ramp,0.0,1.9,0.0,0.2537366938863001,1103.1140650040625,False,settled
b,yellow_ramp,ramp,0.0,1.9,0.0,0.8747402714173506,881.7593965337844,False,settled
b,yellow_ramp,ramp,0.0,1.9,0.0,0.9020801005745349,871.4888009172661,False,settled
b,yellow_ramp,ramp,0.0,1.9,0.0,0.3837259601650696,1050.107115717689,False,settled
b,yellow_ramp,ramp,0.0,1.9,0.0,0.6239508386120327,953.9484485160302,False,settled
b,yellow_ramp,ramp,0.0,1.9,0.0,0.25826320377222434,1094.1410404400438,False,settled
b,yellow_ramp,ramp,0.0,1.9,0.0,0.6791241183827021,938.096447261868,False,settled
b,yellow_ramp,ramp,0.0,1.9,0.0,0.4150326396727812,1037.4262821570069,False,settled
b,yellow_ramp,ramp,0.0,1.9,0.0,0.8095847174559963,901.0794482484947,False,settled
b,yellow_ramp,ramp,0.0,1.9,0.0,0.4341342823930097,1022.4470012449675,False,settled
b,yellow_ramp,ramp,0.0,1.9,0.0,1.0589230837024883,834.3958153755779,False,settled
b,yellow_ramp,ramp,0.0,1.9,0.0,0.7155016083126533,927.6413999046285,False,settled
b,yellow_ramp,ramp,0.0,1.9,0.0,1.1266334800716582,817.1709925578313,False,settled
b,yellow_ramp,ramp,0.0,1.9,0.0,1.0230093177503659,842.7622887790516,False,settled
b,yellow_ramp,ramp,0.0,1.9,0.0,0.49103453534562497,1000.5649847952401,False,settled
b,yellow_ramp,ramp,0.0,1.9,0.0,0.4122296711473884,1027.2009682159132,False,settled
b,yellow_ramp,ramp,0.0,1.9,0.0,0.6561379023017434,945.264264389923,False,settled
b,yellow_ramp,ramp,0.0,1.9,0.0,1.048313796159849,837.0384860701413,False,settled
b,yellow_ramp,ramp,0.0,1.9,0.0,0.9239222194266156,865.2345760526055,False,settled
b,yellow_ramp,ramp,0.0,1.9,0.0,0.9840640952727832,850.9757804833777,False,settled
b,yellow_ramp,ramp,0.0,1.9,0.0,0.5261361792677545,986.819263223106,False,settled
b,yellow_ramp,ramp,0.0,1.9,0.0,1.0191655830514084,843.5456405074095,False,settled
b,yellow_ramp,ramp,0.0,1.9,0.0,0.6788344127524066,938.1814656945386,False,settled
b,yellow_ramp,ramp,0.0,1.9,0.0,1.0624074878559242,832.942279917148,False,settled
b,yellow_ramp,ramp,0.0,1.9,0.0,0.38624817143268664,1049.218524419394,False,settled
b,yellow_ramp,ramp,0.0,1.9,0.0,1.0701057747430365,832.3767377485128,False,settled
b,yellow_ramp,ramp,0.0,1.9,0.0,0.5758284039666347,974.377667035405,False,settled
b,yellow_ramp,ramp,0.0,1.9,0.0,0.5344713127928231,985.1484202171393,False,settled
b,yellow_ramp,ramp,0.0,1.9,0.0,0.3763844905993971,1042.8012746671816,False,settled
b,yellow_ramp,ramp,0.0,1.9,0.0,0.35943702816497297,1056.0147285742592,False,settled
b,yellow_ramp,ramp,0.0,1.9,0.0,0.7314327869275449,921.6125546135697,False,settled
b,yellow_ramp,ramp,0.0,1.9,0.0,0.5454661093376669,989.0422402983543,False,settled
b,yellow_ramp,ramp,0.0,1.9,0.0,1.033421588756738,840.3169376403936,False,settled
b,yellow_ramp,ramp,0.0,1.9,0.0,0.5899314822232402,972.9156953229966,False,settled
b,yellow_ramp,ramp,0.0,1.9,0.0,0.5044628275503359,1001.0821623112784,False,settled
b,yellow_ramp,ramp,0.0,1.9,0.0,0.743267138254676,919.0638611494337,False,settled
b,yellow_ramp,ramp,0.0,1.9,0.0,1.1470815598981015,813.160437862739,False,settled
b,yellow_ramp,ramp,0.0,1.9,0.0,0.5243491764725571,987.2905033172835,False,settled
b,yellow_ramp,ramp,0.0,1.9,0.0,0.5752047581209698,974.8917561360653,False,settled
b,yellow_ramp,ramp,0.0,1.9,0.0,0.4919158663423318,999.8620287710149,False,settled
b,yellow_ramp,ramp,0.0,1.9,0.0,0.3919262956014904,1035.4575571340222,False,settled
b,yellow_ramp,ramp,0.0,1.9,0.0,0.7410628262154322,920.9777932301996,False,settled
b,yellow_ramp,ramp,0.0,1.9,0.0,1.0322352330242786,841.1998237836409,False,settled
b,yellow_ramp,ramp,0.0,1.9,0.0,0.4432240860447734,1015.542787607217,False,settled
b,yellow_ramp,ramp,0.0,1.9,0.0,0.5981050492837524,967.6730111080706,False,settled
b,yellow_ramp,ramp,0.0,1.9,0.0,1.1784444432383272,804.823500011294,False,settled
b,yellow_ramp,ramp,0.0,1.9,0.0,0.26047412106244633,1097.3223676722926,False,settled
b,yellow_ramp,ramp,0.0,1.9,0.0,0.7571612189396199,915.5989550802298,False,settled
b,yellow_ramp,ramp,0.0,1.9,0.0,0.6486126832437807,951.3164134923848,False,settled
b,yellow_ramp,ramp,0.0,1.9,0.0,0.9725189304129138,850.8670576085657,False,settled
b,yellow_ramp,ramp,0.0,1.9,0.0,1.1960341918180077,801.588873734415,False,settled
b,yellow_ramp,ramp,0.0,1.9,0.0,0.5454849484085154,989.0267030810403,False,settled
b,yellow_ramp,ramp,0.0,1.9,0.0,0.24830945744087363,1092.3699620568887,False,settled
b,yellow_ramp,ramp,0.0,1.9,0.0,0.945673455928961,861.3385968845791,False,settled
b,yellow_ramp,ramp,0.0,1.9,0.0,0.44656214527794985,1024.9920092025407,False,settled
b,yellow_ramp,ramp,0.0,1.9,0.0,0.3979510941964392,1034.5471048342602,False,settled
b,yellow_ramp,ramp,0.0,1.9,0.0,0.8838553978312916,878.4391349324412,False,settled
b,yellow_ramp,ramp,0.0,1.9,0.0,0.9174908603835441,866.7252050894455,False,settled
b,yellow_ramp,ramp,0.0,1.9,0.0,0.9195724270043756,864.6333968970898,False,settled
b,yellow_ramp,ramp,0.0,1.9,0.0,0.5023841253606841,1002.769708082609,False,settled
b,yellow_ramp,ramp,0.0,1.9,0.0,0.5555857497067815,980.7335086714311,False,settled
b,yellow_ramp,ramp,0.0,1.9,0.0,1.0950658852388067,824.9935333828778,False,settled
b,yellow_ramp,ramp,0.0,1.9,0.0,1.186225437009479,803.0532380543696,False,settled
b,yellow_ramp,ramp,0.0,1.9,0.0,1.0722396626002002,831.5394132325248,False,settled
b,yellow_ramp,ramp,0.0,1.9,0.0,1.1475641924742475,812.8516333337574,False,settled
b,yellow_ramp,ramp,0.0,1.9,0.0,0.9055959336093979,873.1066556233208,False,settled
b,yellow_ramp,ramp,0.0,1.9,0.0,0.2540949234033736,1102.840684780247,False,settled
b,yellow_ramp,ramp,0.0,1.9,0.0,1.1604967598766458,809.2816056934537,False,settled
b,yellow_ramp,ramp,0.0,1.9,0.0,0.4385206817841404,1019.1322075641959,False,settled
b,yellow_ramp,ramp,0.0,1.9,0.0,0.9987310120426677,847.0476512388992,False,settled
b,yellow_ramp,ramp,0.0,1.9,0.0,0.3143879132518436,1078.0718707678543,False,settled
b,yellow_ramp,ramp,0.0,1.9,0.0,0.3259385140952681,1072.333897219905,False,settled
b,yellow_ramp,ramp,0.0,1.9,0.0,0.9355743257037201,860.225658284786,False,settled
b,yellow_ramp,ramp,0.0,1.9,0.0,1.1521000054168475,811.0826056296954,False,settled
b,yellow_ramp,ramp,0.0,1.9,0.0,0.6674490357253293,944.3882372859639,False,settled
b,yellow_ramp,ramp,0.0,1.9,0.0,0.9572760172513204,858.2989934503213,False,settled
b,yellow_ramp,ramp,0.0,1.9,0.0,0.5022523028398804,1002.8767241151796,False,settled
b,yellow_ramp,ramp,0.0,1.9,0.0,1.2188789757466132,793.5184339812292,False,settled
b,yellow_ramp,ramp,0.0,1.9,0.0,0.45861208718364405,1019.7741558399347,False,settled
b,yellow_ramp,ramp,0.0,1.9,0.0,0.2762592549991028,1089.5496303673754,False,settled
b,yellow_ramp,ramp,0.0,1.9,0.0,1.0895300549019207,826.3034934646813,False,settled
b,yellow_ramp,ramp,0.0,1.9,0.0,1.113246981591353,820.1113132031037,False,settled
b,yellow_ramp,ramp,0.0,1.9,0.0,1.0675266513934798,832.6362325936799,False,settled
b,yellow_ramp,ramp,0.0,1.9,0.0,0.41712140625152194,1035.9987206904298,False,settled
b,yellow_ramp,ramp,0.0,1.9,0.0,0.25369412100132016,1103.0329882255635,False,settled
b,yellow_ramp,ramp,0.0,1.9,0.0,0.619003866036473,958.0406459243211,False,settled
b,yellow_ramp,ramp,0.0,1.9,0.0,0.6322345173132464,956.0297935972171,False,settled
b,yellow_ramp,ramp,0.0,1.9,0.0,0.28749901578225195,1077.4516165807295,False,settled
b,yellow_ramp,ramp,0.0,1.9,0.0,0.9480493737414537,858.9906726124802,False,settled
b,yellow_ramp,ramp,0.0,1.9,0.0,0.8726009229818305,878.2933729963404,False,settled
b,yellow_ramp,ramp,0.0,1.9,0.0,1.1004335208873908,824.7594924548538,False,settled
b,yellow_ramp,ramp,0.0,1.9,0.0,0.26644236080790856,1098.1593263014115,False,settled
b,yellow_ramp,ramp,0.0,1.9,0.0,0.4371927392821517,1020.062727343495,False,settled
b,yellow_ramp,ramp,0.0,1.9,0.0,0.8058143304919086,897.8596477111573,False,settled
b,yellow_ramp,ramp,0.0,1.9,0.0,0.4630618145273674,1018.9378894136571,False,settled
b,yellow_ramp,ramp,0.0,1.9,0.0,0.9118530725987969,867.0548909003147,False,settled
b,yellow_ramp,ramp,0.0,1.9,0.0,0.3561665435367038,1058.5914355569284,False,settled
b,yellow_ramp,ramp,0.0,1.9,0.0,0.9573745056139248,858.1892580771604,False,settled
b,yellow_ramp,ramp,0.0,1.9,0.0,1.1661539937451193,808.2651667412192,False,settled
b,yellow_ramp,ramp,0.0,1.9,0.0,0.48359799468817305,1006.518754820937,False,settled
b,yellow_ramp,ramp,0.0,1.9,0.0,0.7949812396107055,900.9783060707314,False,settled
b,yellow_ramp,ramp,0.0,1.9,0.0,0.5363361299021263,984.7591513758161,False,settled
b,yellow_ramp,ramp,0.0,1.9,0.0,0.6194641453448004,957.6578160219249,False,settled
b,yellow_ramp,ramp,0.0,1.9,0.0,0.8912652050719398,876.6579251653119,False,settled
b,yellow_ramp,ramp,0.0,1.9,0.0,0.39997197446261284,1034.253279696725,False,settled
b,yellow_ramp,ramp,0.0,1.9,0.0,1.204359928783573,798.9576549628308,False,settled
b,yellow_ramp,ramp,0.0,1.9,0.0,0.5745202225299204,975.4568338106204,False,settled
b,yellow_ramp,ramp,0.0,1.9,0.0,0.8152748140468071,895.7683635248696,False,settled
b,yellow_ramp,ramp,0.0,1.9,0.0,0.3190839056083257,1074.6457696126877,False,settled
b,yellow_ramp,ramp,0.0,1.9,0.0,0.36257349933909494,1053.569699265818,False,settled
b,yellow_ramp,ramp,0.0,1.9,0.0,1.1069032051163759,821.952442124197,False,settled
b,yellow_ramp,ramp,0.0,1.9,0.0,0.6157762877127502,960.4702118876555,False,settled
b,yellow_ramp,ramp,0.0,1.9,0.0,1.0905236918915138,825.6264131766762,False,settled
b,yellow_ramp,ramp,0.0,1.9,0.0,0.6457112318730212,953.783202987795,False,settled
b,yellow_ramp,ramp,0.0,1.9,0.0,0.7936613324786388,902.164922654129,False,settled
b,yellow_ramp,ramp,0.0,1.9,0.0,0.9293525697480595,864.4779274248809,False,settled
b,yellow_ramp,ramp,0.0,1.9,0.0,1.1223524056003997,818.4561509628559,False,settled
b,yellow_ramp,ramp,0.0,1.9,0.0,0.660728974456553,941.6523360902273,False,settled
b,yellow_ramp,ramp,0.0,1.9,0.0,0.6403058116584059,949.6109286593817,False,settled
b,yellow_ramp,ramp,0.0,1.9,0.0,0.8268973462847725,891.6587302336847,False,settled
b,yellow_ramp,ramp,0.0,1.9,0.0,0.685007101936535,936.373179960505,False,settled
b,yellow_ramp,ramp,0.0,1.9,0.0,0.7095398509296895,932.6078180896993,False,settled
b,yellow_ramp,ramp,0.0,1.9,0.0,0.6290398815070629,958.727689316535,False,settled
b,yellow_ramp,ramp,0.0,1.9,0.0,0.8961334966006106,872.0080161988462,False,settled
b,yellow_ramp,ramp,0.0,1.9,0.0,0.3811055971676259,1039.1699134108403,False,settled
b,yellow_ramp,ramp,0.0,1.9,0.0,1.2041611818236235,799.4888628239396,False,settled
b,yellow_ramp,ramp,0.0,1.9,0.0,0.7212364335236247,922.679978793834,False,settled
b,yellow_ramp,ramp,0.0,1.9,0.0,1.1390840526865047,814.7146742684579,False,settled
b,yellow_ramp,ramp,0.0,1.9,0.0,0.8171620759517618,894.0406455563966,False,settled
b,yellow_ramp,ramp,0.0,1.9,0.0,1.0185147428845134,844.3821012826721,False,settled
b,yellow_ramp,ramp,0.0,1.9,0.0,0.3863395566252565,1049.203349126845,False,settled
b,yellow_ramp,ramp,0.0,1.9,0.0,0.5703003841477591,978.9404966798035,False,settled
b,yellow_ramp,ramp,0.0,1.9,0.0,0.49824014147708723,1006.1347214696425,False,settled
b,yellow_ramp,ramp,0.0,1.9,0.0,0.8289048507119419,896.2452748364794,False,settled
b,yellow_ramp,ramp,0.0,1.9,0.0,1.1035636988197273,823.7743796294175,False,settled
b,yellow_ramp,ramp,0.0,1.9,0.0,0.8654531712905312,885.0543623556985,False,settled
b,yellow_ramp,ramp,0.0,1.9,0.0,0.9658687045284086,853.6933864185911,False,settled
b,yellow_ramp,ramp,0.0,1.9,0.0,1.082735208608581,828.1592450317139,False,settled
b,yellow_ramp,ramp,0.0,1.9,0.0,1.088909846371678,827.3223368451474,False,settled
b,yellow_ramp,ramp,0.0,1.9,0.0,0.3259635921284856,1072.330583386639,False,settled
b,yellow_ramp,ramp,0.0,1.9,0.0,1.1823716382620308,804.8725225384333,False,settled
b,yellow_ramp,ramp,0.0,1.9,0.0,0.7807447865994405,906.9329728097113,False,settled
b,yellow_ramp,ramp,0.0,1.9,0.0,0.38200476474560496,1038.5753701729022,False,settled
b,yellow_ramp,ramp,0.0,1.9,0.0,1.1271824211596115,818.1085013413274,False,settled
b,yellow_ramp,ramp,0.0,1.9,0.0,0.681199106834598,937.4875109915868,False,settled
b,yellow_ramp,ramp,0.0,1.9,0.0,0.8620892302211571,882.3548061986663,False,settled
b,yellow_ramp,ramp,0.0,1.9,0.0,0.6032460219764635,966.3576600872899,False,settled
b,yellow_ramp,ramp,0.0,1.9,0.0,0.5925816283966685,970.7395674535218,False,settled
b,yellow_ramp,ramp,0.0,1.9,0.0,0.5082306751179593,998.0979030314736,False,settled
b,yellow_ramp,ramp,0.0,1.9,0.0,0.7739487580491116,913.1362261997349,False,settled
b,yellow_ramp,ramp,0.0,1.9,0.0,0.4207493415918028,1033.0881129977427,False,settled
b,yellow_ramp,ramp,0.0,1.9,0.0,0.987433848006521,847.3852343557187,False,settled
b,yellow_ramp,ramp,0.0,1.9,0.0,0.7146120074817031,928.4153175545819,False,settled
b,yellow_ramp,ramp,0.0,1.9,0.0,0.7311161295032595,921.8901146025921,False,settled
b,yellow_ramp,ramp,0.0,1.9,0.0,0.668611899899499,943.6641955307496,False,settled
b,yellow_ramp,ramp,0.0,1.9,0.0,0.8243764657164292,893.9648320465141,False,settled
b,yellow_ramp,ramp,0.0,1.9,0.0,0.45357489669185047,1020.7202907140462,False,settled
b,yellow_ramp,ramp,0.0,1.9,0.0,1.008465836850181,843.9148346035445,False,settled
b,yellow_ramp,ramp,0.0,1.9,0.0,1.0686328792005049,831.0231698593954,False,settled
b,yellow_ramp,ramp,0.0,1.9,0.0,0.28120292854862916,1087.7709566726862,False,settled
b,yellow_ramp,ramp,0.0,1.9,0.0,0.5824971375113973,969.356358613596,False,settled
b,yellow_ramp,ramp,0.0,1.9,0.0,0.37395360423550433,1044.6876133177032,False,settled
b,yellow_ramp,ramp,0.0,1.9,0.0,1.033259817552691,840.4386980664021,False,settled
b,yellow_ramp,ramp,0.0,1.9,0.0,0.4646516933785487,1018.6391725360481,False,settled
b,yellow_ramp,ramp,0.0,1.9,0.0,0.6327397773477849,955.604644258447,False,settled
b,yellow_ramp,ramp,0.0,1.9,0.0,1.1546540717395792,810.4400670008096,False,settled
b,yellow_ramp,ramp,0.0,1.9,0.0,0.5221828088107167,987.7562045888886,False,settled
b,yellow_ramp,ramp,0.0,1.9,0.0,0.5859317650638436,966.5401026558621,False,settled
b,yellow_ramp,ramp,0.0,1.9,0.0,0.7199756488506348,923.7668035894599,False,settled
b,yellow_ramp,ramp,0.0,1.9,0.0,1.0720744592897435,831.7931145707538,False,settled
b,yellow_ramp,ramp,0.0,1.9,0.0,1.181803455659311,804.7638382010209,False,settled
b,yellow_ramp,ramp,0.0,1.9,0.0,0.31777243693883167,1075.4043649449493,False,settled
b,yellow_ramp,ramp,0.0,1.9,0.0,0.25788745992850365,1093.552721520062,False,settled
b,yellow_ramp,ramp,0.0,1.9,0.0,0.6352797877671118,953.7334934688419,False,settled
b,yellow_ramp,ramp,0.0,1.9,0.0,0.4165662784703684,1036.4442405921873,False,settled
b,yellow_ramp,ramp,0.0,1.9,0.0,0.30769013183712735,1069.0131966540396,False,settled
b,yellow_ramp,ramp,0.0,1.9,0.0,0.24848788053535475,1092.9450970047565,False,settled
b,yellow_ramp,ramp,0.0,1.9,0.0,0.4109425265272172,1028.2003671597663,False,settled
b,yellow_ramp,ramp,0.0,1.9,0.0,0.7544167711628992,916.7903022500219,False,settled
b,yellow_ramp,ramp,0.0,1.9,0.0,1.1789646922810317,805.6998361728015,False,settled
b,yellow_ramp,ramp,0.0,1.9,0.0,0.3383396768275747,1056.9778434552557,False,settled
b,yellow_ramp,ramp,0.0,1.9,0.0,0.450435672176259,1021.9208860025794,False,settled
b,yellow_ramp,ramp,0.0,1.9,0.0,0.9534680125173203,857.9345578054014,False,settled
b,yellow_ramp,ramp,0.0,1.9,0.0,1.15114572204544,812.8433214938464,False,settled
b,yellow_ramp,ramp,0.0,1.9,0.0,0.7507183786561945,920.0868776815072,False,settled
b,yellow_ramp,ramp,0.0,1.9,0.0,0.3916460822019867,1035.4990644197635,False,settled
b,yellow_ramp,ramp,0.0,1.9,0.0,1.0107123678543086,845.7779869324748,False,settled
b,yellow_ramp,ramp,0.0,1.9,0.0,0.3346782521803001,1057.336060769448,False,settled
b,yellow_ramp,ramp,0.0,1.9,0.0,0.7806559957658125,907.0134621243521,False,settled
b,yellow_ramp,ramp,0.0,1.9,0.0,0.51672794008558,991.3949801846164,False,settled
b,yellow_ramp,ramp,0.0,1.9,0.0,0.599916621932598,967.2093725844538,False,settled
b,yellow_ramp,ramp,0.0,1.9,0.0,1.1861290148444141,803.3111345204661,False,settled
b,yellow_ramp,ramp,0.0,1.9,0.0,0.8179908320767444,893.3747073338815,False,settled
b,yellow_ramp,ramp,0.0,1.9,0.0,1.0181592680198852,844.8406814235686,False,settled
b,yellow_ramp,ramp,0.0,1.9,0.0,0.6158206996010072,960.4330287309292,False,settled
b,yellow_ramp,ramp,0.0,1.9,0.0,0.5766022654756782,973.744011820232,False,settled
b,yellow_ramp,ramp,0.0,1.9,0.0,0.4394551951715451,1018.4077242907192,False,settled
b,yellow_ramp,ramp,0.0,1.9,0.0,1.1803006747085012,804.5871735948895,False,settled
b,yellow_ramp,ramp,0.0,1.9,0.0,0.6016572087395256,966.7641034879057,False,settled
b,yellow_ramp,ramp,0.0,1.9,0.0,0.8902723778375545,877.6674805422646,False,settled
b,yellow_ramp,ramp,0.0,1.9,0.0,0.5548532551380497,981.3326071937853,False,settled
b,yellow_ramp,ramp,0.0,1.9,0.0,0.7741217860391342,912.9780061227904,False,settled
b,yellow_ramp,ramp,0.0,1.9,0.0,0.6165520411330375,959.8207253831188,False,settled
b,yellow_ramp,ramp,0.0,1.9,0.0,0.6074665852346071,965.2837575989041,False,settled
b,yellow_ramp,ramp,0.0,1.9,0.0,0.621444302210549,956.1035945808628,False,settled
b,yellow_ramp,ramp,0.0,1.9,0.0,0.8417802387784302,890.827614049399,False,settled
b,yellow_ramp,ramp,0.0,1.9,0.0,0.499828809833658,1004.8444755317075,False,settled
b,yellow_ramp,ramp,0.0,1.9,0.0,0.23573864846970569,1105.3642812906721,False,settled
b,yellow_ramp,ramp,0.0,1.9,0.0,0.7428893176824726,919.3926254038363,False,settled
b,yellow_ramp,ramp,0.0,1.9,0.0,0.6562299302668373,945.1869275946818,False,settled
b,yellow_ramp,ramp,0.0,1.9,0.0,0.5534365501650724,982.4915860296339,False,settled
b,yellow_ramp,ramp,0.0,1.9,0.0,0.47856537650751924,1010.5652843442709,False,settled
b,yellow_ramp,ramp,0.0,1.9,0.0,0.990240096616917,848.427480757424,False,settled
b,yellow_ramp,ramp,0.0,1.9,0.0,0.9527879777722962,858.6837868627081,False,settled
b,yellow_ramp,ramp,0.0,1.9,0.0,1.0020631984412238,848.0504761323705,False,settled
b,yellow_ramp,ramp,0.0,1.9,0.0,0.8787534215929367,877.7608081561777,False,settled
b,yellow_ramp,ramp,0.0,1.9,0.0,0.4864403228898312,1004.2339175921904,False,settled
b,yellow_ramp,ramp,0.0,1.9,0.0,0.7150595750403415,928.0259588247243,False,settled
b,yellow_ramp,ramp,0.0,1.9,0.0,0.4340582200608658,1022.507114387253,False,settled
b,yellow_ramp,ramp,0.0,1.9,0.0,0.4969259039073126,996.2119969440957,False,settled
b,yellow_ramp,ramp,0.0,1.9,0.0,0.6779474339506998,938.4417628524399,False,settled
b,yellow_ramp,ramp,0.0,1.9,0.0,0.7649484351730568,912.873228225797,False,settled
b,yellow_ramp,ramp,0.0,1.9,0.0,0.32335456724375816,1072.674592858122,False,settled
b,yellow_ramp,ramp,0.0,1.9,0.0,0.8288633505065204,896.2844415975028,False,settled
b,yellow_ramp,ramp,0.0,1.9,0.0,1.2078659663394256,797.0017012990342,False,settled
b,yellow_ramp,ramp,0.0,1.9,0.0,1.0489583636985667,836.2418755365129,False,settled
b,yellow_ramp,ramp,0.0,1.9,0.0,0.9915588875360993,846.8726050826784,False,settled
b,yellow_ramp,ramp,0.0,1.9,0.0,1.092998877707649,824.8973866787987,False,settled
b,yellow_ramp,ramp,0.0,1.9,0.0,0.7554795779218624,916.1877497719047,False,settled
b,yellow_ramp,ramp,0.0,1.9,0.0,1.2101008371095952,797.3035263711226,False,settled
b,yellow_ramp,ramp,0.0,1.9,0.0,1.018113424181912,844.8997918694954,False,settled
b,yellow_ramp,ramp,0.0,1.9,0.0,0.5387155896339454,984.2627416417578,False,settled
b,yellow_ramp,ramp,0.0,1.9,0.0,0.8121409253201833,898.6933123264064,False,settled
b,yellow_ramp,ramp,0.0,1.9,0.0,0.28113534081368224,1087.7328902629688,False,settled
b,yellow_ramp,ramp,0.0,1.9,0.0,0.25652637372331594,1090.7660197364983,False,settled
b,yellow_ramp,ramp,0.0,1.9,0.0,1.201326412453947,799.8772918757332,False,settled
b,yellow_ramp,ramp,0.0,1.9,0.0,1.1660249394804143,808.6129066345504,False,settled
b,yellow_ramp,ramp,0.0,1.9,0.0,0.9032807331906079,870.2786640405403,False,settled
b,yellow_ramp,ramp,0.0,1.9,0.0,0.28654595240416914,1077.8681803705902,False,settled
b,yellow_ramp,ramp,0.0,1.9,0.0,0.4591534820880134,1019.6724177681641,False,settled
b,yellow_ramp,ramp,0.0,1.9,0.0,1.2025300469872149,799.5746853210662,False,settled
b,yellow_ramp,ramp,0.0,1.9,0.0,0.9655097296957653,854.0962408051876,False,settled
b,yellow_ramp,ramp,0.0,1.9,0.0,0.22404691036389776,1113.8441577586307,False,settled
b,yellow_ramp,ramp,0.0,1.9,0.0,0.32774897719374857,1072.095216603062,False,settled
b,yellow_ramp,ramp,0.0,1.9,0.0,0.35025182001681526,1063.0236380513652,False,settled
b,yellow_ramp,ramp,0.0,1.9,0.0,0.4765066077841395,1012.2316003399566,False,settled
b,yellow_ramp,ramp,0.0,1.9,0.0,1.008134499491517,844.311880707356,False,settled
b,yellow_ramp,ramp,0.0,1.9,0.0,0.449221759175841,1022.8832310930238,False,settled
b,yellow_ramp,ramp,0.0,1.9,0.0,0.6091505145717669,964.8590518315531,False,settled
b,yellow_ramp,ramp,0.0,1.9,0.0,0.5847846884507626,967.449134822811,False,settled
b,yellow_ramp,ramp,0.0,1.9,0.0,1.2084160569673135,798.6367978135851,False,settled
b,yellow_ramp,ramp,0.0,1.9,0.0,0.872960330213358,878.0325311036192,False,settled
b,yellow_ramp,ramp,0.0,1.9,0.0,0.6925036519978023,931.2910212392069,False,settled
b,yellow_ramp,ramp,0.0,1.9,0.0,0.7214571389874879,922.4882558119309,False,settled
b,yellow_ramp,ramp,0.0,1.9,0.0,1.1753300391057748,806.0902193190492,False,settled
b,yellow_ramp,ramp,0.0,1.9,0.0,0.4026108706423527,1033.8697844966248,False,settled
b,yellow_ramp,ramp,0.0,1.9,0.0,0.4182625786098192,1035.083270915831,False,settled
b,yellow_ramp,ramp,0.0,1.9,0.0,0.8054532358549977,898.2618728110565,False,settled
b,yellow_ramp,ramp,0.0,1.9,0.0,0.7088971855092236,933.1708577174869,False,settled
b,yellow_ramp,ramp,0.0,1.9,0.0,0.9239916674168511,865.2532369040827,False,settled
b,yellow_ramp,ramp,0.0,1.9,0.0,1.1950623783930225,800.9946570388727,False,settled
b,yellow_ramp,ramp,0.0,1.9,0.0,0.7015404393284905,931.6543792099545,False,settled
b,yellow_ramp,ramp,0.0,1.9,0.0,0.9712979080584313,852.2317942511662,False,settled
b,yellow_ramp,ramp,0.0,1.9,0.0,0.744714194419407,917.8009146675818,False,settled
b,yellow_ramp,ramp,0.0,1.9,0.0,0.3877743601928997,1036.1837138277397,False,settled
b,yellow_ramp,ramp,0.0,1.9,0.0,0.2347027588140889,1098.488637055055,False,settled
b,yellow_ramp,ramp,0.0,1.9,0.0,0.7741681085118186,912.9356456003245,False,settled
b,yellow_ramp,ramp,0.0,1.9,0.0,0.8630548381004248,881.4998496927321,False,settled
b,yellow_ramp,ramp,0.0,1.9,0.0,0.9159293943667229,867.9798383473596,False,settled
b,yellow_ramp,ramp,0.0,1.9,0.0,0.7354456764717566,918.2197006525536,False,settled
b,yellow_ramp,ramp,0.0,1.9,0.0,0.9182997107956132,865.8196677974785,False,settled
b,yellow_ramp,ramp,0.0,1.9,0.0,0.9968213942482749,845.0980873624037,False,settled
b,yellow_ramp,ramp,0.0,1.9,0.0,1.0064867212533677,846.7683243768491,False,settled
b,yellow_ramp,ramp,0.0,1.9,0.0,0.37502893214030997,1043.8532009355342,False,settled
b,yellow_ramp,ramp,0.0,1.9,0.0,0.6418942789954273,948.2156329964482,False,settled
b,yellow_ramp,ramp,0.0,1.9,0.0,0.6641705537710807,947.1442577114416,False,settled
b,yellow_ramp,ramp,0.0,1.9,0.0,0.5930328552708066,970.3719599560524,False,settled
b,yellow_ramp,ramp,0.0,1.9,0.0,0.31044871583439587,1066.9075119163924,False,settled
b,yellow_ramp,ramp,0.0,1.9,0.0,0.6372149220467724,952.1107337719972,False,settled
b,yellow_ramp,ramp,0.0,1.9,0.0,1.1593433546858494,809.5516154851817,False,settled
b,yellow_ramp,ramp,0.0,1.9,0.0,0.8894263274666496,873.2347951224158,False,settled
b,yellow_ramp,ramp,0.0,1.9,0.0,0.233093695458203,1103.6086576673358,False,settled
b,yellow_ramp,ramp,0.0,1.9,0.0,1.0894453337150447,826.4437903877438,False,settled
b,yellow_ramp,ramp,0.0,1.9,0.0,1.0652909514043876,832.3537955504498,False,settled
b,yellow_ramp,ramp,0.0,1.9,0.0,0.5838819424203929,968.2440259408883,False,settled
b,yellow_ramp,ramp,0.0,1.9,0.0,1.2030893962021445,799.647248569304,False,settled
b,yellow_ramp,ramp,0.0,1.9,0.0,0.5480435717449509,986.9164653788147,False,settled
b,yellow_ramp,ramp,0.0,1.9,0.0,0.29349718372035094,1078.0320255751494,False,settled
b,yellow_ramp,ramp,0.0,1.9,0.0,0.9663365263910757,853.2589644640896,False,settled
b,yellow_ramp,ramp,0.0,1.9,0.0,0.9521005408213001,859.1872287773133,False,settled
b,yellow_ramp,ramp,0.0,1.9,0.0,0.5499389352120148,985.3534112538272,False,settled
b,yellow_ramp,ramp,0.0,1.9,0.0,0.48049928781834095,1009.0102779368552,False,settled
b,yellow_ramp,ramp,0.0,1.9,0.0,0.7932601182198219,902.5311994094482,False,settled
b,yellow_ramp,ramp,0.0,1.9,0.0,0.4177505242728682,1035.4940514257164,False,settled
b,yellow_ramp,ramp,0.0,1.9,0.0,0.5514892392203382,984.0847845271076,False,settled
b,yellow_ramp,ramp,0.0,1.9,0.0,0.2980405030520273,1075.7922987159614,False,settled
b,yellow_ramp,ramp,0.0,1.9,0.0,1.0928342256227344,825.3872978372839,False,settled
b,yellow_ramp,ramp,0.0,1.9,0.0,1.0682169882747665,831.6468287031141,False,settled
b,yellow_ramp,ramp,0.0,1.9,0.0,1.2061724835414769,798.1719053707336,False,settled
b,yellow_ramp,ramp,0.0,1.9,0.0,0.6378581245674182,951.5714560565245,False,settled
b,yellow_ramp,ramp,0.0,1.9,0.0,0.7043479714269603,929.3217201578957,False,settled
b,yellow_ramp,ramp,0.0,1.9,0.0,1.0188776627207834,843.9135636298619,False,settled
b,yellow_ramp,ramp,0.0,1.9,0.0,0.712045726460994,930.6614045151846,False,settled
b,yellow_ramp,ramp,0.0,1.9,0.0,0.39761216755216855,1034.5963874636436,False,settled
b,yellow_ramp,ramp,0.0,1.9,0.0,0.364402508522174,1052.1390966136971,False,settled
b,yellow_ramp,ramp,0.0,1.9,0.0,0.28890976543105795,1076.7738193291732,False,settled
b,yellow_ramp,ramp,0.0,1.9,0.0,0.8813043765904739,875.6182670399731,False,settled
b,yellow_ramp,ramp,0.0,1.9,0.0,0.5571254964322688,979.4741553555632,False,settled
b,yellow_ramp,ramp,0.0,1.9,0.0,1.0967882660490427,825.4321355219722,False,settled
b,yellow_ramp,ramp,0.0,1.9,0.0,0.27888623566690757,1083.8860675888518,False,settled
b,yellow_ramp,ramp,0.0,1.9,0.0,0.6269790418860234,960.4683681751205,False,settled
b,yellow_ramp,ramp,0.0,1.9,0.0,0.5385266066776059,984.3021679703511,False,settled
b,yellow_ramp,ramp,0.0,1.9,0.0,0.864377824990904,880.4987133527962,False,settled
b,yellow_ramp,ramp,0.0,1.9,0.0,0.7300846586806277,922.7943081418302,False,settled
b,yellow_ramp,ramp,0.0,1.9,0.0,0.6502393831770965,949.9422184039761,False,settled
b,yellow_ramp,ramp,0.0,1.9,0.0,1.1720340835892276,807.4404396958709,False,settled
b,yellow_ramp,ramp,0.0,1.9,0.0,0.6333132984928169,955.1242570513399,False,settled
b,yellow_ramp,ramp,0.0,1.9,0.0,0.8888929939112882,873.6660973976432,False,settled
b,yellow_ramp,ramp,0.0,1.9,0.0,0.9043966546315423,869.153803801429,False,settled
b,yellow_ramp,ramp,0.0,1.9,0.0,0.4902186202925856,1001.2155831907234,False,settled
b,yellow_ramp,ramp,0.0,1.9,0.0,0.5762171033096669,974.0593918456501,False,settled
b,yellow_ramp,ramp,0.0,1.9,0.0,0.31342653223771194,1078.8292741021457,False,settled
b,yellow_ramp,ramp,0.0,1.9,0.0,0.3659616243525469,1050.9196864178896,False,settled
b,yellow_ramp,ramp,0.0,1.9,0.0,1.206157474515485,798.2388226883726,False,settled
b,yellow_ramp,ramp,0.0,1.9,0.0,0.834787158485892,890.7054515661055,False,settled
b,yellow_ramp,ramp,0.0,1.9,0.0,0.5859818263983747,966.5002188142242,False,settled
b,yellow_ramp,ramp,0.0,1.9,0.0,0.776480191917624,910.8216424792339,False,settled
b,yellow_ramp,ramp,0.0,1.9,0.0,1.0700394514847784,832.4793211560982,False,settled
b,yellow_ramp,ramp,0.0,1.9,0.0,0.8195309066078782,898.3980630922082,False,settled
b,yellow_ramp,ramp,0.0,1.9,0.0,0.5111939248394513,995.7619957865495,False,settled
b,yellow_ramp,ramp,0.0,1.9,0.0,0.7222974836798965,929.4091672053376,False,settled
b,yellow_ramp,ramp,0.0,1.9,0.0,0.6038821729843102,966.1949225690761,False,settled
b,yellow_ramp,ramp,0.0,1.9,0.0,0.7425981052869274,919.645697654655,False,settled
b,yellow_ramp,ramp,0.0,1.9,0.0,0.6626394190245105,948.50790636817,False,settled
b,yellow_ramp,ramp,0.0,1.9,0.0,0.43417867412383804,1022.4119177032504,False,settled
b,yellow_ramp,ramp,0.0,1.9,0.0,0.8836817602638638,878.61319778442,False,settled
b,yellow_ramp,ramp,0.0,1.9,0.0,0.4684187544393818,1006.4639516898253,False,settled
b,yellow_ramp,ramp,0.0,1.9,0.0,0.883666265414363,878.6287301266464,False,settled
b,yellow_ramp,ramp,0.0,1.9,0.0,1.1614900873571152,809.4063780299682,False,settled
b,yellow_ramp,ramp,0.0,1.9,0.0,0.704427046238312,929.2534747363645,False,settled
b,yellow_ramp,ramp,0.0,1.9,0.0,1.0597628238155508,834.5190084609737,False,settled
b,yellow_ramp,ramp,0.0,1.9,0.0,0.8072332551102943,896.5659749278174,False,settled
b,yellow_ramp,ramp,0.0,1.9,0.0,0.5924045392425129,970.8849476308511,False,settled
b,yellow_ramp,ramp,0.0,1.9,0.0,0.6646403703585025,946.7493069498329,False,settled
b,yellow_ramp,ramp,0.0,1.9,0.0,0.9506892233505208,856.2342971069016,False,settled
b,yellow_ramp,ramp,0.0,1.9,0.0,0.5779878939368642,972.6093836310808,False,settled
b,yellow_ramp,ramp,0.0,1.9,0.0,1.0974452959791214,824.3206616538561,False,settled
b,yellow_ramp,ramp,0.0,1.9,0.0,0.4507265037718382,1021.691121219254,False,settled
b,yellow_ramp,ramp,0.0,1.9,0.0,0.49131608189981607,1000.3404828431433,False,settled
b,yellow_ramp,ramp,0.0,1.9,0.0,0.9469569462420545,860.1878772216512,False,settled
b,yellow_ramp,ramp,0.0,1.9,0.0,0.9150728264965965,868.862126728676,False,settled
b,yellow_ramp,ramp,0.0,1.9,0.0,0.6551073530270398,946.1344227296426,False,settled
b,yellow_ramp,ramp,0.0,1.9,0.0,0.5964229731360355,968.1033862560821,False,settled
b,yellow_ramp,ramp,0.0,1.9,0.0,1.2012880180848566,800.0361392522228,False,settled
b,yellow_ramp,ramp,0.0,1.9,0.0,0.42120954753008044,1032.7188515143328,False,settled
b,yellow_ramp,ramp,0.0,1.9,0.0,0.8584142051445747,885.9416474084575,False,settled
b,yellow_ramp,ramp,0.0,1.9,0.0,0.7263710692278152,926.0594466900957,False,settled
b,yellow_ramp,ramp,0.0,1.9,0.0,0.4933471787764732,999.0056270687536,False,settled
b,yellow_ramp,ramp,0.0,1.9,0.0,1.1844623353989554,803.9981585107281,False,settled
b,yellow_ramp,ramp,0.0,1.9,0.0,0.9809530283464858,850.3376657788406,False,settled
b,yellow_ramp,ramp,0.0,1.9,0.0,0.5297534372097397,986.0556890169198,False,settled
b,yellow_ramp,ramp,0.0,1.9,0.0,0.5470232305686005,987.7579113945386,False,settled
b,yellow_ramp,ramp,0.0,1.9,0.0,0.5023945486339313,1002.7612462658129,False,settled
b,yellow_ramp,ramp,0.0,1.9,0.0,0.37960310203818814,1040.3214144221927,False,settled
b,yellow_ramp,ramp,0.0,1.9,0.0,0.8183471363372322,899.5182382919807,False,settled
b,yellow_ramp,ramp,0.0,1.9,0.0,1.114336346613498,821.2139032042605,False,settled
b,yellow_ramp,ramp,0.0,1.9,0.0,1.0062425060029776,846.9997746795277,False,settled
b,yellow_ramp,ramp,0.0,1.9,0.0,0.6846801412642616,936.4678191773535,False,settled
b,yellow_ramp,ramp,0.0,1.9,0.0,0.2261806582573655,1108.7501124700448,False,settled
b,yellow_ramp,ramp,0.0,1.9,0.0,0.9682832563593126,855.4081305521782,False,settled
b,yellow_ramp,ramp,0.0,1.9,0.0,0.29346793629371126,1078.0426890782674,False,settled
b,yellow_ramp,ramp,0.0,1.9,0.0,1.0696953987354294,833.0122320956738,False,settled
b,yellow_ramp,ramp,0.0,1.9,0.0,1.0924425905060813,826.0518310758292,False,settled
b,yellow_ramp,ramp,0.0,1.9,0.0,0.7556550813108324,916.1262999298742,False,settled
b,yellow_ramp,ramp,0.0,1.9,0.0,1.0327035021576825,840.8544028353232,False,settled
b,yellow_ramp,ramp,0.0,1.9,0.0,0.7060439740947726,927.7887082441789,False,settled
b,yellow_ramp,ramp,0.0,1.9,0.0,0.9630554617524894,856.600566782856,False,settled
b,yellow_ramp,ramp,0.0,1.9,0.0,0.23257318010383649,1099.864129305979,False,settled
b,yellow_ramp,ramp,0.0,1.9,0.0,0.7821568818143876,905.6527733925012,False,settled
b,yellow_ramp,ramp,0.0,1.9,0.0,0.7115091314764356,931.1321109498916,False,settled
b,yellow_ramp,ramp,0.0,1.9,0.0,0.28151896937101856,1087.9079562708444,False,settled
b,yellow_ramp,ramp,0.0,1.9,0.0,0.9239545097781103,865.2362849688852,False,settled
b,yellow_ramp,ramp,0.0,1.9,0.0,1.2096914890147004,797.0855826517678,False,settled
b,yellow_ramp,ramp,0.0,1.9,0.0,1.1957165844970268,800.8387015941432,False,settled
b,yellow_ramp,ramp,0.0,1.9,0.0,1.1106767562846227,821.6455676881565,False,settled
b,yellow_ramp,ramp,0.0,1.9,0.0,0.5716995243937499,977.7852550834324,False,settled
b,yellow_ramp,ramp,0.0,1.9,0.0,0.23071063523740373,1114.2961922614404,False,settled
b,yellow_ramp,ramp,0.0,1.9,0.0,0.960344076306695,855.1272716413895,False,settled
b,yellow_ramp,ramp,0.0,1.9,0.0,0.49043960755535326,1001.0393716805139,False,settled
b,yellow_ramp,ramp,0.0,1.9,0.0,0.9063710835987163,872.3071072109703,False,settled
b,yellow_ramp,ramp,0.0,1.9,0.0,0.7085836396581056,933.4456476584039,False,settled
b,yellow_ramp,ramp,0.0,1.9,0.0,0.8331344658021855,892.2593934054929,False,settled
b,yellow_ramp,ramp,0.0,1.9,0.0,0.6375993837757579,951.7883917496168,False,settled
b,yellow_ramp,ramp,0.0,1.9,0.0,0.7798562466046755,907.7384120158846,False,settled
b,yellow_ramp,ramp,0.0,1.9,0.0,0.7633740279873127,913.4241714169887,False,settled
b,yellow_ramp,ramp,0.0,1.9,0.0,0.3355174154747725,1057.2370902067519,False,settled
b,yellow_ramp,ramp,0.0,1.9,0.0,0.5668532758028602,981.7890204401159,False,settled
b,yellow_ramp,ramp,0.0,1.9,0.0,1.0654191004666054,832.1603772248608,False,settled
b,yellow_ramp,ramp,0.0,1.9,0.0,1.05351964879119,836.0227034509184,False,settled
b,yellow_ramp,ramp,0.0,1.9,0.0,0.9045840799322903,869.0611698813584,False,settled
b,yellow_ramp,ramp,0.0,1.9,0.0,0.2784489985002469,1083.9835857434143,False,settled
b,yellow_ramp,ramp,0.0,1.9,0.0,0.3537139055736823,1060.2780180347786,False,settled
b,yellow_ramp,ramp,0.0,1.9,0.0,0.5654183295869699,973.113154643018,False,settled
b,yellow_ramp,ramp,0.0,1.9,0.0,0.25308124863931564,1101.7620355646093,False,settled
b,yellow_ramp,ramp,0.0,1.9,0.0,0.33576788581575484,1057.2075617200114,False,settled
b,yellow_ramp,ramp,0.0,1.9,0.0,1.12800824779566,817.4201984207648,False,settled
b,yellow_ramp,ramp,0.0,1.9,0.0,1.043369268441494,838.7475862129554,False,settled
b,yellow_ramp,ramp,0.0,1.9,0.0,1.142304074983098,813.4436814153271,False,settled
b,yellow_ramp,ramp,0.0,1.9,0.0,0.9162385712488352,867.9198175519914,False,settled
b,yellow_ramp,ramp,0.0,1.9,0.0,1.02718607772294,841.4417070276381,False,settled
b,yellow_ramp,ramp,0.0,1.9,0.0,0.9764059030708762,851.022004834803,False,settled
b,yellow_ramp,ramp,0.0,1.9,0.0,1.0489567218040603,836.2442344773527,False,settled
b,yellow_ramp,ramp,0.0,1.9,0.0,1.075620616226456,831.0768452553345,False,settled
b,yellow_ramp,ramp,0.0,1.9,0.0,0.3541917041189711,1059.900305701162,False,settled
b,yellow_ramp,ramp,0.0,1.9,0.0,0.6611060371719417,941.3564970815853,False,settled
b,yellow_ramp,ramp,0.0,1.9,0.0,1.2214159934979865,791.1148996873975,False,settled
b,yellow_ramp,ramp,0.0,1.9,0.0,0.6202345360512679,957.0174165564698,False,settled
b,yellow_ramp,ramp,0.0,1.9,0.0,0.9141842769485222,869.7737463121614,False,settled
b,yellow_ramp,ramp,0.0,1.9,0.0,1.0140655809575745,845.8308827259204,False,settled
b,yellow_ramp,ramp,0.0,1.9,0.0,1.0796455131565637,828.3684203725783,False,settled
b,yellow_ramp,ramp,0.0,1.9,0.0,0.7439999831609502,918.4241436692503,False,settled
b,yellow_ramp,ramp,0.0,1.9,0.0,0.7344228724556757,919.0133813534825,False,settled
b,yellow_ramp,ramp,0.0,1.9,0.0,0.2816315720566586,1087.956371954868,False,settled
b,yellow_ramp,ramp,0.0,1.9,0.0,0.809134209564789,901.4999719075461,False,settled
b,yellow_ramp,ramp,0.0,1.9,0.0,0.6839650973170097,936.6757920752922,False,settled
b,yellow_ramp,ramp,0.0,1.9,0.0,0.4944060542668312,998.1641514838512,False,settled
b,yellow_ramp,ramp,0.0,1.9,0.0,0.5595529600196929,977.7589962072551,False,settled
b,yellow_ramp,ramp,0.0,1.9,0.0,0.6294588157182349,958.3739011766736,False,settled
b,yellow_ramp,ramp,0.0,1.9,0.0,0.8158841903983974,895.2885570499357,False,settled
b,yellow_ramp,ramp,0.0,1.9,0.0,0.8841943188862581,878.0993755043719,False,settled
b,yellow_ramp,ramp,0.0,1.9,0.0,0.5836563738521409,968.4246021113636,False,settled
b,yellow_ramp,ramp,0.0,1.9,0.0,0.9821238450129147,849.071870788642,False,settled
b,yellow_ramp,ramp,0.0,1.9,0.0,0.8037898399013188,899.7033724683771,False,settled
b,yellow_ramp,ramp,0.0,1.9,0.0,0.8717854450428838,879.0870451586626,False,settled
b,yellow_ramp,ramp,0.0,1.9,0.0,0.2877867445637681,1077.1638673223624,False,settled
b,yellow_ramp,ramp,0.0,1.9,0.0,0.8881090885404401,874.4493258161172,False,settled
b,yellow_ramp,ramp,0.0,1.9,0.0,0.24314609503837445,1105.503119474651,False,settled
b,yellow_ramp,ramp,0.0,1.9,0.0,0.842796633175982,890.3945175737819,False,settled
b,yellow_ramp,ramp,0.0,1.9,0.0,0.43343647357216725,1022.9985722100645,False,settled
b,yellow_ramp,ramp,0.0,1.9,0.0,0.8163835017712019,894.756560861438,False,settled
b,yellow_ramp,ramp,0.0,1.9,0.0,1.1024056789922545,823.2801449218272,False,settled
b,yellow_ramp,ramp,0.0,1.9,0.0,0.307711416515829,1068.9967768693275,False,settled
b,yellow_ramp,ramp,0.0,1.9,0.0,1.1944585620174202,800.947288080695,False,settled
b,yellow_ramp,ramp,0.0,1.9,0.0,1.0468007775981698,837.8625434639192,False,settled
b,yellow_ramp,ramp,0.0,1.9,0.0,1.222305717259297,791.720031521895,False,settled
b,yellow_ramp,ramp,0.0,1.9,0.0,0.9980831314837856,848.260340556242,False,settled
b,yellow_ramp,ramp,0.0,1.9,0.0,1.0715173555221038,830.2548210225767,False,settled
b,yellow_ramp,ramp,0.0,1.9,0.0,0.2947679830697256,1077.5663741937592,False,settled
b,yellow_ramp,ramp,0.0,1.9,0.0,0.7807752158863689,906.9053886753882,False,settled
b,yellow_ramp,ramp,0.0,1.9,0.0,0.9250478531397233,864.0740075407473,False,settled
b,yellow_ramp,ramp,0.0,1.9,0.0,0.33596828343838003,1057.1798647214468,False,settled
b,yellow_ramp,ramp,0.0,1.9,0.0,0.516090571240753,991.8961762541982,False,settled
b,yellow_ramp,ramp,0.0,1.9,0.0,0.37426245423473803,1044.4479101590928,False,settled
b,yellow_ramp,ramp,0.0,1.9,0.0,1.0983711647413568,824.9910924178398,False,settled
b,yellow_ramp,ramp,0.0,1.9,0.0,0.6689525595063406,943.3775258477023,False,settled
b,yellow_ramp,ramp,0.0,1.9,0.0,0.6043248215845258,966.0816860068718,False,settled
b,yellow_ramp,ramp,0.0,1.9,0.0,0.9684670504938961,855.1995521294893,False,settled
b,yellow_ramp,ramp,0.0,1.9,0.0,0.524999911775088,987.15247919892,False,settled
b,yellow_ramp,ramp,0.0,1.9,0.0,0.250551473311879,1097.3998663339398,False,settled
b,yellow_ramp,ramp,0.0,1.9,0.0,0.5048471718515929,1000.7701381412131,False,settled
b,yellow_ramp,ramp,0.0,1.9,0.0,0.8304263078670607,894.8093243516392,False,settled
b,yellow_ramp,ramp,0.0,1.9,0.0,0.42373370813113964,1030.7083144299072,False,settled
b,yellow_ramp,ramp,0.0,1.9,0.0,1.0443479668788713,838.7217798096524,False,settled
b,yellow_ramp,ramp,0.0,1.9,0.0,0.39338490944732407,1035.2373274593992,False,settled
b,yellow_ramp,ramp,0.0,1.9,0.0,0.7050909339913531,928.6069423383866,False,settled
b,yellow_ramp,ramp,0.0,1.9,0.0,0.2441555683422475,1095.6748042870365,False,settled
b,yellow_ramp,ramp,0.0,1.9,0.0,1.1141323708357054,820.6178772899596,False,settled
b,yellow_ramp,ramp,0.0,1.9,0.0,0.7259642386544851,926.4190914678848,False,settled
b,yellow_ramp,ramp,0.0,1.9,0.0,0.8851028079509502,877.1885416377972,False,settled
b,yellow_ramp,ramp,0.0,1.9,0.0,0.3918010688116157,1035.476106656645,False,settled
b,yellow_ramp,ramp,0.0,1.9,0.0,0.6698019516792523,942.6607810615973,False,settled
b,yellow_ramp,ramp,0.0,1.9,0.0,1.2128696239472339,796.434373034952,False,settled
b,yellow_ramp,ramp,0.0,1.9,0.0,1.0719680573408434,831.9568334793992,False,settled
b,yellow_ramp,ramp,0.0,1.9,0.0,0.29999756792302834,1074.592698619196,False,settled
b,yellow_ramp,ramp,0.0,1.9,0.0,0.7011926163157676,931.9546190874594,False,settled
b,yellow_ramp,ramp,0.0,1.9,0.0,0.3549207644144522,1059.3238402191866,False,settled
b,yellow_ramp,ramp,0.0,1.9,0.0,1.1523438442499294,811.9710257132587,False,settled
b,yellow_ramp,ramp,0.0,1.9,0.0,0.7795597617141076,908.0071630338097,False,settled
b,yellow_ramp,ramp,0.0,1.9,0.0,0.23615382414982392,1105.601211016569,False,settled
b,yellow_ramp,ramp,0.0,1.9,0.0,0.8684788570560416,882.0579454478737,False,settled
b,yellow_ramp,ramp,0.0,1.9,0.0,0.4083050564774246,1030.3397388803107,False,settled
b,yellow_ramp,ramp,0.0,1.9,0.0,0.8028676447220178,900.5582319565661,False,settled
b,yellow_ramp,ramp,0.0,1.9,0.0,1.0718813936740477,832.0901740307831,False,settled
b,yellow_ramp,ramp,0.0,1.9,0.0,0.6813475811707744,937.4439389809095,False,settled
b,yellow_ramp,ramp,0.0,1.9,0.0,0.4409651086921033,1017.172444046411,False,settled
b,yellow_ramp,ramp,0.0,1.9,0.0,0.9821641408967099,849.0251894140114,False,settled
b,yellow_ramp,ramp,0.0,1.9,0.0,0.2478865485565087,1106.585709141089,False,settled
b,yellow_ramp,ramp,0.0,1.9,0.0,1.031898113481038,841.4537637667393,False,settled
b,yellow_ramp,ramp,0.0,1.9,0.0,0.8968580028063824,871.2849466330263,False,settled
b,yellow_ramp,ramp,0.0,1.9,0.0,0.8588708455729968,885.4959740580802,False,settled
b,yellow_ramp,ramp,0.0,1.9,0.0,0.5929389414777816,970.4484513698626,False,settled
b,yellow_ramp,ramp,0.0,1.9,0.0,0.8266807876622614,891.9287237932122,False,settled
b,yellow_ramp,ramp,0.0,1.9,0.0,0.48180639371127487,1007.9592111994741,False,settled
b,yellow_ramp,ramp,0.0,1.9,0.0,1.130870670804621,817.2615312297897,False,settled
b,yellow_ramp,ramp,0.0,1.9,0.0,0.7894632300359291,906.0155984781784,False,settled
b,yellow_ramp,ramp,0.0,1.9,0.0,0.8663720188711557,884.1444307025114,False,settled
b,yellow_ramp,ramp,0.0,1.9,0.0,1.2204778530649858,792.554424079849,False,settled
b,yellow_ramp,ramp,0.0,1.9,0.0,0.5779177269767442,972.6668432084306,False,settled
b,yellow_ramp,ramp,0.0,1.9,0.0,0.6101094051094376,964.6171928908273,False,settled
b,yellow_ramp,ramp,0.0,1.9,0.0,0.599953044329412,967.200055174414,False,settled
b,yellow_ramp,ramp,0.0,1.9,0.0,1.0859735253717333,828.6760599869044,False,settled
b,yellow_ramp,ramp,0.0,1.9,0.0,0.49869095172346994,1005.7686420147253,False,settled
b,yellow_ramp,ramp,0.0,1.9,0.0,0.5604180099223284,977.0563561591008,False,settled
b,yellow_ramp,ramp,0.0,1.9,0.0,0.9615145074810086,853.8449402179389,False,settled
b,yellow_ramp,ramp,0.0,1.9,0.0,1.1162679487177314,819.1191551318578,False,settled
b,yellow_ramp,ramp,0.0,1.9,0.0,0.8702391616450812,880.3288791800237,False,settled
b,yellow_ramp,ramp,0.0,1.9,0.0,0.7923270339534855,903.3829834191167,False,settled
b,yellow_ramp,ramp,0.0,1.9,0.0,0.4747428080368407,1013.6609684444387,False,settled
b,yellow_ramp,ramp,0.0,1.9,0.0,0.5101309340472874,996.6002740545581,False,settled
b,yellow_ramp,ramp,0.0,1.9,0.0,0.9690545147816247,854.5328651955805,False,settled
b,yellow_ramp,ramp,0.0,1.9,0.0,1.0087909796409589,848.2047623485554,False,settled
b,yellow_ramp,ramp,0.0,1.9,0.0,0.43610495548695255,1020.8893138337277,False,settled
b,yellow_ramp,ramp,0.0,1.9,0.0,0.9576554849824117,857.8761893811984,False,settled
b,yellow_ramp,ramp,0.0,1.9,0.0,0.5838993672999877,968.2301493093927,False,settled
b,yellow_ramp,ramp,0.0,1.9,0.0,0.5663029418942919,972.3392042065786,False,settled
b,yellow_ramp,ramp,0.0,1.9,0.0,0.32151565223783146,1072.9810586794713,False,settled
b,yellow_ramp,ramp,0.0,1.9,0.0,0.7327844697621431,920.5179396787589,False,settled
b,yellow_ramp,ramp,0.0,1.9,0.0,1.0279029350783697,842.0157941815378,False,settled
b,yellow_ramp,ramp,0.0,1.9,0.0,0.49208379337006397,999.7281382152985,False,settled
b,yellow_ramp,ramp,0.0,1.9,0.0,0.8062278367948459,897.4795691298829,False,settled
b,yellow_ramp,ramp,0.0,1.9,0.0,0.6309468858967497,957.1172195137938,False,settled
b,yellow_ramp,ramp,0.0,1.9,0.0,1.191889871930332,802.3534555448372,False,settled
b,yellow_ramp,ramp,0.0,1.9,0.0,0.2882433770941326,1077.1694696425106,False,settled
b,yellow_ramp,ramp,0.0,1.9,0.0,0.4381462765271398,1019.4220552066644,False,settled
b,yellow_ramp,ramp,0.0,1.9,0.0,0.5943763164975805,969.2733364801074,False,settled
b,yellow_ramp,ramp,0.0,1.9,0.0,0.28817969946548794,1077.1323218390721,False,settled
b,yellow_ramp,ramp,0.0,1.9,0.0,0.6487343866150014,951.2136055672861,False,settled
b,yellow_ramp,ramp,0.0,1.9,0.0,0.24528430686860078,1099.3983625351973,False,settled
b,yellow_ramp,ramp,0.0,1.9,0.0,0.35482242489926685,1059.4015852354603,False,settled
b,yellow_ramp,ramp,0.0,1.9,0.0,0.29687664604294317,1076.5093745741717,False,settled
b,yellow_ramp,ramp,0.0,1.9,0.0,1.0799109576216401,829.0981455566213,False,settled
b,yellow_ramp,ramp,0.0,1.9,0.0,0.7305942095577626,922.3475878298976,False,settled
b,yellow_ramp,ramp,0.0,1.9,0.0,0.9675363732196016,851.84322913384,False,settled
b,yellow_ramp,ramp,0.0,1.9,0.0,0.6522484992399966,948.499975544438,False,settled
b,yellow_ramp,ramp,0.0,1.9,0.0,0.3744288459398641,1044.3188068983975,False,settled
b,yellow_ramp,ramp,0.0,1.9,0.0,0.3515726359705399,1061.972204110811,False,settled
b,yellow_ramp,ramp,0.0,1.9,0.0,0.477756772868442,1011.2184649926406,False,settled
b,yellow_ramp,ramp,0.0,1.9,0.0,0.9375614261541446,863.8588534189404,False,settled
b,yellow_ramp,ramp,0.0,1.9,0.0,0.22328824490033317,1112.6266875286258,False,settled
b,yellow_ramp,ramp,0.0,1.9,0.0,0.8823291554173862,879.9720806928603,False,settled
b,yellow_ramp,ramp,0.0,1.9,0.0,0.22907324233696602,1115.001670935023,False,settled
b,yellow_ramp,ramp,0.0,1.9,0.0,0.6263953601688238,960.9615791731891,False,settled
b,yellow_ramp,ramp,0.0,1.9,0.0,0.31595488377471775,1076.837169573704,False,settled
b,yellow_ramp,ramp,0.0,1.9,0.0,0.7040438886706814,929.5841568649098,False,settled
b,yellow_ramp,ramp,0.0,1.9,0.0,1.0131696528752094,846.9819915705983,False,settled
b,yellow_ramp,ramp,0.0,1.9,0.0,0.9170471397782897,867.1809009855403,False,settled
b,yellow_ramp,ramp,0.0,1.9,0.0,0.49136742647776915,1000.2995412198997,False,settled
b,yellow_ramp,ramp,0.0,1.9,0.0,0.5579755500054566,978.7788921339472,False,settled
b,yellow_ramp,ramp,0.0,1.9,0.0,0.45608767139627027,1020.2485373954643,False,settled
b,yellow_ramp,ramp,0.0,1.9,0.0,0.46532568364319116,1018.5125382957633,False,settled
b,yellow_ramp,ramp,0.0,1.9,0.0,1.016857370207485,846.5202539770926,False,settled
b,yellow_ramp,ramp,0.0,1.9,0.0,0.36066640611070006,1055.0620908577666,False,settled
b,yellow_ramp,ramp,0.0,1.9,0.0,0.6356612951186943,953.4136073898093,False,settled
b,yellow_ramp,ramp,0.0,1.9,0.0,0.45691959972910023,1020.0922040990858,False,settled
b,yellow_ramp,ramp,0.0,1.9,0.0,0.7382465263747274,923.4275549287029,False,settled
b,yellow_ramp,ramp,0.0,1.9,0.0,1.08475503910936,828.401482414955,False,settled
b,yellow_ramp,ramp,0.0,1.9,0.0,0.708475011769757,933.540853010834,False,settled
b,yellow_ramp,ramp,0.0,1.9,0.0,1.011007319420902,845.4755874971613,False,settled
b,yellow_ramp,ramp,0.0,1.9,0.0,0.8091690920699572,901.4674112400023,False,settled
b,yellow_ramp,ramp,0.0,1.9,0.0,0.8930592896899956,874.8353749231514,False,settled
b,yellow_ramp,ramp,0.0,1.9,0.0,0.8058925535152897,897.7877547929138,False,settled
b,yellow_ramp,ramp,0.0,1.9,0.0,0.9276815246038388,866.2396946324219,False,settled
b,yellow_ramp,ramp,0.0,1.9,0.0,0.4787869027802372,1010.3871653248098,False,settled
b,yellow_ramp,ramp,0.0,1.9,0.0,0.4545957706809992,1020.5286842221062,False,settled
b,yellow_ramp,ramp,0.0,1.9,0.0,0.9167407400930824,867.4041419450721,False,settled
b,yellow_ramp,ramp,0.0,1.9,0.0,0.27669030121922616,1085.0161421024088,False,settled
b,yellow_ramp,ramp,0.0,1.9,0.0,0.6779803903459586,938.4320913063718,False,settled
b,yellow_ramp,ramp,0.0,1.9,0.0,0.9280888978663673,865.8085018431153,False,settled
b,yellow_ramp,ramp,0.0,1.9,0.0,0.45033946755639237,1021.9971448772711,False,settled
b,yellow_ramp,ramp,0.0,1.9,0.0,0.25946083881586846,1095.2741375255757,False,settled
b,yellow_ramp,ramp,0.0,1.9,0.0,1.0610306903520965,831.7118734294211,False,settled
b,yellow_ramp,ramp,0.0,1.9,0.0,0.635705049209252,953.3769203541466,False,settled
b,yellow_ramp,ramp,0.0,1.9,0.0,0.7947302757509319,901.2780015960969,False,settled
b,yellow_ramp,ramp,0.0,1.9,0.0,0.39415669684863164,1035.1230359159974,False,settled
b,yellow_ramp,ramp,0.0,1.9,0.0,1.1886171002916073,802.5071028138933,False,settled
b,yellow_ramp,ramp,0.0,1.9,0.0,0.2515716611924924,1099.855100091744,False,settled
b,yellow_ramp,ramp,0.0,1.9,0.0,0.29602917242323795,1076.9849363982985,False,settled
b,yellow_ramp,ramp,0.0,1.9,0.0,0.5774793540076752,973.0258146437754,False,settled
b,yellow_ramp,ramp,0.0,1.9,0.0,1.124056038277212,818.2044953507611,False,settled
b,yellow_ramp,ramp,0.0,1.9,0.0,1.198000355713494,801.2127277303476,False,settled
b,yellow_ramp,ramp,0.0,1.9,0.0,0.3114704973191085,1066.222991359437,False,settled
b,yellow_ramp,ramp,0.0,1.9,0.0,1.1615068575848038,809.3635978286425,False,settled
b,yellow_ramp,ramp,0.0,1.9,0.0,0.3358423760632446,1057.1987799115514,False,settled
b,yellow_ramp,ramp,0.0,1.9,0.0,1.085159268039965,827.6732387085535,False,settled
b,yellow_ramp,ramp,0.0,1.9,0.0,0.6520501088190458,948.6677436044976,False,settled
b,yellow_ramp,ramp,0.0,1.9,0.0,0.6045156426841539,966.0328709295098,False,settled
b,yellow_ramp,ramp,0.0,1.9,0.0,0.7539679841620698,917.1903137189357,False,settled
b,yellow_ramp,ramp,0.0,1.9,0.0,0.453531353790101,1020.7284677532306,False,settled
b,yellow_ramp,ramp,0.0,1.9,0.0,1.117048449844572,819.2595495348221,False,settled
b,yellow_ramp,ramp,0.0,1.9,0.0,0.9670513487928276,852.3832875049291,False,settled
b,yellow_ramp,ramp,0.0,1.9,0.0,1.0927626155603738,825.5047780900785,False,settled
b,yellow_ramp,ramp,0.0,1.9,0.0,0.3624737874756996,1053.6476618562672,False,settled
b,yellow_ramp,ramp,0.0,1.9,0.0,1.045445134872467,837.2999830580765,False,settled
b,yellow_ramp,ramp,0.0,1.9,0.0,1.139787272098895,815.2310387975426,False,settled
b,yellow_ramp,ramp,0.0,1.9,0.0,0.91894061217142,865.1705853035835,False,settled
b,yellow_ramp,ramp,0.0,1.9,0.0,0.2681229115762854,1086.4718101922683,False,settled
b,yellow_ramp,ramp,0.0,1.9,0.0,0.8678939325599913,882.6372272806499,False,settled
b,yellow_ramp,ramp,0.0,1.9,0.0,0.32885517238640416,1071.9493000183882,False,settled
b,yellow_ramp,ramp,0.0,1.9,0.0,1.1079338717256766,822.6051363011809,False,settled
b,yellow_ramp,ramp,0.0,1.9,0.0,0.977457452496307,849.8373012949482,False,settled
b,yellow_ramp,ramp,0.0,1.9,0.0,0.6682812031109351,943.9424788070223,False,settled
b,yellow_ramp,ramp,0.0,1.9,0.0,0.9242605356429865,864.9720472941968,False,settled
b,yellow_ramp,ramp,0.0,1.9,0.0,1.1203484421770626,819.2341931181272,False,settled
b,yellow_ramp,ramp,0.0,1.9,0.0,0.735748658873905,917.963773268423,False,settled
b,yellow_ramp,ramp,0.0,1.9,0.0,1.2051476805081365,799.3979247566709,False,settled
b,yellow_ramp,ramp,0.0,1.9,0.0,0.47917015244078737,1010.0790112573601,False,settled
b,yellow_ramp,ramp,0.0,1.9,0.0,0.4189887072447024,1034.5007281535775,False,settled
b,yellow_ramp,ramp,0.0,1.9,0.0,0.8451805750961994,889.3821057818426,False,settled
b,yellow_ramp,ramp,0.0,1.9,0.0,0.883897295784072,878.3971344245338,False,settled
b,yellow_ramp,ramp,0.0,1.9,0.0,0.9855918725079453,849.4389906926903,False,settled
b,yellow_ramp,ramp,0.0,1.9,0.0,0.8864566689686094,875.8314328807121,False,settled
b,yellow_ramp,ramp,0.0,1.9,0.0,0.37223864286885533,1046.0186152263539,False,settled
b,yellow_ramp,ramp,0.0,1.9,0.0,0.763907596963301,913.2374559807474,False,settled
b,yellow_ramp,ramp,0.0,1.9,0.0,0.6616253101259619,940.8791149159679,False,settled
b,yellow_ramp,ramp,0.0,1.9,0.0,0.3126023190777157,1065.296784976919,False,settled
b,yellow_ramp,ramp,0.0,1.9,0.0,1.2020338227660692,799.6332651190837,False,settled
b,yellow_ramp,ramp,0.0,1.9,0.0,0.7491832862964352,913.9360315675021,False,settled
b,yellow_ramp,ramp,0.0,1.9,0.0,0.34597053845949277,1052.7900336245368,False,settled
b,yellow_ramp,ramp,0.0,1.9,0.0,0.25163882430077905,1100.0152430906012,False,settled
b,yellow_ramp,ramp,0.0,1.9,0.0,0.863089686352443,881.4658344782013,False,settled
b,yellow_ramp,ramp,0.0,1.9,0.0,0.7575174074505225,915.4742420188737,False,settled
b,yellow_ramp,ramp,0.0,1.9,0.0,0.45618782421435056,1020.2297170252455,False,settled
b,yellow_ramp,ramp,0.0,1.9,0.0,0.8696965846885305,880.8617027597783,False,settled
b,yellow_ramp,ramp,0.0,1.9,0.0,0.5162330632635976,991.7841272377915,False,settled
b,yellow_ramp,ramp,0.0,1.9,0.0,1.0966229127036529,825.7182558988783,False,settled
b,yellow_ramp,ramp,0.0,1.9,0.0,0.8131152597223045,897.7838074799727,False,settled
b,yellow_ramp,ramp,0.0,1.9,0.0,1.0002332755148309,845.2506048206537,False,settled
b,yellow_ramp,ramp,0.0,1.9,0.0,0.5785139864484172,972.1784415391743,False,settled
b,yellow_ramp,ramp,0.0,1.9,0.0,0.568998017447378,980.015976025512,False,settled
b,yellow_ramp,ramp,0.0,1.9,0.0,0.9929413837255232,845.2603181025326,False,settled
b,yellow_ramp,ramp,0.0,1.9,0.0,1.0859881285161175,828.6522635923386,False,settled
b,yellow_ramp,ramp,0.0,1.9,0.0,0.6688843733323012,943.4349056528024,False,settled
b,yellow_ramp,ramp,0.0,1.9,0.0,0.39954376254875146,1034.3155469470148,False,settled
b,yellow_ramp,ramp,0.0,1.9,0.0,0.9064894036967664,872.1858356631813,False,settled
b,yellow_ramp,ramp,0.0,1.9,0.0,0.9885748996034612,845.9943692991633,False,settled
b,yellow_ramp,ramp,0.0,1.9,0.0,0.3884883702007383,1036.0699412020322,False,settled
b,yellow_ramp,ramp,0.0,1.9,0.0,1.0817394646903333,828.5097429905707,False,settled
b,yellow_ramp,ramp,0.0,1.9,0.0,1.0218336550733471,844.2946412939872,False,settled
b,yellow_ramp,ramp,0.0,1.9,0.0,0.7667655923966938,912.2376188000048,False,settled
b,yellow_ramp,ramp,0.0,1.9,0.0,0.2643094114536313,1100.1818398920902,False,settled
b,yellow_ramp,ramp,0.0,1.9,0.0,0.8136871109933523,897.2501275350758,False,settled
b,yellow_ramp,ramp,0.0,1.9,0.0,0.4660646176481401,1018.3737015899218,False,settled
b,yellow_ramp,ramp,0.0,1.9,0.0,0.4574741654341626,1019.9879916327505,False,settled
b,yellow_ramp,ramp,0.0,1.9,0.0,1.0873696868120444,827.6071345690481,False,settled
b,yellow_ramp,ramp,0.0,1.9,0.0,0.3595672437927711,1055.9121775356227,False,settled
b,yellow_ramp,ramp,0.0,1.9,0.0,0.7630772475903689,913.5280257881353,False,settled
b,yellow_ramp,ramp,0.0,1.9,0.0,0.3307757157258509,1071.6963888818823,False,settled
b,yellow_ramp,ramp,0.0,1.9,0.0,0.3177162643719571,1075.448649912638,False,settled
b,yellow_ramp,ramp,0.0,1.9,0.0,1.0589846139883559,834.2777975314028,False,settled
b,yellow_ramp,ramp,0.0,1.9,0.0,0.7905962598656526,904.9725538048206,False,settled
b,yellow_ramp,ramp,0.0,1.9,0.0,0.9176929199274655,866.5176875156017,False,settled
b,yellow_ramp,ramp,0.0,1.9,0.0,0.6609462435916305,941.4779845384652,False,settled
b,yellow_ramp,ramp,0.0,1.9,0.0,1.0719168151149527,832.0356778281279,False,settled
b,yellow_ramp,ramp,0.0,1.9,0.0,0.7635410244784209,913.3657331992398,False,settled
b,yellow_ramp,ramp,0.0,1.9,0.0,0.8507990130603921,887.0179133135645,False,settled
b,yellow_ramp,ramp,0.0,1.9,0.0,0.9318776038598051,862.0937071287763,False,settled
b,yellow_ramp,ramp,0.0,1.9,0.0,1.2052239681168513,799.2642024379429,False,settled
b,yellow_ramp,ramp,0.0,1.9,0.0,0.26215910962604577,1095.5687354477895,False,settled
b,yellow_ramp,ramp,0.0,1.9,0.0,0.9333339986479366,861.2825897151298,False,settled
b,yellow_ramp,ramp,0.0,1.9,0.0,1.045426840842118,837.4924986858331,False,settled
b,yellow_ramp,ramp,0.0,1.9,0.0,0.8411017316886507,891.1167154259059,False,settled
b,yellow_ramp,ramp,0.0,1.9,0.0,0.671263045590578,941.4244454279365,False,settled
b,yellow_ramp,ramp,0.0,1.9,0.0,1.212777082681566,794.7896343914488,False,settled
b,yellow_ramp,ramp,0.0,1.9,0.0,0.3496641182348778,1063.4913883769439,False,settled
b,yellow_ramp,ramp,0.0,1.9,0.0,0.8606593240549845,883.750320516533,False,settled
b,yellow_ramp,ramp,0.0,1.9,0.0,0.9269182471086419,867.0475811210591,False,settled
b,yellow_ramp,ramp,0.0,1.9,0.0,1.0320364338655592,841.3495816169764,False,settled
b,yellow_ramp,ramp,0.0,1.9,0.0,0.762711508191806,913.6560113828472,False,settled
b,yellow_ramp,ramp,0.0,1.9,0.0,0.6163055283106995,960.0271125439338,False,settled
b,yellow_ramp,ramp,0.0,1.9,0.0,1.0834159470785858,829.335323660928,False,settled
b,yellow_ramp,ramp,0.0,1.9,0.0,0.45860020814194546,1019.7763881283502,False,settled
b,yellow_ramp,ramp,0.0,1.9,0.0,0.6721172786442683,940.7070382180012,False,settled
b,yellow_ramp,ramp,0.0,1.9,0.0,0.22376768337996011,1109.1028927196699,False,settled
b,yellow_ramp,ramp,0.0,1.9,0.0,0.6577486164407339,944.0066691622144,False,settled
b,yellow_ramp,ramp,0.0,1.9,0.0,0.4477436228882904,1024.055178721667,False,settled
b,yellow_ramp,ramp,0.0,1.9,0.0,0.8735172710780977,877.4350171168106,False,settled
b,yellow_ramp,ramp,0.0,1.9,0.0,0.42503657551065654,1029.670678342774,False,settled
b,yellow_ramp,ramp,0.0,1.9,0.0,1.0523028016542375,835.348412556893,False,settled
b,yellow_ramp,ramp,0.0,1.9,0.0,0.5498841407556537,985.3985868511195,False,settled
b,yellow_ramp,ramp,0.0,1.9,0.0,0.882624501193009,879.6734994763352,False,settled
b,yellow_ramp,ramp,0.0,1.9,0.0,0.9549027534833848,856.4446239384466,False,settled
b,yellow_ramp,ramp,0.0,1.9,0.0,0.29153187959347526,1077.312478071573,False,settled
b,yellow_ramp,ramp,0.0,1.9,0.0,0.5000951685048476,1004.6282244713384,False,settled
b,yellow_ramp,ramp,0.0,1.9,0.0,0.54382505063485,980.1282597007418,False,settled
b,yellow_ramp,ramp,0.0,1.9,0.0,0.6554378596829296,945.8553489994014,False,settled
b,yellow_ramp,ramp,0.0,1.9,0.0,0.23126365893162615,1104.04191164022,False,settled
b,yellow_ramp,ramp,0.0,1.9,0.0,0.5514165083890287,984.1442872616115,False,settled
b,yellow_ramp,ramp,0.0,1.9,0.0,0.24221915750834327,1103.8536087644322,False,settled
b,yellow_ramp,ramp,0.0,1.9,0.0,0.558992404309542,977.9495838456785,False,settled
b,yellow_ramp,ramp,0.0,1.9,0.0,0.5625251541072769,975.3605289644632,False,settled
b,yellow_ramp,ramp,0.0,1.9,0.0,0.5463192912079129,988.3384252897864,False,settled
b,yellow_ramp,ramp,0.0,1.9,0.0,0.7779767320271822,909.4536191866357,False,settled
b,yellow_ramp,ramp,0.0,1.9,0.0,0.31100230378415156,1066.5751740149267,False,settled
b,yellow_ramp,ramp,0.0,1.9,0.0,0.6614040436972287,941.0495312680856,False,settled
b,yellow_ramp,ramp,0.0,1.9,0.0,0.960419288209029,855.1340092346368,False,settled
b,yellow_ramp,ramp,0.0,1.9,0.0,0.6243786671008311,953.598002975813,False,settled
b,yellow_ramp,ramp,0.0,1.9,0.0,1.0029980268251313,848.1399499528671,False,settled
b,yellow_ramp,ramp,0.0,1.9,0.0,0.22547682823598775,1111.7250326925243,False,settled
b,yellow_ramp,ramp,0.0,1.9,0.0,0.8151916141712178,895.8460133869471,False,settled
b,yellow_ramp,ramp,0.0,1.9,0.0,0.3137552857421964,1078.5703175170515,False,settled
b,yellow_ramp,ramp,0.0,1.9,0.0,0.5701117897614115,979.0961876272743,False,settled
b,yellow_ramp,ramp,0.0,1.9,0.0,0.48493066971763016,1005.4474756005211,False,settled
b,yellow_ramp,ramp,0.0,1.9,0.0,0.2825555944048849,1082.823939054495,False,settled
b,yellow_ramp,ramp,0.0,1.9,0.0,0.6729089210769617,940.0426916228952,False,settled
b,yellow_ramp,ramp,0.0,1.9,0.0,0.796221845333052,899.8562089365007,False,settled
b,yellow_ramp,ramp,0.0,1.9,0.0,0.5204021029649899,988.8313398593493,False,settled
b,yellow_ramp,ramp,0.0,1.9,0.0,1.0948676072649028,825.3706810489246,False,settled
b,yellow_ramp,ramp,0.0,1.9,0.0,0.8216596606005374,896.4616132898096,False,settled
b,yellow_ramp,ramp,0.0,1.9,0.0,1.0045069563379025,844.4453707474164,False,settled
b,yellow_ramp,ramp,0.0,1.9,0.0,0.890747735394066,877.1841179079069,False,settled
b,yellow_ramp,ramp,0.0,1.9,0.0,0.30379261002170194,1071.925032727994,False,settled
b,yellow_ramp,ramp,0.0,1.9,0.0,0.5957138171502289,968.284832543901,False,settled
b,yellow_ramp,ramp,0.0,1.9,0.0,1.1495592618914159,813.0095057990684,False,settled
b,yellow_ramp,ramp,0.0,1.9,0.0,0.31213021651328093,1065.649845450019,False,settled
b,yellow_ramp,ramp,0.0,1.9,0.0,0.4456225269082823,1025.7373553316052,False,settled
b,yellow_ramp,ramp,0.0,1.9,0.0,0.8974657847843887,870.707736465438,False,settled
b,yellow_ramp,ramp,0.0,1.9,0.0,0.24715163762728898,1104.4706895104503,False,settled
b,yellow_ramp,ramp,0.0,1.9,0.0,1.1201063773898965,819.7023003266439,False,settled
b,yellow_ramp,ramp,0.0,1.9,0.0,0.22018429766905429,1116.7639551787627,False,settled
b,yellow_ramp,ramp,0.0,1.9,0.0,0.6039566155526668,966.1758789759901,False,settled
b,yellow_ramp,ramp,0.0,1.9,0.0,0.4678182621004567,1006.5787537229222,False,settled
b,yellow_ramp,ramp,0.0,1.9,0.0,1.0482361349358482,837.149674074171,False,settled
b,yellow_ramp,ramp,0.0,1.9,0.0,1.127616566473708,817.2438463282366,False,settled
b,yellow_ramp,ramp,0.0,1.9,0.0,1.1568745760111017,810.399461228097,False,settled
b,yellow_ramp,ramp,0.0,1.9,0.0,1.1537440999115731,812.1279175477106,False,settled
b,yellow_ramp,ramp,0.0,1.9,0.0,0.5227754436528356,987.6303462331425,False,settled
b,yellow_ramp,ramp,0.0,1.9,0.0,0.2543464151656901,1103.421932969213,False,settled
b,yellow_ramp,ramp,0.0,1.9,0.0,0.6816946641238405,937.3420823086192,False,settled
b,yellow_ramp,ramp,0.0,1.9,0.0,0.9696718296464598,854.0812958115878,False,settled
b,yellow_ramp,ramp,0.0,1.9,0.0,0.9148301169193335,869.111665811766,False,settled
b,yellow_ramp,ramp,0.0,1.9,0.0,1.120918932944415,819.0598851789176,False,settled
b,yellow_ramp,ramp,0.0,1.9,0.0,0.5309714005852693,985.801392329728,False,settled
b,yellow_ramp,ramp,0.0,1.9,0.0,0.5451924079697521,989.2679707424061,False,settled
b,yellow_ramp,ramp,0.0,1.9,0.0,0.4637322167268007,1018.8119300588392,False,settled
b,yellow_ramp,ramp,0.0,1.9,0.0,0.8842888233980599,878.0046359051084,False,settled
b,yellow_ramp,ramp,0.0,1.9,0.0,0.3276173104337068,1072.1125659330246,False,settled
b,yellow_ramp,ramp,0.0,1.9,0.0,0.4908290631559236,1000.7288256211853,False,settled
b,yellow_ramp,ramp,0.0,1.9,0.0,0.8852458719106024,877.0451551386103,False,settled
b,yellow_ramp,ramp,0.0,1.9,0.0,0.88478212829877,877.5100358536027,False,settled
b,yellow_ramp,ramp,0.0,1.9,0.0,0.7968469326191397,906.1400193256418,False,settled
b,yellow_ramp,ramp,0.0,1.9,0.0,0.7159885315873518,927.2177734381542,False,settled
b,yellow_ramp,ramp,0.0,1.9,0.0,0.26009543790966166,1096.639348532958,False,settled
b,yellow_ramp,ramp,0.0,1.9,0.0,0.6852904292349778,936.2911704744225,False,settled
b,yellow_ramp,ramp,0.0,1.9,0.0,0.925325528958483,863.7836880247177,False,settled
b,yellow_ramp,ramp,0.0,1.9,0.0,0.3712267654936673,1046.8038780022641,False,settled
b,yellow_ramp,ramp,0.0,1.9,0.0,0.30357376999125346,1072.080165822321,False,settled
b,yellow_ramp,ramp,0.0,1.9,0.0,0.9986794156198396,847.1093746435595,False,settled
b,yellow_ramp,ramp,0.0,1.9,0.0,1.0256458432029525,843.4645954119181,False,settled
b,yellow_ramp,ramp,0.0,1.9,0.0,1.0527204207923089,835.7787068464291,False,settled
b,yellow_ramp,ramp,0.0,1.9,0.0,0.9727275466145723,850.6358078535737,False,settled
b,yellow_ramp,ramp,0.0,1.9,0.0,0.5187374087233213,990.0966210067462,False,settled
b,yellow_ramp,ramp,0.0,1.9,0.0,0.337911851861543,1056.9525318958679,False,settled
b,yellow_ramp,ramp,0.0,1.9,0.0,0.22546288274571635,1111.9576278782008,False,settled
b,yellow_ramp,ramp,0.0,1.9,0.0,0.7553428644358343,916.2356153552626,False,settled
b,yellow_ramp,ramp,0.0,1.9,0.0,0.9932346043314403,844.9217276470439,False,settled
b,yellow_ramp,ramp,0.0,1.9,0.0,1.149593134734411,812.9310915408845,False,settled
b,yellow_ramp,ramp,0.0,1.9,0.0,1.1783175451457122,805.2044798351371,False,settled
b,yellow_ramp,ramp,0.0,1.9,0.0,0.3983825843652452,1034.4843620308075,False,settled
b,yellow_ramp,ramp,0.0,1.9,0.0,0.5673362587234237,981.3880767458322,False,settled
b,yellow_ramp,ramp,0.0,1.9,0.0,0.44141703826155926,1016.8303332078294,False,settled
b,yellow_ramp,ramp,0.0,1.9,0.0,0.8871651410174427,875.4727871730363,False,settled
b,yellow_ramp,ramp,0.0,1.9,0.0,0.7810856246904101,906.6239949553695,False,settled
b,yellow_ramp,ramp,0.0,1.9,0.0,0.4917816607681671,999.9692345803711,False,settled
b,yellow_ramp,ramp,0.0,1.9,0.0,0.6025039179920962,966.5475019944074,False,settled
b,yellow_ramp,ramp,0.0,1.9,0.0,0.552657707166536,983.1287417858908,False,settled
b,yellow_ramp,ramp,0.0,1.9,0.0,0.6830769667379889,936.936425006633,False,settled
b,yellow_ramp,ramp,0.0,1.9,0.0,0.7415522772219996,920.5543281841478,False,settled
b,yellow_ramp,ramp,0.0,1.9,0.0,0.4453733227576159,1025.9349986394097,False,settled
b,yellow_ramp,ramp,0.0,1.9,0.0,1.0323072531595814,841.1455633397288,False,settled
b,yellow_ramp,ramp,0.0,1.9,0.0,0.785488073117476,902.7069682049155,False,settled
b,yellow_ramp,ramp,0.0,1.9,0.0,1.04104932511354,839.3595969960866,False,settled
b,yellow_ramp,ramp,0.0,1.9,0.0,1.1516030985283865,811.7616588635025,False,settled
b,yellow_ramp,ramp,0.0,1.9,0.0,0.7077934842794502,926.3303355103945,False,settled
b,yellow_ramp,ramp,0.0,1.9,0.0,0.5579401706385273,978.8078292052966,False,settled
b,yellow_ramp,ramp,0.0,1.9,0.0,0.561482654737219,976.2840860735076,False,settled
b,yellow_ramp,ramp,0.0,1.9,0.0,0.893158048052475,874.7358020306659,False,settled
b,yellow_ramp,ramp,0.0,1.9,0.0,0.6259512617628857,961.3367365021614,False,settled
b,yellow_ramp,ramp,0.0,1.9,0.0,0.49968745784028734,1004.9593417520827,False,settled
b,yellow_ramp,ramp,0.0,1.9,0.0,0.28737169832516946,1077.313168212995,False,settled
b,yellow_ramp,ramp,0.0,1.9,0.0,1.075681969840545,830.9806648859708,False,settled
b,yellow_ramp,ramp,0.0,1.9,0.0,0.5796324146612262,971.2662048913724,False,settled
b,yellow_ramp,ramp,0.0,1.9,0.0,0.24089103497156975,1098.3097186123377,False,settled
b,yellow_ramp,ramp,0.0,1.9,0.0,0.7563567589370684,915.8806166679781,False,settled
b,yellow_ramp,ramp,0.0,1.9,0.0,0.8620653350099671,882.3781225658261,False,settled
b,yellow_ramp,ramp,0.0,1.9,0.0,1.0693056564388674,832.3999091509953,False,settled
b,yellow_ramp,ramp,0.0,1.9,0.0,0.8376638833290716,888.024607894859,False,settled
b,yellow_ramp,ramp,0.0,1.9,0.0,1.11083490858548,821.3188215661963,False,settled
b,yellow_ramp,ramp,0.0,1.9,0.0,0.5626639622006938,975.2478148691073,False,settled
b,yellow_ramp,ramp,0.0,1.9,0.0,1.1140618892170864,820.7475422115051,False,settled
b,yellow_ramp,ramp,0.0,1.9,0.0,1.138282389925176,815.5972199530212,False,settled
b,yellow_ramp,ramp,0.0,1.9,0.0,0.697189891143155,935.4288197531541,False,settled
b,yellow_ramp,ramp,0.0,1.9,0.0,0.2461535648594238,1100.3831524578584,False,settled
b,yellow_ramp,ramp,0.0,1.9,0.0,0.7254477550512213,926.8756668781017,False,settled
b,yellow_ramp,ramp,0.0,1.9,0.0,0.607607264041118,965.2482778865968,False,settled
b,yellow_ramp,ramp,0.0,1.9,0.0,0.791443273415194,904.1927912266244,False,settled
b,yellow_ramp,ramp,0.0,1.9,0.0,0.9510390776794208,855.8047751601123,False,settled
b,yellow_ramp,ramp,0.0,1.9,0.0,1.016111462059725,844.7271516880871,False,settled
b,yellow_ramp,ramp,0.0,1.9,0.0,0.5708000426808141,978.5280105569025,False,settled
b,yellow_ramp,ramp,0.0,1.9,0.0,0.3450877470366028,1053.4737061144046,False,settled
b,yellow_ramp,ramp,0.0,1.9,0.0,0.3842917389908889,1049.6600287438969,False,settled
b,yellow_ramp,ramp,0.0,1.9,0.0,0.6689343233381853,943.3928718984964,False,settled
b,yellow_ramp,ramp,0.0,1.9,0.0,0.8021140718528746,901.2567676140876,False,settled
b,yellow_ramp,ramp,0.0,1.9,0.0,0.4769135859582673,1011.9017858222687,False,settled
b,yellow_ramp,ramp,0.0,1.9,0.0,0.8151875857552606,895.8497730752528,False,settled
b,yellow_ramp,ramp,0.0,1.9,0.0,0.8732320383595708,877.7778723418345,False,settled
b,yellow_ramp,ramp,0.0,1.9,0.0,0.8045616568002586,898.9926338134281,False,settled
b,yellow_ramp,ramp,0.0,1.9,0.0,0.37700285032090697,1042.4122944445944,False,settled
b,yellow_ramp,ramp,0.0,1.9,0.0,0.3704443995190863,1047.413813761619,False,settled
b,yellow_ramp,ramp,0.0,1.9,0.0,0.8367472019196857,888.9507397984253,False,settled
b,yellow_ramp,ramp,0.0,1.9,0.0,0.6000435379659734,967.17690550779,False,settled
b,yellow_ramp,ramp,0.0,1.9,0.0,0.5764856709685467,973.8394823216851,False,settled
b,yellow_ramp,ramp,0.0,1.9,0.0,0.9013819161770922,871.9449484148334,False,settled
b,yellow_ramp,ramp,0.0,1.9,0.0,0.7006078993105669,932.4593260604559,False,settled
b,yellow_ramp,ramp,0.0,1.9,0.0,0.8835495475083196,878.7457301998168,False,settled
b,yellow_ramp,ramp,0.0,1.9,0.0,0.9741911027970135,853.3045291401367,False,settled
b,yellow_ramp,ramp,0.0,1.9,0.0,0.449618961652831,1022.5683288169885,False,settled
b,yellow_ramp,ramp,0.0,1.9,0.0,1.0593224291224572,833.7588979271957,False,settled
b,yellow_ramp,ramp,0.0,1.9,0.0,0.6416853446095914,948.3893325660014,False,settled
b,yellow_ramp,ramp,0.0,1.9,0.0,0.48063427757180166,1008.9017297067899,False,settled
b,yellow_ramp,ramp,0.0,1.9,0.0,0.5954362865290702,968.4047151303671,False,settled
b,yellow_ramp,ramp,0.0,1.9,0.0,0.5100717322093932,996.6469517810278,False,settled
b,yellow_ramp,ramp,0.0,1.9,0.0,0.9262418943424819,862.938777689102,False,settled
b,yellow_ramp,ramp,0.0,1.9,0.0,0.29102347656631167,1076.989541723096,False,settled
b,yellow_ramp,ramp,0.0,1.9,0.0,0.6774315572477654,938.5931546796256,False,settled
b,yellow_ramp,ramp,0.0,1.9,0.0,1.0990197563030768,824.9612951077685,False,settled
b,yellow_ramp,ramp,0.0,1.9,0.0,1.0529286490978853,833.3451066832098,False,settled
b,yellow_ramp,ramp,0.0,1.9,0.0,0.7568390270113374,915.7117639191225,False,settled
b,yellow_ramp,ramp,0.0,1.9,0.0,0.24242634155640436,1105.075509499451,False,settled
b,yellow_ramp,ramp,0.0,1.9,0.0,0.7520323688104946,918.915548444462,False,settled
b,yellow_ramp,ramp,0.0,1.9,0.0,0.8337198409740917,891.7090158895401,False,settled
b,yellow_ramp,ramp,0.0,1.9,0.0,0.27089199737283143,1089.247932626344,False,settled
b,yellow_ramp,ramp,0.0,1.9,0.0,1.1864590988825894,804.1207715944097,False,settled
b,yellow_ramp,ramp,0.0,1.9,0.0,0.39905000031559046,1034.387345583111,False,settled
b,yellow_ramp,ramp,0.0,1.9,0.0,0.59444806901314,969.214545929729,False,settled
b,yellow_ramp,ramp,0.0,1.9,0.0,1.015971435120544,844.907652913972,False,settled
b,yellow_ramp,ramp,0.0,1.9,0.0,0.37382065868528286,1044.7908123478321,False,settled
b,yellow_ramp,ramp,0.0,1.9,0.0,0.9509408340449418,855.9745587880187,False,settled
b,yellow_ramp,ramp,0.0,1.9,0.0,0.89938323317967,873.9892335160001,False,settled
b,yellow_ramp,ramp,0.0,1.9,0.0,0.5897672255408838,973.0505709908423,False,settled
b,yellow_ramp,ramp,0.0,1.9,0.0,0.35419710397779036,1059.8960367812308,False,settled
b,yellow_ramp,ramp,0.0,1.9,0.0,1.155105943010942,811.5478280529649,False,settled
b,yellow_ramp,ramp,0.0,1.9,0.0,0.5006863150509167,1004.1482831454623,False,settled
b,yellow_ramp,ramp,0.0,1.9,0.0,0.3962229114023532,1034.8902592602944,False,settled
b,yellow_ramp,ramp,0.0,1.9,0.0,0.2650596491551639,1086.013699445268,False,settled
b,yellow_ramp,ramp,0.0,1.9,0.0,0.7176793538305533,925.746855703581,False,settled
b,yellow_ramp,ramp,0.0,1.9,0.0,0.8802204884351448,876.5842820642808,False,settled
b,yellow_ramp,ramp,0.0,1.9,0.0,0.9737907393672511,853.7649941090754,False,settled
b,yellow_ramp,ramp,0.0,1.9,0.0,0.5224968671689441,987.6894916966767,False,settled
b,yellow_ramp,ramp,0.0,1.9,0.0,0.548033749969872,986.9245651520865,False,settled
b,yellow_ramp,ramp,0.0,1.9,0.0,0.31060163328576673,1066.8821924431534,False,settled
b,yellow_ramp,ramp,0.0,1.9,0.0,0.34092050109103816,1056.5887129297498,False,settled
