trial,element,model,block_noise_sd,ramp_noise_sd,block_noise_up,ramp_noise_up,final_position_up,ramp_valid,up_stop_reason
a,black_block,ramp,0.33,0.0,1.00200549652505,0.0,841.1534015890484,False,settled
a,black_block,ramp,0.33,0.0,0.7920697199366642,0.0,841.56653034774,False,settled
a,black_block,ramp,0.33,0.0,0.8187952341348692,0.0,842.1465112798613,False,settled
a,black_block,ramp,0.33,0.0,0.7896007841399649,0.0,838.400270487499,False,settled
a,black_block,ramp,0.33,0.0,0.8724248683948639,0.0,841.6877111220308,False,settled
a,black_block,ramp,0.33,0.0,0.8108420729723217,0.0,842.2961099386863,False,settled
a,black_block,ramp,0.33,0.0,0.8681226307289222,0.0,837.7714582889487,False,settled
a,black_block,ramp,0.33,0.0,0.8432687523107105,0.0,841.4688996235177,False,settled
a,black_block,ramp,0.33,0.0,1.1493944298085608,0.0,843.757592644634,False,settled
a,black_block,ramp,0.33,0.0,0.97176441608308,0.0,839.4270073527287,False,settled
a,black_block,ramp,0.33,0.0,1.0370170388421123,0.0,842.8189823452359,False,settled
a,black_block,ramp,0.33,0.0,0.8516891574570352,0.0,843.0270764889979,False,settled
a,black_block,ramp,0.33,0.0,0.9261364896045955,0.0,837.042053583971,False,settled
a,black_block,ramp,0.33,0.0,0.8831097118268666,0.0,842.039925527194,False,settled
a,black_block,ramp,0.33,0.0,0.7903092206437207,0.0,842.3770124429964,False,settled
a,black_block,ramp,0.33,0.0,0.9228761510242963,0.0,837.9824418873181,False,settled
a,black_block,ramp,0.33,0.0,1.0122976291969032,0.0,839.6061202589268,False,settled
a,black_block,ramp,0.33,0.0,1.0103710201353564,0.0,840.1744487574567,False,settled
a,black_block,ramp,0.33,0.0,0.8244346921282809,0.0,842.6744985166567,False,settled
a,black_block,ramp,0.33,0.0,1.0141980769280334,0.0,841.1496266188865,False,settled
a,black_block,ramp,0.33,0.0,0.9873623831177487,0.0,841.381013842626,False,settled
a,black_block,ramp,0.33,0.0,0.7988253539071528,0.0,842.2498074415423,False,settled
a,black_block,ramp,0.33,0.0,0.9676105017757889,0.0,839.8198334940178,False,settled
a,red_block,ramp,0.33,0.0,0.9645433897696655,0.0,838.0685563599689,False,settled
a,red_block,ramp,0.33,0.0,1.057656205296308,0.0,837.0916735569024,False,settled
a,red_block,ramp,0.33,0.0,0.9476065676098732,0.0,841.9174627008258,False,settled
a,red_block,ramp,0.33,0.0,1.2522176952050514,0.0,836.8992120571048,False,settled
a,red_block,ramp,0.33,0.0,1.2300256133992413,0.0,841.2711538699357,False,settled
a,red_block,ramp,0.33,0.0,1.1121967216626762,0.0,842.3433940480239,False,settled
a,red_block,ramp,0.33,0.0,0.9711953450025748,0.0,843.2674254833838,False,settled
a,red_block,ramp,0.33,0.0,0.9815926026505899,0.0,841.6943579718389,False,settled
a,red_block,ramp,0.33,0.0,0.9296856908514559,0.0,837.9035318009453,False,settled
a,red_block,ramp,0.33,0.0,1.3362753632544637,0.0,807.5797360132938,False,settled
a,red_block,ramp,0.33,0.0,0.9245179563573347,0.0,843.2017059625286,False,settled
a,red_block,ramp,0.33,0.0,0.9353353211723144,0.0,842.6503041293374,False,settled
a,red_block,ramp,0.33,0.0,0.9431104614465127,0.0,841.89157078555,False,settled
b,blue_ramp,ramp,0.0,0.6,0.0,0.7008797449771906,1105.4912354134754,False,settled
b,blue_ramp,ramp,0.0,0.6,0.0,1.328521457446734,883.3969364768972,False,settled
b,blue_ramp,ramp,0.0,0.6,0.0,1.2791256634172103,899.1742100400813,False,settled
b,blue_ramp,ramp,0.0,0.6,0.0,0.9206986791089742,1020.7912334240297,False,settled
b,blue_ramp,ramp,0.0,0.6,0.0,0.7529343131156284,1081.3679448507771,False,settled
b,blue_ramp,ramp,0.0,0.6,0.0,1.170656958380821,930.2589765120277,False,settled
b,blue_ramp,ramp,0.0,0.6,0.0,1.1306968214451754,947.9629959192865,False,settled
b,blue_ramp,ramp,0.0,0.6,0.0,0.9276894915202681,1019.4775559001893,False,settled
b,blue_ramp,ramp,0.0,0.6,0.0,1.1998100930963143,920.8434216549575,False,settled
b,blue_ramp,ramp,0.0,0.6,0.0,0.9764956319989244,997.4952916106602,False,settled
b,blue_ramp,ramp,0.0,0.6,0.0,0.8457719353610119,1041.4276328708206,False,settled
b,blue_ramp,ramp,0.0,0.6,0.0,0.8944553965123806,1028.1425237212118,False,settled
b,blue_ramp,ramp,0.0,0.6,0.0,0.7135983318274014,1100.5342508273625,False,settled
b,blue_ramp,ramp,0.0,0.6,0.0,0.9724842033035881,1000.6588909663446,False,settled
b,blue_ramp,ramp,0.0,0.6,0.0,0.8367632584331588,1048.3375145199893,False,settled
b,blue_ramp,ramp,0.0,0.6,0.0,1.0123697959945077,989.5340386187115,False,settled
b,blue_ramp,ramp,0.0,0.6,0.0,1.2542162249625208,908.5448136264648,False,settled
b,blue_ramp,ramp,0.0,0.6,0.0,0.7315183597084655,1099.8179889639102,False,settled
b,blue_ramp,ramp,0.0,0.6,0.0,1.1032940096801611,953.3023284813468,False,settled
b,blue_ramp,ramp,0.0,0.6,0.0,1.1286216432017648,941.3439849005715,False,settled
b,blue_ramp,ramp,0.0,0.6,0.0,1.0876372482221461,957.0982890331803,False,settled
b,blue_ramp,ramp,0.0,0.6,0.0,0.8501392083164192,1038.0214309697376,False,settled
b,blue_ramp,ramp,0.0,0.6,0.0,1.109253672368472,948.3325276678196,False,settled
b,blue_ramp,ramp,0.0,0.6,0.0,0.9615263927683498,998.4670882950429,False,settled
b,blue_ramp,ramp,0.0,0.6,0.0,0.7343508046714683,1097.8335478134902,False,settled
b,blue_ramp,ramp,0.0,0.6,0.0,0.8117909425446062,1054.08687467224,False,settled
b,blue_ramp,ramp,0.0,0.6,0.0,0.8945888025654759,1028.036290848939,False,settled
b,blue_ramp,ramp,0.0,0.6,0.0,0.9989713239150388,985.69698404897,False,settled
b,blue_ramp,ramp,0.0,0.6,0.0,1.2645031144255892,905.995219615413,False,settled
b,blue_ramp,ramp,0.0,0.6,0.0,1.1105030339359105,947.3910962332252,False,settled
b,blue_ramp,ramp,0.0,0.6,0.0,0.7682345451732455,1074.0893522316803,False,settled
b,blue_ramp,ramp,0.0,0.6,0.0,0.6927234189087526,1108.0829334544371,False,settled
b,blue_ramp,ramp,0.0,0.6,0.0,0.6994846662282904,1110.6842303810051,False,settled
b,blue_ramp,ramp,0.0,0.6,0.0,1.1878048895998916,923.4805098107629,False,settled
b,blue_ramp,ramp,0.0,0.6,0.0,0.7392799501674628,1084.835450359015,False,settled
b,blue_ramp,ramp,0.0,0.6,0.0,1.2064056811882538,922.8546155563059,False,settled
b,blue_ramp,ramp,0.0,0.6,0.0,1.4559988872090115,846.0826715992048,False,settled
b,blue_ramp,ramp,0.0,0.6,0.0,0.783905082296304,1076.4823652912332,False,settled
b,blue_ramp,ramp,0.0,0.6,0.0,0.9707169822212759,1002.0935762660656,False,settled
b,blue_ramp,ramp,0.0,0.6,0.0,1.049509346223901,969.655991987713,False,settled
b,blue_ramp,ramp,0.0,0.6,0.0,1.1481674048995785,937.6435468653293,False,settled
b,blue_ramp,ramp,0.0,0.6,0.0,0.69957998380224,1111.5206618456539,False,settled
b,blue_ramp,ramp,0.0,0.6,0.0,0.9597227845809486,999.7058951234404,False,settled
b,blue_ramp,ramp,0.0,0.6,0.0,0.8193717898630548,1061.7340582625034,False,settled
b,blue_ramp,ramp,0.0,0.6,0.0,0.9002557611506861,1023.536706891847,False,settled
b,blue_ramp,ramp,0.0,0.6,0.0,1.1967063339673607,923.5644199954754,False,settled
b,blue_ramp,ramp,0.0,0.6,0.0,0.7526596557662032,1081.2135440513075,False,settled
b,blue_ramp,ramp,0.0,0.6,0.0,1.2262335573981877,915.0483515880654,False,settled
b,blue_ramp,ramp,0.0,0.6,0.0,1.4016380886896995,860.8667068678047,False,settled
b,blue_ramp,ramp,0.0,0.6,0.0,0.9191577742322934,1021.0811471891809,False,settled
b,blue_ramp,ramp,0.0,0.6,0.0,1.21379813755302,916.5086595102324,False,settled
b,blue_ramp,ramp,0.0,0.6,0.0,0.7228064068960757,1090.7501130175008,False,settled
b,blue_ramp,ramp,0.0,0.6,0.0,1.0057323555780984,984.3635556760795,False,settled
b,blue_ramp,ramp,0.0,0.6,0.0,0.8891707151779675,1032.3511141834074,False,settled
b,blue_ramp,ramp,0.0,0.6,0.0,0.9116456529237835,1026.6636741824764,False,settled
b,blue_ramp,ramp,0.0,0.6,0.0,0.7803678421371251,1065.0934098536202,False,settled
b,blue_ramp,ramp,0.0,0.6,0.0,1.4053479623481253,863.7057183173005,False,settled
b,blue_ramp,ramp,0.0,0.6,0.0,0.753044807556349,1081.5369575244138,False,settled
b,blue_ramp,ramp,0.0,0.6,0.0,0.8232883592003425,1058.6378840592065,False,settled
b,blue_ramp,ramp,0.0,0.6,0.0,1.3726188582912575,873.6008713180779,False,settled
b,blue_ramp,ramp,0.0,0.6,0.0,0.8175013837745289,1063.222966404898,False,settled
b,blue_ramp,ramp,0.0,0.6,0.0,0.6870086973597296,1118.6877579498673,False,settled
b,blue_ramp,ramp,0.0,0.6,0.0,0.9283028067660607,1019.3623236294319,False,settled
b,blue_ramp,ramp,0.0,0.6,0.0,1.5653958315081355,825.8010904273926,False,settled
b,blue_ramp,ramp,0.0,0.6,0.0,0.7192997575698544,1100.1565164695094,False,settled
b,blue_ramp,ramp,0.0,0.6,0.0,1.2837395027228269,894.959700191257,False,settled
b,blue_ramp,ramp,0.0,0.6,0.0,0.997160013623146,986.0787547232538,False,settled
b,blue_ramp,ramp,0.0,0.6,0.0,0.8280584952923686,1055.1460623305095,False,settled
b,blue_ramp,ramp,0.0,0.6,0.0,0.7350608950185785,1084.5817196544717,False,settled
b,blue_ramp,ramp,0.0,0.6,0.0,1.126711920953417,942.7420621504222,False,settled
b,blue_ramp,ramp,0.0,0.6,0.0,0.7472613233465707,1085.6581052105073,False,settled
b,blue_ramp,ramp,0.0,0.6,0.0,0.7935731700441772,1072.3161038114893,False,settled
b,blue_ramp,ramp,0.0,0.6,0.0,1.5888384990477091,820.4363772033747,False,settled
b,blue_ramp,ramp,0.0,0.6,0.0,0.9622126864695585,997.9242374519739,False,settled
b,blue_ramp,ramp,0.0,0.6,0.0,1.2290812414789232,914.0515328730392,False,settled
b,blue_ramp,ramp,0.0,0.6,0.0,0.9173300498171868,1022.4009893996765,False,settled
b,blue_ramp,ramp,0.0,0.6,0.0,1.3761295261941326,869.9921284206546,False,settled
b,blue_ramp,ramp,0.0,0.6,0.0,0.882616947845391,1037.3586374351025,False,settled
b,blue_ramp,ramp,0.0,0.6,0.0,0.7982538067927187,1071.6992734082569,False,settled
b,blue_ramp,ramp,0.0,0.6,0.0,0.881502314828524,1038.2522935064017,False,settled
b,blue_ramp,ramp,0.0,0.6,0.0,0.8241687072896737,1058.1944691128597,False,settled
b,blue_ramp,ramp,0.0,0.6,0.0,0.7434541948944129,1089.360074410533,False,settled
b,blue_ramp,ramp,0.0,0.6,0.0,0.8786464941020289,1028.0411012485538,False,settled
b,blue_ramp,ramp,0.0,0.6,0.0,0.8816091782450458,1038.1666322087735,False,settled
b,blue_ramp,ramp,0.0,0.6,0.0,1.0115524848869568,979.9457450163337,False,settled
b,blue_ramp,ramp,0.0,0.6,0.0,0.7549618218582591,1077.4333548827553,False,settled
b,blue_ramp,ramp,0.0,0.6,0.0,0.9286939720624839,1019.2888296964911,False,settled
b,blue_ramp,ramp,0.0,0.6,0.0,0.7790555997980586,1066.1578189264658,False,settled
b,blue_ramp,ramp,0.0,0.6,0.0,1.2625017847826656,900.9595578069876,False,settled
b,blue_ramp,ramp,0.0,0.6,0.0,0.7127758876302612,1099.3708847126602,False,settled
b,blue_ramp,ramp,0.0,0.6,0.0,0.6908013111960861,1113.0028291513977,False,settled
b,blue_ramp,ramp,0.0,0.6,0.0,0.8420664770895246,1044.2120189984528,False,settled
b,blue_ramp,ramp,0.0,0.6,0.0,0.8713644201830362,1033.6873440897928,False,settled
b,blue_ramp,ramp,0.0,0.6,0.0,0.7486315207273266,1087.7282583171116,False,settled
b,blue_ramp,ramp,0.0,0.6,0.0,1.0954336087996532,959.6621777149807,False,settled
b,blue_ramp,ramp,0.0,0.6,0.0,0.7668785647017594,1074.9754510785633,False,settled
b,blue_ramp,ramp,0.0,0.6,0.0,0.9638636313558628,996.636931654929,False,settled
b,blue_ramp,ramp,0.0,0.6,0.0,1.1825334600306832,928.0486775180699,False,settled
b,blue_ramp,ramp,0.0,0.6,0.0,0.6987197526816755,1103.5369053855477,False,settled
b,blue_ramp,ramp,0.0,0.6,0.0,0.7577762553090464,1076.6056984292875,False,settled
b,blue_ramp,ramp,0.0,0.6,0.0,0.896158245944614,1026.7864537015143,False,settled
b,blue_ramp,ramp,0.0,0.6,0.0,1.1628862422974706,936.7455500223236,False,settled
b,blue_ramp,ramp,0.0,0.6,0.0,1.4203298676390028,858.6376371045433,False,settled
b,blue_ramp,ramp,0.0,0.6,0.0,0.9075239685530819,1017.896582686645,False,settled
b,blue_ramp,ramp,0.0,0.6,0.0,1.304374472314287,888.8310847409577,False,settled
b,blue_ramp,ramp,0.0,0.6,0.0,1.291405253182134,894.3979785595234,False,settled
b,blue_ramp,ramp,0.0,0.6,0.0,0.7392599363405714,1084.8024485071007,False,settled
b,blue_ramp,ramp,0.0,0.6,0.0,1.508435350553694,839.519874224888,False,settled
b,blue_ramp,ramp,0.0,0.6,0.0,0.8331918522681655,1051.1306662271143,False,settled
b,blue_ramp,ramp,0.0,0.6,0.0,1.4037202571329377,864.5756229926511,False,settled
b,blue_ramp,ramp,0.0,0.6,0.0,1.0416096775860753,975.7957330632502,False,settled
b,blue_ramp,ramp,0.0,0.6,0.0,1.1381806698923447,941.9172363399076,False,settled
b,blue_ramp,ramp,0.0,0.6,0.0,1.6880322103245406,792.2655459323386,False,settled
b,blue_ramp,ramp,0.0,0.6,0.0,1.102849779252144,953.6748071977181,False,settled
b,blue_ramp,ramp,0.0,0.6,0.0,1.198488070179749,922.0023620355993,False,settled
b,blue_ramp,ramp,0.0,0.6,0.0,0.7882828181179554,1073.5483583056523,False,settled
b,blue_ramp,ramp,0.0,0.6,0.0,0.7472013448653997,1085.5300300861538,False,settled
b,blue_ramp,ramp,0.0,0.6,0.0,0.7109252286760372,1108.7101808678433,False,settled
b,blue_ramp,ramp,0.0,0.6,0.0,1.0211341363021982,982.3299697064967,False,settled
b,blue_ramp,ramp,0.0,0.6,0.0,0.9014768973190421,1022.5713846045517,False,settled
b,blue_ramp,ramp,0.0,0.6,0.0,1.2829518346034499,895.6031509792326,False,settled
b,blue_ramp,ramp,0.0,0.6,0.0,1.0601833250344088,970.6566465004473,False,settled
b,blue_ramp,ramp,0.0,0.6,0.0,1.0366500948300028,979.890401334681,False,settled
b,blue_ramp,ramp,0.0,0.6,0.0,0.9570595467949798,1001.7413655574762,False,settled
b,blue_ramp,ramp,0.0,0.6,0.0,0.7347330983734224,1098.2131334888436,False,settled
b,blue_ramp,ramp,0.0,0.6,0.0,1.6593706455718145,802.4209251449372,False,settled
b,blue_ramp,ramp,0.0,0.6,0.0,0.8175009067144401,1063.2233460991301,False,settled
b,blue_ramp,ramp,0.0,0.6,0.0,0.716635430842886,1093.5710821991042,False,settled
b,blue_ramp,ramp,0.0,0.6,0.0,0.8922407140512197,1029.906264181451,False,settled
b,blue_ramp,ramp,0.0,0.6,0.0,1.07231849294141,965.9553969994438,False,settled
b,blue_ramp,ramp,0.0,0.6,0.0,1.1719123770006137,929.2661350170303,False,settled
b,blue_ramp,ramp,0.0,0.6,0.0,1.429602817331026,853.2028129531357,False,settled
b,blue_ramp,ramp,0.0,0.6,0.0,0.7984119571904073,1071.6784513452997,False,settled
b,blue_ramp,ramp,0.0,0.6,0.0,1.4900333013193983,843.3797500673849,False,settled
b,blue_ramp,ramp,0.0,0.6,0.0,0.8510197747105205,1050.2700468713406,False,settled
b,blue_ramp,ramp,0.0,0.6,0.0,0.9184857963911225,1021.486137002213,False,settled
b,blue_ramp,ramp,0.0,0.6,0.0,1.1881877426725553,923.151697216475,False,settled
b,blue_ramp,ramp,0.0,0.6,0.0,0.6931968422835594,1114.7445395879029,False,settled
b,blue_ramp,ramp,0.0,0.6,0.0,0.904440714890601,1020.2534046479025,False,settled
b,blue_ramp,ramp,0.0,0.6,0.0,1.4180450168927452,856.2939109562357,False,settled
b,blue_ramp,ramp,0.0,0.6,0.0,0.7216448243378932,1102.8729671554495,False,settled
b,blue_ramp,ramp,0.0,0.6,0.0,0.8409446851504242,1045.0826573673605,False,settled
b,blue_ramp,ramp,0.0,0.6,0.0,0.7801486438159432,1065.2613031859316,False,settled
b,blue_ramp,ramp,0.0,0.6,0.0,0.7598223054175294,1077.8115924492793,False,settled
b,blue_ramp,ramp,0.0,0.6,0.0,0.8397548827041894,1046.0060123573,False,settled
b,blue_ramp,ramp,0.0,0.6,0.0,1.118174131772534,949.574821656662,False,settled
b,blue_ramp,ramp,0.0,0.6,0.0,0.8040503416645972,1057.1112503252798,False,settled
b,blue_ramp,ramp,0.0,0.6,0.0,1.190335682875297,928.933892843378,False,settled
b,blue_ramp,ramp,0.0,0.6,0.0,0.9938865365198577,986.7621911794719,False,settled
b,blue_ramp,ramp,0.0,0.6,0.0,1.2079631055206066,921.5008447857788,False,settled
b,blue_ramp,ramp,0.0,0.6,0.0,1.076252233460668,964.9595068735067,False,settled
b,blue_ramp,ramp,0.0,0.6,0.0,0.734411105911481,1097.8115819448776,False,settled
b,blue_ramp,ramp,0.0,0.6,0.0,1.2959182374561764,890.2708404955367,False,settled
b,blue_ramp,ramp,0.0,0.6,0.0,0.8460058422090072,1041.1725735604919,False,settled
b,blue_ramp,ramp,0.0,0.6,0.0,0.8386230315042966,1046.8843801053526,False,settled
b,blue_ramp,ramp,0.0,0.6,0.0,0.7437614341220191,1089.5509809314485,False,settled
b,blue_ramp,ramp,0.0,0.6,0.0,0.8427938377165265,1043.6476615253064,False,settled
b,blue_ramp,ramp,0.0,0.6,0.0,1.3252276715396747,886.6126836462186,False,settled
b,blue_ramp,ramp,0.0,0.6,0.0,0.7549467745996746,1077.42596461005,False,settled
b,blue_ramp,ramp,0.0,0.6,0.0,1.134767483589761,944.5408308486365,False,settled
b,blue_ramp,ramp,0.0,0.6,0.0,1.0961388134143608,959.066388107169,False,settled
b,blue_ramp,ramp,0.0,0.6,0.0,0.7829954127550118,1077.199235054524,False,settled
b,blue_ramp,ramp,0.0,0.6,0.0,1.05427682712742,965.9635867337748,False,settled
b,blue_ramp,ramp,0.0,0.6,0.0,1.3843250385283365,867.3175745883137,False,settled
b,blue_ramp,ramp,0.0,0.6,0.0,0.7396953768138051,1084.3834557250862,False,settled
b,blue_ramp,ramp,0.0,0.6,0.0,0.834352584870134,1050.222721472018,False,settled
b,blue_ramp,ramp,0.0,0.6,0.0,0.9177152551251437,1022.0956126381499,False,settled
b,blue_ramp,ramp,0.0,0.6,0.0,0.9963304085184396,986.2519507101578,False,settled
b,blue_ramp,ramp,0.0,0.6,0.0,0.9128670923488095,1025.9399400081918,False,settled
b,blue_ramp,ramp,0.0,0.6,0.0,1.4142399135280574,860.172160857693,False,settled
b,blue_ramp,ramp,0.0,0.6,0.0,0.9820492110120944,993.1099388493549,False,settled
b,blue_ramp,ramp,0.0,0.6,0.0,1.151087777193549,936.7865201948105,False,settled
b,blue_ramp,ramp,0.0,0.6,0.0,1.0653358808271798,967.7418800985134,False,settled
b,blue_ramp,ramp,0.0,0.6,0.0,1.4474022283050982,851.5546440935891,False,settled
b,blue_ramp,ramp,0.0,0.6,0.0,0.9888386051336859,988.1561398834035,False,settled
b,blue_ramp,ramp,0.0,0.6,0.0,0.7189918014083552,1099.6644460052332,False,settled
b,blue_ramp,ramp,0.0,0.6,0.0,0.7853767343767462,1075.3221378396668,False,settled
b,blue_ramp,ramp,0.0,0.6,0.0,0.9065671481166981,1018.7085404240377,False,settled
b,blue_ramp,ramp,0.0,0.6,0.0,0.8137506320281294,1052.5784778816828,False,settled
b,blue_ramp,ramp,0.0,0.6,0.0,1.107014720962926,950.2742635029567,False,settled
b,blue_ramp,ramp,0.0,0.6,0.0,0.727355064894678,1095.9262984537959,False,settled
b,blue_ramp,ramp,0.0,0.6,0.0,0.7140832849727836,1101.9018117717244,False,settled
b,blue_ramp,ramp,0.0,0.6,0.0,0.7246921220199661,1090.7259680401446,False,settled
b,blue_ramp,ramp,0.0,0.6,0.0,0.8914256655516333,1030.5554264744685,False,settled
b,blue_ramp,ramp,0.0,0.6,0.0,1.228820693365362,914.1427081184726,False,settled
b,blue_ramp,ramp,0.0,0.6,0.0,0.9027115451623701,1021.5955960887485,False,settled
b,blue_ramp,ramp,0.0,0.6,0.0,0.8615962887544716,1035.131981962076,False,settled
b,blue_ramp,ramp,0.0,0.6,0.0,1.201882251238174,919.0489739720535,False,settled
b,blue_ramp,ramp,0.0,0.6,0.0,1.472337757869288,844.0500271476566,False,settled
b,blue_ramp,ramp,0.0,0.6,0.0,1.038722085024369,978.1795978570424,False,settled
b,blue_ramp,ramp,0.0,0.6,0.0,0.7191318660005191,1099.9986602728893,False,settled
b,blue_ramp,ramp,0.0,0.6,0.0,1.4529340397944603,849.6226759484105,False,settled
b,blue_ramp,ramp,0.0,0.6,0.0,0.7665084413353288,1075.2040491553585,False,settled
b,blue_ramp,ramp,0.0,0.6,0.0,0.6933950684198602,1104.030049216977,False,settled
b,blue_ramp,ramp,0.0,0.6,0.0,1.1205159491508019,947.8508434214657,False,settled
b,blue_ramp,ramp,0.0,0.6,0.0,0.7929508790003906,1072.3983337600016,False,settled
b,blue_ramp,ramp,0.0,0.6,0.0,0.8141519659763459,1052.3588883050556,False,settled
b,blue_ramp,ramp,0.0,0.6,0.0,0.7147144357899943,1103.7803595181358,False,settled
b,blue_ramp,ramp,0.0,0.6,0.0,1.3415400873394372,882.4572675906392,False,settled
b,blue_ramp,ramp,0.0,0.6,0.0,0.8181470211292324,1062.7090674115113,False,settled
b,blue_ramp,ramp,0.0,0.6,0.0,1.2217977898440178,916.8963455563367,False,settled
b,blue_ramp,ramp,0.0,0.6,0.0,0.7571741883439288,1076.5591197341917,False,settled
b,blue_ramp,ramp,0.0,0.6,0.0,1.37642182499272,869.6925823549824,False,settled
b,blue_ramp,ramp,0.0,0.6,0.0,0.7792789959588281,1065.9867309702374,False,settled
b,blue_ramp,ramp,0.0,0.6,0.0,0.6867205105751649,1110.0097164346105,False,settled
b,blue_ramp,ramp,0.0,0.6,0.0,0.7654278540531165,1075.8614287304722,False,settled
b,blue_ramp,ramp,0.0,0.6,0.0,0.9479963303321123,1009.0126560576279,False,settled
b,blue_ramp,ramp,0.0,0.6,0.0,0.7437314319914918,1089.5323818542224,False,settled
b,blue_ramp,ramp,0.0,0.6,0.0,0.8376930635951797,1047.6103694447665,False,settled
b,blue_ramp,ramp,0.0,0.6,0.0,1.360907135681261,874.4846585603494,False,settled
b,blue_ramp,ramp,0.0,0.6,0.0,0.8537955681379235,1049.2106538379362,False,settled
b,blue_ramp,ramp,0.0,0.6,0.0,0.7416051684056773,1088.4094909768,False,settled
b,blue_ramp,ramp,0.0,0.6,0.0,0.7073267664400753,1110.2490301974128,False,settled
b,blue_ramp,ramp,0.0,0.6,0.0,0.968275821967241,1004.0756138679618,False,settled
b,blue_ramp,ramp,0.0,0.6,0.0,0.7792596321548944,1066.0015612356178,False,settled
b,blue_ramp,ramp,0.0,0.6,0.0,0.8520766536512732,1049.4900950908655,False,settled
b,blue_ramp,ramp,0.0,0.6,0.0,1.0710683833797008,966.2751949335011,False,settled
b,blue_ramp,ramp,0.0,0.6,0.0,1.0773786398647869,964.6754006962842,False,settled
b,blue_ramp,ramp,0.0,0.6,0.0,1.1841090074230782,926.6778495795124,False,settled
b,blue_ramp,ramp,0.0,0.6,0.0,0.6919772973439698,1109.1852601828396,False,settled
b,blue_ramp,ramp,0.0,0.6,0.0,0.7055654961995786,1101.1972093920037,False,settled
b,blue_ramp,ramp,0.0,0.6,0.0,0.6921764464045757,1113.474954992629,False,settled
b,blue_ramp,ramp,0.0,0.6,0.0,1.2540700128449755,908.6794825776509,False,settled
b,blue_ramp,ramp,0.0,0.6,0.0,0.8334594395513425,1050.9213950831947,False,settled
b,blue_ramp,ramp,0.0,0.6,0.0,0.8299702473645559,1053.6504297940958,False,settled
b,blue_ramp,ramp,0.0,0.6,0.0,1.0141541025230565,988.0623187127852,False,settled
b,blue_ramp,ramp,0.0,0.6,0.0,1.0252444203459328,978.9679347947732,False,settled
b,blue_ramp,ramp,0.0,0.6,0.0,1.2277674722344696,914.511494749993,False,settled
b,blue_ramp,ramp,0.0,0.6,0.0,1.0640977483444571,968.0586672548894,False,settled
b,blue_ramp,ramp,0.0,0.6,0.0,1.0915348679014543,953.8786355089925,False,settled
b,blue_ramp,ramp,0.0,0.6,0.0,1.2288239132702745,914.141581356897,False,settled
b,blue_ramp,ramp,0.0,0.6,0.0,1.2070529472861875,922.2919955264297,False,settled
b,blue_ramp,ramp,0.0,0.6,0.0,1.5370184602016592,832.0733797128686,False,settled
b,blue_ramp,ramp,0.0,0.6,0.0,0.7345203020511653,1097.8061356722042,False,settled
b,blue_ramp,ramp,0.0,0.6,0.0,0.7176304451635646,1095.4836275896644,False,settled
b,blue_ramp,ramp,0.0,0.6,0.0,0.7681226675626389,1074.1683722921475,False,settled
b,blue_ramp,ramp,0.0,0.6,0.0,0.8492268228359243,1038.7825569566346,False,settled
b,blue_ramp,ramp,0.0,0.6,0.0,1.0422771818032237,975.2447167666637,False,settled
b,blue_ramp,ramp,0.0,0.6,0.0,1.3405199364169553,877.9796218148715,False,settled
b,blue_ramp,ramp,0.0,0.6,0.0,0.7063976873992006,1105.9577680738498,False,settled
b,blue_ramp,ramp,0.0,0.6,0.0,0.895383245641194,1027.4036466713103,False,settled
b,blue_ramp,ramp,0.0,0.6,0.0,0.9229582505845445,1020.3669121981383,False,settled
b,blue_ramp,ramp,0.0,0.6,0.0,0.9238875469911522,1020.192185793116,False,settled
b,blue_ramp,ramp,0.0,0.6,0.0,1.1172728759750707,950.3363281247514,False,settled
b,blue_ramp,ramp,0.0,0.6,0.0,0.9473157063532345,1009.5599432705021,False,settled
b,blue_ramp,ramp,0.0,0.6,0.0,0.8938069062919618,1028.658910936269,False,settled
b,blue_ramp,ramp,0.0,0.6,0.0,0.7709009058697621,1072.2026756174755,False,settled
b,blue_ramp,ramp,0.0,0.6,0.0,0.7200507320068813,1099.0495970683887,False,settled
b,blue_ramp,ramp,0.0,0.6,0.0,0.9426746099819184,1013.3110417741359,False,settled
b,blue_ramp,ramp,0.0,0.6,0.0,0.8163423599100247,1064.1453295956765,False,settled
b,blue_ramp,ramp,0.0,0.6,0.0,0.9606281520325086,999.1804129782228,False,settled
b,blue_ramp,ramp,0.0,0.6,0.0,1.170245092881497,930.6144237987746,False,settled
b,blue_ramp,ramp,0.0,0.6,0.0,0.9081579396460292,1017.40923646553,False,settled
b,blue_ramp,ramp,0.0,0.6,0.0,0.882347650237021,1037.574615419113,False,settled
b,blue_ramp,ramp,0.0,0.6,0.0,0.6907671703641095,1112.0193727150117,False,settled
b,blue_ramp,ramp,0.0,0.6,0.0,0.7311105422657631,1099.3052478089578,False,settled
b,blue_ramp,ramp,0.0,0.6,0.0,1.0599240150973646,970.8689547813145,False,settled
b,blue_ramp,ramp,0.0,0.6,0.0,0.7600877736321204,1077.9784032548903,False,settled
b,blue_ramp,ramp,0.0,0.6,0.0,0.7035095295980637,1104.4249179299604,False,settled
b,blue_ramp,ramp,0.0,0.6,0.0,0.796560350363552,1071.9222741606325,False,settled
b,blue_ramp,ramp,0.0,0.6,0.0,0.8075485984750334,1056.780712721871,False,settled
b,blue_ramp,ramp,0.0,0.6,0.0,0.822873396597163,1058.965938588337,False,settled
b,blue_ramp,ramp,0.0,0.6,0.0,1.0325099864752683,973.387520196456,False,settled
b,blue_ramp,ramp,0.0,0.6,0.0,0.9463174836687138,1010.3625766229796,False,settled
b,blue_ramp,ramp,0.0,0.6,0.0,1.5938377431331756,817.713368796195,False,settled
b,blue_ramp,ramp,0.0,0.6,0.0,1.5706742626070282,823.4276814853698,False,settled
b,blue_ramp,ramp,0.0,0.6,0.0,0.9201716922374653,1020.8905428335264,False,settled
b,blue_ramp,ramp,0.0,0.6,0.0,1.511138886097233,838.383844200866,False,settled
b,blue_ramp,ramp,0.0,0.6,0.0,1.2003974651197347,920.4188892377772,False,settled
b,blue_ramp,ramp,0.0,0.6,0.0,0.7328078049769459,1085.751478797248,False,settled
b,blue_ramp,ramp,0.0,0.6,0.0,0.7420298796029509,1088.7203049280324,False,settled
b,blue_ramp,ramp,0.0,0.6,0.0,1.0848270560615223,959.4348032145217,False,settled
b,blue_ramp,ramp,0.0,0.6,0.0,0.8776615054284823,1028.8060315028295,False,settled
b,blue_ramp,ramp,0.0,0.6,0.0,1.2295317166959738,913.8938952118747,False,settled
b,blue_ramp,ramp,0.0,0.6,0.0,0.7234368640736993,1091.8972786987285,False,settled
b,blue_ramp,ramp,0.0,0.6,0.0,1.0284140208892587,976.6892997788032,False,settled
b,blue_ramp,ramp,0.0,0.6,0.0,1.0406097952092106,976.6211168320997,False,settled
b,blue_ramp,ramp,0.0,0.6,0.0,0.7441877984111722,1085.0144092063433,False,settled
b,blue_ramp,ramp,0.0,0.6,0.0,0.9078793469009979,1017.6233924118803,False,settled
b,blue_ramp,ramp,0.0,0.6,0.0,0.9146508138004582,1024.525225636322,False,settled
b,blue_ramp,ramp,0.0,0.6,0.0,0.7092229400120071,1102.5948645335,False,settled
b,blue_ramp,ramp,0.0,0.6,0.0,0.7747500660891112,1069.4277092072482,False,settled
b,blue_ramp,ramp,0.0,0.6,0.0,0.9305957692657678,1018.9315097926486,False,settled
b,blue_ramp,ramp,0.0,0.6,0.0,1.1825081965036683,928.0706554546674,False,settled
b,blue_ramp,ramp,0.0,0.6,0.0,0.968636001132402,1003.7831894300474,False,settled
b,blue_ramp,ramp,0.0,0.6,0.0,0.9769976060168449,997.0996184191753,False,settled
b,blue_ramp,ramp,0.0,0.6,0.0,0.756827511287183,1076.6449878345895,False,settled
b,blue_ramp,ramp,0.0,0.6,0.0,0.8121854401635343,1053.781170266481,False,settled
b,blue_ramp,ramp,0.0,0.6,0.0,0.746571046733045,1084.1811970179028,False,settled
b,blue_ramp,ramp,0.0,0.6,0.0,0.7992086314939056,1057.7228121178684,False,settled
b,blue_ramp,ramp,0.0,0.6,0.0,1.2205561860241667,918.0030214712406,False,settled
b,blue_ramp,ramp,0.0,0.6,0.0,0.9846602989845638,991.4157934332096,False,settled
b,blue_ramp,ramp,0.0,0.6,0.0,0.9809796353347334,993.9565942031466,False,settled
b,blue_ramp,ramp,0.0,0.6,0.0,0.9856654054491861,990.5467784359969,False,settled
b,blue_ramp,ramp,0.0,0.6,0.0,0.7424931530890878,1089.0151932890342,False,settled
b,blue_ramp,ramp,0.0,0.6,0.0,1.6791015523225965,796.3909836142262,False,settled
b,blue_ramp,ramp,0.0,0.6,0.0,1.0381227201110517,978.6743969537595,False,settled
b,blue_ramp,ramp,0.0,0.6,0.0,1.198103543699868,922.339406332469,False,settled
b,blue_ramp,ramp,0.0,0.6,0.0,0.8012322744807097,1057.5444741038932,False,settled
b,blue_ramp,ramp,0.0,0.6,0.0,0.7175692768631651,1095.2312031731412,False,settled
b,blue_ramp,ramp,0.0,0.6,0.0,0.9257791643143929,1019.8367180773326,False,settled
b,blue_ramp,ramp,0.0,0.6,0.0,0.7052623576500409,1100.7834519991811,False,settled
b,blue_ramp,ramp,0.0,0.6,0.0,1.3888623382206124,867.652550651718,False,settled
b,blue_ramp,ramp,0.0,0.6,0.0,0.7682119709506001,1074.1052975677512,False,settled
b,blue_ramp,ramp,0.0,0.6,0.0,0.7880882612847945,1073.6944612831426,False,settled
b,blue_ramp,ramp,0.0,0.6,0.0,0.7978504081252028,1071.752384738476,False,settled
b,blue_ramp,ramp,0.0,0.6,0.0,0.8814017763046583,1038.332884134851,False,settled
b,blue_ramp,ramp,0.0,0.6,0.0,1.266977242291585,903.7012079454481,False,settled
b,blue_ramp,ramp,0.0,0.6,0.0,0.8794740989081493,1027.4004475246325,False,settled
b,blue_ramp,ramp,0.0,0.6,0.0,0.8166544710948956,1063.8969698932422,False,settled
b,blue_ramp,ramp,0.0,0.6,0.0,0.768714667004541,1073.7500102954434,False,settled
b,blue_ramp,ramp,0.0,0.6,0.0,1.2437463979292367,911.0353547364957,False,settled
b,blue_ramp,ramp,0.0,0.6,0.0,0.735694451413488,1086.5983156748741,False,settled
b,blue_ramp,ramp,0.0,0.6,0.0,1.391884291079019,864.8426180733617,False,settled
b,blue_ramp,ramp,0.0,0.6,0.0,1.0690634165671378,966.78809698967,False,settled
b,blue_ramp,ramp,0.0,0.6,0.0,0.8658579768503358,1034.4879402079384,False,settled
b,blue_ramp,ramp,0.0,0.6,0.0,1.5574471869806998,826.7838067768929,False,settled
b,blue_ramp,ramp,0.0,0.6,0.0,0.7952925586532069,1072.0894740074323,False,settled
b,blue_ramp,ramp,0.0,0.6,0.0,1.0335696737174345,972.5207492479899,False,settled
b,blue_ramp,ramp,0.0,0.6,0.0,1.104947020106604,951.916137383139,False,settled
b,blue_ramp,ramp,0.0,0.6,0.0,1.0283596909752397,976.6975846476744,False,settled
b,blue_ramp,ramp,0.0,0.6,0.0,1.1538215295869674,935.9927169871612,False,settled
b,blue_ramp,ramp,0.0,0.6,0.0,0.9322960221705864,1018.6120550087768,False,settled
b,blue_ramp,ramp,0.0,0.6,0.0,0.9271956911793536,1019.5703330166798,False,settled
b,blue_ramp,ramp,0.0,0.6,0.0,1.162248647729602,937.2997870854817,False,settled
b,blue_ramp,ramp,0.0,0.6,0.0,0.8689213253869817,1034.042512714826,False,settled
b,blue_ramp,ramp,0.0,0.6,0.0,0.9498424090680389,1007.5282990428208,False,settled
b,blue_ramp,ramp,0.0,0.6,0.0,0.7209436410135851,1102.5187078455767,False,settled
b,blue_ramp,ramp,0.0,0.6,0.0,0.7891651435540269,1072.897418694008,False,settled
b,blue_ramp,ramp,0.0,0.6,0.0,0.9255299459534972,1019.883550671539,False,settled
b,blue_ramp,ramp,0.0,0.6,0.0,0.8962121157763822,1026.7435518112472,False,settled
b,blue_ramp,ramp,0.0,0.6,0.0,0.9744047248889763,999.1067153529415,False,settled
b,blue_ramp,ramp,0.0,0.6,0.0,0.9906148631631102,987.5583181063643,False,settled
b,blue_ramp,ramp,0.0,0.6,0.0,1.0158375988701787,986.6739881917133,False,settled
b,blue_ramp,ramp,0.0,0.6,0.0,0.7060596232670512,1103.7652031584007,False,settled
b,blue_ramp,ramp,0.0,0.6,0.0,1.1404778451800028,939.9848477117329,False,settled
b,blue_ramp,ramp,0.0,0.6,0.0,0.7044810180991298,1111.6705334122596,False,settled
b,blue_ramp,ramp,0.0,0.6,0.0,0.9031269866596228,1021.2670635046395,False,settled
b,blue_ramp,ramp,0.0,0.6,0.0,0.6921167048428517,1111.199710579175,False,settled
b,blue_ramp,ramp,0.0,0.6,0.0,1.0315977799525793,974.0871191811895,False,settled
b,blue_ramp,ramp,0.0,0.6,0.0,1.1751877001973867,926.4142227730982,False,settled
b,blue_ramp,ramp,0.0,0.6,0.0,1.093346943948944,952.4288783192386,False,settled
b,blue_ramp,ramp,0.0,0.6,0.0,1.415028651713105,859.5613486731531,False,settled
b,blue_ramp,ramp,0.0,0.6,0.0,0.9745809865036582,998.9681753118879,False,settled
b,blue_ramp,ramp,0.0,0.6,0.0,0.8150275398594714,1051.6952519470058,False,settled
b,blue_ramp,ramp,0.0,0.6,0.0,0.7699041297597765,1072.9088074456192,False,settled
b,blue_ramp,ramp,0.0,0.6,0.0,1.4581189125802743,847.9808666768179,False,settled
b,blue_ramp,ramp,0.0,0.6,0.0,1.1328248974883435,946.1738344339166,False,settled
b,blue_ramp,ramp,0.0,0.6,0.0,1.1928947493124304,926.9225240721153,False,settled
b,blue_ramp,ramp,0.0,0.6,0.0,0.8911773535160397,1030.7531962708847,False,settled
b,blue_ramp,ramp,0.0,0.6,0.0,0.7946521831457193,1072.1738492076051,False,settled
b,blue_ramp,ramp,0.0,0.6,0.0,1.1479200709456256,937.7161306935549,False,settled
b,blue_ramp,ramp,0.0,0.6,0.0,0.9021848204107313,1022.0118951277642,False,settled
b,blue_ramp,ramp,0.0,0.6,0.0,0.7110075009767657,1108.9906723832064,False,settled
b,blue_ramp,ramp,0.0,0.6,0.0,0.9976514268079832,985.9726006459078,False,settled
b,blue_ramp,ramp,0.0,0.6,0.0,1.1909035849644818,928.4325108573371,False,settled
b,blue_ramp,ramp,0.0,0.6,0.0,1.1221852989074503,946.4907954766849,False,settled
b,blue_ramp,ramp,0.0,0.6,0.0,1.2306596329282278,913.4991961312173,False,settled
b,blue_ramp,ramp,0.0,0.6,0.0,0.9004206664243297,1023.40635817665,False,settled
b,blue_ramp,ramp,0.0,0.6,0.0,0.8776201709961188,1028.8385383079603,False,settled
b,blue_ramp,ramp,0.0,0.6,0.0,0.8534463512891285,1049.267931763875,False,settled
b,blue_ramp,ramp,0.0,0.6,0.0,0.6966740979262832,1116.1602786057365,False,settled
b,blue_ramp,ramp,0.0,0.6,0.0,1.473595553684802,847.1816917454856,False,settled
b,blue_ramp,ramp,0.0,0.6,0.0,1.1365029240403084,943.3351431817928,False,settled
b,blue_ramp,ramp,0.0,0.6,0.0,1.3050884801585647,888.0954414505975,False,settled
b,blue_ramp,ramp,0.0,0.6,0.0,1.3432077622919358,880.7954395233737,False,settled
b,blue_ramp,ramp,0.0,0.6,0.0,1.2221731760931762,916.5632863889533,False,settled
b,blue_ramp,ramp,0.0,0.6,0.0,1.110093462373123,947.6395013622499,False,settled
b,blue_ramp,ramp,0.0,0.6,0.0,0.9998979573091269,985.5035591634224,False,settled
b,blue_ramp,ramp,0.0,0.6,0.0,0.944882560747508,1011.5217279867808,False,settled
b,blue_ramp,ramp,0.0,0.6,0.0,0.8196448582234483,1061.5181073915646,False,settled
b,blue_ramp,ramp,0.0,0.6,0.0,1.0015663228627445,985.1554478044774,False,settled
b,blue_ramp,ramp,0.0,0.6,0.0,0.7879210344944362,1073.7766582912145,False,settled
b,blue_ramp,ramp,0.0,0.6,0.0,1.22846856246608,914.2659314884891,False,settled
b,blue_ramp,ramp,0.0,0.6,0.0,0.9653905186826041,1006.4186243924702,False,settled
b,blue_ramp,ramp,0.0,0.6,0.0,1.0773285770424277,964.6880277754314,False,settled
b,blue_ramp,ramp,0.0,0.6,0.0,0.870123100250386,1033.8680056349713,False,settled
b,blue_ramp,ramp,0.0,0.6,0.0,1.2200356396538112,918.4669872447733,False,settled
b,blue_ramp,ramp,0.0,0.6,0.0,0.703153212112858,1104.9271924103407,False,settled
b,blue_ramp,ramp,0.0,0.6,0.0,0.7279252650496518,1097.2483491905082,False,settled
b,blue_ramp,ramp,0.0,0.6,0.0,0.9742536135720693,999.228422212996,False,settled
b,blue_ramp,ramp,0.0,0.6,0.0,1.113863353170766,953.2277806298216,False,settled
b,blue_ramp,ramp,0.0,0.6,0.0,1.0168046075393997,985.876514481606,False,settled
b,blue_ramp,ramp,0.0,0.6,0.0,1.2727105507547385,898.484994710906,False,settled
b,blue_ramp,ramp,0.0,0.6,0.0,1.2907873111490402,894.9657537558711,False,settled
b,blue_ramp,ramp,0.0,0.6,0.0,0.7317674708559435,1100.1295074404156,False,settled
b,blue_ramp,ramp,0.0,0.6,0.0,0.7576470964899605,1076.6234225390704,False,settled
b,blue_ramp,ramp,0.0,0.6,0.0,0.8308126303319446,1052.9916796355674,False,settled
b,blue_ramp,ramp,0.0,0.6,0.0,1.2469242742052657,908.1303530019824,False,settled
b,blue_ramp,ramp,0.0,0.6,0.0,1.1520590127988444,936.5028799755306,False,settled
b,blue_ramp,ramp,0.0,0.6,0.0,0.7156129599684552,1107.2260840218153,False,settled
b,blue_ramp,ramp,0.0,0.6,0.0,0.9065127565470789,1018.7507073104322,False,settled
b,blue_ramp,ramp,0.0,0.6,0.0,0.7285947783337631,1098.2576658498567,False,settled
b,blue_ramp,ramp,0.0,0.6,0.0,1.3323417479093047,879.9899759743735,False,settled
b,blue_ramp,ramp,0.0,0.6,0.0,0.9209104306663565,1020.7511781091272,False,settled
b,blue_ramp,ramp,0.0,0.6,0.0,0.789553017913811,1072.846217902536,False,settled
b,blue_ramp,ramp,0.0,0.6,0.0,1.015147097216878,987.243427461866,False,settled
b,blue_ramp,ramp,0.0,0.6,0.0,0.7131785729387293,1099.563100806427,False,settled
b,blue_ramp,ramp,0.0,0.6,0.0,1.4400531829483312,850.8284385048681,False,settled
b,blue_ramp,ramp,0.0,0.6,0.0,1.4000622976029518,861.6865274009563,False,settled
b,blue_ramp,ramp,0.0,0.6,0.0,1.3642617363803473,871.3820760474584,False,settled
b,blue_ramp,ramp,0.0,0.6,0.0,1.1041660654312377,952.5711184469659,False,settled
b,blue_ramp,ramp,0.0,0.6,0.0,0.901200408594772,1022.7898942122122,False,settled
b,blue_ramp,ramp,0.0,0.6,0.0,0.7986286608355343,1057.799850170078,False,settled
b,blue_ramp,ramp,0.0,0.6,0.0,0.8947542505383106,1027.9045412958553,False,settled
b,blue_ramp,ramp,0.0,0.6,0.0,0.8883023086666455,1033.045612947853,False,settled
b,blue_ramp,ramp,0.0,0.6,0.0,0.702270295316631,1098.7828624195538,False,settled
b,blue_ramp,ramp,0.0,0.6,0.0,0.955432028400223,1003.0393859804428,False,settled
b,blue_ramp,ramp,0.0,0.6,0.0,0.7253020100556943,1093.4184884623494,False,settled
b,blue_ramp,ramp,0.0,0.6,0.0,1.368570748311377,872.2631883389805,False,settled
b,blue_ramp,ramp,0.0,0.6,0.0,1.4721186189822528,844.3118937825692,False,settled
b,blue_ramp,ramp,0.0,0.6,0.0,0.9127903968370501,1026.0007677832602,False,settled
b,blue_ramp,ramp,0.0,0.6,0.0,0.7031991489385129,1104.9347085876652,False,settled
b,blue_ramp,ramp,0.0,0.6,0.0,0.7905151198634462,1072.7193123888171,False,settled
b,blue_ramp,ramp,0.0,0.6,0.0,0.7540899940893716,1077.884771626249,False,settled
b,blue_ramp,ramp,0.0,0.6,0.0,0.9821502792136092,993.02982331991,False,settled
b,blue_ramp,ramp,0.0,0.6,0.0,0.7315560711765352,1099.8652229111717,False,settled
b,blue_ramp,ramp,0.0,0.6,0.0,0.7909822869668532,1072.6577688606158,False,settled
b,blue_ramp,ramp,0.0,0.6,0.0,0.824517738298037,1057.9195394185758,False,settled
b,blue_ramp,ramp,0.0,0.6,0.0,1.1041317699944646,952.5998750271986,False,settled
b,blue_ramp,ramp,0.0,0.6,0.0,0.8231889421098647,1058.7164818357812,False,settled
b,blue_ramp,ramp,0.0,0.6,0.0,0.9940898858571761,986.7197314621513,False,settled
b,blue_ramp,ramp,0.0,0.6,0.0,0.7477054454486495,1086.6051544676875,False,settled
b,blue_ramp,ramp,0.0,0.6,0.0,0.7053574951941166,1100.5990647922613,False,settled
b,blue_ramp,ramp,0.0,0.6,0.0,0.7819449576942848,1078.0269155819994,False,settled
b,blue_ramp,ramp,0.0,0.6,0.0,0.9321839370040494,1018.6331143739719,False,settled
b,blue_ramp,ramp,0.0,0.6,0.0,0.7084382815673037,1098.5863179550533,False,settled
b,blue_ramp,ramp,0.0,0.6,0.0,0.8332531843114872,1051.0827005712833,False,settled
b,blue_ramp,ramp,0.0,0.6,0.0,1.1893557206252023,922.2466950052973,False,settled
b,blue_ramp,ramp,0.0,0.6,0.0,0.8951871386740388,1027.5598169285365,False,settled
b,blue_ramp,ramp,0.0,0.6,0.0,0.9630589338338211,997.3487101117187,False,settled
b,blue_ramp,ramp,0.0,0.6,0.0,1.0142997772997584,987.9421858141369,False,settled
b,blue_ramp,ramp,0.0,0.6,0.0,0.8819554228388956,1037.8890789436123,False,settled
b,blue_ramp,ramp,0.0,0.6,0.0,0.8272319223022847,1055.7824815013028,False,settled
b,blue_ramp,ramp,0.0,0.6,0.0,1.2007841074909205,920.0799627888496,False,settled
b,blue_ramp,ramp,0.0,0.6,0.0,0.797232749387771,1071.8337211051357,False,settled
b,blue_ramp,ramp,0.0,0.6,0.0,0.9133041000064053,1025.593352249827,False,settled
b,blue_ramp,ramp,0.0,0.6,0.0,0.7812229189307031,1078.5958137499952,False,settled
b,blue_ramp,ramp,0.0,0.6,0.0,0.9084775387587924,1017.162842193123,False,settled
b,blue_ramp,ramp,0.0,0.6,0.0,0.7588687151172728,1077.208997661023,False,settled
b,blue_ramp,ramp,0.0,0.6,0.0,0.7358099916363713,1086.7139087873954,False,settled
b,blue_ramp,ramp,0.0,0.6,0.0,0.7246177274863823,1090.1877864903013,False,settled
b,blue_ramp,ramp,0.0,0.6,0.0,1.1439281016462783,938.8878789938599,False,settled
b,blue_ramp,ramp,0.0,0.6,0.0,0.8574200171500973,1035.7602849239588,False,settled
b,blue_ramp,ramp,0.0,0.6,0.0,1.0572880418817483,973.0334781469951,False,settled
b,blue_ramp,ramp,0.0,0.6,0.0,0.7316105274224304,1099.9333827158187,False,settled
b,blue_ramp,ramp,0.0,0.6,0.0,1.312043979687436,889.650054730024,False,settled
b,blue_ramp,ramp,0.0,0.6,0.0,1.3168663036822756,887.6207634392758,False,settled
b,blue_ramp,ramp,0.0,0.6,0.0,0.6908697733699258,1114.5973264448533,False,settled
b,blue_ramp,ramp,0.0,0.6,0.0,0.9977851729126532,985.9446784004797,False,settled
b,blue_ramp,ramp,0.0,0.6,0.0,1.0527671507993033,967.0659635982144,False,settled
b,blue_ramp,ramp,0.0,0.6,0.0,0.7194896107014973,1100.606179090531,False,settled
b,blue_ramp,ramp,0.0,0.6,0.0,1.0143527918067075,987.8984665621592,False,settled
b,blue_ramp,ramp,0.0,0.6,0.0,1.2262115866997434,915.0560411547079,False,settled
b,blue_ramp,ramp,0.0,0.6,0.0,0.687884691384142,1116.700986178401,False,settled
b,blue_ramp,ramp,0.0,0.6,0.0,1.1353235868061669,944.3275614335228,False,settled
b,blue_ramp,ramp,0.0,0.6,0.0,0.8681983272402255,1034.147653761724,False,settled
b,blue_ramp,ramp,0.0,0.6,0.0,1.1166942314377115,950.8251541811542,False,settled
b,blue_ramp,ramp,0.0,0.6,0.0,0.9503526899234487,1007.11807357127,False,settled
b,blue_ramp,ramp,0.0,0.6,0.0,1.0931599522820905,952.5752795161571,False,settled
b,blue_ramp,ramp,0.0,0.6,0.0,1.1526838020281602,936.322033870822,False,settled
b,blue_ramp,ramp,0.0,0.6,0.0,0.7422866867881467,1088.8840570547343,False,settled
b,blue_ramp,ramp,0.0,0.6,0.0,0.8778756691821549,1028.638728124527,False,settled
b,blue_ramp,ramp,0.0,0.6,0.0,0.9605667091215333,999.2294487948469,False,settled
b,blue_ramp,ramp,0.0,0.6,0.0,1.1386363030536986,941.5316876579183,False,settled
b,blue_ramp,ramp,0.0,0.6,0.0,0.926079464220887,1019.780286288909,False,settled
b,blue_ramp,ramp,0.0,0.6,0.0,1.4278919823658267,855.1102570915077,False,settled
b,blue_ramp,ramp,0.0,0.6,0.0,1.4433942479765385,851.6070005623872,False,settled
b,blue_ramp,ramp,0.0,0.6,0.0,0.7833619762995364,1076.9103849439327,False,settled
b,blue_ramp,ramp,0.0,0.6,0.0,1.2150464927574596,915.3469607378751,False,settled
b,blue_ramp,ramp,0.0,0.6,0.0,0.7700772337705724,1072.7862656266543,False,settled
b,blue_ramp,ramp,0.0,0.6,0.0,1.2440243445382002,910.781282211988,False,settled
b,blue_ramp,ramp,0.0,0.6,0.0,0.7723429571435035,1071.173078113115,False,settled
b,blue_ramp,ramp,0.0,0.6,0.0,0.9068172090191848,1018.5146875239438,False,settled
b,blue_ramp,ramp,0.0,0.6,0.0,1.4202099031252473,858.769800784765,False,settled
b,blue_ramp,ramp,0.0,0.6,0.0,1.354842638868881,875.2945502038176,False,settled
b,blue_ramp,ramp,0.0,0.6,0.0,1.0328825464627311,973.1421810528394,False,settled
b,blue_ramp,ramp,0.0,0.6,0.0,0.7497233029221465,1088.2090195891676,False,settled
b,blue_ramp,ramp,0.0,0.6,0.0,1.0652336288229676,967.7680420856212,False,settled
b,blue_ramp,ramp,0.0,0.6,0.0,0.878400664446565,1028.2330543984347,False,settled
b,blue_ramp,ramp,0.0,0.6,0.0,0.7618877494967096,1077.706236468256,False,settled
b,blue_ramp,ramp,0.0,0.6,0.0,1.2712269389437758,899.761680790329,False,settled
b,blue_ramp,ramp,0.0,0.6,0.0,0.7464182059361287,1083.9537885219054,False,settled
b,blue_ramp,ramp,0.0,0.6,0.0,1.3106918063770765,890.2261437959384,False,settled
b,blue_ramp,ramp,0.0,0.6,0.0,0.9919601253529757,987.2669705141655,False,settled
b,blue_ramp,ramp,0.0,0.6,0.0,1.0319968862897668,973.763144845775,False,settled
b,blue_ramp,ramp,0.0,0.6,0.0,1.036748906350493,979.8088097073042,False,settled
b,blue_ramp,ramp,0.0,0.6,0.0,1.000965993754296,985.2807091187987,False,settled
b,blue_ramp,ramp,0.0,0.6,0.0,0.9073984859590076,1017.9930541023842,False,settled
b,blue_ramp,ramp,0.0,0.6,0.0,1.2824681834151785,896.0545389552921,False,settled
b,blue_ramp,ramp,0.0,0.6,0.0,0.7837102681313687,1076.6359050548044,False,settled
b,blue_ramp,ramp,0.0,0.6,0.0,0.7818809457453925,1078.077362609881,False,settled
b,blue_ramp,ramp,0.0,0.6,0.0,1.0033801266961744,984.8542835748531,False,settled
b,blue_ramp,ramp,0.0,0.6,0.0,1.5512081455481959,828.8604505610944,False,settled
b,blue_ramp,ramp,0.0,0.6,0.0,0.7377645811626039,1088.6400720637166,False,settled
b,blue_ramp,ramp,0.0,0.6,0.0,1.0019940502527132,985.1436756793855,False,settled
b,blue_ramp,ramp,0.0,0.6,0.0,0.7649104762074628,1076.1797582219476,False,settled
b,blue_ramp,ramp,0.0,0.6,0.0,0.9567248519617666,1002.0083075142599,False,settled
b,blue_ramp,ramp,0.0,0.6,0.0,1.0031929303804046,984.8933367561601,False,settled
b,blue_ramp,ramp,0.0,0.6,0.0,0.9602061920617324,999.3608809179864,False,settled
b,blue_ramp,ramp,0.0,0.6,0.0,1.6524594948524378,804.2885165110604,False,settled
b,blue_ramp,ramp,0.0,0.6,0.0,1.1024687175888677,953.9944751705553,False,settled
b,blue_ramp,ramp,0.0,0.6,0.0,0.9777799951796946,996.482746410044,False,settled
b,blue_ramp,ramp,0.0,0.6,0.0,0.9210163817236077,1020.7312793979216,False,settled
b,blue_ramp,ramp,0.0,0.6,0.0,1.0051528358217752,984.4844569420707,False,settled
b,blue_ramp,ramp,0.0,0.6,0.0,1.1772084188338106,932.4601348711444,False,settled
b,blue_ramp,ramp,0.0,0.6,0.0,0.7746404580346891,1069.5116909621495,False,settled
b,blue_ramp,ramp,0.0,0.6,0.0,0.7275590215678591,1096.5429440295075,False,settled
b,blue_ramp,ramp,0.0,0.6,0.0,0.8076300830765568,1056.7713124737375,False,settled
b,blue_ramp,ramp,0.0,0.6,0.0,0.9361152335596915,1006.4302214539416,False,settled
b,blue_ramp,ramp,0.0,0.6,0.0,1.0986708915749221,956.9280440344802,False,settled
b,blue_ramp,ramp,0.0,0.6,0.0,0.8670887320996885,1034.3090078424873,False,settled
b,blue_ramp,ramp,0.0,0.6,0.0,1.2416046822800715,912.9936465522378,False,settled
b,blue_ramp,ramp,0.0,0.6,0.0,1.0945071280357521,960.4446478133325,False,settled
b,blue_ramp,ramp,0.0,0.6,0.0,1.0398641915527307,977.2365932874783,False,settled
b,blue_ramp,ramp,0.0,0.6,0.0,0.9166307568769589,1022.9553790504146,False,settled
b,blue_ramp,ramp,0.0,0.6,0.0,0.7381403794148579,1089.0048834868023,False,settled
b,blue_ramp,ramp,0.0,0.6,0.0,0.7746693424997408,1069.4895601882693,False,settled
b,blue_ramp,ramp,0.0,0.6,0.0,0.9466713370636275,1010.0780587531422,False,settled
b,blue_ramp,ramp,0.0,0.6,0.0,0.7576282748414973,1076.6115197088934,False,settled
b,blue_ramp,ramp,0.0,0.6,0.0,1.0770329077751402,964.762602854186,False,settled
b,blue_ramp,ramp,0.0,0.6,0.0,0.9106377916364783,1015.6093037058444,False,settled
b,blue_ramp,ramp,0.0,0.6,0.0,0.7182955149282815,1097.9911206880563,False,settled
b,blue_ramp,ramp,0.0,0.6,0.0,0.8635817522521817,1034.911156977246,False,settled
b,blue_ramp,ramp,0.0,0.6,0.0,0.7505393285752026,1082.1708561628832,False,settled
b,blue_ramp,ramp,0.0,0.6,0.0,0.7830270447869949,1077.174310373493,False,settled
b,blue_ramp,ramp,0.0,0.6,0.0,1.2634082990610578,900.1366517666605,False,settled
b,blue_ramp,ramp,0.0,0.6,0.0,0.6921256803609308,1111.6948912970079,False,settled
b,blue_ramp,ramp,0.0,0.6,0.0,0.8031345806784131,1057.223277351299,False,settled
b,blue_ramp,ramp,0.0,0.6,0.0,1.0652365787920737,967.7672873126221,False,settled
b,blue_ramp,ramp,0.0,0.6,0.0,0.834668887120841,1049.975369008601,False,settled
b,blue_ramp,ramp,0.0,0.6,0.0,0.8460797998029436,1041.1152024670444,False,settled
b,blue_ramp,ramp,0.0,0.6,0.0,0.7737987403153601,1070.1564548234146,False,settled
b,blue_ramp,ramp,0.0,0.6,0.0,0.71850326714998,1098.4924409194532,False,settled
b,blue_ramp,ramp,0.0,0.6,0.0,0.7603878201576382,1078.166440635416,False,settled
b,blue_ramp,ramp,0.0,0.6,0.0,1.076556571812681,964.8827465047212,False,settled
b,blue_ramp,ramp,0.0,0.6,0.0,0.8985909493628779,1024.8525391347152,False,settled
b,blue_ramp,ramp,0.0,0.6,0.0,0.8224090054344515,1059.3331365268725,False,settled
b,yellow_ramp,ramp,0.0,0.6,0.0,0.4437844090513867,1015.05406203357,False,settled
b,yellow_ramp,ramp,0.0,0.6,0.0,0.39414530336136766,1035.1247232176977,False,settled
b,yellow_ramp,ramp,0.0,0.6,0.0,0.9348878276499445,860.5716704691304,False,settled
b,yellow_ramp,ramp,0.0,0.6,0.0,1.0666710654683247,832.731001965901,False,settled
b,yellow_ramp,ramp,0.0,0.6,0.0,0.3989434604032435,1034.4028376404888,False,settled
b,yellow_ramp,ramp,0.0,0.6,0.0,0.5304559084700905,985.9090327976133,False,settled
b,yellow_ramp,ramp,0.0,0.6,0.0,0.40168025478508546,1034.0048560982946,False,settled
b,yellow_ramp,ramp,0.0,0.6,0.0,0.896616865866486,871.5234930915473,False,settled
b,yellow_ramp,ramp,0.0,0.6,0.0,0.7032634139465282,930.1671030016362,False,settled
b,yellow_ramp,ramp,0.0,0.6,0.0,0.30613301133499754,1070.2833676344128,False,settled
b,yellow_ramp,ramp,0.0,0.6,0.0,0.3153936695431435,1077.279402797952,False,settled
b,yellow_ramp,ramp,0.0,0.6,0.0,0.378845646281089,1040.9089779851824,False,settled
b,yellow_ramp,ramp,0.0,0.6,0.0,0.2621514853618583,1095.5310734304378,False,settled
b,yellow_ramp,ramp,0.0,0.6,0.0,0.7637477807466965,913.2933815659355,False,settled
b,yellow_ramp,ramp,0.0,0.6,0.0,0.8002042416124596,903.0272822171065,False,settled
b,yellow_ramp,ramp,0.0,0.6,0.0,0.49701695838273174,996.1400357134706,False,settled
b,yellow_ramp,ramp,0.0,0.6,0.0,0.44649181687969536,1025.047777279467,False,settled
b,yellow_ramp,ramp,0.0,0.6,0.0,0.5193996685159138,989.5790137956543,False,settled
b,yellow_ramp,ramp,0.0,0.6,0.0,0.2981981482352662,1075.6955255370326,False,settled
b,yellow_ramp,ramp,0.0,0.6,0.0,0.29853628267984705,1075.4878377177477,False,settled
b,yellow_ramp,ramp,0.0,0.6,0.0,0.4847472473561425,1005.5949215012125,False,settled
b,yellow_ramp,ramp,0.0,0.6,0.0,0.2562873086801465,1092.5385455001363,False,settled
b,yellow_ramp,ramp,0.0,0.6,0.0,0.8613365216650387,883.0894813149372,False,settled
b,yellow_ramp,ramp,0.0,0.6,0.0,0.8107677558849213,899.9750610192153,False,settled
b,yellow_ramp,ramp,0.0,0.6,0.0,0.6626453564862637,948.5030107951101,False,settled
b,yellow_ramp,ramp,0.0,0.6,0.0,0.23318896951099846,1102.409297256785,False,settled
b,yellow_ramp,ramp,0.0,0.6,0.0,0.6854517342255405,936.2444805135417,False,settled
b,yellow_ramp,ramp,0.0,0.6,0.0,0.5342991437171397,985.1843460601538,False,settled
b,yellow_ramp,ramp,0.0,0.6,0.0,0.26845569377853096,1086.8593999240484,False,settled
b,yellow_ramp,ramp,0.0,0.6,0.0,0.529883552682322,986.0285248039754,False,settled
b,yellow_ramp,ramp,0.0,0.6,0.0,0.2359595535522753,1104.3181673456875,False,settled
b,yellow_ramp,ramp,0.0,0.6,0.0,0.5777390674838965,972.8131426772878,False,settled
b,yellow_ramp,ramp,0.0,0.6,0.0,0.4989670938564562,1005.5443956715256,False,settled
b,yellow_ramp,ramp,0.0,0.6,0.0,0.9242015731474932,865.0337124830515,False,settled
b,yellow_ramp,ramp,0.0,0.6,0.0,0.6052196127168952,965.8527842653391,False,settled
b,yellow_ramp,ramp,0.0,0.6,0.0,0.2680125276095647,1086.275614417716,False,settled
b,yellow_ramp,ramp,0.0,0.6,0.0,0.7934608566504607,902.3479415875629,False,settled
b,yellow_ramp,ramp,0.0,0.6,0.0,0.3225309972031687,1072.7831067133463,False,settled
b,yellow_ramp,ramp,0.0,0.6,0.0,0.23547299701635277,1103.7961694711921,False,settled
b,yellow_ramp,ramp,0.0,0.6,0.0,0.5151910374102747,992.6035238783094,False,settled
b,yellow_ramp,ramp,0.0,0.6,0.0,0.24357605947948413,1109.2585562278039,False,settled
b,yellow_ramp,ramp,0.0,0.6,0.0,0.6472317791237879,952.4881218539718,False,settled
b,yellow_ramp,ramp,0.0,0.6,0.0,1.0331895391395742,840.4915886796513,False,settled
b,yellow_ramp,ramp,0.0,0.6,0.0,1.1919306182535199,802.6317164068782,False,settled
b,yellow_ramp,ramp,0.0,0.6,0.0,0.27570180901660113,1089.4618315933662,False,settled
b,yellow_ramp,ramp,0.0,0.6,0.0,0.44062546420054133,1017.4341978730378,False,settled
b,yellow_ramp,ramp,0.0,0.6,0.0,1.15853353210319,809.5699946791025,False,settled
b,yellow_ramp,ramp,0.0,0.6,0.0,0.6931119077962047,938.7229746003314,False,settled
b,yellow_ramp,ramp,0.0,0.6,0.0,0.3998850182480632,1034.2659242444256,False,settled
b,yellow_ramp,ramp,0.0,0.6,0.0,0.9386138404786661,863.2964042565261,False,settled
b,yellow_ramp,ramp,0.0,0.6,0.0,0.43480396595151677,1021.9177290960197,False,settled
b,yellow_ramp,ramp,0.0,0.6,0.0,0.6400738887714488,949.8053988087862,False,settled
b,yellow_ramp,ramp,0.0,0.6,0.0,0.42323661978007127,1031.1041883439132,False,settled
b,yellow_ramp,ramp,0.0,0.6,0.0,0.4119802119859357,1027.3956761980833,False,settled
b,yellow_ramp,ramp,0.0,0.6,0.0,0.3449574333709955,1053.5746274313422,False,settled
b,yellow_ramp,ramp,0.0,0.6,0.0,0.8710126795154169,879.5691724065454,False,settled
b,yellow_ramp,ramp,0.0,0.6,0.0,0.36154533375054493,1054.3735997374556,False,settled
b,yellow_ramp,ramp,0.0,0.6,0.0,0.6780566098098357,938.4097235671828,False,settled
b,yellow_ramp,ramp,0.0,0.6,0.0,0.6843567995453129,936.5614108717812,False,settled
b,yellow_ramp,ramp,0.0,0.6,0.0,0.7773446463946638,910.0314298533332,False,settled
b,yellow_ramp,ramp,0.0,0.6,0.0,0.37433019482529467,1044.3953502521078,False,settled
b,yellow_ramp,ramp,0.0,0.6,0.0,0.7664820991954355,912.3365443183609,False,settled
b,yellow_ramp,ramp,0.0,0.6,0.0,0.3551747277169546,1059.1229905005189,False,settled
b,yellow_ramp,ramp,0.0,0.6,0.0,0.8433167315592752,890.1729161489237,False,settled
b,yellow_ramp,ramp,0.0,0.6,0.0,0.27745582370064414,1084.4013556450209,False,settled
b,yellow_ramp,ramp,0.0,0.6,0.0,0.3171855670117624,1075.867004694812,False,settled
b,yellow_ramp,ramp,0.0,0.6,0.0,0.4383121121681746,1019.2936959296538,False,settled
b,yellow_ramp,ramp,0.0,0.6,0.0,0.2680867806617277,1086.474292323875,False,settled
b,yellow_ramp,ramp,0.0,0.6,0.0,0.815936680304578,895.2399740734897,False,settled
b,yellow_ramp,ramp,0.0,0.6,0.0,0.7139072072981842,929.0285006175633,False,settled
b,yellow_ramp,ramp,0.0,0.6,0.0,1.094635803584495,825.7751498163354,False,settled
b,yellow_ramp,ramp,0.0,0.6,0.0,0.8593644582056822,885.0141923822142,False,settled
b,yellow_ramp,ramp,0.0,0.6,0.0,0.8395971850671649,892.5022754989147,False,settled
b,yellow_ramp,ramp,0.0,0.6,0.0,0.2544563834286824,1103.7727166627271,False,settled
b,yellow_ramp,ramp,0.0,0.6,0.0,0.41608675130101325,1036.5813459020785,False,settled
b,yellow_ramp,ramp,0.0,0.6,0.0,0.9880144028710487,846.6369628195212,False,settled
b,yellow_ramp,ramp,0.0,0.6,0.0,0.8989429392693064,874.4395485096381,False,settled
b,yellow_ramp,ramp,0.0,0.6,0.0,1.1436226944206989,813.3315928174271,False,settled
b,yellow_ramp,ramp,0.0,0.6,0.0,0.9897466731104199,849.0094465866592,False,settled
b,yellow_ramp,ramp,0.0,0.6,0.0,1.157365002526284,809.8669445431614,False,settled
b,yellow_ramp,ramp,0.0,0.6,0.0,0.3002231313068453,1074.4504527158656,False,settled
b,yellow_ramp,ramp,0.0,0.6,0.0,1.091449163908811,826.5395493753919,False,settled
b,yellow_ramp,ramp,0.0,0.6,0.0,1.10582809842024,823.0818716748028,False,settled
b,yellow_ramp,ramp,0.0,0.6,0.0,0.45921639805584297,1019.6605946861913,False,settled
b,yellow_ramp,ramp,0.0,0.6,0.0,0.8034584624142527,900.0105554905975,False,settled
b,yellow_ramp,ramp,0.0,0.6,0.0,0.5682875226980627,980.6026365804283,False,settled
b,yellow_ramp,ramp,0.0,0.6,0.0,0.41870407314791575,1034.729082052912,False,settled
b,yellow_ramp,ramp,0.0,0.6,0.0,0.22147913804849909,1109.3111339684783,False,settled
b,yellow_ramp,ramp,0.0,0.6,0.0,0.5755676181845921,974.5922191855873,False,settled
b,yellow_ramp,ramp,0.0,0.6,0.0,0.6754302219598497,939.1807695652495,False,settled
b,yellow_ramp,ramp,0.0,0.6,0.0,0.4122913874399595,1027.2427724753097,False,settled
b,yellow_ramp,ramp,0.0,0.6,0.0,1.0820376917259877,828.0932398532544,False,settled
b,yellow_ramp,ramp,0.0,0.6,0.0,0.5950596367186074,968.7134340011033,False,settled
b,yellow_ramp,ramp,0.0,0.6,0.0,0.780935558384272,906.7600363390981,False,settled
b,yellow_ramp,ramp,0.0,0.6,0.0,0.5820067315787817,969.6580934573532,False,settled
b,yellow_ramp,ramp,0.0,0.6,0.0,0.47918117305672986,1010.070150054256,False,settled
b,yellow_ramp,ramp,0.0,0.6,0.0,0.9662927116030378,853.3081426692935,False,settled
b,yellow_ramp,ramp,0.0,0.6,0.0,1.1702404177693466,807.3984855062993,False,settled
b,yellow_ramp,ramp,0.0,0.6,0.0,0.49853112378224795,1005.8984308296491,False,settled
b,yellow_ramp,ramp,0.0,0.6,0.0,0.4142293665224849,1038.0702888925528,False,settled
b,yellow_ramp,ramp,0.0,0.6,0.0,0.5082687092510582,998.0679439830092,False,settled
b,yellow_ramp,ramp,0.0,0.6,0.0,0.5858277372493449,966.6229805970253,False,settled
b,yellow_ramp,ramp,0.0,0.6,0.0,0.33016452434391197,1071.776858089451,False,settled
b,yellow_ramp,ramp,0.0,0.6,0.0,0.5617733101256209,976.0480508108832,False,settled
b,yellow_ramp,ramp,0.0,0.6,0.0,0.922657728140336,866.30046734767,False,settled
b,yellow_ramp,ramp,0.0,0.6,0.0,0.26871269860274605,1087.1152746908688,False,settled
b,yellow_ramp,ramp,0.0,0.6,0.0,0.8225343289551138,895.657761541507,False,settled
b,yellow_ramp,ramp,0.0,0.6,0.0,0.6161602199492336,960.1487701147195,False,settled
b,yellow_ramp,ramp,0.0,0.6,0.0,0.7288733882153684,923.8563122629859,False,settled
b,yellow_ramp,ramp,0.0,0.6,0.0,0.22045342099243626,1106.0528698991113,False,settled
b,yellow_ramp,ramp,0.0,0.6,0.0,1.0096028521912528,847.1812888790528,False,settled
b,yellow_ramp,ramp,0.0,0.6,0.0,0.9120494631174729,866.9542130226752,False,settled
b,yellow_ramp,ramp,0.0,0.6,0.0,0.313527599216906,1078.749667182701,False,settled
b,yellow_ramp,ramp,0.0,0.6,0.0,0.6976661513584395,935.0143115342839,False,settled
b,yellow_ramp,ramp,0.0,0.6,0.0,0.42138566444928766,1032.5780818189774,False,settled
b,yellow_ramp,ramp,0.0,0.6,0.0,1.2146833701665405,795.53417254154,False,settled
b,yellow_ramp,ramp,0.0,0.6,0.0,0.5997162166681419,967.2606393345469,False,settled
b,yellow_ramp,ramp,0.0,0.6,0.0,0.6342162190491197,954.367975419699,False,settled
b,yellow_ramp,ramp,0.0,0.6,0.0,0.8814559624325814,875.4687512658124,False,settled
b,yellow_ramp,ramp,0.0,0.6,0.0,0.24746124972928576,1105.0218285468825,False,settled
b,yellow_ramp,ramp,0.0,0.6,0.0,0.4001496230231631,1034.2274457504375,False,settled
b,yellow_ramp,ramp,0.0,0.6,0.0,0.28691065441386615,1077.5016686598758,False,settled
b,yellow_ramp,ramp,0.0,0.6,0.0,0.3538499171473057,1060.1705006862135,False,settled
b,yellow_ramp,ramp,0.0,0.6,0.0,1.0054191457935617,848.0183644283536,False,settled
b,yellow_ramp,ramp,0.0,0.6,0.0,0.8021471383515685,901.2261164040965,False,settled
b,yellow_ramp,ramp,0.0,0.6,0.0,0.4906123502476882,1000.9016293632789,False,settled
b,yellow_ramp,ramp,0.0,0.6,0.0,0.7201267057971822,923.6354443148466,False,settled
b,yellow_ramp,ramp,0.0,0.6,0.0,0.438589122050372,1019.0791443134968,False,settled
b,yellow_ramp,ramp,0.0,0.6,0.0,0.9875809892480013,847.2139829517823,False,settled
b,yellow_ramp,ramp,0.0,0.6,0.0,0.6351896280045889,953.8090902822856,False,settled
b,yellow_ramp,ramp,0.0,0.6,0.0,0.5174415568196434,991.1943653087585,False,settled
b,yellow_ramp,ramp,0.0,0.6,0.0,0.4180243907339844,1035.2743521256048,False,settled
b,yellow_ramp,ramp,0.0,0.6,0.0,0.301603908005238,1073.4748635471697,False,settled
b,yellow_ramp,ramp,0.0,0.6,0.0,0.49947299065415823,1005.1335593175064,False,settled
b,yellow_ramp,ramp,0.0,0.6,0.0,0.564692474055216,973.604392722157,False,settled
b,yellow_ramp,ramp,0.0,0.6,0.0,0.3614947150390569,1054.413177363468,False,settled
b,yellow_ramp,ramp,0.0,0.6,0.0,0.7193481430274121,924.3857080184208,False,settled
b,yellow_ramp,ramp,0.0,0.6,0.0,0.24537030896716602,1099.678789539245,False,settled
b,yellow_ramp,ramp,0.0,0.6,0.0,0.5870468060640948,965.753455564149,False,settled
b,yellow_ramp,ramp,0.0,0.6,0.0,0.6205384880816903,956.7647494821613,False,settled
b,yellow_ramp,ramp,0.0,0.6,0.0,0.8589632976378099,885.4057393318441,False,settled
b,yellow_ramp,ramp,0.0,0.6,0.0,0.307653254203121,1069.0416452176767,False,settled
b,yellow_ramp,ramp,0.0,0.6,0.0,0.8481709509673262,888.1236022572012,False,settled
b,yellow_ramp,ramp,0.0,0.6,0.0,0.3292904115081996,1071.8919843407255,False,settled
b,yellow_ramp,ramp,0.0,0.6,0.0,0.2647655804620713,1085.7103753149245,False,settled
b,yellow_ramp,ramp,0.0,0.6,0.0,0.5821416591055784,969.5496478936094,False,settled
b,yellow_ramp,ramp,0.0,0.6,0.0,0.7306637430438333,922.2866407837054,False,settled
b,yellow_ramp,ramp,0.0,0.6,0.0,0.7184009682751441,925.1190232035206,False,settled
b,yellow_ramp,ramp,0.0,0.6,0.0,0.5516297414786318,983.9698367342323,False,settled
b,yellow_ramp,ramp,0.0,0.6,0.0,0.27778980627986183,1084.0957613954868,False,settled
b,yellow_ramp,ramp,0.0,0.6,0.0,0.7331758657145419,920.1748448783347,False,settled
b,yellow_ramp,ramp,0.0,0.6,0.0,0.8114421686950156,899.3454654501505,False,settled
b,yellow_ramp,ramp,0.0,0.6,0.0,0.3572862136918603,1057.7082043777473,False,settled
b,yellow_ramp,ramp,0.0,0.6,0.0,0.8839655491219897,878.3287131419222,False,settled
b,yellow_ramp,ramp,0.0,0.6,0.0,0.5126915882628699,994.5778214769514,False,settled
b,yellow_ramp,ramp,0.0,0.6,0.0,0.2726407145683794,1084.6392095049853,False,settled
b,yellow_ramp,ramp,0.0,0.6,0.0,0.8309871790860586,894.2799544530246,False,settled
b,yellow_ramp,ramp,0.0,0.6,0.0,0.640976629434953,948.9747024922926,False,settled
b,yellow_ramp,ramp,0.0,0.6,0.0,0.3149134817017894,1077.657731177451,False,settled
b,yellow_ramp,ramp,0.0,0.6,0.0,0.23453247142755512,1113.4690491354063,False,settled
b,yellow_ramp,ramp,0.0,0.6,0.0,0.9818036925460422,849.3524052123788,False,settled
b,yellow_ramp,ramp,0.0,0.6,0.0,0.23911753156688587,1106.9498016049095,False,settled
b,yellow_ramp,ramp,0.0,0.6,0.0,0.9940330132371379,848.3198032022068,False,settled
b,yellow_ramp,ramp,0.0,0.6,0.0,0.2431426783655104,1105.468723971528,False,settled
b,yellow_ramp,ramp,0.0,0.6,0.0,0.8275275429679079,891.07516756522,False,settled
b,yellow_ramp,ramp,0.0,0.6,0.0,0.7119805686866166,930.718561833018,False,settled
b,yellow_ramp,ramp,0.0,0.6,0.0,0.3558290690193998,1058.6056990415452,False,settled
b,yellow_ramp,ramp,0.0,0.6,0.0,0.3554775314799778,1058.8836155598424,False,settled
b,yellow_ramp,ramp,0.0,0.6,0.0,0.726889151220291,925.6014494425374,False,settled
b,yellow_ramp,ramp,0.0,0.6,0.0,0.7135566841704647,929.3359501726148,False,settled
b,yellow_ramp,ramp,0.0,0.6,0.0,0.5130341615456595,994.307768022958,False,settled
b,yellow_ramp,ramp,0.0,0.6,0.0,1.041784829164998,838.6317250925651,False,settled
b,yellow_ramp,ramp,0.0,0.6,0.0,0.8570327261726333,887.2967202342031,False,settled
b,yellow_ramp,ramp,0.0,0.6,0.0,0.97783801323692,849.4024800081685,False,settled
b,yellow_ramp,ramp,0.0,0.6,0.0,0.5340565503104341,985.1574868920999,False,settled
b,yellow_ramp,ramp,0.0,0.6,0.0,0.8135165705093746,897.4092851862658,False,settled
b,yellow_ramp,ramp,0.0,0.6,0.0,0.33486170126995124,1057.3144131042766,False,settled
b,yellow_ramp,ramp,0.0,0.6,0.0,0.5640832294346496,974.0989318630174,False,settled
b,yellow_ramp,ramp,0.0,0.6,0.0,0.23065080221741394,1114.925748640375,False,settled
b,yellow_ramp,ramp,0.0,0.6,0.0,0.44212612853651867,1016.2909566959186,False,settled
b,yellow_ramp,ramp,0.0,0.6,0.0,0.3508590438036517,1062.5402922221142,False,settled
b,yellow_ramp,ramp,0.0,0.6,0.0,0.6218869996196699,955.73560668612,False,settled
b,yellow_ramp,ramp,0.0,0.6,0.0,0.8468963758785947,888.6600952648688,False,settled
b,yellow_ramp,ramp,0.0,0.6,0.0,0.44155041534906375,1016.7278197060914,False,settled
b,yellow_ramp,ramp,0.0,0.6,0.0,0.7135679957004218,929.3260272382814,False,settled
b,yellow_ramp,ramp,0.0,0.6,0.0,0.3732099316680199,1045.2648475187816,False,settled
b,yellow_ramp,ramp,0.0,0.6,0.0,1.024940640219164,844.3976263919101,False,settled
b,yellow_ramp,ramp,0.0,0.6,0.0,0.7071467403912767,926.9398205659031,False,settled
b,yellow_ramp,ramp,0.0,0.6,0.0,0.7801137937238711,907.5049549042365,False,settled
b,yellow_ramp,ramp,0.0,0.6,0.0,0.37202032750489666,1046.1880380767727,False,settled
b,yellow_ramp,ramp,0.0,0.6,0.0,0.5850911401892768,967.2062193610757,False,settled
b,yellow_ramp,ramp,0.0,0.6,0.0,0.2652731754040709,1085.6977397612875,False,settled
b,yellow_ramp,ramp,0.0,0.6,0.0,1.1308976192631697,817.225532627615,False,settled
b,yellow_ramp,ramp,0.0,0.6,0.0,0.3825891794613186,1038.133556390346,False,settled
b,yellow_ramp,ramp,0.0,0.6,0.0,0.3506368681137538,1062.7171492796997,False,settled
b,yellow_ramp,ramp,0.0,0.6,0.0,0.32309898588756464,1072.7082610813961,False,settled
b,yellow_ramp,ramp,0.0,0.6,0.0,0.6981362823046712,934.605134079587,False,settled
b,yellow_ramp,ramp,0.0,0.6,0.0,0.5044092790527266,1001.1256347777818,False,settled
b,yellow_ramp,ramp,0.0,0.6,0.0,0.3042084738418105,1071.630109396292,False,settled
b,yellow_ramp,ramp,0.0,0.6,0.0,0.49728410718882926,1006.9110444921754,False,settled
b,yellow_ramp,ramp,0.0,0.6,0.0,0.2511290094076071,1098.7950411127479,False,settled
b,yellow_ramp,ramp,0.0,0.6,0.0,0.5360753388398954,984.8135580903262,False,settled
b,yellow_ramp,ramp,0.0,0.6,0.0,0.6448333490936988,954.5309037299055,False,settled
b,yellow_ramp,ramp,0.0,0.6,0.0,0.6386364226657757,950.9189030708021,False,settled
b,yellow_ramp,ramp,0.0,0.6,0.0,1.059495674375042,833.5211474680095,False,settled
b,yellow_ramp,ramp,0.0,0.6,0.0,0.39930920502332323,1034.349654327985,False,settled
b,yellow_ramp,ramp,0.0,0.6,0.0,0.4938808860436884,998.5831998633163,False,settled
b,yellow_ramp,ramp,0.0,0.6,0.0,1.0671304444578673,833.2433610006879,False,settled
b,yellow_ramp,ramp,0.0,0.6,0.0,0.9360383316298175,859.9198154584318,False,settled
b,yellow_ramp,ramp,0.0,0.6,0.0,0.22021564021050435,1117.8153011924476,False,settled
b,yellow_ramp,ramp,0.0,0.6,0.0,0.5350160964715462,985.0347422165304,False,settled
b,yellow_ramp,ramp,0.0,0.6,0.0,0.8648746900929032,879.9582289734052,False,settled
b,yellow_ramp,ramp,0.0,0.6,0.0,1.0822115656319913,827.8371037180768,False,settled
b,yellow_ramp,ramp,0.0,0.6,0.0,1.005656808209538,847.7245174917083,False,settled
b,yellow_ramp,ramp,0.0,0.6,0.0,0.43289147130758343,1023.4294356753942,False,settled
b,yellow_ramp,ramp,0.0,0.6,0.0,0.2551661731626554,1090.4938427723976,False,settled
b,yellow_ramp,ramp,0.0,0.6,0.0,0.5028572828963522,1002.3855888023666,False,settled
b,yellow_ramp,ramp,0.0,0.6,0.0,0.2499216283123258,1094.6833789770712,False,settled
b,yellow_ramp,ramp,0.0,0.6,0.0,1.0114159789251993,846.4835087569089,False,settled
b,yellow_ramp,ramp,0.0,0.6,0.0,0.2828262035067394,1082.487144756832,False,settled
b,yellow_ramp,ramp,0.0,0.6,0.0,0.22990563044264628,1107.9134918979748,False,settled
b,yellow_ramp,ramp,0.0,0.6,0.0,1.185349493913864,803.4966333533113,False,settled
b,yellow_ramp,ramp,0.0,0.6,0.0,0.7434695378291083,918.8871839018876,False,settled
b,yellow_ramp,ramp,0.0,0.6,0.0,0.3269025171626889,1072.206742079074,False,settled
b,yellow_ramp,ramp,0.0,0.6,0.0,1.0903438118391073,826.1150435968842,False,settled
b,yellow_ramp,ramp,0.0,0.6,0.0,0.8985960675513625,874.7943102181522,False,settled
b,yellow_ramp,ramp,0.0,0.6,0.0,0.3876402299119823,1036.2036127906633,False,settled
b,yellow_ramp,ramp,0.0,0.6,0.0,0.6221298942394389,955.533703293892,False,settled
b,yellow_ramp,ramp,0.0,0.6,0.0,0.4262772393889452,1028.6825339001434,False,settled
b,yellow_ramp,ramp,0.0,0.6,0.0,0.6500961307918451,950.0632445229039,False,settled
b,yellow_ramp,ramp,0.0,0.6,0.0,0.2308017956164064,1114.767999337064,False,settled
b,yellow_ramp,ramp,0.0,0.6,0.0,0.27159012923371106,1084.8915302967055,False,settled
b,yellow_ramp,ramp,0.0,0.6,0.0,0.7412073321945624,920.8512429465969,False,settled
b,yellow_ramp,ramp,0.0,0.6,0.0,0.3594949142789316,1055.9691408197227,False,settled
b,yellow_ramp,ramp,0.0,0.6,0.0,0.6736223329877922,939.7116762340877,False,settled
b,yellow_ramp,ramp,0.0,0.6,0.0,0.5157452927172045,992.1676898602138,False,settled
b,yellow_ramp,ramp,0.0,0.6,0.0,0.3356453946183223,1057.2220024723779,False,settled
b,yellow_ramp,ramp,0.0,0.6,0.0,0.3208111256467426,1073.5264363525032,False,settled
b,yellow_ramp,ramp,0.0,0.6,0.0,0.39706821514358814,1034.7659309619523,False,settled
b,yellow_ramp,ramp,0.0,0.6,0.0,0.3137124162018814,1078.604086986421,False,settled
b,yellow_ramp,ramp,0.0,0.6,0.0,0.31320392021638177,1079.0046078577861,False,settled
b,yellow_ramp,ramp,0.0,0.6,0.0,0.27857882858401495,1083.9944523865734,False,settled
b,yellow_ramp,ramp,0.0,0.6,0.0,0.9327548509005069,861.585727397807,False,settled
b,yellow_ramp,ramp,0.0,0.6,0.0,0.5529125087956509,982.920226222795,False,settled
b,yellow_ramp,ramp,0.0,0.6,0.0,1.122816978401008,818.4715322505098,False,settled
b,yellow_ramp,ramp,0.0,0.6,0.0,0.3071440804525561,1069.5089155491228,False,settled
b,yellow_ramp,ramp,0.0,0.6,0.0,0.2535541853313064,1102.730438747431,False,settled
b,yellow_ramp,ramp,0.0,0.6,0.0,1.0891534235287406,826.9200742118239,False,settled
b,yellow_ramp,ramp,0.0,0.6,0.0,0.6392634677271583,950.4292023450878,False,settled
b,yellow_ramp,ramp,0.0,0.6,0.0,1.090068849243438,826.5598485013619,False,settled
b,yellow_ramp,ramp,0.0,0.6,0.0,0.9712029112102475,852.3398494222216,False,settled
b,yellow_ramp,ramp,0.0,0.6,0.0,0.46351951155562765,1018.8518944691924,False,settled
b,yellow_ramp,ramp,0.0,0.6,0.0,0.5726032358220149,977.0392689262177,False,settled
b,yellow_ramp,ramp,0.0,0.6,0.0,0.2871153822253292,1077.6665344604828,False,settled
b,yellow_ramp,ramp,0.0,0.6,0.0,0.6049087182701431,965.9323159315636,False,settled
b,yellow_ramp,ramp,0.0,0.6,0.0,0.37853358488431216,1041.1510527396001,False,settled
b,yellow_ramp,ramp,0.0,0.6,0.0,0.24763277717175922,1105.8651356198177,False,settled
b,yellow_ramp,ramp,0.0,0.6,0.0,0.47655731759008807,1012.1905052468944,False,settled
b,yellow_ramp,ramp,0.0,0.6,0.0,0.2434379675706248,1108.7536392919465,False,settled
b,yellow_ramp,ramp,0.0,0.6,0.0,0.4855420952236352,1004.9559735265698,False,settled
b,yellow_ramp,ramp,0.0,0.6,0.0,0.3204602036002156,1073.7574129538323,False,settled
b,yellow_ramp,ramp,0.0,0.6,0.0,0.5069740075839486,999.0509141909507,False,settled
b,yellow_ramp,ramp,0.0,0.6,0.0,0.2278979919908438,1101.3077863589529,False,settled
b,yellow_ramp,ramp,0.0,0.6,0.0,0.3114014812024051,1066.2758433323431,False,settled
b,yellow_ramp,ramp,0.0,0.6,0.0,0.4012398148387069,1034.0689089622292,False,settled
b,yellow_ramp,ramp,0.0,0.6,0.0,0.6288963430379124,958.8489065711179,False,settled
b,yellow_ramp,ramp,0.0,0.6,0.0,0.3083106600879359,1068.5358912961267,False,settled
b,yellow_ramp,ramp,0.0,0.6,0.0,0.4334642626757065,1022.9765639397024,False,settled
b,yellow_ramp,ramp,0.0,0.6,0.0,0.5674522912435286,981.2922713378847,False,settled
b,yellow_ramp,ramp,0.0,0.6,0.0,0.5330644594390506,985.3644909179598,False,settled
b,yellow_ramp,ramp,0.0,0.6,0.0,0.349920168328678,1063.2876056092266,False,settled
b,yellow_ramp,ramp,0.0,0.6,0.0,0.23336500474413732,1105.2562437998367,False,settled
b,yellow_ramp,ramp,0.0,0.6,0.0,0.5820304343109136,969.6390428460954,False,settled
b,yellow_ramp,ramp,0.0,0.6,0.0,0.5435006602468818,980.4597225502973,False,settled
b,yellow_ramp,ramp,0.0,0.6,0.0,1.0709081729773495,831.1996956557068,False,settled
b,yellow_ramp,ramp,0.0,0.6,0.0,0.3809232294914512,1039.3048033199161,False,settled
b,yellow_ramp,ramp,0.0,0.6,0.0,0.3129318184313893,1079.2189016874117,False,settled
b,yellow_ramp,ramp,0.0,0.6,0.0,0.9731784448715899,850.1327262317625,False,settled
b,yellow_ramp,ramp,0.0,0.6,0.0,0.5487674174344246,986.3195258467373,False,settled
b,yellow_ramp,ramp,0.0,0.6,0.0,0.3906626861779327,1035.644740316831,False,settled
b,yellow_ramp,ramp,0.0,0.6,0.0,0.36381803898352316,1052.5963449546143,False,settled
b,yellow_ramp,ramp,0.0,0.6,0.0,0.5287716954539426,986.2642077624357,False,settled
b,yellow_ramp,ramp,0.0,0.6,0.0,0.24659047634384457,1101.9497819575138,False,settled
b,yellow_ramp,ramp,0.0,0.6,0.0,0.4757158106333924,1012.8724580748361,False,settled
b,yellow_ramp,ramp,0.0,0.6,0.0,0.5088039399817385,997.6462417525125,False,settled
b,yellow_ramp,ramp,0.0,0.6,0.0,0.5198896989909603,989.19325850912,False,settled
b,yellow_ramp,ramp,0.0,0.6,0.0,0.4323058745078622,1023.8923105317818,False,settled
b,yellow_ramp,ramp,0.0,0.6,0.0,0.6731863919249079,939.8396829067865,False,settled
b,yellow_ramp,ramp,0.0,0.6,0.0,0.7492564992580903,913.9624281267286,False,settled
b,yellow_ramp,ramp,0.0,0.6,0.0,0.2590317958159843,1094.914639689837,False,settled
b,yellow_ramp,ramp,0.0,0.6,0.0,0.6218355564257564,955.7783685496194,False,settled
b,yellow_ramp,ramp,0.0,0.6,0.0,1.195337331766304,801.9258588227331,False,settled
b,yellow_ramp,ramp,0.0,0.6,0.0,0.38215366955715274,1038.4608450007515,False,settled
b,yellow_ramp,ramp,0.0,0.6,0.0,0.389128610780322,1035.968184365201,False,settled
b,yellow_ramp,ramp,0.0,0.6,0.0,0.8454404796533048,889.2727399735818,False,settled
b,yellow_ramp,ramp,0.0,0.6,0.0,0.2674213570525333,1083.9665998557418,False,settled
b,yellow_ramp,ramp,0.0,0.6,0.0,0.2762452946008216,1089.5409768499023,False,settled
b,yellow_ramp,ramp,0.0,0.6,0.0,0.24803957825638706,1107.0186677862355,False,settled
b,yellow_ramp,ramp,0.0,0.6,0.0,0.4496601711204388,1022.5356584674366,False,settled
b,yellow_ramp,ramp,0.0,0.6,0.0,0.757202723052399,915.584423272517,False,settled
b,yellow_ramp,ramp,0.0,0.6,0.0,0.23630045608686898,1107.8304218156363,False,settled
b,yellow_ramp,ramp,0.0,0.6,0.0,0.5710857607420574,978.2921391148453,False,settled
b,yellow_ramp,ramp,0.0,0.6,0.0,0.7246819201408438,927.5526616156025,False,settled
b,yellow_ramp,ramp,0.0,0.6,0.0,0.3245757634451108,1072.5137354006083,False,settled
b,yellow_ramp,ramp,0.0,0.6,0.0,0.3581878814979432,1056.998354041262,False,settled
b,yellow_ramp,ramp,0.0,0.6,0.0,0.7098742251339872,932.3148708012409,False,settled
b,yellow_ramp,ramp,0.0,0.6,0.0,0.42303938993306267,1031.2612549253067,False,settled
b,yellow_ramp,ramp,0.0,0.6,0.0,0.9133913112388004,870.5859296379095,False,settled
b,yellow_ramp,ramp,0.0,0.6,0.0,0.31315516463840604,1079.0430064812629,False,settled
b,yellow_ramp,ramp,0.0,0.6,0.0,0.5749022649223533,975.1414618484692,False,settled
b,yellow_ramp,ramp,0.0,0.6,0.0,0.7771495356027287,910.2097854012433,False,settled
b,yellow_ramp,ramp,0.0,0.6,0.0,0.5472102431697308,987.6036880780581,False,settled
b,yellow_ramp,ramp,0.0,0.6,0.0,0.35397467156540696,1060.0718797644317,False,settled
b,yellow_ramp,ramp,0.0,0.6,0.0,0.223676748026483,1106.7783418508423,False,settled
b,yellow_ramp,ramp,0.0,0.6,0.0,0.22907920899636935,1115.0701908427384,False,settled
b,yellow_ramp,ramp,0.0,0.6,0.0,0.6779021487523783,938.4550524697988,False,settled
b,yellow_ramp,ramp,0.0,0.6,0.0,0.3167707823703148,1076.1939421842476,False,settled
b,yellow_ramp,ramp,0.0,0.6,0.0,1.050826529580913,836.0763180971121,False,settled
b,yellow_ramp,ramp,0.0,0.6,0.0,0.7066600112941281,927.2625294203247,False,settled
b,yellow_ramp,ramp,0.0,0.6,0.0,0.5534649896146673,982.4683238929675,False,settled
b,yellow_ramp,ramp,0.0,0.6,0.0,0.635390423147708,953.6407281827837,False,settled
b,yellow_ramp,ramp,0.0,0.6,0.0,1.055110353861527,835.0091988723863,False,settled
b,yellow_ramp,ramp,0.0,0.6,0.0,0.35191338610274453,1061.7010179496867,False,settled
b,yellow_ramp,ramp,0.0,0.6,0.0,0.3448442488785907,1053.6622805879754,False,settled
b,yellow_ramp,ramp,0.0,0.6,0.0,0.33730049266038065,1057.0230887508549,False,settled
b,yellow_ramp,ramp,0.0,0.6,0.0,0.8152839945342047,895.7597954301967,False,settled
b,yellow_ramp,ramp,0.0,0.6,0.0,0.7015985284255198,931.6042360445788,False,settled
b,yellow_ramp,ramp,0.0,0.6,0.0,0.2976062485132682,1076.0588121152628,False,settled
b,yellow_ramp,ramp,0.0,0.6,0.0,0.4437667996020009,1015.0676431779834,False,settled
b,yellow_ramp,ramp,0.0,0.6,0.0,0.9225891158057588,866.3720674928687,False,settled
b,yellow_ramp,ramp,0.0,0.6,0.0,0.22547340523033674,1111.640771440576,False,settled
b,yellow_ramp,ramp,0.0,0.6,0.0,0.4754561834304126,1013.0828576552401,False,settled
b,yellow_ramp,ramp,0.0,0.6,0.0,0.4104701140481508,1028.5649859856323,False,settled
b,yellow_ramp,ramp,0.0,0.6,0.0,0.5838528608396969,968.2671855904903,False,settled
b,yellow_ramp,ramp,0.0,0.6,0.0,0.9192981049632826,864.9014308245074,False,settled
b,yellow_ramp,ramp,0.0,0.6,0.0,0.30138641690597184,1073.6286049321732,False,settled
b,yellow_ramp,ramp,0.0,0.6,0.0,0.7532846971943495,917.7993459836683,False,settled
b,yellow_ramp,ramp,0.0,0.6,0.0,0.5197752385926542,989.2833015689088,False,settled
b,yellow_ramp,ramp,0.0,0.6,0.0,0.6623820781865631,948.7200895186876,False,settled
b,yellow_ramp,ramp,0.0,0.6,0.0,0.5570706471793349,979.5190166623314,False,settled
b,yellow_ramp,ramp,0.0,0.6,0.0,0.4571019596901401,1020.0579355381492,False,settled
b,yellow_ramp,ramp,0.0,0.6,0.0,0.6966899382775692,935.8639444708451,False,settled
b,yellow_ramp,ramp,0.0,0.6,0.0,0.38320079540483143,1050.522110780158,False,settled
b,yellow_ramp,ramp,0.0,0.6,0.0,0.9831708715048292,847.7965739210672,False,settled
b,yellow_ramp,ramp,0.0,0.6,0.0,0.5208763091465949,988.5153539200359,False,settled
b,yellow_ramp,ramp,0.0,0.6,0.0,0.28554094399124513,1081.530969195273,False,settled
b,yellow_ramp,ramp,0.0,0.6,0.0,0.3263573259642889,1072.2785697455686,False,settled
b,yellow_ramp,ramp,0.0,0.6,0.0,0.3675155065182607,1049.7043066693464,False,settled
b,yellow_ramp,ramp,0.0,0.6,0.0,0.319603318443398,1074.1863017853834,False,settled
b,yellow_ramp,ramp,0.0,0.6,0.0,0.8495145146642422,887.5584166774797,False,settled
b,yellow_ramp,ramp,0.0,0.6,0.0,0.6157269246573724,960.5115403117685,False,settled
b,yellow_ramp,ramp,0.0,0.6,0.0,0.6444827208984227,954.8295349053654,False,settled
b,yellow_ramp,ramp,0.0,0.6,0.0,0.5084263483163927,997.9437679790734,False,settled
b,yellow_ramp,ramp,0.0,0.6,0.0,0.23522277368146738,1101.2835578974252,False,settled
b,yellow_ramp,ramp,0.0,0.6,0.0,0.46771077532735533,1006.5971903749125,False,settled
b,yellow_ramp,ramp,0.0,0.6,0.0,0.8932836326723906,874.609181157195,False,settled
b,yellow_ramp,ramp,0.0,0.6,0.0,0.4767094391865943,1012.0672262043132,False,settled
b,yellow_ramp,ramp,0.0,0.6,0.0,0.48517451749367035,1005.2514557903646,False,settled
b,yellow_ramp,ramp,0.0,0.6,0.0,0.712291271061443,930.4460086548557,False,settled
b,yellow_ramp,ramp,0.0,0.6,0.0,0.6371569823833243,952.1593116116389,False,settled
b,yellow_ramp,ramp,0.0,0.6,0.0,0.7326992033654459,920.5926829844686,False,settled
b,yellow_ramp,ramp,0.0,0.6,0.0,0.29741209063719015,1076.1787608487655,False,settled
b,yellow_ramp,ramp,0.0,0.6,0.0,0.24443190656721345,1096.6717882997966,False,settled
b,yellow_ramp,ramp,0.0,0.6,0.0,0.36286666341996654,1053.3404802149862,False,settled
b,yellow_ramp,ramp,0.0,0.6,0.0,0.2888326139759599,1076.6409887181424,False,settled
b,yellow_ramp,ramp,0.0,0.6,0.0,0.5791678550870489,971.6431360051628,False,settled
b,yellow_ramp,ramp,0.0,0.6,0.0,0.4098301376731099,1029.066764605017,False,settled
b,yellow_ramp,ramp,0.0,0.6,0.0,0.4466327170066435,1024.936048452977,False,settled
b,yellow_ramp,ramp,0.0,0.6,0.0,0.578699807496043,972.0263145771248,False,settled
b,yellow_ramp,ramp,0.0,0.6,0.0,0.7793974596627872,908.154859523835,False,settled
b,yellow_ramp,ramp,0.0,0.6,0.0,0.793841822983229,902.0892550156218,False,settled
b,yellow_ramp,ramp,0.0,0.6,0.0,0.6922612255754248,931.4912173562985,False,settled
b,yellow_ramp,ramp,0.0,0.6,0.0,0.328782479762593,1071.9589198434624,False,settled
b,yellow_ramp,ramp,0.0,0.6,0.0,0.34752684312538845,1051.695791114696,False,settled
b,yellow_ramp,ramp,0.0,0.6,0.0,0.6794562049153682,937.9989915236766,False,settled
b,yellow_ramp,ramp,0.0,0.6,0.0,0.3248061508882787,1072.483389682694,False,settled
b,yellow_ramp,ramp,0.0,0.6,0.0,0.5924722382773749,970.8293587402509,False,settled
b,yellow_ramp,ramp,0.0,0.6,0.0,0.6825736264356959,937.0841377094287,False,settled
b,yellow_ramp,ramp,0.0,0.6,0.0,0.3374242838269265,1057.0088020742705,False,settled
b,yellow_ramp,ramp,0.0,0.6,0.0,0.2223526811875856,1114.591786651634,False,settled
b,yellow_ramp,ramp,0.0,0.6,0.0,0.23529432248937468,1102.2814937891342,False,settled
b,yellow_ramp,ramp,0.0,0.6,0.0,0.5913821688071046,971.7244774306669,False,settled
b,yellow_ramp,ramp,0.0,0.6,0.0,0.4799068729513045,1009.4866382798082,False,settled
b,yellow_ramp,ramp,0.0,0.6,0.0,0.3806668356434712,1039.502087079978,False,settled
b,yellow_ramp,ramp,0.0,0.6,0.0,0.4819852690943448,1007.8154103457924,False,settled
b,yellow_ramp,ramp,0.0,0.6,0.0,0.29598512104750385,1077.0078077219684,False,settled
b,yellow_ramp,ramp,0.0,0.6,0.0,0.4296859064524713,1025.9680000372932,False,settled
b,yellow_ramp,ramp,0.0,0.6,0.0,0.49352617888228034,998.8627860195387,False,settled
b,yellow_ramp,ramp,0.0,0.6,0.0,0.6184184329439963,958.5274145247531,False,settled
b,yellow_ramp,ramp,0.0,0.6,0.0,0.6441660200798925,955.0992690174587,False,settled
b,yellow_ramp,ramp,0.0,0.6,0.0,0.3701209069284301,1047.6667990680912,False,settled
b,yellow_ramp,ramp,0.0,0.6,0.0,0.31177789170461206,1065.9875766941461,False,settled
b,yellow_ramp,ramp,0.0,0.6,0.0,0.43920346870549987,1018.6028603612268,False,settled
b,yellow_ramp,ramp,0.0,0.6,0.0,0.4354228177567517,1021.4284196535383,False,settled
b,yellow_ramp,ramp,0.0,0.6,0.0,0.6107452470134752,964.4567517228315,False,settled
b,yellow_ramp,ramp,0.0,0.6,0.0,0.3707208070878688,1047.1976515387473,False,settled
b,yellow_ramp,ramp,0.0,0.6,0.0,0.49496589029746496,997.8158311834742,False,settled
b,yellow_ramp,ramp,0.0,0.6,0.0,0.5986694010212736,967.5284311291073,False,settled
b,yellow_ramp,ramp,0.0,0.6,0.0,0.22980081807372804,1106.0519434295259,False,settled
b,yellow_ramp,ramp,0.0,0.6,0.0,0.2749137951174126,1088.9648429326455,False,settled
b,yellow_ramp,ramp,0.0,0.6,0.0,1.0207718324334416,843.3119216633786,False,settled
b,yellow_ramp,ramp,0.0,0.6,0.0,0.45195612521018474,1021.0209531089848,False,settled
b,yellow_ramp,ramp,0.0,0.6,0.0,0.6553963690167466,945.8903830257866,False,settled
b,yellow_ramp,ramp,0.0,0.6,0.0,0.7252472677598822,927.052897826619,False,settled
b,yellow_ramp,ramp,0.0,0.6,0.0,0.8019637357050826,901.3961223814366,False,settled
b,yellow_ramp,ramp,0.0,0.6,0.0,1.0291837159590786,840.8600628117047,False,settled
b,yellow_ramp,ramp,0.0,0.6,0.0,0.43452646631409425,1022.1370484038799,False,settled
b,yellow_ramp,ramp,0.0,0.6,0.0,0.6594382716781763,942.57407179875,False,settled
b,yellow_ramp,ramp,0.0,0.6,0.0,0.8617367833931326,882.6987136104729,False,settled
b,yellow_ramp,ramp,0.0,0.6,0.0,0.49244329720371904,999.5300481190712,False,settled
b,yellow_ramp,ramp,0.0,0.6,0.0,0.29277035682707225,1078.092890635693,False,settled
b,yellow_ramp,ramp,0.0,0.6,0.0,0.46101010370157935,1019.3233757426558,False,settled
b,yellow_ramp,ramp,0.0,0.6,0.0,0.8400697944643793,892.0510146434447,False,settled
b,yellow_ramp,ramp,0.0,0.6,0.0,0.23993722365205178,1110.7729067404723,False,settled
b,yellow_ramp,ramp,0.0,0.6,0.0,0.9470707619207621,860.0631491466489,False,settled
b,yellow_ramp,ramp,0.0,0.6,0.0,0.9366018703703894,864.3716758010205,False,settled
b,yellow_ramp,ramp,0.0,0.6,0.0,1.060938286551599,831.8457924749881,False,settled
b,yellow_ramp,ramp,0.0,0.6,0.0,0.40985455667648263,1029.0475480297334,False,settled
b,yellow_ramp,ramp,0.0,0.6,0.0,0.3498254219296329,1063.3630127273818,False,settled
b,yellow_ramp,ramp,0.0,0.6,0.0,0.43199815480896503,1024.135531017934,False,settled
b,yellow_ramp,ramp,0.0,0.6,0.0,0.49977575980623673,1004.8876388932762,False,settled
b,yellow_ramp,ramp,0.0,0.6,0.0,0.66484043637563,946.5811170056114,False,settled
b,yellow_ramp,ramp,0.0,0.6,0.0,0.24488538776847524,1098.091125302187,False,settled
b,yellow_ramp,ramp,0.0,0.6,0.0,0.3733134109715489,1045.1845391294657,False,settled
b,yellow_ramp,ramp,0.0,0.6,0.0,0.34014581951158473,1056.7694970812665,False,settled
b,yellow_ramp,ramp,0.0,0.6,0.0,0.6995049534107122,933.4138929511419,False,settled
b,yellow_ramp,ramp,0.0,0.6,0.0,0.5142752522078262,993.3271035647865,False,settled
b,yellow_ramp,ramp,0.0,0.6,0.0,0.961044228948889,854.4391169547833,False,settled
b,yellow_ramp,ramp,0.0,0.6,0.0,0.5060023987794896,999.8334572848049,False,settled
b,yellow_ramp,ramp,0.0,0.6,0.0,0.8566042417249299,887.7184727825039,False,settled
b,yellow_ramp,ramp,0.0,0.6,0.0,0.5989017366416484,967.4689960509098,False,settled
b,yellow_ramp,ramp,0.0,0.6,0.0,0.6662103156078399,945.4293919323155,False,settled
b,yellow_ramp,ramp,0.0,0.6,0.0,1.171663070475723,806.5641113446178,False,settled
b,yellow_ramp,ramp,0.0,0.6,0.0,0.8077711740923458,896.1162278070371,False,settled
b,yellow_ramp,ramp,0.0,0.6,0.0,0.9708069477395403,852.7902346270648,False,settled
b,yellow_ramp,ramp,0.0,0.6,0.0,0.6596709713949462,942.3961995444532,False,settled
b,yellow_ramp,ramp,0.0,0.6,0.0,1.0594637644509046,833.5655929409083,False,settled
b,yellow_ramp,ramp,0.0,0.6,0.0,1.0084702161412733,843.9095906611723,False,settled
b,yellow_ramp,ramp,0.0,0.6,0.0,0.861273988492623,883.1505044877066,False,settled
b,yellow_ramp,ramp,0.0,0.6,0.0,0.8445132012796966,889.6631543509625,False,settled
b,yellow_ramp,ramp,0.0,0.6,0.0,0.9958693383396243,846.1333097285111,False,settled
b,yellow_ramp,ramp,0.0,0.6,0.0,0.3375903329605568,1056.9896383952932,False,settled
b,yellow_ramp,ramp,0.0,0.6,0.0,0.2512418942888433,1099.0661581092559,False,settled
b,yellow_ramp,ramp,0.0,0.6,0.0,0.4469632115579972,1024.673982340919,False,settled
b,yellow_ramp,ramp,0.0,0.6,0.0,0.7980696106277768,905.0064249661099,False,settled
b,yellow_ramp,ramp,0.0,0.6,0.0,0.885082451129595,877.2089443002316,False,settled
b,yellow_ramp,ramp,0.0,0.6,0.0,0.3227988767617621,1072.7478074342735,False,settled
b,yellow_ramp,ramp,0.0,0.6,0.0,0.4423907350816361,1016.087674245036,False,settled
b,yellow_ramp,ramp,0.0,0.6,0.0,0.2790224424852386,1084.0769636235523,False,settled
b,yellow_ramp,ramp,0.0,0.6,0.0,0.23187720946893337,1109.740199088518,False,settled
b,yellow_ramp,ramp,0.0,0.6,0.0,0.6519804049751919,948.7266882430257,False,settled
b,yellow_ramp,ramp,0.0,0.6,0.0,0.30273480929086954,1072.67470299941,False,settled
b,yellow_ramp,ramp,0.0,0.6,0.0,0.4413811267941136,1016.8579348579264,False,settled
b,yellow_ramp,ramp,0.0,0.6,0.0,1.1535652874118822,811.7863362613737,False,settled
b,yellow_ramp,ramp,0.0,0.6,0.0,0.2573420537311727,1091.5603864781178,False,settled
b,yellow_ramp,ramp,0.0,0.6,0.0,0.6717300604394738,941.0319772155326,False,settled
b,yellow_ramp,ramp,0.0,0.6,0.0,0.22379846827935154,1109.4651640900013,False,settled
b,yellow_ramp,ramp,0.0,0.6,0.0,0.8739488458161094,882.5481960415001,False,settled
b,yellow_ramp,ramp,0.0,0.6,0.0,0.712221330119375,930.5073621364846,False,settled
b,yellow_ramp,ramp,0.0,0.6,0.0,0.298283551297036,1075.6430847697382,False,settled
b,yellow_ramp,ramp,0.0,0.6,0.0,0.3973538060972968,1034.7244076874993,False,settled
b,yellow_ramp,ramp,0.0,0.6,0.0,0.6205147335321787,956.7844960380579,False,settled
b,yellow_ramp,ramp,0.0,0.6,0.0,0.56277391100733,975.1585347758457,False,settled
b,yellow_ramp,ramp,0.0,0.6,0.0,0.24876171249610712,1093.6036241700892,False,settled
b,yellow_ramp,ramp,0.0,0.6,0.0,0.38703327373018515,1036.2281803687035,False,settled
b,yellow_ramp,ramp,0.0,0.6,0.0,1.0291282340782963,840.9006511419578,False,settled
b,yellow_ramp,ramp,0.0,0.6,0.0,0.3407557424852905,1056.6991344427322,False,settled
b,yellow_ramp,ramp,0.0,0.6,0.0,0.9711089253065508,852.4467539903949,False,settled
b,yellow_ramp,ramp,0.0,0.6,0.0,0.781133512555161,906.5805820341342,False,settled
b,yellow_ramp,ramp,0.0,0.6,0.0,1.0400694175297787,839.3714731674839,False,settled
b,yellow_ramp,ramp,0.0,0.6,0.0,0.5853515151038565,967.0024493178383,False,settled
b,yellow_ramp,ramp,0.0,0.6,0.0,0.8305159221814588,894.7247439412522,False,settled
b,yellow_ramp,ramp,0.0,0.6,0.0,0.24357178560961773,1109.2440605373235,False,settled
b,yellow_ramp,ramp,0.0,0.6,0.0,0.7930803943554697,902.6952690797315,False,settled
b,yellow_ramp,ramp,0.0,0.6,0.0,0.6736707478665138,939.6974593049754,False,settled
b,yellow_ramp,ramp,0.0,0.6,0.0,0.49286631768683165,999.3893751960759,False,settled
b,yellow_ramp,ramp,0.0,0.6,0.0,0.507696607092553,998.5098015708071,False,settled
b,yellow_ramp,ramp,0.0,0.6,0.0,1.1209815734842796,818.9288311036596,False,settled
b,yellow_ramp,ramp,0.0,0.6,0.0,0.4621934849527191,1019.1010361406067,False,settled
b,yellow_ramp,ramp,0.0,0.6,0.0,0.5078218049623135,998.4129396011322,False,settled
b,yellow_ramp,ramp,0.0,0.6,0.0,0.9813681661422853,849.8568503912642,False,settled
b,yellow_ramp,ramp,0.0,0.6,0.0,0.30602248260252746,1070.3680018641874,False,settled
b,yellow_ramp,ramp,0.0,0.6,0.0,0.7054957886196226,928.257614273591,False,settled
b,yellow_ramp,ramp,0.0,0.6,0.0,0.24627586562193038,1100.601398664455,False,settled
b,yellow_ramp,ramp,0.0,0.6,0.0,0.5329962258739396,985.3787281257405,False,settled
b,yellow_ramp,ramp,0.0,0.6,0.0,0.4811389216001715,1008.4958011382183,False,settled
b,yellow_ramp,ramp,0.0,0.6,0.0,0.4866624089211144,1004.0553891012293,False,settled
b,yellow_ramp,ramp,0.0,0.6,0.0,1.0091348237159667,847.7716438675942,False,settled
b,yellow_ramp,ramp,0.0,0.6,0.0,0.461780989117156,1019.1785380355972,False,settled
b,yellow_ramp,ramp,0.0,0.6,0.0,0.8687998160236198,881.742295897291,False,settled
b,yellow_ramp,ramp,0.0,0.6,0.0,0.4312295617882311,1024.7429899948906,False,settled
b,yellow_ramp,ramp,0.0,0.6,0.0,0.8416179610384641,890.8967632317026,False,settled
b,yellow_ramp,ramp,0.0,0.6,0.0,0.7542141126903695,916.9709300245617,False,settled
b,yellow_ramp,ramp,0.0,0.6,0.0,0.3344022852164037,1057.3686258572288,False,settled
b,yellow_ramp,ramp,0.0,0.6,0.0,0.6035577358525925,966.277918739822,False,settled
b,yellow_ramp,ramp,0.0,0.6,0.0,0.22655557434343992,1111.8630543083275,False,settled
b,yellow_ramp,ramp,0.0,0.6,0.0,0.7968182238588087,899.3568415421823,False,settled
b,yellow_ramp,ramp,0.0,0.6,0.0,0.5256611432509677,986.954394371983,False,settled
b,yellow_ramp,ramp,0.0,0.6,0.0,1.0639092825384673,833.1791790828457,False,settled
b,yellow_ramp,ramp,0.0,0.6,0.0,0.9348865128149999,860.5723576064013,False,settled
b,yellow_ramp,ramp,0.0,0.6,0.0,0.22893248842071337,1113.3818286867966,False,settled
b,yellow_ramp,ramp,0.0,0.6,0.0,0.5941634690719033,969.4477321218351,False,settled
b,yellow_ramp,ramp,0.0,0.6,0.0,0.9613936956800584,853.9786665756245,False,settled
b,yellow_ramp,ramp,0.0,0.6,0.0,0.39161234728077,1035.5040614851002,False,settled
b,yellow_ramp,ramp,0.0,0.6,0.0,0.40165882757671095,1034.0079723303386,False,settled
b,yellow_ramp,ramp,0.0,0.6,0.0,0.581067064779581,970.4128568677983,False,settled
b,yellow_ramp,ramp,0.0,0.6,0.0,0.49373412607554834,998.7003113277074,False,settled
b,yellow_ramp,ramp,0.0,0.6,0.0,0.42932295431742185,1026.2570700567424,False,settled
b,yellow_ramp,ramp,0.0,0.6,0.0,0.6355816416505619,953.4803953540921,False,settled
b,yellow_ramp,ramp,0.0,0.6,0.0,0.3336289724144898,1057.5566784739283,False,settled
b,yellow_ramp,ramp,0.0,0.6,0.0,0.4566032080595642,1020.1516594600479,False,settled
b,yellow_ramp,ramp,0.0,0.6,0.0,1.0040490013791117,844.9927773594666,False,settled
b,yellow_ramp,ramp,0.0,0.6,0.0,0.928183382629598,865.7084913795447,False,settled
b,yellow_ramp,ramp,0.0,0.6,0.0,1.0262097682895932,842.7175412335407,False,settled
b,yellow_ramp,ramp,0.0,0.6,0.0,0.5001062385224784,1004.6192369438561,False,settled
b,yellow_ramp,ramp,0.0,0.6,0.0,0.3928996767548045,1035.3091769907805,False,settled
b,yellow_ramp,ramp,0.0,0.6,0.0,0.3798330766369519,1040.1430388168237,False,settled
b,yellow_ramp,ramp,0.0,0.6,0.0,0.5236023549656089,987.4548673631397,False,settled
b,yellow_ramp,ramp,0.0,0.6,0.0,0.6444517989175325,954.8558712010217,False,settled
b,yellow_ramp,ramp,0.0,0.6,0.0,0.9029995338149109,870.6396158948048,False,settled
b,yellow_ramp,ramp,0.0,0.6,0.0,0.5594859062144145,977.813459595357,False,settled
b,yellow_ramp,ramp,0.0,0.6,0.0,0.48884396396702684,1002.3120893090382,False,settled
b,yellow_ramp,ramp,0.0,0.6,0.0,0.46637178785407224,1018.3159879361588,False,settled
b,yellow_ramp,ramp,0.0,0.6,0.0,0.41963911803034304,1033.9789036019886,False,settled
b,yellow_ramp,ramp,0.0,0.6,0.0,0.33130574910318694,1057.778875117804,False,settled
b,yellow_ramp,ramp,0.0,0.6,0.0,0.24604421088299622,1100.5402577810223,False,settled
b,yellow_ramp,ramp,0.0,0.6,0.0,0.9031967943580769,870.3639407182527,False,settled
b,yellow_ramp,ramp,0.0,0.6,0.0,0.9184178962230765,865.7021200614386,False,settled
b,yellow_ramp,ramp,0.0,0.6,0.0,0.6954939933993362,936.6518855995479,False,settled
b,yellow_ramp,ramp,0.0,0.6,0.0,0.5949073911661896,968.8381928372343,False,settled
b,yellow_ramp,ramp,0.0,0.6,0.0,0.27705778027175415,1084.8360335310429,False,settled
b,yellow_ramp,ramp,0.0,0.6,0.0,0.291972656791528,1077.5912549575737,False,settled
b,yellow_ramp,ramp,0.0,0.6,0.0,1.0306387755697963,842.4019810481573,False,settled
b,yellow_ramp,ramp,0.0,0.6,0.0,1.069318654481446,832.3799692690799,False,settled
b,yellow_ramp,ramp,0.0,0.6,0.0,1.002832760485148,848.3226282841787,False,settled
b,yellow_ramp,ramp,0.0,0.6,0.0,0.604289446701508,966.0907354655114,False,settled
b,yellow_ramp,ramp,0.0,0.6,0.0,0.7073983474054703,926.7299571361012,False,settled
b,yellow_ramp,ramp,0.0,0.6,0.0,0.6230105215343237,954.7260526771009,False,settled
b,yellow_ramp,ramp,0.0,0.6,0.0,0.4447218022539318,1026.4517344665364,False,settled
b,yellow_ramp,ramp,0.0,0.6,0.0,0.5941263478320225,969.4781465197661,False,settled
b,yellow_ramp,ramp,0.0,0.6,0.0,1.0645719615177087,833.3943249720194,False,settled
b,yellow_ramp,ramp,0.0,0.6,0.0,0.22566026696389402,1113.269908956899,False,settled
b,yellow_ramp,ramp,0.0,0.6,0.0,0.5298339958230367,986.0388707941077,False,settled
b,yellow_ramp,ramp,0.0,0.6,0.0,0.2656852481920632,1086.1906795142263,False,settled
b,yellow_ramp,ramp,0.0,0.6,0.0,0.48557639353099424,1004.9284023303509,False,settled
b,yellow_ramp,ramp,0.0,0.6,0.0,0.2902579126090928,1076.5937109479542,False,settled
b,yellow_ramp,ramp,0.0,0.6,0.0,0.8200709418248743,897.8882986473141,False,settled
b,yellow_ramp,ramp,0.0,0.6,0.0,0.38925674761384704,1035.9491577910587,False,settled
b,yellow_ramp,ramp,0.0,0.6,0.0,0.4796272586347426,1009.7114705024412,False,settled
b,yellow_ramp,ramp,0.0,0.6,0.0,0.6485445231436094,951.3739911180356,False,settled
b,yellow_ramp,ramp,0.0,0.6,0.0,0.3302074927793669,1071.771200892577,False,settled
b,yellow_ramp,ramp,0.0,0.6,0.0,0.6346794534739402,954.2371088750361,False,settled
b,yellow_ramp,ramp,0.0,0.6,0.0,0.25276875034337987,1100.259865595373,False,settled
b,yellow_ramp,ramp,0.0,0.6,0.0,0.349369715860613,1063.7256814556563,False,settled
b,yellow_ramp,ramp,0.0,0.6,0.0,0.41397935848599343,1038.2706951267085,False,settled
b,yellow_ramp,ramp,0.0,0.6,0.0,1.0571624429464135,834.5858688746072,False,settled
b,yellow_ramp,ramp,0.0,0.6,0.0,0.9203462691948796,868.7132759035223,False,settled
b,yellow_ramp,ramp,0.0,0.6,0.0,0.3268641260258302,1072.211800017805,False,settled
b,yellow_ramp,ramp,0.0,0.6,0.0,0.631152622211046,956.9434727480152,False,settled
b,yellow_ramp,ramp,0.0,0.6,0.0,0.4305520906070495,1025.2784047096122,False,settled
b,yellow_ramp,ramp,0.0,0.6,0.0,0.6646177610187467,946.768313743657,False,settled
b,yellow_ramp,ramp,0.0,0.6,0.0,0.6735964396408305,939.7192793753485,False,settled
b,yellow_ramp,ramp,0.0,0.6,0.0,0.6554876714781951,945.813288722107,False,settled
b,yellow_ramp,ramp,0.0,0.6,0.0,1.0465256502827878,838.234978903738,False,settled
b,yellow_ramp,ramp,0.0,0.6,0.0,0.7918232051662109,903.8430542301155,False,settled
b,yellow_ramp,ramp,0.0,0.6,0.0,0.45675643232456264,1020.122866030448,False,settled
b,yellow_ramp,ramp,0.0,0.6,0.0,1.1650157170812985,808.7003924229562,False,settled
b,yellow_ramp,ramp,0.0,0.6,0.0,0.7322932757476185,920.8581613185353,False,settled
b,yellow_ramp,ramp,0.0,0.6,0.0,0.6478500577556947,951.9615186416981,False,settled
b,yellow_ramp,ramp,0.0,0.6,0.0,0.22196858917291024,1112.510164944652,False,settled
b,yellow_ramp,ramp,0.0,0.6,0.0,0.5728500402810632,976.8355382745804,False,settled
b,yellow_ramp,ramp,0.0,0.6,0.0,0.4839178857430834,1006.2616094258904,False,settled
b,yellow_ramp,ramp,0.0,0.6,0.0,0.5901885524983601,972.7046069730003,False,settled
b,yellow_ramp,ramp,0.0,0.6,0.0,0.369761498228175,1047.9478716820352,False,settled
b,yellow_ramp,ramp,0.0,0.6,0.0,0.8332695752602675,892.1323645155347,False,settled
b,yellow_ramp,ramp,0.0,0.6,0.0,0.46719503225205733,1018.161309729891,False,settled
b,yellow_ramp,ramp,0.0,0.6,0.0,0.30624734177300805,1070.195816422436,False,settled
b,yellow_ramp,ramp,0.0,0.6,0.0,0.22463854814457992,1112.1036156526009,False,settled
b,yellow_ramp,ramp,0.0,0.6,0.0,0.7418429128697756,920.3019487307897,False,settled
b,yellow_ramp,ramp,0.0,0.6,0.0,0.6079757092420879,965.1553546403503,False,settled
b,yellow_ramp,ramp,0.0,0.6,0.0,0.5097836198531389,996.8741131813556,False,settled
b,yellow_ramp,ramp,0.0,0.6,0.0,0.374167834128664,1044.5213258936838,False,settled
b,yellow_ramp,ramp,0.0,0.6,0.0,0.40389666524495516,1033.6826565392364,False,settled
b,yellow_ramp,ramp,0.0,0.6,0.0,0.46218103981502456,1019.1033744004827,False,settled
b,yellow_ramp,ramp,0.0,0.6,0.0,0.32936888159551475,1071.8816485016812,False,settled
b,yellow_ramp,ramp,0.0,0.6,0.0,0.4748593704638475,1013.5665078939788,False,settled
b,yellow_ramp,ramp,0.0,0.6,0.0,0.9990954578017024,846.6115968108962,False,settled
b,yellow_ramp,ramp,0.0,0.6,0.0,0.5823864024420016,969.3529387355902,False,settled
b,yellow_ramp,ramp,0.0,0.6,0.0,0.6628926594412781,948.2205997520956,False,settled
b,yellow_ramp,ramp,0.0,0.6,0.0,0.7344681772598577,918.9736849142112,False,settled
b,yellow_ramp,ramp,0.0,0.6,0.0,1.192385726676646,801.5559523038953,False,settled
b,yellow_ramp,ramp,0.0,0.6,0.0,0.3286136765198067,1071.9812050801181,False,settled
b,yellow_ramp,ramp,0.0,0.6,0.0,0.7611273491782652,914.2103662627408,False,settled
b,yellow_ramp,ramp,0.0,0.6,0.0,0.3401586144324022,1056.7680210284482,False,settled
b,yellow_ramp,ramp,0.0,0.6,0.0,0.50393391514372,1001.5115502860397,False,settled
b,yellow_ramp,ramp,0.0,0.6,0.0,0.7589106891002846,914.9863569225711,False,settled
b,yellow_ramp,ramp,0.0,0.6,0.0,0.7743862655216769,912.7361074821148,False,settled
b,yellow_ramp,ramp,0.0,0.6,0.0,0.5586729150353426,978.2087798071777,False,settled
b,yellow_ramp,ramp,0.0,0.6,0.0,0.49412793138729966,998.3860623314011,False,settled
b,yellow_ramp,ramp,0.0,0.6,0.0,0.7808470534972088,906.840267836306,False,settled
b,yellow_ramp,ramp,0.0,0.6,0.0,0.5141373170423834,993.4364433749425,False,settled
b,yellow_ramp,ramp,0.0,0.6,0.0,0.5597126683420204,977.6292755125031,False,settled
b,yellow_ramp,ramp,0.0,0.6,0.0,0.2834755656072509,1082.057111127125,False,settled
b,yellow_ramp,ramp,0.0,0.6,0.0,0.8436358708175986,890.0369384330588,False,settled
b,yellow_ramp,ramp,0.0,0.6,0.0,0.2826547296878465,1082.8689849866223,False,settled
b,yellow_ramp,ramp,0.0,0.6,0.0,0.6221798827606324,955.4921520018205,False,settled
b,yellow_ramp,ramp,0.0,0.6,0.0,0.986904722597952,847.9108507208168,False,settled
b,yellow_ramp,ramp,0.0,0.6,0.0,0.29762294196105143,1076.0485008082571,False,settled
b,yellow_ramp,ramp,0.0,0.6,0.0,0.41202918260772486,1027.3574539928727,False,settled
b,yellow_ramp,ramp,0.0,0.6,0.0,0.2230961594736641,1107.2186378070605,False,settled
b,yellow_ramp,ramp,0.0,0.6,0.0,0.44636917376331314,1025.1450298513796,False,settled
b,yellow_ramp,ramp,0.0,0.6,0.0,0.8968602338103495,871.2826956255541,False,settled
b,yellow_ramp,ramp,0.0,0.6,0.0,0.2667927455639158,1097.8898182881408,False,settled
b,yellow_ramp,ramp,0.0,0.6,0.0,0.8825159731097435,879.7832127974183,False,settled
b,yellow_ramp,ramp,0.0,0.6,0.0,0.5711227076239587,978.2616379707042,False,settled
b,yellow_ramp,ramp,0.0,0.6,0.0,0.30532176222464075,1070.901291941216,False,settled
b,yellow_ramp,ramp,0.0,0.6,0.0,0.5779358255665206,972.652022744848,False,settled
b,yellow_ramp,ramp,0.0,0.6,0.0,0.5435962513566335,980.3829177076346,False,settled
b,yellow_ramp,ramp,0.0,0.6,0.0,0.8699310761480512,880.6314299315965,False,settled
b,yellow_ramp,ramp,0.0,0.6,0.0,0.38192785938891355,1038.634519879475,False,settled
b,yellow_ramp,ramp,0.0,0.6,0.0,0.8028037071199644,900.6175003845723,False,settled
b,yellow_ramp,ramp,0.0,0.6,0.0,0.3799867301873578,1040.0280401100933,False,settled
b,yellow_ramp,ramp,0.0,0.6,0.0,0.2922435525876481,1077.762027299023,False,settled
b,yellow_ramp,ramp,0.0,0.6,0.0,1.1568361861921088,810.4945917808658,False,settled
b,yellow_ramp,ramp,0.0,0.6,0.0,0.7351755005813311,918.3593430492043,False,settled
b,yellow_ramp,ramp,0.0,0.6,0.0,1.1092146887664136,822.4993757323164,False,settled
b,yellow_ramp,ramp,0.0,0.6,0.0,1.0642771014660348,833.8455483295653,False,settled
b,yellow_ramp,ramp,0.0,0.6,0.0,0.7025917929069826,930.7467237016326,False,settled
b,yellow_ramp,ramp,0.0,0.6,0.0,0.3313511732623109,1057.7734950147615,False,settled
b,yellow_ramp,ramp,0.0,0.6,0.0,0.28095835789370155,1087.5181604381205,False,settled
b,yellow_ramp,ramp,0.0,0.6,0.0,0.9816168582492911,849.5688065763302,False,settled
b,yellow_ramp,ramp,0.0,0.6,0.0,0.3352362488673,1057.27023749599,False,settled
b,yellow_ramp,ramp,0.0,0.6,0.0,0.7524754190631877,918.5206617188496,False,settled
b,yellow_ramp,ramp,0.0,0.6,0.0,0.7970807078014296,905.9232808103062,False,settled
b,yellow_ramp,ramp,0.0,0.6,0.0,0.3239300123092599,1072.5987917355317,False,settled
b,yellow_ramp,ramp,0.0,0.6,0.0,0.3941688346710566,1035.1212383829277,False,settled
b,yellow_ramp,ramp,0.0,0.6,0.0,0.38978117178521116,1035.7808884986214,False,settled
b,yellow_ramp,ramp,0.0,0.6,0.0,0.7607234529764146,914.3519058724004,False,settled
b,yellow_ramp,ramp,0.0,0.6,0.0,0.9320022986672893,861.9758565640079,False,settled
b,yellow_ramp,ramp,0.0,0.6,0.0,0.33370747725197974,1057.5474037125796,False,settled
b,yellow_ramp,ramp,0.0,0.6,0.0,0.34750957281013956,1051.7091557225542,False,settled
b,yellow_ramp,ramp,0.0,0.6,0.0,0.29240072013688156,1077.8609086359502,False,settled
b,yellow_ramp,ramp,0.0,0.6,0.0,0.3223388566814249,1072.808456753997,False,settled
b,yellow_ramp,ramp,0.0,0.6,0.0,0.37888267770775746,1040.880251743682,False,settled
b,yellow_ramp,ramp,0.0,0.6,0.0,0.35996151453020503,1055.6066085640334,False,settled
b,yellow_ramp,ramp,0.0,0.6,0.0,0.47794498158057686,1011.0659399102748,False,settled
b,yellow_ramp,ramp,0.0,0.6,0.0,0.6433782783615645,947.0856232664172,False,settled
b,yellow_ramp,ramp,0.0,0.6,0.0,0.7550290795875111,916.3454723241373,False,settled
b,yellow_ramp,ramp,0.0,0.6,0.0,0.24760217714158334,1105.7780301397827,False,settled
b,yellow_ramp,ramp,0.0,0.6,0.0,0.5969396600740116,967.9711852503301,False,settled
b,yellow_ramp,ramp,0.0,0.6,0.0,0.5563676744841694,980.0939773902938,False,settled
b,yellow_ramp,ramp,0.0,0.6,0.0,0.33367227784316705,1057.5515622609093,False,settled
b,yellow_ramp,ramp,0.0,0.6,0.0,0.28144553701772124,1087.8757884420518,False,settled
b,yellow_ramp,ramp,0.0,0.6,0.0,1.0199129120796853,844.1301056941128,False,settled
b,yellow_ramp,ramp,0.0,0.6,0.0,1.1497235231408804,812.633692059741,False,settled
b,yellow_ramp,ramp,0.0,0.6,0.0,0.43445548683604157,1022.1931458094009,False,settled
b,yellow_ramp,ramp,0.0,0.6,0.0,0.44751677206577023,1024.235049655953,False,settled
b,yellow_ramp,ramp,0.0,0.6,0.0,0.4195612231670375,1034.041399986856,False,settled
b,yellow_ramp,ramp,0.0,0.6,0.0,0.30936548759980564,1067.732031297964,False,settled
b,yellow_ramp,ramp,0.0,0.6,0.0,0.2655311854593726,1085.9200986941448,False,settled
b,yellow_ramp,ramp,0.0,0.6,0.0,0.30220643601366354,1073.0487077441874,False,settled
b,yellow_ramp,ramp,0.0,0.6,0.0,0.6777134705422845,938.5104229070321,False,settled
b,yellow_ramp,ramp,0.0,0.6,0.0,0.9118204995454329,867.0877626795759,False,settled
b,yellow_ramp,ramp,0.0,0.6,0.0,1.091714689538587,826.1037293968699,False,settled
b,yellow_ramp,ramp,0.0,0.6,0.0,0.5178792608185847,990.7719671517742,False,settled
b,yellow_ramp,ramp,0.0,0.6,0.0,0.3344000059425206,1057.3688948195638,False,settled
b,yellow_ramp,ramp,0.0,0.6,0.0,0.6810028640488343,937.5451013674507,False,settled
b,yellow_ramp,ramp,0.0,0.6,0.0,0.9870678323674551,847.8112503390453,False,settled
b,yellow_ramp,ramp,0.0,0.6,0.0,0.79947669324445,903.7017169054152,False,settled
b,yellow_ramp,ramp,0.0,0.6,0.0,0.6807763599227884,937.6115723862118,False,settled
b,yellow_ramp,ramp,0.0,0.6,0.0,0.3687504471783754,1048.7385507197582,False,settled
b,yellow_ramp,ramp,0.0,0.6,0.0,0.7475930753411799,915.3063185155296,False,settled
b,yellow_ramp,ramp,0.0,0.6,0.0,0.6271701964902621,960.3069270229348,False,settled
b,yellow_ramp,ramp,0.0,0.6,0.0,0.6582753852786155,943.4864839842477,False,settled
b,yellow_ramp,ramp,0.0,0.6,0.0,0.36514023912430355,1051.5620608183551,False,settled
b,yellow_ramp,ramp,0.0,0.6,0.0,0.39367069162686025,1035.1950100202846,False,settled
b,yellow_ramp,ramp,0.0,0.6,0.0,0.26620147681653805,1098.848453584152,False,settled
b,yellow_ramp,ramp,0.0,0.6,0.0,0.3595528693679183,1055.9234982144626,False,settled
b,yellow_ramp,ramp,0.0,0.6,0.0,0.6643775070246029,946.970285067798,False,settled
b,yellow_ramp,ramp,0.0,0.6,0.0,0.45720204759491173,1020.039127296373,False,settled
b,yellow_ramp,ramp,0.0,0.6,0.0,0.6245513176474441,953.4545976683435,False,settled
b,yellow_ramp,ramp,0.0,0.6,0.0,0.5605313907466256,976.9642591560959,False,settled
b,yellow_ramp,ramp,0.0,0.6,0.0,0.279674608698649,1085.4729233250582,False,settled
b,yellow_ramp,ramp,0.0,0.6,0.0,0.5457715951416063,988.7902955127508,False,settled
b,yellow_ramp,ramp,0.0,0.6,0.0,0.5354810281029768,984.9375441001331,False,settled
b,yellow_ramp,ramp,0.0,0.6,0.0,1.2061245130228484,798.387851230965,False,settled
b,yellow_ramp,ramp,0.0,0.6,0.0,0.36242152471292444,1053.6885250022056,False,settled
b,yellow_ramp,ramp,0.0,0.6,0.0,0.27016254319643856,1088.5406461475466,False,settled
b,yellow_ramp,ramp,0.0,0.6,0.0,0.3758311725184604,1043.230548498402,False,settled
b,yellow_ramp,ramp,0.0,0.6,0.0,1.1865075403509022,803.961843895633,False,settled
b,yellow_ramp,ramp,0.0,0.6,0.0,1.1438407842840277,812.6697747578135,False,settled
b,yellow_ramp,ramp,0.0,0.6,0.0,0.6011157054825911,966.9026284586099,False,settled
b,yellow_ramp,ramp,0.0,0.6,0.0,0.5450959939808496,989.347486365942,False,settled
b,yellow_ramp,ramp,0.0,0.6,0.0,0.9219515269608861,867.0376673826219,False,settled
b,yellow_ramp,ramp,0.0,0.6,0.0,0.8492605331562783,887.6652570890061,False,settled
b,yellow_ramp,ramp,0.0,0.6,0.0,0.5241555083463364,987.3315812684001,False,settled
b,yellow_ramp,ramp,0.0,0.6,0.0,0.5769286885463116,973.4767278808059,False,settled
b,yellow_ramp,ramp,0.0,0.6,0.0,0.9866941894181951,848.1559325579775,False,settled
b,yellow_ramp,ramp,0.0,0.6,0.0,0.4029473009160088,1033.8208440325584,False,settled
b,yellow_ramp,ramp,0.0,0.6,0.0,0.359859269809436,1055.6830966288921,False,settled
b,yellow_ramp,ramp,0.0,0.6,0.0,0.5067230997666313,999.2529983776928,False,settled
b,yellow_ramp,ramp,0.0,0.6,0.0,0.7968772848427351,906.1118791339129,False,settled
b,yellow_ramp,ramp,0.0,0.6,0.0,0.2446939981185303,1097.4604559737163,False,settled
b,yellow_ramp,ramp,0.0,0.6,0.0,0.656644617210741,944.8396605838341,False,settled
b,yellow_ramp,ramp,0.0,0.6,0.0,0.7388534492073543,922.9000164416487,False,settled
b,yellow_ramp,ramp,0.0,0.6,0.0,0.26218903125916765,1095.716518843696,False,settled
b,yellow_ramp,ramp,0.0,0.6,0.0,0.8085940892180343,902.0046957421142,False,settled
b,yellow_ramp,ramp,0.0,0.6,0.0,0.5017333141589243,1003.2980478481311,False,settled
b,yellow_ramp,ramp,0.0,0.6,0.0,0.4766468944923726,1012.1179123199627,False,settled
b,yellow_ramp,ramp,0.0,0.6,0.0,0.609417370212404,964.7917442730472,False,settled
b,yellow_ramp,ramp,0.0,0.6,0.0,0.3016736986761624,1073.4255198895894,False,settled
b,yellow_ramp,ramp,0.0,0.6,0.0,0.6346404779530376,954.2697971881805,False,settled
b,yellow_ramp,ramp,0.0,0.6,0.0,0.5628165113672438,975.123942606601,False,settled
b,yellow_ramp,ramp,0.0,0.6,0.0,0.9343407525101116,860.7606916366636,False,settled
b,yellow_ramp,ramp,0.0,0.6,0.0,0.6106446292211087,964.4821501222463,False,settled
b,yellow_ramp,ramp,0.0,0.6,0.0,0.6260406745350361,961.2612041614736,False,settled
b,yellow_ramp,ramp,0.0,0.6,0.0,0.27613579195290394,1089.4730298219754,False,settled
b,yellow_ramp,ramp,0.0,0.6,0.0,0.47757733341291925,1011.3638835280788,False,settled
b,yellow_ramp,ramp,0.0,0.6,0.0,0.2557993990005428,1091.7373442184241,False,settled
b,yellow_ramp,ramp,0.0,0.6,0.0,0.7366076611228829,924.587752151945,False,settled
b,yellow_ramp,ramp,0.0,0.6,0.0,0.5064522288446585,999.4711606112902,False,settled
b,yellow_ramp,ramp,0.0,0.6,0.0,0.7382753791067619,923.4024796519391,False,settled
b,yellow_ramp,ramp,0.0,0.6,0.0,0.7635595206711304,913.3592607004648,False,settled
b,yellow_ramp,ramp,0.0,0.6,0.0,0.959084872430269,856.5333841279574,False,settled
b,yellow_ramp,ramp,0.0,0.6,0.0,0.49526806613435803,997.5748045222763,False,settled
b,yellow_ramp,ramp,0.0,0.6,0.0,0.9015572767626665,871.7656008765894,False,settled
b,yellow_ramp,ramp,0.0,0.6,0.0,0.28592645132696476,1080.658293493544,False,settled
b,yellow_ramp,ramp,0.0,0.6,0.0,1.1446344779972781,813.8969805216659,False,settled
b,yellow_ramp,ramp,0.0,0.6,0.0,0.37936638325731875,1040.505030221944,False,settled
b,yellow_ramp,ramp,0.0,0.6,0.0,0.30793919206611253,1068.8210585289648,False,settled
b,yellow_ramp,ramp,0.0,0.6,0.0,0.5654728492581856,973.0749188510506,False,settled
b,yellow_ramp,ramp,0.0,0.6,0.0,0.3164293575910622,1076.463232509314,False,settled
b,yellow_ramp,ramp,0.0,0.6,0.0,0.8353508981422801,890.1755179993086,False,settled
b,yellow_ramp,ramp,0.0,0.6,0.0,0.7531697622475892,917.9017894248384,False,settled
b,yellow_ramp,ramp,0.0,0.6,0.0,0.2532012397839497,1102.041232240076,False,settled
b,yellow_ramp,ramp,0.0,0.6,0.0,0.6420283380845848,948.104180664924,False,settled
b,yellow_ramp,ramp,0.0,0.6,0.0,0.2849847195632658,1081.336540735526,False,settled
b,yellow_ramp,ramp,0.0,0.6,0.0,0.2746549594612448,1088.800150375082,False,settled
b,yellow_ramp,ramp,0.0,0.6,0.0,0.4787706440426314,1010.400238233895,False,settled
b,yellow_ramp,ramp,0.0,0.6,0.0,0.22411804682421874,1113.8916259309758,False,settled
b,yellow_ramp,ramp,0.0,0.6,0.0,0.856381181025096,887.9380267892427,False,settled
b,yellow_ramp,ramp,0.0,0.6,0.0,0.3349506958066332,1057.3039114189155,False,settled
b,yellow_ramp,ramp,0.0,0.6,0.0,0.47551195241037714,1013.0376630065712,False,settled
b,yellow_ramp,ramp,0.0,0.6,0.0,0.5565463263860465,979.9478585070965,False,settled
b,yellow_ramp,ramp,0.0,0.6,0.0,0.8467191795199108,888.7346632545456,False,settled
b,yellow_ramp,ramp,0.0,0.6,0.0,0.6698249244633037,942.6413423997295,False,settled
b,yellow_ramp,ramp,0.0,0.6,0.0,0.6572129442272256,944.4552901301645,False,settled
b,yellow_ramp,ramp,0.0,0.6,0.0,1.21823324899613,793.0782301684467,False,settled
b,yellow_ramp,ramp,0.0,0.6,0.0,0.34099940711811816,1056.579605603384,False,settled
b,yellow_ramp,ramp,0.0,0.6,0.0,0.6537987082117361,947.2394049266895,False,settled
b,yellow_ramp,ramp,0.0,0.6,0.0,0.39657338825433336,1034.8383790733135,False,settled
b,yellow_ramp,ramp,0.0,0.6,0.0,0.43485205200423344,1021.8797243578944,False,settled
b,yellow_ramp,ramp,0.0,0.6,0.0,0.6172884505751616,959.4668997336083,False,settled
b,yellow_ramp,ramp,0.0,0.6,0.0,0.8074045575312602,896.503704250719,False,settled
b,yellow_ramp,ramp,0.0,0.6,0.0,0.5657022592822895,972.8888519198326,False,settled
b,yellow_ramp,ramp,0.0,0.6,0.0,0.455333262247528,1020.390278476433,False,settled
b,yellow_ramp,ramp,0.0,0.6,0.0,0.5280538337051072,986.4140679319067,False,settled
b,yellow_ramp,ramp,0.0,0.6,0.0,0.34758094923034183,1051.5792603739421,False,settled
b,yellow_ramp,ramp,0.0,0.6,0.0,0.5147777666216867,992.9287846364637,False,settled
b,yellow_ramp,ramp,0.0,0.6,0.0,0.3529131489562138,1060.9109416961737,False,settled
b,yellow_ramp,ramp,0.0,0.6,0.0,0.3567828988388945,1058.10438751248,False,settled
b,yellow_ramp,ramp,0.0,0.6,0.0,0.25352699445479643,1102.678390177318,False,settled
b,yellow_ramp,ramp,0.0,0.6,0.0,0.6852802802711708,936.2941081064594,False,settled
b,yellow_ramp,ramp,0.0,0.6,0.0,0.3553518667407168,1058.982958659936,False,settled
b,yellow_ramp,ramp,0.0,0.6,0.0,0.2555646623492986,1091.3047058912273,False,settled
b,yellow_ramp,ramp,0.0,0.6,0.0,0.9618153846391114,853.5158481013669,False,settled
b,yellow_ramp,ramp,0.0,0.6,0.0,0.9513364432676468,860.0333769804216,False,settled
b,yellow_ramp,ramp,0.0,0.6,0.0,0.3797442076510226,1040.2119683363424,False,settled
b,yellow_ramp,ramp,0.0,0.6,0.0,0.4902279128139259,1001.208173497334,False,settled
b,yellow_ramp,ramp,0.0,0.6,0.0,0.23616639859338326,1105.7993890489697,False,settled
b,yellow_ramp,ramp,0.0,0.6,0.0,0.3102254663062617,1067.0732384515834,False,settled
b,yellow_ramp,ramp,0.0,0.6,0.0,0.3610103027210428,1054.7940789924148,False,settled
b,yellow_ramp,ramp,0.0,0.6,0.0,0.4741656531029859,1014.1286853536341,False,settled
b,yellow_ramp,ramp,0.0,0.6,0.0,0.7005918817300912,932.4731516923731,False,settled
b,yellow_ramp,ramp,0.0,0.6,0.0,0.4904628132621459,1001.0208678242211,False,settled
b,yellow_ramp,ramp,0.0,0.6,0.0,0.8862771505555926,876.0113445518352,False,settled
b,yellow_ramp,ramp,0.0,0.6,0.0,0.3455425921688987,1053.1214459911698,False,settled
b,yellow_ramp,ramp,0.0,0.6,0.0,0.5127797869769248,994.5082938678718,False,settled
b,yellow_ramp,ramp,0.0,0.6,0.0,0.5085064677056422,997.880647808637,False,settled
b,yellow_ramp,ramp,0.0,0.6,0.0,0.3089670762190259,1068.0331835882753,False,settled
b,yellow_ramp,ramp,0.0,0.6,0.0,0.6625292219349548,948.5987663397901,False,settled
b,yellow_ramp,ramp,0.0,0.6,0.0,0.2672207648048829,1098.162916241099,False,settled
b,yellow_ramp,ramp,0.0,0.6,0.0,0.5022722583410659,1002.8605238669917,False,settled
b,yellow_ramp,ramp,0.0,0.6,0.0,1.0432359216545544,838.9312246168608,False,settled
b,yellow_ramp,ramp,0.0,0.6,0.0,0.3622719817111837,1053.805449501282,False,settled
b,yellow_ramp,ramp,0.0,0.6,0.0,0.8645729000847656,880.3140043489967,False,settled
b,yellow_ramp,ramp,0.0,0.6,0.0,0.5484301681574443,986.5976483631259,False,settled
b,yellow_ramp,ramp,0.0,0.6,0.0,0.3517559811146342,1061.826234520323,False,settled
b,yellow_ramp,ramp,0.0,0.6,0.0,0.5892259536759141,973.495021010156,False,settled
b,yellow_ramp,ramp,0.0,0.6,0.0,0.8850442490171748,877.2472324030474,False,settled
b,yellow_ramp,ramp,0.0,0.6,0.0,0.22827687716982437,1105.0562524359557,False,settled
b,yellow_ramp,ramp,0.0,0.6,0.0,0.8892161716549832,873.4387480657178,False,settled
b,yellow_ramp,ramp,0.0,0.6,0.0,0.6644050766571288,946.9471089463857,False,settled
b,yellow_ramp,ramp,0.0,0.6,0.0,0.9015629393262325,871.7598095531247,False,settled
b,yellow_ramp,ramp,0.0,0.6,0.0,0.44054182954403376,1017.4984881669197,False,settled
b,yellow_ramp,ramp,0.0,0.6,0.0,0.24711951651310876,1104.378406831259,False,settled
b,yellow_ramp,ramp,0.0,0.6,0.0,1.2173158685904375,793.9723941946565,False,settled
b,yellow_ramp,ramp,0.0,0.6,0.0,0.31496704454949837,1077.615532917142,False,settled
b,yellow_ramp,ramp,0.0,0.6,0.0,0.2531451821567989,1101.9108118096467,False,settled
b,yellow_ramp,ramp,0.0,0.6,0.0,0.4209796434232658,1032.9033209333568,False,settled
b,yellow_ramp,ramp,0.0,0.6,0.0,0.3255359261582832,1072.3870954524307,False,settled
b,yellow_ramp,ramp,0.0,0.6,0.0,0.758948560410024,914.9731022691836,False,settled
b,yellow_ramp,ramp,0.0,0.6,0.0,0.30917557267227463,1067.877499417345,False,settled
b,yellow_ramp,ramp,0.0,0.6,0.0,0.4277982829712996,1027.4713071459203,False,settled
b,yellow_ramp,ramp,0.0,0.6,0.0,0.48528909742917786,1005.1593492730499,False,settled
b,yellow_ramp,ramp,0.0,0.6,0.0,0.5640609859154438,974.1169900216629,False,settled
b,yellow_ramp,ramp,0.0,0.6,0.0,0.5220853317209885,987.7769114018905,False,settled
b,yellow_ramp,ramp,0.0,0.6,0.0,0.30806209103032167,1068.7262790608181,False,settled
b,yellow_ramp,ramp,0.0,0.6,0.0,0.7506501599841945,920.147683625192,False,settled
b,yellow_ramp,ramp,0.0,0.6,0.0,0.5656556335772712,972.92666853565,False,settled
b,yellow_ramp,ramp,0.0,0.6,0.0,0.674884612922621,939.34091239282,False,settled
b,yellow_ramp,ramp,0.0,0.6,0.0,0.4141716088303054,1038.1165877612807,False,settled
b,yellow_ramp,ramp,0.0,0.6,0.0,0.6626546396283332,948.4953566315338,False,settled
b,yellow_ramp,ramp,0.0,0.6,0.0,0.22145752320509834,1107.210132848859,False,settled
b,yellow_ramp,ramp,0.0,0.6,0.0,0.49076911098852066,1000.7766306426323,False,settled
b,yellow_ramp,ramp,0.0,0.6,0.0,0.5058247820599114,999.9765243531164,False,settled
b,yellow_ramp,ramp,0.0,0.6,0.0,0.27121787410050446,1089.5612541771102,False,settled
b,yellow_ramp,ramp,0.0,0.6,0.0,0.986290884800604,848.625426299499,False,settled
b,yellow_ramp,ramp,0.0,0.6,0.0,0.5515537398757832,984.0320152900565,False,settled
b,yellow_ramp,ramp,0.0,0.6,0.0,0.2838066939670693,1081.6089393472862,False,settled
b,yellow_ramp,ramp,0.0,0.6,0.0,1.0411973291114947,839.1520600192554,False,settled
b,yellow_ramp,ramp,0.0,0.6,0.0,0.3217322312896023,1072.8885629694344,False,settled
b,yellow_ramp,ramp,0.0,0.6,0.0,0.5031035192466741,1002.1856883250712,False,settled
b,yellow_ramp,ramp,0.0,0.6,0.0,0.3108139305377911,1066.7195243207473,False,settled
b,yellow_ramp,ramp,0.0,0.6,0.0,0.537816580093722,984.4502961144997,False,settled
b,yellow_ramp,ramp,0.0,0.6,0.0,1.0955035253259762,826.5180293994091,False,settled
b,yellow_ramp,ramp,0.0,0.6,0.0,0.3573781687831435,1057.6358175927667,False,settled
b,yellow_ramp,ramp,0.0,0.6,0.0,0.7182679725440522,925.2346943318154,False,settled
b,yellow_ramp,ramp,0.0,0.6,0.0,0.2517073217745519,1099.9371108908788,False,settled
b,yellow_ramp,ramp,0.0,0.6,0.0,0.28326814956288,1081.9126529423554,False,settled
b,yellow_ramp,ramp,0.0,0.6,0.0,0.8777712184370735,878.7394177051863,False,settled
b,yellow_ramp,ramp,0.0,0.6,0.0,0.5551850418063714,981.0612433502141,False,settled
b,yellow_ramp,ramp,0.0,0.6,0.0,0.26038424607253374,1097.1861602717147,False,settled
b,yellow_ramp,ramp,0.0,0.6,0.0,0.6316775186885691,956.5001897103893,False,settled
b,yellow_ramp,ramp,0.0,0.6,0.0,0.7353027373421748,918.2479641124293,False,settled
b,yellow_ramp,ramp,0.0,0.6,0.0,0.2526472156702708,1099.396896924403,False,settled
b,yellow_ramp,ramp,0.0,0.6,0.0,1.173795981975184,806.130950378495,False,settled
b,yellow_ramp,ramp,0.0,0.6,0.0,0.5671475313996883,981.5441246140225,False,settled
b,yellow_ramp,ramp,0.0,0.6,0.0,0.2361581620643732,1105.6695898597582,False,settled
b,yellow_ramp,ramp,0.0,0.6,0.0,0.792109334927076,903.5817053628052,False,settled
b,yellow_ramp,ramp,0.0,0.6,0.0,0.29212119937373954,1077.6849490642858,False,settled
b,yellow_ramp,ramp,0.0,0.6,0.0,0.30825491362143725,1068.5785800560864,False,settled
b,yellow_ramp,ramp,0.0,0.6,0.0,0.7757145934433786,911.5216967897352,False,settled
b,yellow_ramp,ramp,0.0,0.6,0.0,0.4996639503228396,1004.9784399734276,False,settled
b,yellow_ramp,ramp,0.0,0.6,0.0,0.9355820184819752,860.2216465470206,False,settled
b,yellow_ramp,ramp,0.0,0.6,0.0,0.5726253588501536,977.0210069623031,False,settled
b,yellow_ramp,ramp,0.0,0.6,0.0,0.47609547308117345,1012.5647821954464,False,settled
b,yellow_ramp,ramp,0.0,0.6,0.0,0.981264389049148,849.9770470804988,False,settled
b,yellow_ramp,ramp,0.0,0.6,0.0,0.3378723757234951,1056.9570878446418,False,settled
b,yellow_ramp,ramp,0.0,0.6,0.0,0.6641502615654091,947.1613160573924,False,settled
b,yellow_ramp,ramp,0.0,0.6,0.0,0.4504754299136609,1021.8893904729249,False,settled
b,yellow_ramp,ramp,0.0,0.6,0.0,1.092306176401987,826.4853182434523,False,settled
b,yellow_ramp,ramp,0.0,0.6,0.0,0.7822618057748812,905.5576780671643,False,settled
b,yellow_ramp,ramp,0.0,0.6,0.0,0.4244397782482761,1030.1458758909505,False,settled
b,yellow_ramp,ramp,0.0,0.6,0.0,0.5908594403002273,972.1537151178546,False,settled
b,yellow_ramp,ramp,0.0,0.6,0.0,0.3564450741526462,1058.3710439346085,False,settled
b,yellow_ramp,ramp,0.0,0.6,0.0,0.23952605241671698,1108.7111296465694,False,settled
b,yellow_ramp,ramp,0.0,0.6,0.0,0.5123180092224664,994.8727905188433,False,settled
b,yellow_ramp,ramp,0.0,0.6,0.0,0.603546086773268,966.2808987590685,False,settled
b,yellow_ramp,ramp,0.0,0.6,0.0,0.23196566559116175,1110.5174868048418,False,settled
b,yellow_ramp,ramp,0.0,0.6,0.0,0.3865041921300838,1049.1764398023406,False,settled
b,yellow_ramp,ramp,0.0,0.6,0.0,0.3644640848127723,1052.0908870248272,False,settled
b,yellow_ramp,ramp,0.0,0.6,0.0,0.5271882815536308,986.5947850947175,False,settled
b,yellow_ramp,ramp,0.0,0.6,0.0,0.3361126471818809,1057.1628461138484,False,settled
b,yellow_ramp,ramp,0.0,0.6,0.0,0.625869998362841,952.4099155257084,False,settled
b,yellow_ramp,ramp,0.0,0.6,0.0,0.28739439829892444,1077.3243247866515,False,settled
b,yellow_ramp,ramp,0.0,0.6,0.0,0.3371325276102141,1057.0426833742092,False,settled
b,yellow_ramp,ramp,0.0,0.6,0.0,0.2538979531651717,1102.6952410057784,False,settled
b,yellow_ramp,ramp,0.0,0.6,0.0,0.7824430687378591,905.4827292477491,False,settled
b,yellow_ramp,ramp,0.0,0.6,0.0,1.0836401627818848,828.9709744845059,False,settled
b,yellow_ramp,ramp,0.0,0.6,0.0,0.6437973595034083,946.6765047835734,False,settled
b,yellow_ramp,ramp,0.0,0.6,0.0,1.0321367227563767,841.2740362169498,False,settled
b,yellow_ramp,ramp,0.0,0.6,0.0,0.2957889651281443,1077.1063394231478,False,settled
b,yellow_ramp,ramp,0.0,0.6,0.0,0.7294478037642463,923.3527194035204,False,settled
b,yellow_ramp,ramp,0.0,0.6,0.0,0.5882555321924909,974.2920644649649,False,settled
b,yellow_ramp,ramp,0.0,0.6,0.0,0.43677177288019725,1020.3736354869213,False,settled
b,yellow_ramp,ramp,0.0,0.6,0.0,0.4434741910390414,1015.3572822702564,False,settled
b,yellow_ramp,ramp,0.0,0.6,0.0,1.0592547926006612,833.8565107858283,False,settled
b,yellow_ramp,ramp,0.0,0.6,0.0,0.22410562776354354,1113.687482468931,False,settled
b,yellow_ramp,ramp,0.0,0.6,0.0,0.6992835776914791,933.6065723075877,False,settled
b,yellow_ramp,ramp,0.0,0.6,0.0,0.6063905877107109,965.5551280574532,False,settled
b,yellow_ramp,ramp,0.0,0.6,0.0,0.5066857251334682,999.283100322197,False,settled
b,yellow_ramp,ramp,0.0,0.6,0.0,0.9993612075902936,846.2936589364836,False,settled
b,yellow_ramp,ramp,0.0,0.6,0.0,0.5025021522911844,1002.6738914716586,False,settled
b,yellow_ramp,ramp,0.0,0.6,0.0,0.621089601218007,956.3984333423207,False,settled
b,yellow_ramp,ramp,0.0,0.6,0.0,0.4920377765152944,999.7648281114516,False,settled
b,yellow_ramp,ramp,0.0,0.6,0.0,0.28769134907478755,1077.1115654889538,False,settled
b,yellow_ramp,ramp,0.0,0.6,0.0,0.2743026590605088,1088.5598157697882,False,settled
b,yellow_ramp,ramp,0.0,0.6,0.0,0.8756664080741559,880.8366433004975,False,settled
b,yellow_ramp,ramp,0.0,0.6,0.0,0.3249400616449081,1072.4657511858868,False,settled
b,yellow_ramp,ramp,0.0,0.6,0.0,0.2804122756907247,1087.012597349051,False,settled
b,yellow_ramp,ramp,0.0,0.6,0.0,0.3064507060655083,1070.0400706015423,False,settled
b,yellow_ramp,ramp,0.0,0.6,0.0,0.22810648908094794,1104.0678052328608,False,settled
b,yellow_ramp,ramp,0.0,0.6,0.0,0.5292789591489157,986.1583085328607,False,settled
b,yellow_ramp,ramp,0.0,0.6,0.0,0.597171662362068,967.9118256435967,False,settled
b,yellow_ramp,ramp,0.0,0.6,0.0,0.49982298268144126,1004.8492149847225,False,settled
b,yellow_ramp,ramp,0.0,0.6,0.0,0.6633788905675655,947.8097523800038,False,settled
b,yellow_ramp,ramp,0.0,0.6,0.0,0.6793612308486375,938.0268630776674,False,settled
b,yellow_ramp,ramp,0.0,0.6,0.0,1.0651117790220999,832.6689629391973,False,settled
b,yellow_ramp,ramp,0.0,0.6,0.0,0.5585189729613471,978.3344258907654,False,settled
b,yellow_ramp,ramp,0.0,0.6,0.0,0.5060906421620189,999.762385478532,False,settled
b,yellow_ramp,ramp,0.0,0.6,0.0,0.748783618929121,914.2772338265925,False,settled
b,yellow_ramp,ramp,0.0,0.6,0.0,0.5517497597864152,983.8716447087959,False,settled
b,yellow_ramp,ramp,0.0,0.6,0.0,0.6240784091494761,953.8424606525055,False,settled
b,yellow_ramp,ramp,0.0,0.6,0.0,0.39242264133233173,1035.3798290299953,False,settled
b,yellow_ramp,ramp,0.0,0.6,0.0,0.9556599428864385,855.5366275620968,False,settled
b,yellow_ramp,ramp,0.0,0.6,0.0,0.4631026410600238,1018.9302186784092,False,settled
b,yellow_ramp,ramp,0.0,0.6,0.0,0.36644530050270696,1050.5412211157854,False,settled
b,yellow_ramp,ramp,0.0,0.6,0.0,0.44429216342853933,1026.7925069937855,False,settled
b,yellow_ramp,ramp,0.0,0.6,0.0,0.6036820064609247,966.2461283462035,False,settled
b,yellow_ramp,ramp,0.0,0.6,0.0,0.22278808956882853,1113.6022828599546,False,settled
b,yellow_ramp,ramp,0.0,0.6,0.0,0.2431490727598178,1105.5330942110627,False,settled
b,yellow_ramp,ramp,0.0,0.6,0.0,0.22147400579015786,1108.817468894848,False,settled
b,yellow_ramp,ramp,0.0,0.6,0.0,0.3398267764162401,1056.80630254254,False,settled
b,yellow_ramp,ramp,0.0,0.6,0.0,0.43349052922053066,1022.9557598956917,False,settled
b,yellow_ramp,ramp,0.0,0.6,0.0,0.8034125678109755,900.053099177307,False,settled
b,yellow_ramp,ramp,0.0,0.6,0.0,0.2885820017130628,1076.7246598711258,False,settled
b,yellow_ramp,ramp,0.0,0.6,0.0,0.8447470918547434,889.5645119653781,False,settled
b,yellow_ramp,ramp,0.0,0.6,0.0,0.325890961554477,1072.3401808887572,False,settled
b,yellow_ramp,ramp,0.0,0.6,0.0,0.4923736913707739,999.5855550943992,False,settled
b,yellow_ramp,ramp,0.0,0.6,0.0,0.8176728825209233,893.5737190556763,False,settled
b,yellow_ramp,ramp,0.0,0.6,0.0,1.2045793591713114,799.6741411851795,False,settled
b,yellow_ramp,ramp,0.0,0.6,0.0,0.778121437650406,909.3213376975613,False,settled
b,yellow_ramp,ramp,0.0,0.6,0.0,0.45108510076206426,1021.4076326392546,False,settled
b,yellow_ramp,ramp,0.0,0.6,0.0,0.5860681009654503,966.4314826378529,False,settled
b,yellow_ramp,ramp,0.0,0.6,0.0,0.6387351157989498,950.8361546197035,False,settled
b,yellow_ramp,ramp,0.0,0.6,0.0,0.718710483465644,924.9403783358111,False,settled
b,yellow_ramp,ramp,0.0,0.6,0.0,0.40113109026805194,1034.0847202501388,False,settled
b,yellow_ramp,ramp,0.0,0.6,0.0,0.9366598329357251,864.3406985624828,False,settled
b,yellow_ramp,ramp,0.0,0.6,0.0,0.9588263201642534,856.8220864890731,False,settled
b,yellow_ramp,ramp,0.0,0.6,0.0,0.8001107086392594,903.113987644221,False,settled
b,yellow_ramp,ramp,0.0,0.6,0.0,1.0201607727036264,843.747208258837,False,settled
b,yellow_ramp,ramp,0.0,0.6,0.0,0.8006747258303365,902.5909542087603,False,settled
b,yellow_ramp,ramp,0.0,0.6,0.0,0.5990755803601318,967.4245241093424,False,settled
b,yellow_ramp,ramp,0.0,0.6,0.0,0.39188252843151966,1035.464040252879,False,settled
b,yellow_ramp,ramp,0.0,0.6,0.0,0.44189090968225403,1016.4661803577455,False,settled
b,yellow_ramp,ramp,0.0,0.6,0.0,0.6420794408644791,948.0617039183471,False,settled
b,yellow_ramp,ramp,0.0,0.6,0.0,0.822280725489429,895.8908512400545,False,settled
b,yellow_ramp,ramp,0.0,0.6,0.0,0.433214564347349,1023.1740211509953,False,settled
b,yellow_ramp,ramp,0.0,0.6,0.0,0.5768287915945658,973.5585262634463,False,settled
b,yellow_ramp,ramp,0.0,0.6,0.0,0.31618235951955287,1076.6579001093655,False,settled
b,yellow_ramp,ramp,0.0,0.6,0.0,0.3006748131123813,1074.1315429837148,False,settled
b,yellow_ramp,ramp,0.0,0.6,0.0,0.3345150617901634,1057.355317822247,False,settled
b,yellow_ramp,ramp,0.0,0.6,0.0,0.7805092806027616,907.1464576337208,False,settled
b,yellow_ramp,ramp,0.0,0.6,0.0,0.8270598520228295,891.5083004074542,False,settled
b,yellow_ramp,ramp,0.0,0.6,0.0,0.8970620432201659,871.1767722111135,False,settled
b,yellow_ramp,ramp,0.0,0.6,0.0,1.2243920684526441,790.8173731934488,False,settled
b,yellow_ramp,ramp,0.0,0.6,0.0,0.3688444031444075,1048.6650740649156,False,settled
b,yellow_ramp,ramp,0.0,0.6,0.0,0.46422696227725224,1018.7189739744781,False,settled
b,yellow_ramp,ramp,0.0,0.6,0.0,0.44841411048954066,1023.5235636632715,False,settled
b,yellow_ramp,ramp,0.0,0.6,0.0,0.29813601222096797,1075.7336729746082,False,settled
b,yellow_ramp,ramp,0.0,0.6,0.0,0.5037608817143002,1001.6520239329975,False,settled
b,yellow_ramp,ramp,0.0,0.6,0.0,0.45176354420912085,1021.0609775766928,False,settled
b,yellow_ramp,ramp,0.0,0.6,0.0,0.4929038353467362,999.3594335021276,False,settled
b,yellow_ramp,ramp,0.0,0.6,0.0,0.5062529838337743,999.6316342799978,False,settled
b,yellow_ramp,ramp,0.0,0.6,0.0,0.24602763391856391,1100.7936504319455,False,settled
b,yellow_ramp,ramp,0.0,0.6,0.0,0.4783522161108262,1010.7366764463283,False,settled
b,yellow_ramp,ramp,0.0,0.6,0.0,0.7541858522547352,916.9961195366254,False,settled
b,yellow_ramp,ramp,0.0,0.6,0.0,0.24343984380469125,1108.7600392208944,False,settled
b,yellow_ramp,ramp,0.0,0.6,0.0,0.6380670061430528,951.3963230852837,False,settled
b,yellow_ramp,ramp,0.0,0.6,0.0,0.6670910717763955,944.6891034404714,False,settled
b,yellow_ramp,ramp,0.0,0.6,0.0,0.7727603637402106,907.0243342128321,False,settled
b,yellow_ramp,ramp,0.0,0.6,0.0,1.2235087284352468,790.4548345088585,False,settled
b,yellow_ramp,ramp,0.0,0.6,0.0,0.32019631879767174,1073.8869819836254,False,settled
b,yellow_ramp,ramp,0.0,0.6,0.0,0.9205677744945368,868.482062107263,False,settled
b,yellow_ramp,ramp,0.0,0.6,0.0,0.6368982208903186,952.3762621553217,False,settled
b,yellow_ramp,ramp,0.0,0.6,0.0,0.5550294217599316,981.1885229902092,False,settled
b,yellow_ramp,ramp,0.0,0.6,0.0,0.2850728686612779,1081.2674327247823,False,settled
b,yellow_ramp,ramp,0.0,0.6,0.0,0.31446170818485647,1078.0137200311403,False,settled
b,yellow_ramp,ramp,0.0,0.6,0.0,0.5750262526266872,975.0391110713521,False,settled
b,yellow_ramp,ramp,0.0,0.6,0.0,0.25060709892850686,1097.5347910925318,False,settled
b,yellow_ramp,ramp,0.0,0.6,0.0,0.3596019382583517,1055.8848535323677,False,settled
b,yellow_ramp,ramp,0.0,0.6,0.0,0.5656161996055264,972.9586521514664,False,settled
b,yellow_ramp,ramp,0.0,0.6,0.0,0.4837149153795173,1006.4247678451319,False,settled
b,yellow_ramp,ramp,0.0,0.6,0.0,0.41323304553988555,1026.5220853695312,False,settled
b,yellow_ramp,ramp,0.0,0.6,0.0,0.29967511722506257,1074.7921495111318,False,settled
b,yellow_ramp,ramp,0.0,0.6,0.0,0.2727857071980498,1085.0199572184963,False,settled
b,yellow_ramp,ramp,0.0,0.6,0.0,0.5484007750513643,986.6218882098544,False,settled
b,yellow_ramp,ramp,0.0,0.6,0.0,0.6836236426770456,936.7759949502647,False,settled
b,yellow_ramp,ramp,0.0,0.6,0.0,0.8957072837278389,872.438452529878,False,settled
b,yellow_ramp,ramp,0.0,0.6,0.0,0.5336973688864901,985.2324317000915,False,settled
b,yellow_ramp,ramp,0.0,0.6,0.0,0.7086080189945413,933.4242709031092,False,settled
b,yellow_ramp,ramp,0.0,0.6,0.0,0.2255162239285176,1112.003374550321,False,settled
b,yellow_ramp,ramp,0.0,0.6,0.0,0.2962308862070866,1076.8795923180642,False,settled
b,yellow_ramp,ramp,0.0,0.6,0.0,0.38710161895151685,1036.2180533333053,False,settled
b,yellow_ramp,ramp,0.0,0.6,0.0,0.4011170467212778,1034.0867625336068,False,settled
b,yellow_ramp,ramp,0.0,0.6,0.0,0.6822681734869958,937.1737774315282,False,settled
b,yellow_ramp,ramp,0.0,0.6,0.0,0.4129793768088534,1026.712603774223,False,settled
b,yellow_ramp,ramp,0.0,0.6,0.0,0.3671341384502643,1050.0025429840084,False,settled
b,yellow_ramp,ramp,0.0,0.6,0.0,0.8758138534964898,880.689734015126,False,settled
b,yellow_ramp,ramp,0.0,0.6,0.0,0.38266198270576013,1038.0039260087008,False,settled
b,yellow_ramp,ramp,0.0,0.6,0.0,0.7304552542267141,922.4693838058043,False,settled
b,yellow_ramp,ramp,0.0,0.6,0.0,0.2660998536389279,1098.6995718836652,False,settled
b,yellow_ramp,ramp,0.0,0.6,0.0,0.3198376366182467,1074.0627662314112,False,settled
b,yellow_ramp,ramp,0.0,0.6,0.0,0.6731929297179248,939.8377631953279,False,settled
b,yellow_ramp,ramp,0.0,0.6,0.0,0.35988691084077346,1055.6622547414336,False,settled
b,yellow_ramp,ramp,0.0,0.6,0.0,0.2622670194815177,1096.1015372444815,False,settled
b,yellow_ramp,ramp,0.0,0.6,0.0,0.5330861318146625,985.3599688891197,False,settled
b,yellow_ramp,ramp,0.0,0.6,0.0,0.7146824254518799,928.3540580938038,False,settled
b,yellow_ramp,ramp,0.0,0.6,0.0,1.0749305167143761,830.9811074480882,False,settled
b,yellow_ramp,ramp,0.0,0.6,0.0,1.1039587594009983,823.143782395089,False,settled
b,yellow_ramp,ramp,0.0,0.6,0.0,0.5006846796728059,1004.1496108830783,False,settled
b,yellow_ramp,ramp,0.0,0.6,0.0,0.6317990322912926,956.397569285899,False,settled
b,yellow_ramp,ramp,0.0,0.6,0.0,0.7736609826786381,906.2644220305484,False,settled
b,yellow_ramp,ramp,0.0,0.6,0.0,0.4983793612085582,1006.0216694506178,False,settled
b,yellow_ramp,ramp,0.0,0.6,0.0,1.0977791570297755,823.5411158574256,False,settled
b,yellow_ramp,ramp,0.0,0.6,0.0,0.2292174150028108,1100.8875477976158,False,settled
b,yellow_ramp,ramp,0.0,0.6,0.0,0.27674586779114707,1085.0546020374886,False,settled
b,yellow_ramp,ramp,0.0,0.6,0.0,0.22964917963426187,1105.4019762204455,False,settled
b,yellow_ramp,ramp,0.0,0.6,0.0,0.6393948944136424,950.3747377047956,False,settled
b,yellow_ramp,ramp,0.0,0.6,0.0,0.8900713087461847,877.8719333165993,False,settled
b,yellow_ramp,ramp,0.0,0.6,0.0,0.44652103604887533,1025.024607417861,False,settled
b,yellow_ramp,ramp,0.0,0.6,0.0,0.6832853837805801,936.8752619288209,False,settled
b,yellow_ramp,ramp,0.0,0.6,0.0,0.955471755376498,855.7438743226206,False,settled
b,yellow_ramp,ramp,0.0,0.6,0.0,0.6248915789098992,953.2641595776873,False,settled
b,yellow_ramp,ramp,0.0,0.6,0.0,0.3404924172271991,1056.7295126076172,False,settled
b,yellow_ramp,ramp,0.0,0.6,0.0,0.22888631727645314,1112.763058921762,False,settled
b,yellow_ramp,ramp,0.0,0.6,0.0,0.22375420111171707,1108.718100614168,False,settled
b,yellow_ramp,ramp,0.0,0.6,0.0,0.22360003107869172,1104.0109819295003,False,settled
b,yellow_ramp,ramp,0.0,0.6,0.0,0.33510133492576694,1057.286142747853,False,settled
b,yellow_ramp,ramp,0.0,0.6,0.0,0.2611040563170743,1098.271577632788,False,settled
b,yellow_ramp,ramp,0.0,0.6,0.0,0.8867851728944417,875.5022066865466,False,settled
b,yellow_ramp,ramp,0.0,0.6,0.0,0.45134191152950287,1021.2046149687361,False,settled
b,yellow_ramp,ramp,0.0,0.6,0.0,0.586176317972239,966.3452644757649,False,settled
b,yellow_ramp,ramp,0.0,0.6,0.0,0.21920476363174043,1105.5433916335899,False,settled
b,yellow_ramp,ramp,0.0,0.6,0.0,0.28785894100685044,1077.2792342242537,False,settled
b,yellow_ramp,ramp,0.0,0.6,0.0,0.815931333555068,895.2449228584786,False,settled
b,yellow_ramp,ramp,0.0,0.6,0.0,0.6445025325338125,954.8126613021869,False,settled
b,yellow_ramp,ramp,0.0,0.6,0.0,0.24001608722149148,1111.1482169652695,False,settled
b,yellow_ramp,ramp,0.0,0.6,0.0,0.4380145236141229,1019.4343595410221,False,settled
b,yellow_ramp,ramp,0.0,0.6,0.0,0.6489720351798566,951.0128534935925,False,settled
b,yellow_ramp,ramp,0.0,0.6,0.0,0.5057758991466484,1000.0161815749113,False,settled
b,yellow_ramp,ramp,0.0,0.6,0.0,1.063807239330954,833.3324092115498,False,settled
b,yellow_ramp,ramp,0.0,0.6,0.0,0.3125377523828844,1065.3462380715296,False,settled
b,yellow_ramp,ramp,0.0,0.6,0.0,0.3277074859061542,1072.1006837836944,False,settled
b,yellow_ramp,ramp,0.0,0.6,0.0,0.30410351363360827,1071.7045604327964,False,settled
b,yellow_ramp,ramp,0.0,0.6,0.0,0.6824343184266273,937.1250197216137,False,settled
b,yellow_ramp,ramp,0.0,0.6,0.0,0.43456594550024513,1022.105846608456,False,settled
b,yellow_ramp,ramp,0.0,0.6,0.0,0.6255636229467919,952.654466820161,False,settled
b,yellow_ramp,ramp,0.0,0.6,0.0,0.6398559614379075,949.9881326587304,False,settled
b,yellow_ramp,ramp,0.0,0.6,0.0,0.4349681347762251,1021.7879780737459,False,settled
b,yellow_ramp,ramp,0.0,0.6,0.0,0.5295911980858877,986.0931215477891,False,settled
b,yellow_ramp,ramp,0.0,0.6,0.0,0.41895981650377695,1034.5239066029571,False,settled
b,yellow_ramp,ramp,0.0,0.6,0.0,0.2444100350250743,1096.5991472837663,False,settled
b,yellow_ramp,ramp,0.0,0.6,0.0,0.7924408689707029,903.2790711169797,False,settled
b,yellow_ramp,ramp,0.0,0.6,0.0,0.24589123968053678,1100.8682680150016,False,settled
b,yellow_ramp,ramp,0.0,0.6,0.0,0.24876354665929198,1093.60870643771,False,settled
b,yellow_ramp,ramp,0.0,0.6,0.0,0.24854065097344769,1093.0866848947599,False,settled
b,yellow_ramp,ramp,0.0,0.6,0.0,0.529647339141565,986.0814008128976,False,settled
b,yellow_ramp,ramp,0.0,0.6,0.0,1.0606121877562587,834.3541623758082,False,settled
b,yellow_ramp,ramp,0.0,0.6,0.0,0.41300746533656824,1026.6906950315592,False,settled
b,yellow_ramp,ramp,0.0,0.6,0.0,1.0308455250738746,842.2464192131309,False,settled
b,yellow_ramp,ramp,0.0,0.6,0.0,0.3281774243926091,1072.03874245207,False,settled
b,yellow_ramp,ramp,0.0,0.6,0.0,0.2923512324192611,1077.8297892765156,False,settled
b,yellow_ramp,ramp,0.0,0.6,0.0,1.0274729420526607,842.5174884275561,False,settled
b,yellow_ramp,ramp,0.0,0.6,0.0,0.41587792415298547,1036.7487240751725,False,settled
b,yellow_ramp,ramp,0.0,0.6,0.0,0.7793266261624952,908.2196077550661,False,settled
b,yellow_ramp,ramp,0.0,0.6,0.0,0.6083701480270629,965.0558743944798,False,settled
b,yellow_ramp,ramp,0.0,0.6,0.0,0.2441772116378625,1095.747197274974,False,settled
b,yellow_ramp,ramp,0.0,0.6,0.0,0.22119144302535756,1110.456569204054,False,settled
b,yellow_ramp,ramp,0.0,0.6,0.0,0.2615224211823321,1095.1114839656418,False,settled
b,yellow_ramp,ramp,0.0,0.6,0.0,0.7152435608880778,927.8658966178673,False,settled
b,yellow_ramp,ramp,0.0,0.6,0.0,0.4818128532064216,1007.9540183090206,False,settled
b,yellow_ramp,ramp,0.0,0.6,0.0,0.2417788661420018,1102.8114046762682,False,settled
b,yellow_ramp,ramp,0.0,0.6,0.0,1.1155966463994929,821.0681401480672,False,settled
b,yellow_ramp,ramp,0.0,0.6,0.0,0.6870513769600428,935.7814516538108,False,settled
b,yellow_ramp,ramp,0.0,0.6,0.0,1.0646133455458637,833.3309238914943,False,settled
b,yellow_ramp,ramp,0.0,0.6,0.0,1.0532662619586204,836.3863774459488,False,settled
b,yellow_ramp,ramp,0.0,0.6,0.0,0.9280349809142054,865.8655718086507,False,settled
b,yellow_ramp,ramp,0.0,0.6,0.0,0.3829831785987249,1037.765098459766,False,settled
b,yellow_ramp,ramp,0.0,0.6,0.0,0.4145595406684343,1037.805612420395,False,settled
b,yellow_ramp,ramp,0.0,0.6,0.0,0.903679825490046,869.8732405884228,False,settled
b,yellow_ramp,ramp,0.0,0.6,0.0,0.5921558802408722,971.0891373409004,False,settled
b,yellow_ramp,ramp,0.0,0.6,0.0,0.4257127310530812,1029.132257504688,False,settled
b,yellow_ramp,ramp,0.0,0.6,0.0,0.36740879315905545,1049.7877585129706,False,settled
b,yellow_ramp,ramp,0.0,0.6,0.0,0.26662635539529955,1097.962548138286,False,settled
b,yellow_ramp,ramp,0.0,0.6,0.0,0.3571872172395452,1057.7861325368642,False,settled
b,yellow_ramp,ramp,0.0,0.6,0.0,0.22204361636776754,1115.2010563195345,False,settled
b,yellow_ramp,ramp,0.0,0.6,0.0,0.9627477097377853,856.9481292218425,False,settled
b,yellow_ramp,ramp,0.0,0.6,0.0,0.49020377817840627,1001.2274180308988,False,settled
b,yellow_ramp,ramp,0.0,0.6,0.0,0.28166435310881655,1087.9704465217744,False,settled
b,yellow_ramp,ramp,0.0,0.6,0.0,0.3802515885966054,1039.8226149176046,False,settled
b,yellow_ramp,ramp,0.0,0.6,0.0,0.24164083668312658,1102.2765041030545,False,settled
b,yellow_ramp,ramp,0.0,0.6,0.0,0.7724284464594515,907.3228092350208,False,settled
b,yellow_ramp,ramp,0.0,0.6,0.0,0.32262149373623045,1072.771181726806,False,settled
b,yellow_ramp,ramp,0.0,0.6,0.0,0.3640982072086974,1052.3771814056784,False,settled
b,yellow_ramp,ramp,0.0,0.6,0.0,0.5544130355313942,981.6928633185152,False,settled
b,yellow_ramp,ramp,0.0,0.6,0.0,0.34626954386202674,1052.5638346942565,False,settled
b,yellow_ramp,ramp,0.0,0.6,0.0,0.25952493861489256,1095.3684899025188,False,settled
b,yellow_ramp,ramp,0.0,0.6,0.0,0.6416457931369121,948.4183511395531,False,settled
b,yellow_ramp,ramp,0.0,0.6,0.0,0.8405282609062396,891.6134685484884,False,settled
b,yellow_ramp,ramp,0.0,0.6,0.0,0.7086824226119164,933.3590106185535,False,settled
b,yellow_ramp,ramp,0.0,0.6,0.0,0.2778546491181536,1084.1749528775513,False,settled
b,yellow_ramp,ramp,0.0,0.6,0.0,1.0822177184377955,827.8272006156659,False,settled
b,yellow_ramp,ramp,0.0,0.6,0.0,0.4792311454443359,1010.029969397523,False,settled
b,yellow_ramp,ramp,0.0,0.6,0.0,0.2768329076384033,1085.1147947799193,False,settled
b,yellow_ramp,ramp,0.0,0.6,0.0,0.28248380575171517,1082.7912789734964,False,settled
b,yellow_ramp,ramp,0.0,0.6,0.0,0.22416128266628926,1115.373534531309,False,settled
b,yellow_ramp,ramp,0.0,0.6,0.0,0.40051533524430677,1034.1742637020911,False,settled
b,yellow_ramp,ramp,0.0,0.6,0.0,0.4834201806037958,1006.6616909261417,False,settled
b,yellow_ramp,ramp,0.0,0.6,0.0,0.27666901909837244,1089.8029051475814,False,settled
b,yellow_ramp,ramp,0.0,0.6,0.0,0.5762714754456548,974.0148707051488,False,settled
b,yellow_ramp,ramp,0.0,0.6,0.0,0.8109368171127064,899.8171988639941,False,settled
b,yellow_ramp,ramp,0.0,0.6,0.0,0.4424620700548272,1016.0328750682811,False,settled
b,yellow_ramp,ramp,0.0,0.6,0.0,0.39592770382510867,1034.9339629143456,False,settled
b,yellow_ramp,ramp,0.0,0.6,0.0,0.5904200906681802,972.5144828894576,False,settled
b,yellow_ramp,ramp,0.0,0.6,0.0,0.46834567336508587,1006.4765008677145,False,settled
b,yellow_ramp,ramp,0.0,0.6,0.0,1.1483889854886256,812.9489708575215,False,settled
b,yellow_ramp,ramp,0.0,0.6,0.0,0.5545546237934188,981.576853045809,False,settled
b,yellow_ramp,ramp,0.0,0.6,0.0,0.8563103708366471,888.0077234696005,False,settled
b,yellow_ramp,ramp,0.0,0.6,0.0,0.4955323489497811,997.3640123459575,False,settled
b,yellow_ramp,ramp,0.0,0.6,0.0,0.5379866540632227,984.4148147441651,False,settled
b,yellow_ramp,ramp,0.0,0.6,0.0,0.3790192395153874,1040.7743173304611,False,settled
b,yellow_ramp,ramp,0.0,0.6,0.0,0.5760512389063748,974.1952052471405,False,settled
b,yellow_ramp,ramp,0.0,0.6,0.0,0.9393905096332571,862.8813204450182,False,settled
b,yellow_ramp,ramp,0.0,0.6,0.0,0.7186375212381686,925.0038445123859,False,settled
b,yellow_ramp,ramp,0.0,0.6,0.0,0.4207874086761662,1033.0575685112508,False,settled
b,yellow_ramp,ramp,0.0,0.6,0.0,0.43707492342776716,1020.1525314558824,False,settled
b,yellow_ramp,ramp,0.0,0.6,0.0,0.8818514247779943,875.0275583896342,False,settled
b,yellow_ramp,ramp,0.0,0.6,0.0,0.2704652404953938,1088.835133244141,False,settled
b,yellow_ramp,ramp,0.0,0.6,0.0,0.4818340939330564,1007.9369425505573,False,settled
b,yellow_ramp,ramp,0.0,0.6,0.0,1.1186284695754245,819.4033475783184,False,settled
b,yellow_ramp,ramp,0.0,0.6,0.0,0.45388501429334155,1020.6620528743484,False,settled
b,yellow_ramp,ramp,0.0,0.6,0.0,0.46272801627928795,1019.0006053991142,False,settled
b,yellow_ramp,ramp,0.0,0.6,0.0,0.784662904911412,903.4095630695994,False,settled
b,yellow_ramp,ramp,0.0,0.6,0.0,0.9061287330808828,872.5558893823062,False,settled
b,yellow_ramp,ramp,0.0,0.6,0.0,0.3767515194187693,1042.6073001790328,False,settled
b,yellow_ramp,ramp,0.0,0.6,0.0,0.41820758029050664,1035.1273924682957,False,settled
b,yellow_ramp,ramp,0.0,0.6,0.0,0.3929286998244863,1035.3048794803237,False,settled
b,yellow_ramp,ramp,0.0,0.6,0.0,0.7928481926635783,902.9072421923536,False,settled
b,yellow_ramp,ramp,0.0,0.6,0.0,0.5511010657815266,984.4023538724006,False,settled
b,yellow_ramp,ramp,0.0,0.6,0.0,0.3869688327489151,1036.2377289716355,False,settled
b,yellow_ramp,ramp,0.0,0.6,0.0,0.4582222846665365,1019.8474067858009,False,settled
b,yellow_ramp,ramp,0.0,0.6,0.0,0.32913456146852615,1071.912499162549,False,settled
b,yellow_ramp,ramp,0.0,0.6,0.0,0.2710475933844712,1089.39773965923,False,settled
b,yellow_ramp,ramp,0.0,0.6,0.0,0.527481091503836,986.5336455876095,False,settled
b,yellow_ramp,ramp,0.0,0.6,0.0,0.30223701038694123,1073.0270738548677,False,settled
b,yellow_ramp,ramp,0.0,0.6,0.0,0.43036455002887597,1025.427486145936,False,settled
b,yellow_ramp,ramp,0.0,0.6,0.0,0.31005203371701906,1067.2061027379016,False,settled
b,yellow_ramp,ramp,0.0,0.6,0.0,0.3300409347635659,1071.7931298067679,False,settled
b,yellow_ramp,ramp,0.0,0.6,0.0,0.2535725492501184,1102.765581034072,False,settled
b,yellow_ramp,ramp,0.0,0.6,0.0,0.31385599634314004,1078.4909833953336,False,settled
b,yellow_ramp,ramp,0.0,0.6,0.0,0.5025195320768922,1002.6597822076775,False,settled
b,yellow_ramp,ramp,0.0,0.6,0.0,0.38925751797796787,1035.9490434023342,False,settled
b,yellow_ramp,ramp,0.0,0.6,0.0,0.7118556987449404,930.8280992947526,False,settled
b,yellow_ramp,ramp,0.0,0.6,0.0,0.5332992577157952,985.3154992945799,False,settled
b,yellow_ramp,ramp,0.0,0.6,0.0,0.9318096236436223,862.1653857316417,False,settled
b,yellow_ramp,ramp,0.0,0.6,0.0,0.340607097979933,1056.7162826380045,False,settled
b,yellow_ramp,ramp,0.0,0.6,0.0,0.45445551345220325,1020.5550399384541,False,settled
b,yellow_ramp,ramp,0.0,0.6,0.0,0.8836458190392017,878.6492259636,False,settled
b,yellow_ramp,ramp,0.0,0.6,0.0,0.9613880293614313,853.9849385917709,False,settled
b,yellow_ramp,ramp,0.0,0.6,0.0,0.514083015648071,993.4794874670781,False,settled
b,yellow_ramp,ramp,0.0,0.6,0.0,0.35260970213280746,1061.1507606116659,False,settled
b,yellow_ramp,ramp,0.0,0.6,0.0,0.2499422929929936,1094.767457485198,False,settled
b,yellow_ramp,ramp,0.0,0.6,0.0,0.3530488421124953,1060.8036967596113,False,settled
b,yellow_ramp,ramp,0.0,0.6,0.0,1.1430997002269137,813.6746440972213,False,settled
b,yellow_ramp,ramp,0.0,0.6,0.0,0.49971337742610017,1004.9382895895747,False,settled
b,yellow_ramp,ramp,0.0,0.6,0.0,0.6072131323421145,965.3476793441515,False,settled
b,yellow_ramp,ramp,0.0,0.6,0.0,0.2595495121904699,1095.4267937464422,False,settled
b,yellow_ramp,ramp,0.0,0.6,0.0,0.9845211040033507,850.6887651251371,False,settled
b,yellow_ramp,ramp,0.0,0.6,0.0,0.21986135245411417,1112.4989568149126,False,settled
b,yellow_ramp,ramp,0.0,0.6,0.0,0.37443945419279,1044.3105759614564,False,settled
b,yellow_ramp,ramp,0.0,0.6,0.0,0.639638390328373,950.1705667800276,False,settled
b,yellow_ramp,ramp,0.0,0.6,0.0,0.23120601903355567,1103.5020788600564,False,settled
b,yellow_ramp,ramp,0.0,0.6,0.0,0.27700659209103035,1084.7951039675108,False,settled
b,yellow_ramp,ramp,0.0,0.6,0.0,0.231641412165765,1107.3924008556453,False,settled
b,yellow_ramp,ramp,0.0,0.6,0.0,0.39203748293656016,1035.4368798706762,False,settled
b,yellow_ramp,ramp,0.0,0.6,0.0,0.23147898704103248,1104.3235607662104,False,settled
b,yellow_ramp,ramp,0.0,0.6,0.0,0.2875295871267234,1077.4666206763914,False,settled
b,yellow_ramp,ramp,0.0,0.6,0.0,0.5331242883179804,985.3520073797481,False,settled
b,yellow_ramp,ramp,0.0,0.6,0.0,0.25589002028518704,1091.8112675467128,False,settled
b,yellow_ramp,ramp,0.0,0.6,0.0,0.384142182193201,1049.778212098766,False,settled
b,yellow_ramp,ramp,0.0,0.6,0.0,0.2507283492488664,1097.8284789913102,False,settled
b,yellow_ramp,ramp,0.0,0.6,0.0,0.676001689955969,939.0130364538682,False,settled
b,yellow_ramp,ramp,0.0,0.6,0.0,0.2704338662418189,1088.8046745182235,False,settled
b,yellow_ramp,ramp,0.0,0.6,0.0,0.7385753842906934,923.1417137945433,False,settled
b,yellow_ramp,ramp,0.0,0.6,0.0,0.6464270987618647,953.1734872539943,False,settled
b,yellow_ramp,ramp,0.0,0.6,0.0,1.1130044168520081,820.4915172045183,False,settled
b,yellow_ramp,ramp,0.0,0.6,0.0,0.3699874273721015,1047.7711857491142,False,settled
b,yellow_ramp,ramp,0.0,0.6,0.0,0.3062605268799543,1070.1857192306568,False,settled
b,yellow_ramp,ramp,0.0,0.6,0.0,0.9251032985568218,864.0160320324895,False,settled
b,yellow_ramp,ramp,0.0,0.6,0.0,0.8318521763903168,893.4635198809626,False,settled
b,yellow_ramp,ramp,0.0,0.6,0.0,0.5972693129671868,967.8868409677062,False,settled
b,yellow_ramp,ramp,0.0,0.6,0.0,0.462815148768686,1018.9842344400123,False,settled
b,yellow_ramp,ramp,0.0,0.6,0.0,0.7355984929297202,918.087257116772,False,settled
b,yellow_ramp,ramp,0.0,0.6,0.0,0.27783439992008546,1084.1502277041589,False,settled
b,yellow_ramp,ramp,0.0,0.6,0.0,0.24630096556215442,1100.736579526939,False,settled
b,yellow_ramp,ramp,0.0,0.6,0.0,0.7643233128232328,913.0919816583832,False,settled
b,yellow_ramp,ramp,0.0,0.6,0.0,0.22761408079118528,1111.6733225086039,False,settled
b,yellow_ramp,ramp,0.0,0.6,0.0,0.2649773377568552,1085.9128433311275,False,settled
b,yellow_ramp,ramp,0.0,0.6,0.0,0.8029595974089953,900.4729941369168,False,settled
b,yellow_ramp,ramp,0.0,0.6,0.0,0.33703675234408076,1057.0539473488204,False,settled
b,yellow_ramp,ramp,0.0,0.6,0.0,0.701957623911204,931.2942574868565,False,settled
b,yellow_ramp,ramp,0.0,0.6,0.0,0.7184818256378452,925.1392757989894,False,settled
b,yellow_ramp,ramp,0.0,0.6,0.0,0.559252002827996,977.7389801293104,False,settled
b,yellow_ramp,ramp,0.0,0.6,0.0,0.6999670134788265,933.012505596507,False,settled
b,yellow_ramp,ramp,0.0,0.6,0.0,0.27761814263878726,1084.2211204345415,False,settled
b,yellow_ramp,ramp,0.0,0.6,0.0,0.22162288744451378,1113.4513904043868,False,settled
b,yellow_ramp,ramp,0.0,0.6,0.0,0.35597338765905334,1058.4915912479964,False,settled
b,yellow_ramp,ramp,0.0,0.6,0.0,0.9567371819951948,854.4636225646638,False,settled
b,yellow_ramp,ramp,0.0,0.6,0.0,0.5896611708967581,973.1376551315041,False,settled
b,yellow_ramp,ramp,0.0,0.6,0.0,0.6870083708760412,935.7939008166624,False,settled
b,yellow_ramp,ramp,0.0,0.6,0.0,0.37918803479116586,1040.643378908226,False,settled
b,yellow_ramp,ramp,0.0,0.6,0.0,0.31153214031773796,1066.1757846420376,False,settled
b,yellow_ramp,ramp,0.0,0.6,0.0,0.2687744411288578,1087.1766007924975,False,settled
b,yellow_ramp,ramp,0.0,0.6,0.0,0.26380792295534683,1099.5538114724961,False,settled
b,yellow_ramp,ramp,0.0,0.6,0.0,1.1893780038830957,802.2607545513209,False,settled
b,yellow_ramp,ramp,0.0,0.6,0.0,0.8048331292371679,898.7431076528432,False,settled
b,yellow_ramp,ramp,0.0,0.6,0.0,0.7843857715010314,903.6552115321464,False,settled
b,yellow_ramp,ramp,0.0,0.6,0.0,0.9906353797816627,847.9614519841339,False,settled
b,yellow_ramp,ramp,0.0,0.6,0.0,0.43237699586763245,1023.8360947673618,False,settled
b,yellow_ramp,ramp,0.0,0.6,0.0,0.36115890490745944,1054.677221378595,False,settled
b,yellow_ramp,ramp,0.0,0.6,0.0,0.35500824645559664,1059.2545945468783,False,settled
b,yellow_ramp,ramp,0.0,0.6,0.0,0.6311922865277309,956.9099757169629,False,settled
b,yellow_ramp,ramp,0.0,0.6,0.0,0.6457202815664144,953.7754952436517,False,settled
b,yellow_ramp,ramp,0.0,0.6,0.0,0.3140243538350857,1078.358352758006,False,settled
b,yellow_ramp,ramp,0.0,0.6,0.0,0.2518568433507916,1100.2918840595964,False,settled
b,yellow_ramp,ramp,0.0,0.6,0.0,1.1521541064781748,810.9948952210151,False,settled
b,yellow_ramp,ramp,0.0,0.6,0.0,0.2304541278129275,1113.1692748795676,False,settled
b,yellow_ramp,ramp,0.0,0.6,0.0,0.4577440644273772,1019.9372728785908,False,settled
b,yellow_ramp,ramp,0.0,0.6,0.0,0.604718924466294,965.9808682060153,False,settled
b,yellow_ramp,ramp,0.0,0.6,0.0,0.9680027691322864,851.4287728639812,False,settled
b,yellow_ramp,ramp,0.0,0.6,0.0,0.3108493333251727,1066.69239816043,False,settled
b,yellow_ramp,ramp,0.0,0.6,0.0,0.9027412046606597,870.9028391734822,False,settled
b,yellow_ramp,ramp,0.0,0.6,0.0,0.30892700577800575,1068.0638732069663,False,settled
b,yellow_ramp,ramp,0.0,0.6,0.0,0.29625351663407146,1076.8674196936404,False,settled
b,yellow_ramp,ramp,0.0,0.6,0.0,0.9292271992585275,864.6094879445491,False,settled
b,yellow_ramp,ramp,0.0,0.6,0.0,0.8965964222148631,871.5441294049623,False,settled
b,yellow_ramp,ramp,0.0,0.6,0.0,0.5637505042345906,974.3653997544443,False,settled
b,yellow_ramp,ramp,0.0,0.6,0.0,0.28266461783359437,1082.4003199417907,False,settled
b,yellow_ramp,ramp,0.0,0.6,0.0,0.9466864122389528,860.2306653068521,False,settled
b,yellow_ramp,ramp,0.0,0.6,0.0,0.41831380586055084,1035.0421744785626,False,settled
b,yellow_ramp,ramp,0.0,0.6,0.0,0.28784310805363394,1077.270563963689,False,settled
b,yellow_ramp,ramp,0.0,0.6,0.0,0.288061752693888,1076.9877625447143,False,settled
b,yellow_ramp,ramp,0.0,0.6,0.0,0.37533586811373476,1043.6150502985984,False,settled
b,yellow_ramp,ramp,0.0,0.6,0.0,0.26886971165882806,1087.2711149045256,False,settled
b,yellow_ramp,ramp,0.0,0.6,0.0,0.3315718488984016,1057.7473578582874,False,settled
b,yellow_ramp,ramp,0.0,0.6,0.0,0.5243331049151694,987.2939121732608,False,settled
b,yellow_ramp,ramp,0.0,0.6,0.0,1.0022177205262877,847.8555029204622,False,settled
b,yellow_ramp,ramp,0.0,0.6,0.0,0.8877001133968186,874.859962759005,False,settled
b,yellow_ramp,ramp,0.0,0.6,0.0,0.5209113795062431,988.4877723407469,False,settled
b,yellow_ramp,ramp,0.0,0.6,0.0,0.8206928392254571,897.3215568869919,False,settled
b,yellow_ramp,ramp,0.0,0.6,0.0,0.2716965566804177,1084.7902157783376,False,settled
b,yellow_ramp,ramp,0.0,0.6,0.0,0.4468508558461207,1024.7630742648898,False,settled
b,yellow_ramp,ramp,0.0,0.6,0.0,0.4305528832805609,1025.2777782622434,False,settled
b,yellow_ramp,ramp,0.0,0.6,0.0,0.7257673276595697,926.5931628591703,False,settled
b,yellow_ramp,ramp,0.0,0.6,0.0,0.2674138824601106,1083.9365703572653,False,settled
b,yellow_ramp,ramp,0.0,0.6,0.0,1.0964584368822217,824.9135628327197,False,settled
b,yellow_ramp,ramp,0.0,0.6,0.0,0.29738646235266825,1076.1945939438176,False,settled
b,yellow_ramp,ramp,0.0,0.6,0.0,1.000078316662192,845.4359516953762,False,settled
b,yellow_ramp,ramp,0.0,0.6,0.0,0.8488321673678908,887.8454542029369,False,settled
b,yellow_ramp,ramp,0.0,0.6,0.0,0.445916894503109,1025.5038974395227,False,settled
b,yellow_ramp,ramp,0.0,0.6,0.0,0.7459033476835035,916.7630742388657,False,settled
b,yellow_ramp,ramp,0.0,0.6,0.0,0.4827673017168763,1007.1867190572812,False,settled
b,yellow_ramp,ramp,0.0,0.6,0.0,0.25100065083059736,1098.4861376245276,False,settled
b,yellow_ramp,ramp,0.0,0.6,0.0,0.9759358585178084,851.5594264909683,False,settled
b,yellow_ramp,ramp,0.0,0.6,0.0,0.43693349086944455,1020.258545213079,False,settled
b,yellow_ramp,ramp,0.0,0.6,0.0,0.5296778361324492,986.0750338640886,False,settled
b,yellow_ramp,ramp,0.0,0.6,0.0,0.2602848624759314,1097.035319148517,False,settled
b,yellow_ramp,ramp,0.0,0.6,0.0,0.5512714447029801,984.2629668016704,False,settled
b,yellow_ramp,ramp,0.0,0.6,0.0,0.5558292524846349,980.5343497894008,False,settled
b,yellow_ramp,ramp,0.0,0.6,0.0,0.6450157979063289,954.3755110198357,False,settled
b,yellow_ramp,ramp,0.0,0.6,0.0,0.6660793894506722,945.5394348124842,False,settled
b,yellow_ramp,ramp,0.0,0.6,0.0,0.6854187513462338,936.2540274554948,False,settled
b,yellow_ramp,ramp,0.0,0.6,0.0,0.5264295570846834,986.7532084095113,False,settled
b,yellow_ramp,ramp,0.0,0.6,0.0,0.7123129072094263,930.4270290100714,False,settled
b,yellow_ramp,ramp,0.0,0.6,0.0,1.187817215363408,802.9030075446934,False,settled
b,yellow_ramp,ramp,0.0,0.6,0.0,0.5243034822586183,987.3001952834461,False,settled
b,yellow_ramp,ramp,0.0,0.6,0.0,0.24828146841329699,1092.291877422549,False,settled
b,yellow_ramp,ramp,0.0,0.6,0.0,0.34633774330739336,1052.6022201088624,False,settled
b,yellow_ramp,ramp,0.0,0.6,0.0,0.903244513978651,870.3154605683776,False,settled
b,yellow_ramp,ramp,0.0,0.6,0.0,0.32472418703854694,1072.4941856404837,False,settled
b,yellow_ramp,ramp,0.0,0.6,0.0,0.6396471503319382,950.1632215071136,False,settled
b,yellow_ramp,ramp,0.0,0.6,0.0,0.23608710972736469,1104.8131849741615,False,settled
b,yellow_ramp,ramp,0.0,0.6,0.0,0.6231485538435305,954.6113347560598,False,settled
b,yellow_ramp,ramp,0.0,0.6,0.0,0.9120987999081238,866.9045116545162,False,settled
b,yellow_ramp,ramp,0.0,0.6,0.0,0.3209709685174007,1073.4026613918134,False,settled
b,yellow_ramp,ramp,0.0,0.6,0.0,1.0122923610506032,845.6769536618642,False,settled
b,yellow_ramp,ramp,0.0,0.6,0.0,0.7833805271574891,904.5616643063801,False,settled
b,yellow_ramp,ramp,0.0,0.6,0.0,0.4445955619956961,1026.5518612078915,False,settled
b,yellow_ramp,ramp,0.0,0.6,0.0,0.29447881341442217,1077.672803032634,False,settled
b,yellow_ramp,ramp,0.0,0.6,0.0,0.5442681955829538,979.7800606473268,False,settled
b,yellow_ramp,ramp,0.0,0.6,0.0,0.5947504586813481,968.9667815861197,False,settled
b,yellow_ramp,ramp,0.0,0.6,0.0,0.6170233649739673,959.6872908020379,False,settled
b,yellow_ramp,ramp,0.0,0.6,0.0,0.8365150094730562,889.169043560872,False,settled
b,yellow_ramp,ramp,0.0,0.6,0.0,0.5568079507145255,979.7338762872996,False,settled
b,yellow_ramp,ramp,0.0,0.6,0.0,0.7074139778912346,926.7165171290756,False,settled
b,yellow_ramp,ramp,0.0,0.6,0.0,0.7784312606975693,909.0381139003554,False,settled
b,yellow_ramp,ramp,0.0,0.6,0.0,0.3692474908700773,1048.3498453345567,False,settled
b,yellow_ramp,ramp,0.0,0.6,0.0,0.4211135871426303,1032.7958449695723,False,settled
b,yellow_ramp,ramp,0.0,0.6,0.0,0.4154471559064275,1037.0939829421661,False,settled
b,yellow_ramp,ramp,0.0,0.6,0.0,0.3377540062578948,1056.9707488754423,False,settled
b,yellow_ramp,ramp,0.0,0.6,0.0,1.171899124365278,806.4490457614031,False,settled
b,yellow_ramp,ramp,0.0,0.6,0.0,0.5060955342903077,999.7584453243737,False,settled
b,yellow_ramp,ramp,0.0,0.6,0.0,0.28841069763364113,1076.8941533012337,False,settled
b,yellow_ramp,ramp,0.0,0.6,0.0,0.8917385429055534,876.1766002090772,False,settled
b,yellow_ramp,ramp,0.0,0.6,0.0,0.2607018091306539,1097.6665276844303,False,settled
b,yellow_ramp,ramp,0.0,0.6,0.0,0.9905619984209689,848.0479678059875,False,settled
b,yellow_ramp,ramp,0.0,0.6,0.0,0.7114339947385757,931.1980212318907,False,settled
b,yellow_ramp,ramp,0.0,0.6,0.0,0.37728677497709795,1042.1919998297278,False,settled
b,yellow_ramp,ramp,0.0,0.6,0.0,0.6326491969313134,955.6805150800752,False,settled
b,yellow_ramp,ramp,0.0,0.6,0.0,1.1437776345597792,812.9499384790463,False,settled
b,yellow_ramp,ramp,0.0,0.6,0.0,0.3808607321240078,1039.3528921711734,False,settled
b,yellow_ramp,ramp,0.0,0.6,0.0,0.2731264763651069,1086.1314771189132,False,settled
b,yellow_ramp,ramp,0.0,0.6,0.0,0.33404272365841764,1057.4164046493065,False,settled
b,yellow_ramp,ramp,0.0,0.6,0.0,0.22331975933070425,1110.9603971689967,False,settled
b,yellow_ramp,ramp,0.0,0.6,0.0,0.835075720753351,890.4341951018906,False,settled
b,yellow_ramp,ramp,0.0,0.6,0.0,0.9160455660728279,867.8609064768772,False,settled
b,yellow_ramp,ramp,0.0,0.6,0.0,0.2951138312466929,1077.4248045331137,False,settled
b,yellow_ramp,ramp,0.0,0.6,0.0,0.35861547008540884,1056.661682755009,False,settled
b,yellow_ramp,ramp,0.0,0.6,0.0,0.2447562803144611,1097.6659338135448,False,settled
b,yellow_ramp,ramp,0.0,0.6,0.0,0.8247566937885005,893.6154965125947,False,settled
b,yellow_ramp,ramp,0.0,0.6,0.0,0.6166589194902453,959.7312688360828,False,settled
b,yellow_ramp,ramp,0.0,0.6,0.0,0.3816972383006492,1038.8053197230145,False,settled
b,yellow_ramp,ramp,0.0,0.6,0.0,0.6397276362876245,950.0957338631011,False,settled
b,yellow_ramp,ramp,0.0,0.6,0.0,1.0979714007749761,825.672072162086,False,settled
b,yellow_ramp,ramp,0.0,0.6,0.0,0.4641966756204076,1018.7246644378329,False,settled
b,yellow_ramp,ramp,0.0,0.6,0.0,1.0541522884272532,836.4028679431151,False,settled
b,yellow_ramp,ramp,0.0,0.6,0.0,0.36736338861769197,1049.8232656716225,False,settled
b,yellow_ramp,ramp,0.0,0.6,0.0,0.31852116321436647,1074.8213973106342,False,settled
b,yellow_ramp,ramp,0.0,0.6,0.0,1.057808639946329,834.7123069938526,False,settled
b,yellow_ramp,ramp,0.0,0.6,0.0,0.2650217288546203,1085.9672400086522,False,settled
b,yellow_ramp,ramp,0.0,0.6,0.0,1.0218619276075946,844.2576968085481,False,settled
b,yellow_ramp,ramp,0.0,0.6,0.0,0.7089003693184631,933.1680683912899,False,settled
b,yellow_ramp,ramp,0.0,0.6,0.0,0.5712759638011278,978.1351186878331,False,settled
b,yellow_ramp,ramp,0.0,0.6,0.0,0.6810486219910252,937.5316730159835,False,settled
b,yellow_ramp,ramp,0.0,0.6,0.0,0.7076326155821205,926.4616012552949,False,settled
b,yellow_ramp,ramp,0.0,0.6,0.0,0.30270188425808464,1072.698015683208,False,settled
b,yellow_ramp,ramp,0.0,0.6,0.0,0.7458567261910819,916.8037544543282,False,settled
b,yellow_ramp,ramp,0.0,0.6,0.0,0.2893532623340761,1076.666798111036,False,settled
b,yellow_ramp,ramp,0.0,0.6,0.0,0.7150369893593214,928.0456071873331,False,settled
b,yellow_ramp,ramp,0.0,0.6,0.0,0.5336886544124212,985.2342500131788,False,settled
b,yellow_ramp,ramp,0.0,0.6,0.0,0.7904802375603782,905.0793629563,False,settled
b,yellow_ramp,ramp,0.0,0.6,0.0,0.6369492056860229,952.3335156088332,False,settled
b,yellow_ramp,ramp,0.0,0.6,0.0,0.5950840643869063,968.6934155935985,False,settled
b,yellow_ramp,ramp,0.0,0.6,0.0,0.9958574773804111,846.1473609106691,False,settled
b,yellow_ramp,ramp,0.0,0.6,0.0,0.639598198576938,950.2042675875084,False,settled
b,yellow_ramp,ramp,0.0,0.6,0.0,0.5908960208481658,972.1236772051761,False,settled
b,yellow_ramp,ramp,0.0,0.6,0.0,0.39565336552949965,1034.9745774541616,False,settled
b,yellow_ramp,ramp,0.0,0.6,0.0,0.3228552386377956,1072.7403804542032,False,settled
b,yellow_ramp,ramp,0.0,0.6,0.0,0.6314060338010385,956.7294631237094,False,settled
b,yellow_ramp,ramp,0.0,0.6,0.0,0.35207837295549166,1061.5706452553934,False,settled
b,yellow_ramp,ramp,0.0,0.6,0.0,0.9014864711615468,871.8380164209797,False,settled
b,yellow_ramp,ramp,0.0,0.6,0.0,0.45291859024010817,1020.8441271497511,False,settled
b,yellow_ramp,ramp,0.0,0.6,0.0,0.2578494465827159,1093.4930268155879,False,settled
b,yellow_ramp,ramp,0.0,0.6,0.0,0.5091132576637747,997.4026521957912,False,settled
b,yellow_ramp,ramp,0.0,0.6,0.0,0.5658229120328879,972.7910694457629,False,settled
b,yellow_ramp,ramp,0.0,0.6,0.0,0.5685747758197178,980.3654535100227,False,settled
b,yellow_ramp,ramp,0.0,0.6,0.0,0.3115842520623235,1066.135876290224,False,settled
b,yellow_ramp,ramp,0.0,0.6,0.0,0.8568651784007318,887.4616363309696,False,settled
b,yellow_ramp,ramp,0.0,0.6,0.0,0.33037309414235755,1071.7493979087078,False,settled
b,yellow_ramp,ramp,0.0,0.6,0.0,0.47948647232088293,1009.8246717357327,False,settled
b,yellow_ramp,ramp,0.0,0.6,0.0,0.38746361132314466,1036.1562895728657,False,settled
b,yellow_ramp,ramp,0.0,0.6,0.0,0.9520290357103751,859.2658319660154,False,settled
b,yellow_ramp,ramp,0.0,0.6,0.0,1.0066236654722216,846.8792158550467,False,settled
b,yellow_ramp,ramp,0.0,0.6,0.0,0.38605545175881945,1049.2502413553966,False,settled
b,yellow_ramp,ramp,0.0,0.6,0.0,0.2533412073770515,1102.3222128362968,False,settled
b,yellow_ramp,ramp,0.0,0.6,0.0,0.6400612065090524,949.8160330176504,False,settled
