trial,element,model,block_noise_sd,ramp_noise_sd,block_noise_up,ramp_noise_up,final_position_up,ramp_valid,up_stop_reason
a,black_block,ramp,0.23,0.0,0.8003467764734945,0.0,843.0631392631224,False,settled
b,blue_ramp,ramp,0.0,2.0,0.0,0.9066643352074105,1018.6331975953832,False,settled
b,blue_ramp,ramp,0.0,2.0,0.0,0.9112431817001885,1015.0858583197711,False,settled
b,blue_ramp,ramp,0.0,2.0,0.0,1.1618914396133302,937.6104079956843,False,settled
b,blue_ramp,ramp,0.0,2.0,0.0,1.3237840395462943,888.0336406549732,False,settled
b,blue_ramp,ramp,0.0,2.0,0.0,1.1285354210462097,941.4064526336382,False,settled
b,blue_ramp,ramp,0.0,2.0,0.0,1.28412972461782,894.52875687041,False,settled
b,blue_ramp,ramp,0.0,2.0,0.0,1.5849861457621566,820.6387273341562,False,settled
b,blue_ramp,ramp,0.0,2.0,0.0,0.7154632739473346,1106.802953859255,False,settled
b,blue_ramp,ramp,0.0,2.0,0.0,1.5831788703557206,820.8948330458044,False,settled
b,blue_ramp,ramp,0.0,2.0,0.0,1.2762468528162105,901.8615435126151,False,settled
b,blue_ramp,ramp,0.0,2.0,0.0,0.82810189077248,1055.1123366625382,False,settled
b,blue_ramp,ramp,0.0,2.0,0.0,1.4540881319836398,848.2794019102336,False,settled
b,blue_ramp,ramp,0.0,2.0,0.0,1.2088693375210047,920.7114994532634,False,settled
b,blue_ramp,ramp,0.0,2.0,0.0,0.7882744651098749,1073.5548271616494,False,settled
b,blue_ramp,ramp,0.0,2.0,0.0,0.7082169452771298,1097.5237896113836,False,settled
b,blue_ramp,ramp,0.0,2.0,0.0,1.229644862442946,913.8543013950007,False,settled
b,blue_ramp,ramp,0.0,2.0,0.0,1.171825962685034,929.3407147467038,False,settled
b,blue_ramp,ramp,0.0,2.0,0.0,0.7524106538599176,1081.2395261717045,False,settled
b,blue_ramp,ramp,0.0,2.0,0.0,1.069192719533508,966.7550192722061,False,settled
b,blue_ramp,ramp,0.0,2.0,0.0,0.9671331887381223,1005.0034316136279,False,settled
b,blue_ramp,ramp,0.0,2.0,0.0,1.3686513767323796,872.1807277545887,False,settled
b,blue_ramp,ramp,0.0,2.0,0.0,1.6634119471431439,800.3584784382716,False,settled
b,blue_ramp,ramp,0.0,2.0,0.0,1.127839784278158,941.8661468897957,False,settled
b,blue_ramp,ramp,0.0,2.0,0.0,1.2646926557434413,905.8194907514813,False,settled
b,blue_ramp,ramp,0.0,2.0,0.0,0.85053969727944,1037.7216362939903,False,settled
b,blue_ramp,ramp,0.0,2.0,0.0,1.4635044874789704,845.9732033940688,False,settled
b,blue_ramp,ramp,0.0,2.0,0.0,1.019424913243882,983.7283441039959,False,settled
b,blue_ramp,ramp,0.0,2.0,0.0,0.7169642109855991,1094.674738362227,False,settled
b,blue_ramp,ramp,0.0,2.0,0.0,1.1328944893795023,946.1153262104347,False,settled
b,blue_ramp,ramp,0.0,2.0,0.0,1.4696935176820916,847.8860401111766,False,settled
b,blue_ramp,ramp,0.0,2.0,0.0,1.288602245269962,896.9643396278447,False,settled
b,blue_ramp,ramp,0.0,2.0,0.0,1.0307148324355044,974.8003031292407,False,settled
b,blue_ramp,ramp,0.0,2.0,0.0,1.3734532015195315,872.7373333306223,False,settled
b,blue_ramp,ramp,0.0,2.0,0.0,1.3475806955916292,876.7226140111001,False,settled
b,blue_ramp,ramp,0.0,2.0,0.0,1.509849099860208,837.6256491718217,False,settled
b,blue_ramp,ramp,0.0,2.0,0.0,1.4265905571181599,856.527036485313,False,settled
b,blue_ramp,ramp,0.0,2.0,0.0,1.127496144126257,942.1360045777611,False,settled
b,blue_ramp,ramp,0.0,2.0,0.0,1.4694358844704505,847.9214226310893,False,settled
b,blue_ramp,ramp,0.0,2.0,0.0,1.3816287985931628,869.8308663969232,False,settled
b,blue_ramp,ramp,0.0,2.0,0.0,1.5752292096420397,822.9717985882446,False,settled
b,blue_ramp,ramp,0.0,2.0,0.0,1.5801488227026252,821.1519112429247,False,settled
b,blue_ramp,ramp,0.0,2.0,0.0,1.4155134976911,859.0299909405917,False,settled
b,blue_ramp,ramp,0.0,2.0,0.0,0.7408351647715673,1086.811009162939,False,settled
b,blue_ramp,ramp,0.0,2.0,0.0,1.4582007415132905,847.884390808019,False,settled
b,blue_ramp,ramp,0.0,2.0,0.0,1.661238472889934,801.2956094984183,False,settled
b,blue_ramp,ramp,0.0,2.0,0.0,0.7785580632433291,1066.53243597868,False,settled
b,blue_ramp,ramp,0.0,2.0,0.0,1.24516812134584,909.7357316485054,False,settled
b,blue_ramp,ramp,0.0,2.0,0.0,1.3028887250672188,890.1399590798642,False,settled
b,blue_ramp,ramp,0.0,2.0,0.0,0.8594523739148578,1035.4494864746362,False,settled
b,blue_ramp,ramp,0.0,2.0,0.0,0.8262760952103874,1056.535203410537,False,settled
b,blue_ramp,ramp,0.0,2.0,0.0,1.5946037968606281,818.265149707637,False,settled
b,blue_ramp,ramp,0.0,2.0,0.0,1.5277131709984133,834.9489612133613,False,settled
b,blue_ramp,ramp,0.0,2.0,0.0,1.3939955754610192,862.6895086196612,False,settled
b,blue_ramp,ramp,0.0,2.0,0.0,0.7530810605047308,1081.5931404082755,False,settled
b,blue_ramp,ramp,0.0,2.0,0.0,1.1499213474399899,937.1288262510402,False,settled
b,blue_ramp,ramp,0.0,2.0,0.0,1.574519848468888,823.1903804438808,False,settled
b,blue_ramp,ramp,0.0,2.0,0.0,1.220279111644463,918.2499802425742,False,settled
b,blue_ramp,ramp,0.0,2.0,0.0,1.6418933305107448,806.3195406009129,False,settled
b,blue_ramp,ramp,0.0,2.0,0.0,0.9158637058613671,1023.5635274977291,False,settled
b,blue_ramp,ramp,0.0,2.0,0.0,1.0135927800104032,988.525220255354,False,settled
b,blue_ramp,ramp,0.0,2.0,0.0,1.303594671063321,889.5642508474689,False,settled
b,blue_ramp,ramp,0.0,2.0,0.0,1.2585599314028948,904.5456986953255,False,settled
b,blue_ramp,ramp,0.0,2.0,0.0,1.0897104220935112,955.466767175633,False,settled
b,blue_ramp,ramp,0.0,2.0,0.0,1.425691751928698,857.278505776822,False,settled
b,blue_ramp,ramp,0.0,2.0,0.0,1.0856407996197184,958.758249819353,False,settled
b,blue_ramp,ramp,0.0,2.0,0.0,0.9819493611326335,993.1890888678287,False,settled
b,blue_ramp,ramp,0.0,2.0,0.0,0.9592050517511805,1000.0303219910272,False,settled
b,blue_ramp,ramp,0.0,2.0,0.0,1.2696257656451015,901.2459279788294,False,settled
b,blue_ramp,ramp,0.0,2.0,0.0,1.0417947296840304,975.642975242518,False,settled
b,blue_ramp,ramp,0.0,2.0,0.0,0.8506343807535739,1037.6488219488574,False,settled
b,blue_ramp,ramp,0.0,2.0,0.0,0.8157248159559422,1051.0891524010997,False,settled
b,blue_ramp,ramp,0.0,2.0,0.0,1.3489038209358601,875.5201265204529,False,settled
b,blue_ramp,ramp,0.0,2.0,0.0,1.1728867270808752,928.351718052304,False,settled
b,blue_ramp,ramp,0.0,2.0,0.0,0.9314836530936753,1018.7646885431002,False,settled
b,blue_ramp,ramp,0.0,2.0,0.0,1.0756582185755974,965.1093251032349,False,settled
b,blue_ramp,ramp,0.0,2.0,0.0,1.2449802887533736,909.9074353630332,False,settled
b,blue_ramp,ramp,0.0,2.0,0.0,0.8959668538404241,1026.9388770055634,False,settled
b,blue_ramp,ramp,0.0,2.0,0.0,1.511341848192556,838.1007496645618,False,settled
b,blue_ramp,ramp,0.0,2.0,0.0,1.5452335780733244,830.1698330972758,False,settled
b,blue_ramp,ramp,0.0,2.0,0.0,1.4978117793820132,842.6481191004607,False,settled
b,blue_ramp,ramp,0.0,2.0,0.0,1.4768681447946777,847.4777490672888,False,settled
b,blue_ramp,ramp,0.0,2.0,0.0,1.275294296885094,902.7575929196549,False,settled
b,blue_ramp,ramp,0.0,2.0,0.0,1.3700559359091857,871.0927046502167,False,settled
b,blue_ramp,ramp,0.0,2.0,0.0,1.2264227022860785,914.9821524043285,False,settled
b,blue_ramp,ramp,0.0,2.0,0.0,1.5527321382075434,827.5827696565117,False,settled
b,blue_ramp,ramp,0.0,2.0,0.0,0.7358565043576475,1086.760387847169,False,settled
b,blue_ramp,ramp,0.0,2.0,0.0,1.1085528616616847,948.9113185948763,False,settled
b,blue_ramp,ramp,0.0,2.0,0.0,1.6453925852215174,805.9198150573549,False,settled
b,blue_ramp,ramp,0.0,2.0,0.0,1.0015095192039285,985.1673001463334,False,settled
b,blue_ramp,ramp,0.0,2.0,0.0,1.596912047334139,817.5433250612325,False,settled
b,blue_ramp,ramp,0.0,2.0,0.0,1.1090055558793115,948.534942279875,False,settled
b,blue_ramp,ramp,0.0,2.0,0.0,1.684034140443184,794.0841334380034,False,settled
b,blue_ramp,ramp,0.0,2.0,0.0,1.1942419132095952,925.7316119758262,False,settled
b,blue_ramp,ramp,0.0,2.0,0.0,1.3578710384026553,877.5671591613864,False,settled
b,blue_ramp,ramp,0.0,2.0,0.0,1.0343156048912805,981.8203758438002,False,settled
b,blue_ramp,ramp,0.0,2.0,0.0,1.3715225992488762,869.5287887774197,False,settled
b,blue_ramp,ramp,0.0,2.0,0.0,1.4024150801179296,860.5574282336217,False,settled
b,blue_ramp,ramp,0.0,2.0,0.0,1.5404578482980087,831.6170393941806,False,settled
b,blue_ramp,ramp,0.0,2.0,0.0,0.695410482406204,1101.460549127549,False,settled
b,blue_ramp,ramp,0.0,2.0,0.0,1.2047853676916527,924.0119545505291,False,settled
b,blue_ramp,ramp,0.0,2.0,0.0,0.9099157426483943,1016.0684635105044,False,settled
b,blue_ramp,ramp,0.0,2.0,0.0,1.5352103159997939,832.3546485049939,False,settled
b,blue_ramp,ramp,0.0,2.0,0.0,1.6258820123466597,810.018045361661,False,settled
b,blue_ramp,ramp,0.0,2.0,0.0,0.7039607780450863,1109.1933322225955,False,settled
b,blue_ramp,ramp,0.0,2.0,0.0,1.6163037556213544,812.7800102535364,False,settled
b,blue_ramp,ramp,0.0,2.0,0.0,0.7139091836025768,1100.9284827405625,False,settled
b,blue_ramp,ramp,0.0,2.0,0.0,0.9477233645217594,1009.2321481824928,False,settled
b,blue_ramp,ramp,0.0,2.0,0.0,1.2111839368901116,918.6999847097292,False,settled
b,blue_ramp,ramp,0.0,2.0,0.0,0.9936886250209003,986.8083129497538,False,settled
b,blue_ramp,ramp,0.0,2.0,0.0,0.9993024617991831,985.6278114061615,False,settled
b,blue_ramp,ramp,0.0,2.0,0.0,0.8870634798395477,1034.0395894249052,False,settled
b,blue_ramp,ramp,0.0,2.0,0.0,0.7657175579692472,1075.6836081167403,False,settled
b,blue_ramp,ramp,0.0,2.0,0.0,1.3597229484672317,875.6840129118646,False,settled
b,blue_ramp,ramp,0.0,2.0,0.0,0.9344389560293888,1018.2094235695171,False,settled
b,blue_ramp,ramp,0.0,2.0,0.0,1.0678685218012176,967.0937696267329,False,settled
b,blue_ramp,ramp,0.0,2.0,0.0,1.0185919787046378,984.40978800786,False,settled
b,blue_ramp,ramp,0.0,2.0,0.0,1.6089127384132729,814.5484567018914,False,settled
b,blue_ramp,ramp,0.0,2.0,0.0,1.239763241680812,907.4714060733488,False,settled
b,blue_ramp,ramp,0.0,2.0,0.0,1.3425172002640136,881.4834822531561,False,settled
b,blue_ramp,ramp,0.0,2.0,0.0,0.9136386946513658,1025.3277956480501,False,settled
b,blue_ramp,ramp,0.0,2.0,0.0,1.3493128833562407,875.0655548924753,False,settled
b,blue_ramp,ramp,0.0,2.0,0.0,0.9728975485780669,1000.3233213942319,False,settled
b,blue_ramp,ramp,0.0,2.0,0.0,1.0894968252748853,955.6443145465713,False,settled
b,blue_ramp,ramp,0.0,2.0,0.0,1.062981698629851,968.3675152935826,False,settled
b,blue_ramp,ramp,0.0,2.0,0.0,1.3882687797625375,868.2722446750562,False,settled
b,blue_ramp,ramp,0.0,2.0,0.0,1.5475586055859079,828.9062331134031,False,settled
b,blue_ramp,ramp,0.0,2.0,0.0,0.9778937038746588,996.3930921991847,False,settled
b,blue_ramp,ramp,0.0,2.0,0.0,0.9126862566559931,1026.0833626488907,False,settled
b,blue_ramp,ramp,0.0,2.0,0.0,1.1014790522041278,954.566624463674,False,settled
b,blue_ramp,ramp,0.0,2.0,0.0,1.1122355753437476,954.6141780686452,False,settled
b,blue_ramp,ramp,0.0,2.0,0.0,1.528014949614832,834.4991619570687,False,settled
b,blue_ramp,ramp,0.0,2.0,0.0,0.7964027601623558,1071.9430317916347,False,settled
b,blue_ramp,ramp,0.0,2.0,0.0,0.925972849139637,1019.8003211997172,False,settled
b,blue_ramp,ramp,0.0,2.0,0.0,0.950582860594438,1006.9328455344603,False,settled
b,blue_ramp,ramp,0.0,2.0,0.0,1.2511580454405986,904.3102038574807,False,settled
b,blue_ramp,ramp,0.0,2.0,0.0,0.8690285821644533,1034.0269143546584,False,settled
b,blue_ramp,ramp,0.0,2.0,0.0,1.3654934912820222,875.4108418209324,False,settled
b,blue_ramp,ramp,0.0,2.0,0.0,1.4789761638132053,846.4066292459336,False,settled
b,blue_ramp,ramp,0.0,2.0,0.0,1.5902761143056512,818.562538857753,False,settled
b,blue_ramp,ramp,0.0,2.0,0.0,1.12701757174612,942.5138489727626,False,settled
b,blue_ramp,ramp,0.0,2.0,0.0,1.443305810561213,851.708106582647,False,settled
b,blue_ramp,ramp,0.0,2.0,0.0,1.0200978926590787,983.1777007948417,False,settled
b,blue_ramp,ramp,0.0,2.0,0.0,0.9634116281459738,997.0675158493951,False,settled
b,blue_ramp,ramp,0.0,2.0,0.0,1.3019988828178426,890.9764343359041,False,settled
b,blue_ramp,ramp,0.0,2.0,0.0,1.0609146942778955,970.0609561698506,False,settled
b,blue_ramp,ramp,0.0,2.0,0.0,1.0458397462387181,972.321199962192,False,settled
b,blue_ramp,ramp,0.0,2.0,0.0,1.5745917148438218,823.0646749156322,False,settled
b,blue_ramp,ramp,0.0,2.0,0.0,1.3702211529953057,870.9233871442856,False,settled
b,blue_ramp,ramp,0.0,2.0,0.0,1.679480027255058,796.6571725098181,False,settled
b,blue_ramp,ramp,0.0,2.0,0.0,1.5705600040590821,823.5905310739695,False,settled
b,blue_ramp,ramp,0.0,2.0,0.0,0.7477045887793288,1086.6033305842438,False,settled
b,blue_ramp,ramp,0.0,2.0,0.0,1.5778592358512742,821.1800138534052,False,settled
b,blue_ramp,ramp,0.0,2.0,0.0,0.8772780564939735,1029.1077500720858,False,settled
b,blue_ramp,ramp,0.0,2.0,0.0,1.3839610874631096,867.6913181387106,False,settled
b,blue_ramp,ramp,0.0,2.0,0.0,1.6428928692298932,805.9070643991508,False,settled
b,blue_ramp,ramp,0.0,2.0,0.0,0.8266146844365203,1056.2685781383811,False,settled
b,blue_ramp,ramp,0.0,2.0,0.0,0.9933122461515289,986.9240864508788,False,settled
b,blue_ramp,ramp,0.0,2.0,0.0,1.553148847427664,829.2048393811857,False,settled
b,blue_ramp,ramp,0.0,2.0,0.0,1.4472884860166524,851.6863684400726,False,settled
b,blue_ramp,ramp,0.0,2.0,0.0,0.7800475680973604,1065.3387200587742,False,settled
b,blue_ramp,ramp,0.0,2.0,0.0,1.133816632875195,945.3400324972407,False,settled
b,blue_ramp,ramp,0.0,2.0,0.0,1.096842197390051,958.4723850127784,False,settled
b,blue_ramp,ramp,0.0,2.0,0.0,1.4394284097505663,851.6061799849623,False,settled
b,blue_ramp,ramp,0.0,2.0,0.0,1.0742622867218161,965.4613842386376,False,settled
b,blue_ramp,ramp,0.0,2.0,0.0,1.3997325261225577,861.8553385526823,False,settled
b,blue_ramp,ramp,0.0,2.0,0.0,0.7409687552983925,1087.244224101445,False,settled
b,blue_ramp,ramp,0.0,2.0,0.0,1.617568988454353,812.6111432047869,False,settled
b,blue_ramp,ramp,0.0,2.0,0.0,0.7162635755519673,1093.6087864948156,False,settled
b,blue_ramp,ramp,0.0,2.0,0.0,0.7857428724208176,1075.0334600746648,False,settled
b,blue_ramp,ramp,0.0,2.0,0.0,1.1356829056387063,944.0251962166908,False,settled
b,blue_ramp,ramp,0.0,2.0,0.0,1.519202692634862,836.0789294332881,False,settled
b,blue_ramp,ramp,0.0,2.0,0.0,1.0698688329721115,966.5820588652743,False,settled
b,blue_ramp,ramp,0.0,2.0,0.0,1.1813910660271296,929.0426499858564,False,settled
b,blue_ramp,ramp,0.0,2.0,0.0,1.2044268188309293,924.3168689066483,False,settled
b,blue_ramp,ramp,0.0,2.0,0.0,1.5578706904000428,826.0719802919074,False,settled
b,blue_ramp,ramp,0.0,2.0,0.0,0.8323363935564049,1051.7996840064015,False,settled
b,blue_ramp,ramp,0.0,2.0,0.0,1.252677052171646,903.046314903822,False,settled
b,blue_ramp,ramp,0.0,2.0,0.0,1.51553590804453,837.4362458415737,False,settled
b,blue_ramp,ramp,0.0,2.0,0.0,0.7155547832035394,1107.061627982329,False,settled
b,blue_ramp,ramp,0.0,2.0,0.0,0.6867453109779694,1116.2507733033844,False,settled
b,blue_ramp,ramp,0.0,2.0,0.0,1.145232636790164,938.5047982854653,False,settled
b,blue_ramp,ramp,0.0,2.0,0.0,0.9142987314378304,1024.8044063076757,False,settled
b,blue_ramp,ramp,0.0,2.0,0.0,0.9112925195679539,1015.0478068695937,False,settled
b,blue_ramp,ramp,0.0,2.0,0.0,1.142460480001903,939.318644490463,False,settled
b,blue_ramp,ramp,0.0,2.0,0.0,1.2662595583550553,904.3666931061088,False,settled
b,blue_ramp,ramp,0.0,2.0,0.0,1.6310006586484032,809.45911192517,False,settled
b,blue_ramp,ramp,0.0,2.0,0.0,0.9024133135864385,1021.8313062044217,False,settled
b,blue_ramp,ramp,0.0,2.0,0.0,1.0910245231809503,954.3027064173227,False,settled
b,blue_ramp,ramp,0.0,2.0,0.0,1.6748542665731356,798.9347312692269,False,settled
b,blue_ramp,ramp,0.0,2.0,0.0,1.218648561030726,919.7032628857615,False,settled
b,blue_ramp,ramp,0.0,2.0,0.0,1.5312015269715231,833.491217946916,False,settled
b,blue_ramp,ramp,0.0,2.0,0.0,1.1451755123763414,938.5215622975122,False,settled
b,blue_ramp,ramp,0.0,2.0,0.0,1.544398078761812,829.131849385491,False,settled
b,blue_ramp,ramp,0.0,2.0,0.0,1.2338105682846363,912.3965677529968,False,settled
b,blue_ramp,ramp,0.0,2.0,0.0,0.8910678191733135,1030.8404283812072,False,settled
b,blue_ramp,ramp,0.0,2.0,0.0,1.0351162646917176,981.1568820142645,False,settled
b,blue_ramp,ramp,0.0,2.0,0.0,0.7008232260686688,1104.589519713943,False,settled
b,blue_ramp,ramp,0.0,2.0,0.0,1.5887831483671948,820.5446060229067,False,settled
b,blue_ramp,ramp,0.0,2.0,0.0,1.0184387468180471,984.535146884309,False,settled
b,blue_ramp,ramp,0.0,2.0,0.0,1.6750299403767008,798.5073283837197,False,settled
b,blue_ramp,ramp,0.0,2.0,0.0,1.3336817380641142,884.3328672995834,False,settled
b,blue_ramp,ramp,0.0,2.0,0.0,0.7350134044672253,1084.3973520350826,False,settled
b,blue_ramp,ramp,0.0,2.0,0.0,1.1000200638489943,955.7886913680127,False,settled
b,blue_ramp,ramp,0.0,2.0,0.0,1.2256540644197784,915.2512642562098,False,settled
b,blue_ramp,ramp,0.0,2.0,0.0,0.9827471116894186,992.5594306653405,False,settled
b,blue_ramp,ramp,0.0,2.0,0.0,1.4230525527203763,855.6548903962465,False,settled
b,blue_ramp,ramp,0.0,2.0,0.0,0.8837829300687357,1036.6715414620671,False,settled
b,blue_ramp,ramp,0.0,2.0,0.0,0.7478802001214042,1086.9550697005027,False,settled
b,blue_ramp,ramp,0.0,2.0,0.0,0.7309944211555214,1099.1589179415437,False,settled
b,blue_ramp,ramp,0.0,2.0,0.0,1.2727090842404933,898.4863429815439,False,settled
b,blue_ramp,ramp,0.0,2.0,0.0,0.743317135436544,1089.2745894343777,False,settled
b,blue_ramp,ramp,0.0,2.0,0.0,1.5660627236871572,824.6709502975692,False,settled
b,blue_ramp,ramp,0.0,2.0,0.0,0.775963740028611,1068.4186624819254,False,settled
b,blue_ramp,ramp,0.0,2.0,0.0,1.4680087242658932,844.9209591874403,False,settled
b,blue_ramp,ramp,0.0,2.0,0.0,1.0559228946383399,974.1546294620944,False,settled
b,blue_ramp,ramp,0.0,2.0,0.0,1.549520922473297,828.120322839499,False,settled
b,blue_ramp,ramp,0.0,2.0,0.0,1.4237422434825515,854.8994395246517,False,settled
b,blue_ramp,ramp,0.0,2.0,0.0,1.377880494334581,868.6086538849867,False,settled
b,blue_ramp,ramp,0.0,2.0,0.0,1.598696041266815,816.8272140323947,False,settled
b,blue_ramp,ramp,0.0,2.0,0.0,0.7211283115236925,1102.8722560476303,False,settled
b,blue_ramp,ramp,0.0,2.0,0.0,1.3357670204926273,882.2677348247112,False,settled
b,blue_ramp,ramp,0.0,2.0,0.0,0.7332696418763015,1086.3483628412191,False,settled
b,blue_ramp,ramp,0.0,2.0,0.0,1.3530668320585302,876.7234689859911,False,settled
b,blue_ramp,ramp,0.0,2.0,0.0,1.090159013211321,955.018200939502,False,settled
b,blue_ramp,ramp,0.0,2.0,0.0,1.0661545816078404,967.5322221661256,False,settled
b,blue_ramp,ramp,0.0,2.0,0.0,1.2753729925525223,902.6835115212002,False,settled
b,blue_ramp,ramp,0.0,2.0,0.0,1.2639720519084447,899.7234509483299,False,settled
b,blue_ramp,ramp,0.0,2.0,0.0,1.2340865854197254,912.2999857863491,False,settled
b,blue_ramp,ramp,0.0,2.0,0.0,1.1284967636686316,941.4374376601223,False,settled
b,blue_ramp,ramp,0.0,2.0,0.0,1.4990030751473378,841.7514655356516,False,settled
b,blue_ramp,ramp,0.0,2.0,0.0,0.8493711898421266,1038.6715107466507,False,settled
b,blue_ramp,ramp,0.0,2.0,0.0,1.1033063275288535,953.2920001617654,False,settled
b,blue_ramp,ramp,0.0,2.0,0.0,1.4770650565483603,847.2290672506599,False,settled
b,blue_ramp,ramp,0.0,2.0,0.0,1.2484936359036205,906.7073873871661,False,settled
b,blue_ramp,ramp,0.0,2.0,0.0,0.8523177175644102,1049.4510067220813,False,settled
b,blue_ramp,ramp,0.0,2.0,0.0,1.2608676687694127,902.4330146010353,False,settled
b,blue_ramp,ramp,0.0,2.0,0.0,1.1703507186758628,930.5232671172583,False,settled
b,blue_ramp,ramp,0.0,2.0,0.0,1.2051953661025947,923.9064956951266,False,settled
b,blue_ramp,ramp,0.0,2.0,0.0,1.083716748320588,960.1014424763761,False,settled
b,blue_ramp,ramp,0.0,2.0,0.0,0.9918994516363212,987.2798397083841,False,settled
b,blue_ramp,ramp,0.0,2.0,0.0,0.9538851970589521,1004.2782315961355,False,settled
b,blue_ramp,ramp,0.0,2.0,0.0,1.2930346113210247,892.89840689685,False,settled
b,blue_ramp,ramp,0.0,2.0,0.0,1.556601898625558,827.0051919507399,False,settled
b,blue_ramp,ramp,0.0,2.0,0.0,1.297069903338989,895.6176082549698,False,settled
b,blue_ramp,ramp,0.0,2.0,0.0,0.9560211628373138,1002.5695372185561,False,settled
b,blue_ramp,ramp,0.0,2.0,0.0,1.6429272776650083,805.806740682706,False,settled
b,blue_ramp,ramp,0.0,2.0,0.0,1.6272615571747353,809.1134691781664,False,settled
b,blue_ramp,ramp,0.0,2.0,0.0,0.83460829817926,1050.0227504487973,False,settled
b,blue_ramp,ramp,0.0,2.0,0.0,0.9030020293845907,1021.3658183634299,False,settled
b,blue_ramp,ramp,0.0,2.0,0.0,1.4359270355326506,855.2449631761401,False,settled
b,blue_ramp,ramp,0.0,2.0,0.0,1.0215418686630033,981.996462569049,False,settled
b,blue_ramp,ramp,0.0,2.0,0.0,0.877381730314932,1029.0261636419596,False,settled
b,blue_ramp,ramp,0.0,2.0,0.0,0.7406663862992023,1086.2614937916312,False,settled
b,blue_ramp,ramp,0.0,2.0,0.0,1.3775807135527252,868.9064442455096,False,settled
b,blue_ramp,ramp,0.0,2.0,0.0,1.3741181504750315,872.0538767808711,False,settled
b,blue_ramp,ramp,0.0,2.0,0.0,1.4772949795217636,846.9383633993134,False,settled
b,blue_ramp,ramp,0.0,2.0,0.0,1.6454621511105214,805.7117721792589,False,settled
b,blue_ramp,ramp,0.0,2.0,0.0,1.1068093300604518,950.4464829646598,False,settled
b,blue_ramp,ramp,0.0,2.0,0.0,1.339882471034338,878.5033938642172,False,settled
b,blue_ramp,ramp,0.0,2.0,0.0,1.0614614940871527,969.6132157639786,False,settled
b,blue_ramp,ramp,0.0,2.0,0.0,1.4386861473761212,852.3589175502267,False,settled
b,blue_ramp,ramp,0.0,2.0,0.0,1.3626034174471306,873.1238357240924,False,settled
b,blue_ramp,ramp,0.0,2.0,0.0,1.3037063840158944,889.4592177857014,False,settled
b,blue_ramp,ramp,0.0,2.0,0.0,0.9524758345246337,1005.411169385238,False,settled
b,blue_ramp,ramp,0.0,2.0,0.0,1.3995470763846514,861.952416630317,False,settled
b,blue_ramp,ramp,0.0,2.0,0.0,0.9944921716348017,986.6357333264474,False,settled
b,blue_ramp,ramp,0.0,2.0,0.0,1.2282762492139565,914.3332288602373,False,settled
b,blue_ramp,ramp,0.0,2.0,0.0,1.1942465835913885,925.7274832334006,False,settled
b,blue_ramp,ramp,0.0,2.0,0.0,1.4167087428987644,857.8109104997153,False,settled
b,blue_ramp,ramp,0.0,2.0,0.0,0.8686466626669122,1034.0824556328657,False,settled
b,blue_ramp,ramp,0.0,2.0,0.0,0.9801598134626156,994.6028697219577,False,settled
b,blue_ramp,ramp,0.0,2.0,0.0,1.5069803261309886,840.1799243778834,False,settled
b,blue_ramp,ramp,0.0,2.0,0.0,1.3632058952169892,872.4398548990644,False,settled
b,blue_ramp,ramp,0.0,2.0,0.0,0.7333213307331469,1086.446179657669,False,settled
b,blue_ramp,ramp,0.0,2.0,0.0,1.3378703215086831,880.2000669694647,False,settled
b,blue_ramp,ramp,0.0,2.0,0.0,1.5936759300849552,817.994995129923,False,settled
b,blue_ramp,ramp,0.0,2.0,0.0,1.5422473709554583,831.2654547820019,False,settled
b,blue_ramp,ramp,0.0,2.0,0.0,1.015175928124191,987.2196514137315,False,settled
b,blue_ramp,ramp,0.0,2.0,0.0,1.0562469864393198,973.8883073104284,False,settled
b,blue_ramp,ramp,0.0,2.0,0.0,1.4363560582756996,854.7580820354389,False,settled
b,blue_ramp,ramp,0.0,2.0,0.0,1.4673391170419676,845.7220548140853,False,settled
b,blue_ramp,ramp,0.0,2.0,0.0,1.1664488661788495,933.8978946231997,False,settled
b,blue_ramp,ramp,0.0,2.0,0.0,0.7234888567616045,1091.9926681733689,False,settled
b,blue_ramp,ramp,0.0,2.0,0.0,0.823962785677082,1058.3570290542843,False,settled
b,blue_ramp,ramp,0.0,2.0,0.0,0.7353627045518045,1085.7692143150412,False,settled
b,blue_ramp,ramp,0.0,2.0,0.0,1.606140545046472,814.8253340414107,False,settled
b,blue_ramp,ramp,0.0,2.0,0.0,1.658677600905851,802.5531968814203,False,settled
b,blue_ramp,ramp,0.0,2.0,0.0,1.057141299918228,973.1539716719984,False,settled
b,blue_ramp,ramp,0.0,2.0,0.0,1.1162962138492458,951.161377465284,False,settled
b,blue_ramp,ramp,0.0,2.0,0.0,1.13062113614509,948.027123532457,False,settled
b,blue_ramp,ramp,0.0,2.0,0.0,0.9627116315059893,997.6198167512744,False,settled
b,blue_ramp,ramp,0.0,2.0,0.0,1.315648225034137,888.1331621655862,False,settled
b,blue_ramp,ramp,0.0,2.0,0.0,1.0604630003638564,970.4288557720445,False,settled
b,blue_ramp,ramp,0.0,2.0,0.0,1.0880816251304815,956.7288907262276,False,settled
b,blue_ramp,ramp,0.0,2.0,0.0,1.3279109944989924,883.9926480919462,False,settled
b,blue_ramp,ramp,0.0,2.0,0.0,1.3475053996169453,876.7971307355522,False,settled
b,blue_ramp,ramp,0.0,2.0,0.0,0.8906338586276686,1031.1860238284826,False,settled
b,blue_ramp,ramp,0.0,2.0,0.0,0.8340353267215543,1050.4708200927191,False,settled
b,blue_ramp,ramp,0.0,2.0,0.0,1.354038220304067,875.7497025596034,False,settled
b,blue_ramp,ramp,0.0,2.0,0.0,1.2022677584385726,918.7112328252601,False,settled
b,blue_ramp,ramp,0.0,2.0,0.0,1.327109259484248,884.7752526321087,False,settled
b,blue_ramp,ramp,0.0,2.0,0.0,1.5548872408339804,827.5777972780566,False,settled
b,blue_ramp,ramp,0.0,2.0,0.0,0.7487243194941982,1087.7802197863457,False,settled
b,blue_ramp,ramp,0.0,2.0,0.0,0.7344389145754782,1097.902149050226,False,settled
b,blue_ramp,ramp,0.0,2.0,0.0,0.8352899002717996,1049.4897249974404,False,settled
b,blue_ramp,ramp,0.0,2.0,0.0,1.1213920085826483,947.1606254755643,False,settled
b,blue_ramp,ramp,0.0,2.0,0.0,0.7680628940100878,1074.210584880634,False,settled
b,blue_ramp,ramp,0.0,2.0,0.0,1.3763912197256727,869.7239461028017,False,settled
b,blue_ramp,ramp,0.0,2.0,0.0,0.7181562471211214,1097.653904674697,False,settled
b,blue_ramp,ramp,0.0,2.0,0.0,0.8905621533532727,1031.243127116358,False,settled
b,blue_ramp,ramp,0.0,2.0,0.0,0.8532371406585696,1049.301854796482,False,settled
b,blue_ramp,ramp,0.0,2.0,0.0,1.1481824847491564,937.6391214582002,False,settled
b,blue_ramp,ramp,0.0,2.0,0.0,1.455450359740827,846.7114563196111,False,settled
b,blue_ramp,ramp,0.0,2.0,0.0,0.777925924188432,1066.9249746343444,False,settled
b,blue_ramp,ramp,0.0,2.0,0.0,1.0947115912106886,960.2719667362222,False,settled
b,blue_ramp,ramp,0.0,2.0,0.0,0.9784263811276555,995.9729256171747,False,settled
b,blue_ramp,ramp,0.0,2.0,0.0,1.042648490534089,974.9382046195443,False,settled
b,blue_ramp,ramp,0.0,2.0,0.0,0.8005479363534355,1057.6319170613651,False,settled
b,blue_ramp,ramp,0.0,2.0,0.0,0.7011139891695914,1107.164603575476,False,settled
b,blue_ramp,ramp,0.0,2.0,0.0,1.3844999760562087,867.2293359169515,False,settled
b,blue_ramp,ramp,0.0,2.0,0.0,1.48738569199681,844.1659692620705,False,settled
b,blue_ramp,ramp,0.0,2.0,0.0,1.325872903673473,885.9819566416811,False,settled
b,blue_ramp,ramp,0.0,2.0,0.0,1.2308490219024935,913.432921965901,False,settled
b,blue_ramp,ramp,0.0,2.0,0.0,1.1903487234201304,928.9223798191197,False,settled
b,blue_ramp,ramp,0.0,2.0,0.0,1.1386324442969482,941.534952867515,False,settled
b,blue_ramp,ramp,0.0,2.0,0.0,1.3030995132825527,889.9418083627291,False,settled
b,blue_ramp,ramp,0.0,2.0,0.0,1.5081453570775452,838.5872418367073,False,settled
b,blue_ramp,ramp,0.0,2.0,0.0,1.1389840182848208,941.2384448958636,False,settled
b,blue_ramp,ramp,0.0,2.0,0.0,0.9547595375056961,1003.57571080448,False,settled
b,blue_ramp,ramp,0.0,2.0,0.0,0.8436162378924075,1043.0093895786376,False,settled
b,blue_ramp,ramp,0.0,2.0,0.0,0.8245335451550592,1057.9070971101082,False,settled
b,blue_ramp,ramp,0.0,2.0,0.0,0.7513739997932389,1081.6664352263922,False,settled
b,blue_ramp,ramp,0.0,2.0,0.0,0.735950996905623,1086.8547146937792,False,settled
b,blue_ramp,ramp,0.0,2.0,0.0,1.511561621122328,837.7940553918377,False,settled
b,blue_ramp,ramp,0.0,2.0,0.0,0.7988197638492706,1057.777215191143,False,settled
b,blue_ramp,ramp,0.0,2.0,0.0,1.2899718822878468,895.7151573531785,False,settled
b,blue_ramp,ramp,0.0,2.0,0.0,1.0305720592653138,974.9164332663239,False,settled
b,blue_ramp,ramp,0.0,2.0,0.0,0.8791069305539383,1027.6816233926097,False,settled
b,blue_ramp,ramp,0.0,2.0,0.0,0.8273881035592809,1055.6613554173061,False,settled
b,blue_ramp,ramp,0.0,2.0,0.0,1.1282119585998496,941.6659400323404,False,settled
b,blue_ramp,ramp,0.0,2.0,0.0,0.9280447410954626,1019.4108101341889,False,settled
b,blue_ramp,ramp,0.0,2.0,0.0,1.3693819655834234,871.4335272704984,False,settled
b,blue_ramp,ramp,0.0,2.0,0.0,1.5497322319319056,827.8038402417172,False,settled
b,blue_ramp,ramp,0.0,2.0,0.0,1.423424661601354,855.24903166536,False,settled
b,blue_ramp,ramp,0.0,2.0,0.0,1.5890014096849137,820.1181274194473,False,settled
b,blue_ramp,ramp,0.0,2.0,0.0,0.8189523175454212,1062.0679945498764,False,settled
b,blue_ramp,ramp,0.0,2.0,0.0,0.9614069050706544,998.5624371923071,False,settled
b,blue_ramp,ramp,0.0,2.0,0.0,1.1100739471326266,947.6557164181895,False,settled
b,blue_ramp,ramp,0.0,2.0,0.0,0.7263694787754348,1095.123863712475,False,settled
b,blue_ramp,ramp,0.0,2.0,0.0,0.8853246250264025,1035.434607275741,False,settled
b,blue_ramp,ramp,0.0,2.0,0.0,0.8122506157099955,1053.730697851528,False,settled
b,blue_ramp,ramp,0.0,2.0,0.0,1.0115746999405595,979.9353283230291,False,settled
b,blue_ramp,ramp,0.0,2.0,0.0,0.8023694144982078,1057.3135029147545,False,settled
b,blue_ramp,ramp,0.0,2.0,0.0,1.526809345978167,833.7781920594394,False,settled
b,blue_ramp,ramp,0.0,2.0,0.0,1.550796340577448,829.5295742125711,False,settled
b,blue_ramp,ramp,0.0,2.0,0.0,0.8557082514768005,1036.1116224073132,False,settled
b,blue_ramp,ramp,0.0,2.0,0.0,0.6955396132407736,1102.840208498289,False,settled
b,blue_ramp,ramp,0.0,2.0,0.0,1.4997474737765024,841.1906017750641,False,settled
b,blue_ramp,ramp,0.0,2.0,0.0,0.8401888532155685,1045.669246556267,False,settled
b,blue_ramp,ramp,0.0,2.0,0.0,1.6598438202503292,801.7910398615406,False,settled
b,blue_ramp,ramp,0.0,2.0,0.0,0.7385050269726972,1089.3567942499976,False,settled
b,blue_ramp,ramp,0.0,2.0,0.0,1.2172702426108064,913.4644656040466,False,settled
b,blue_ramp,ramp,0.0,2.0,0.0,1.4047666663728604,864.0163844731157,False,settled
b,blue_ramp,ramp,0.0,2.0,0.0,1.1479531608104456,937.7064199805578,False,settled
b,blue_ramp,ramp,0.0,2.0,0.0,0.7080067189010899,1097.7970473736236,False,settled
b,blue_ramp,ramp,0.0,2.0,0.0,0.6973164413291996,1106.2591609141975,False,settled
b,blue_ramp,ramp,0.0,2.0,0.0,0.8617899389620343,1035.1033036114052,False,settled
b,blue_ramp,ramp,0.0,2.0,0.0,1.126013164767445,943.2615022708898,False,settled
b,blue_ramp,ramp,0.0,2.0,0.0,0.7157778736129977,1092.2904798969253,False,settled
b,blue_ramp,ramp,0.0,2.0,0.0,0.7096054994398001,1104.070955875768,False,settled
b,blue_ramp,ramp,0.0,2.0,0.0,1.5110536604637654,838.5026796797683,False,settled
b,blue_ramp,ramp,0.0,2.0,0.0,0.8617888136930212,1035.1034702566262,False,settled
b,blue_ramp,ramp,0.0,2.0,0.0,0.7730479986835372,1070.7293720424932,False,settled
b,blue_ramp,ramp,0.0,2.0,0.0,1.1486052048705242,937.5150679250596,False,settled
b,blue_ramp,ramp,0.0,2.0,0.0,0.9331912249518224,1018.4438575799485,False,settled
b,blue_ramp,ramp,0.0,2.0,0.0,1.3688832058093865,871.9436294656041,False,settled
b,blue_ramp,ramp,0.0,2.0,0.0,1.1353161759062291,944.3337976418312,False,settled
b,blue_ramp,ramp,0.0,2.0,0.0,1.6910752206772464,790.017175383755,False,settled
b,blue_ramp,ramp,0.0,2.0,0.0,1.383767194136304,867.8904251884036,False,settled
b,blue_ramp,ramp,0.0,2.0,0.0,0.8937347883571015,1028.7163364428816,False,settled
b,blue_ramp,ramp,0.0,2.0,0.0,1.0119727291967306,979.6237740157122,False,settled
b,blue_ramp,ramp,0.0,2.0,0.0,1.0951547290079326,959.8977097085816,False,settled
b,blue_ramp,ramp,0.0,2.0,0.0,0.9160054781211021,1023.4511222594604,False,settled
b,blue_ramp,ramp,0.0,2.0,0.0,1.5622737704862637,825.5546822933874,False,settled
b,blue_ramp,ramp,0.0,2.0,0.0,1.204035716312001,924.6463762263693,False,settled
b,blue_ramp,ramp,0.0,2.0,0.0,0.9770920776595861,997.0251332109949,False,settled
b,blue_ramp,ramp,0.0,2.0,0.0,1.1632122580720767,936.4621550538671,False,settled
b,blue_ramp,ramp,0.0,2.0,0.0,1.6912406641840632,790.9499015542676,False,settled
b,blue_ramp,ramp,0.0,2.0,0.0,1.391270294756264,865.393455186291,False,settled
b,blue_ramp,ramp,0.0,2.0,0.0,1.373693741652762,872.4888719513834,False,settled
b,blue_ramp,ramp,0.0,2.0,0.0,0.796118289452552,1071.980597355525,False,settled
b,blue_ramp,ramp,0.0,2.0,0.0,0.7627880037871445,1077.3457137693524,False,settled
b,blue_ramp,ramp,0.0,2.0,0.0,1.4714242446396817,845.1418987186204,False,settled
b,blue_ramp,ramp,0.0,2.0,0.0,1.101901114311058,954.4705462512101,False,settled
b,blue_ramp,ramp,0.0,2.0,0.0,1.339503334800836,878.8725697666684,False,settled
b,blue_ramp,ramp,0.0,2.0,0.0,1.3520476042710567,877.7452007431287,False,settled
b,blue_ramp,ramp,0.0,2.0,0.0,0.7703464139594037,1072.595673326019,False,settled
b,blue_ramp,ramp,0.0,2.0,0.0,1.545629595554621,830.7144182164893,False,settled
b,blue_ramp,ramp,0.0,2.0,0.0,1.12077785501347,947.6293817325507,False,settled
b,blue_ramp,ramp,0.0,2.0,0.0,0.7191095970611655,1099.945576408442,False,settled
b,blue_ramp,ramp,0.0,2.0,0.0,1.2599526774687584,903.2682919198637,False,settled
b,blue_ramp,ramp,0.0,2.0,0.0,0.8081457394913788,1056.7118248107852,False,settled
b,blue_ramp,ramp,0.0,2.0,0.0,1.5678612950898019,824.8843049604683,False,settled
b,blue_ramp,ramp,0.0,2.0,0.0,0.75792675974835,1076.7013130559963,False,settled
b,blue_ramp,ramp,0.0,2.0,0.0,0.8423961384919852,1043.9562352177336,False,settled
b,blue_ramp,ramp,0.0,2.0,0.0,1.575276692678911,822.8868190111681,False,settled
b,blue_ramp,ramp,0.0,2.0,0.0,1.6272011941044273,809.2838523099548,False,settled
b,blue_ramp,ramp,0.0,2.0,0.0,1.0632439660439323,968.2771187241999,False,settled
b,blue_ramp,ramp,0.0,2.0,0.0,1.1252917296620524,943.9705608292306,False,settled
b,blue_ramp,ramp,0.0,2.0,0.0,0.9574936303990487,1001.3950830232352,False,settled
b,blue_ramp,ramp,0.0,2.0,0.0,0.9552394307333536,1003.1929867334704,False,settled
b,blue_ramp,ramp,0.0,2.0,0.0,0.9287055406282221,1019.2866561395654,False,settled
b,blue_ramp,ramp,0.0,2.0,0.0,1.2802696319275753,898.1063606568465,False,settled
b,blue_ramp,ramp,0.0,2.0,0.0,0.7384972670858443,1089.3493268425132,False,settled
b,blue_ramp,ramp,0.0,2.0,0.0,0.9272840900839596,1019.5537243011332,False,settled
b,blue_ramp,ramp,0.0,2.0,0.0,1.1884142645847258,922.9547905143834,False,settled
b,blue_ramp,ramp,0.0,2.0,0.0,1.4652498206559847,848.668732045593,False,settled
b,blue_ramp,ramp,0.0,2.0,0.0,1.5631434380198463,826.2819055877727,False,settled
b,blue_ramp,ramp,0.0,2.0,0.0,0.7083803319807537,1098.2923971731423,False,settled
b,blue_ramp,ramp,0.0,2.0,0.0,1.1849018520057457,925.9882307478753,False,settled
b,blue_ramp,ramp,0.0,2.0,0.0,0.8656073172066929,1034.5243885498878,False,settled
b,blue_ramp,ramp,0.0,2.0,0.0,0.9675704546157666,1004.6482891840566,False,settled
b,blue_ramp,ramp,0.0,2.0,0.0,0.763691124732716,1076.9008217145608,False,settled
b,blue_ramp,ramp,0.0,2.0,0.0,1.4490759451400548,849.6161939134207,False,settled
b,blue_ramp,ramp,0.0,2.0,0.0,1.0592244035347615,971.4434494849996,False,settled
b,blue_ramp,ramp,0.0,2.0,0.0,1.6369029498295864,807.7875355528001,False,settled
b,blue_ramp,ramp,0.0,2.0,0.0,1.2719319482668716,899.111855716675,False,settled
b,blue_ramp,ramp,0.0,2.0,0.0,0.7071223348867532,1109.27785835195,False,settled
b,blue_ramp,ramp,0.0,2.0,0.0,1.2048644708575589,923.9449125423365,False,settled
b,blue_ramp,ramp,0.0,2.0,0.0,1.492757052681695,843.9791628166852,False,settled
b,blue_ramp,ramp,0.0,2.0,0.0,1.2311194703025423,913.3382821169699,False,settled
b,blue_ramp,ramp,0.0,2.0,0.0,0.927117699368665,1019.5849864041795,False,settled
b,blue_ramp,ramp,0.0,2.0,0.0,1.091654929866281,953.7788858168726,False,settled
b,blue_ramp,ramp,0.0,2.0,0.0,1.3747334168066354,871.4232496295542,False,settled
b,blue_ramp,ramp,0.0,2.0,0.0,1.331180706482262,881.0826375367976,False,settled
b,blue_ramp,ramp,0.0,2.0,0.0,1.6186031421718075,812.1964247907531,False,settled
b,blue_ramp,ramp,0.0,2.0,0.0,1.160482979342091,938.8350677182457,False,settled
b,blue_ramp,ramp,0.0,2.0,0.0,1.1162304447290914,951.2169354452509,False,settled
b,blue_ramp,ramp,0.0,2.0,0.0,1.1237863785780886,945.1396567653302,False,settled
b,blue_ramp,ramp,0.0,2.0,0.0,1.2611025692699551,902.2185690940472,False,settled
b,blue_ramp,ramp,0.0,2.0,0.0,1.4007476084266053,861.3278080704763,False,settled
b,blue_ramp,ramp,0.0,2.0,0.0,1.1619011039547609,937.6020012032244,False,settled
b,blue_ramp,ramp,0.0,2.0,0.0,0.950107837973008,1007.3149153953126,False,settled
b,blue_ramp,ramp,0.0,2.0,0.0,1.3003645924561837,892.5131195470132,False,settled
b,blue_ramp,ramp,0.0,2.0,0.0,1.0338315506519757,972.3160331838078,False,settled
b,blue_ramp,ramp,0.0,2.0,0.0,1.049542018237987,969.6297324844443,False,settled
b,blue_ramp,ramp,0.0,2.0,0.0,1.5777015142519148,821.4843273537508,False,settled
b,blue_ramp,ramp,0.0,2.0,0.0,1.6838791616445554,792.7781616217488,False,settled
b,blue_ramp,ramp,0.0,2.0,0.0,0.7650560296590136,1076.0898292052545,False,settled
b,blue_ramp,ramp,0.0,2.0,0.0,1.3863216608858813,865.2877680594368,False,settled
b,blue_ramp,ramp,0.0,2.0,0.0,1.056253344577019,973.883086584778,False,settled
b,blue_ramp,ramp,0.0,2.0,0.0,1.5306810000809412,832.2537348758227,False,settled
b,blue_ramp,ramp,0.0,2.0,0.0,0.7421450454866851,1088.7938277640958,False,settled
b,blue_ramp,ramp,0.0,2.0,0.0,1.542085832451455,829.2053404066139,False,settled
b,blue_ramp,ramp,0.0,2.0,0.0,0.696268998358185,1109.92362324752,False,settled
b,blue_ramp,ramp,0.0,2.0,0.0,0.7997288267859295,1057.7361706719753,False,settled
b,blue_ramp,ramp,0.0,2.0,0.0,1.6788892434117262,795.2194849085043,False,settled
b,blue_ramp,ramp,0.0,2.0,0.0,1.2700678710784126,900.8361131998445,False,settled
b,blue_ramp,ramp,0.0,2.0,0.0,0.7851937447373945,1075.466403610803,False,settled
b,blue_ramp,ramp,0.0,2.0,0.0,0.9895858797235524,987.7767949909135,False,settled
b,blue_ramp,ramp,0.0,2.0,0.0,1.0457504815311798,972.3943297201254,False,settled
b,blue_ramp,ramp,0.0,2.0,0.0,1.5604231396688513,825.2796559437463,False,settled
b,blue_ramp,ramp,0.0,2.0,0.0,1.2262619440681313,915.0384164831892,False,settled
b,blue_ramp,ramp,0.0,2.0,0.0,1.3471495636982211,877.1492848313436,False,settled
b,blue_ramp,ramp,0.0,2.0,0.0,0.8992614028753119,1024.3226528608438,False,settled
b,blue_ramp,ramp,0.0,2.0,0.0,1.5696020760230267,823.0139076794633,False,settled
b,blue_ramp,ramp,0.0,2.0,0.0,1.43735109303506,853.8774119756955,False,settled
b,blue_ramp,ramp,0.0,2.0,0.0,1.6575038141572895,802.4232454650643,False,settled
b,blue_ramp,ramp,0.0,2.0,0.0,1.438916932345833,852.0964078183449,False,settled
b,blue_ramp,ramp,0.0,2.0,0.0,1.266355885139696,904.277360913555,False,settled
b,blue_ramp,ramp,0.0,2.0,0.0,0.8575502431841966,1035.7409668443906,False,settled
b,blue_ramp,ramp,0.0,2.0,0.0,1.3282131542705107,883.6977911101288,False,settled
b,blue_ramp,ramp,0.0,2.0,0.0,0.8192593795018205,1061.823529007158,False,settled
b,blue_ramp,ramp,0.0,2.0,0.0,1.4038081292263724,864.5286611927129,False,settled
b,blue_ramp,ramp,0.0,2.0,0.0,0.7976153561486483,1071.783331540951,False,settled
b,blue_ramp,ramp,0.0,2.0,0.0,1.6781617921847323,796.7229109711562,False,settled
b,blue_ramp,ramp,0.0,2.0,0.0,1.0937524466423387,961.0823072458704,False,settled
b,blue_ramp,ramp,0.0,2.0,0.0,1.4217381408004066,857.085944443458,False,settled
b,blue_ramp,ramp,0.0,2.0,0.0,0.6965657510124807,1114.915623768258,False,settled
b,blue_ramp,ramp,0.0,2.0,0.0,1.4032983026903192,860.1088556689856,False,settled
b,blue_ramp,ramp,0.0,2.0,0.0,1.4917919862582287,842.5636043314922,False,settled
b,blue_ramp,ramp,0.0,2.0,0.0,0.8019514200414632,1057.362827774535,False,settled
b,blue_ramp,ramp,0.0,2.0,0.0,1.0388613566246334,978.0646233165011,False,settled
b,blue_ramp,ramp,0.0,2.0,0.0,0.742033437125097,1088.722578175045,False,settled
b,blue_ramp,ramp,0.0,2.0,0.0,1.584243913775854,819.831495323232,False,settled
b,blue_ramp,ramp,0.0,2.0,0.0,0.6928318254929284,1110.3215650358804,False,settled
b,blue_ramp,ramp,0.0,2.0,0.0,1.356595843221971,873.4673575591997,False,settled
b,blue_ramp,ramp,0.0,2.0,0.0,1.3065739410555008,893.0016885615165,False,settled
b,blue_ramp,ramp,0.0,2.0,0.0,1.2893904867332382,896.2494861979598,False,settled
b,blue_ramp,ramp,0.0,2.0,0.0,1.587614366184152,819.6868387629328,False,settled
b,blue_ramp,ramp,0.0,2.0,0.0,1.1980933230634625,922.3483648536443,False,settled
b,blue_ramp,ramp,0.0,2.0,0.0,1.4339625299309369,853.1173368251494,False,settled
b,blue_ramp,ramp,0.0,2.0,0.0,0.8708634370792314,1033.7602765746747,False,settled
b,blue_ramp,ramp,0.0,2.0,0.0,0.7894366755394194,1072.8615756473564,False,settled
b,blue_ramp,ramp,0.0,2.0,0.0,1.187511321735925,923.7357809730195,False,settled
b,blue_ramp,ramp,0.0,2.0,0.0,1.2946281116719591,891.4451129433083,False,settled
b,blue_ramp,ramp,0.0,2.0,0.0,0.9878566891763276,988.8306686171525,False,settled
b,blue_ramp,ramp,0.0,2.0,0.0,1.1515709072120415,936.6447451145951,False,settled
b,blue_ramp,ramp,0.0,2.0,0.0,1.4060290506935222,863.3417192316521,False,settled
b,blue_ramp,ramp,0.0,2.0,0.0,1.331558630935672,880.7180667498109,False,settled
b,blue_ramp,ramp,0.0,2.0,0.0,1.095351697876838,959.7313568524377,False,settled
b,blue_ramp,ramp,0.0,2.0,0.0,0.9850921090903783,991.0758040085947,False,settled
b,blue_ramp,ramp,0.0,2.0,0.0,0.7890108159699544,1072.9847989276573,False,settled
b,blue_ramp,ramp,0.0,2.0,0.0,0.8536095797431968,1049.241464156223,False,settled
b,blue_ramp,ramp,0.0,2.0,0.0,1.4255696444332635,857.4145483855806,False,settled
b,blue_ramp,ramp,0.0,2.0,0.0,1.656022742649108,802.8245522300444,False,settled
b,blue_ramp,ramp,0.0,2.0,0.0,0.9446745806081561,1011.690275564614,False,settled
b,blue_ramp,ramp,0.0,2.0,0.0,0.9102318613780824,1015.9149849881284,False,settled
b,blue_ramp,ramp,0.0,2.0,0.0,0.7357008641973453,1086.6047364906551,False,settled
b,blue_ramp,ramp,0.0,2.0,0.0,0.69909501379159,1106.545676553317,False,settled
b,blue_ramp,ramp,0.0,2.0,0.0,1.0016386711613465,985.1403520003587,False,settled
b,blue_ramp,ramp,0.0,2.0,0.0,1.40326424064355,860.1266188231641,False,settled
b,blue_ramp,ramp,0.0,2.0,0.0,1.1211598047415128,947.3566897794367,False,settled
b,blue_ramp,ramp,0.0,2.0,0.0,1.1521428687635857,936.4786077532642,False,settled
b,blue_ramp,ramp,0.0,2.0,0.0,1.4484961305940163,850.2877451426161,False,settled
b,blue_ramp,ramp,0.0,2.0,0.0,1.2022023943317441,918.7684895497943,False,settled
b,blue_ramp,ramp,0.0,2.0,0.0,1.3131323723521926,889.1919929724106,False,settled
b,blue_ramp,ramp,0.0,2.0,0.0,1.1406427440434606,939.8524993628942,False,settled
b,blue_ramp,ramp,0.0,2.0,0.0,1.3254283920201824,886.4157860072027,False,settled
b,blue_ramp,ramp,0.0,2.0,0.0,1.3088283398736789,891.0201634811964,False,settled
b,blue_ramp,ramp,0.0,2.0,0.0,0.9120958771588684,1026.551611236927,False,settled
b,blue_ramp,ramp,0.0,2.0,0.0,1.0915384765898797,953.8756373459986,False,settled
b,blue_ramp,ramp,0.0,2.0,0.0,1.3937166208252492,862.9648647041865,False,settled
b,blue_ramp,ramp,0.0,2.0,0.0,1.5593376683042246,825.898579315884,False,settled
b,blue_ramp,ramp,0.0,2.0,0.0,1.231681431542843,913.1416311578545,False,settled
b,blue_ramp,ramp,0.0,2.0,0.0,0.8242457683809183,1058.1336129936085,False,settled
b,blue_ramp,ramp,0.0,2.0,0.0,1.4950548796628718,842.4077330111794,False,settled
b,blue_ramp,ramp,0.0,2.0,0.0,1.4358709963027545,855.3085592563393,False,settled
b,blue_ramp,ramp,0.0,2.0,0.0,0.9153985610832185,1023.932329294693,False,settled
b,blue_ramp,ramp,0.0,2.0,0.0,1.436329221584378,854.7885380139312,False,settled
b,blue_ramp,ramp,0.0,2.0,0.0,0.8209230304893893,1060.5079414169772,False,settled
b,blue_ramp,ramp,0.0,2.0,0.0,1.224452110855596,915.6721699521123,False,settled
b,blue_ramp,ramp,0.0,2.0,0.0,1.291886741529615,893.9553911756158,False,settled
b,blue_ramp,ramp,0.0,2.0,0.0,1.02142293918618,982.0937417782102,False,settled
b,blue_ramp,ramp,0.0,2.0,0.0,0.7942547040981006,1072.2262160932635,False,settled
b,blue_ramp,ramp,0.0,2.0,0.0,1.4678209133583868,845.1455826532591,False,settled
b,blue_ramp,ramp,0.0,2.0,0.0,1.3932895797464755,863.3048778704973,False,settled
b,blue_ramp,ramp,0.0,2.0,0.0,1.3670631656725851,873.8052038067301,False,settled
b,blue_ramp,ramp,0.0,2.0,0.0,1.1471519790044518,937.9415387027112,False,settled
b,blue_ramp,ramp,0.0,2.0,0.0,0.7390282209193338,1084.8920774770713,False,settled
b,blue_ramp,ramp,0.0,2.0,0.0,1.575508554109656,822.4711811393734,False,settled
b,blue_ramp,ramp,0.0,2.0,0.0,0.9679219741563664,1004.3628970962171,False,settled
b,blue_ramp,ramp,0.0,2.0,0.0,1.4531868946655038,849.3284031787715,False,settled
b,blue_ramp,ramp,0.0,2.0,0.0,1.4803313996436576,847.4162899952715,False,settled
b,blue_ramp,ramp,0.0,2.0,0.0,1.1162787111270243,951.1761627649256,False,settled
b,blue_ramp,ramp,0.0,2.0,0.0,1.2276911509814672,914.5382064517707,False,settled
b,blue_ramp,ramp,0.0,2.0,0.0,0.8275204838499441,1055.5618486289168,False,settled
b,blue_ramp,ramp,0.0,2.0,0.0,0.7537803681360257,1078.2453568928759,False,settled
b,blue_ramp,ramp,0.0,2.0,0.0,1.574297489717103,822.1099009947936,False,settled
b,blue_ramp,ramp,0.0,2.0,0.0,0.9872011475957109,989.3415975551624,False,settled
b,blue_ramp,ramp,0.0,2.0,0.0,1.581829289128346,821.2272183790271,False,settled
b,blue_ramp,ramp,0.0,2.0,0.0,1.0743099379151795,965.4493664361426,False,settled
b,blue_ramp,ramp,0.0,2.0,0.0,1.3253184069685031,886.5233931348686,False,settled
b,blue_ramp,ramp,0.0,2.0,0.0,1.5261326402091575,832.7069883436058,False,settled
b,blue_ramp,ramp,0.0,2.0,0.0,1.3755855614760104,870.5497448756878,False,settled
b,blue_ramp,ramp,0.0,2.0,0.0,0.8660373131885862,1034.4618628984606,False,settled
b,blue_ramp,ramp,0.0,2.0,0.0,0.8324001364827245,1051.7498338307194,False,settled
b,blue_ramp,ramp,0.0,2.0,0.0,0.9808486881830293,994.0598222049877,False,settled
b,blue_ramp,ramp,0.0,2.0,0.0,0.781737358172192,1078.190527186065,False,settled
b,blue_ramp,ramp,0.0,2.0,0.0,1.5666246036476557,824.7793727147061,False,settled
b,blue_ramp,ramp,0.0,2.0,0.0,1.4753179980618085,846.958531056824,False,settled
b,blue_ramp,ramp,0.0,2.0,0.0,1.1464098007295578,938.15934196954,False,settled
b,blue_ramp,ramp,0.0,2.0,0.0,1.2698783512277796,901.0117913872153,False,settled
b,blue_ramp,ramp,0.0,2.0,0.0,0.9663639543528697,1005.62815208112,False,settled
b,blue_ramp,ramp,0.0,2.0,0.0,1.0628776642678266,968.4527361748434,False,settled
b,blue_ramp,ramp,0.0,2.0,0.0,1.0934054952402457,952.3807181629505,False,settled
b,blue_ramp,ramp,0.0,2.0,0.0,1.344084954801428,879.9213015554936,False,settled
b,blue_ramp,ramp,0.0,2.0,0.0,1.611440141173961,814.6333793273743,False,settled
b,blue_ramp,ramp,0.0,2.0,0.0,0.871228928616568,1033.7070398596197,False,settled
b,blue_ramp,ramp,0.0,2.0,0.0,0.9618600968761322,998.2008175847831,False,settled
b,blue_ramp,ramp,0.0,2.0,0.0,0.7249662953549538,1092.3280914187596,False,settled
b,blue_ramp,ramp,0.0,2.0,0.0,0.8961687694165544,1026.7780728287673,False,settled
b,blue_ramp,ramp,0.0,2.0,0.0,1.2054803482076737,923.6588564983094,False,settled
b,blue_ramp,ramp,0.0,2.0,0.0,1.514030928465067,838.2275130453488,False,settled
b,blue_ramp,ramp,0.0,2.0,0.0,0.9566748968008315,1002.0481500755902,False,settled
b,blue_ramp,ramp,0.0,2.0,0.0,0.7520499390268418,1081.4712711022005,False,settled
b,blue_ramp,ramp,0.0,2.0,0.0,1.4257084182936481,857.2599373644973,False,settled
b,blue_ramp,ramp,0.0,2.0,0.0,1.1891394383028895,922.4265076970418,False,settled
b,blue_ramp,ramp,0.0,2.0,0.0,0.7620292940082204,1077.6542597739005,False,settled
b,blue_ramp,ramp,0.0,2.0,0.0,0.7452923023864608,1084.098810682326,False,settled
b,blue_ramp,ramp,0.0,2.0,0.0,1.6169083644607705,812.1123175571015,False,settled
b,blue_ramp,ramp,0.0,2.0,0.0,1.6101466451396829,814.6778568560726,False,settled
b,blue_ramp,ramp,0.0,2.0,0.0,1.4435511756319728,851.4275538976937,False,settled
b,blue_ramp,ramp,0.0,2.0,0.0,0.7528503231119001,1081.2353929649057,False,settled
b,blue_ramp,ramp,0.0,2.0,0.0,1.4775525406007832,846.6125658422028,False,settled
b,blue_ramp,ramp,0.0,2.0,0.0,0.7243729550333396,1089.9497135811102,False,settled
b,blue_ramp,ramp,0.0,2.0,0.0,0.7696337820133072,1073.100112874615,False,settled
b,blue_ramp,ramp,0.0,2.0,0.0,1.212699191241732,917.3776905504245,False,settled
b,blue_ramp,ramp,0.0,2.0,0.0,1.4235143135002246,855.1503285601071,False,settled
b,blue_ramp,ramp,0.0,2.0,0.0,0.6908603653314382,1112.9602141219034,False,settled
b,blue_ramp,ramp,0.0,2.0,0.0,1.4898998871796716,843.5543117321984,False,settled
b,blue_ramp,ramp,0.0,2.0,0.0,0.8819646381283877,1037.8816917686859,False,settled
b,blue_ramp,ramp,0.0,2.0,0.0,1.0397046952505566,977.3682527761013,False,settled
b,blue_ramp,ramp,0.0,2.0,0.0,1.2029448050126224,918.1670969547149,False,settled
b,blue_ramp,ramp,0.0,2.0,0.0,0.9578911810670733,1001.0779861703242,False,settled
b,blue_ramp,ramp,0.0,2.0,0.0,1.4801819608387468,847.6080698014254,False,settled
b,blue_ramp,ramp,0.0,2.0,0.0,1.2444982238395275,910.3481026101197,False,settled
b,blue_ramp,ramp,0.0,2.0,0.0,0.9307054821383762,1018.9108962711264,False,settled
b,blue_ramp,ramp,0.0,2.0,0.0,1.0432953111805607,974.4047640500672,False,settled
b,blue_ramp,ramp,0.0,2.0,0.0,1.1104684513659155,947.4198150211996,False,settled
b,blue_ramp,ramp,0.0,2.0,0.0,0.7219233570415328,1103.665482721631,False,settled
b,blue_ramp,ramp,0.0,2.0,0.0,0.9100562868073755,1015.9604845169798,False,settled
b,blue_ramp,ramp,0.0,2.0,0.0,1.3582812298204643,877.1500591384133,False,settled
b,blue_ramp,ramp,0.0,2.0,0.0,0.8547636170733214,1036.1859600068271,False,settled
b,blue_ramp,ramp,0.0,2.0,0.0,1.48707382011041,844.7613210467852,False,settled
b,blue_ramp,ramp,0.0,2.0,0.0,1.0784445012140969,964.4064596904716,False,settled
b,blue_ramp,ramp,0.0,2.0,0.0,1.0885730734609231,956.4121716758559,False,settled
b,blue_ramp,ramp,0.0,2.0,0.0,1.2311188282772996,913.3385067852478,False,settled
b,blue_ramp,ramp,0.0,2.0,0.0,1.4221217886518005,856.6993206876612,False,settled
b,blue_ramp,ramp,0.0,2.0,0.0,1.1531769774629377,936.1792835369438,False,settled
b,blue_ramp,ramp,0.0,2.0,0.0,1.4289352400997721,853.9326812330349,False,settled
b,blue_ramp,ramp,0.0,2.0,0.0,1.2853298830168687,893.4347612861151,False,settled
b,blue_ramp,ramp,0.0,2.0,0.0,0.9988512049704843,985.722063407269,False,settled
b,blue_ramp,ramp,0.0,2.0,0.0,1.2261800097207256,915.0670928416456,False,settled
b,blue_ramp,ramp,0.0,2.0,0.0,1.3115846188007638,889.8457371199147,False,settled
b,blue_ramp,ramp,0.0,2.0,0.0,0.9215486245672416,1020.6314910939483,False,settled
b,blue_ramp,ramp,0.0,2.0,0.0,0.908902099926212,1016.8418148390814,False,settled
b,blue_ramp,ramp,0.0,2.0,0.0,1.3921621906967099,864.5519794643602,False,settled
b,blue_ramp,ramp,0.0,2.0,0.0,0.9042299098761399,1020.4034322467131,False,settled
b,blue_ramp,ramp,0.0,2.0,0.0,1.5423259918104768,831.1433091004869,False,settled
b,blue_ramp,ramp,0.0,2.0,0.0,1.288778017612353,896.8053404959145,False,settled
b,blue_ramp,ramp,0.0,2.0,0.0,1.1201232455571581,948.1829028538433,False,settled
b,blue_ramp,ramp,0.0,2.0,0.0,0.7962477213234324,1071.963528145166,False,settled
b,blue_ramp,ramp,0.0,2.0,0.0,1.351225176200638,878.569675703442,False,settled
b,blue_ramp,ramp,0.0,2.0,0.0,1.2013087649770842,919.5473920001953,False,settled
b,blue_ramp,ramp,0.0,2.0,0.0,1.496589677600082,840.9221362604607,False,settled
b,blue_ramp,ramp,0.0,2.0,0.0,1.3295461800444568,882.3968135045665,False,settled
b,blue_ramp,ramp,0.0,2.0,0.0,1.1102676301813426,947.4947865583949,False,settled
b,blue_ramp,ramp,0.0,2.0,0.0,0.7775018623536686,1067.2445368624155,False,settled
b,blue_ramp,ramp,0.0,2.0,0.0,0.8039587371583394,1057.1220485271128,False,settled
b,blue_ramp,ramp,0.0,2.0,0.0,1.1087680231316404,948.732420481254,False,settled
b,blue_ramp,ramp,0.0,2.0,0.0,0.7435289813754328,1089.4066337414909,False,settled
b,blue_ramp,ramp,0.0,2.0,0.0,1.3414200886009087,882.5768545276311,False,settled
b,blue_ramp,ramp,0.0,2.0,0.0,0.7483420887731084,1087.3769481372287,False,settled
b,blue_ramp,ramp,0.0,2.0,0.0,1.2926518273775889,893.2524617262839,False,settled
b,blue_ramp,ramp,0.0,2.0,0.0,1.2994119957976398,893.4070618194024,False,settled
b,blue_ramp,ramp,0.0,2.0,0.0,1.253866392599939,908.8669902678143,False,settled
b,blue_ramp,ramp,0.0,2.0,0.0,1.105624036658408,951.3485067788441,False,settled
b,blue_ramp,ramp,0.0,2.0,0.0,1.6284691453337443,808.7553211499439,False,settled
b,blue_ramp,ramp,0.0,2.0,0.0,1.0229241525533113,980.8656773871068,False,settled
b,blue_ramp,ramp,0.0,2.0,0.0,0.7846947866542877,1075.8597372578138,False,settled
b,blue_ramp,ramp,0.0,2.0,0.0,0.7458420691973071,1084.0392156957403,False,settled
b,blue_ramp,ramp,0.0,2.0,0.0,1.4520172440794057,850.6932950921916,False,settled
b,blue_ramp,ramp,0.0,2.0,0.0,1.4601669597192066,845.5836873225994,False,settled
b,blue_ramp,ramp,0.0,2.0,0.0,1.6893049781909557,790.8193752651797,False,settled
b,blue_ramp,ramp,0.0,2.0,0.0,1.5826826805823277,819.6466221958924,False,settled
b,blue_ramp,ramp,0.0,2.0,0.0,1.5818163715552314,818.7062037244841,False,settled
b,blue_ramp,ramp,0.0,2.0,0.0,1.1754276061660827,934.0206021285748,False,settled
b,blue_ramp,ramp,0.0,2.0,0.0,1.1197775661170688,948.4751980903326,False,settled
b,blue_ramp,ramp,0.0,2.0,0.0,1.5434952358194116,830.489278612742,False,settled
b,blue_ramp,ramp,0.0,2.0,0.0,1.1446744252547594,938.6688231597374,False,settled
b,blue_ramp,ramp,0.0,2.0,0.0,0.9714673778228886,1001.4843842714491,False,settled
b,blue_ramp,ramp,0.0,2.0,0.0,1.2235499824388272,915.9880312503554,False,settled
b,blue_ramp,ramp,0.0,2.0,0.0,0.9436076889337112,1012.5548825353703,False,settled
b,blue_ramp,ramp,0.0,2.0,0.0,1.3715664607266642,869.4842452884117,False,settled
b,blue_ramp,ramp,0.0,2.0,0.0,1.434192330368653,852.7860777147373,False,settled
b,blue_ramp,ramp,0.0,2.0,0.0,0.9230359622812834,1020.352306713661,False,settled
b,blue_ramp,ramp,0.0,2.0,0.0,1.221890881865174,916.8133740563862,False,settled
b,blue_ramp,ramp,0.0,2.0,0.0,1.3246537250778516,887.1776213341308,False,settled
b,blue_ramp,ramp,0.0,2.0,0.0,1.3360989253953481,881.9395587660143,False,settled
b,blue_ramp,ramp,0.0,2.0,0.0,1.5891132788949356,819.8996160359749,False,settled
b,blue_ramp,ramp,0.0,2.0,0.0,1.0780607050461286,964.5033346420927,False,settled
b,blue_ramp,ramp,0.0,2.0,0.0,1.6495532456659285,803.9836168125538,False,settled
b,blue_ramp,ramp,0.0,2.0,0.0,1.2779573583675765,900.2648466962332,False,settled
b,blue_ramp,ramp,0.0,2.0,0.0,1.1614198544226204,938.0204996972205,False,settled
b,blue_ramp,ramp,0.0,2.0,0.0,1.3400463261997595,878.3423178448652,False,settled
b,blue_ramp,ramp,0.0,2.0,0.0,0.8249349350902767,1057.5911306203195,False,settled
b,blue_ramp,ramp,0.0,2.0,0.0,1.580442694984755,819.023659297435,False,settled
b,blue_ramp,ramp,0.0,2.0,0.0,1.3728583215502672,873.3524331257416,False,settled
b,blue_ramp,ramp,0.0,2.0,0.0,0.7375666603304284,1088.447097480525,False,settled
b,blue_ramp,ramp,0.0,2.0,0.0,1.6650835117463354,800.8631310028263,False,settled
b,blue_ramp,ramp,0.0,2.0,0.0,1.3972329684957996,864.3331469174275,False,settled
b,blue_ramp,ramp,0.0,2.0,0.0,1.3126861600233848,889.3797556889405,False,settled
b,blue_ramp,ramp,0.0,2.0,0.0,1.1451754175206457,938.521590134333,False,settled
b,blue_ramp,ramp,0.0,2.0,0.0,0.9757069037237039,998.1166274649703,False,settled
b,blue_ramp,ramp,0.0,2.0,0.0,1.1177478326865269,949.9350798215945,False,settled
b,blue_ramp,ramp,0.0,2.0,0.0,1.0250574610530498,979.120849909978,False,settled
b,blue_ramp,ramp,0.0,2.0,0.0,1.3292969528126095,882.6400022835833,False,settled
b,blue_ramp,ramp,0.0,2.0,0.0,0.8821087292556655,1037.7661790000195,False,settled
b,blue_ramp,ramp,0.0,2.0,0.0,1.0646295228400207,967.9226073716185,False,settled
b,blue_ramp,ramp,0.0,2.0,0.0,1.6107806128776891,814.0915958586055,False,settled
b,blue_ramp,ramp,0.0,2.0,0.0,1.1798736321440568,930.3737598861485,False,settled
b,blue_ramp,ramp,0.0,2.0,0.0,1.5540131409084588,827.795950779885,False,settled
b,blue_ramp,ramp,0.0,2.0,0.0,0.9624203209653736,997.8521890094601,False,settled
b,blue_ramp,ramp,0.0,2.0,0.0,1.0426354376906817,974.9489796468553,False,settled
b,blue_ramp,ramp,0.0,2.0,0.0,0.7484987953307777,1087.5672464592549,False,settled
b,blue_ramp,ramp,0.0,2.0,0.0,1.664629580731493,800.2800038789554,False,settled
b,blue_ramp,ramp,0.0,2.0,0.0,0.7591652685454924,1077.3969607264805,False,settled
b,blue_ramp,ramp,0.0,2.0,0.0,1.3431850766156657,880.81804267916,False,settled
b,blue_ramp,ramp,0.0,2.0,0.0,1.0982373260021328,957.2941949498362,False,settled
b,blue_ramp,ramp,0.0,2.0,0.0,1.569167427167747,823.7975513224264,False,settled
b,blue_ramp,ramp,0.0,2.0,0.0,1.1483418781968362,937.592345070067,False,settled
b,blue_ramp,ramp,0.0,2.0,0.0,1.5760558817189236,822.4836465133257,False,settled
b,blue_ramp,ramp,0.0,2.0,0.0,0.933473044406103,1018.3909071079662,False,settled
b,blue_ramp,ramp,0.0,2.0,0.0,0.7960003138446355,1071.9961420973946,False,settled
b,blue_ramp,ramp,0.0,2.0,0.0,1.190464909476902,928.8198032749958,False,settled
b,blue_ramp,ramp,0.0,2.0,0.0,0.8854859213486385,1035.3052130540393,False,settled
b,blue_ramp,ramp,0.0,2.0,0.0,0.8776687302076248,1028.8003496785868,False,settled
b,blue_ramp,ramp,0.0,2.0,0.0,1.2122583045359996,917.7624230859806,False,settled
b,blue_ramp,ramp,0.0,2.0,0.0,1.4404891488648894,850.3409484259412,False,settled
b,blue_ramp,ramp,0.0,2.0,0.0,0.8956602430798256,1027.1830556688603,False,settled
b,blue_ramp,ramp,0.0,2.0,0.0,0.9806829867171718,994.1904472371604,False,settled
b,blue_ramp,ramp,0.0,2.0,0.0,1.3278351925170075,884.0666176274789,False,settled
b,blue_ramp,ramp,0.0,2.0,0.0,1.2990368494050573,893.7611460153043,False,settled
b,blue_ramp,ramp,0.0,2.0,0.0,1.6079443862380423,814.6300381572609,False,settled
b,blue_ramp,ramp,0.0,2.0,0.0,1.1616474535188244,937.822602334536,False,settled
b,blue_ramp,ramp,0.0,2.0,0.0,1.6752009549904587,797.7599147996116,False,settled
b,blue_ramp,ramp,0.0,2.0,0.0,1.490705941460274,842.5050613268324,False,settled
b,blue_ramp,ramp,0.0,2.0,0.0,1.3624244819461235,873.3046715335827,False,settled
b,blue_ramp,ramp,0.0,2.0,0.0,1.0680324894298607,967.0518241715524,False,settled
b,blue_ramp,ramp,0.0,2.0,0.0,1.433147121703447,853.9420557527582,False,settled
b,blue_ramp,ramp,0.0,2.0,0.0,1.2432247613810745,911.5124014403551,False,settled
b,blue_ramp,ramp,0.0,2.0,0.0,0.7570803995889767,1076.6620350733167,False,settled
b,blue_ramp,ramp,0.0,2.0,0.0,1.4053054806767218,863.7284220437123,False,settled
b,blue_ramp,ramp,0.0,2.0,0.0,1.4131665395289008,861.3461605173608,False,settled
b,blue_ramp,ramp,0.0,2.0,0.0,0.859460494818854,1035.448283582019,False,settled
b,blue_ramp,ramp,0.0,2.0,0.0,0.7579358793792293,1076.7071488854078,False,settled
b,blue_ramp,ramp,0.0,2.0,0.0,1.078286514109867,964.4463429995399,False,settled
b,blue_ramp,ramp,0.0,2.0,0.0,1.6855303493085123,792.288269139278,False,settled
b,blue_ramp,ramp,0.0,2.0,0.0,0.8068901143733004,1056.8566764006082,False,settled
b,blue_ramp,ramp,0.0,2.0,0.0,1.6591012481901641,801.7012087157592,False,settled
b,blue_ramp,ramp,0.0,2.0,0.0,0.8260105022356703,1056.7443342372176,False,settled
b,blue_ramp,ramp,0.0,2.0,0.0,1.249700131686443,905.6135749320613,False,settled
b,blue_ramp,ramp,0.0,2.0,0.0,1.302570737578508,890.4388794518068,False,settled
b,blue_ramp,ramp,0.0,2.0,0.0,0.8018451255323559,1057.3753709003934,False,settled
b,blue_ramp,ramp,0.0,2.0,0.0,1.689105490605395,791.9037506719876,False,settled
b,blue_ramp,ramp,0.0,2.0,0.0,0.973988493196422,999.4419529572805,False,settled
b,blue_ramp,ramp,0.0,2.0,0.0,1.2999982740438167,892.8575142348276,False,settled
b,blue_ramp,ramp,0.0,2.0,0.0,0.8362737858251944,1048.7202991380334,False,settled
b,blue_ramp,ramp,0.0,2.0,0.0,0.8607162312434716,1035.2623040442643,False,settled
b,blue_ramp,ramp,0.0,2.0,0.0,1.440625958456666,850.1918094830922,False,settled
b,blue_ramp,ramp,0.0,2.0,0.0,1.02220530399315,981.4536141772696,False,settled
b,blue_ramp,ramp,0.0,2.0,0.0,0.9629264869910887,997.4484479963319,False,settled
b,blue_ramp,ramp,0.0,2.0,0.0,1.4255182637317796,857.4717925321476,False,settled
b,blue_ramp,ramp,0.0,2.0,0.0,0.7715156203262573,1071.766897634172,False,settled
b,blue_ramp,ramp,0.0,2.0,0.0,1.1165300929420352,950.9638094983115,False,settled
b,blue_ramp,ramp,0.0,2.0,0.0,1.500358459099221,840.7406349078057,False,settled
b,blue_ramp,ramp,0.0,2.0,0.0,0.8217271181453807,1059.8723086621633,False,settled
b,blue_ramp,ramp,0.0,2.0,0.0,0.7210713245903067,1102.7632372575144,False,settled
b,blue_ramp,ramp,0.0,2.0,0.0,1.5239836280244847,835.5363442032667,False,settled
b,blue_ramp,ramp,0.0,2.0,0.0,1.6469125804781248,804.9227906844663,False,settled
b,blue_ramp,ramp,0.0,2.0,0.0,1.1342488052007542,944.9767905336704,False,settled
b,blue_ramp,ramp,0.0,2.0,0.0,0.973435795702132,999.8870998105755,False,settled
b,blue_ramp,ramp,0.0,2.0,0.0,1.472497746377052,843.8587626396094,False,settled
b,blue_ramp,ramp,0.0,2.0,0.0,1.4783609187060653,845.5901870916474,False,settled
b,blue_ramp,ramp,0.0,2.0,0.0,1.3944121234934188,867.0540625154943,False,settled
b,blue_ramp,ramp,0.0,2.0,0.0,1.6240278838682638,811.2773743770861,False,settled
b,blue_ramp,ramp,0.0,2.0,0.0,1.5316073225934166,834.1055186462735,False,settled
b,blue_ramp,ramp,0.0,2.0,0.0,1.1810432950027392,929.3476956924219,False,settled
b,blue_ramp,ramp,0.0,2.0,0.0,0.7268451029502128,1095.0153437016274,False,settled
b,blue_ramp,ramp,0.0,2.0,0.0,1.0003653597702071,985.4060338577672,False,settled
b,blue_ramp,ramp,0.0,2.0,0.0,0.8556884858443399,1036.1145682887945,False,settled
b,blue_ramp,ramp,0.0,2.0,0.0,1.2028640102460417,918.1943878937021,False,settled
b,blue_ramp,ramp,0.0,2.0,0.0,1.581252044618784,821.3371972804445,False,settled
b,blue_ramp,ramp,0.0,2.0,0.0,0.9473154021342934,1009.5601878859512,False,settled
b,blue_ramp,ramp,0.0,2.0,0.0,1.65739176442565,802.8101949804332,False,settled
b,blue_ramp,ramp,0.0,2.0,0.0,1.6278666118675205,809.6402915084024,False,settled
b,blue_ramp,ramp,0.0,2.0,0.0,1.159929349208046,931.3544017869237,False,settled
b,blue_ramp,ramp,0.0,2.0,0.0,1.313663787564221,888.9683772276658,False,settled
b,blue_ramp,ramp,0.0,2.0,0.0,1.1281128514772543,941.7391156596385,False,settled
b,blue_ramp,ramp,0.0,2.0,0.0,1.3892736329607487,867.2233209659041,False,settled
b,blue_ramp,ramp,0.0,2.0,0.0,0.7128963424661,1099.7635842414163,False,settled
b,blue_ramp,ramp,0.0,2.0,0.0,1.3148449696403455,888.4713173239955,False,settled
b,blue_ramp,ramp,0.0,2.0,0.0,1.430763829163964,856.3652487566238,False,settled
b,blue_ramp,ramp,0.0,2.0,0.0,0.8488290108256517,1038.9980205478037,False,settled
b,blue_ramp,ramp,0.0,2.0,0.0,1.3954826433441527,865.9209699036359,False,settled
b,blue_ramp,ramp,0.0,2.0,0.0,1.2181170665312386,920.1771810565712,False,settled
b,blue_ramp,ramp,0.0,2.0,0.0,1.4059749698348707,863.3706221397473,False,settled
b,blue_ramp,ramp,0.0,2.0,0.0,1.2227489495233228,916.2684952352312,False,settled
b,blue_ramp,ramp,0.0,2.0,0.0,0.9342231851066128,1018.2499644629759,False,settled
b,blue_ramp,ramp,0.0,2.0,0.0,1.3245028944050294,887.3260834957864,False,settled
b,blue_ramp,ramp,0.0,2.0,0.0,1.2841974574773796,894.4660915413536,False,settled
b,blue_ramp,ramp,0.0,2.0,0.0,1.3710732259522893,869.9815253985158,False,settled
b,blue_ramp,ramp,0.0,2.0,0.0,1.4978823705353121,842.5949748177001,False,settled
b,blue_ramp,ramp,0.0,2.0,0.0,1.275420328111273,902.6389513772366,False,settled
b,blue_ramp,ramp,0.0,2.0,0.0,1.047592414257283,971.1843875612238,False,settled
b,blue_ramp,ramp,0.0,2.0,0.0,0.699385353692908,1109.81183482325,False,settled
b,blue_ramp,ramp,0.0,2.0,0.0,0.8980538602013245,1025.2770062048119,False,settled
b,blue_ramp,ramp,0.0,2.0,0.0,1.153766868375964,936.0085387559184,False,settled
b,blue_ramp,ramp,0.0,2.0,0.0,0.992077719767464,987.2420281556717,False,settled
b,blue_ramp,ramp,0.0,2.0,0.0,1.5225086186333074,835.1573785471977,False,settled
b,blue_ramp,ramp,0.0,2.0,0.0,0.7269815886859896,1095.265583693162,False,settled
b,blue_ramp,ramp,0.0,2.0,0.0,0.9307406429463704,1018.9042900429972,False,settled
b,blue_ramp,ramp,0.0,2.0,0.0,1.4954583476406398,841.9413688552457,False,settled
b,blue_ramp,ramp,0.0,2.0,0.0,1.0371778230617683,979.4546171046253,False,settled
b,blue_ramp,ramp,0.0,2.0,0.0,0.7753233970199768,1068.910389121139,False,settled
b,blue_ramp,ramp,0.0,2.0,0.0,1.626755528253651,809.7869948061816,False,settled
b,blue_ramp,ramp,0.0,2.0,0.0,1.4866396070057775,843.5791441103435,False,settled
b,blue_ramp,ramp,0.0,2.0,0.0,0.7162835107082784,1107.024820195077,False,settled
b,blue_ramp,ramp,0.0,2.0,0.0,0.6881448609765742,1104.907525367637,False,settled
b,blue_ramp,ramp,0.0,2.0,0.0,1.251956228629924,903.5914008329585,False,settled
b,blue_ramp,ramp,0.0,2.0,0.0,0.7742165844466147,1069.8364200891026,False,settled
b,blue_ramp,ramp,0.0,2.0,0.0,1.5151717344514894,837.9568505474407,False,settled
b,blue_ramp,ramp,0.0,2.0,0.0,1.4980318975159956,842.482385943895,False,settled
b,blue_ramp,ramp,0.0,2.0,0.0,1.593351899658765,817.7177710054381,False,settled
b,blue_ramp,ramp,0.0,2.0,0.0,1.338523993628767,879.5580641167551,False,settled
b,blue_ramp,ramp,0.0,2.0,0.0,0.7317676744455728,1100.1297615548708,False,settled
b,blue_ramp,ramp,0.0,2.0,0.0,1.1222211933098019,946.4604871592292,False,settled
b,blue_ramp,ramp,0.0,2.0,0.0,1.660399596323229,801.6837981677573,False,settled
b,blue_ramp,ramp,0.0,2.0,0.0,0.77010892558922,1072.7638298713257,False,settled
b,blue_ramp,ramp,0.0,2.0,0.0,1.6582200339222406,802.2615076093871,False,settled
b,blue_ramp,ramp,0.0,2.0,0.0,1.0691766518659793,966.759129632522,False,settled
b,blue_ramp,ramp,0.0,2.0,0.0,1.0229687233093006,980.8292234253423,False,settled
b,blue_ramp,ramp,0.0,2.0,0.0,1.2888371049205427,896.7520595404732,False,settled
b,blue_ramp,ramp,0.0,2.0,0.0,1.1824089017115234,928.1570365807323,False,settled
b,blue_ramp,ramp,0.0,2.0,0.0,1.4308800621278228,856.2344642488259,False,settled
b,blue_ramp,ramp,0.0,2.0,0.0,0.8279387573403965,1055.2391197909208,False,settled
b,blue_ramp,ramp,0.0,2.0,0.0,0.9438576200852411,1012.3523394810469,False,settled
b,blue_ramp,ramp,0.0,2.0,0.0,1.0385072355570415,978.3569647926969,False,settled
b,blue_ramp,ramp,0.0,2.0,0.0,0.7641574247494634,1076.6423385065193,False,settled
b,blue_ramp,ramp,0.0,2.0,0.0,0.757902386298417,1076.6880788359458,False,settled
b,blue_ramp,ramp,0.0,2.0,0.0,1.1885283008288732,922.8556630309123,False,settled
b,blue_ramp,ramp,0.0,2.0,0.0,1.0929428921667412,952.8224624588019,False,settled
b,blue_ramp,ramp,0.0,2.0,0.0,1.0270601208206747,977.7531799582588,False,settled
b,blue_ramp,ramp,0.0,2.0,0.0,1.1790290445783351,931.1146430711406,False,settled
b,blue_ramp,ramp,0.0,2.0,0.0,1.6166759854557813,811.9762860462258,False,settled
b,blue_ramp,ramp,0.0,2.0,0.0,1.178885751941172,931.2403399762557,False,settled
b,blue_ramp,ramp,0.0,2.0,0.0,1.5736421597510502,822.5292426916892,False,settled
b,blue_ramp,ramp,0.0,2.0,0.0,1.1943152114529496,925.6668143217586,False,settled
b,blue_ramp,ramp,0.0,2.0,0.0,0.910785002373602,1015.5031522509447,False,settled
b,blue_ramp,ramp,0.0,2.0,0.0,0.8376027079736965,1047.6810314300399,False,settled
b,blue_ramp,ramp,0.0,2.0,0.0,1.34103237491043,877.4202320902409,False,settled
b,blue_ramp,ramp,0.0,2.0,0.0,0.94406134421876,1012.1872420769058,False,settled
b,blue_ramp,ramp,0.0,2.0,0.0,0.8763946430267854,1029.875709642037,False,settled
b,blue_ramp,ramp,0.0,2.0,0.0,0.8948932602522636,1027.7938439437278,False,settled
b,blue_ramp,ramp,0.0,2.0,0.0,1.1645227366201552,935.5743000709124,False,settled
b,blue_ramp,ramp,0.0,2.0,0.0,1.360492356748279,874.9028597234158,False,settled
b,blue_ramp,ramp,0.0,2.0,0.0,1.263176213693672,900.348312739352,False,settled
b,blue_ramp,ramp,0.0,2.0,0.0,1.1802184494669703,930.0712780159829,False,settled
b,blue_ramp,ramp,0.0,2.0,0.0,1.6000107103288546,816.0038258882198,False,settled
b,blue_ramp,ramp,0.0,2.0,0.0,1.5775121628477848,821.8439865456439,False,settled
b,blue_ramp,ramp,0.0,2.0,0.0,1.0062139864507464,984.2630761039268,False,settled
b,blue_ramp,ramp,0.0,2.0,0.0,1.629915110094474,809.672481179467,False,settled
b,blue_ramp,ramp,0.0,2.0,0.0,1.1597545631838235,931.4968983805716,False,settled
b,blue_ramp,ramp,0.0,2.0,0.0,1.1092531428031027,948.3329679268654,False,settled
b,blue_ramp,ramp,0.0,2.0,0.0,0.7540090373470447,1077.8542542980467,False,settled
b,blue_ramp,ramp,0.0,2.0,0.0,1.5425026930563754,830.8691441214149,False,settled
b,blue_ramp,ramp,0.0,2.0,0.0,1.1038229514856555,952.8588173206462,False,settled
b,blue_ramp,ramp,0.0,2.0,0.0,1.6104730392541702,813.9532539311534,False,settled
b,blue_ramp,ramp,0.0,2.0,0.0,1.5534690240919777,828.683394713546,False,settled
b,blue_ramp,ramp,0.0,2.0,0.0,0.7514094786680319,1081.6967280605204,False,settled
b,blue_ramp,ramp,0.0,2.0,0.0,1.2341272742751794,912.2857545728364,False,settled
b,blue_ramp,ramp,0.0,2.0,0.0,1.4317806350742148,855.4759164600878,False,settled
b,blue_ramp,ramp,0.0,2.0,0.0,1.0235731634704397,980.3348565978125,False,settled
b,blue_ramp,ramp,0.0,2.0,0.0,1.2282240094657975,914.3517111064426,False,settled
b,blue_ramp,ramp,0.0,2.0,0.0,0.7822421639086148,1077.7926955373457,False,settled
b,blue_ramp,ramp,0.0,2.0,0.0,1.042450262371414,975.1018403837428,False,settled
b,blue_ramp,ramp,0.0,2.0,0.0,1.443236771765746,851.7870290951485,False,settled
b,blue_ramp,ramp,0.0,2.0,0.0,0.9692219034074372,1003.3073112671356,False,settled
b,blue_ramp,ramp,0.0,2.0,0.0,1.40471015711358,864.0465851676103,False,settled
b,blue_ramp,ramp,0.0,2.0,0.0,0.8469901756491237,1040.4090039766024,False,settled
b,blue_ramp,ramp,0.0,2.0,0.0,1.3100204334461398,890.5122011448307,False,settled
b,yellow_ramp,ramp,0.0,2.0,0.0,1.1450876471547828,812.8763877092331,False,settled
b,yellow_ramp,ramp,0.0,2.0,0.0,0.5086672987483484,997.7539358291882,False,settled
b,yellow_ramp,ramp,0.0,2.0,0.0,0.6667827018018088,944.9483002131683,False,settled
b,yellow_ramp,ramp,0.0,2.0,0.0,0.8753326405523766,881.1691946346133,False,settled
b,yellow_ramp,ramp,0.0,2.0,0.0,0.2406156036379803,1098.347599117016,False,settled
b,yellow_ramp,ramp,0.0,2.0,0.0,1.1192519860294694,818.8104731819109,False,settled
b,yellow_ramp,ramp,0.0,2.0,0.0,1.0812743859057175,829.2584380935815,False,settled
b,yellow_ramp,ramp,0.0,2.0,0.0,0.8336423149852233,891.7819081255014,False,settled
b,yellow_ramp,ramp,0.0,2.0,0.0,0.8992221527830951,874.1539808894055,False,settled
b,yellow_ramp,ramp,0.0,2.0,0.0,0.9664626232473357,853.1172320946758,False,settled
b,yellow_ramp,ramp,0.0,2.0,0.0,1.1479598767504666,811.9397515917573,False,settled
b,yellow_ramp,ramp,0.0,2.0,0.0,0.47631089094365164,1012.3902085935525,False,settled
b,yellow_ramp,ramp,0.0,2.0,0.0,0.7862779191329662,908.9484589926724,False,settled
b,yellow_ramp,ramp,0.0,2.0,0.0,0.9159323039888176,867.9768435660658,False,settled
b,yellow_ramp,ramp,0.0,2.0,0.0,0.5566255716541628,979.8830439519991,False,settled
b,yellow_ramp,ramp,0.0,2.0,0.0,0.6360137585327427,953.1180722583289,False,settled
b,yellow_ramp,ramp,0.0,2.0,0.0,1.103838480619682,823.2919907606348,False,settled
b,yellow_ramp,ramp,0.0,2.0,0.0,0.5448609644581468,989.5413222432088,False,settled
b,yellow_ramp,ramp,0.0,2.0,0.0,0.959238548253191,856.3617856042227,False,settled
b,yellow_ramp,ramp,0.0,2.0,0.0,0.4252204740578508,1029.524242887943,False,settled
b,yellow_ramp,ramp,0.0,2.0,0.0,0.35118919709775676,1062.2774681249412,False,settled
b,yellow_ramp,ramp,0.0,2.0,0.0,0.8736958912932443,882.8002812032408,False,settled
b,yellow_ramp,ramp,0.0,2.0,0.0,0.5903683639416889,972.5569575892501,False,settled
b,yellow_ramp,ramp,0.0,2.0,0.0,0.7905890554160451,904.9791861689251,False,settled
b,yellow_ramp,ramp,0.0,2.0,0.0,0.7955540232082833,900.4599675227122,False,settled
b,yellow_ramp,ramp,0.0,2.0,0.0,0.2492033093172722,1093.9217503280483,False,settled
b,yellow_ramp,ramp,0.0,2.0,0.0,0.6814283003104081,937.4202507443704,False,settled
b,yellow_ramp,ramp,0.0,2.0,0.0,0.44898426368052835,1023.0715220202686,False,settled
b,yellow_ramp,ramp,0.0,2.0,0.0,0.781146455757853,906.5688483200282,False,settled
b,yellow_ramp,ramp,0.0,2.0,0.0,0.7825052699703703,905.426343960544,False,settled
b,yellow_ramp,ramp,0.0,2.0,0.0,0.7965068684555588,899.6981612054462,False,settled
b,yellow_ramp,ramp,0.0,2.0,0.0,0.4309417588707366,1024.9704473451545,False,settled
b,yellow_ramp,ramp,0.0,2.0,0.0,0.6230307903455498,954.7092066650372,False,settled
b,yellow_ramp,ramp,0.0,2.0,0.0,0.521195613718601,988.2692649915081,False,settled
b,yellow_ramp,ramp,0.0,2.0,0.0,0.9931447682261195,845.026687366637,False,settled
b,yellow_ramp,ramp,0.0,2.0,0.0,0.9771713651896575,850.2374881379641,False,settled
b,yellow_ramp,ramp,0.0,2.0,0.0,1.0429824232023497,839.2852177597614,False,settled
b,yellow_ramp,ramp,0.0,2.0,0.0,0.5657597944407001,972.8422170913565,False,settled
b,yellow_ramp,ramp,0.0,2.0,0.0,0.8934079726373233,874.4838146930105,False,settled
b,yellow_ramp,ramp,0.0,2.0,0.0,0.2531431413928422,1101.9060633872102,False,settled
b,yellow_ramp,ramp,0.0,2.0,0.0,0.41323005497587323,1026.5244170239482,False,settled
b,yellow_ramp,ramp,0.0,2.0,0.0,0.38630989108730496,1049.2082753840402,False,settled
b,yellow_ramp,ramp,0.0,2.0,0.0,0.23726904093020035,1098.072993456983,False,settled
b,yellow_ramp,ramp,0.0,2.0,0.0,0.5732800715905011,976.4805574899896,False,settled
b,yellow_ramp,ramp,0.0,2.0,0.0,0.22672770299611397,1117.0199612746349,False,settled
b,yellow_ramp,ramp,0.0,2.0,0.0,0.9564666040010881,854.6576049068028,False,settled
b,yellow_ramp,ramp,0.0,2.0,0.0,1.219000316701411,792.8796907643994,False,settled
b,yellow_ramp,ramp,0.0,2.0,0.0,0.513016835769252,994.321426129399,False,settled
b,yellow_ramp,ramp,0.0,2.0,0.0,0.2687452488321519,1087.147612569212,False,settled
b,yellow_ramp,ramp,0.0,2.0,0.0,0.6684535073603145,943.7974840910572,False,settled
b,yellow_ramp,ramp,0.0,2.0,0.0,1.211133999452653,796.5620357757178,False,settled
b,yellow_ramp,ramp,0.0,2.0,0.0,0.9877692061151476,846.9223927092595,False,settled
b,yellow_ramp,ramp,0.0,2.0,0.0,1.2228584297485585,790.4512960458708,False,settled
b,yellow_ramp,ramp,0.0,2.0,0.0,0.7207612964308039,923.0877598518709,False,settled
b,yellow_ramp,ramp,0.0,2.0,0.0,1.0268206419018833,841.9220017699705,False,settled
b,yellow_ramp,ramp,0.0,2.0,0.0,0.9959520078167373,846.0353743415582,False,settled
b,yellow_ramp,ramp,0.0,2.0,0.0,0.40117641395802317,1034.0781290479172,False,settled
b,yellow_ramp,ramp,0.0,2.0,0.0,0.5001164648059692,1004.6109344266113,False,settled
b,yellow_ramp,ramp,0.0,2.0,0.0,0.2505000681033376,1097.2750723028996,False,settled
b,yellow_ramp,ramp,0.0,2.0,0.0,0.3037242871096578,1071.9734708079982,False,settled
b,yellow_ramp,ramp,0.0,2.0,0.0,0.5744811833616507,975.4890601681626,False,settled
b,yellow_ramp,ramp,0.0,2.0,0.0,0.4123531752327316,1027.1945409695704,False,settled
b,yellow_ramp,ramp,0.0,2.0,0.0,0.31016027213859215,1067.123183708439,False,settled
b,yellow_ramp,ramp,0.0,2.0,0.0,0.8502291508665253,887.2575979380631,False,settled
b,yellow_ramp,ramp,0.0,2.0,0.0,0.6929247083957717,938.8857296492357,False,settled
b,yellow_ramp,ramp,0.0,2.0,0.0,0.8043783516722616,899.1611190704645,False,settled
b,yellow_ramp,ramp,0.0,2.0,0.0,0.9794856404091026,852.0373062280867,False,settled
b,yellow_ramp,ramp,0.0,2.0,0.0,0.522978213361047,987.587316578515,False,settled
b,yellow_ramp,ramp,0.0,2.0,0.0,0.6628330122561581,948.2709218891944,False,settled
b,yellow_ramp,ramp,0.0,2.0,0.0,0.9687901981081868,854.8328245784437,False,settled
b,yellow_ramp,ramp,0.0,2.0,0.0,0.6277774209245431,959.7940885491179,False,settled
b,yellow_ramp,ramp,0.0,2.0,0.0,1.1093571456357683,822.2445065100713,False,settled
b,yellow_ramp,ramp,0.0,2.0,0.0,1.0635223964183453,833.7601347804541,False,settled
b,yellow_ramp,ramp,0.0,2.0,0.0,0.8915688404404467,876.349167115309,False,settled
b,yellow_ramp,ramp,0.0,2.0,0.0,0.7953860985946631,900.6088963886783,False,settled
b,yellow_ramp,ramp,0.0,2.0,0.0,0.7851175131817674,903.093667915105,False,settled
b,yellow_ramp,ramp,0.0,2.0,0.0,1.0901456256324389,826.4134122820617,False,settled
b,yellow_ramp,ramp,0.0,2.0,0.0,1.1757010071482104,805.6285107234445,False,settled
b,yellow_ramp,ramp,0.0,2.0,0.0,0.24676963735102397,1103.0601327094855,False,settled
b,yellow_ramp,ramp,0.0,2.0,0.0,0.7433005593074724,919.0346889466056,False,settled
b,yellow_ramp,ramp,0.0,2.0,0.0,0.8451781467105902,889.3831276271651,False,settled
b,yellow_ramp,ramp,0.0,2.0,0.0,0.41268114846593795,1026.9452144382633,False,settled
b,yellow_ramp,ramp,0.0,2.0,0.0,0.8069226439967602,896.8456389519864,False,settled
b,yellow_ramp,ramp,0.0,2.0,0.0,1.1910548211685212,802.9806711480395,False,settled
b,yellow_ramp,ramp,0.0,2.0,0.0,1.1783680260197222,805.0522331153284,False,settled
b,yellow_ramp,ramp,0.0,2.0,0.0,0.29243517510171035,1077.882566448018,False,settled
b,yellow_ramp,ramp,0.0,2.0,0.0,0.32769934473420625,1072.1017565211964,False,settled
b,yellow_ramp,ramp,0.0,2.0,0.0,0.3632440037342638,1053.0453594724563,False,settled
b,yellow_ramp,ramp,0.0,2.0,0.0,0.8630364559408471,881.5177924093241,False,settled
b,yellow_ramp,ramp,0.0,2.0,0.0,0.8977136786413753,875.697085056909,False,settled
b,yellow_ramp,ramp,0.0,2.0,0.0,0.9356202275529035,860.2017207499905,False,settled
b,yellow_ramp,ramp,0.0,2.0,0.0,0.9683624639032582,855.318242230021,False,settled
b,yellow_ramp,ramp,0.0,2.0,0.0,0.9081906056897181,870.4420281297552,False,settled
b,yellow_ramp,ramp,0.0,2.0,0.0,0.4121120102116426,1027.2928055774523,False,settled
b,yellow_ramp,ramp,0.0,2.0,0.0,0.8577927508061393,886.5486307979637,False,settled
b,yellow_ramp,ramp,0.0,2.0,0.0,0.5546247913031005,981.5194642093722,False,settled
b,yellow_ramp,ramp,0.0,2.0,0.0,0.4111310553525251,1028.053156522757,False,settled
b,yellow_ramp,ramp,0.0,2.0,0.0,0.28590453672251104,1080.6604454459589,False,settled
b,yellow_ramp,ramp,0.0,2.0,0.0,1.1756071819548317,805.8462430428674,False,settled
b,yellow_ramp,ramp,0.0,2.0,0.0,0.41366450924667125,1026.1208160788972,False,settled
b,yellow_ramp,ramp,0.0,2.0,0.0,0.46350551307821547,1018.8545245917256,False,settled
b,yellow_ramp,ramp,0.0,2.0,0.0,0.9328183328612351,861.5524988606178,False,settled
b,yellow_ramp,ramp,0.0,2.0,0.0,0.7896176490527846,905.8734451179128,False,settled
b,yellow_ramp,ramp,0.0,2.0,0.0,0.6272644536508718,960.227321259978,False,settled
b,yellow_ramp,ramp,0.0,2.0,0.0,0.2564528690100549,1092.8402346429057,False,settled
b,yellow_ramp,ramp,0.0,2.0,0.0,0.4501769023399678,1022.1260167465289,False,settled
b,yellow_ramp,ramp,0.0,2.0,0.0,0.4915913178802666,1000.1210123928512,False,settled
b,yellow_ramp,ramp,0.0,2.0,0.0,0.3630935909160576,1053.1630100471853,False,settled
b,yellow_ramp,ramp,0.0,2.0,0.0,1.0881325418268506,828.6042868900765,False,settled
b,yellow_ramp,ramp,0.0,2.0,0.0,0.362500741877812,1053.6265867809122,False,settled
b,yellow_ramp,ramp,0.0,2.0,0.0,0.5048849930489417,1000.7394335135826,False,settled
b,yellow_ramp,ramp,0.0,2.0,0.0,0.6268874941998508,960.5457788851083,False,settled
b,yellow_ramp,ramp,0.0,2.0,0.0,0.6562629194159971,945.1593018921436,False,settled
b,yellow_ramp,ramp,0.0,2.0,0.0,0.7101372785831777,932.0844071940589,False,settled
b,yellow_ramp,ramp,0.0,2.0,0.0,0.8283133227565965,890.3670986896376,False,settled
b,yellow_ramp,ramp,0.0,2.0,0.0,0.6243012370547109,953.6573309454361,False,settled
b,yellow_ramp,ramp,0.0,2.0,0.0,0.9947662713085705,847.4439061461751,False,settled
b,yellow_ramp,ramp,0.0,2.0,0.0,0.2837802674474261,1081.922505360109,False,settled
b,yellow_ramp,ramp,0.0,2.0,0.0,0.6215087017412353,956.0500633562523,False,settled
b,yellow_ramp,ramp,0.0,2.0,0.0,1.1483175758088073,813.1123268685238,False,settled
b,yellow_ramp,ramp,0.0,2.0,0.0,1.0220308625362082,844.0369000499601,False,settled
b,yellow_ramp,ramp,0.0,2.0,0.0,0.36886193844912757,1048.6513608712075,False,settled
b,yellow_ramp,ramp,0.0,2.0,0.0,0.6049079852980881,965.9325034372749,False,settled
b,yellow_ramp,ramp,0.0,2.0,0.0,0.5625378549143578,975.3502157412381,False,settled
b,yellow_ramp,ramp,0.0,2.0,0.0,1.043117703932401,839.0963307450922,False,settled
b,yellow_ramp,ramp,0.0,2.0,0.0,0.9992583410575645,846.4166897140873,False,settled
b,yellow_ramp,ramp,0.0,2.0,0.0,0.5164820183814256,991.5883633566182,False,settled
b,yellow_ramp,ramp,0.0,2.0,0.0,0.5581732612422695,978.6171823961752,False,settled
b,yellow_ramp,ramp,0.0,2.0,0.0,0.5910443412083138,972.0018845442909,False,settled
b,yellow_ramp,ramp,0.0,2.0,0.0,1.082362972499722,828.6889133836598,False,settled
b,yellow_ramp,ramp,0.0,2.0,0.0,1.0857661066624313,829.0139324897507,False,settled
b,yellow_ramp,ramp,0.0,2.0,0.0,0.7228659931050126,928.9071330374082,False,settled
b,yellow_ramp,ramp,0.0,2.0,0.0,0.34879525580843507,1064.182810869073,False,settled
b,yellow_ramp,ramp,0.0,2.0,0.0,1.0808857492168547,829.882685347194,False,settled
b,yellow_ramp,ramp,0.0,2.0,0.0,1.2114779813505894,797.0294481672787,False,settled
b,yellow_ramp,ramp,0.0,2.0,0.0,0.35292265006143697,1060.903432597401,False,settled
b,yellow_ramp,ramp,0.0,2.0,0.0,0.840158494106526,891.9663630212781,False,settled
b,yellow_ramp,ramp,0.0,2.0,0.0,1.1619432682669704,808.860592314421,False,settled
b,yellow_ramp,ramp,0.0,2.0,0.0,0.29103725121064716,1076.9983107945725,False,settled
b,yellow_ramp,ramp,0.0,2.0,0.0,0.4968731746911652,996.2536693529881,False,settled
b,yellow_ramp,ramp,0.0,2.0,0.0,0.6348309460079059,954.1100466081054,False,settled
b,yellow_ramp,ramp,0.0,2.0,0.0,0.9770244320429212,850.4054533358324,False,settled
b,yellow_ramp,ramp,0.0,2.0,0.0,1.084479500218618,827.611641578951,False,settled
b,yellow_ramp,ramp,0.0,2.0,0.0,1.2052772326194174,799.2048158932175,False,settled
b,yellow_ramp,ramp,0.0,2.0,0.0,0.8847595357106297,877.532680934842,False,settled
b,yellow_ramp,ramp,0.0,2.0,0.0,0.6971245294502104,935.4857063342919,False,settled
b,yellow_ramp,ramp,0.0,2.0,0.0,1.0682546727496651,831.5891588163976,False,settled
b,yellow_ramp,ramp,0.0,2.0,0.0,0.3811489866953077,1039.1365261167225,False,settled
b,yellow_ramp,ramp,0.0,2.0,0.0,0.4488204874456244,1023.2013688360721,False,settled
b,yellow_ramp,ramp,0.0,2.0,0.0,0.5785494334031651,972.1494220398766,False,settled
b,yellow_ramp,ramp,0.0,2.0,0.0,0.27783708071284535,1084.153501323903,False,settled
b,yellow_ramp,ramp,0.0,2.0,0.0,0.7832689539305746,904.734069303488,False,settled
b,yellow_ramp,ramp,0.0,2.0,0.0,0.7277320112464613,924.8569079409733,False,settled
b,yellow_ramp,ramp,0.0,2.0,0.0,0.49277763716315,999.4601483541098,False,settled
b,yellow_ramp,ramp,0.0,2.0,0.0,0.35309555489789496,1060.7667767275834,False,settled
b,yellow_ramp,ramp,0.0,2.0,0.0,0.9891548301186507,849.7072309281812,False,settled
b,yellow_ramp,ramp,0.0,2.0,0.0,0.6640873136079672,947.2142322907566,False,settled
b,yellow_ramp,ramp,0.0,2.0,0.0,1.075894322344646,830.6476257012375,False,settled
b,yellow_ramp,ramp,0.0,2.0,0.0,1.176872422542394,806.5023481891155,False,settled
b,yellow_ramp,ramp,0.0,2.0,0.0,0.25212575031509454,1100.9277153544747,False,settled
b,yellow_ramp,ramp,0.0,2.0,0.0,0.6564325509039762,945.0172493097588,False,settled
b,yellow_ramp,ramp,0.0,2.0,0.0,0.734091718746343,919.2994331898482,False,settled
b,yellow_ramp,ramp,0.0,2.0,0.0,0.44260776434699584,1015.9209295755365,False,settled
b,yellow_ramp,ramp,0.0,2.0,0.0,0.2591299215982269,1094.8620624752687,False,settled
b,yellow_ramp,ramp,0.0,2.0,0.0,1.2145180677696,794.3123785298586,False,settled
b,yellow_ramp,ramp,0.0,2.0,0.0,0.8792900911694966,877.2283611888804,False,settled
b,yellow_ramp,ramp,0.0,2.0,0.0,1.1793932748570164,804.9291324728305,False,settled
b,yellow_ramp,ramp,0.0,2.0,0.0,0.9311229665096012,862.9620478833563,False,settled
b,yellow_ramp,ramp,0.0,2.0,0.0,1.1153097668855767,819.4762061872501,False,settled
b,yellow_ramp,ramp,0.0,2.0,0.0,1.0110342178018679,845.4415183328473,False,settled
b,yellow_ramp,ramp,0.0,2.0,0.0,0.6847896872744822,936.4361109351291,False,settled
b,yellow_ramp,ramp,0.0,2.0,0.0,0.7610144705155145,914.249866598496,False,settled
b,yellow_ramp,ramp,0.0,2.0,0.0,0.9040976444497139,869.4525763642616,False,settled
b,yellow_ramp,ramp,0.0,2.0,0.0,1.0552032089478092,834.7034904488139,False,settled
b,yellow_ramp,ramp,0.0,2.0,0.0,0.22099317789213205,1114.4465038207018,False,settled
b,yellow_ramp,ramp,0.0,2.0,0.0,0.5052425096277887,1000.4491880517743,False,settled
b,yellow_ramp,ramp,0.0,2.0,0.0,0.659703695042534,942.3700150147819,False,settled
b,yellow_ramp,ramp,0.0,2.0,0.0,0.9842586210675287,850.9968093803177,False,settled
b,yellow_ramp,ramp,0.0,2.0,0.0,0.3111907395554569,1066.4307649759262,False,settled
b,yellow_ramp,ramp,0.0,2.0,0.0,0.6746843481744095,939.399692511116,False,settled
b,yellow_ramp,ramp,0.0,2.0,0.0,0.8026722511460116,900.7393562205075,False,settled
b,yellow_ramp,ramp,0.0,2.0,0.0,0.3122856911299366,1065.5308233802343,False,settled
b,yellow_ramp,ramp,0.0,2.0,0.0,0.7155398220685509,927.608154014593,False,settled
b,yellow_ramp,ramp,0.0,2.0,0.0,0.5732108337938637,976.5377117690223,False,settled
b,yellow_ramp,ramp,0.0,2.0,0.0,0.7840771462689541,903.934756576889,False,settled
b,yellow_ramp,ramp,0.0,2.0,0.0,0.30672541184622015,1069.8296581591362,False,settled
b,yellow_ramp,ramp,0.0,2.0,0.0,0.6222205661634983,955.4583352437494,False,settled
b,yellow_ramp,ramp,0.0,2.0,0.0,1.1451205614801,812.7904351604657,False,settled
b,yellow_ramp,ramp,0.0,2.0,0.0,0.48832427419400176,1002.726560852026,False,settled
b,yellow_ramp,ramp,0.0,2.0,0.0,0.5561923015625867,980.2374141757474,False,settled
b,yellow_ramp,ramp,0.0,2.0,0.0,0.42986747469127845,1025.8233891143464,False,settled
b,yellow_ramp,ramp,0.0,2.0,0.0,0.5216370745098131,987.8488505716329,False,settled
b,yellow_ramp,ramp,0.0,2.0,0.0,0.9685695418781194,855.0832392426627,False,settled
b,yellow_ramp,ramp,0.0,2.0,0.0,0.7652123203788896,912.7808850122972,False,settled
b,yellow_ramp,ramp,0.0,2.0,0.0,0.5849919768029864,967.2852384649698,False,settled
b,yellow_ramp,ramp,0.0,2.0,0.0,0.6305609084226536,957.443181062635,False,settled
b,yellow_ramp,ramp,0.0,2.0,0.0,0.5179257691270529,990.735366365208,False,settled
b,yellow_ramp,ramp,0.0,2.0,0.0,0.7599865835793078,914.6098030630485,False,settled
b,yellow_ramp,ramp,0.0,2.0,0.0,0.9729717898942212,850.3605064851205,False,settled
b,yellow_ramp,ramp,0.0,2.0,0.0,1.1904981323798993,802.6098668757065,False,settled
b,yellow_ramp,ramp,0.0,2.0,0.0,0.9702031046220961,853.4770468125922,False,settled
b,yellow_ramp,ramp,0.0,2.0,0.0,0.525013373849392,987.1496238280852,False,settled
b,yellow_ramp,ramp,0.0,2.0,0.0,0.4178290487219683,1035.4310585450912,False,settled
b,yellow_ramp,ramp,0.0,2.0,0.0,1.112153052639998,821.1069275535069,False,settled
b,yellow_ramp,ramp,0.0,2.0,0.0,0.7637938406251285,913.2772635170851,False,settled
b,yellow_ramp,ramp,0.0,2.0,0.0,0.5048093441777028,1000.8008480169723,False,settled
b,yellow_ramp,ramp,0.0,2.0,0.0,0.747915672273715,915.0248743679731,False,settled
b,yellow_ramp,ramp,0.0,2.0,0.0,1.1147609811528458,820.3964509134396,False,settled
b,yellow_ramp,ramp,0.0,2.0,0.0,0.5162523466067774,991.768963910421,False,settled
b,yellow_ramp,ramp,0.0,2.0,0.0,0.43656229223910414,1020.527860413244,False,settled
b,yellow_ramp,ramp,0.0,2.0,0.0,0.3477471981936217,1051.450614900949,False,settled
b,yellow_ramp,ramp,0.0,2.0,0.0,0.5850533171303349,967.2363589725452,False,settled
b,yellow_ramp,ramp,0.0,2.0,0.0,0.6504200513994021,949.7895573573195,False,settled
b,yellow_ramp,ramp,0.0,2.0,0.0,0.967888059913157,851.4964941495471,False,settled
b,yellow_ramp,ramp,0.0,2.0,0.0,1.1119298128086978,821.5328838238369,False,settled
b,yellow_ramp,ramp,0.0,2.0,0.0,0.9367454106977713,864.2949627615862,False,settled
b,yellow_ramp,ramp,0.0,2.0,0.0,0.9566755616455022,854.5310010569142,False,settled
b,yellow_ramp,ramp,0.0,2.0,0.0,0.8379536232012827,888.1101645345406,False,settled
b,yellow_ramp,ramp,0.0,2.0,0.0,0.3313734112488553,1057.770861115109,False,settled
b,yellow_ramp,ramp,0.0,2.0,0.0,0.4093447372820844,1029.5214610729395,False,settled
b,yellow_ramp,ramp,0.0,2.0,0.0,1.2048627649507453,798.9735472956154,False,settled
b,yellow_ramp,ramp,0.0,2.0,0.0,1.0447709758886616,838.1241520257188,False,settled
b,yellow_ramp,ramp,0.0,2.0,0.0,0.9056079806885944,873.0942021331824,False,settled
b,yellow_ramp,ramp,0.0,2.0,0.0,0.4572085576967185,1020.0379039358404,False,settled
b,yellow_ramp,ramp,0.0,2.0,0.0,0.6504043584929416,949.8028207666067,False,settled
b,yellow_ramp,ramp,0.0,2.0,0.0,0.9803912818756988,850.9882610896493,False,settled
b,yellow_ramp,ramp,0.0,2.0,0.0,0.5122742906703813,994.9075377271172,False,settled
b,yellow_ramp,ramp,0.0,2.0,0.0,0.9152967411560657,868.6314864105971,False,settled
b,yellow_ramp,ramp,0.0,2.0,0.0,0.9304326580671274,863.5970266156435,False,settled
b,yellow_ramp,ramp,0.0,2.0,0.0,0.8892909305548095,873.3694682410859,False,settled
b,yellow_ramp,ramp,0.0,2.0,0.0,0.2504049861655089,1096.7962535576037,False,settled
b,yellow_ramp,ramp,0.0,2.0,0.0,1.1552331772689186,811.2382215797942,False,settled
b,yellow_ramp,ramp,0.0,2.0,0.0,0.37662002772890196,1042.7093236914657,False,settled
b,yellow_ramp,ramp,0.0,2.0,0.0,0.5704388433490859,978.8261938180412,False,settled
b,yellow_ramp,ramp,0.0,2.0,0.0,0.8578709402154797,886.4718567275689,False,settled
b,yellow_ramp,ramp,0.0,2.0,0.0,0.5053251510286279,1000.3820965590619,False,settled
b,yellow_ramp,ramp,0.0,2.0,0.0,0.498507586753149,1005.917543968924,False,settled
b,yellow_ramp,ramp,0.0,2.0,0.0,1.0145470347773597,845.2128011685128,False,settled
b,yellow_ramp,ramp,0.0,2.0,0.0,0.9271506690185869,866.8015784051025,False,settled
b,yellow_ramp,ramp,0.0,2.0,0.0,1.0165259172331587,844.2965810024225,False,settled
b,yellow_ramp,ramp,0.0,2.0,0.0,1.0546778644886234,835.6388873341234,False,settled
b,yellow_ramp,ramp,0.0,2.0,0.0,0.5063087652203528,999.5867074921085,False,settled
b,yellow_ramp,ramp,0.0,2.0,0.0,0.5806929742116514,970.7110788179114,False,settled
b,yellow_ramp,ramp,0.0,2.0,0.0,1.1466707218649739,812.1365851169126,False,settled
b,yellow_ramp,ramp,0.0,2.0,0.0,0.8817123251694569,875.1529327002243,False,settled
b,yellow_ramp,ramp,0.0,2.0,0.0,0.36139329224328576,1054.492590852097,False,settled
b,yellow_ramp,ramp,0.0,2.0,0.0,0.5802615217882628,971.050547539539,False,settled
b,yellow_ramp,ramp,0.0,2.0,0.0,0.3522037208325554,1061.4715925305297,False,settled
b,yellow_ramp,ramp,0.0,2.0,0.0,0.36058875456029316,1055.1225457189532,False,settled
b,yellow_ramp,ramp,0.0,2.0,0.0,0.27814925611141633,1084.0004913994346,False,settled
b,yellow_ramp,ramp,0.0,2.0,0.0,0.5259964161609701,986.8484445620122,False,settled
b,yellow_ramp,ramp,0.0,2.0,0.0,1.1968273977736472,801.1985996885445,False,settled
b,yellow_ramp,ramp,0.0,2.0,0.0,0.8097117899858032,900.9608323131077,False,settled
b,yellow_ramp,ramp,0.0,2.0,0.0,0.8072246187631613,896.5738857997711,False,settled
b,yellow_ramp,ramp,0.0,2.0,0.0,1.1511188744091303,812.9067395842479,False,settled
b,yellow_ramp,ramp,0.0,2.0,0.0,0.9946043814165886,847.6372924521673,False,settled
b,yellow_ramp,ramp,0.0,2.0,0.0,0.7075717432736023,926.5875916777286,False,settled
b,yellow_ramp,ramp,0.0,2.0,0.0,0.26053896125684894,1097.4205150039095,False,settled
b,yellow_ramp,ramp,0.0,2.0,0.0,0.5875338139796326,965.3708906486283,False,settled
b,yellow_ramp,ramp,0.0,2.0,0.0,0.8016783011585122,901.6607057678095,False,settled
b,yellow_ramp,ramp,0.0,2.0,0.0,1.1585674416253884,809.5106013549766,False,settled
b,yellow_ramp,ramp,0.0,2.0,0.0,0.899541396471052,873.827468771713,False,settled
b,yellow_ramp,ramp,0.0,2.0,0.0,1.1978153205790703,800.4317832092163,False,settled
b,yellow_ramp,ramp,0.0,2.0,0.0,0.24208237043239897,1103.9820446749252,False,settled
b,yellow_ramp,ramp,0.0,2.0,0.0,0.3996855985005673,1034.2949223102569,False,settled
b,yellow_ramp,ramp,0.0,2.0,0.0,0.7017135180931439,931.5049754971401,False,settled
b,yellow_ramp,ramp,0.0,2.0,0.0,0.6204501642106083,956.8381708438576,False,settled
b,yellow_ramp,ramp,0.0,2.0,0.0,1.1463233049238801,812.8874539877792,False,settled
b,yellow_ramp,ramp,0.0,2.0,0.0,0.7613811105989537,914.1215659356716,False,settled
b,yellow_ramp,ramp,0.0,2.0,0.0,0.37414648940155204,1044.5378872689676,False,settled
b,yellow_ramp,ramp,0.0,2.0,0.0,0.9523576802319481,858.9045620644588,False,settled
b,yellow_ramp,ramp,0.0,2.0,0.0,0.4090884682375356,1029.7231571382133,False,settled
b,yellow_ramp,ramp,0.0,2.0,0.0,0.9859455160093998,849.0274080838274,False,settled
b,yellow_ramp,ramp,0.0,2.0,0.0,0.5955403795830251,968.3292078391087,False,settled
b,yellow_ramp,ramp,0.0,2.0,0.0,1.1710954189285727,807.5527090466595,False,settled
b,yellow_ramp,ramp,0.0,2.0,0.0,0.6260009201565141,961.2947870825842,False,settled
b,yellow_ramp,ramp,0.0,2.0,0.0,0.8904610396064548,877.4756426176436,False,settled
b,yellow_ramp,ramp,0.0,2.0,0.0,0.24545216350029891,1099.985158550683,False,settled
b,yellow_ramp,ramp,0.0,2.0,0.0,0.8087211070877872,901.8855752949778,False,settled
b,yellow_ramp,ramp,0.0,2.0,0.0,0.7255337614728533,926.7996368942661,False,settled
b,yellow_ramp,ramp,0.0,2.0,0.0,0.7017515273195396,931.4721653996913,False,settled
b,yellow_ramp,ramp,0.0,2.0,0.0,0.9331530970081733,861.3772771786194,False,settled
b,yellow_ramp,ramp,0.0,2.0,0.0,1.1900352858384695,802.3158444059139,False,settled
b,yellow_ramp,ramp,0.0,2.0,0.0,0.9354048833304401,860.3080539775906,False,settled
b,yellow_ramp,ramp,0.0,2.0,0.0,0.2955026275807952,1077.2455694781468,False,settled
b,yellow_ramp,ramp,0.0,2.0,0.0,0.9485633768905123,858.4273414504112,False,settled
b,yellow_ramp,ramp,0.0,2.0,0.0,0.8854595194573374,876.831024694112,False,settled
b,yellow_ramp,ramp,0.0,2.0,0.0,0.8129042883000474,897.9806944831198,False,settled
b,yellow_ramp,ramp,0.0,2.0,0.0,1.1232713769631117,819.7519489251063,False,settled
b,yellow_ramp,ramp,0.0,2.0,0.0,1.2097785943465866,796.6476460133966,False,settled
b,yellow_ramp,ramp,0.0,2.0,0.0,0.9970735943208529,844.8001011415168,False,settled
b,yellow_ramp,ramp,0.0,2.0,0.0,0.3480559093151644,1051.2199200286962,False,settled
b,yellow_ramp,ramp,0.0,2.0,0.0,0.7600040675094779,914.6036838569357,False,settled
b,yellow_ramp,ramp,0.0,2.0,0.0,0.9029684269846727,870.6712223061676,False,settled
b,yellow_ramp,ramp,0.0,2.0,0.0,0.3527538999871992,1061.036800441369,False,settled
b,yellow_ramp,ramp,0.0,2.0,0.0,0.9341413639666467,860.8649932579212,False,settled
b,yellow_ramp,ramp,0.0,2.0,0.0,1.0287537934138078,841.1735430034005,False,settled
b,yellow_ramp,ramp,0.0,2.0,0.0,0.5375916785977751,984.4972157426382,False,settled
b,yellow_ramp,ramp,0.0,2.0,0.0,1.0600015809369157,834.170407965274,False,settled
b,yellow_ramp,ramp,0.0,2.0,0.0,1.1562545539963103,811.4409921455629,False,settled
b,yellow_ramp,ramp,0.0,2.0,0.0,0.6029794921089779,966.4258426399061,False,settled
b,yellow_ramp,ramp,0.0,2.0,0.0,0.3311712442799634,1057.7948060571837,False,settled
b,yellow_ramp,ramp,0.0,2.0,0.0,1.0119599256270082,845.7382883293062,False,settled
b,yellow_ramp,ramp,0.0,2.0,0.0,0.5068596792789857,999.142995641593,False,settled
b,yellow_ramp,ramp,0.0,2.0,0.0,0.656145903643151,945.2575130757515,False,settled
b,yellow_ramp,ramp,0.0,2.0,0.0,0.7467836902614579,916.0849108737744,False,settled
b,yellow_ramp,ramp,0.0,2.0,0.0,0.30412536504522825,1071.6890614905997,False,settled
b,yellow_ramp,ramp,0.0,2.0,0.0,0.6805547263560441,937.6766140606622,False,settled
b,yellow_ramp,ramp,0.0,2.0,0.0,1.131828843399296,816.8679508912879,False,settled
b,yellow_ramp,ramp,0.0,2.0,0.0,0.49531897046185536,997.5342032366469,False,settled
b,yellow_ramp,ramp,0.0,2.0,0.0,0.6975046038348717,935.1549132057086,False,settled
b,yellow_ramp,ramp,0.0,2.0,0.0,1.1277483090980562,817.888355624482,False,settled
b,yellow_ramp,ramp,0.0,2.0,0.0,0.6357736938679026,953.3193629611562,False,settled
b,yellow_ramp,ramp,0.0,2.0,0.0,1.0767104052812624,829.6154967629353,False,settled
b,yellow_ramp,ramp,0.0,2.0,0.0,0.4532019207504841,1020.7906202264177,False,settled
b,yellow_ramp,ramp,0.0,2.0,0.0,1.1446972293943019,813.7542167327371,False,settled
b,yellow_ramp,ramp,0.0,2.0,0.0,1.2181088378848755,793.7274510085433,False,settled
b,yellow_ramp,ramp,0.0,2.0,0.0,0.36719304609816333,1049.9564763211201,False,settled
b,yellow_ramp,ramp,0.0,2.0,0.0,1.0110135154296054,845.4677398519116,False,settled
b,yellow_ramp,ramp,0.0,2.0,0.0,0.30395539890734175,1071.8096047763152,False,settled
b,yellow_ramp,ramp,0.0,2.0,0.0,1.0818238160297804,828.3735926994991,False,settled
b,yellow_ramp,ramp,0.0,2.0,0.0,0.8924792526542589,875.4233765431777,False,settled
b,yellow_ramp,ramp,0.0,2.0,0.0,1.072095566011674,831.7607072053354,False,settled
b,yellow_ramp,ramp,0.0,2.0,0.0,0.756559680146766,915.8095710291489,False,settled
b,yellow_ramp,ramp,0.0,2.0,0.0,1.1270966516311556,818.2793836534419,False,settled
b,yellow_ramp,ramp,0.0,2.0,0.0,0.29382268079899015,1077.9131955085454,False,settled
b,yellow_ramp,ramp,0.0,2.0,0.0,0.8267465147869456,891.867859395488,False,settled
b,yellow_ramp,ramp,0.0,2.0,0.0,0.738403311107406,923.2912808648906,False,settled
b,yellow_ramp,ramp,0.0,2.0,0.0,0.7012165009836173,931.9340022330929,False,settled
b,yellow_ramp,ramp,0.0,2.0,0.0,0.6607229112887767,941.6571835097913,False,settled
b,yellow_ramp,ramp,0.0,2.0,0.0,1.0081672913670205,844.2723159087061,False,settled
b,yellow_ramp,ramp,0.0,2.0,0.0,0.9076762743903525,870.9693110690791,False,settled
b,yellow_ramp,ramp,0.0,2.0,0.0,0.43969124601845905,1018.2247624342893,False,settled
b,yellow_ramp,ramp,0.0,2.0,0.0,0.7206748082505094,923.1629405904343,False,settled
b,yellow_ramp,ramp,0.0,2.0,0.0,0.8082951597774556,902.2860952423189,False,settled
b,yellow_ramp,ramp,0.0,2.0,0.0,0.5273759004755915,986.5556097678352,False,settled
b,yellow_ramp,ramp,0.0,2.0,0.0,1.1533830340863767,810.7674204711541,False,settled
b,yellow_ramp,ramp,0.0,2.0,0.0,0.7729125487552847,906.8928141194912,False,settled
b,yellow_ramp,ramp,0.0,2.0,0.0,0.8896125743205834,873.0566250610825,False,settled
b,yellow_ramp,ramp,0.0,2.0,0.0,1.2234253489118034,790.9351412932625,False,settled
b,yellow_ramp,ramp,0.0,2.0,0.0,0.9519510001455905,859.352058048739,False,settled
b,yellow_ramp,ramp,0.0,2.0,0.0,0.8817072016131036,875.1579731000103,False,settled
b,yellow_ramp,ramp,0.0,2.0,0.0,0.983874360097948,847.0978157463326,False,settled
b,yellow_ramp,ramp,0.0,2.0,0.0,0.41670676405073226,1036.3315417923632,False,settled
b,yellow_ramp,ramp,0.0,2.0,0.0,0.4875330020984843,1003.357617716573,False,settled
b,yellow_ramp,ramp,0.0,2.0,0.0,0.4460120151285175,1025.4284599364414,False,settled
b,yellow_ramp,ramp,0.0,2.0,0.0,0.5375564214227664,984.504571197229,False,settled
b,yellow_ramp,ramp,0.0,2.0,0.0,1.0871070815161301,826.83041765016,False,settled
b,yellow_ramp,ramp,0.0,2.0,0.0,0.7737102638472646,906.2201922991358,False,settled
b,yellow_ramp,ramp,0.0,2.0,0.0,0.8410568072811846,891.1358565583515,False,settled
b,yellow_ramp,ramp,0.0,2.0,0.0,0.3156929627441126,1077.043570467241,False,settled
b,yellow_ramp,ramp,0.0,2.0,0.0,0.5891379288769383,973.5672996156492,False,settled
b,yellow_ramp,ramp,0.0,2.0,0.0,0.668670857973235,943.6145817028953,False,settled
b,yellow_ramp,ramp,0.0,2.0,0.0,0.51296359516227,994.3633962726336,False,settled
b,yellow_ramp,ramp,0.0,2.0,0.0,0.6451993522024226,954.2191764441177,False,settled
b,yellow_ramp,ramp,0.0,2.0,0.0,0.729006193974424,923.7398826587495,False,settled
b,yellow_ramp,ramp,0.0,2.0,0.0,0.959375991964632,856.2083107921234,False,settled
b,yellow_ramp,ramp,0.0,2.0,0.0,1.1828432616587035,803.8945226857325,False,settled
b,yellow_ramp,ramp,0.0,2.0,0.0,0.5101853755895266,996.5573495263054,False,settled
b,yellow_ramp,ramp,0.0,2.0,0.0,1.1698399044201033,806.5338427354936,False,settled
b,yellow_ramp,ramp,0.0,2.0,0.0,1.0554234456989928,834.3849390953903,False,settled
b,yellow_ramp,ramp,0.0,2.0,0.0,1.2142773412377244,795.5463238109895,False,settled
b,yellow_ramp,ramp,0.0,2.0,0.0,0.7192201431759614,924.4970468316782,False,settled
b,yellow_ramp,ramp,0.0,2.0,0.0,0.26261542004686916,1097.7839621193666,False,settled
b,yellow_ramp,ramp,0.0,2.0,0.0,0.9913387406209871,847.1321726739116,False,settled
b,yellow_ramp,ramp,0.0,2.0,0.0,0.66974504429457,942.7089337922949,False,settled
b,yellow_ramp,ramp,0.0,2.0,0.0,1.150557609451255,812.2875646408662,False,settled
b,yellow_ramp,ramp,0.0,2.0,0.0,0.532923252517297,985.3939543073836,False,settled
b,yellow_ramp,ramp,0.0,2.0,0.0,0.6060311348609252,965.6457833341339,False,settled
b,yellow_ramp,ramp,0.0,2.0,0.0,0.9585433908912175,857.1380027289773,False,settled
b,yellow_ramp,ramp,0.0,2.0,0.0,0.3899981336865735,1035.7486969132792,False,settled
b,yellow_ramp,ramp,0.0,2.0,0.0,0.5233531072901045,987.5077602762328,False,settled
b,yellow_ramp,ramp,0.0,2.0,0.0,0.2355155388464788,1104.0635745769039,False,settled
b,yellow_ramp,ramp,0.0,2.0,0.0,1.1059988255896576,822.7812925955272,False,settled
b,yellow_ramp,ramp,0.0,2.0,0.0,0.38248535331596223,1038.213366952504,False,settled
b,yellow_ramp,ramp,0.0,2.0,0.0,0.4908259270448142,1000.7313263129643,False,settled
b,yellow_ramp,ramp,0.0,2.0,0.0,0.5838491099131133,968.2701727081711,False,settled
b,yellow_ramp,ramp,0.0,2.0,0.0,0.45463910811294855,1020.5207203204275,False,settled
b,yellow_ramp,ramp,0.0,2.0,0.0,0.7378292908683326,923.7901202115877,False,settled
b,yellow_ramp,ramp,0.0,2.0,0.0,0.5209501222888835,988.457302507957,False,settled
b,yellow_ramp,ramp,0.0,2.0,0.0,0.5989857888354251,967.4474941859473,False,settled
b,yellow_ramp,ramp,0.0,2.0,0.0,0.8846661967496026,877.6262826964141,False,settled
b,yellow_ramp,ramp,0.0,2.0,0.0,0.7285671283633117,924.1248002265734,False,settled
b,yellow_ramp,ramp,0.0,2.0,0.0,1.0263048997854454,842.5924629759056,False,settled
b,yellow_ramp,ramp,0.0,2.0,0.0,0.4814116088382349,1008.2765844965273,False,settled
b,yellow_ramp,ramp,0.0,2.0,0.0,0.6977128879635057,934.9736345989975,False,settled
b,yellow_ramp,ramp,0.0,2.0,0.0,0.32659778741450873,1072.2468894966269,False,settled
b,yellow_ramp,ramp,0.0,2.0,0.0,0.8128131699431898,898.0657294613429,False,settled
b,yellow_ramp,ramp,0.0,2.0,0.0,0.2301749978092604,1109.9856377476979,False,settled
b,yellow_ramp,ramp,0.0,2.0,0.0,1.1873152693918472,803.6383399090421,False,settled
b,yellow_ramp,ramp,0.0,2.0,0.0,0.34560784439630016,1053.070915112887,False,settled
b,yellow_ramp,ramp,0.0,2.0,0.0,1.1145302352177922,819.2033393446876,False,settled
b,yellow_ramp,ramp,0.0,2.0,0.0,0.6996004729773768,933.3307553308223,False,settled
b,yellow_ramp,ramp,0.0,2.0,0.0,1.0879840637357538,826.6186011746502,False,settled
b,yellow_ramp,ramp,0.0,2.0,0.0,0.2623018631732427,1096.2734784115812,False,settled
b,yellow_ramp,ramp,0.0,2.0,0.0,1.0884597042852773,828.065194879988,False,settled
b,yellow_ramp,ramp,0.0,2.0,0.0,0.26129016086737034,1095.2362176196525,False,settled
b,yellow_ramp,ramp,0.0,2.0,0.0,0.28345228566966535,1082.0409135016657,False,settled
b,yellow_ramp,ramp,0.0,2.0,0.0,0.8702391601102992,880.3288806872739,False,settled
b,yellow_ramp,ramp,0.0,2.0,0.0,1.2126266639454601,795.5212575948019,False,settled
b,yellow_ramp,ramp,0.0,2.0,0.0,0.9049559109837543,868.6220020352249,False,settled
b,yellow_ramp,ramp,0.0,2.0,0.0,0.5860849994303338,966.4180193793082,False,settled
b,yellow_ramp,ramp,0.0,2.0,0.0,0.8896659877887612,872.9341125619451,False,settled
b,yellow_ramp,ramp,0.0,2.0,0.0,0.5060935008525491,999.7600830693111,False,settled
b,yellow_ramp,ramp,0.0,2.0,0.0,0.22363865544204362,1105.9355221702056,False,settled
b,yellow_ramp,ramp,0.0,2.0,0.0,0.23930342904471855,1107.82066148507,False,settled
b,yellow_ramp,ramp,0.0,2.0,0.0,0.7524216385886292,918.5685960512851,False,settled
b,yellow_ramp,ramp,0.0,2.0,0.0,0.3348672725935747,1057.313755667441,False,settled
b,yellow_ramp,ramp,0.0,2.0,0.0,0.32356336494054233,1072.6470887840971,False,settled
b,yellow_ramp,ramp,0.0,2.0,0.0,0.5534695320221334,982.4646084160256,False,settled
b,yellow_ramp,ramp,0.0,2.0,0.0,0.7732795994103105,906.6586097198091,False,settled
b,yellow_ramp,ramp,0.0,2.0,0.0,0.8170433922875839,894.1504237882258,False,settled
b,yellow_ramp,ramp,0.0,2.0,0.0,0.8081405523101683,902.4316388102825,False,settled
b,yellow_ramp,ramp,0.0,2.0,0.0,0.2467732021334538,1103.0809311919331,False,settled
b,yellow_ramp,ramp,0.0,2.0,0.0,0.2523328916061607,1099.5467779472694,False,settled
b,yellow_ramp,ramp,0.0,2.0,0.0,0.4441387902864906,1026.6691162169084,False,settled
b,yellow_ramp,ramp,0.0,2.0,0.0,0.22802687713817482,1102.9641280400426,False,settled
b,yellow_ramp,ramp,0.0,2.0,0.0,0.3244912351103355,1072.5248691248876,False,settled
b,yellow_ramp,ramp,0.0,2.0,0.0,0.9694572310490158,854.3253644783605,False,settled
b,yellow_ramp,ramp,0.0,2.0,0.0,1.1086073172708053,822.1977951189563,False,settled
b,yellow_ramp,ramp,0.0,2.0,0.0,1.029024200876489,840.9708175569294,False,settled
b,yellow_ramp,ramp,0.0,2.0,0.0,1.0811138852238014,829.516336928051,False,settled
b,yellow_ramp,ramp,0.0,2.0,0.0,0.6948474447103159,937.2139068568424,False,settled
b,yellow_ramp,ramp,0.0,2.0,0.0,0.8906870702005731,877.2458051430793,False,settled
b,yellow_ramp,ramp,0.0,2.0,0.0,0.6024205178354491,966.5688370654525,False,settled
b,yellow_ramp,ramp,0.0,2.0,0.0,1.0862664558340833,828.1984911872495,False,settled
b,yellow_ramp,ramp,0.0,2.0,0.0,0.7288308697541737,923.8935878491345,False,settled
b,yellow_ramp,ramp,0.0,2.0,0.0,0.787809166730833,907.5384941398238,False,settled
b,yellow_ramp,ramp,0.0,2.0,0.0,0.46256963593662803,1019.0303628060701,False,settled
b,yellow_ramp,ramp,0.0,2.0,0.0,0.5521235606322563,983.5658218209603,False,settled
b,yellow_ramp,ramp,0.0,2.0,0.0,1.1244265682041998,818.6259378117699,False,settled
b,yellow_ramp,ramp,0.0,2.0,0.0,0.9047240036312275,868.9194545417856,False,settled
b,yellow_ramp,ramp,0.0,2.0,0.0,0.3890485821787122,1035.9800674972512,False,settled
b,yellow_ramp,ramp,0.0,2.0,0.0,1.0463895469323847,837.054910681586,False,settled
b,yellow_ramp,ramp,0.0,2.0,0.0,0.21903921345944188,1109.2217243149942,False,settled
b,yellow_ramp,ramp,0.0,2.0,0.0,0.8140319653590249,896.9282885689103,False,settled
b,yellow_ramp,ramp,0.0,2.0,0.0,0.5031967134194493,1002.1100309889479,False,settled
b,yellow_ramp,ramp,0.0,2.0,0.0,1.011378671693359,846.5311602974606,False,settled
b,yellow_ramp,ramp,0.0,2.0,0.0,0.7301990832654938,922.6939197404165,False,settled
b,yellow_ramp,ramp,0.0,2.0,0.0,0.38986426331392865,1035.768555582173,False,settled
b,yellow_ramp,ramp,0.0,2.0,0.0,1.173208902163921,807.2224227057461,False,settled
b,yellow_ramp,ramp,0.0,2.0,0.0,0.3636835332454924,1052.7015569583637,False,settled
b,yellow_ramp,ramp,0.0,2.0,0.0,0.402631898444264,1033.8667258906942,False,settled
b,yellow_ramp,ramp,0.0,2.0,0.0,0.43842641408525695,1019.2052265532631,False,settled
b,yellow_ramp,ramp,0.0,2.0,0.0,0.6015741431813956,966.7853529543567,False,settled
b,yellow_ramp,ramp,0.0,2.0,0.0,1.0731866764837603,831.2593191076043,False,settled
b,yellow_ramp,ramp,0.0,2.0,0.0,0.31013799794078273,1067.1402477207416,False,settled
b,yellow_ramp,ramp,0.0,2.0,0.0,0.5137994080505127,993.7042992430949,False,settled
b,yellow_ramp,ramp,0.0,2.0,0.0,0.5722598401292615,977.322732329396,False,settled
b,yellow_ramp,ramp,0.0,2.0,0.0,0.7047888764748622,928.9411985800359,False,settled
b,yellow_ramp,ramp,0.0,2.0,0.0,0.3266944990328273,1072.2341479676118,False,settled
b,yellow_ramp,ramp,0.0,2.0,0.0,0.2459425916845358,1101.0462598537522,False,settled
b,yellow_ramp,ramp,0.0,2.0,0.0,1.0908536882200066,827.5336803535546,False,settled
b,yellow_ramp,ramp,0.0,2.0,0.0,0.6957791433265378,936.4040137258107,False,settled
b,yellow_ramp,ramp,0.0,2.0,0.0,0.34526835583580406,1053.333828723869,False,settled
b,yellow_ramp,ramp,0.0,2.0,0.0,0.43900312479709774,1018.758174341027,False,settled
b,yellow_ramp,ramp,0.0,2.0,0.0,0.6743197897498964,939.5067998435737,False,settled
b,yellow_ramp,ramp,0.0,2.0,0.0,0.23925397923356523,1107.5644865829258,False,settled
b,yellow_ramp,ramp,0.0,2.0,0.0,0.34886145202381896,1064.1301376773654,False,settled
b,yellow_ramp,ramp,0.0,2.0,0.0,0.5831260410541034,968.8508714860151,False,settled
b,yellow_ramp,ramp,0.0,2.0,0.0,0.26509912593857804,1085.738979041898,False,settled
b,yellow_ramp,ramp,0.0,2.0,0.0,0.2501553836684546,1095.5975213166341,False,settled
b,yellow_ramp,ramp,0.0,2.0,0.0,0.4598085560649807,1019.5491275405151,False,settled
b,yellow_ramp,ramp,0.0,2.0,0.0,1.1314124475067215,816.5382334161395,False,settled
b,yellow_ramp,ramp,0.0,2.0,0.0,0.4520599812562118,1021.0023918295559,False,settled
b,yellow_ramp,ramp,0.0,2.0,0.0,1.1501521997233282,812.4161761264604,False,settled
b,yellow_ramp,ramp,0.0,2.0,0.0,0.5997006376034438,967.2646246987863,False,settled
b,yellow_ramp,ramp,0.0,2.0,0.0,0.6868514325082482,935.8393298674182,False,settled
b,yellow_ramp,ramp,0.0,2.0,0.0,1.1887134742803953,802.2255863583856,False,settled
b,yellow_ramp,ramp,0.0,2.0,0.0,0.5432905819255137,980.628572802991,False,settled
b,yellow_ramp,ramp,0.0,2.0,0.0,0.7788182906096319,908.68430875349,False,settled
b,yellow_ramp,ramp,0.0,2.0,0.0,0.5693715410900023,979.7075464275633,False,settled
b,yellow_ramp,ramp,0.0,2.0,0.0,0.382903778271806,1037.826156403453,False,settled
b,yellow_ramp,ramp,0.0,2.0,0.0,1.1887803646580815,803.3934193640373,False,settled
b,yellow_ramp,ramp,0.0,2.0,0.0,1.1839765982183563,804.5720250699852,False,settled
b,yellow_ramp,ramp,0.0,2.0,0.0,0.9164360162417956,867.7170636379562,False,settled
b,yellow_ramp,ramp,0.0,2.0,0.0,0.2682984054557481,1086.7023260804933,False,settled
b,yellow_ramp,ramp,0.0,2.0,0.0,0.7459211625946757,916.7475295814961,False,settled
b,yellow_ramp,ramp,0.0,2.0,0.0,0.3104306334651628,1066.92136645307,False,settled
b,yellow_ramp,ramp,0.0,2.0,0.0,0.35500733394471623,1059.2553158807366,False,settled
b,yellow_ramp,ramp,0.0,2.0,0.0,0.9098756944995693,869.1101749480789,False,settled
b,yellow_ramp,ramp,0.0,2.0,0.0,0.6768444309595428,938.7656808433702,False,settled
b,yellow_ramp,ramp,0.0,2.0,0.0,0.5199115101444323,989.1761002112776,False,settled
b,yellow_ramp,ramp,0.0,2.0,0.0,0.8749904113962813,881.510173083567,False,settled
b,yellow_ramp,ramp,0.0,2.0,0.0,0.654501422194724,946.6460560290449,False,settled
b,yellow_ramp,ramp,0.0,2.0,0.0,0.3725263521079542,1045.7953574929904,False,settled
b,yellow_ramp,ramp,0.0,2.0,0.0,0.7192462619974177,924.4743269754532,False,settled
b,yellow_ramp,ramp,0.0,2.0,0.0,0.7418686553327287,920.2795793481939,False,settled
b,yellow_ramp,ramp,0.0,2.0,0.0,0.6204845257993964,956.8096069512525,False,settled
b,yellow_ramp,ramp,0.0,2.0,0.0,1.1778549879810543,806.0322824116699,False,settled
b,yellow_ramp,ramp,0.0,2.0,0.0,0.9466063796552919,860.3181818855403,False,settled
b,yellow_ramp,ramp,0.0,2.0,0.0,0.7291610758691637,923.6040984057355,False,settled
b,yellow_ramp,ramp,0.0,2.0,0.0,0.2873909164734346,1077.3226137340523,False,settled
b,yellow_ramp,ramp,0.0,2.0,0.0,1.188496067756377,802.9148078035216,False,settled
b,yellow_ramp,ramp,0.0,2.0,0.0,0.9297941305470544,864.2688062062394,False,settled
b,yellow_ramp,ramp,0.0,2.0,0.0,1.210613470322537,796.9682005558055,False,settled
b,yellow_ramp,ramp,0.0,2.0,0.0,0.6078370572953442,965.1903231775677,False,settled
b,yellow_ramp,ramp,0.0,2.0,0.0,0.9482374234433162,858.7845782296289,False,settled
b,yellow_ramp,ramp,0.0,2.0,0.0,1.1879936119911683,803.7120550993476,False,settled
b,yellow_ramp,ramp,0.0,2.0,0.0,0.9497915717724844,857.1033089571737,False,settled
b,yellow_ramp,ramp,0.0,2.0,0.0,0.9138237610449751,870.1436100646072,False,settled
b,yellow_ramp,ramp,0.0,2.0,0.0,0.7757177729801692,911.5187901135033,False,settled
b,yellow_ramp,ramp,0.0,2.0,0.0,0.972904696060755,850.4361319620515,False,settled
b,yellow_ramp,ramp,0.0,2.0,0.0,0.3337282254492555,1057.5449524669657,False,settled
b,yellow_ramp,ramp,0.0,2.0,0.0,0.7503650095482702,920.4018479093821,False,settled
b,yellow_ramp,ramp,0.0,2.0,0.0,1.1947007330816115,802.0058132851701,False,settled
b,yellow_ramp,ramp,0.0,2.0,0.0,1.1873654654033357,803.4722424036561,False,settled
b,yellow_ramp,ramp,0.0,2.0,0.0,1.0226233402740064,843.261914675345,False,settled
b,yellow_ramp,ramp,0.0,2.0,0.0,1.2075834705248185,798.3545756891175,False,settled
b,yellow_ramp,ramp,0.0,2.0,0.0,0.7965804405589034,899.6312927386601,False,settled
b,yellow_ramp,ramp,0.0,2.0,0.0,1.0283389040732263,841.4768545913295,False,settled
b,yellow_ramp,ramp,0.0,2.0,0.0,1.0434190030722956,838.682701524959,False,settled
b,yellow_ramp,ramp,0.0,2.0,0.0,0.9043188248330638,869.2328079899464,False,settled
b,yellow_ramp,ramp,0.0,2.0,0.0,0.4103491723052126,1028.6594166634245,False,settled
b,yellow_ramp,ramp,0.0,2.0,0.0,0.3639180636529708,1052.518103072232,False,settled
b,yellow_ramp,ramp,0.0,2.0,0.0,0.6268656027735949,960.5642688709682,False,settled
b,yellow_ramp,ramp,0.0,2.0,0.0,0.43242197507357594,1023.8005421648141,False,settled
b,yellow_ramp,ramp,0.0,2.0,0.0,0.4329871985583091,1023.3537646103696,False,settled
b,yellow_ramp,ramp,0.0,2.0,0.0,0.7857996957711386,909.388813868439,False,settled
b,yellow_ramp,ramp,0.0,2.0,0.0,1.0653818945088775,832.2165116791813,False,settled
b,yellow_ramp,ramp,0.0,2.0,0.0,0.34725395803723647,1051.8993992537712,False,settled
b,yellow_ramp,ramp,0.0,2.0,0.0,0.6684848638423723,943.771097412148,False,settled
b,yellow_ramp,ramp,0.0,2.0,0.0,0.43823572399320365,1019.3528210926805,False,settled
b,yellow_ramp,ramp,0.0,2.0,0.0,0.36432313565781027,1052.2011860625184,False,settled
b,yellow_ramp,ramp,0.0,2.0,0.0,0.8423001382510248,890.606073762623,False,settled
b,yellow_ramp,ramp,0.0,2.0,0.0,0.7320199306966755,921.0977354777873,False,settled
b,yellow_ramp,ramp,0.0,2.0,0.0,1.1817313711338153,804.4727326462801,False,settled
b,yellow_ramp,ramp,0.0,2.0,0.0,0.6481577409576407,951.7007210379701,False,settled
b,yellow_ramp,ramp,0.0,2.0,0.0,0.5215919204447773,987.9558421787274,False,settled
b,yellow_ramp,ramp,0.0,2.0,0.0,0.4458540154345506,1025.553765344725,False,settled
b,yellow_ramp,ramp,0.0,2.0,0.0,0.8895668576008491,873.1018362462471,False,settled
b,yellow_ramp,ramp,0.0,2.0,0.0,0.5560934124973842,980.3182950320439,False,settled
b,yellow_ramp,ramp,0.0,2.0,0.0,0.65977432731421,942.3134970068044,False,settled
b,yellow_ramp,ramp,0.0,2.0,0.0,0.5677733686389119,981.0271644870415,False,settled
b,yellow_ramp,ramp,0.0,2.0,0.0,0.9269107872898232,867.0554767880784,False,settled
b,yellow_ramp,ramp,0.0,2.0,0.0,0.6546676087126999,946.505732619822,False,settled
b,yellow_ramp,ramp,0.0,2.0,0.0,1.0593990109011735,833.6464201729076,False,settled
b,yellow_ramp,ramp,0.0,2.0,0.0,0.48797253437452326,1003.0070815707136,False,settled
b,yellow_ramp,ramp,0.0,2.0,0.0,0.23142113349129353,1106.122318383687,False,settled
b,yellow_ramp,ramp,0.0,2.0,0.0,0.23209876147898736,1111.685542473963,False,settled
b,yellow_ramp,ramp,0.0,2.0,0.0,1.1167367567460544,819.8451305201875,False,settled
b,yellow_ramp,ramp,0.0,2.0,0.0,1.1570554057631801,809.9275535934411,False,settled
b,yellow_ramp,ramp,0.0,2.0,0.0,0.5578037648680347,978.9193965062116,False,settled
b,yellow_ramp,ramp,0.0,2.0,0.0,0.6493174017727324,950.7211038882546,False,settled
b,yellow_ramp,ramp,0.0,2.0,0.0,0.2785581606746768,1083.9588073918565,False,settled
b,yellow_ramp,ramp,0.0,2.0,0.0,1.00728730444535,847.2474430935591,False,settled
b,yellow_ramp,ramp,0.0,2.0,0.0,0.24375814535734827,1108.7903130756185,False,settled
b,yellow_ramp,ramp,0.0,2.0,0.0,0.697435182784888,935.2153331577423,False,settled
b,yellow_ramp,ramp,0.0,2.0,0.0,0.6449984311048029,954.3903024388626,False,settled
b,yellow_ramp,ramp,0.0,2.0,0.0,0.3225752421483202,1072.7772764316662,False,settled
b,yellow_ramp,ramp,0.0,2.0,0.0,0.2678894213919859,1085.871435191929,False,settled
b,yellow_ramp,ramp,0.0,2.0,0.0,0.8694457061733647,881.1080612440041,False,settled
b,yellow_ramp,ramp,0.0,2.0,0.0,1.2099230942860164,795.9952538050018,False,settled
b,yellow_ramp,ramp,0.0,2.0,0.0,0.7988448871048395,904.2875615988382,False,settled
b,yellow_ramp,ramp,0.0,2.0,0.0,0.4829066227620456,1007.0747157336418,False,settled
b,yellow_ramp,ramp,0.0,2.0,0.0,0.5330011543976014,985.3776997695377,False,settled
b,yellow_ramp,ramp,0.0,2.0,0.0,0.9626288182208833,852.6680228786303,False,settled
b,yellow_ramp,ramp,0.0,2.0,0.0,1.1055034939622161,823.6576881830205,False,settled
b,yellow_ramp,ramp,0.0,2.0,0.0,0.5992619878136617,967.3768381632627,False,settled
b,yellow_ramp,ramp,0.0,2.0,0.0,0.22391253337406938,1109.9947234973938,False,settled
b,yellow_ramp,ramp,0.0,2.0,0.0,0.7384525604409902,923.2484731190088,False,settled
b,yellow_ramp,ramp,0.0,2.0,0.0,1.0425168700902614,837.392290689556,False,settled
b,yellow_ramp,ramp,0.0,2.0,0.0,1.1442184073692332,814.0097483847346,False,settled
b,yellow_ramp,ramp,0.0,2.0,0.0,0.7444655248731226,918.0179081150892,False,settled
b,yellow_ramp,ramp,0.0,2.0,0.0,0.9155915148915147,868.3278552009613,False,settled
b,yellow_ramp,ramp,0.0,2.0,0.0,0.6557866643399721,945.5608234029621,False,settled
b,yellow_ramp,ramp,0.0,2.0,0.0,0.5481248335474133,986.8494507661317,False,settled
b,yellow_ramp,ramp,0.0,2.0,0.0,0.6308001174962101,957.2411669435776,False,settled
b,yellow_ramp,ramp,0.0,2.0,0.0,1.1453512238301056,814.2794411202991,False,settled
b,yellow_ramp,ramp,0.0,2.0,0.0,0.4389660362621966,1018.7869274256061,False,settled
b,yellow_ramp,ramp,0.0,2.0,0.0,0.3235589117990737,1072.6476753787013,False,settled
b,yellow_ramp,ramp,0.0,2.0,0.0,0.7272614179099472,925.272353557579,False,settled
b,yellow_ramp,ramp,0.0,2.0,0.0,1.2139568959997542,795.0997890312335,False,settled
b,yellow_ramp,ramp,0.0,2.0,0.0,1.166080396468287,808.463496890195,False,settled
b,yellow_ramp,ramp,0.0,2.0,0.0,0.7906614850721342,904.912507899262,False,settled
b,yellow_ramp,ramp,0.0,2.0,0.0,0.980506367156202,850.8549754880111,False,settled
b,yellow_ramp,ramp,0.0,2.0,0.0,0.719337116415431,924.3952991955881,False,settled
b,yellow_ramp,ramp,0.0,2.0,0.0,0.51987126606348,989.2077592339967,False,settled
b,yellow_ramp,ramp,0.0,2.0,0.0,0.763221008139113,913.4777186890086,False,settled
b,yellow_ramp,ramp,0.0,2.0,0.0,0.9903848109094199,848.2568679378114,False,settled
b,yellow_ramp,ramp,0.0,2.0,0.0,0.8330371306469505,892.3509060640309,False,settled
b,yellow_ramp,ramp,0.0,2.0,0.0,0.2390017710445387,1106.4273136286197,False,settled
b,yellow_ramp,ramp,0.0,2.0,0.0,0.8856212884656174,876.6688890716389,False,settled
b,yellow_ramp,ramp,0.0,2.0,0.0,1.1657223239167984,808.7748813915995,False,settled
b,yellow_ramp,ramp,0.0,2.0,0.0,0.8864240607371543,875.8641126205481,False,settled
b,yellow_ramp,ramp,0.0,2.0,0.0,0.7008773092263088,932.2267832825106,False,settled
b,yellow_ramp,ramp,0.0,2.0,0.0,0.9867725277741078,848.064682824584,False,settled
b,yellow_ramp,ramp,0.0,2.0,0.0,0.8466360307130065,888.769654025258,False,settled
b,yellow_ramp,ramp,0.0,2.0,0.0,0.7881135631108845,907.2582590591678,False,settled
b,yellow_ramp,ramp,0.0,2.0,0.0,0.4289997434503105,1026.5144828370903,False,settled
b,yellow_ramp,ramp,0.0,2.0,0.0,0.8015672167558291,901.7636748763425,False,settled
b,yellow_ramp,ramp,0.0,2.0,0.0,0.5130151862424944,994.3227264698205,False,settled
b,yellow_ramp,ramp,0.0,2.0,0.0,0.43045030195106393,1025.3591981824568,False,settled
b,yellow_ramp,ramp,0.0,2.0,0.0,0.6382711601221103,951.2251533008608,False,settled
b,yellow_ramp,ramp,0.0,2.0,0.0,1.1444940915514845,813.3943819466457,False,settled
b,yellow_ramp,ramp,0.0,2.0,0.0,0.5488316130930304,986.2665849142496,False,settled
b,yellow_ramp,ramp,0.0,2.0,0.0,0.27221039943370606,1084.4203329640934,False,settled
b,yellow_ramp,ramp,0.0,2.0,0.0,0.5486816131412603,986.3902869580835,False,settled
b,yellow_ramp,ramp,0.0,2.0,0.0,0.6549768658435856,946.2446033299308,False,settled
b,yellow_ramp,ramp,0.0,2.0,0.0,1.0075419194594961,846.9389847169434,False,settled
b,yellow_ramp,ramp,0.0,2.0,0.0,0.33924913795527506,1056.8729395194227,False,settled
b,yellow_ramp,ramp,0.0,2.0,0.0,0.6333436195642269,955.0988597292393,False,settled
b,yellow_ramp,ramp,0.0,2.0,0.0,0.3536367582915424,1060.3390008060762,False,settled
b,yellow_ramp,ramp,0.0,2.0,0.0,0.7493736021385821,913.8609421649218,False,settled
b,yellow_ramp,ramp,0.0,2.0,0.0,0.6357962654076583,953.3004370899905,False,settled
b,yellow_ramp,ramp,0.0,2.0,0.0,0.46051013938027535,1019.4173112520027,False,settled
b,yellow_ramp,ramp,0.0,2.0,0.0,0.7538195517831399,917.3226165731212,False,settled
b,yellow_ramp,ramp,0.0,2.0,0.0,0.4108052025529904,1028.3075936583073,False,settled
b,yellow_ramp,ramp,0.0,2.0,0.0,0.5202786584210158,988.8920557105431,False,settled
b,yellow_ramp,ramp,0.0,2.0,0.0,0.30302763070759664,1072.4673248739568,False,settled
b,yellow_ramp,ramp,0.0,2.0,0.0,0.4495038125842318,1022.6596180900235,False,settled
b,yellow_ramp,ramp,0.0,2.0,0.0,0.933425816224452,861.2345305334476,False,settled
b,yellow_ramp,ramp,0.0,2.0,0.0,0.5975666673253265,967.8107605076405,False,settled
b,yellow_ramp,ramp,0.0,2.0,0.0,0.3255904785811531,1072.37988686083,False,settled
b,yellow_ramp,ramp,0.0,2.0,0.0,0.5114315795585432,995.5746290940332,False,settled
b,yellow_ramp,ramp,0.0,2.0,0.0,1.0864455560117767,827.9062745968878,False,settled
b,yellow_ramp,ramp,0.0,2.0,0.0,0.2812838652873016,1087.8059850562984,False,settled
b,yellow_ramp,ramp,0.0,2.0,0.0,0.6160388212377548,960.2504095820657,False,settled
b,yellow_ramp,ramp,0.0,2.0,0.0,0.5685508785339024,980.3851857428482,False,settled
b,yellow_ramp,ramp,0.0,2.0,0.0,0.6654858334055428,946.0385283849389,False,settled
b,yellow_ramp,ramp,0.0,2.0,0.0,0.8344892520928954,890.9854872936012,False,settled
b,yellow_ramp,ramp,0.0,2.0,0.0,0.33040589728978853,1071.7450790618566,False,settled
b,yellow_ramp,ramp,0.0,2.0,0.0,0.5476552545733466,987.2367003172988,False,settled
b,yellow_ramp,ramp,0.0,2.0,0.0,0.31493362267310393,1077.641863652717,False,settled
b,yellow_ramp,ramp,0.0,2.0,0.0,0.5332562975231254,985.3244631171242,False,settled
b,yellow_ramp,ramp,0.0,2.0,0.0,0.7856578332814228,909.5194399867452,False,settled
b,yellow_ramp,ramp,0.0,2.0,0.0,0.8439763684543611,889.8918603514718,False,settled
b,yellow_ramp,ramp,0.0,2.0,0.0,0.841254972702774,891.0514233605475,False,settled
b,yellow_ramp,ramp,0.0,2.0,0.0,0.4459507951760756,1025.477011707555,False,settled
b,yellow_ramp,ramp,0.0,2.0,0.0,1.0165429445484977,844.2754534400312,False,settled
b,yellow_ramp,ramp,0.0,2.0,0.0,1.1954969364637371,801.3272576254368,False,settled
b,yellow_ramp,ramp,0.0,2.0,0.0,0.5281353273762153,986.3970558437761,False,settled
b,yellow_ramp,ramp,0.0,2.0,0.0,0.5207074709501045,988.6481388061803,False,settled
b,yellow_ramp,ramp,0.0,2.0,0.0,0.31968112388761116,1074.1393514284293,False,settled
b,yellow_ramp,ramp,0.0,2.0,0.0,0.4189962391349744,1034.494685464073,False,settled
b,yellow_ramp,ramp,0.0,2.0,0.0,0.6708020351543279,941.8145394326311,False,settled
b,yellow_ramp,ramp,0.0,2.0,0.0,0.5459485709806678,988.64414362228,False,settled
b,yellow_ramp,ramp,0.0,2.0,0.0,0.7775061228761951,909.8838196199712,False,settled
b,yellow_ramp,ramp,0.0,2.0,0.0,0.5369821912611804,984.6243686310539,False,settled
b,yellow_ramp,ramp,0.0,2.0,0.0,0.37724764919990017,1042.2223571477296,False,settled
b,yellow_ramp,ramp,0.0,2.0,0.0,0.5322448943413391,985.5354963103908,False,settled
b,yellow_ramp,ramp,0.0,2.0,0.0,1.1208664849758652,819.1860788004926,False,settled
b,yellow_ramp,ramp,0.0,2.0,0.0,0.8375927567606972,888.0914230254282,False,settled
b,yellow_ramp,ramp,0.0,2.0,0.0,1.1601758788309613,810.148495813462,False,settled
b,yellow_ramp,ramp,0.0,2.0,0.0,1.1848171918229007,804.250888459565,False,settled
b,yellow_ramp,ramp,0.0,2.0,0.0,0.2896688422362524,1076.5540400781174,False,settled
b,yellow_ramp,ramp,0.0,2.0,0.0,0.9884617362736838,846.1258451612318,False,settled
b,yellow_ramp,ramp,0.0,2.0,0.0,1.205367143035164,798.9574826460195,False,settled
b,yellow_ramp,ramp,0.0,2.0,0.0,0.8260762702897615,892.4885417366874,False,settled
b,yellow_ramp,ramp,0.0,2.0,0.0,0.2864703903208388,1078.3056639116064,False,settled
b,yellow_ramp,ramp,0.0,2.0,0.0,0.9815970361355154,849.5917654254943,False,settled
b,yellow_ramp,ramp,0.0,2.0,0.0,0.6269563496961083,960.487533023691,False,settled
b,yellow_ramp,ramp,0.0,2.0,0.0,0.38350950726240957,1050.2781603944934,False,settled
b,yellow_ramp,ramp,0.0,2.0,0.0,1.1947334589243166,801.8853819921349,False,settled
b,yellow_ramp,ramp,0.0,2.0,0.0,0.9349343752520316,860.5473498208415,False,settled
b,yellow_ramp,ramp,0.0,2.0,0.0,0.9251466681770242,863.9706888098088,False,settled
b,yellow_ramp,ramp,0.0,2.0,0.0,1.0149974030279099,844.6359320687391,False,settled
b,yellow_ramp,ramp,0.0,2.0,0.0,0.5136458593316383,993.8255564034288,False,settled
b,yellow_ramp,ramp,0.0,2.0,0.0,0.2746117704339765,1088.7725990915299,False,settled
b,yellow_ramp,ramp,0.0,2.0,0.0,0.24160123723760976,1102.1227761057603,False,settled
b,yellow_ramp,ramp,0.0,2.0,0.0,0.6833493801671409,936.8564812485297,False,settled
b,yellow_ramp,ramp,0.0,2.0,0.0,0.7908474772297838,904.7412841902416,False,settled
b,yellow_ramp,ramp,0.0,2.0,0.0,0.39141770113414615,1035.5328939027884,False,settled
b,yellow_ramp,ramp,0.0,2.0,0.0,0.4621495857469853,1019.1092841606783,False,settled
b,yellow_ramp,ramp,0.0,2.0,0.0,0.7137481038253558,929.168029618464,False,settled
b,yellow_ramp,ramp,0.0,2.0,0.0,1.1033895296668863,824.0799042181436,False,settled
b,yellow_ramp,ramp,0.0,2.0,0.0,0.7852701322994987,902.9622987279996,False,settled
b,yellow_ramp,ramp,0.0,2.0,0.0,0.5771774252151167,973.27305139545,False,settled
b,yellow_ramp,ramp,0.0,2.0,0.0,1.0559798273989864,832.7963896397196,False,settled
b,yellow_ramp,ramp,0.0,2.0,0.0,0.8726758980134112,878.2196888340588,False,settled
b,yellow_ramp,ramp,0.0,2.0,0.0,1.0300500526276175,842.8450373883157,False,settled
b,yellow_ramp,ramp,0.0,2.0,0.0,0.7917188731589674,903.9390728233129,False,settled
b,yellow_ramp,ramp,0.0,2.0,0.0,0.8928878396975732,875.0082382128321,False,settled
b,yellow_ramp,ramp,0.0,2.0,0.0,0.9788732810405953,848.276242154786,False,settled
b,yellow_ramp,ramp,0.0,2.0,0.0,1.0454927267846423,837.2324916815804,False,settled
b,yellow_ramp,ramp,0.0,2.0,0.0,1.0646520223469431,833.2716646523911,False,settled
b,yellow_ramp,ramp,0.0,2.0,0.0,0.7574161482086712,915.5096968587096,False,settled
b,yellow_ramp,ramp,0.0,2.0,0.0,1.1617911336075148,808.1410775174859,False,settled
b,yellow_ramp,ramp,0.0,2.0,0.0,0.44723214887300017,1024.4607326930009,False,settled
b,yellow_ramp,ramp,0.0,2.0,0.0,0.45831438049053147,1019.8301003235699,False,settled
b,yellow_ramp,ramp,0.0,2.0,0.0,0.3032663307431073,1072.2980304715547,False,settled
b,yellow_ramp,ramp,0.0,2.0,0.0,0.3232290310553287,1072.6911292159664,False,settled
b,yellow_ramp,ramp,0.0,2.0,0.0,0.39517937764444416,1035.0447489702412,False,settled
b,yellow_ramp,ramp,0.0,2.0,0.0,0.809855582835108,900.8266054135032,False,settled
b,yellow_ramp,ramp,0.0,2.0,0.0,1.1808873348771707,804.6735049321103,False,settled
b,yellow_ramp,ramp,0.0,2.0,0.0,0.5583423181472263,978.4789093094513,False,settled
b,yellow_ramp,ramp,0.0,2.0,0.0,0.44690370993349277,1024.721163780207,False,settled
b,yellow_ramp,ramp,0.0,2.0,0.0,0.6056758672276653,965.7360725218934,False,settled
b,yellow_ramp,ramp,0.0,2.0,0.0,0.32846496375005624,1072.0008059934112,False,settled
b,yellow_ramp,ramp,0.0,2.0,0.0,0.37902054721060796,1040.773302919576,False,settled
b,yellow_ramp,ramp,0.0,2.0,0.0,0.908497027126676,870.1279134228313,False,settled
b,yellow_ramp,ramp,0.0,2.0,0.0,0.5319172159294813,985.6038675657944,False,settled
b,yellow_ramp,ramp,0.0,2.0,0.0,0.7396815288575852,922.1802278945738,False,settled
b,yellow_ramp,ramp,0.0,2.0,0.0,0.5978565838289758,967.736583070977,False,settled
b,yellow_ramp,ramp,0.0,2.0,0.0,0.27283795937811545,1085.1905484901336,False,settled
b,yellow_ramp,ramp,0.0,2.0,0.0,0.8837235710257243,878.5712848139191,False,settled
b,yellow_ramp,ramp,0.0,2.0,0.0,1.0161008179336826,844.7408436747287,False,settled
b,yellow_ramp,ramp,0.0,2.0,0.0,0.6359603345698628,953.1628675373883,False,settled
b,yellow_ramp,ramp,0.0,2.0,0.0,1.114470955931319,819.3124395426298,False,settled
b,yellow_ramp,ramp,0.0,2.0,0.0,0.9496153535221546,857.2947574541977,False,settled
b,yellow_ramp,ramp,0.0,2.0,0.0,0.9611806216972633,854.2145502170919,False,settled
b,yellow_ramp,ramp,0.0,2.0,0.0,0.5454305274010448,989.0715859144848,False,settled
b,yellow_ramp,ramp,0.0,2.0,0.0,0.3915109566459417,1035.5190802121335,False,settled
b,yellow_ramp,ramp,0.0,2.0,0.0,0.5010229805002834,1003.8749494003679,False,settled
b,yellow_ramp,ramp,0.0,2.0,0.0,0.7878187548013557,907.529667149658,False,settled
b,yellow_ramp,ramp,0.0,2.0,0.0,0.5313703755337046,985.7180628476759,False,settled
b,yellow_ramp,ramp,0.0,2.0,0.0,0.48542080776643043,1005.0534721632961,False,settled
b,yellow_ramp,ramp,0.0,2.0,0.0,0.46240701958009806,1019.0609160816296,False,settled
b,yellow_ramp,ramp,0.0,2.0,0.0,0.4526390121330954,1020.8966866180949,False,settled
b,yellow_ramp,ramp,0.0,2.0,0.0,0.2667009106833367,1097.8836142033783,False,settled
b,yellow_ramp,ramp,0.0,2.0,0.0,0.46826130244788167,1006.490989245417,False,settled
b,yellow_ramp,ramp,0.0,2.0,0.0,1.0277361038904715,842.2399269960711,False,settled
b,yellow_ramp,ramp,0.0,2.0,0.0,0.721461957737451,922.4840718886359,False,settled
b,yellow_ramp,ramp,0.0,2.0,0.0,0.6219238216076646,955.7049985831021,False,settled
b,yellow_ramp,ramp,0.0,2.0,0.0,0.4305906326193204,1025.2479450430155,False,settled
b,yellow_ramp,ramp,0.0,2.0,0.0,0.9159289077603261,867.9803391957856,False,settled
b,yellow_ramp,ramp,0.0,2.0,0.0,0.5011004909880086,1003.8120196604817,False,settled
b,yellow_ramp,ramp,0.0,2.0,0.0,1.0245424232615346,842.2430377692228,False,settled
b,yellow_ramp,ramp,0.0,2.0,0.0,0.9894548954017683,849.3534572413356,False,settled
b,yellow_ramp,ramp,0.0,2.0,0.0,1.0055384751714551,847.8708415896142,False,settled
b,yellow_ramp,ramp,0.0,2.0,0.0,0.3770669485169792,1042.3625611892883,False,settled
b,yellow_ramp,ramp,0.0,2.0,0.0,0.5693382205716014,979.7350602172166,False,settled
b,yellow_ramp,ramp,0.0,2.0,0.0,0.7908789582363811,904.7123028123285,False,settled
b,yellow_ramp,ramp,0.0,2.0,0.0,0.8226123450774914,895.5860217093034,False,settled
b,yellow_ramp,ramp,0.0,2.0,0.0,0.819189977017932,898.719878783165,False,settled
b,yellow_ramp,ramp,0.0,2.0,0.0,0.5533976052579205,982.5234411283326,False,settled
b,yellow_ramp,ramp,0.0,2.0,0.0,0.5020662398965839,1003.0277733523551,False,settled
b,yellow_ramp,ramp,0.0,2.0,0.0,0.5616893088327007,976.1162666879674,False,settled
b,yellow_ramp,ramp,0.0,2.0,0.0,1.0011381964479118,844.1680809496827,False,settled
b,yellow_ramp,ramp,0.0,2.0,0.0,0.2428838111367001,1105.1849506946132,False,settled
b,yellow_ramp,ramp,0.0,2.0,0.0,1.1817055073540734,804.5526468995572,False,settled
b,yellow_ramp,ramp,0.0,2.0,0.0,0.2872395895746098,1077.7203606678493,False,settled
b,yellow_ramp,ramp,0.0,2.0,0.0,0.9204576714500491,868.5969913479939,False,settled
b,yellow_ramp,ramp,0.0,2.0,0.0,1.0484631949719274,836.8245338078111,False,settled
b,yellow_ramp,ramp,0.0,2.0,0.0,0.7125634543578511,930.2072436337013,False,settled
b,yellow_ramp,ramp,0.0,2.0,0.0,0.7723159486375887,907.4239947167916,False,settled
b,yellow_ramp,ramp,0.0,2.0,0.0,1.0137303471676868,846.2614648127894,False,settled
b,yellow_ramp,ramp,0.0,2.0,0.0,0.3928403275442075,1035.3179649592266,False,settled
b,yellow_ramp,ramp,0.0,2.0,0.0,0.8824911215409542,879.8083370521643,False,settled
b,yellow_ramp,ramp,0.0,2.0,0.0,0.9928773704402946,845.3356653137722,False,settled
b,yellow_ramp,ramp,0.0,2.0,0.0,1.00486099338153,844.0222076698067,False,settled
b,yellow_ramp,ramp,0.0,2.0,0.0,1.205046337173368,798.5153789302319,False,settled
b,yellow_ramp,ramp,0.0,2.0,0.0,0.8230919692381019,895.1452345859406,False,settled
b,yellow_ramp,ramp,0.0,2.0,0.0,0.9504258709739802,856.4232089118906,False,settled
b,yellow_ramp,ramp,0.0,2.0,0.0,1.1822408105877993,805.2802447098907,False,settled
b,yellow_ramp,ramp,0.0,2.0,0.0,0.5191717321525878,989.7583776103921,False,settled
b,yellow_ramp,ramp,0.0,2.0,0.0,0.8279398688148337,890.6992942092215,False,settled
b,yellow_ramp,ramp,0.0,2.0,0.0,0.5781145360433145,972.5056729137373,False,settled
b,yellow_ramp,ramp,0.0,2.0,0.0,0.24839888099373392,1092.6883760915914,False,settled
b,yellow_ramp,ramp,0.0,2.0,0.0,0.7537228825326314,917.4087808698578,False,settled
b,yellow_ramp,ramp,0.0,2.0,0.0,1.0146583864993155,845.0697519339976,False,settled
b,yellow_ramp,ramp,0.0,2.0,0.0,0.7619282365423241,913.9301066838772,False,settled
b,yellow_ramp,ramp,0.0,2.0,0.0,0.7863280051261498,908.90233849839,False,settled
b,yellow_ramp,ramp,0.0,2.0,0.0,0.9878881315387477,846.7838384675902,False,settled
b,yellow_ramp,ramp,0.0,2.0,0.0,1.0695113726912742,832.0842574303676,False,settled
b,yellow_ramp,ramp,0.0,2.0,0.0,1.1521827988523166,810.8677676275347,False,settled
b,yellow_ramp,ramp,0.0,2.0,0.0,0.46762387452136633,1006.6120960115838,False,settled
b,yellow_ramp,ramp,0.0,2.0,0.0,0.7849389215054252,903.1658566851141,False,settled
b,yellow_ramp,ramp,0.0,2.0,0.0,1.1909503928055807,801.6343150425093,False,settled
b,yellow_ramp,ramp,0.0,2.0,0.0,0.6955044959826051,936.642756049182,False,settled
b,yellow_ramp,ramp,0.0,2.0,0.0,0.6617875263681738,949.2103085507073,False,settled
b,yellow_ramp,ramp,0.0,2.0,0.0,0.4914561994842823,1000.2287545250607,False,settled
b,yellow_ramp,ramp,0.0,2.0,0.0,0.7193170178657982,924.4127813254979,False,settled
b,yellow_ramp,ramp,0.0,2.0,0.0,0.5477580659066031,987.1519146321291,False,settled
b,yellow_ramp,ramp,0.0,2.0,0.0,0.35908674076522223,1056.2905833381287,False,settled
b,yellow_ramp,ramp,0.0,2.0,0.0,0.9368628628819905,864.2321920818587,False,settled
b,yellow_ramp,ramp,0.0,2.0,0.0,0.7966567088796692,899.5682569422128,False,settled
b,yellow_ramp,ramp,0.0,2.0,0.0,0.499789440298813,1004.8765218704759,False,settled
b,yellow_ramp,ramp,0.0,2.0,0.0,1.033076250413802,840.5768407781442,False,settled
b,yellow_ramp,ramp,0.0,2.0,0.0,1.1217742232828605,819.5852039933251,False,settled
b,yellow_ramp,ramp,0.0,2.0,0.0,0.6347001326239918,954.2197645452081,False,settled
b,yellow_ramp,ramp,0.0,2.0,0.0,0.3314249720886248,1057.7647541728477,False,settled
b,yellow_ramp,ramp,0.0,2.0,0.0,0.5375605229735585,984.5037155198003,False,settled
b,yellow_ramp,ramp,0.0,2.0,0.0,0.9700642654278531,853.6349586410751,False,settled
b,yellow_ramp,ramp,0.0,2.0,0.0,0.8122754887802354,898.5677222005801,False,settled
b,yellow_ramp,ramp,0.0,2.0,0.0,0.5379145620232602,984.4298548166821,False,settled
b,yellow_ramp,ramp,0.0,2.0,0.0,1.1537129356082572,812.2029603027117,False,settled
b,yellow_ramp,ramp,0.0,2.0,0.0,1.1698833924095837,806.5243372532423,False,settled
b,yellow_ramp,ramp,0.0,2.0,0.0,0.6735033250685857,939.746620886241,False,settled
b,yellow_ramp,ramp,0.0,2.0,0.0,1.2211237129022823,790.8329037785385,False,settled
b,yellow_ramp,ramp,0.0,2.0,0.0,0.4128031960654091,1026.849996735859,False,settled
b,yellow_ramp,ramp,0.0,2.0,0.0,0.8035357873870395,899.938876187002,False,settled
b,yellow_ramp,ramp,0.0,2.0,0.0,0.9518778050337925,859.4331994544557,False,settled
b,yellow_ramp,ramp,0.0,2.0,0.0,0.3808988825901787,1039.3235371321884,False,settled
b,yellow_ramp,ramp,0.0,2.0,0.0,0.5956904950521985,968.2907996768495,False,settled
b,yellow_ramp,ramp,0.0,2.0,0.0,0.4675014035641599,1006.6331027926251,False,settled
b,yellow_ramp,ramp,0.0,2.0,0.0,0.43492024090369774,1021.8258311812399,False,settled
b,yellow_ramp,ramp,0.0,2.0,0.0,1.0034316391960239,845.7225752677725,False,settled
b,yellow_ramp,ramp,0.0,2.0,0.0,0.8694945751293284,881.0600736500714,False,settled
b,yellow_ramp,ramp,0.0,2.0,0.0,0.7730690570531166,906.7521922026091,False,settled
b,yellow_ramp,ramp,0.0,2.0,0.0,1.0457809819634267,836.8236458050914,False,settled
b,yellow_ramp,ramp,0.0,2.0,0.0,1.1021072064944377,823.0058032143044,False,settled
b,yellow_ramp,ramp,0.0,2.0,0.0,0.6413658412931856,948.6510960114364,False,settled
b,yellow_ramp,ramp,0.0,2.0,0.0,1.2035618538659836,799.6431019141606,False,settled
b,yellow_ramp,ramp,0.0,2.0,0.0,1.0914819301843781,826.4847926096924,False,settled
b,yellow_ramp,ramp,0.0,2.0,0.0,0.31590196054962466,1076.8788757488126,False,settled
b,yellow_ramp,ramp,0.0,2.0,0.0,1.0253426230261244,843.8659457871479,False,settled
b,yellow_ramp,ramp,0.0,2.0,0.0,1.0010039364490044,844.3286653010099,False,settled
b,yellow_ramp,ramp,0.0,2.0,0.0,0.5720793682332723,977.4717063884918,False,settled
b,yellow_ramp,ramp,0.0,2.0,0.0,0.4751893670605063,1013.2990828081037,False,settled
b,yellow_ramp,ramp,0.0,2.0,0.0,0.2791615905904286,1084.3752873380163,False,settled
b,yellow_ramp,ramp,0.0,2.0,0.0,0.9780839831378413,849.1254749556966,False,settled
b,yellow_ramp,ramp,0.0,2.0,0.0,0.6490976738646016,950.9067208230019,False,settled
b,yellow_ramp,ramp,0.0,2.0,0.0,0.6446363087632262,954.6987237648341,False,settled
b,yellow_ramp,ramp,0.0,2.0,0.0,1.1142264123183576,820.4445181940465,False,settled
b,yellow_ramp,ramp,0.0,2.0,0.0,0.6974118965119016,935.2356001260738,False,settled
b,yellow_ramp,ramp,0.0,2.0,0.0,1.1656065516351146,809.0984955283253,False,settled
b,yellow_ramp,ramp,0.0,2.0,0.0,0.5700024495259469,979.1864515043442,False,settled
b,yellow_ramp,ramp,0.0,2.0,0.0,0.4808971387692927,1008.690333413436,False,settled
b,yellow_ramp,ramp,0.0,2.0,0.0,0.7972526938855282,905.7638275912334,False,settled
b,yellow_ramp,ramp,0.0,2.0,0.0,0.8131928289076021,897.7114165321819,False,settled
b,yellow_ramp,ramp,0.0,2.0,0.0,0.5959803036657435,968.2166499741346,False,settled
b,yellow_ramp,ramp,0.0,2.0,0.0,0.925756579734752,863.3390738254047,False,settled
b,yellow_ramp,ramp,0.0,2.0,0.0,0.2342179095465953,1110.269531511055,False,settled
b,yellow_ramp,ramp,0.0,2.0,0.0,0.7251883126033588,927.1050140968003,False,settled
b,yellow_ramp,ramp,0.0,2.0,0.0,1.1706989270904842,806.729656801142,False,settled
b,yellow_ramp,ramp,0.0,2.0,0.0,0.7640829835719801,913.1760817366561,False,settled
b,yellow_ramp,ramp,0.0,2.0,0.0,0.8227836835068284,895.4284861465426,False,settled
b,yellow_ramp,ramp,0.0,2.0,0.0,0.5211576028914534,988.2993365283005,False,settled
b,yellow_ramp,ramp,0.0,2.0,0.0,0.22497864507289345,1103.4549706866685,False,settled
