trial,element,model,block_noise_sd,ramp_noise_sd,block_noise_up,ramp_noise_up,final_position_up,ramp_valid,up_stop_reason
a,black_block,ramp,0.31,0.0,0.7896990963355984,0.0,838.850262684554,False,settled
a,black_block,ramp,0.31,0.0,0.7904820015510124,0.0,843.7115266359936,False,settled
a,black_block,ramp,0.31,0.0,0.9461471231211055,0.0,842.9010465328682,False,settled
a,black_block,ramp,0.31,0.0,0.8625997419521332,0.0,838.0487329982008,False,settled
a,black_block,ramp,0.31,0.0,0.9814354081658958,0.0,837.7065231394703,False,settled
a,black_block,ramp,0.31,0.0,0.8906194643111432,0.0,838.5285098781329,False,settled
a,black_block,ramp,0.31,0.0,0.8458975075910252,0.0,838.3168292132927,False,settled
a,black_block,ramp,0.31,0.0,0.7935711406262689,0.0,843.3981759769284,False,settled
a,black_block,ramp,0.31,0.0,0.8750710468524958,0.0,842.2914575177178,False,settled
a,black_block,ramp,0.31,0.0,0.8200043070709379,0.0,843.4755910242654,False,settled
a,black_block,ramp,0.31,0.0,0.9775987851039234,0.0,838.3227402267524,False,settled
a,black_block,ramp,0.31,0.0,1.0839189738110602,0.0,841.9363895086133,False,settled
a,black_block,ramp,0.31,0.0,0.8767778627639269,0.0,838.1048889204205,False,settled
a,red_block,ramp,0.31,0.0,0.9727875411081233,0.0,838.953101072291,False,settled
a,red_block,ramp,0.31,0.0,1.0431282040789454,0.0,839.6136165147645,False,settled
a,red_block,ramp,0.31,0.0,0.9439393589053727,0.0,843.0269892418511,False,settled
b,blue_ramp,ramp,0.0,0.8,0.0,0.7683706203933831,1073.9932189242893,False,settled
b,blue_ramp,ramp,0.0,0.8,0.0,1.3124853160630232,889.4642692052522,False,settled
b,blue_ramp,ramp,0.0,0.8,0.0,0.9179573457261215,1021.9037165045345,False,settled
b,blue_ramp,ramp,0.0,0.8,0.0,0.691409647188455,1109.851682704927,False,settled
b,blue_ramp,ramp,0.0,0.8,0.0,1.5803945632262557,819.2219482898497,False,settled
b,blue_ramp,ramp,0.0,0.8,0.0,1.0761883195706992,964.9756267758117,False,settled
b,blue_ramp,ramp,0.0,0.8,0.0,1.6456331418114418,805.7620304287987,False,settled
b,blue_ramp,ramp,0.0,0.8,0.0,1.001900953067719,985.1631019063869,False,settled
b,blue_ramp,ramp,0.0,0.8,0.0,1.4671674340684682,845.9273989262123,False,settled
b,blue_ramp,ramp,0.0,0.8,0.0,1.0238227831478244,980.1306938497856,False,settled
b,blue_ramp,ramp,0.0,0.8,0.0,1.3522806531347509,877.51151444562,False,settled
b,blue_ramp,ramp,0.0,0.8,0.0,0.8034854829894762,1057.177837118913,False,settled
b,blue_ramp,ramp,0.0,0.8,0.0,0.8232481478902027,1058.6696747309277,False,settled
b,blue_ramp,ramp,0.0,0.8,0.0,1.6200965171307637,812.1471878032918,False,settled
b,blue_ramp,ramp,0.0,0.8,0.0,0.718491417237273,1098.463889698271,False,settled
b,blue_ramp,ramp,0.0,0.8,0.0,0.7202770378493693,1100.3186696309624,False,settled
b,blue_ramp,ramp,0.0,0.8,0.0,0.8321574250761424,1051.939645957837,False,settled
b,blue_ramp,ramp,0.0,0.8,0.0,1.1596510801100162,931.5852221583629,False,settled
b,blue_ramp,ramp,0.0,0.8,0.0,0.8475137899637689,1040.007052173892,False,settled
b,blue_ramp,ramp,0.0,0.8,0.0,0.9754564359009585,998.3094758114355,False,settled
b,blue_ramp,ramp,0.0,0.8,0.0,0.860592891791089,1035.2805672039724,False,settled
b,blue_ramp,ramp,0.0,0.8,0.0,0.8142744075636703,1052.2640657789452,False,settled
b,blue_ramp,ramp,0.0,0.8,0.0,1.1232157582074629,945.6206956047156,False,settled
b,blue_ramp,ramp,0.0,0.8,0.0,1.0838368887364451,960.0008564052048,False,settled
b,blue_ramp,ramp,0.0,0.8,0.0,0.8955942767647701,1027.235589281214,False,settled
b,blue_ramp,ramp,0.0,0.8,0.0,1.22885264549536,914.1315269085959,False,settled
b,blue_ramp,ramp,0.0,0.8,0.0,1.4902426547846643,843.1057329037325,False,settled
b,blue_ramp,ramp,0.0,0.8,0.0,1.1769888890498061,932.6524659960306,False,settled
b,blue_ramp,ramp,0.0,0.8,0.0,0.868800221747822,1034.0601242687571,False,settled
b,blue_ramp,ramp,0.0,0.8,0.0,0.8488851260500581,1038.9548559502466,False,settled
b,blue_ramp,ramp,0.0,0.8,0.0,1.4984053248771834,842.2014191476127,False,settled
b,blue_ramp,ramp,0.0,0.8,0.0,1.0058958394746427,984.3294490953109,False,settled
b,blue_ramp,ramp,0.0,0.8,0.0,0.8375139860771658,1047.7504157229596,False,settled
b,blue_ramp,ramp,0.0,0.8,0.0,1.4330497242006903,854.0513580313094,False,settled
b,blue_ramp,ramp,0.0,0.8,0.0,0.9355745162062233,1006.5230645981298,False,settled
b,blue_ramp,ramp,0.0,0.8,0.0,1.1001101494499659,955.7132215145807,False,settled
b,blue_ramp,ramp,0.0,0.8,0.0,0.7268597900842229,1095.048211382036,False,settled
b,blue_ramp,ramp,0.0,0.8,0.0,0.9146130368221457,1024.5551802284685,False,settled
b,blue_ramp,ramp,0.0,0.8,0.0,0.7493535932638618,1088.0515178441158,False,settled
b,blue_ramp,ramp,0.0,0.8,0.0,1.144904117085989,938.6012074313783,False,settled
b,blue_ramp,ramp,0.0,0.8,0.0,0.9851396787361266,991.0383627289317,False,settled
b,blue_ramp,ramp,0.0,0.8,0.0,1.3142010580796528,888.7422891392836,False,settled
b,blue_ramp,ramp,0.0,0.8,0.0,0.7442968379401925,1085.0898582217571,False,settled
b,blue_ramp,ramp,0.0,0.8,0.0,0.7913740204215236,1072.6061673380811,False,settled
b,blue_ramp,ramp,0.0,0.8,0.0,0.7830146432477237,1077.184082280076,False,settled
b,blue_ramp,ramp,0.0,0.8,0.0,1.1020519032702498,954.3440829348766,False,settled
b,blue_ramp,ramp,0.0,0.8,0.0,1.579424702855687,821.5422547447987,False,settled
b,blue_ramp,ramp,0.0,0.8,0.0,0.8957305491888073,1027.127065724393,False,settled
b,blue_ramp,ramp,0.0,0.8,0.0,1.6428877102906485,805.9221049497041,False,settled
b,blue_ramp,ramp,0.0,0.8,0.0,1.2882899923137348,897.2392524763394,False,settled
b,blue_ramp,ramp,0.0,0.8,0.0,1.0174816502647444,985.3182096865108,False,settled
b,blue_ramp,ramp,0.0,0.8,0.0,0.8264968410083346,1056.361377132378,False,settled
b,blue_ramp,ramp,0.0,0.8,0.0,0.7089537744899641,1101.5492961355117,False,settled
b,blue_ramp,ramp,0.0,0.8,0.0,0.854091311994727,1049.1623471778437,False,settled
b,blue_ramp,ramp,0.0,0.8,0.0,0.8819620731426836,1037.8837479171143,False,settled
b,blue_ramp,ramp,0.0,0.8,0.0,0.8240076853668534,1058.3215003658927,False,settled
b,blue_ramp,ramp,0.0,0.8,0.0,1.6673982439680402,800.4607828754437,False,settled
b,blue_ramp,ramp,0.0,0.8,0.0,1.1324180618243378,946.5158581948457,False,settled
b,blue_ramp,ramp,0.0,0.8,0.0,0.9693474179344701,1003.2054166444606,False,settled
b,blue_ramp,ramp,0.0,0.8,0.0,1.333341196006467,884.6701059996628,False,settled
b,blue_ramp,ramp,0.0,0.8,0.0,1.0417737913247922,975.660259567535,False,settled
b,blue_ramp,ramp,0.0,0.8,0.0,1.117141189348988,950.4475758677125,False,settled
b,blue_ramp,ramp,0.0,0.8,0.0,1.617008354468213,811.6603062152412,False,settled
b,blue_ramp,ramp,0.0,0.8,0.0,1.0712449651078335,966.2300225245176,False,settled
b,blue_ramp,ramp,0.0,0.8,0.0,0.8934150243744116,1028.9711670597915,False,settled
b,blue_ramp,ramp,0.0,0.8,0.0,0.8708030889382065,1033.769062162857,False,settled
b,blue_ramp,ramp,0.0,0.8,0.0,0.8659412867216378,1034.4758261207294,False,settled
b,blue_ramp,ramp,0.0,0.8,0.0,1.2050951373755232,923.9935902426396,False,settled
b,blue_ramp,ramp,0.0,0.8,0.0,0.7448325757588564,1084.6611094458308,False,settled
b,blue_ramp,ramp,0.0,0.8,0.0,0.7344967068222008,1097.9037761020716,False,settled
b,blue_ramp,ramp,0.0,0.8,0.0,0.782670491084207,1077.455246245385,False,settled
b,blue_ramp,ramp,0.0,0.8,0.0,0.7369900926181853,1087.8832644035967,False,settled
b,blue_ramp,ramp,0.0,0.8,0.0,1.3384831287409138,879.5981855830671,False,settled
b,blue_ramp,ramp,0.0,0.8,0.0,0.8524867017409905,1049.4202430717087,False,settled
b,blue_ramp,ramp,0.0,0.8,0.0,0.8329370929026849,1051.329903989945,False,settled
b,blue_ramp,ramp,0.0,0.8,0.0,0.9224855618192438,1020.455597968034,False,settled
b,blue_ramp,ramp,0.0,0.8,0.0,1.0163299288593768,986.2679738699487,False,settled
b,blue_ramp,ramp,0.0,0.8,0.0,0.8914037675588186,1030.5728689258538,False,settled
b,blue_ramp,ramp,0.0,0.8,0.0,0.8365345933415729,1048.5163388363926,False,settled
b,blue_ramp,ramp,0.0,0.8,0.0,1.5203416409773398,833.4687568148864,False,settled
b,blue_ramp,ramp,0.0,0.8,0.0,1.170262435321782,930.5994570192995,False,settled
b,blue_ramp,ramp,0.0,0.8,0.0,1.277806904974501,900.4052971023432,False,settled
b,blue_ramp,ramp,0.0,0.8,0.0,1.1062489806516667,950.8245297365086,False,settled
b,blue_ramp,ramp,0.0,0.8,0.0,1.123743932203884,945.1752021237168,False,settled
b,blue_ramp,ramp,0.0,0.8,0.0,0.8624018878896482,1035.0858318225412,False,settled
b,blue_ramp,ramp,0.0,0.8,0.0,1.036226249984822,980.2403803268686,False,settled
b,blue_ramp,ramp,0.0,0.8,0.0,1.2423101761827724,912.3484899287647,False,settled
b,blue_ramp,ramp,0.0,0.8,0.0,0.6911691614853214,1106.5921046289943,False,settled
b,blue_ramp,ramp,0.0,0.8,0.0,1.1040100988861739,952.7018956109704,False,settled
b,blue_ramp,ramp,0.0,0.8,0.0,1.6141282675199644,812.1593824529299,False,settled
b,blue_ramp,ramp,0.0,0.8,0.0,1.3528267882749738,876.9640560553718,False,settled
b,blue_ramp,ramp,0.0,0.8,0.0,1.121086160615904,947.4188720040202,False,settled
b,blue_ramp,ramp,0.0,0.8,0.0,1.5707095618115046,824.3951538967993,False,settled
b,blue_ramp,ramp,0.0,0.8,0.0,0.7774403347990554,1067.2916695817141,False,settled
b,blue_ramp,ramp,0.0,0.8,0.0,1.578222525348162,821.7345547335987,False,settled
b,blue_ramp,ramp,0.0,0.8,0.0,0.8250849938229416,1057.4730004108753,False,settled
b,blue_ramp,ramp,0.0,0.8,0.0,0.9770271515841285,997.0763235350084,False,settled
b,blue_ramp,ramp,0.0,0.8,0.0,0.9020389269224902,1022.1272003527612,False,settled
b,blue_ramp,ramp,0.0,0.8,0.0,1.0659656397505466,967.5805564365241,False,settled
b,blue_ramp,ramp,0.0,0.8,0.0,0.9880135883404348,988.8006220351807,False,settled
b,blue_ramp,ramp,0.0,0.8,0.0,0.7649586506085756,1076.149995123303,False,settled
b,blue_ramp,ramp,0.0,0.8,0.0,0.7312092296583801,1099.4296015271073,False,settled
b,blue_ramp,ramp,0.0,0.8,0.0,0.8265312881992983,1056.334250989427,False,settled
b,blue_ramp,ramp,0.0,0.8,0.0,1.3587186400111415,876.705275555114,False,settled
b,blue_ramp,ramp,0.0,0.8,0.0,1.0675257086596364,967.1814665191574,False,settled
b,blue_ramp,ramp,0.0,0.8,0.0,1.52306339540085,835.7464642033694,False,settled
b,blue_ramp,ramp,0.0,0.8,0.0,1.6743992443192348,798.8075669754236,False,settled
b,blue_ramp,ramp,0.0,0.8,0.0,0.849492132728976,1038.5850857473993,False,settled
b,blue_ramp,ramp,0.0,0.8,0.0,0.8405418526665862,1045.3952905543717,False,settled
b,blue_ramp,ramp,0.0,0.8,0.0,0.834279638044261,1050.2797666458016,False,settled
b,blue_ramp,ramp,0.0,0.8,0.0,1.6149766896002509,813.054729938253,False,settled
b,blue_ramp,ramp,0.0,0.8,0.0,1.0846722132233755,959.563539100464,False,settled
b,blue_ramp,ramp,0.0,0.8,0.0,1.1284434320025736,941.4802410895755,False,settled
b,blue_ramp,ramp,0.0,0.8,0.0,0.7362660102418239,1087.1682302518925,False,settled
b,blue_ramp,ramp,0.0,0.8,0.0,0.6917447159927146,1103.7272222925662,False,settled
b,blue_ramp,ramp,0.0,0.8,0.0,0.9774814831095541,996.7181086101921,False,settled
b,blue_ramp,ramp,0.0,0.8,0.0,0.829820115119471,1053.7678150118122,False,settled
b,blue_ramp,ramp,0.0,0.8,0.0,1.115097580492447,952.1765582369945,False,settled
b,blue_ramp,ramp,0.0,0.8,0.0,0.8511270273525873,1050.1852939844962,False,settled
b,blue_ramp,ramp,0.0,0.8,0.0,0.9308719649631,1018.879616450021,False,settled
b,blue_ramp,ramp,0.0,0.8,0.0,1.3111336474770738,890.0378857463935,False,settled
b,blue_ramp,ramp,0.0,0.8,0.0,0.9107783170602997,1015.5009863208313,False,settled
b,blue_ramp,ramp,0.0,0.8,0.0,0.7267571475415081,1094.9440594854545,False,settled
b,blue_ramp,ramp,0.0,0.8,0.0,1.440713959011216,850.0927534360613,False,settled
b,blue_ramp,ramp,0.0,0.8,0.0,0.7460998250854726,1083.837406137602,False,settled
b,blue_ramp,ramp,0.0,0.8,0.0,1.166794041200037,933.5974651704337,False,settled
b,blue_ramp,ramp,0.0,0.8,0.0,1.1173691973298603,950.2549565611005,False,settled
b,blue_ramp,ramp,0.0,0.8,0.0,0.9103771739743023,1015.8099387491148,False,settled
b,blue_ramp,ramp,0.0,0.8,0.0,0.8137792871566877,1052.5562905635004,False,settled
b,blue_ramp,ramp,0.0,0.8,0.0,1.092031988453913,953.4706509440133,False,settled
b,blue_ramp,ramp,0.0,0.8,0.0,1.4539108124821425,848.4858332065678,False,settled
b,blue_ramp,ramp,0.0,0.8,0.0,0.927392156939577,1019.5334202903673,False,settled
b,blue_ramp,ramp,0.0,0.8,0.0,1.555102919288536,827.1552268662615,False,settled
b,blue_ramp,ramp,0.0,0.8,0.0,1.3769419683271606,869.4420608915059,False,settled
b,blue_ramp,ramp,0.0,0.8,0.0,0.7380683855701086,1088.9351618711758,False,settled
b,blue_ramp,ramp,0.0,0.8,0.0,0.799621063167267,1057.673874101437,False,settled
b,blue_ramp,ramp,0.0,0.8,0.0,0.779515113429782,1065.737957661597,False,settled
b,blue_ramp,ramp,0.0,0.8,0.0,1.1099143224103876,947.7833542521216,False,settled
b,blue_ramp,ramp,0.0,0.8,0.0,0.9822553733203959,992.9465230717395,False,settled
b,blue_ramp,ramp,0.0,0.8,0.0,0.6915959460037413,1113.259724017901,False,settled
b,blue_ramp,ramp,0.0,0.8,0.0,0.7031535474869102,1104.9292929060114,False,settled
b,blue_ramp,ramp,0.0,0.8,0.0,0.7762097737580028,1068.2302418300715,False,settled
b,blue_ramp,ramp,0.0,0.8,0.0,0.7281233055242073,1097.5480352985635,False,settled
b,blue_ramp,ramp,0.0,0.8,0.0,0.7023633166758254,1099.5287503874274,False,settled
b,blue_ramp,ramp,0.0,0.8,0.0,0.8759172874754375,1030.2514103651258,False,settled
b,blue_ramp,ramp,0.0,0.8,0.0,1.2636218383946831,899.947304387075,False,settled
b,blue_ramp,ramp,0.0,0.8,0.0,0.7254409336293979,1093.6366399480478,False,settled
b,blue_ramp,ramp,0.0,0.8,0.0,1.5505799705439882,829.8807811638417,False,settled
b,blue_ramp,ramp,0.0,0.8,0.0,1.1430467263582127,939.1465741210071,False,settled
b,blue_ramp,ramp,0.0,0.8,0.0,1.4684594076649564,844.381924471865,False,settled
b,blue_ramp,ramp,0.0,0.8,0.0,0.8771694223362451,1029.193239626537,False,settled
b,blue_ramp,ramp,0.0,0.8,0.0,1.4872262446777922,844.3760829703759,False,settled
b,blue_ramp,ramp,0.0,0.8,0.0,1.6089960561493073,814.3650782254601,False,settled
b,blue_ramp,ramp,0.0,0.8,0.0,0.7004192784439706,1101.730737256182,False,settled
b,blue_ramp,ramp,0.0,0.8,0.0,1.4007978384186006,861.3015167009324,False,settled
b,blue_ramp,ramp,0.0,0.8,0.0,0.9184115122887182,1021.5448620871374,False,settled
b,blue_ramp,ramp,0.0,0.8,0.0,1.175124938837118,926.4682044796533,False,settled
b,blue_ramp,ramp,0.0,0.8,0.0,0.9056904417028369,1019.3878703578017,False,settled
b,blue_ramp,ramp,0.0,0.8,0.0,0.8829825238215389,1037.0656361463452,False,settled
b,blue_ramp,ramp,0.0,0.8,0.0,1.590091873719293,819.148711194874,False,settled
b,blue_ramp,ramp,0.0,0.8,0.0,1.0187237648776517,984.3019737098396,False,settled
b,blue_ramp,ramp,0.0,0.8,0.0,1.0033741838936487,984.8555233718123,False,settled
b,blue_ramp,ramp,0.0,0.8,0.0,1.1348299656811174,944.4883150632577,False,settled
b,blue_ramp,ramp,0.0,0.8,0.0,1.2520916430653328,903.4740734153277,False,settled
b,blue_ramp,ramp,0.0,0.8,0.0,1.188558899067744,922.8290650916181,False,settled
b,blue_ramp,ramp,0.0,0.8,0.0,1.1613381919469281,938.0915028983076,False,settled
b,blue_ramp,ramp,0.0,0.8,0.0,0.7966940557277111,1071.9046626579727,False,settled
b,blue_ramp,ramp,0.0,0.8,0.0,0.9677785962385663,1004.4793030276559,False,settled
b,blue_ramp,ramp,0.0,0.8,0.0,0.7512484001426487,1081.8978219116018,False,settled
b,blue_ramp,ramp,0.0,0.8,0.0,0.9251703878937971,1019.9511179963214,False,settled
b,blue_ramp,ramp,0.0,0.8,0.0,0.7268670090296621,1095.0643635491467,False,settled
b,blue_ramp,ramp,0.0,0.8,0.0,1.1802007787223328,930.0867792602028,False,settled
b,blue_ramp,ramp,0.0,0.8,0.0,0.9584410570371313,1000.6395232035513,False,settled
b,blue_ramp,ramp,0.0,0.8,0.0,1.286860572416652,898.5588480197201,False,settled
b,blue_ramp,ramp,0.0,0.8,0.0,1.1759042208501584,933.6029148368602,False,settled
b,blue_ramp,ramp,0.0,0.8,0.0,1.3845848840714616,867.142139496297,False,settled
b,blue_ramp,ramp,0.0,0.8,0.0,0.7199481448323368,1099.0976227449278,False,settled
b,blue_ramp,ramp,0.0,0.8,0.0,1.2695919567877922,901.2772673059658,False,settled
b,blue_ramp,ramp,0.0,0.8,0.0,0.8652835598390646,1034.5714657249641,False,settled
b,blue_ramp,ramp,0.0,0.8,0.0,0.7493055898205903,1088.0309818781361,False,settled
b,blue_ramp,ramp,0.0,0.8,0.0,0.8996970221800112,1023.9783481027644,False,settled
b,blue_ramp,ramp,0.0,0.8,0.0,1.0753821700354405,965.1789455768089,False,settled
b,blue_ramp,ramp,0.0,0.8,0.0,0.9050979483311048,1019.755002321577,False,settled
b,blue_ramp,ramp,0.0,0.8,0.0,0.7943860221687551,1072.2089152542635,False,settled
b,blue_ramp,ramp,0.0,0.8,0.0,0.7159571002917524,1092.8594458595085,False,settled
b,blue_ramp,ramp,0.0,0.8,0.0,1.3124951019905167,889.4601513671212,False,settled
b,blue_ramp,ramp,0.0,0.8,0.0,0.8274676168357008,1055.602062086402,False,settled
b,blue_ramp,ramp,0.0,0.8,0.0,0.918133120691337,1021.764946178506,False,settled
b,blue_ramp,ramp,0.0,0.8,0.0,0.8538536131146283,1049.2010148934485,False,settled
b,blue_ramp,ramp,0.0,0.8,0.0,0.9339790134471647,1018.2958414983323,False,settled
b,blue_ramp,ramp,0.0,0.8,0.0,0.7615251902489151,1077.8391247143445,False,settled
b,blue_ramp,ramp,0.0,0.8,0.0,0.9973264063506986,986.0404552486897,False,settled
b,blue_ramp,ramp,0.0,0.8,0.0,1.5341056340102885,832.8304109807293,False,settled
b,blue_ramp,ramp,0.0,0.8,0.0,1.3895537190040341,866.9310171774827,False,settled
b,blue_ramp,ramp,0.0,0.8,0.0,1.5492758328883305,828.4510436762375,False,settled
b,blue_ramp,ramp,0.0,0.8,0.0,0.849313587375158,1038.7158061623688,False,settled
b,blue_ramp,ramp,0.0,0.8,0.0,1.138608299083562,941.5553840995252,False,settled
b,blue_ramp,ramp,0.0,0.8,0.0,1.0573207143251877,973.0066499316914,False,settled
b,blue_ramp,ramp,0.0,0.8,0.0,0.7484122425607872,1087.4621655688795,False,settled
b,blue_ramp,ramp,0.0,0.8,0.0,1.6255111734429464,810.253279150676,False,settled
b,blue_ramp,ramp,0.0,0.8,0.0,0.6920890598798466,1109.249306039703,False,settled
b,blue_ramp,ramp,0.0,0.8,0.0,1.3956329689400528,865.7618534348503,False,settled
b,blue_ramp,ramp,0.0,0.8,0.0,0.7010848190035117,1106.9541698929131,False,settled
b,blue_ramp,ramp,0.0,0.8,0.0,0.8767970563755704,1029.5589885949241,False,settled
b,blue_ramp,ramp,0.0,0.8,0.0,1.2207315327346764,917.8467323993942,False,settled
b,blue_ramp,ramp,0.0,0.8,0.0,0.8130305219889329,1053.1307929733148,False,settled
b,blue_ramp,ramp,0.0,0.8,0.0,0.8988318574718495,1024.6621423482732,False,settled
b,blue_ramp,ramp,0.0,0.8,0.0,0.7313978044418725,1099.6667730777963,False,settled
b,blue_ramp,ramp,0.0,0.8,0.0,0.9937037995139564,986.8051446308244,False,settled
b,blue_ramp,ramp,0.0,0.8,0.0,1.327365995490501,884.5246341541896,False,settled
b,blue_ramp,ramp,0.0,0.8,0.0,0.9669089345423922,1005.1855829431199,False,settled
b,blue_ramp,ramp,0.0,0.8,0.0,0.8050481168384703,1056.9945105482702,False,settled
b,blue_ramp,ramp,0.0,0.8,0.0,0.8460691516383806,1041.1234625596119,False,settled
b,blue_ramp,ramp,0.0,0.8,0.0,0.9345456366612211,1018.189379485175,False,settled
b,blue_ramp,ramp,0.0,0.8,0.0,1.1773751683425535,932.3140444486895,False,settled
b,blue_ramp,ramp,0.0,0.8,0.0,0.9244026967991452,1020.0953804480528,False,settled
b,blue_ramp,ramp,0.0,0.8,0.0,0.7203507435144926,1100.8415323573606,False,settled
b,blue_ramp,ramp,0.0,0.8,0.0,1.1038499080560331,952.8362144659028,False,settled
b,blue_ramp,ramp,0.0,0.8,0.0,1.456552309624624,849.828099568762,False,settled
b,blue_ramp,ramp,0.0,0.8,0.0,0.9655189715041023,1006.3143174149077,False,settled
b,blue_ramp,ramp,0.0,0.8,0.0,1.0609627618853372,970.0218054486726,False,settled
b,blue_ramp,ramp,0.0,0.8,0.0,1.1672855210420112,933.1697003667667,False,settled
b,blue_ramp,ramp,0.0,0.8,0.0,0.8059671244780543,1056.9631382780672,False,settled
b,blue_ramp,ramp,0.0,0.8,0.0,0.9920247927154894,987.253254246502,False,settled
b,blue_ramp,ramp,0.0,0.8,0.0,1.206647023014681,922.644836411207,False,settled
b,blue_ramp,ramp,0.0,0.8,0.0,0.7572876693494623,1076.6668942687709,False,settled
b,blue_ramp,ramp,0.0,0.8,0.0,0.8809273370476124,1026.3058004461209,False,settled
b,blue_ramp,ramp,0.0,0.8,0.0,1.1707319460878225,930.1942604798952,False,settled
b,blue_ramp,ramp,0.0,0.8,0.0,1.4901808345411018,843.1866598136365,False,settled
b,blue_ramp,ramp,0.0,0.8,0.0,0.7992443859816563,1057.7185695892574,False,settled
b,blue_ramp,ramp,0.0,0.8,0.0,1.1679312263458568,932.6118217240818,False,settled
b,blue_ramp,ramp,0.0,0.8,0.0,0.7689170198020214,1073.6069749246562,False,settled
b,blue_ramp,ramp,0.0,0.8,0.0,1.0055789076954869,984.3955684897387,False,settled
b,blue_ramp,ramp,0.0,0.8,0.0,1.0627852481237317,968.5285334526645,False,settled
b,blue_ramp,ramp,0.0,0.8,0.0,0.7726601213501774,1071.0241043356236,False,settled
b,blue_ramp,ramp,0.0,0.8,0.0,1.0469596453110261,971.4042573315232,False,settled
b,blue_ramp,ramp,0.0,0.8,0.0,1.1938422801081747,926.084896835935,False,settled
b,blue_ramp,ramp,0.0,0.8,0.0,1.4224463534024454,856.3965890659065,False,settled
b,blue_ramp,ramp,0.0,0.8,0.0,1.165478074254955,934.7428305333254,False,settled
b,blue_ramp,ramp,0.0,0.8,0.0,0.7611788431468823,1077.965741720062,False,settled
b,blue_ramp,ramp,0.0,0.8,0.0,1.4880666828445022,843.2397213939179,False,settled
b,blue_ramp,ramp,0.0,0.8,0.0,0.9199546506037992,1020.9313460012457,False,settled
b,blue_ramp,ramp,0.0,0.8,0.0,0.8892066899165125,1032.3224694702185,False,settled
b,blue_ramp,ramp,0.0,0.8,0.0,1.2189202723448302,919.4610959999421,False,settled
b,blue_ramp,ramp,0.0,0.8,0.0,0.9702872158140133,1002.4424708365094,False,settled
b,blue_ramp,ramp,0.0,0.8,0.0,0.8573079032743252,1035.7769188006823,False,settled
b,blue_ramp,ramp,0.0,0.8,0.0,1.67722808041175,796.8991026304546,False,settled
b,blue_ramp,ramp,0.0,0.8,0.0,0.7187757065209935,1099.1472625478004,False,settled
b,blue_ramp,ramp,0.0,0.8,0.0,1.3078282597490278,891.8043442976636,False,settled
b,blue_ramp,ramp,0.0,0.8,0.0,1.6663809244050627,800.2834148196536,False,settled
b,blue_ramp,ramp,0.0,0.8,0.0,1.624992423796002,811.0812177104544,False,settled
b,blue_ramp,ramp,0.0,0.8,0.0,0.7530175295829715,1081.4946748331427,False,settled
b,blue_ramp,ramp,0.0,0.8,0.0,1.6162608640496154,812.8795373155455,False,settled
b,blue_ramp,ramp,0.0,0.8,0.0,0.7885375576906442,1073.3511032511005,False,settled
b,blue_ramp,ramp,0.0,0.8,0.0,0.7085539319695364,1099.5021056076669,False,settled
b,blue_ramp,ramp,0.0,0.8,0.0,0.9320467462503172,1018.6588907452215,False,settled
b,blue_ramp,ramp,0.0,0.8,0.0,1.2084084225564475,921.1130550527388,False,settled
b,blue_ramp,ramp,0.0,0.8,0.0,0.8366037770973593,1048.4622346998071,False,settled
b,blue_ramp,ramp,0.0,0.8,0.0,0.8242294618518756,1058.1464478325297,False,settled
b,blue_ramp,ramp,0.0,0.8,0.0,0.7432402052342636,1089.4858770698693,False,settled
b,blue_ramp,ramp,0.0,0.8,0.0,0.8239707719447312,1058.3507096187127,False,settled
b,blue_ramp,ramp,0.0,0.8,0.0,0.7033852193528213,1104.2767718305076,False,settled
b,blue_ramp,ramp,0.0,0.8,0.0,1.064326476574093,968.0001441349467,False,settled
b,blue_ramp,ramp,0.0,0.8,0.0,1.5917854998768257,818.6844278371259,False,settled
b,blue_ramp,ramp,0.0,0.8,0.0,0.9546339110046258,1003.6763692105943,False,settled
b,blue_ramp,ramp,0.0,0.8,0.0,0.9773283833949322,996.8388195945764,False,settled
b,blue_ramp,ramp,0.0,0.8,0.0,1.5564244631041424,827.2982062447479,False,settled
b,blue_ramp,ramp,0.0,0.8,0.0,1.1088746499895663,948.6437728390251,False,settled
b,blue_ramp,ramp,0.0,0.8,0.0,1.3308396555238764,881.4123975862217,False,settled
b,blue_ramp,ramp,0.0,0.8,0.0,0.9510916578832985,1006.5238486740817,False,settled
b,blue_ramp,ramp,0.0,0.8,0.0,1.3146364107671222,888.5590834298964,False,settled
b,blue_ramp,ramp,0.0,0.8,0.0,1.387953822571271,868.6010089265025,False,settled
b,blue_ramp,ramp,0.0,0.8,0.0,0.9284916828682436,1019.326836733551,False,settled
b,blue_ramp,ramp,0.0,0.8,0.0,0.9011223816265734,1022.8515584309934,False,settled
b,blue_ramp,ramp,0.0,0.8,0.0,1.228675679620091,914.1934536886164,False,settled
b,blue_ramp,ramp,0.0,0.8,0.0,0.9729528405765916,1000.2784331612352,False,settled
b,blue_ramp,ramp,0.0,0.8,0.0,1.0704039685681381,966.4451627536844,False,settled
b,blue_ramp,ramp,0.0,0.8,0.0,1.3011229985986847,891.8000699355329,False,settled
b,blue_ramp,ramp,0.0,0.8,0.0,0.8773326667422028,1029.0647743517816,False,settled
b,blue_ramp,ramp,0.0,0.8,0.0,1.336510729849302,881.5351895238425,False,settled
b,blue_ramp,ramp,0.0,0.8,0.0,1.0399672521500427,977.1515197007328,False,settled
b,blue_ramp,ramp,0.0,0.8,0.0,1.327983024973883,883.9223587359095,False,settled
b,blue_ramp,ramp,0.0,0.8,0.0,0.7879155476621713,1073.7793538257026,False,settled
b,blue_ramp,ramp,0.0,0.8,0.0,0.8874939486224479,1033.6942123458741,False,settled
b,blue_ramp,ramp,0.0,0.8,0.0,0.9460713670221882,1010.5604676530123,False,settled
b,blue_ramp,ramp,0.0,0.8,0.0,1.5433185181188103,830.7665379508559,False,settled
b,blue_ramp,ramp,0.0,0.8,0.0,0.9164132423916146,1023.1278296819767,False,settled
b,blue_ramp,ramp,0.0,0.8,0.0,1.4539320829537088,848.4610734566412,False,settled
b,blue_ramp,ramp,0.0,0.8,0.0,0.7868812086903435,1074.3827819930527,False,settled
b,blue_ramp,ramp,0.0,0.8,0.0,0.9972123332709902,986.0678317912609,False,settled
b,blue_ramp,ramp,0.0,0.8,0.0,0.9037526804602234,1020.7725613062131,False,settled
b,blue_ramp,ramp,0.0,0.8,0.0,1.3994083797136474,862.0613508593326,False,settled
b,blue_ramp,ramp,0.0,0.8,0.0,0.7214058229530173,1102.7140440599255,False,settled
b,blue_ramp,ramp,0.0,0.8,0.0,0.6890992132464857,1115.2588760556055,False,settled
b,blue_ramp,ramp,0.0,0.8,0.0,1.551978102250235,827.6139049870766,False,settled
b,blue_ramp,ramp,0.0,0.8,0.0,1.1101257674212686,947.6126593577397,False,settled
b,blue_ramp,ramp,0.0,0.8,0.0,0.8780949779814438,1028.4674895411745,False,settled
b,blue_ramp,ramp,0.0,0.8,0.0,0.8987290246416173,1024.743414518182,False,settled
b,blue_ramp,ramp,0.0,0.8,0.0,0.875863243742648,1030.2939442082086,False,settled
b,blue_ramp,ramp,0.0,0.8,0.0,0.9795763731016817,995.0646825075544,False,settled
b,blue_ramp,ramp,0.0,0.8,0.0,0.8517107575689551,1049.7240225869616,False,settled
b,blue_ramp,ramp,0.0,0.8,0.0,0.868355623819812,1034.1247799072744,False,settled
b,blue_ramp,ramp,0.0,0.8,0.0,0.8305763537179885,1053.1764925999312,False,settled
b,blue_ramp,ramp,0.0,0.8,0.0,0.7216489161543226,1102.8848271593617,False,settled
b,blue_ramp,ramp,0.0,0.8,0.0,1.3158953873205568,888.0291906579264,False,settled
b,blue_ramp,ramp,0.0,0.8,0.0,1.5149055716283144,837.0133396800387,False,settled
b,blue_ramp,ramp,0.0,0.8,0.0,1.6849407260931022,793.328486042294,False,settled
b,blue_ramp,ramp,0.0,0.8,0.0,1.0546527598210949,965.6686205019925,False,settled
b,blue_ramp,ramp,0.0,0.8,0.0,0.9360206113023186,1006.4464655832477,False,settled
b,blue_ramp,ramp,0.0,0.8,0.0,0.8133249082137498,1052.9028169675066,False,settled
b,blue_ramp,ramp,0.0,0.8,0.0,0.8681269562469167,1034.1580322438128,False,settled
b,blue_ramp,ramp,0.0,0.8,0.0,0.7783867793448902,1066.6637060922878,False,settled
b,blue_ramp,ramp,0.0,0.8,0.0,1.591475506347735,818.3632235257545,False,settled
b,blue_ramp,ramp,0.0,0.8,0.0,0.7678869667625231,1074.3348011973128,False,settled
b,blue_ramp,ramp,0.0,0.8,0.0,0.9007763259001975,1023.1251807183077,False,settled
b,blue_ramp,ramp,0.0,0.8,0.0,1.2875002791593482,897.9550008058847,False,settled
b,blue_ramp,ramp,0.0,0.8,0.0,1.359987974326208,875.4145074204838,False,settled
b,blue_ramp,ramp,0.0,0.8,0.0,1.525380311217448,834.6066706151522,False,settled
b,blue_ramp,ramp,0.0,0.8,0.0,1.55273128850901,827.584139832963,False,settled
b,blue_ramp,ramp,0.0,0.8,0.0,0.8353238311695167,1049.4631902629899,False,settled
b,blue_ramp,ramp,0.0,0.8,0.0,0.801247101352995,1057.5427224186662,False,settled
b,blue_ramp,ramp,0.0,0.8,0.0,1.2930016384798384,892.9289221068817,False,settled
b,blue_ramp,ramp,0.0,0.8,0.0,0.8446679093040912,1042.284226598332,False,settled
b,blue_ramp,ramp,0.0,0.8,0.0,1.2089935367973317,920.6047946629125,False,settled
b,blue_ramp,ramp,0.0,0.8,0.0,1.0266581377046096,977.8151299359508,False,settled
b,blue_ramp,ramp,0.0,0.8,0.0,0.8249036578082294,1057.6157524576179,False,settled
b,blue_ramp,ramp,0.0,0.8,0.0,1.6732624492323542,799.3052412054725,False,settled
b,blue_ramp,ramp,0.0,0.8,0.0,0.835742696886914,1049.1356266916996,False,settled
b,blue_ramp,ramp,0.0,0.8,0.0,1.5843027816593946,819.7805720278627,False,settled
b,blue_ramp,ramp,0.0,0.8,0.0,0.7646093906781892,1076.3657144107035,False,settled
b,blue_ramp,ramp,0.0,0.8,0.0,0.7330176492473417,1085.9631849584614,False,settled
b,blue_ramp,ramp,0.0,0.8,0.0,0.743608666601391,1089.4561796710689,False,settled
b,blue_ramp,ramp,0.0,0.8,0.0,0.8372258035580602,1047.975786358528,False,settled
b,blue_ramp,ramp,0.0,0.8,0.0,0.7486387609098962,1087.7370371029995,False,settled
b,blue_ramp,ramp,0.0,0.8,0.0,0.9728744359648247,1000.3420851223452,False,settled
b,blue_ramp,ramp,0.0,0.8,0.0,1.070570557706296,966.4025466218203,False,settled
b,blue_ramp,ramp,0.0,0.8,0.0,1.35735705357499,878.0897925329222,False,settled
b,blue_ramp,ramp,0.0,0.8,0.0,1.5156306860433817,837.3006131869068,False,settled
b,blue_ramp,ramp,0.0,0.8,0.0,1.0223555954464303,981.3306930899693,False,settled
b,blue_ramp,ramp,0.0,0.8,0.0,1.020923685764493,982.5021085043031,False,settled
b,blue_ramp,ramp,0.0,0.8,0.0,0.7672163847201188,1074.7666321405509,False,settled
b,blue_ramp,ramp,0.0,0.8,0.0,1.6092106750288462,813.8953696534138,False,settled
b,blue_ramp,ramp,0.0,0.8,0.0,1.6882486940371373,791.0015134794461,False,settled
b,blue_ramp,ramp,0.0,0.8,0.0,1.1240258092764035,944.9391528997724,False,settled
b,blue_ramp,ramp,0.0,0.8,0.0,0.8824686293747089,1037.477605895092,False,settled
b,blue_ramp,ramp,0.0,0.8,0.0,0.7688582968811157,1073.6484792618314,False,settled
b,blue_ramp,ramp,0.0,0.8,0.0,0.7948763415260386,1072.1443169184033,False,settled
b,blue_ramp,ramp,0.0,0.8,0.0,0.8296693687297921,1053.8856804068294,False,settled
b,blue_ramp,ramp,0.0,0.8,0.0,1.3953949392177343,866.013802395543,False,settled
b,blue_ramp,ramp,0.0,0.8,0.0,1.116553208865132,950.9442824327456,False,settled
b,blue_ramp,ramp,0.0,0.8,0.0,1.5123838315853737,837.9646609925011,False,settled
b,blue_ramp,ramp,0.0,0.8,0.0,1.1410564164742614,939.7310314978224,False,settled
b,blue_ramp,ramp,0.0,0.8,0.0,0.7504260091970232,1082.5406839677312,False,settled
b,blue_ramp,ramp,0.0,0.8,0.0,0.6891959439967342,1116.5344270773264,False,settled
b,blue_ramp,ramp,0.0,0.8,0.0,1.5140803735650232,838.1575701841713,False,settled
b,blue_ramp,ramp,0.0,0.8,0.0,1.117485098446493,950.1570440468504,False,settled
b,blue_ramp,ramp,0.0,0.8,0.0,1.17157580997663,929.5566074987719,False,settled
b,blue_ramp,ramp,0.0,0.8,0.0,0.9726867294636053,1000.4944725525872,False,settled
b,blue_ramp,ramp,0.0,0.8,0.0,0.8550569129310261,1036.2159734840336,False,settled
b,blue_ramp,ramp,0.0,0.8,0.0,1.1236739498655612,945.2338484295564,False,settled
b,blue_ramp,ramp,0.0,0.8,0.0,1.1132769814476549,953.7272031835598,False,settled
b,blue_ramp,ramp,0.0,0.8,0.0,0.9317525799803458,1018.7141607454573,False,settled
b,blue_ramp,ramp,0.0,0.8,0.0,1.6285628011297342,810.5475613155688,False,settled
b,blue_ramp,ramp,0.0,0.8,0.0,1.6310430672375782,809.3490717432256,False,settled
b,blue_ramp,ramp,0.0,0.8,0.0,0.7274844842838685,1096.3454666526384,False,settled
b,blue_ramp,ramp,0.0,0.8,0.0,0.8937721425415346,1028.6865923790904,False,settled
b,blue_ramp,ramp,0.0,0.8,0.0,1.3101562049963058,890.4543505936717,False,settled
b,blue_ramp,ramp,0.0,0.8,0.0,0.9814122971015578,993.6148138122912,False,settled
b,blue_ramp,ramp,0.0,0.8,0.0,1.3491977727703368,875.1672489095422,False,settled
b,blue_ramp,ramp,0.0,0.8,0.0,0.7967408266823666,1071.8985155079388,False,settled
b,blue_ramp,ramp,0.0,0.8,0.0,0.7544663379501285,1077.5258662616734,False,settled
b,blue_ramp,ramp,0.0,0.8,0.0,0.7497532639001467,1088.2217320492255,False,settled
b,blue_ramp,ramp,0.0,0.8,0.0,1.1521332457309696,936.4813931530923,False,settled
b,blue_ramp,ramp,0.0,0.8,0.0,0.9774560138374349,996.7381898084844,False,settled
b,blue_ramp,ramp,0.0,0.8,0.0,1.0862929097640301,958.2160541636043,False,settled
b,blue_ramp,ramp,0.0,0.8,0.0,0.919299631928161,1021.0523708727796,False,settled
b,blue_ramp,ramp,0.0,0.8,0.0,0.8856044681656425,1035.2101120794425,False,settled
b,blue_ramp,ramp,0.0,0.8,0.0,0.9259750438231216,1019.7999087788947,False,settled
b,blue_ramp,ramp,0.0,0.8,0.0,1.2481398196789888,907.0281258321617,False,settled
b,blue_ramp,ramp,0.0,0.8,0.0,1.369724507702085,871.3760732119381,False,settled
b,blue_ramp,ramp,0.0,0.8,0.0,1.0155497214992226,986.9113938292695,False,settled
b,blue_ramp,ramp,0.0,0.8,0.0,1.350494577183782,879.3020360200843,False,settled
b,blue_ramp,ramp,0.0,0.8,0.0,0.8875164814190987,1033.67613335205,False,settled
b,blue_ramp,ramp,0.0,0.8,0.0,1.1886447808692828,922.7596162217435,False,settled
b,blue_ramp,ramp,0.0,0.8,0.0,1.6391497459023576,806.6013463634562,False,settled
b,blue_ramp,ramp,0.0,0.8,0.0,0.7270112662270649,1095.33604103324,False,settled
b,blue_ramp,ramp,0.0,0.8,0.0,1.1913214527780094,928.063587138431,False,settled
b,blue_ramp,ramp,0.0,0.8,0.0,1.0121266686866472,989.7345525501534,False,settled
b,blue_ramp,ramp,0.0,0.8,0.0,1.4301156848607766,852.677694677532,False,settled
b,blue_ramp,ramp,0.0,0.8,0.0,1.689393574180075,792.2565019975273,False,settled
b,blue_ramp,ramp,0.0,0.8,0.0,1.0989567443280608,956.6866373069655,False,settled
b,blue_ramp,ramp,0.0,0.8,0.0,0.9957954251616123,986.3636348528054,False,settled
b,blue_ramp,ramp,0.0,0.8,0.0,0.6870733086708687,1116.3873307532874,False,settled
b,blue_ramp,ramp,0.0,0.8,0.0,1.28254286584912,895.9848387567586,False,settled
b,blue_ramp,ramp,0.0,0.8,0.0,0.7212668690940696,1103.1715021680714,False,settled
b,blue_ramp,ramp,0.0,0.8,0.0,0.8207908968887985,1060.6123822458485,False,settled
b,blue_ramp,ramp,0.0,0.8,0.0,0.7549603520356079,1077.4326330555882,False,settled
b,blue_ramp,ramp,0.0,0.8,0.0,0.7132491937760084,1100.006951137374,False,settled
b,blue_ramp,ramp,0.0,0.8,0.0,0.9203068396247395,1020.8651356744432,False,settled
b,blue_ramp,ramp,0.0,0.8,0.0,1.4971097620895957,840.8720868934254,False,settled
b,blue_ramp,ramp,0.0,0.8,0.0,0.7491637457939824,1087.9701858539293,False,settled
b,blue_ramp,ramp,0.0,0.8,0.0,0.9162935846867635,1023.2226983165457,False,settled
b,blue_ramp,ramp,0.0,0.8,0.0,0.856528603098314,1035.9830341092468,False,settled
b,blue_ramp,ramp,0.0,0.8,0.0,0.7221220255477276,1104.3841281711993,False,settled
b,blue_ramp,ramp,0.0,0.8,0.0,1.6545788959994885,802.9658047728291,False,settled
b,blue_ramp,ramp,0.0,0.8,0.0,0.9937029784017275,986.8053160728277,False,settled
b,blue_ramp,ramp,0.0,0.8,0.0,0.7009463729435779,1106.2156052509108,False,settled
b,blue_ramp,ramp,0.0,0.8,0.0,0.7158201879759915,1092.3998881124003,False,settled
b,blue_ramp,ramp,0.0,0.8,0.0,1.0402448498747878,976.9223702731708,False,settled
b,blue_ramp,ramp,0.0,0.8,0.0,0.7736106567573376,1070.3004854714547,False,settled
b,blue_ramp,ramp,0.0,0.8,0.0,0.9100789445146664,1015.9430744857823,False,settled
b,blue_ramp,ramp,0.0,0.8,0.0,1.2656793519090828,904.9046736628235,False,settled
b,blue_ramp,ramp,0.0,0.8,0.0,1.041371231204179,975.9925666977189,False,settled
b,blue_ramp,ramp,0.0,0.8,0.0,0.8443280916215885,1042.547888359235,False,settled
b,blue_ramp,ramp,0.0,0.8,0.0,0.7819587995095152,1078.0160114059406,False,settled
b,blue_ramp,ramp,0.0,0.8,0.0,0.7437066776703793,1089.5170286695807,False,settled
b,blue_ramp,ramp,0.0,0.8,0.0,0.7859760440133237,1074.849603819147,False,settled
b,blue_ramp,ramp,0.0,0.8,0.0,0.8821131996179764,1037.7625952002775,False,settled
b,blue_ramp,ramp,0.0,0.8,0.0,0.9507704364200272,1006.782062843102,False,settled
b,blue_ramp,ramp,0.0,0.8,0.0,1.3024333293393138,890.5680474533902,False,settled
b,blue_ramp,ramp,0.0,0.8,0.0,0.7917383891530332,1072.5581727080344,False,settled
b,blue_ramp,ramp,0.0,0.8,0.0,0.7710414915258093,1072.1030438712774,False,settled
b,blue_ramp,ramp,0.0,0.8,0.0,1.0775734591370756,964.6262603780788,False,settled
b,blue_ramp,ramp,0.0,0.8,0.0,1.655772023852054,803.2384923081099,False,settled
b,blue_ramp,ramp,0.0,0.8,0.0,0.8330196954855515,1051.2653037213656,False,settled
b,blue_ramp,ramp,0.0,0.8,0.0,1.0780966490381882,964.4942614971474,False,settled
b,blue_ramp,ramp,0.0,0.8,0.0,1.6408552638023797,806.8026586204015,False,settled
b,blue_ramp,ramp,0.0,0.8,0.0,1.0159507174573417,986.58070180452,False,settled
b,blue_ramp,ramp,0.0,0.8,0.0,0.984898957550747,991.2279042952697,False,settled
b,blue_ramp,ramp,0.0,0.8,0.0,1.095525993982707,959.5841523056317,False,settled
b,blue_ramp,ramp,0.0,0.8,0.0,1.250682362968226,904.8125608692394,False,settled
b,blue_ramp,ramp,0.0,0.8,0.0,1.2231003145417683,916.1454756826504,False,settled
b,blue_ramp,ramp,0.0,0.8,0.0,1.1962327999522306,923.979562256787,False,settled
b,blue_ramp,ramp,0.0,0.8,0.0,0.8545655113246134,1036.223403561029,False,settled
b,blue_ramp,ramp,0.0,0.8,0.0,1.0576686487653533,972.7209505824784,False,settled
b,blue_ramp,ramp,0.0,0.8,0.0,1.1847853569568512,926.0895594085131,False,settled
b,blue_ramp,ramp,0.0,0.8,0.0,1.467887930164104,845.0654303559397,False,settled
b,blue_ramp,ramp,0.0,0.8,0.0,1.3915744433064576,865.1666684380144,False,settled
b,blue_ramp,ramp,0.0,0.8,0.0,1.491860691413748,842.4731584507718,False,settled
b,blue_ramp,ramp,0.0,0.8,0.0,0.9777452939975018,996.5101066874391,False,settled
b,blue_ramp,ramp,0.0,0.8,0.0,1.496197254379926,841.2075165519047,False,settled
b,blue_ramp,ramp,0.0,0.8,0.0,0.734105634442984,1098.2018504936239,False,settled
b,blue_ramp,ramp,0.0,0.8,0.0,0.9150832156035746,1024.1823660013958,False,settled
b,blue_ramp,ramp,0.0,0.8,0.0,1.2245929849850858,915.6228457892764,False,settled
b,blue_ramp,ramp,0.0,0.8,0.0,0.8509457312475623,1050.3285573882013,False,settled
b,blue_ramp,ramp,0.0,0.8,0.0,0.8078331562660269,1056.7478854268018,False,settled
b,blue_ramp,ramp,0.0,0.8,0.0,1.1790841836264294,931.0662747684825,False,settled
b,blue_ramp,ramp,0.0,0.8,0.0,1.3755607167065975,870.575218593491,False,settled
b,blue_ramp,ramp,0.0,0.8,0.0,1.4386126679283673,852.442496946489,False,settled
b,blue_ramp,ramp,0.0,0.8,0.0,0.9948095167715286,986.5694708647677,False,settled
b,blue_ramp,ramp,0.0,0.8,0.0,1.0219981325990857,981.6232572684436,False,settled
b,blue_ramp,ramp,0.0,0.8,0.0,0.9040090086683487,1020.5699732593278,False,settled
b,blue_ramp,ramp,0.0,0.8,0.0,0.7400745427056155,1084.3288796487593,False,settled
b,blue_ramp,ramp,0.0,0.8,0.0,0.9894270832783711,987.7392297523268,False,settled
b,blue_ramp,ramp,0.0,0.8,0.0,0.7942372264557253,1072.2285187309858,False,settled
b,blue_ramp,ramp,0.0,0.8,0.0,1.1921522565292326,927.5788839001376,False,settled
b,blue_ramp,ramp,0.0,0.8,0.0,0.7976357443715778,1071.7806472414743,False,settled
b,blue_ramp,ramp,0.0,0.8,0.0,1.0571957474912062,973.1092634389721,False,settled
b,blue_ramp,ramp,0.0,0.8,0.0,0.7173025872946797,1094.492838886789,False,settled
b,blue_ramp,ramp,0.0,0.8,0.0,1.1332750899949158,945.7952913385069,False,settled
b,blue_ramp,ramp,0.0,0.8,0.0,0.7058196706703117,1102.1914736655344,False,settled
b,blue_ramp,ramp,0.0,0.8,0.0,0.8927657269701064,1029.4882084390517,False,settled
b,blue_ramp,ramp,0.0,0.8,0.0,1.6264946648431835,810.4772115067046,False,settled
b,blue_ramp,ramp,0.0,0.8,0.0,1.490337540267784,842.9815017620413,False,settled
b,blue_ramp,ramp,0.0,0.8,0.0,0.7780180265103964,1066.8544059360108,False,settled
b,blue_ramp,ramp,0.0,0.8,0.0,1.6071149604743369,815.6057588924306,False,settled
b,blue_ramp,ramp,0.0,0.8,0.0,0.9776188990022068,996.6097630989462,False,settled
b,blue_ramp,ramp,0.0,0.8,0.0,1.040715897845354,976.5335315071138,False,settled
b,blue_ramp,ramp,0.0,0.8,0.0,1.1800417504812721,930.2262827875198,False,settled
b,blue_ramp,ramp,0.0,0.8,0.0,0.8314818635887176,1052.468194704721,False,settled
b,blue_ramp,ramp,0.0,0.8,0.0,1.048986860418102,970.0757461722295,False,settled
b,blue_ramp,ramp,0.0,0.8,0.0,0.9349894918853826,1006.6351459374769,False,settled
b,blue_ramp,ramp,0.0,0.8,0.0,0.7533359269614469,1080.6671599432123,False,settled
b,blue_ramp,ramp,0.0,0.8,0.0,0.7522340553715902,1081.2229908128245,False,settled
b,blue_ramp,ramp,0.0,0.8,0.0,0.6898039757894014,1112.5433099754325,False,settled
b,blue_ramp,ramp,0.0,0.8,0.0,0.7647085277579309,1076.3044992942644,False,settled
b,blue_ramp,ramp,0.0,0.8,0.0,0.7037629701107622,1107.305588199953,False,settled
b,blue_ramp,ramp,0.0,0.8,0.0,0.9875005017116619,989.1060926590693,False,settled
b,blue_ramp,ramp,0.0,0.8,0.0,0.7427515653231493,1089.178683852273,False,settled
b,blue_ramp,ramp,0.0,0.8,0.0,1.3964230035261884,864.9287291979933,False,settled
b,blue_ramp,ramp,0.0,0.8,0.0,0.7386864821176208,1089.5311434881337,False,settled
b,blue_ramp,ramp,0.0,0.8,0.0,1.1501444367757725,937.0633573595325,False,settled
b,blue_ramp,ramp,0.0,0.8,0.0,1.3150727898511798,888.3754372101181,False,settled
b,blue_ramp,ramp,0.0,0.8,0.0,1.2076016121109747,921.8150737699331,False,settled
b,blue_ramp,ramp,0.0,0.8,0.0,1.2178892675365391,920.3802260233871,False,settled
b,blue_ramp,ramp,0.0,0.8,0.0,0.7456337792862118,1083.978429727504,False,settled
b,blue_ramp,ramp,0.0,0.8,0.0,1.6696718189444184,799.2559460946195,False,settled
b,blue_ramp,ramp,0.0,0.8,0.0,0.8541016147256321,1049.1606806036807,False,settled
b,blue_ramp,ramp,0.0,0.8,0.0,0.7325233129407832,1085.969181350693,False,settled
b,blue_ramp,ramp,0.0,0.8,0.0,1.3545293110840777,875.2575295185776,False,settled
b,blue_ramp,ramp,0.0,0.8,0.0,0.7236282764126076,1092.2479739367348,False,settled
b,blue_ramp,ramp,0.0,0.8,0.0,1.339459509374344,878.915665019346,False,settled
b,blue_ramp,ramp,0.0,0.8,0.0,1.16908788686062,931.6134219679433,False,settled
b,blue_ramp,ramp,0.0,0.8,0.0,1.0743126193758776,965.4486901620944,False,settled
b,blue_ramp,ramp,0.0,0.8,0.0,0.794559670744973,1072.1860374833211,False,settled
b,blue_ramp,ramp,0.0,0.8,0.0,0.7591736423149146,1077.4022608762043,False,settled
b,blue_ramp,ramp,0.0,0.8,0.0,0.9973055682283669,986.0448056243417,False,settled
b,blue_ramp,ramp,0.0,0.8,0.0,0.7664209700904381,1075.2580457090448,False,settled
b,blue_ramp,ramp,0.0,0.8,0.0,1.051241169699927,968.3564456090041,False,settled
b,blue_ramp,ramp,0.0,0.8,0.0,1.0393268942268346,977.6801155689965,False,settled
b,blue_ramp,ramp,0.0,0.8,0.0,1.5809563826282478,821.9040194443728,False,settled
b,blue_ramp,ramp,0.0,0.8,0.0,1.048491904020936,970.4732130316612,False,settled
b,blue_ramp,ramp,0.0,0.8,0.0,0.8504248836800375,1037.8099265772616,False,settled
b,blue_ramp,ramp,0.0,0.8,0.0,0.7018495181908003,1112.2809000768693,False,settled
b,blue_ramp,ramp,0.0,0.8,0.0,0.7122262785474591,1097.5669829850474,False,settled
b,blue_ramp,ramp,0.0,0.8,0.0,0.8973921207412371,1025.8037595170172,False,settled
b,blue_ramp,ramp,0.0,0.8,0.0,0.7331730620798402,1086.1689895112972,False,settled
b,blue_ramp,ramp,0.0,0.8,0.0,1.6660434708622867,800.029726737481,False,settled
b,blue_ramp,ramp,0.0,0.8,0.0,1.0255673920444799,978.7037737420588,False,settled
b,blue_ramp,ramp,0.0,0.8,0.0,0.7624616192972835,1077.4896896627665,False,settled
b,blue_ramp,ramp,0.0,0.8,0.0,1.6166922917784938,812.062136237757,False,settled
b,blue_ramp,ramp,0.0,0.8,0.0,1.2847037676339539,894.0020904546059,False,settled
b,blue_ramp,ramp,0.0,0.8,0.0,0.7001541265031387,1100.3574225909047,False,settled
b,blue_ramp,ramp,0.0,0.8,0.0,0.8561329630657566,1036.0484444284364,False,settled
b,blue_ramp,ramp,0.0,0.8,0.0,0.7084045977533303,1098.3245633642412,False,settled
b,blue_ramp,ramp,0.0,0.8,0.0,0.7520135258371976,1081.4317935066433,False,settled
b,blue_ramp,ramp,0.0,0.8,0.0,1.2067593225552533,922.547222891491,False,settled
b,blue_ramp,ramp,0.0,0.8,0.0,0.8178212082745896,1062.968408456989,False,settled
b,blue_ramp,ramp,0.0,0.8,0.0,1.1979940769043527,922.4353553090464,False,settled
b,blue_ramp,ramp,0.0,0.8,0.0,0.9846339983168202,991.436497334511,False,settled
b,blue_ramp,ramp,0.0,0.8,0.0,1.376370046478633,869.7456440600865,False,settled
b,blue_ramp,ramp,0.0,0.8,0.0,0.7340597291446413,1098.0966311465515,False,settled
b,blue_ramp,ramp,0.0,0.8,0.0,0.8177937413280354,1062.9902708692553,False,settled
b,blue_ramp,ramp,0.0,0.8,0.0,1.0652984823235436,967.7514488027434,False,settled
b,blue_ramp,ramp,0.0,0.8,0.0,1.0330230137288698,973.0342321384054,False,settled
b,blue_ramp,ramp,0.0,0.8,0.0,1.118574169498521,949.4930343995504,False,settled
b,blue_ramp,ramp,0.0,0.8,0.0,0.8021635438282785,1057.3377964083143,False,settled
b,blue_ramp,ramp,0.0,0.8,0.0,0.8881227983615814,1033.1896489285334,False,settled
b,blue_ramp,ramp,0.0,0.8,0.0,0.9938674795400468,986.7661703099403,False,settled
b,blue_ramp,ramp,0.0,0.8,0.0,0.8118252768715982,1054.0602834699905,False,settled
b,blue_ramp,ramp,0.0,0.8,0.0,1.0524439972735693,967.3234711287521,False,settled
b,blue_ramp,ramp,0.0,0.8,0.0,0.9478648938195575,1009.1183443706016,False,settled
b,blue_ramp,ramp,0.0,0.8,0.0,1.5589757167413423,826.4951765219676,False,settled
b,blue_ramp,ramp,0.0,0.8,0.0,1.0306541187566693,974.8497993910906,False,settled
b,blue_ramp,ramp,0.0,0.8,0.0,0.906661437058404,1018.6354443205064,False,settled
b,blue_ramp,ramp,0.0,0.8,0.0,0.740896435963232,1087.0103163391423,False,settled
b,blue_ramp,ramp,0.0,0.8,0.0,0.8312501137504361,1052.6494769360074,False,settled
b,blue_ramp,ramp,0.0,0.8,0.0,0.9925796494418022,987.1355664545728,False,settled
b,blue_ramp,ramp,0.0,0.8,0.0,0.7034955024466072,1104.4947623360201,False,settled
b,blue_ramp,ramp,0.0,0.8,0.0,0.9300381026498711,1019.0362874587395,False,settled
b,blue_ramp,ramp,0.0,0.8,0.0,0.7983547926694349,1071.6859776218191,False,settled
b,blue_ramp,ramp,0.0,0.8,0.0,0.805016661344321,1056.9981408181252,False,settled
b,blue_ramp,ramp,0.0,0.8,0.0,0.9713358917351622,1001.591128608463,False,settled
b,blue_ramp,ramp,0.0,0.8,0.0,1.3872054929183484,864.4334998065649,False,settled
b,blue_ramp,ramp,0.0,0.8,0.0,1.018398171880228,984.5683411768507,False,settled
b,blue_ramp,ramp,0.0,0.8,0.0,0.8851493291887227,1035.5752302931144,False,settled
b,blue_ramp,ramp,0.0,0.8,0.0,1.049174646763827,969.9249453548362,False,settled
b,blue_ramp,ramp,0.0,0.8,0.0,0.7107594129962924,1106.280611115506,False,settled
b,blue_ramp,ramp,0.0,0.8,0.0,1.557732485370258,826.2694357382409,False,settled
b,blue_ramp,ramp,0.0,0.8,0.0,1.5418646650392263,829.4855144109943,False,settled
b,blue_ramp,ramp,0.0,0.8,0.0,0.7902164158505609,1072.7586735595917,False,settled
b,blue_ramp,ramp,0.0,0.8,0.0,0.8640168480658357,1034.8467480793215,False,settled
b,blue_ramp,ramp,0.0,0.8,0.0,0.7662250868642578,1075.3718009251497,False,settled
b,blue_ramp,ramp,0.0,0.8,0.0,1.2192127354602837,919.200431564299,False,settled
b,blue_ramp,ramp,0.0,0.8,0.0,0.8681078678679491,1034.1608079974103,False,settled
b,blue_ramp,ramp,0.0,0.8,0.0,0.8344440167314375,1050.1512207068533,False,settled
b,blue_ramp,ramp,0.0,0.8,0.0,1.3092687612313771,890.8325048740292,False,settled
b,blue_ramp,ramp,0.0,0.8,0.0,0.7002018723191654,1100.7059621995925,False,settled
b,blue_ramp,ramp,0.0,0.8,0.0,1.02722394961425,977.6201124601246,False,settled
b,blue_ramp,ramp,0.0,0.8,0.0,1.3483329425820698,875.981910113509,False,settled
b,blue_ramp,ramp,0.0,0.8,0.0,1.1274286846587682,942.1899841178515,False,settled
b,blue_ramp,ramp,0.0,0.8,0.0,1.1906271816419367,928.6765386811215,False,settled
b,blue_ramp,ramp,0.0,0.8,0.0,0.6985098303495736,1102.7084127587311,False,settled
b,blue_ramp,ramp,0.0,0.8,0.0,1.0019458184835066,985.1537400155662,False,settled
b,blue_ramp,ramp,0.0,0.8,0.0,1.3073580187497809,892.253124390956,False,settled
b,blue_ramp,ramp,0.0,0.8,0.0,0.8292361597323175,1054.2243971523137,False,settled
b,blue_ramp,ramp,0.0,0.8,0.0,1.4062058635340475,863.2472235036439,False,settled
b,blue_ramp,ramp,0.0,0.8,0.0,1.1304008481468248,948.2136912367532,False,settled
b,blue_ramp,ramp,0.0,0.8,0.0,0.9904711504917316,987.5888153907737,False,settled
b,blue_ramp,ramp,0.0,0.8,0.0,0.706872075776819,1107.6578216202493,False,settled
b,blue_ramp,ramp,0.0,0.8,0.0,1.1198449006706654,948.4182623289432,False,settled
b,blue_ramp,ramp,0.0,0.8,0.0,0.8054918208354835,1056.943302654751,False,settled
b,blue_ramp,ramp,0.0,0.8,0.0,1.171131402810125,929.8495044830028,False,settled
b,blue_ramp,ramp,0.0,0.8,0.0,0.8339667431212592,1050.5244528748965,False,settled
b,blue_ramp,ramp,0.0,0.8,0.0,0.742455356190487,1088.991220587382,False,settled
b,blue_ramp,ramp,0.0,0.8,0.0,1.0061155896733396,984.2836040096403,False,settled
b,blue_ramp,ramp,0.0,0.8,0.0,1.1897671307639621,929.435983796521,False,settled
b,blue_ramp,ramp,0.0,0.8,0.0,1.2109332834811275,918.9188326730873,False,settled
b,blue_ramp,ramp,0.0,0.8,0.0,0.7453191051221776,1084.1315491621915,False,settled
b,blue_ramp,ramp,0.0,0.8,0.0,1.060654018539924,970.2732740282157,False,settled
b,blue_ramp,ramp,0.0,0.8,0.0,1.0604607861215938,970.4306592391824,False,settled
b,blue_ramp,ramp,0.0,0.8,0.0,0.7602115604831996,1078.0560443875174,False,settled
b,blue_ramp,ramp,0.0,0.8,0.0,0.8910828596511889,1030.8284503272014,False,settled
b,blue_ramp,ramp,0.0,0.8,0.0,0.964871865593139,1006.8397828048753,False,settled
b,blue_ramp,ramp,0.0,0.8,0.0,0.9160184192163527,1023.4408618694026,False,settled
b,blue_ramp,ramp,0.0,0.8,0.0,1.1448298330247644,938.6232089266206,False,settled
b,blue_ramp,ramp,0.0,0.8,0.0,0.8038681684656406,1057.1327246199255,False,settled
b,blue_ramp,ramp,0.0,0.8,0.0,0.9009419556614149,1022.9942394830973,False,settled
b,blue_ramp,ramp,0.0,0.8,0.0,1.4024978103071364,860.514238822704,False,settled
b,blue_ramp,ramp,0.0,0.8,0.0,0.8935097946940292,1028.8956986930607,False,settled
b,blue_ramp,ramp,0.0,0.8,0.0,0.9688533061543636,1003.6067620826973,False,settled
b,blue_ramp,ramp,0.0,0.8,0.0,1.5316197359065988,834.0865147312843,False,settled
b,blue_ramp,ramp,0.0,0.8,0.0,1.137761177349997,942.2722002880819,False,settled
b,blue_ramp,ramp,0.0,0.8,0.0,0.8364528263698544,1048.5802834391368,False,settled
b,blue_ramp,ramp,0.0,0.8,0.0,0.7449056930273612,1084.3505780068463,False,settled
b,blue_ramp,ramp,0.0,0.8,0.0,0.7377553896537189,1088.6311223687521,False,settled
b,blue_ramp,ramp,0.0,0.8,0.0,1.3061757223287749,887.1930211180995,False,settled
b,blue_ramp,ramp,0.0,0.8,0.0,0.9792257847180719,995.3416424318814,False,settled
b,blue_ramp,ramp,0.0,0.8,0.0,0.8073890727851896,1056.7991159241117,False,settled
b,blue_ramp,ramp,0.0,0.8,0.0,0.686663716757174,1107.1739927800336,False,settled
b,blue_ramp,ramp,0.0,0.8,0.0,1.3445956708818967,879.4124764573074,False,settled
b,blue_ramp,ramp,0.0,0.8,0.0,0.9759592855446636,997.9178209605458,False,settled
b,blue_ramp,ramp,0.0,0.8,0.0,0.9550884202192329,1003.3134206786831,False,settled
b,blue_ramp,ramp,0.0,0.8,0.0,0.8350121874752221,1049.7069022251865,False,settled
b,blue_ramp,ramp,0.0,0.8,0.0,0.9656025640240573,1006.24643808841,False,settled
b,blue_ramp,ramp,0.0,0.8,0.0,0.7624105586096491,1077.5105218992746,False,settled
b,blue_ramp,ramp,0.0,0.8,0.0,1.2047559752289843,924.0368653945238,False,settled
b,blue_ramp,ramp,0.0,0.8,0.0,1.3319288669040816,880.4545123321797,False,settled
b,blue_ramp,ramp,0.0,0.8,0.0,0.9314199981094182,1018.7766484636675,False,settled
b,blue_ramp,ramp,0.0,0.8,0.0,1.0462184462598347,972.0110554810814,False,settled
b,blue_ramp,ramp,0.0,0.8,0.0,1.6667367989514368,800.8572382766796,False,settled
b,blue_ramp,ramp,0.0,0.8,0.0,0.7482589037312358,1087.275845857293,False,settled
b,blue_ramp,ramp,0.0,0.8,0.0,0.8355593039005514,1049.279044872848,False,settled
b,blue_ramp,ramp,0.0,0.8,0.0,0.99753633131958,985.9966291747719,False,settled
b,blue_ramp,ramp,0.0,0.8,0.0,0.8299049495241194,1053.7014847908179,False,settled
b,blue_ramp,ramp,0.0,0.8,0.0,0.8426077369232573,1043.7920565202116,False,settled
b,blue_ramp,ramp,0.0,0.8,0.0,0.8520714627855904,1049.49093674051,False,settled
b,blue_ramp,ramp,0.0,0.8,0.0,0.6879367722919899,1105.1362390282259,False,settled
b,blue_ramp,ramp,0.0,0.8,0.0,1.6387017526847338,807.2563980976308,False,settled
b,blue_ramp,ramp,0.0,0.8,0.0,1.1958777975214594,924.290778747999,False,settled
b,blue_ramp,ramp,0.0,0.8,0.0,1.4346072060708766,852.3206273102975,False,settled
b,blue_ramp,ramp,0.0,0.8,0.0,0.9653961802121751,1006.414027088022,False,settled
b,blue_ramp,ramp,0.0,0.8,0.0,1.005127059395465,984.489834496557,False,settled
b,blue_ramp,ramp,0.0,0.8,0.0,1.6810333078805038,795.1605254113235,False,settled
b,blue_ramp,ramp,0.0,0.8,0.0,0.9028182735079332,1021.5112413420561,False,settled
b,blue_ramp,ramp,0.0,0.8,0.0,1.3862820994532656,865.3283621977262,False,settled
b,blue_ramp,ramp,0.0,0.8,0.0,0.738800567443843,1085.3245071439242,False,settled
b,blue_ramp,ramp,0.0,0.8,0.0,1.0334797018733277,972.6708329811645,False,settled
b,blue_ramp,ramp,0.0,0.8,0.0,0.7407248996254717,1086.4520986104212,False,settled
b,blue_ramp,ramp,0.0,0.8,0.0,1.4128979307015808,861.6399039590724,False,settled
b,blue_ramp,ramp,0.0,0.8,0.0,1.042267729473021,975.252519570018,False,settled
b,blue_ramp,ramp,0.0,0.8,0.0,1.0377566007413552,978.9766413652119,False,settled
b,blue_ramp,ramp,0.0,0.8,0.0,1.0967831057905477,958.5222876483084,False,settled
b,blue_ramp,ramp,0.0,0.8,0.0,1.1448861386344003,938.6064834938388,False,settled
b,blue_ramp,ramp,0.0,0.8,0.0,1.095056544878208,959.980632377932,False,settled
b,blue_ramp,ramp,0.0,0.8,0.0,0.7144327881801122,1103.8409691959816,False,settled
b,blue_ramp,ramp,0.0,0.8,0.0,1.5700208409264003,824.5047400142909,False,settled
b,blue_ramp,ramp,0.0,0.8,0.0,1.078046692983075,964.5068716303422,False,settled
b,blue_ramp,ramp,0.0,0.8,0.0,1.107339190922867,950.0021948301032,False,settled
b,blue_ramp,ramp,0.0,0.8,0.0,0.7231283013153881,1091.4221729678718,False,settled
b,blue_ramp,ramp,0.0,0.8,0.0,1.1626729347548244,936.9309707578994,False,settled
b,blue_ramp,ramp,0.0,0.8,0.0,0.75465346098933,1077.6830439741905,False,settled
b,blue_ramp,ramp,0.0,0.8,0.0,0.9463742148476051,1010.3169616455168,False,settled
b,blue_ramp,ramp,0.0,0.8,0.0,0.7842960231448247,1076.1740482103414,False,settled
b,blue_ramp,ramp,0.0,0.8,0.0,1.0910024829885572,954.3210220471498,False,settled
b,blue_ramp,ramp,0.0,0.8,0.0,0.8146343222542294,1051.9920092645827,False,settled
b,blue_ramp,ramp,0.0,0.8,0.0,1.6716296760528673,799.41577123594,False,settled
b,blue_ramp,ramp,0.0,0.8,0.0,1.2257384394926434,915.2216788158952,False,settled
b,blue_ramp,ramp,0.0,0.8,0.0,0.8857434188737181,1035.0986415392788,False,settled
b,blue_ramp,ramp,0.0,0.8,0.0,0.9133951468829044,1025.521144938843,False,settled
b,blue_ramp,ramp,0.0,0.8,0.0,0.9943507524023962,986.6652619848658,False,settled
b,blue_ramp,ramp,0.0,0.8,0.0,0.9995707223816219,985.5718379106199,False,settled
b,blue_ramp,ramp,0.0,0.8,0.0,0.795842616054991,1072.0169478936014,False,settled
b,blue_ramp,ramp,0.0,0.8,0.0,0.7273679989451786,1095.9587745666834,False,settled
b,blue_ramp,ramp,0.0,0.8,0.0,0.7076821484712863,1110.6333604829672,False,settled
b,blue_ramp,ramp,0.0,0.8,0.0,0.6919708739882786,1108.9731509487572,False,settled
b,blue_ramp,ramp,0.0,0.8,0.0,0.7313313187201986,1099.583229432877,False,settled
b,blue_ramp,ramp,0.0,0.8,0.0,0.8496531310690024,1038.4612591600062,False,settled
b,blue_ramp,ramp,0.0,0.8,0.0,0.9070189092021628,1018.3583375607473,False,settled
b,blue_ramp,ramp,0.0,0.8,0.0,1.5980103053843286,817.7429076996696,False,settled
b,blue_ramp,ramp,0.0,0.8,0.0,1.317930770742641,887.1727964532972,False,settled
b,blue_ramp,ramp,0.0,0.8,0.0,0.9553029497337733,1003.1423290000338,False,settled
b,blue_ramp,ramp,0.0,0.8,0.0,1.1037614578054877,952.9103792101787,False,settled
b,blue_ramp,ramp,0.0,0.8,0.0,0.8277531984700586,1055.3827155567205,False,settled
b,blue_ramp,ramp,0.0,0.8,0.0,1.2558729906620894,907.0192236266331,False,settled
b,blue_ramp,ramp,0.0,0.8,0.0,0.7542986804177622,1077.9632567696854,False,settled
b,blue_ramp,ramp,0.0,0.8,0.0,1.332293200370863,880.1068986668042,False,settled
b,blue_ramp,ramp,0.0,0.8,0.0,1.2513881653928403,904.1017156773574,False,settled
b,blue_ramp,ramp,0.0,0.8,0.0,0.7247060102009052,1090.81192703149,False,settled
b,blue_ramp,ramp,0.0,0.8,0.0,1.1650813279819972,935.0881369769893,False,settled
b,blue_ramp,ramp,0.0,0.8,0.0,0.6891188171744538,1113.0602583668742,False,settled
b,blue_ramp,ramp,0.0,0.8,0.0,0.9850335944042723,991.1218866864957,False,settled
b,blue_ramp,ramp,0.0,0.8,0.0,0.7632103380618521,1077.1451601674573,False,settled
b,blue_ramp,ramp,0.0,0.8,0.0,0.6906449066837278,1108.6924825473418,False,settled
b,blue_ramp,ramp,0.0,0.8,0.0,0.7934213938028221,1072.336159517542,False,settled
b,blue_ramp,ramp,0.0,0.8,0.0,0.7595507091830562,1077.6405030014394,False,settled
b,blue_ramp,ramp,0.0,0.8,0.0,1.337186316718776,880.8717858280411,False,settled
b,blue_ramp,ramp,0.0,0.8,0.0,1.3604418052500882,874.9538279169984,False,settled
b,blue_ramp,ramp,0.0,0.8,0.0,0.8260780797254068,1056.6911240557927,False,settled
b,blue_ramp,ramp,0.0,0.8,0.0,1.3473241867396806,876.9764693039517,False,settled
b,blue_ramp,ramp,0.0,0.8,0.0,1.353463613980046,876.3257733787943,False,settled
b,blue_ramp,ramp,0.0,0.8,0.0,0.7728109812307623,1070.9094837175521,False,settled
b,blue_ramp,ramp,0.0,0.8,0.0,1.002189775389662,985.102834457714,False,settled
b,blue_ramp,ramp,0.0,0.8,0.0,0.9192188877608983,1021.0696586054588,False,settled
b,blue_ramp,ramp,0.0,0.8,0.0,1.1490078735704856,937.3968987836415,False,settled
b,blue_ramp,ramp,0.0,0.8,0.0,0.8783085971321652,1028.304943087756,False,settled
b,blue_ramp,ramp,0.0,0.8,0.0,1.3679055984366317,872.9434442818647,False,settled
b,blue_ramp,ramp,0.0,0.8,0.0,0.7078385226655621,1096.692785049076,False,settled
b,blue_ramp,ramp,0.0,0.8,0.0,1.0887312447617414,956.2806950350594,False,settled
b,blue_ramp,ramp,0.0,0.8,0.0,1.4396318310876526,851.3767253829978,False,settled
b,blue_ramp,ramp,0.0,0.8,0.0,0.8016121215963459,1057.4082175221472,False,settled
b,blue_ramp,ramp,0.0,0.8,0.0,0.8808356110702278,1026.3693602333658,False,settled
b,blue_ramp,ramp,0.0,0.8,0.0,0.8671902642248176,1034.2942438577827,False,settled
b,blue_ramp,ramp,0.0,0.8,0.0,1.150982192095229,936.8175056681745,False,settled
b,blue_ramp,ramp,0.0,0.8,0.0,1.3248540165540854,886.9804740148372,False,settled
b,blue_ramp,ramp,0.0,0.8,0.0,0.9665181919849289,1005.502900430171,False,settled
b,blue_ramp,ramp,0.0,0.8,0.0,0.7828745491577692,1077.2944682900336,False,settled
b,blue_ramp,ramp,0.0,0.8,0.0,1.0694510905455201,966.6889239274271,False,settled
b,blue_ramp,ramp,0.0,0.8,0.0,0.981901103392355,993.2273424229413,False,settled
b,blue_ramp,ramp,0.0,0.8,0.0,1.5765296642428779,821.3726228333021,False,settled
b,blue_ramp,ramp,0.0,0.8,0.0,0.9095101576634834,1016.374554004454,False,settled
b,blue_ramp,ramp,0.0,0.8,0.0,1.0285386062979314,976.6449025766769,False,settled
b,blue_ramp,ramp,0.0,0.8,0.0,0.8667212973532736,1034.3624370966822,False,settled
b,blue_ramp,ramp,0.0,0.8,0.0,1.1410392613067561,939.7360688210616,False,settled
b,blue_ramp,ramp,0.0,0.8,0.0,0.7461128216538127,1083.861115596866,False,settled
b,blue_ramp,ramp,0.0,0.8,0.0,0.9450487990178843,1011.3870079186091,False,settled
b,blue_ramp,ramp,0.0,0.8,0.0,0.9207473477212589,1020.7820271475473,False,settled
b,blue_ramp,ramp,0.0,0.8,0.0,0.7475162530663266,1086.2019263463212,False,settled
b,blue_ramp,ramp,0.0,0.8,0.0,1.299220568114338,893.5877402651291,False,settled
b,blue_ramp,ramp,0.0,0.8,0.0,0.7716869564874163,1071.6453730508374,False,settled
b,blue_ramp,ramp,0.0,0.8,0.0,1.2759154184740789,902.1728865020076,False,settled
b,blue_ramp,ramp,0.0,0.8,0.0,1.1639680764411717,935.8049735423698,False,settled
b,blue_ramp,ramp,0.0,0.8,0.0,1.0441807274173818,973.6797651590521,False,settled
b,blue_ramp,ramp,0.0,0.8,0.0,1.3102774411154714,890.4026948436813,False,settled
b,blue_ramp,ramp,0.0,0.8,0.0,0.7916173840373522,1072.5741107100066,False,settled
b,blue_ramp,ramp,0.0,0.8,0.0,1.0198610088494984,983.3715486337303,False,settled
b,blue_ramp,ramp,0.0,0.8,0.0,1.356922647214623,873.2384424433583,False,settled
b,blue_ramp,ramp,0.0,0.8,0.0,1.5176763735112588,836.9657602617448,False,settled
b,blue_ramp,ramp,0.0,0.8,0.0,1.1985225086680973,921.9721758054326,False,settled
b,blue_ramp,ramp,0.0,0.8,0.0,0.7240524971848528,1090.41488428981,False,settled
b,blue_ramp,ramp,0.0,0.8,0.0,0.7102683694535564,1105.9679590448272,False,settled
b,blue_ramp,ramp,0.0,0.8,0.0,0.8527396042641145,1049.382143706891,False,settled
b,blue_ramp,ramp,0.0,0.8,0.0,0.6916841439423194,1116.5769633989307,False,settled
b,blue_ramp,ramp,0.0,0.8,0.0,0.90680222189396,1018.5263056055809,False,settled
b,blue_ramp,ramp,0.0,0.8,0.0,0.8229309574686785,1058.9204344737918,False,settled
b,blue_ramp,ramp,0.0,0.8,0.0,1.02814051671546,976.8756181969386,False,settled
b,blue_ramp,ramp,0.0,0.8,0.0,0.9433296188603111,1012.7802287575937,False,settled
b,blue_ramp,ramp,0.0,0.8,0.0,1.2468585971689046,908.1903832834731,False,settled
b,blue_ramp,ramp,0.0,0.8,0.0,0.7438122128181834,1089.5824376484356,False,settled
b,blue_ramp,ramp,0.0,0.8,0.0,0.7294956211664382,1094.7657279649704,False,settled
b,blue_ramp,ramp,0.0,0.8,0.0,1.2962018838901899,890.1108861521903,False,settled
b,blue_ramp,ramp,0.0,0.8,0.0,0.9220798691473662,1020.5316723681574,False,settled
b,blue_ramp,ramp,0.0,0.8,0.0,0.8600068715110519,1035.36735259315,False,settled
b,blue_ramp,ramp,0.0,0.8,0.0,0.6994066776242456,1109.999330536583,False,settled
b,blue_ramp,ramp,0.0,0.8,0.0,0.9493414631231403,1007.9310183405877,False,settled
b,blue_ramp,ramp,0.0,0.8,0.0,1.1322555215509795,946.6525036739647,False,settled
b,blue_ramp,ramp,0.0,0.8,0.0,1.3824022098877018,869.0378665539844,False,settled
b,blue_ramp,ramp,0.0,0.8,0.0,1.357971251486114,877.4652587841118,False,settled
b,blue_ramp,ramp,0.0,0.8,0.0,1.1252377325822553,944.015784642533,False,settled
b,blue_ramp,ramp,0.0,0.8,0.0,1.031568162683012,974.1111636416164,False,settled
b,blue_ramp,ramp,0.0,0.8,0.0,1.6915540724318874,790.9617346331399,False,settled
b,blue_ramp,ramp,0.0,0.8,0.0,0.859071014325258,1035.5101840269551,False,settled
b,blue_ramp,ramp,0.0,0.8,0.0,0.856059069904646,1036.059430210381,False,settled
b,blue_ramp,ramp,0.0,0.8,0.0,1.0580101026512663,972.4405706652049,False,settled
b,blue_ramp,ramp,0.0,0.8,0.0,1.0977029565291654,957.745473553784,False,settled
b,blue_ramp,ramp,0.0,0.8,0.0,0.78802482564976,1073.7256516024352,False,settled
b,blue_ramp,ramp,0.0,0.8,0.0,1.469457905996637,848.1833179668232,False,settled
b,blue_ramp,ramp,0.0,0.8,0.0,1.3477182581289353,876.5864890745356,False,settled
b,blue_ramp,ramp,0.0,0.8,0.0,0.8831030140154653,1036.969064676419,False,settled
b,blue_ramp,ramp,0.0,0.8,0.0,0.758814688969782,1077.1747001088336,False,settled
b,blue_ramp,ramp,0.0,0.8,0.0,1.3097517595282007,890.626688988374,False,settled
b,blue_ramp,ramp,0.0,0.8,0.0,0.709653015685171,1104.0297648313442,False,settled
b,blue_ramp,ramp,0.0,0.8,0.0,1.1056844443854577,951.2978588554255,False,settled
b,blue_ramp,ramp,0.0,0.8,0.0,0.8333296281151432,1051.0229164481902,False,settled
b,blue_ramp,ramp,0.0,0.8,0.0,1.1287272208322292,941.2593407297423,False,settled
b,blue_ramp,ramp,0.0,0.8,0.0,1.2245789533123788,915.6277586894039,False,settled
b,blue_ramp,ramp,0.0,0.8,0.0,0.9158338810419606,1023.5871744855772,False,settled
b,blue_ramp,ramp,0.0,0.8,0.0,1.5323719921979875,832.9365099085134,False,settled
b,blue_ramp,ramp,0.0,0.8,0.0,0.8199405297116242,1061.2844543052156,False,settled
b,blue_ramp,ramp,0.0,0.8,0.0,1.1396714896889122,940.6615460843537,False,settled
b,blue_ramp,ramp,0.0,0.8,0.0,0.7852155217350687,1075.4492353834867,False,settled
b,blue_ramp,ramp,0.0,0.8,0.0,1.26295119350077,900.5537860116519,False,settled
b,blue_ramp,ramp,0.0,0.8,0.0,1.0629393033924275,968.4022438335136,False,settled
b,blue_ramp,ramp,0.0,0.8,0.0,0.9065928454576208,1018.6886188045655,False,settled
b,blue_ramp,ramp,0.0,0.8,0.0,0.8969715742368186,1026.1387038446485,False,settled
b,blue_ramp,ramp,0.0,0.8,0.0,1.530111694282384,832.6622872560791,False,settled
b,blue_ramp,ramp,0.0,0.8,0.0,0.8962279062524234,1026.7309762606722,False,settled
b,blue_ramp,ramp,0.0,0.8,0.0,1.4799488803403444,847.907077373176,False,settled
b,blue_ramp,ramp,0.0,0.8,0.0,1.289026601027139,896.5816937021702,False,settled
b,blue_ramp,ramp,0.0,0.8,0.0,0.7256901272373895,1094.026868594288,False,settled
b,blue_ramp,ramp,0.0,0.8,0.0,0.9662618276141899,1005.711085982917,False,settled
b,blue_ramp,ramp,0.0,0.8,0.0,1.2207620352694475,917.8195449640598,False,settled
b,blue_ramp,ramp,0.0,0.8,0.0,1.3097515394477484,890.6267827694318,False,settled
b,blue_ramp,ramp,0.0,0.8,0.0,1.259740538525996,903.4619390633925,False,settled
b,blue_ramp,ramp,0.0,0.8,0.0,1.2853478347469196,893.4181951553047,False,settled
b,blue_ramp,ramp,0.0,0.8,0.0,1.1735237621452184,927.8061453115572,False,settled
b,blue_ramp,ramp,0.0,0.8,0.0,1.3157704128869392,888.0817625232909,False,settled
b,blue_ramp,ramp,0.0,0.8,0.0,0.9065602214259807,1018.7139102927966,False,settled
b,blue_ramp,ramp,0.0,0.8,0.0,0.8426552243526582,1043.7552111657883,False,settled
b,blue_ramp,ramp,0.0,0.8,0.0,0.7772594133993852,1067.4302625938694,False,settled
b,blue_ramp,ramp,0.0,0.8,0.0,1.243051624707497,911.6706796222941,False,settled
b,blue_ramp,ramp,0.0,0.8,0.0,0.9921651989608278,987.2234733816448,False,settled
b,blue_ramp,ramp,0.0,0.8,0.0,0.9790148682522495,995.5089641303061,False,settled
b,blue_ramp,ramp,0.0,0.8,0.0,0.903471979002291,1020.994409232876,False,settled
b,blue_ramp,ramp,0.0,0.8,0.0,1.5124224437360372,837.910083416188,False,settled
b,blue_ramp,ramp,0.0,0.8,0.0,0.8614339534336409,1035.1560227486664,False,settled
b,blue_ramp,ramp,0.0,0.8,0.0,0.6934607228986287,1105.205952241787,False,settled
b,blue_ramp,ramp,0.0,0.8,0.0,0.935175347548248,1006.6032671160443,False,settled
b,blue_ramp,ramp,0.0,0.8,0.0,0.7342503748600169,1098.0160767708533,False,settled
b,blue_ramp,ramp,0.0,0.8,0.0,1.43991589757917,850.9832247863486,False,settled
b,blue_ramp,ramp,0.0,0.8,0.0,0.7671606839494741,1074.8010736312185,False,settled
b,blue_ramp,ramp,0.0,0.8,0.0,1.06202472316446,969.1517391314794,False,settled
b,blue_ramp,ramp,0.0,0.8,0.0,0.8556121409065581,1036.1259467733028,False,settled
b,blue_ramp,ramp,0.0,0.8,0.0,1.2600150980718416,903.2113114538485,False,settled
b,blue_ramp,ramp,0.0,0.8,0.0,1.4821475584292843,845.0836695221916,False,settled
b,blue_ramp,ramp,0.0,0.8,0.0,0.8847217152145079,1035.9182559537708,False,settled
b,blue_ramp,ramp,0.0,0.8,0.0,0.8353544703009654,1049.4392297535053,False,settled
b,blue_ramp,ramp,0.0,0.8,0.0,1.0294175692142804,975.9309004125141,False,settled
b,blue_ramp,ramp,0.0,0.8,0.0,0.9907695743176226,987.5254868256353,False,settled
b,blue_ramp,ramp,0.0,0.8,0.0,1.545460526475416,830.9825097393974,False,settled
b,blue_ramp,ramp,0.0,0.8,0.0,1.0633258105053105,968.2561782067293,False,settled
b,blue_ramp,ramp,0.0,0.8,0.0,1.1688193752437717,931.8452029422098,False,settled
b,blue_ramp,ramp,0.0,0.8,0.0,0.8297558332924535,1053.8180756065765,False,settled
b,blue_ramp,ramp,0.0,0.8,0.0,1.0254955122292875,978.7625648650167,False,settled
b,blue_ramp,ramp,0.0,0.8,0.0,0.7853174367778742,1075.3688877814716,False,settled
b,blue_ramp,ramp,0.0,0.8,0.0,1.0479804574227574,970.8778425213147,False,settled
b,blue_ramp,ramp,0.0,0.8,0.0,0.7399018165166407,1084.3213191911696,False,settled
b,blue_ramp,ramp,0.0,0.8,0.0,0.727933962702282,1097.2615305752495,False,settled
b,blue_ramp,ramp,0.0,0.8,0.0,0.7833086116588633,1076.952437868293,False,settled
b,blue_ramp,ramp,0.0,0.8,0.0,0.9887588997073684,988.2191974476465,False,settled
b,blue_ramp,ramp,0.0,0.8,0.0,0.8045103376582479,1057.057058314099,False,settled
b,blue_ramp,ramp,0.0,0.8,0.0,1.5310542818843753,833.7122796013201,False,settled
b,blue_ramp,ramp,0.0,0.8,0.0,1.634993640757358,807.8757020029332,False,settled
b,blue_ramp,ramp,0.0,0.8,0.0,0.8409207645078995,1045.1012228705968,False,settled
b,blue_ramp,ramp,0.0,0.8,0.0,0.9866723374825709,989.7579012755267,False,settled
b,blue_ramp,ramp,0.0,0.8,0.0,1.1285035958208534,941.4319585263806,False,settled
b,blue_ramp,ramp,0.0,0.8,0.0,1.609836785431953,813.3999342396855,False,settled
b,blue_ramp,ramp,0.0,0.8,0.0,1.128623319168902,941.3426411888382,False,settled
b,blue_ramp,ramp,0.0,0.8,0.0,1.658491976596925,801.8203298501361,False,settled
b,blue_ramp,ramp,0.0,0.8,0.0,0.9482808062517757,1008.783895953083,False,settled
b,blue_ramp,ramp,0.0,0.8,0.0,1.3316405813908343,880.6380209273133,False,settled
b,blue_ramp,ramp,0.0,0.8,0.0,1.1365170166669298,943.3232839712374,False,settled
b,blue_ramp,ramp,0.0,0.8,0.0,0.8618750559601376,1035.1638374491422,False,settled
b,blue_ramp,ramp,0.0,0.8,0.0,1.0699305248937874,966.5662771027901,False,settled
b,blue_ramp,ramp,0.0,0.8,0.0,0.9491925924342168,1008.0506978040005,False,settled
b,blue_ramp,ramp,0.0,0.8,0.0,1.1645128710931811,935.5828863627187,False,settled
b,blue_ramp,ramp,0.0,0.8,0.0,0.7334978116564452,1086.8561298161842,False,settled
b,blue_ramp,ramp,0.0,0.8,0.0,1.2019902692260578,918.9543277429246,False,settled
b,blue_ramp,ramp,0.0,0.8,0.0,1.331797683097363,880.4845831360676,False,settled
b,blue_ramp,ramp,0.0,0.8,0.0,1.0971042212621203,958.2511064492207,False,settled
b,blue_ramp,ramp,0.0,0.8,0.0,0.7721951722395191,1071.2847487652543,False,settled
b,blue_ramp,ramp,0.0,0.8,0.0,0.6908496417085468,1112.363487405677,False,settled
b,blue_ramp,ramp,0.0,0.8,0.0,0.7407816019024829,1086.6367013283484,False,settled
b,blue_ramp,ramp,0.0,0.8,0.0,0.7292669644518406,1094.7647967332916,False,settled
b,blue_ramp,ramp,0.0,0.8,0.0,0.7168716491339001,1094.4916743906124,False,settled
b,blue_ramp,ramp,0.0,0.8,0.0,0.6935549492468103,1106.5586229254045,False,settled
b,blue_ramp,ramp,0.0,0.8,0.0,1.0709910376756075,966.2949811911034,False,settled
b,blue_ramp,ramp,0.0,0.8,0.0,0.9009416617096646,1022.9944718056317,False,settled
b,blue_ramp,ramp,0.0,0.8,0.0,1.2008504871668508,920.0217775126232,False,settled
b,blue_ramp,ramp,0.0,0.8,0.0,0.7640268282617271,1076.7178388009565,False,settled
b,blue_ramp,ramp,0.0,0.8,0.0,0.8248048427702271,1057.6935397335192,False,settled
b,blue_ramp,ramp,0.0,0.8,0.0,0.7469272812614549,1084.9441909614723,False,settled
b,blue_ramp,ramp,0.0,0.8,0.0,1.4694219449805916,847.9388658047849,False,settled
b,blue_ramp,ramp,0.0,0.8,0.0,1.123513476044807,945.3693070590996,False,settled
b,blue_ramp,ramp,0.0,0.8,0.0,0.7162358067318606,1093.531829486912,False,settled
b,blue_ramp,ramp,0.0,0.8,0.0,0.8882713436830708,1033.0704588433625,False,settled
b,blue_ramp,ramp,0.0,0.8,0.0,0.7601283175457487,1078.0038430383902,False,settled
b,blue_ramp,ramp,0.0,0.8,0.0,0.7412915843431215,1088.0326716875338,False,settled
b,blue_ramp,ramp,0.0,0.8,0.0,1.0176227788820646,985.2026865740065,False,settled
b,blue_ramp,ramp,0.0,0.8,0.0,1.0966147158534467,958.6644921493012,False,settled
b,blue_ramp,ramp,0.0,0.8,0.0,1.2394081834455677,907.7865810331662,False,settled
b,blue_ramp,ramp,0.0,0.8,0.0,1.4275385624057508,855.468439996015,False,settled
b,blue_ramp,ramp,0.0,0.8,0.0,0.9880737711461305,988.7532883211394,False,settled
b,blue_ramp,ramp,0.0,0.8,0.0,1.2668675708485992,903.8028718871093,False,settled
b,blue_ramp,ramp,0.0,0.8,0.0,0.7705348391042149,1072.4622188217852,False,settled
b,blue_ramp,ramp,0.0,0.8,0.0,0.8388695003057269,1046.6931094928032,False,settled
b,blue_ramp,ramp,0.0,0.8,0.0,1.065594601669574,967.6756842176668,False,settled
b,blue_ramp,ramp,0.0,0.8,0.0,0.9420582414720462,1013.8105384070013,False,settled
b,blue_ramp,ramp,0.0,0.8,0.0,0.7668999147871718,1074.962258480933,False,settled
b,blue_ramp,ramp,0.0,0.8,0.0,1.4126039292513477,861.9614235925204,False,settled
b,blue_ramp,ramp,0.0,0.8,0.0,1.2966983872952549,895.9682413324728,False,settled
b,blue_ramp,ramp,0.0,0.8,0.0,1.4189473675284647,859.9104023066654,False,settled
b,blue_ramp,ramp,0.0,0.8,0.0,0.8523683585782784,1049.4410621557415,False,settled
b,blue_ramp,ramp,0.0,0.8,0.0,1.3934251506878879,863.1693196440754,False,settled
b,blue_ramp,ramp,0.0,0.8,0.0,1.2854016218880675,893.3686125943541,False,settled
b,blue_ramp,ramp,0.0,0.8,0.0,1.1419250285555032,939.4759001116405,False,settled
b,blue_ramp,ramp,0.0,0.8,0.0,1.142184370478594,939.3996859645675,False,settled
b,blue_ramp,ramp,0.0,0.8,0.0,1.0858961790377533,958.5459175722436,False,settled
b,blue_ramp,ramp,0.0,0.8,0.0,0.9146579311586648,1024.5195820610877,False,settled
b,blue_ramp,ramp,0.0,0.8,0.0,1.2213985472662288,917.2522052702751,False,settled
b,blue_ramp,ramp,0.0,0.8,0.0,0.8077489285630488,1056.7576021629554,False,settled
b,blue_ramp,ramp,0.0,0.8,0.0,0.9794126518730523,995.1935157618408,False,settled
b,blue_ramp,ramp,0.0,0.8,0.0,1.2424299987939247,912.2389524686072,False,settled
b,blue_ramp,ramp,0.0,0.8,0.0,0.7546520356731632,1077.682426084002,False,settled
b,blue_ramp,ramp,0.0,0.8,0.0,1.4043971447074908,864.2138706272699,False,settled
b,blue_ramp,ramp,0.0,0.8,0.0,0.745323261499291,1084.1366253231763,False,settled
b,blue_ramp,ramp,0.0,0.8,0.0,1.5243751110113193,834.9674182584649,False,settled
b,blue_ramp,ramp,0.0,0.8,0.0,1.1821154014289557,928.4123650236053,False,settled
b,blue_ramp,ramp,0.0,0.8,0.0,0.9825888351776348,992.6838890313212,False,settled
b,blue_ramp,ramp,0.0,0.8,0.0,1.3519570014735085,877.8360361330382,False,settled
b,blue_ramp,ramp,0.0,0.8,0.0,0.9560441826507905,1002.5511783236043,False,settled
b,blue_ramp,ramp,0.0,0.8,0.0,0.9295964862863226,1019.119260772602,False,settled
b,blue_ramp,ramp,0.0,0.8,0.0,1.4168814378002728,857.6228601581068,False,settled
b,blue_ramp,ramp,0.0,0.8,0.0,1.532906318994141,832.1796618569049,False,settled
b,blue_ramp,ramp,0.0,0.8,0.0,0.6887887322930738,1115.6725305680434,False,settled
b,blue_ramp,ramp,0.0,0.8,0.0,0.9237295808197463,1020.2218702667434,False,settled
b,blue_ramp,ramp,0.0,0.8,0.0,0.9294801625424439,1019.1411162957234,False,settled
b,blue_ramp,ramp,0.0,0.8,0.0,0.8544045712143993,1036.2472510597197,False,settled
b,blue_ramp,ramp,0.0,0.8,0.0,0.7915103051458116,1072.5882150555863,False,settled
b,blue_ramp,ramp,0.0,0.8,0.0,0.9936020755203515,986.8263837988598,False,settled
b,blue_ramp,ramp,0.0,0.8,0.0,1.4312854015623317,856.0317365784038,False,settled
b,blue_ramp,ramp,0.0,0.8,0.0,1.36324635425235,872.3989920163585,False,settled
b,blue_ramp,ramp,0.0,0.8,0.0,0.9318951099711212,1018.6873812291052,False,settled
b,blue_ramp,ramp,0.0,0.8,0.0,0.7124215264616194,1098.2100534069423,False,settled
b,blue_ramp,ramp,0.0,0.8,0.0,0.9690069551457365,1003.4820161086458,False,settled
b,blue_ramp,ramp,0.0,0.8,0.0,0.7641161365235191,1076.666685316613,False,settled
b,blue_ramp,ramp,0.0,0.8,0.0,1.290022294661807,895.6688305331566,False,settled
b,blue_ramp,ramp,0.0,0.8,0.0,1.1447753637927638,938.6391963656607,False,settled
b,blue_ramp,ramp,0.0,0.8,0.0,0.8958160581524082,1027.0589682783432,False,settled
b,blue_ramp,ramp,0.0,0.8,0.0,0.8777416472365325,1028.7433772829083,False,settled
b,blue_ramp,ramp,0.0,0.8,0.0,1.453193209554607,849.3210538344136,False,settled
b,blue_ramp,ramp,0.0,0.8,0.0,0.785175174661048,1075.4810435338723,False,settled
b,blue_ramp,ramp,0.0,0.8,0.0,1.038412302935907,978.4353353996023,False,settled
b,blue_ramp,ramp,0.0,0.8,0.0,0.7043661991635886,1111.1128940969304,False,settled
b,blue_ramp,ramp,0.0,0.8,0.0,0.9471113169810507,1009.7242889055708,False,settled
b,blue_ramp,ramp,0.0,0.8,0.0,1.462991241581531,846.5812071995216,False,settled
b,blue_ramp,ramp,0.0,0.8,0.0,1.6655428492463518,801.0444347242401,False,settled
b,blue_ramp,ramp,0.0,0.8,0.0,0.8665373946766501,1034.389178580601,False,settled
b,blue_ramp,ramp,0.0,0.8,0.0,0.9789576177207002,995.5541005721336,False,settled
b,blue_ramp,ramp,0.0,0.8,0.0,0.8378116393309007,1047.517638042437,False,settled
b,blue_ramp,ramp,0.0,0.8,0.0,0.9034154661629877,1021.039072820653,False,settled
b,blue_ramp,ramp,0.0,0.8,0.0,1.5216357992071372,836.426783816266,False,settled
b,blue_ramp,ramp,0.0,0.8,0.0,1.072117686519568,966.0067664888164,False,settled
b,blue_ramp,ramp,0.0,0.8,0.0,1.6286757242355205,810.2489630943365,False,settled
b,blue_ramp,ramp,0.0,0.8,0.0,0.7102763484215229,1106.0672449886808,False,settled
b,blue_ramp,ramp,0.0,0.8,0.0,1.4754444952442525,844.5412909705111,False,settled
b,yellow_ramp,ramp,0.0,0.8,0.0,0.25787794561635324,1093.5377836659088,False,settled
b,yellow_ramp,ramp,0.0,0.8,0.0,0.31766354227511573,1075.4902140156362,False,settled
b,yellow_ramp,ramp,0.0,0.8,0.0,0.2749473032378253,1088.9861110360403,False,settled
b,yellow_ramp,ramp,0.0,0.8,0.0,0.7070959486075624,926.9835711452308,False,settled
b,yellow_ramp,ramp,0.0,0.8,0.0,0.3256817855661406,1072.3678216346614,False,settled
b,yellow_ramp,ramp,0.0,0.8,0.0,0.531220348269803,985.7493876577117,False,settled
b,yellow_ramp,ramp,0.0,0.8,0.0,0.30957651984236034,1067.570375346042,False,settled
b,yellow_ramp,ramp,0.0,0.8,0.0,1.09153848740539,826.3902648910284,False,settled
b,yellow_ramp,ramp,0.0,0.8,0.0,1.1515197162980124,811.9590684972302,False,settled
b,yellow_ramp,ramp,0.0,0.8,0.0,1.1801922473358593,804.9162521246576,False,settled
b,yellow_ramp,ramp,0.0,0.8,0.0,0.9539018469444529,857.4564850066747,False,settled
b,yellow_ramp,ramp,0.0,0.8,0.0,0.6918020618477544,931.786463954903,False,settled
b,yellow_ramp,ramp,0.0,0.8,0.0,0.5381427479942763,984.3822499139878,False,settled
b,yellow_ramp,ramp,0.0,0.8,0.0,0.9531907629076737,858.2400270819815,False,settled
b,yellow_ramp,ramp,0.0,0.8,0.0,0.5501578075604422,985.1740298735771,False,settled
b,yellow_ramp,ramp,0.0,0.8,0.0,0.3737064406884532,1044.8794918167341,False,settled
b,yellow_ramp,ramp,0.0,0.8,0.0,0.6747379847445218,939.383949530995,False,settled
b,yellow_ramp,ramp,0.0,0.8,0.0,0.28096286928254094,1087.5236374097285,False,settled
b,yellow_ramp,ramp,0.0,0.8,0.0,1.1145408245289554,819.1838501575102,False,settled
b,yellow_ramp,ramp,0.0,0.8,0.0,0.4548790533230606,1020.4756294715272,False,settled
b,yellow_ramp,ramp,0.0,0.8,0.0,0.63326190618616,955.1673038944238,False,settled
b,yellow_ramp,ramp,0.0,0.8,0.0,1.1223770078534054,818.4081412351646,False,settled
b,yellow_ramp,ramp,0.0,0.8,0.0,0.30772002785280533,1068.9901337509161,False,settled
b,yellow_ramp,ramp,0.0,0.8,0.0,0.420388327309981,1033.377781676623,False,settled
b,yellow_ramp,ramp,0.0,0.8,0.0,0.2946058076262327,1077.6261405094035,False,settled
b,yellow_ramp,ramp,0.0,0.8,0.0,0.6354045663235403,953.6288694346802,False,settled
b,yellow_ramp,ramp,0.0,0.8,0.0,0.3139562795988325,1078.4119835192134,False,settled
b,yellow_ramp,ramp,0.0,0.8,0.0,1.1852904197540992,803.6893168199219,False,settled
b,yellow_ramp,ramp,0.0,0.8,0.0,0.5644039968434539,973.8385400362406,False,settled
b,yellow_ramp,ramp,0.0,0.8,0.0,1.1383153047490837,815.5263480371027,False,settled
b,yellow_ramp,ramp,0.0,0.8,0.0,0.2880086473251486,1076.955962777479,False,settled
b,yellow_ramp,ramp,0.0,0.8,0.0,0.42937515337594645,1026.2154969905341,False,settled
b,yellow_ramp,ramp,0.0,0.8,0.0,0.6348294476306485,954.1113033696902,False,settled
b,yellow_ramp,ramp,0.0,0.8,0.0,0.798174761440329,904.9089299365257,False,settled
b,yellow_ramp,ramp,0.0,0.8,0.0,0.32346215962069713,1072.6604201545122,False,settled
b,yellow_ramp,ramp,0.0,0.8,0.0,1.0743190191790482,829.5520441265385,False,settled
b,yellow_ramp,ramp,0.0,0.8,0.0,0.3936343497073197,1035.2003920040281,False,settled
b,yellow_ramp,ramp,0.0,0.8,0.0,0.6437647180727718,946.703563835939,False,settled
b,yellow_ramp,ramp,0.0,0.8,0.0,0.9103218803792814,868.6675348037885,False,settled
b,yellow_ramp,ramp,0.0,0.8,0.0,0.2614452806707313,1095.1957950868268,False,settled
b,yellow_ramp,ramp,0.0,0.8,0.0,0.2724710448441034,1084.3521749427225,False,settled
b,yellow_ramp,ramp,0.0,0.8,0.0,0.3595984487962843,1055.887601704706,False,settled
b,yellow_ramp,ramp,0.0,0.8,0.0,0.5857355527092826,966.6964298876211,False,settled
b,yellow_ramp,ramp,0.0,0.8,0.0,0.8071147546830503,896.6746449074539,False,settled
b,yellow_ramp,ramp,0.0,0.8,0.0,1.0614387980912174,832.2674677240415,False,settled
b,yellow_ramp,ramp,0.0,0.8,0.0,0.6553196636907972,945.955151670356,False,settled
b,yellow_ramp,ramp,0.0,0.8,0.0,1.1495635447633434,812.9996159636107,False,settled
b,yellow_ramp,ramp,0.0,0.8,0.0,0.44291711331693917,1015.7792805358072,False,settled
b,yellow_ramp,ramp,0.0,0.8,0.0,0.46063774377328787,1019.393336390367,False,settled
b,yellow_ramp,ramp,0.0,0.8,0.0,0.961601122674893,853.7490654853997,False,settled
b,yellow_ramp,ramp,0.0,0.8,0.0,1.0740558809969392,829.9645100557576,False,settled
b,yellow_ramp,ramp,0.0,0.8,0.0,0.3631682685868976,1053.1045987558564,False,settled
b,yellow_ramp,ramp,0.0,0.8,0.0,0.8949367557809208,873.292272871417,False,settled
b,yellow_ramp,ramp,0.0,0.8,0.0,0.902175958198461,871.3905651164354,False,settled
b,yellow_ramp,ramp,0.0,0.8,0.0,1.1641087745787897,808.4803812814743,False,settled
b,yellow_ramp,ramp,0.0,0.8,0.0,0.907418476264771,871.2335630524553,False,settled
b,yellow_ramp,ramp,0.0,0.8,0.0,0.32692952092858435,1072.203184399053,False,settled
b,yellow_ramp,ramp,0.0,0.8,0.0,0.9670846342224215,852.345948230907,False,settled
b,yellow_ramp,ramp,0.0,0.8,0.0,0.9094786635428758,869.4075697207705,False,settled
b,yellow_ramp,ramp,0.0,0.8,0.0,0.9391327578517373,863.0190738477878,False,settled
b,yellow_ramp,ramp,0.0,0.8,0.0,1.0042290154150941,844.7776041521159,False,settled
b,yellow_ramp,ramp,0.0,0.8,0.0,0.7196846143392066,924.0198985278355,False,settled
b,yellow_ramp,ramp,0.0,0.8,0.0,0.6523666368417582,948.3998829630198,False,settled
b,yellow_ramp,ramp,0.0,0.8,0.0,0.265932449646267,1086.7327265935887,False,settled
b,yellow_ramp,ramp,0.0,0.8,0.0,0.35676128848299005,1058.1213971085338,False,settled
b,yellow_ramp,ramp,0.0,0.8,0.0,0.6555815570144181,945.7340132041369,False,settled
b,yellow_ramp,ramp,0.0,0.8,0.0,0.30582022552595256,1070.5224593459366,False,settled
b,yellow_ramp,ramp,0.0,0.8,0.0,0.3075798342231672,1069.09828253062,False,settled
b,yellow_ramp,ramp,0.0,0.8,0.0,0.4382230334453975,1019.3626437670118,False,settled
b,yellow_ramp,ramp,0.0,0.8,0.0,0.8452632097255641,889.3473337837831,False,settled
b,yellow_ramp,ramp,0.0,0.8,0.0,0.25303797757391416,1101.6616568244042,False,settled
b,yellow_ramp,ramp,0.0,0.8,0.0,0.937220090525584,864.0412763759784,False,settled
b,yellow_ramp,ramp,0.0,0.8,0.0,0.9520702255892903,859.2205533313216,False,settled
b,yellow_ramp,ramp,0.0,0.8,0.0,0.35239812411159455,1061.3179659551895,False,settled
b,yellow_ramp,ramp,0.0,0.8,0.0,0.3066846044261135,1069.8609170028822,False,settled
b,yellow_ramp,ramp,0.0,0.8,0.0,0.3394010197647408,1056.8554183466902,False,settled
b,yellow_ramp,ramp,0.0,0.8,0.0,1.2087193504855227,797.357840219475,False,settled
b,yellow_ramp,ramp,0.0,0.8,0.0,0.5894318358960624,973.3259672433963,False,settled
b,yellow_ramp,ramp,0.0,0.8,0.0,0.8968943765487398,871.2482467387241,False,settled
b,yellow_ramp,ramp,0.0,0.8,0.0,1.0076747937643429,846.7836242273723,False,settled
b,yellow_ramp,ramp,0.0,0.8,0.0,0.5962732859541073,968.1416860791543,False,settled
b,yellow_ramp,ramp,0.0,0.8,0.0,0.5633868093020044,974.6606677638592,False,settled
b,yellow_ramp,ramp,0.0,0.8,0.0,0.5446127583890762,989.7460247501566,False,settled
b,yellow_ramp,ramp,0.0,0.8,0.0,1.1273144525549517,817.8454247271604,False,settled
b,yellow_ramp,ramp,0.0,0.8,0.0,0.8469819649042322,888.6240775728005,False,settled
b,yellow_ramp,ramp,0.0,0.8,0.0,0.35536597344819093,1058.9718068432437,False,settled
b,yellow_ramp,ramp,0.0,0.8,0.0,0.7944467552400479,901.536805202306,False,settled
b,yellow_ramp,ramp,0.0,0.8,0.0,0.7236143056371943,928.2464715935466,False,settled
b,yellow_ramp,ramp,0.0,0.8,0.0,1.190131732898817,802.4053474187115,False,settled
b,yellow_ramp,ramp,0.0,0.8,0.0,0.7128330351068703,929.9707603301886,False,settled
b,yellow_ramp,ramp,0.0,0.8,0.0,0.2606051572116849,1097.5206111568866,False,settled
b,yellow_ramp,ramp,0.0,0.8,0.0,1.0816866915967938,828.5948923809514,False,settled
b,yellow_ramp,ramp,0.0,0.8,0.0,1.0517722229971376,835.9789394982516,False,settled
b,yellow_ramp,ramp,0.0,0.8,0.0,0.908872858506941,869.7427623457073,False,settled
b,yellow_ramp,ramp,0.0,0.8,0.0,0.6970387803289921,935.5603367011859,False,settled
b,yellow_ramp,ramp,0.0,0.8,0.0,1.0671578385867861,833.2013364808261,False,settled
b,yellow_ramp,ramp,0.0,0.8,0.0,0.5209584197882834,988.4507768138232,False,settled
b,yellow_ramp,ramp,0.0,0.8,0.0,0.7981089192988204,904.9699785865279,False,settled
b,yellow_ramp,ramp,0.0,0.8,0.0,1.1770505120722399,805.9741064347313,False,settled
b,yellow_ramp,ramp,0.0,0.8,0.0,0.7528977403016244,918.1442457505035,False,settled
b,yellow_ramp,ramp,0.0,0.8,0.0,0.52945461607723,986.1216361644264,False,settled
b,yellow_ramp,ramp,0.0,0.8,0.0,0.9169420045961196,867.2343558625698,False,settled
b,yellow_ramp,ramp,0.0,0.8,0.0,0.6804595350105217,937.7045493767397,False,settled
b,yellow_ramp,ramp,0.0,0.8,0.0,0.8475065658372796,888.40330850165,False,settled
b,yellow_ramp,ramp,0.0,0.8,0.0,1.1214824604615552,820.1551507377848,False,settled
b,yellow_ramp,ramp,0.0,0.8,0.0,0.3385427894210667,1056.954407883589,False,settled
b,yellow_ramp,ramp,0.0,0.8,0.0,0.35462808543202157,1059.5552888010086,False,settled
b,yellow_ramp,ramp,0.0,0.8,0.0,0.3006893527122007,1074.1212734975907,False,settled
b,yellow_ramp,ramp,0.0,0.8,0.0,0.4913705637725079,1000.2970395737365,False,settled
b,yellow_ramp,ramp,0.0,0.8,0.0,0.43111591850482434,1024.8328054181654,False,settled
b,yellow_ramp,ramp,0.0,0.8,0.0,0.26459495456122845,1085.4389684004734,False,settled
b,yellow_ramp,ramp,0.0,0.8,0.0,0.4695685831525199,1006.2588369850318,False,settled
b,yellow_ramp,ramp,0.0,0.8,0.0,0.4288616797914833,1026.6244383677122,False,settled
b,yellow_ramp,ramp,0.0,0.8,0.0,0.2578645123357549,1093.5166894489219,False,settled
b,yellow_ramp,ramp,0.0,0.8,0.0,0.6036175672287182,966.2626129246071,False,settled
b,yellow_ramp,ramp,0.0,0.8,0.0,0.8858832293325704,876.4063411841094,False,settled
b,yellow_ramp,ramp,0.0,0.8,0.0,0.7805197187962243,907.1369956716612,False,settled
b,yellow_ramp,ramp,0.0,0.8,0.0,0.5076711211440168,998.5295357257102,False,settled
b,yellow_ramp,ramp,0.0,0.8,0.0,1.2152723930355924,794.5486961095003,False,settled
b,yellow_ramp,ramp,0.0,0.8,0.0,0.32412560001195945,1072.573028556018,False,settled
b,yellow_ramp,ramp,0.0,0.8,0.0,0.44998675690394746,1022.2767565047924,False,settled
b,yellow_ramp,ramp,0.0,0.8,0.0,0.8269559322630444,891.6044979105147,False,settled
b,yellow_ramp,ramp,0.0,0.8,0.0,0.5717294393211144,977.760561328256,False,settled
b,yellow_ramp,ramp,0.0,0.8,0.0,0.7339704192230377,919.4057252953902,False,settled
b,yellow_ramp,ramp,0.0,0.8,0.0,0.6818633851212682,937.2925686148145,False,settled
b,yellow_ramp,ramp,0.0,0.8,0.0,0.2703885539610575,1088.7606578300574,False,settled
b,yellow_ramp,ramp,0.0,0.8,0.0,0.4977374606708551,1006.5429112643797,False,settled
b,yellow_ramp,ramp,0.0,0.8,0.0,0.43875967510343816,1018.9469139236791,False,settled
b,yellow_ramp,ramp,0.0,0.8,0.0,0.28742166112562323,1077.3377199696686,False,settled
b,yellow_ramp,ramp,0.0,0.8,0.0,0.5137197493493223,993.7673072284838,False,settled
b,yellow_ramp,ramp,0.0,0.8,0.0,0.22360897402894653,1104.3786749829817,False,settled
b,yellow_ramp,ramp,0.0,0.8,0.0,0.41435791405944766,1037.9672437584413,False,settled
b,yellow_ramp,ramp,0.0,0.8,0.0,0.9898870326743782,848.8439576072201,False,settled
b,yellow_ramp,ramp,0.0,0.8,0.0,0.39648470731934804,1034.8515055088953,False,settled
b,yellow_ramp,ramp,0.0,0.8,0.0,0.6942522480199944,937.7314747688263,False,settled
b,yellow_ramp,ramp,0.0,0.8,0.0,0.29760322859316907,1076.0606774349794,False,settled
b,yellow_ramp,ramp,0.0,0.8,0.0,0.3247397500143528,1072.492135746626,False,settled
b,yellow_ramp,ramp,0.0,0.8,0.0,0.3101807409231051,1067.1075026895735,False,settled
b,yellow_ramp,ramp,0.0,0.8,0.0,0.7014133926173022,931.7640471711228,False,settled
b,yellow_ramp,ramp,0.0,0.8,0.0,0.965942191842013,853.6109150289652,False,settled
b,yellow_ramp,ramp,0.0,0.8,0.0,0.24372034608976803,1108.7173373548646,False,settled
b,yellow_ramp,ramp,0.0,0.8,0.0,0.41988941950769193,1033.7780799786306,False,settled
b,yellow_ramp,ramp,0.0,0.8,0.0,0.9650756695279168,854.5835171096867,False,settled
b,yellow_ramp,ramp,0.0,0.8,0.0,0.33663092526639127,1057.1017548548996,False,settled
b,yellow_ramp,ramp,0.0,0.8,0.0,0.3068373198799095,1069.743931748331,False,settled
b,yellow_ramp,ramp,0.0,0.8,0.0,1.1314313949637231,817.4054801131438,False,settled
b,yellow_ramp,ramp,0.0,0.8,0.0,0.29994541166601824,1074.6249698701429,False,settled
b,yellow_ramp,ramp,0.0,0.8,0.0,1.1121334956714901,821.1402166014459,False,settled
b,yellow_ramp,ramp,0.0,0.8,0.0,0.9751382169695806,852.4712498654436,False,settled
b,yellow_ramp,ramp,0.0,0.8,0.0,0.2828629746695554,1082.5068780237557,False,settled
b,yellow_ramp,ramp,0.0,0.8,0.0,0.41522088554619513,1037.2753338482114,False,settled
b,yellow_ramp,ramp,0.0,0.8,0.0,0.26030972964798255,1097.0730836775792,False,settled
b,yellow_ramp,ramp,0.0,0.8,0.0,1.0748370342195068,831.1261516503503,False,settled
b,yellow_ramp,ramp,0.0,0.8,0.0,0.2520628632874166,1100.7792870101,False,settled
b,yellow_ramp,ramp,0.0,0.8,0.0,0.23128087786089005,1104.26648468048,False,settled
b,yellow_ramp,ramp,0.0,0.8,0.0,0.6779414850976182,938.4435086321647,False,settled
b,yellow_ramp,ramp,0.0,0.8,0.0,0.25720359278136873,1090.7969656304651,False,settled
b,yellow_ramp,ramp,0.0,0.8,0.0,0.3071474108431831,1069.5063638754611,False,settled
b,yellow_ramp,ramp,0.0,0.8,0.0,0.496445298457392,996.5724508559272,False,settled
b,yellow_ramp,ramp,0.0,0.8,0.0,0.459140586664794,1019.6748410579899,False,settled
b,yellow_ramp,ramp,0.0,0.8,0.0,0.4264456953963488,1028.5483962469639,False,settled
b,yellow_ramp,ramp,0.0,0.8,0.0,0.6963686813631843,935.8913668473397,False,settled
b,yellow_ramp,ramp,0.0,0.8,0.0,0.2515298257969325,1099.7552560315128,False,settled
b,yellow_ramp,ramp,0.0,0.8,0.0,0.9776200067828218,849.6515589922016,False,settled
b,yellow_ramp,ramp,0.0,0.8,0.0,1.1241131527631454,818.0918684760455,False,settled
b,yellow_ramp,ramp,0.0,0.8,0.0,0.7562849307282627,915.9057650397119,False,settled
b,yellow_ramp,ramp,0.0,0.8,0.0,0.36561481039200533,1051.1909179086806,False,settled
b,yellow_ramp,ramp,0.0,0.8,0.0,0.5985508738072242,967.5587522376746,False,settled
b,yellow_ramp,ramp,0.0,0.8,0.0,0.3138339673258478,1078.5083368166393,False,settled
b,yellow_ramp,ramp,0.0,0.8,0.0,0.5523581107451803,983.3739198602866,False,settled
b,yellow_ramp,ramp,0.0,0.8,0.0,0.4637046675837301,1018.8171061701023,False,settled
b,yellow_ramp,ramp,0.0,0.8,0.0,0.9359931178454837,859.9383208302681,False,settled
b,yellow_ramp,ramp,0.0,0.8,0.0,0.22483885650615032,1113.1657619724235,False,settled
b,yellow_ramp,ramp,0.0,0.8,0.0,1.1471243449226949,813.0668866824209,False,settled
b,yellow_ramp,ramp,0.0,0.8,0.0,0.9332148645933324,861.3449468324942,False,settled
b,yellow_ramp,ramp,0.0,0.8,0.0,0.34066596221876577,1056.709491841082,False,settled
b,yellow_ramp,ramp,0.0,0.8,0.0,0.8434810189122808,890.1029171903461,False,settled
b,yellow_ramp,ramp,0.0,0.8,0.0,0.8597129163884389,884.6740719199576,False,settled
b,yellow_ramp,ramp,0.0,0.8,0.0,1.1092759592889527,822.3897714636937,False,settled
b,yellow_ramp,ramp,0.0,0.8,0.0,0.877878150995516,878.6328778045817,False,settled
b,yellow_ramp,ramp,0.0,0.8,0.0,0.6828377421752505,937.0066290097038,False,settled
b,yellow_ramp,ramp,0.0,0.8,0.0,0.27577996711804914,1089.2513723734983,False,settled
b,yellow_ramp,ramp,0.0,0.8,0.0,0.2307689209042017,1114.7246143435518,False,settled
b,yellow_ramp,ramp,0.0,0.8,0.0,0.5980411729649866,967.6893543990185,False,settled
b,yellow_ramp,ramp,0.0,0.8,0.0,1.109734220574959,822.595214475066,False,settled
b,yellow_ramp,ramp,0.0,0.8,0.0,0.22587591771992002,1103.7127108039897,False,settled
b,yellow_ramp,ramp,0.0,0.8,0.0,0.4584500404581056,1019.8046073643613,False,settled
b,yellow_ramp,ramp,0.0,0.8,0.0,0.8317914418517941,893.5208450611088,False,settled
b,yellow_ramp,ramp,0.0,0.8,0.0,0.4940551403287682,998.4441482750057,False,settled
b,yellow_ramp,ramp,0.0,0.8,0.0,0.6583920903468046,943.3760657986076,False,settled
b,yellow_ramp,ramp,0.0,0.8,0.0,0.5003944081097433,1004.3852774806095,False,settled
b,yellow_ramp,ramp,0.0,0.8,0.0,0.26195151635062136,1094.9030796313089,False,settled
b,yellow_ramp,ramp,0.0,0.8,0.0,0.7148508096214716,928.2075734930793,False,settled
b,yellow_ramp,ramp,0.0,0.8,0.0,0.6643590493198364,946.9858013355052,False,settled
b,yellow_ramp,ramp,0.0,0.8,0.0,1.0330827083172576,840.5719813223044,False,settled
b,yellow_ramp,ramp,0.0,0.8,0.0,0.3368996962731883,1057.0700915847556,False,settled
b,yellow_ramp,ramp,0.0,0.8,0.0,0.36215560801984553,1053.8964396123297,False,settled
b,yellow_ramp,ramp,0.0,0.8,0.0,1.0680966827820364,832.028517334584,False,settled
b,yellow_ramp,ramp,0.0,0.8,0.0,0.31118410346682607,1066.4358616730772,False,settled
b,yellow_ramp,ramp,0.0,0.8,0.0,0.37317835392139476,1045.2893544294243,False,settled
b,yellow_ramp,ramp,0.0,0.8,0.0,0.23587660600863788,1104.4510934544064,False,settled
b,yellow_ramp,ramp,0.0,0.8,0.0,0.22747625139273928,1107.7697045437683,False,settled
b,yellow_ramp,ramp,0.0,0.8,0.0,0.890449516835754,877.4873594114896,False,settled
b,yellow_ramp,ramp,0.0,0.8,0.0,0.6037406618229721,966.231123373137,False,settled
b,yellow_ramp,ramp,0.0,0.8,0.0,0.320746781147484,1073.5762669250612,False,settled
b,yellow_ramp,ramp,0.0,0.8,0.0,0.2514159470752332,1099.4831162892253,False,settled
b,yellow_ramp,ramp,0.0,0.8,0.0,0.785146150109994,903.06783276372,False,settled
b,yellow_ramp,ramp,0.0,0.8,0.0,0.8009339184726042,902.3507019082276,False,settled
b,yellow_ramp,ramp,0.0,0.8,0.0,0.5893232587698927,973.4151220530913,False,settled
b,yellow_ramp,ramp,0.0,0.8,0.0,0.526016461765111,986.8442592136017,False,settled
b,yellow_ramp,ramp,0.0,0.8,0.0,0.5493185365773131,985.8650274170193,False,settled
b,yellow_ramp,ramp,0.0,0.8,0.0,0.27444857556724994,1088.6683154920474,False,settled
b,yellow_ramp,ramp,0.0,0.8,0.0,0.6648541040847413,946.5696267294692,False,settled
b,yellow_ramp,ramp,0.0,0.8,0.0,0.43418514683010107,1022.4068022053931,False,settled
b,yellow_ramp,ramp,0.0,0.8,0.0,0.5992631199449552,967.3765485463316,False,settled
b,yellow_ramp,ramp,0.0,0.8,0.0,1.1478454174650696,812.2528389313973,False,settled
b,yellow_ramp,ramp,0.0,0.8,0.0,0.8149375461305772,896.0831323187144,False,settled
b,yellow_ramp,ramp,0.0,0.8,0.0,0.5277658567818363,986.4741857472224,False,settled
b,yellow_ramp,ramp,0.0,0.8,0.0,0.25830075590221785,1094.1996637409154,False,settled
b,yellow_ramp,ramp,0.0,0.8,0.0,0.23635541546927974,1108.5244287188195,False,settled
b,yellow_ramp,ramp,0.0,0.8,0.0,0.9739520257335633,853.5794954870221,False,settled
b,yellow_ramp,ramp,0.0,0.8,0.0,0.5776757003029184,972.8650323041713,False,settled
b,yellow_ramp,ramp,0.0,0.8,0.0,0.9813314604026261,849.8993638111111,False,settled
b,yellow_ramp,ramp,0.0,0.8,0.0,0.2743033201291736,1088.5603181837976,False,settled
b,yellow_ramp,ramp,0.0,0.8,0.0,0.6110246460722553,964.3862098240202,False,settled
b,yellow_ramp,ramp,0.0,0.8,0.0,0.6323919048342572,955.8968797002359,False,settled
b,yellow_ramp,ramp,0.0,0.8,0.0,0.864875232948717,879.9577058129612,False,settled
b,yellow_ramp,ramp,0.0,0.8,0.0,0.837273216526897,888.3872834338623,False,settled
b,yellow_ramp,ramp,0.0,0.8,0.0,0.7666962900620033,912.2616314654281,False,settled
b,yellow_ramp,ramp,0.0,0.8,0.0,1.0950470307742428,825.0254840631236,False,settled
b,yellow_ramp,ramp,0.0,0.8,0.0,0.8947927439697415,873.4378063017871,False,settled
b,yellow_ramp,ramp,0.0,0.8,0.0,0.8066851491304006,897.0637160656114,False,settled
b,yellow_ramp,ramp,0.0,0.8,0.0,0.8716419577595972,879.2281710971664,False,settled
b,yellow_ramp,ramp,0.0,0.8,0.0,0.6237210904414439,954.1393567495081,False,settled
b,yellow_ramp,ramp,0.0,0.8,0.0,0.44005804857904185,1017.8703944038724,False,settled
b,yellow_ramp,ramp,0.0,0.8,0.0,0.5865082539842431,966.0857540619418,False,settled
b,yellow_ramp,ramp,0.0,0.8,0.0,0.4305073142607471,1025.3138198836987,False,settled
b,yellow_ramp,ramp,0.0,0.8,0.0,0.7025083025941065,930.8187767810552,False,settled
b,yellow_ramp,ramp,0.0,0.8,0.0,0.984396457998018,850.8350477246811,False,settled
b,yellow_ramp,ramp,0.0,0.8,0.0,0.3283946972608409,1072.0100765738364,False,settled
b,yellow_ramp,ramp,0.0,0.8,0.0,0.24021881732747438,1110.875452556859,False,settled
b,yellow_ramp,ramp,0.0,0.8,0.0,0.5743410945750078,975.6047016562047,False,settled
b,yellow_ramp,ramp,0.0,0.8,0.0,0.3389163526074243,1056.9113296496175,False,settled
b,yellow_ramp,ramp,0.0,0.8,0.0,0.8150799197179771,895.9502567871127,False,settled
b,yellow_ramp,ramp,0.0,0.8,0.0,0.4599515678122429,1019.5222579468217,False,settled
b,yellow_ramp,ramp,0.0,0.8,0.0,0.4820218297744962,1007.7860185899052,False,settled
b,yellow_ramp,ramp,0.0,0.8,0.0,1.2102383540773989,796.6059965084696,False,settled
b,yellow_ramp,ramp,0.0,0.8,0.0,0.2886618235280031,1076.77978432717,False,settled
b,yellow_ramp,ramp,0.0,0.8,0.0,0.716497299621402,926.7750121026418,False,settled
b,yellow_ramp,ramp,0.0,0.8,0.0,0.9497140662231343,857.1875071889527,False,settled
b,yellow_ramp,ramp,0.0,0.8,0.0,0.23806700683327386,1101.2101336669564,False,settled
b,yellow_ramp,ramp,0.0,0.8,0.0,0.9251970625268395,863.9180010648807,False,settled
b,yellow_ramp,ramp,0.0,0.8,0.0,0.26207133787493,1095.1350252563495,False,settled
b,yellow_ramp,ramp,0.0,0.8,0.0,0.7396100661388788,922.2423458598666,False,settled
b,yellow_ramp,ramp,0.0,0.8,0.0,0.38956387176775276,1035.813158061105,False,settled
b,yellow_ramp,ramp,0.0,0.8,0.0,0.5082630335653789,998.0724146577188,False,settled
b,yellow_ramp,ramp,0.0,0.8,0.0,0.5168603658758262,991.2908447661226,False,settled
b,yellow_ramp,ramp,0.0,0.8,0.0,0.7432027297921819,919.1200796036828,False,settled
b,yellow_ramp,ramp,0.0,0.8,0.0,0.8377693273665987,887.9255617659743,False,settled
b,yellow_ramp,ramp,0.0,0.8,0.0,0.5351448963891065,985.007668288228,False,settled
b,yellow_ramp,ramp,0.0,0.8,0.0,1.0299874432319298,842.8921291467083,False,settled
b,yellow_ramp,ramp,0.0,0.8,0.0,0.47736944900061107,1011.5323537839855,False,settled
b,yellow_ramp,ramp,0.0,0.8,0.0,1.002684650603574,848.4885958747888,False,settled
b,yellow_ramp,ramp,0.0,0.8,0.0,1.045175101664189,837.6214202425087,False,settled
b,yellow_ramp,ramp,0.0,0.8,0.0,0.39866094116041983,1034.443886113659,False,settled
b,yellow_ramp,ramp,0.0,0.8,0.0,0.749705113453081,913.5867252882473,False,settled
b,yellow_ramp,ramp,0.0,0.8,0.0,0.26315217346749376,1098.7263464724708,False,settled
b,yellow_ramp,ramp,0.0,0.8,0.0,0.441935616040513,1016.4318292848818,False,settled
b,yellow_ramp,ramp,0.0,0.8,0.0,0.7183227543809867,925.18704865218,False,settled
b,yellow_ramp,ramp,0.0,0.8,0.0,0.5286982423931149,986.2795421256341,False,settled
b,yellow_ramp,ramp,0.0,0.8,0.0,0.2672033640426508,1098.0920598139005,False,settled
b,yellow_ramp,ramp,0.0,0.8,0.0,0.29659577239996165,1076.6784323777715,False,settled
b,yellow_ramp,ramp,0.0,0.8,0.0,0.3937949787326966,1035.1766039598083,False,settled
b,yellow_ramp,ramp,0.0,0.8,0.0,0.3849787972127097,1049.4214344042734,False,settled
b,yellow_ramp,ramp,0.0,0.8,0.0,0.5911246065035491,971.9359748721174,False,settled
b,yellow_ramp,ramp,0.0,0.8,0.0,0.694096009294837,937.8673346986463,False,settled
b,yellow_ramp,ramp,0.0,0.8,0.0,0.702019210388589,931.2410913941313,False,settled
b,yellow_ramp,ramp,0.0,0.8,0.0,0.6676228610560686,944.4964699708503,False,settled
b,yellow_ramp,ramp,0.0,0.8,0.0,0.36154928362444705,1054.370511420033,False,settled
b,yellow_ramp,ramp,0.0,0.8,0.0,0.7925251206490723,903.2021622542941,False,settled
b,yellow_ramp,ramp,0.0,0.8,0.0,0.9698933697350276,853.8293285204921,False,settled
b,yellow_ramp,ramp,0.0,0.8,0.0,0.6012010895518332,966.880785885691,False,settled
b,yellow_ramp,ramp,0.0,0.8,0.0,0.7129168006649799,929.8972787238007,False,settled
b,yellow_ramp,ramp,0.0,0.8,0.0,1.0079035432028385,844.5907355343487,False,settled
b,yellow_ramp,ramp,0.0,0.8,0.0,0.5038867753019308,1001.5498198217382,False,settled
b,yellow_ramp,ramp,0.0,0.8,0.0,0.43812644652935256,1019.4374041553822,False,settled
b,yellow_ramp,ramp,0.0,0.8,0.0,0.34959300191528325,1063.5479858881986,False,settled
b,yellow_ramp,ramp,0.0,0.8,0.0,0.36460334564396496,1051.9819385533199,False,settled
b,yellow_ramp,ramp,0.0,0.8,0.0,0.9971368347840732,844.7254258096333,False,settled
b,yellow_ramp,ramp,0.0,0.8,0.0,0.44178794523722936,1016.5452958529962,False,settled
b,yellow_ramp,ramp,0.0,0.8,0.0,0.4084058794684099,1030.2603887854425,False,settled
b,yellow_ramp,ramp,0.0,0.8,0.0,0.6213447242687555,956.1863672045262,False,settled
b,yellow_ramp,ramp,0.0,0.8,0.0,0.38766223189124965,1036.2003486542826,False,settled
b,yellow_ramp,ramp,0.0,0.8,0.0,0.6641443960933673,947.1662467793265,False,settled
b,yellow_ramp,ramp,0.0,0.8,0.0,0.2709972846748282,1089.3493437696081,False,settled
b,yellow_ramp,ramp,0.0,0.8,0.0,1.0577581249717218,834.7867507188611,False,settled
b,yellow_ramp,ramp,0.0,0.8,0.0,0.23098691099244562,1102.5143256644194,False,settled
b,yellow_ramp,ramp,0.0,0.8,0.0,0.22761544328176667,1111.7132381724543,False,settled
b,yellow_ramp,ramp,0.0,0.8,0.0,0.23825508862502875,1101.616446465594,False,settled
b,yellow_ramp,ramp,0.0,0.8,0.0,0.69923008290057,933.6531326073908,False,settled
b,yellow_ramp,ramp,0.0,0.8,0.0,0.7752453159456607,911.9506995104097,False,settled
b,yellow_ramp,ramp,0.0,0.8,0.0,0.7558063320626321,916.0733417674492,False,settled
b,yellow_ramp,ramp,0.0,0.8,0.0,1.147884019858634,812.1483550318914,False,settled
b,yellow_ramp,ramp,0.0,0.8,0.0,1.2106881248645014,796.5893228177623,False,settled
b,yellow_ramp,ramp,0.0,0.8,0.0,0.6240743382437107,953.8458428353509,False,settled
b,yellow_ramp,ramp,0.0,0.8,0.0,0.9342401802249436,860.8132930248483,False,settled
b,yellow_ramp,ramp,0.0,0.8,0.0,0.42998995798509193,1025.725835785453,False,settled
b,yellow_ramp,ramp,0.0,0.8,0.0,0.357593569931866,1057.4662489587215,False,settled
b,yellow_ramp,ramp,0.0,0.8,0.0,0.5752170495615532,974.881609642811,False,settled
b,yellow_ramp,ramp,0.0,0.8,0.0,1.0818002689408401,828.4116002231508,False,settled
b,yellow_ramp,ramp,0.0,0.8,0.0,0.36955115173024056,1048.1123710248949,False,settled
b,yellow_ramp,ramp,0.0,0.8,0.0,1.1788942548098342,805.9146738791094,False,settled
b,yellow_ramp,ramp,0.0,0.8,0.0,0.5837634685699657,968.3385226709544,False,settled
b,yellow_ramp,ramp,0.0,0.8,0.0,0.8708949966976398,879.6847141464095,False,settled
b,yellow_ramp,ramp,0.0,0.8,0.0,1.121265265988202,820.5795577747328,False,settled
b,yellow_ramp,ramp,0.0,0.8,0.0,0.3351189853267984,1057.2840619104707,False,settled
b,yellow_ramp,ramp,0.0,0.8,0.0,0.8764880084378665,880.0178880414853,False,settled
b,yellow_ramp,ramp,0.0,0.8,0.0,0.30847171913904275,1068.4125518115216,False,settled
b,yellow_ramp,ramp,0.0,0.8,0.0,0.5243191369242128,987.2968748524279,False,settled
b,yellow_ramp,ramp,0.0,0.8,0.0,1.1161740490619003,819.293801950382,False,settled
b,yellow_ramp,ramp,0.0,0.8,0.0,0.8699214915965107,880.6408422176878,False,settled
b,yellow_ramp,ramp,0.0,0.8,0.0,0.6987450124323724,934.0753215585266,False,settled
b,yellow_ramp,ramp,0.0,0.8,0.0,0.5805937745516595,970.7889218271899,False,settled
b,yellow_ramp,ramp,0.0,0.8,0.0,0.8082339627178952,902.3437046588338,False,settled
b,yellow_ramp,ramp,0.0,0.8,0.0,1.0555187065934353,834.3131929318712,False,settled
b,yellow_ramp,ramp,0.0,0.8,0.0,0.38420401909429996,1049.7293475275283,False,settled
b,yellow_ramp,ramp,0.0,0.8,0.0,0.25787709981145296,1093.536455620725,False,settled
b,yellow_ramp,ramp,0.0,0.8,0.0,0.9304714895007534,863.5561548633983,False,settled
b,yellow_ramp,ramp,0.0,0.8,0.0,0.665606818770214,945.9368003492757,False,settled
b,yellow_ramp,ramp,0.0,0.8,0.0,0.7413193948820548,920.754407161547,False,settled
b,yellow_ramp,ramp,0.0,0.8,0.0,0.2823727272489617,1082.740677702885,False,settled
b,yellow_ramp,ramp,0.0,0.8,0.0,0.27117339452155204,1089.5185855423817,False,settled
b,yellow_ramp,ramp,0.0,0.8,0.0,0.35407831355460223,1059.989946929638,False,settled
b,yellow_ramp,ramp,0.0,0.8,0.0,0.8921357590251718,875.7726755888142,False,settled
b,yellow_ramp,ramp,0.0,0.8,0.0,0.9499617493669181,856.9223110467872,False,settled
b,yellow_ramp,ramp,0.0,0.8,0.0,0.7932837499919578,902.5096255595155,False,settled
b,yellow_ramp,ramp,0.0,0.8,0.0,0.28338278937951017,1081.9925354830862,False,settled
b,yellow_ramp,ramp,0.0,0.8,0.0,1.1924100356338663,801.5045642790597,False,settled
b,yellow_ramp,ramp,0.0,0.8,0.0,0.8803426957553224,876.4669764092573,False,settled
b,yellow_ramp,ramp,0.0,0.8,0.0,0.4997356114750761,1004.92023689798,False,settled
b,yellow_ramp,ramp,0.0,0.8,0.0,0.27983566925397285,1085.8167923302208,False,settled
b,yellow_ramp,ramp,0.0,0.8,0.0,0.8326853159477956,892.6816671092163,False,settled
b,yellow_ramp,ramp,0.0,0.8,0.0,0.2699298589286175,1088.3136646070845,False,settled
b,yellow_ramp,ramp,0.0,0.8,0.0,0.5732176691880432,976.5320693030627,False,settled
b,yellow_ramp,ramp,0.0,0.8,0.0,0.9287166112276323,865.1453301034352,False,settled
b,yellow_ramp,ramp,0.0,0.8,0.0,0.6551392072469079,946.1075256721459,False,settled
b,yellow_ramp,ramp,0.0,0.8,0.0,1.1056243047350334,823.4435861950225,False,settled
b,yellow_ramp,ramp,0.0,0.8,0.0,0.7420030933929924,920.1627566368445,False,settled
b,yellow_ramp,ramp,0.0,0.8,0.0,0.27073679717780985,1089.0981332536448,False,settled
b,yellow_ramp,ramp,0.0,0.8,0.0,0.797172323732058,905.8383411486755,False,settled
b,yellow_ramp,ramp,0.0,0.8,0.0,0.31593777791894756,1076.8506499204848,False,settled
b,yellow_ramp,ramp,0.0,0.8,0.0,0.3992311268153026,1034.361007782488,False,settled
b,yellow_ramp,ramp,0.0,0.8,0.0,0.31267800913675936,1065.2388109558576,False,settled
b,yellow_ramp,ramp,0.0,0.8,0.0,0.3213001673869677,1073.147804100274,False,settled
b,yellow_ramp,ramp,0.0,0.8,0.0,1.1001592452618276,825.2333131890533,False,settled
b,yellow_ramp,ramp,0.0,0.8,0.0,0.2806783500876927,1087.427187973011,False,settled
b,yellow_ramp,ramp,0.0,0.8,0.0,0.3281129960784042,1072.0472376430318,False,settled
b,yellow_ramp,ramp,0.0,0.8,0.0,1.156393673927782,811.1016338162711,False,settled
b,yellow_ramp,ramp,0.0,0.8,0.0,0.5058586373408257,999.9492435889139,False,settled
b,yellow_ramp,ramp,0.0,0.8,0.0,0.2348746186776706,1099.7109799939574,False,settled
b,yellow_ramp,ramp,0.0,0.8,0.0,0.32517444901682896,1072.4348632042384,False,settled
b,yellow_ramp,ramp,0.0,0.8,0.0,0.2573293261372145,1091.4817126282408,False,settled
b,yellow_ramp,ramp,0.0,0.8,0.0,0.3151216634895246,1077.4937162453243,False,settled
b,yellow_ramp,ramp,0.0,0.8,0.0,0.5524889706876478,983.2668442007736,False,settled
b,yellow_ramp,ramp,0.0,0.8,0.0,0.39367428880088484,1035.1944773039306,False,settled
b,yellow_ramp,ramp,0.0,0.8,0.0,0.6720276786157067,940.7822274877727,False,settled
b,yellow_ramp,ramp,0.0,0.8,0.0,0.7502791863552066,920.2313336204178,False,settled
b,yellow_ramp,ramp,0.0,0.8,0.0,0.23117646400435357,1103.601254995364,False,settled
b,yellow_ramp,ramp,0.0,0.8,0.0,0.9103089090753178,868.6803843534916,False,settled
b,yellow_ramp,ramp,0.0,0.8,0.0,0.7268631258626069,925.6244566181618,False,settled
b,yellow_ramp,ramp,0.0,0.8,0.0,1.1739777176295527,806.918261551342,False,settled
b,yellow_ramp,ramp,0.0,0.8,0.0,0.28938594672527534,1076.6944748764308,False,settled
b,yellow_ramp,ramp,0.0,0.8,0.0,0.7644824507381037,913.0362934217726,False,settled
b,yellow_ramp,ramp,0.0,0.8,0.0,0.641485435068825,948.551670392799,False,settled
b,yellow_ramp,ramp,0.0,0.8,0.0,0.8961312319614048,872.0103031662818,False,settled
b,yellow_ramp,ramp,0.0,0.8,0.0,0.5101093212770297,996.6173146647805,False,settled
b,yellow_ramp,ramp,0.0,0.8,0.0,1.0310675027585234,842.0793655597795,False,settled
b,yellow_ramp,ramp,0.0,0.8,0.0,0.6447689523933522,954.5857506969104,False,settled
b,yellow_ramp,ramp,0.0,0.8,0.0,0.3806056587346343,1039.5491602000895,False,settled
b,yellow_ramp,ramp,0.0,0.8,0.0,0.666557423190473,945.1376480170728,False,settled
b,yellow_ramp,ramp,0.0,0.8,0.0,0.4666039505011084,1018.2723672736772,False,settled
b,yellow_ramp,ramp,0.0,0.8,0.0,0.7971120578489874,905.8942153374587,False,settled
b,yellow_ramp,ramp,0.0,0.8,0.0,0.5668471603914181,981.7941106069222,False,settled
b,yellow_ramp,ramp,0.0,0.8,0.0,0.9746145215401513,853.0698505985489,False,settled
b,yellow_ramp,ramp,0.0,0.8,0.0,1.0155376023843443,845.5323514818068,False,settled
b,yellow_ramp,ramp,0.0,0.8,0.0,0.7740038753338843,913.0858280569306,False,settled
b,yellow_ramp,ramp,0.0,0.8,0.0,0.46554077943136196,1018.4721244539415,False,settled
b,yellow_ramp,ramp,0.0,0.8,0.0,0.8421897575734882,890.6531093642014,False,settled
b,yellow_ramp,ramp,0.0,0.8,0.0,0.28370703976024453,1081.8657735230286,False,settled
b,yellow_ramp,ramp,0.0,0.8,0.0,0.29520760249286526,1077.3823901347234,False,settled
b,yellow_ramp,ramp,0.0,0.8,0.0,1.0026689946698122,848.5070320323658,False,settled
b,yellow_ramp,ramp,0.0,0.8,0.0,0.49647593292718306,996.5482632022304,False,settled
b,yellow_ramp,ramp,0.0,0.8,0.0,0.9656415099900383,853.9483533985717,False,settled
b,yellow_ramp,ramp,0.0,0.8,0.0,0.6525139629322373,948.2753088576953,False,settled
b,yellow_ramp,ramp,0.0,0.8,0.0,0.5075214756584581,998.6454079480989,False,settled
b,yellow_ramp,ramp,0.0,0.8,0.0,0.2805038959379271,1087.1680302022144,False,settled
b,yellow_ramp,ramp,0.0,0.8,0.0,0.5103191793849519,996.4518514482527,False,settled
b,yellow_ramp,ramp,0.0,0.8,0.0,0.30473115123119654,1071.2579872159818,False,settled
b,yellow_ramp,ramp,0.0,0.8,0.0,0.8886112632207501,873.9488473322551,False,settled
b,yellow_ramp,ramp,0.0,0.8,0.0,0.72152345521928,922.430676129844,False,settled
b,yellow_ramp,ramp,0.0,0.8,0.0,0.36838376976339615,1049.0253037217474,False,settled
b,yellow_ramp,ramp,0.0,0.8,0.0,0.4362638656749569,1020.763721175557,False,settled
b,yellow_ramp,ramp,0.0,0.8,0.0,0.4299745433886486,1025.738112968092,False,settled
b,yellow_ramp,ramp,0.0,0.8,0.0,0.23261508030858394,1100.1672606732557,False,settled
b,yellow_ramp,ramp,0.0,0.8,0.0,0.6937184782402496,938.1955904332343,False,settled
b,yellow_ramp,ramp,0.0,0.8,0.0,0.5222372287263328,987.7446443721833,False,settled
b,yellow_ramp,ramp,0.0,0.8,0.0,0.6549732192367835,946.2476824440445,False,settled
b,yellow_ramp,ramp,0.0,0.8,0.0,1.2205262336693279,792.297311342683,False,settled
b,yellow_ramp,ramp,0.0,0.8,0.0,0.7511246474960651,919.7245760973586,False,settled
b,yellow_ramp,ramp,0.0,0.8,0.0,0.6740324517739492,939.5912275837054,False,settled
b,yellow_ramp,ramp,0.0,0.8,0.0,0.5140123713850157,993.5354862973267,False,settled
b,yellow_ramp,ramp,0.0,0.8,0.0,0.9712648832965769,852.2693586955302,False,settled
b,yellow_ramp,ramp,0.0,0.8,0.0,0.8604628399594442,883.9420558538766,False,settled
b,yellow_ramp,ramp,0.0,0.8,0.0,0.4406957406445529,1017.3801826721506,False,settled
b,yellow_ramp,ramp,0.0,0.8,0.0,0.6345010429519483,954.3867383779731,False,settled
b,yellow_ramp,ramp,0.0,0.8,0.0,0.6806204830572162,937.6573167788191,False,settled
b,yellow_ramp,ramp,0.0,0.8,0.0,0.413586034171306,1026.1820237329084,False,settled
b,yellow_ramp,ramp,0.0,0.8,0.0,0.4129035411739297,1026.7717510537998,False,settled
b,yellow_ramp,ramp,0.0,0.8,0.0,0.8401418504666198,891.9822471092097,False,settled
b,yellow_ramp,ramp,0.0,0.8,0.0,0.7978420144504554,905.2174455436041,False,settled
b,yellow_ramp,ramp,0.0,0.8,0.0,0.6511778332411887,949.405373121433,False,settled
b,yellow_ramp,ramp,0.0,0.8,0.0,0.8893664564058013,873.2942117499178,False,settled
b,yellow_ramp,ramp,0.0,0.8,0.0,0.7188497589744423,924.8192291561329,False,settled
b,yellow_ramp,ramp,0.0,0.8,0.0,0.7235714999777128,928.2842635291388,False,settled
b,yellow_ramp,ramp,0.0,0.8,0.0,0.4522240192093581,1020.9735483241398,False,settled
b,yellow_ramp,ramp,0.0,0.8,0.0,0.7010408819446386,932.0855939201385,False,settled
b,yellow_ramp,ramp,0.0,0.8,0.0,0.3941862291827809,1035.1186623678664,False,settled
b,yellow_ramp,ramp,0.0,0.8,0.0,0.6337197602416884,954.7838021474222,False,settled
b,yellow_ramp,ramp,0.0,0.8,0.0,0.9380932329678896,863.574636759716,False,settled
b,yellow_ramp,ramp,0.0,0.8,0.0,0.6003047485051463,967.1100838212227,False,settled
b,yellow_ramp,ramp,0.0,0.8,0.0,1.0695140790579398,832.0801037931908,False,settled
b,yellow_ramp,ramp,0.0,0.8,0.0,0.33688988929361857,1057.0712468209576,False,settled
b,yellow_ramp,ramp,0.0,0.8,0.0,0.6485718293159515,951.3509244821103,False,settled
b,yellow_ramp,ramp,0.0,0.8,0.0,0.27393618057073293,1088.2804964898733,False,settled
b,yellow_ramp,ramp,0.0,0.8,0.0,0.7611616532600604,914.1983620206458,False,settled
b,yellow_ramp,ramp,0.0,0.8,0.0,1.1408660603212322,813.5551198833233,False,settled
b,yellow_ramp,ramp,0.0,0.8,0.0,0.8983953483954572,874.9996692241943,False,settled
b,yellow_ramp,ramp,0.0,0.8,0.0,1.0230558946699269,842.7013651018369,False,settled
b,yellow_ramp,ramp,0.0,0.8,0.0,0.846550359518245,888.8057055392575,False,settled
b,yellow_ramp,ramp,0.0,0.8,0.0,0.6794519588763926,938.0002375870321,False,settled
b,yellow_ramp,ramp,0.0,0.8,0.0,0.3204561171658495,1073.7594209944284,False,settled
b,yellow_ramp,ramp,0.0,0.8,0.0,1.016289679138076,844.5066219442265,False,settled
b,yellow_ramp,ramp,0.0,0.8,0.0,0.36696320327909904,1050.1362165920598,False,settled
b,yellow_ramp,ramp,0.0,0.8,0.0,0.8946600653425882,873.2213396182173,False,settled
b,yellow_ramp,ramp,0.0,0.8,0.0,0.27845428557500196,1083.9921795883895,False,settled
b,yellow_ramp,ramp,0.0,0.8,0.0,0.8399780864677798,892.1385370467717,False,settled
b,yellow_ramp,ramp,0.0,0.8,0.0,0.7507871808567216,920.0255514909408,False,settled
b,yellow_ramp,ramp,0.0,0.8,0.0,0.2868928981111964,1077.998616349394,False,settled
b,yellow_ramp,ramp,0.0,0.8,0.0,0.7983486036091139,904.7477434632929,False,settled
b,yellow_ramp,ramp,0.0,0.8,0.0,0.921496698260256,867.5123325266044,False,settled
b,yellow_ramp,ramp,0.0,0.8,0.0,1.0899846807551028,826.72129881828,False,settled
b,yellow_ramp,ramp,0.0,0.8,0.0,1.1867017122693075,803.3248123006355,False,settled
b,yellow_ramp,ramp,0.0,0.8,0.0,1.1216260421958482,819.8746874530746,False,settled
b,yellow_ramp,ramp,0.0,0.8,0.0,0.4435407748049845,1015.3059474990268,False,settled
b,yellow_ramp,ramp,0.0,0.8,0.0,0.3229275939932452,1072.7308459586573,False,settled
b,yellow_ramp,ramp,0.0,0.8,0.0,0.6977906479515927,934.9059565585279,False,settled
b,yellow_ramp,ramp,0.0,0.8,0.0,0.33904450924410656,1056.8965455242444,False,settled
b,yellow_ramp,ramp,0.0,0.8,0.0,1.0273927177803288,842.6249270896179,False,settled
b,yellow_ramp,ramp,0.0,0.8,0.0,0.7006147312369584,932.4534290574267,False,settled
b,yellow_ramp,ramp,0.0,0.8,0.0,0.23159562188047778,1106.5567858081931,False,settled
b,yellow_ramp,ramp,0.0,0.8,0.0,0.5654570530276669,973.0877306368488,False,settled
b,yellow_ramp,ramp,0.0,0.8,0.0,0.4646046336840656,1018.6480144454301,False,settled
b,yellow_ramp,ramp,0.0,0.8,0.0,0.9267383852238075,867.2379509132627,False,settled
b,yellow_ramp,ramp,0.0,0.8,0.0,1.0315575022872443,841.7104832281723,False,settled
b,yellow_ramp,ramp,0.0,0.8,0.0,0.30992105101567907,1067.3064415753236,False,settled
b,yellow_ramp,ramp,0.0,0.8,0.0,0.3183573383330418,1074.9432048843612,False,settled
b,yellow_ramp,ramp,0.0,0.8,0.0,0.481415204031092,1008.273694273315,False,settled
b,yellow_ramp,ramp,0.0,0.8,0.0,0.9370444201755457,864.1351611998659,False,settled
b,yellow_ramp,ramp,0.0,0.8,0.0,1.0042935439555063,844.7004714643795,False,settled
b,yellow_ramp,ramp,0.0,0.8,0.0,0.24637046340253002,1100.9639371095218,False,settled
b,yellow_ramp,ramp,0.0,0.8,0.0,0.7602377266201469,914.5219054279663,False,settled
b,yellow_ramp,ramp,0.0,0.8,0.0,0.9221376610653773,866.8434127707252,False,settled
b,yellow_ramp,ramp,0.0,0.8,0.0,0.2978318102083657,1075.9203544028749,False,settled
b,yellow_ramp,ramp,0.0,0.8,0.0,1.1198105692321965,820.2744808996431,False,settled
b,yellow_ramp,ramp,0.0,0.8,0.0,0.44520699082800025,1026.0669180727973,False,settled
b,yellow_ramp,ramp,0.0,0.8,0.0,1.0667584483063546,832.5982218164321,False,settled
b,yellow_ramp,ramp,0.0,0.8,0.0,0.6968100610410389,935.7593982373814,False,settled
b,yellow_ramp,ramp,0.0,0.8,0.0,0.44925596754086555,1022.8561103245563,False,settled
b,yellow_ramp,ramp,0.0,0.8,0.0,0.3758953486710481,1043.180759428604,False,settled
b,yellow_ramp,ramp,0.0,0.8,0.0,0.8897735742732755,872.8335016140695,False,settled
b,yellow_ramp,ramp,0.0,0.8,0.0,0.2783695479756828,1083.8544012698749,False,settled
b,yellow_ramp,ramp,0.0,0.8,0.0,0.976350175352012,851.0856973833704,False,settled
b,yellow_ramp,ramp,0.0,0.8,0.0,0.6054524572368445,965.793219555088,False,settled
b,yellow_ramp,ramp,0.0,0.8,0.0,0.4236163066917259,1030.8018134647664,False,settled
b,yellow_ramp,ramp,0.0,0.8,0.0,0.7489423477443061,914.1391089846946,False,settled
b,yellow_ramp,ramp,0.0,0.8,0.0,0.4629489883232909,1018.9590878755427,False,settled
b,yellow_ramp,ramp,0.0,0.8,0.0,0.685317929883339,936.2832103725095,False,settled
b,yellow_ramp,ramp,0.0,0.8,0.0,0.8381287153308856,887.9511602064895,False,settled
b,yellow_ramp,ramp,0.0,0.8,0.0,0.3290264831340838,1071.9267351154192,False,settled
b,yellow_ramp,ramp,0.0,0.8,0.0,0.22431031539662777,1105.7224190878785,False,settled
b,yellow_ramp,ramp,0.0,0.8,0.0,0.5695247119703191,979.581062459926,False,settled
b,yellow_ramp,ramp,0.0,0.8,0.0,0.3514760004232691,1062.0491397834696,False,settled
b,yellow_ramp,ramp,0.0,0.8,0.0,0.32365488833201517,1072.6350327687842,False,settled
b,yellow_ramp,ramp,0.0,0.8,0.0,0.7847260278057804,903.3524205283423,False,settled
b,yellow_ramp,ramp,0.0,0.8,0.0,0.4478099690274716,1024.002573156584,False,settled
b,yellow_ramp,ramp,0.0,0.8,0.0,0.616507205676954,959.8582612868892,False,settled
b,yellow_ramp,ramp,0.0,0.8,0.0,0.37302115171156347,1045.4113561866527,False,settled
b,yellow_ramp,ramp,0.0,0.8,0.0,0.6530376689315563,947.8324777027245,False,settled
b,yellow_ramp,ramp,0.0,0.8,0.0,0.5798276436617619,971.3819233649308,False,settled
b,yellow_ramp,ramp,0.0,0.8,0.0,1.0414245547804921,838.8350657194144,False,settled
b,yellow_ramp,ramp,0.0,0.8,0.0,0.7511150269812858,919.7331504870366,False,settled
b,yellow_ramp,ramp,0.0,0.8,0.0,1.1087090958790042,821.9933494335445,False,settled
b,yellow_ramp,ramp,0.0,0.8,0.0,0.9452123572619936,861.8428402398714,False,settled
b,yellow_ramp,ramp,0.0,0.8,0.0,0.2946992905934834,1077.5917633269894,False,settled
b,yellow_ramp,ramp,0.0,0.8,0.0,0.4823949512692569,1007.4860593443391,False,settled
b,yellow_ramp,ramp,0.0,0.8,0.0,1.21888288850558,793.4977505234544,False,settled
b,yellow_ramp,ramp,0.0,0.8,0.0,0.8183060345717226,893.032649572515,False,settled
b,yellow_ramp,ramp,0.0,0.8,0.0,0.49414534483867334,998.3721667070959,False,settled
b,yellow_ramp,ramp,0.0,0.8,0.0,0.6848734843349717,936.4118557606843,False,settled
b,yellow_ramp,ramp,0.0,0.8,0.0,0.5193526786201058,989.6159903568456,False,settled
b,yellow_ramp,ramp,0.0,0.8,0.0,0.41572706380555086,1036.8696392916681,False,settled
b,yellow_ramp,ramp,0.0,0.8,0.0,0.9926041137218052,845.6577766334688,False,settled
b,yellow_ramp,ramp,0.0,0.8,0.0,0.4412330411551043,1016.9717558294601,False,settled
b,yellow_ramp,ramp,0.0,0.8,0.0,0.8358542893366995,889.7021273142828,False,settled
b,yellow_ramp,ramp,0.0,0.8,0.0,0.3893156904817543,1035.9404055616433,False,settled
b,yellow_ramp,ramp,0.0,0.8,0.0,0.5832774586045554,968.7291663980812,False,settled
b,yellow_ramp,ramp,0.0,0.8,0.0,0.7824809105729709,905.4484257192428,False,settled
b,yellow_ramp,ramp,0.0,0.8,0.0,0.5576019364219917,979.0844732650147,False,settled
b,yellow_ramp,ramp,0.0,0.8,0.0,0.3635594324380268,1052.7986297552668,False,settled
b,yellow_ramp,ramp,0.0,0.8,0.0,0.9617861415476439,853.5482073842852,False,settled
b,yellow_ramp,ramp,0.0,0.8,0.0,0.8398389843786961,892.2714910913198,False,settled
b,yellow_ramp,ramp,0.0,0.8,0.0,0.440364482507676,1017.634819232214,False,settled
b,yellow_ramp,ramp,0.0,0.8,0.0,0.8673991545582856,883.1272307375366,False,settled
b,yellow_ramp,ramp,0.0,0.8,0.0,0.7667437220675851,912.2451720655433,False,settled
b,yellow_ramp,ramp,0.0,0.8,0.0,0.40915452877323766,1029.6711647683965,False,settled
b,yellow_ramp,ramp,0.0,0.8,0.0,0.45322082112539386,1020.7870449824287,False,settled
b,yellow_ramp,ramp,0.0,0.8,0.0,0.7849217830866038,903.1753202181903,False,settled
b,yellow_ramp,ramp,0.0,0.8,0.0,0.44221649504047167,1016.221516656539,False,settled
b,yellow_ramp,ramp,0.0,0.8,0.0,0.4123960174954043,1027.1610981859058,False,settled
b,yellow_ramp,ramp,0.0,0.8,0.0,0.5816121544298072,969.9751296092903,False,settled
b,yellow_ramp,ramp,0.0,0.8,0.0,0.8079198881571321,902.6393655359069,False,settled
b,yellow_ramp,ramp,0.0,0.8,0.0,0.4742077251022493,1014.0945909688761,False,settled
b,yellow_ramp,ramp,0.0,0.8,0.0,0.5537590564989684,982.227790611827,False,settled
b,yellow_ramp,ramp,0.0,0.8,0.0,1.0675169616988363,832.6510840719317,False,settled
b,yellow_ramp,ramp,0.0,0.8,0.0,0.9143974457781386,869.5542680437323,False,settled
b,yellow_ramp,ramp,0.0,0.8,0.0,0.6473747870119198,952.3663180078216,False,settled
b,yellow_ramp,ramp,0.0,0.8,0.0,0.42319444911679827,1031.1377716968932,False,settled
b,yellow_ramp,ramp,0.0,0.8,0.0,0.2948845943609294,1077.5210530735753,False,settled
b,yellow_ramp,ramp,0.0,0.8,0.0,0.2496854422024929,1094.376008715225,False,settled
b,yellow_ramp,ramp,0.0,0.8,0.0,0.8209290396527037,897.1210160607549,False,settled
b,yellow_ramp,ramp,0.0,0.8,0.0,0.7268987020017683,925.5930062704921,False,settled
b,yellow_ramp,ramp,0.0,0.8,0.0,0.3590351790033257,1056.3311870845566,False,settled
b,yellow_ramp,ramp,0.0,0.8,0.0,0.23188497824386556,1109.808532725401,False,settled
b,yellow_ramp,ramp,0.0,0.8,0.0,0.7130254672346781,929.8019530342589,False,settled
b,yellow_ramp,ramp,0.0,0.8,0.0,0.7777679593728352,909.6444662355358,False,settled
b,yellow_ramp,ramp,0.0,0.8,0.0,0.23890639657439908,1105.9970720422864,False,settled
b,yellow_ramp,ramp,0.0,0.8,0.0,1.1445983471578762,813.9791840347904,False,settled
b,yellow_ramp,ramp,0.0,0.8,0.0,0.6542582164977621,946.8514117320215,False,settled
b,yellow_ramp,ramp,0.0,0.8,0.0,0.45111441731204893,1021.3844567422989,False,settled
b,yellow_ramp,ramp,0.0,0.8,0.0,0.33146743732832584,1057.7597245258955,False,settled
b,yellow_ramp,ramp,0.0,0.8,0.0,0.24824562709674203,1092.2004198628204,False,settled
b,yellow_ramp,ramp,0.0,0.8,0.0,1.0308477258484354,842.2447631491277,False,settled
b,yellow_ramp,ramp,0.0,0.8,0.0,0.39073204966826497,1035.634458967994,False,settled
b,yellow_ramp,ramp,0.0,0.8,0.0,0.21882674759461157,1119.208156478994,False,settled
b,yellow_ramp,ramp,0.0,0.8,0.0,0.5025810492290066,1002.6098413141157,False,settled
b,yellow_ramp,ramp,0.0,0.8,0.0,0.7617557972993664,913.9904494471882,False,settled
b,yellow_ramp,ramp,0.0,0.8,0.0,0.8829192161175401,879.3775776508877,False,settled
b,yellow_ramp,ramp,0.0,0.8,0.0,0.2519722079726966,1100.5650161677697,False,settled
b,yellow_ramp,ramp,0.0,0.8,0.0,0.5072387647857273,998.8517838299103,False,settled
b,yellow_ramp,ramp,0.0,0.8,0.0,0.4820818240406415,1007.7377881547545,False,settled
b,yellow_ramp,ramp,0.0,0.8,0.0,0.44373535644140205,1015.0918935028643,False,settled
b,yellow_ramp,ramp,0.0,0.8,0.0,0.9956419100334467,846.4027259867148,False,settled
b,yellow_ramp,ramp,0.0,0.8,0.0,0.7960817118982463,899.9838828388871,False,settled
b,yellow_ramp,ramp,0.0,0.8,0.0,0.4088536751720991,1029.9079538782878,False,settled
b,yellow_ramp,ramp,0.0,0.8,0.0,0.6284298023419386,959.2431084749812,False,settled
b,yellow_ramp,ramp,0.0,0.8,0.0,0.6832970342022281,936.8718429395037,False,settled
b,yellow_ramp,ramp,0.0,0.8,0.0,0.9589534476199036,856.6801351729443,False,settled
b,yellow_ramp,ramp,0.0,0.8,0.0,0.31425193679249513,1078.1790397150307,False,settled
b,yellow_ramp,ramp,0.0,0.8,0.0,1.1153306237517728,821.5810025659978,False,settled
b,yellow_ramp,ramp,0.0,0.8,0.0,0.5599803905208283,977.411820034894,False,settled
b,yellow_ramp,ramp,0.0,0.8,0.0,1.2072329896502478,797.7259709632024,False,settled
b,yellow_ramp,ramp,0.0,0.8,0.0,0.41958090461836384,1034.0256092551792,False,settled
b,yellow_ramp,ramp,0.0,0.8,0.0,0.3788485735819944,1040.9067072011128,False,settled
b,yellow_ramp,ramp,0.0,0.8,0.0,0.46425084308032183,1018.7144870861106,False,settled
b,yellow_ramp,ramp,0.0,0.8,0.0,0.5646822773106469,973.6126690898715,False,settled
b,yellow_ramp,ramp,0.0,0.8,0.0,0.5455390123287026,988.9821147269151,False,settled
b,yellow_ramp,ramp,0.0,0.8,0.0,1.0468496814900419,837.7934994601094,False,settled
b,yellow_ramp,ramp,0.0,0.8,0.0,0.7090222719931029,933.0612697207439,False,settled
b,yellow_ramp,ramp,0.0,0.8,0.0,0.4763294088937768,1012.3752017213469,False,settled
b,yellow_ramp,ramp,0.0,0.8,0.0,0.33507816039484384,1057.288874834462,False,settled
b,yellow_ramp,ramp,0.0,0.8,0.0,0.7148327237374782,928.2233072019644,False,settled
b,yellow_ramp,ramp,0.0,0.8,0.0,0.5648455773848687,973.485001848945,False,settled
b,yellow_ramp,ramp,0.0,0.8,0.0,0.9198354400620139,869.2451802229259,False,settled
b,yellow_ramp,ramp,0.0,0.8,0.0,0.5843767532496663,967.7728425156079,False,settled
b,yellow_ramp,ramp,0.0,0.8,0.0,0.2794062723485385,1084.8992405714253,False,settled
b,yellow_ramp,ramp,0.0,0.8,0.0,0.33035750225365207,1071.751450729089,False,settled
b,yellow_ramp,ramp,0.0,0.8,0.0,0.29150952732691204,1077.2983111054539,False,settled
b,yellow_ramp,ramp,0.0,0.8,0.0,0.219632230562486,1109.0230746316076,False,settled
b,yellow_ramp,ramp,0.0,0.8,0.0,1.0555955916674704,835.6982117629126,False,settled
b,yellow_ramp,ramp,0.0,0.8,0.0,0.35225061654855966,1061.4345338631074,False,settled
b,yellow_ramp,ramp,0.0,0.8,0.0,0.911450634115419,867.4562924858836,False,settled
b,yellow_ramp,ramp,0.0,0.8,0.0,1.0075262001478535,846.9584530065001,False,settled
b,yellow_ramp,ramp,0.0,0.8,0.0,0.7410636492536462,920.977072283291,False,settled
b,yellow_ramp,ramp,0.0,0.8,0.0,0.5685764604781705,980.3640624701701,False,settled
b,yellow_ramp,ramp,0.0,0.8,0.0,0.3110360085344386,1066.5493403797955,False,settled
b,yellow_ramp,ramp,0.0,0.8,0.0,0.5070838285791511,998.9660377074206,False,settled
b,yellow_ramp,ramp,0.0,0.8,0.0,0.27614010861482463,1089.4757105783708,False,settled
b,yellow_ramp,ramp,0.0,0.8,0.0,0.4511620558388577,1021.3467966853377,False,settled
b,yellow_ramp,ramp,0.0,0.8,0.0,0.8597910813846129,884.5977699083348,False,settled
b,yellow_ramp,ramp,0.0,0.8,0.0,0.7327957088741054,920.5080876180159,False,settled
b,yellow_ramp,ramp,0.0,0.8,0.0,0.45541767386084714,1020.3743964134893,False,settled
b,yellow_ramp,ramp,0.0,0.8,0.0,0.42382012520060447,1030.6394877260047,False,settled
b,yellow_ramp,ramp,0.0,0.8,0.0,0.6415411923260175,948.5053146852463,False,settled
b,yellow_ramp,ramp,0.0,0.8,0.0,0.6363946812904312,952.7986724678128,False,settled
b,yellow_ramp,ramp,0.0,0.8,0.0,0.2434696125376648,1108.8615499356406,False,settled
b,yellow_ramp,ramp,0.0,0.8,0.0,1.0797765367114915,829.2851927737138,False,settled
b,yellow_ramp,ramp,0.0,0.8,0.0,0.48504718009936654,1005.3538174518178,False,settled
b,yellow_ramp,ramp,0.0,0.8,0.0,0.2645923049683343,1085.4357099734555,False,settled
b,yellow_ramp,ramp,0.0,0.8,0.0,0.8357562285179407,889.7942999142018,False,settled
b,yellow_ramp,ramp,0.0,0.8,0.0,0.42239044486359784,1031.7780187402288,False,settled
b,yellow_ramp,ramp,0.0,0.8,0.0,0.3750199934174288,1043.8601364676829,False,settled
b,yellow_ramp,ramp,0.0,0.8,0.0,0.9290234889620111,864.8232728369932,False,settled
b,yellow_ramp,ramp,0.0,0.8,0.0,0.38117614425536833,1039.1156289855649,False,settled
b,yellow_ramp,ramp,0.0,0.8,0.0,0.6079631705713973,965.1585169398826,False,settled
b,yellow_ramp,ramp,0.0,0.8,0.0,0.7860606625201654,909.1485138986047,False,settled
b,yellow_ramp,ramp,0.0,0.8,0.0,0.4389361038528574,1018.8101328415414,False,settled
b,yellow_ramp,ramp,0.0,0.8,0.0,0.45468450265936533,1020.5121898763202,False,settled
b,yellow_ramp,ramp,0.0,0.8,0.0,0.25244836091644723,1099.0988814577531,False,settled
b,yellow_ramp,ramp,0.0,0.8,0.0,1.0320596302387468,841.3321089271619,False,settled
b,yellow_ramp,ramp,0.0,0.8,0.0,0.9613790950261797,853.9948279531982,False,settled
b,yellow_ramp,ramp,0.0,0.8,0.0,0.766125329743796,912.4613892349977,False,settled
b,yellow_ramp,ramp,0.0,0.8,0.0,0.4847845988562843,1005.5648961416359,False,settled
b,yellow_ramp,ramp,0.0,0.8,0.0,0.3247936080570675,1072.485041775763,False,settled
b,yellow_ramp,ramp,0.0,0.8,0.0,0.3028543067088694,1072.590083855782,False,settled
b,yellow_ramp,ramp,0.0,0.8,0.0,0.789306025722684,906.1603153403657,False,settled
b,yellow_ramp,ramp,0.0,0.8,0.0,0.47463823544055467,1013.7457125282057,False,settled
b,yellow_ramp,ramp,0.0,0.8,0.0,0.9564007549416946,854.7299896245522,False,settled
b,yellow_ramp,ramp,0.0,0.8,0.0,0.6604135454779158,941.8071460604083,False,settled
b,yellow_ramp,ramp,0.0,0.8,0.0,0.29075918032287223,1076.9137334148838,False,settled
b,yellow_ramp,ramp,0.0,0.8,0.0,0.3861151016902651,1049.240568664672,False,settled
b,yellow_ramp,ramp,0.0,0.8,0.0,0.29141778617286773,1077.2401350556838,False,settled
b,yellow_ramp,ramp,0.0,0.8,0.0,0.32086183587949807,1073.4871666937486,False,settled
b,yellow_ramp,ramp,0.0,0.8,0.0,0.906796177345319,871.8714073495997,False,settled
b,yellow_ramp,ramp,0.0,0.8,0.0,0.3476994759994515,1051.487543387361,False,settled
b,yellow_ramp,ramp,0.0,0.8,0.0,0.8706647805427533,879.9108329333158,False,settled
b,yellow_ramp,ramp,0.0,0.8,0.0,1.1088368065417058,821.7094447204137,False,settled
b,yellow_ramp,ramp,0.0,0.8,0.0,0.9855403135907457,849.4989950526144,False,settled
b,yellow_ramp,ramp,0.0,0.8,0.0,0.8144229327889632,896.5634106726611,False,settled
b,yellow_ramp,ramp,0.0,0.8,0.0,0.23875112955213967,1105.2953393633215,False,settled
b,yellow_ramp,ramp,0.0,0.8,0.0,0.710186783009729,932.0410358137452,False,settled
b,yellow_ramp,ramp,0.0,0.8,0.0,0.5102754867269099,996.4863011178875,False,settled
b,yellow_ramp,ramp,0.0,0.8,0.0,0.7865613744886772,908.6874375865556,False,settled
b,yellow_ramp,ramp,0.0,0.8,0.0,0.43650668323826447,1020.5718111677461,False,settled
b,yellow_ramp,ramp,0.0,0.8,0.0,0.4573377400457901,1020.0136283367033,False,settled
b,yellow_ramp,ramp,0.0,0.8,0.0,0.22011027680867082,1106.5404812065692,False,settled
b,yellow_ramp,ramp,0.0,0.8,0.0,0.5544593109288549,981.6550118724975,False,settled
b,yellow_ramp,ramp,0.0,0.8,0.0,1.0074923874119204,847.0003282170638,False,settled
b,yellow_ramp,ramp,0.0,0.8,0.0,0.9953226543118959,846.7809124621878,False,settled
b,yellow_ramp,ramp,0.0,0.8,0.0,0.6419179886719362,948.1959217176603,False,settled
b,yellow_ramp,ramp,0.0,0.8,0.0,0.4129022520520426,1026.772756270926,False,settled
b,yellow_ramp,ramp,0.0,0.8,0.0,0.9051231489531402,873.5964198635008,False,settled
b,yellow_ramp,ramp,0.0,0.8,0.0,0.6862380534609982,936.016879275751,False,settled
b,yellow_ramp,ramp,0.0,0.8,0.0,0.24527793027510356,1099.3775516941503,False,settled
b,yellow_ramp,ramp,0.0,0.8,0.0,0.4602128234059529,1019.4731722112449,False,settled
b,yellow_ramp,ramp,0.0,0.8,0.0,0.868120399495375,882.4129432580024,False,settled
b,yellow_ramp,ramp,0.0,0.8,0.0,0.44821169469869554,1023.6840520198431,False,settled
b,yellow_ramp,ramp,0.0,0.8,0.0,0.5319738661555368,985.592047300522,False,settled
b,yellow_ramp,ramp,0.0,0.8,0.0,1.1040802916889678,823.1064054448419,False,settled
b,yellow_ramp,ramp,0.0,0.8,0.0,0.7416318249211084,920.485376739032,False,settled
b,yellow_ramp,ramp,0.0,0.8,0.0,0.9922604942883716,846.135366329853,False,settled
b,yellow_ramp,ramp,0.0,0.8,0.0,0.3938304030834353,1035.1713578555468,False,settled
b,yellow_ramp,ramp,0.0,0.8,0.0,0.48196110159064576,1007.8348390104691,False,settled
b,yellow_ramp,ramp,0.0,0.8,0.0,0.7538053177214373,917.3353038485543,False,settled
b,yellow_ramp,ramp,0.0,0.8,0.0,0.35727291556519547,1057.7186725092258,False,settled
b,yellow_ramp,ramp,0.0,0.8,0.0,0.2264598428231296,1109.4872330377682,False,settled
b,yellow_ramp,ramp,0.0,0.8,0.0,0.978361476793677,848.8136301648276,False,settled
b,yellow_ramp,ramp,0.0,0.8,0.0,0.42246181316006937,1031.7211890603944,False,settled
b,yellow_ramp,ramp,0.0,0.8,0.0,0.4965588650562843,996.4903256212506,False,settled
b,yellow_ramp,ramp,0.0,0.8,0.0,0.31207581796548717,1065.6914883235954,False,settled
b,yellow_ramp,ramp,0.0,0.8,0.0,0.5954079183581122,968.4279532235543,False,settled
b,yellow_ramp,ramp,0.0,0.8,0.0,0.355925879531579,1058.5291601170024,False,settled
b,yellow_ramp,ramp,0.0,0.8,0.0,0.8222912033490124,895.8812216683567,False,settled
b,yellow_ramp,ramp,0.0,0.8,0.0,0.9666364024128037,852.9222056209879,False,settled
b,yellow_ramp,ramp,0.0,0.8,0.0,1.05188196112722,835.8891940368133,False,settled
b,yellow_ramp,ramp,0.0,0.8,0.0,0.5357175531771646,984.888199912247,False,settled
b,yellow_ramp,ramp,0.0,0.8,0.0,0.4011048709953542,1034.0885331888571,False,settled
b,yellow_ramp,ramp,0.0,0.8,0.0,0.4946098889004403,998.0015263019486,False,settled
b,yellow_ramp,ramp,0.0,0.8,0.0,0.3792309360374178,1040.610099467092,False,settled
b,yellow_ramp,ramp,0.0,0.8,0.0,0.25081032416249277,1098.026915129759,False,settled
b,yellow_ramp,ramp,0.0,0.8,0.0,0.3826969392085203,1037.977057587152,False,settled
b,yellow_ramp,ramp,0.0,0.8,0.0,0.33143193093292267,1057.7639299569112,False,settled
b,yellow_ramp,ramp,0.0,0.8,0.0,0.4093190860186742,1029.541650062356,False,settled
b,yellow_ramp,ramp,0.0,0.8,0.0,0.5142553334009426,993.3428930088663,False,settled
b,yellow_ramp,ramp,0.0,0.8,0.0,0.42410719547782716,1030.4108103006247,False,settled
b,yellow_ramp,ramp,0.0,0.8,0.0,0.6291552754781948,958.6302397625673,False,settled
b,yellow_ramp,ramp,0.0,0.8,0.0,0.3390392053198492,1056.8971573846638,False,settled
b,yellow_ramp,ramp,0.0,0.8,0.0,0.22728651676851924,1109.203914961479,False,settled
b,yellow_ramp,ramp,0.0,0.8,0.0,0.35824366807912633,1056.9544309270757,False,settled
b,yellow_ramp,ramp,0.0,0.8,0.0,0.33684604723256717,1057.0764112980116,False,settled
b,yellow_ramp,ramp,0.0,0.8,0.0,0.6813429584993741,937.4452955728451,False,settled
b,yellow_ramp,ramp,0.0,0.8,0.0,0.46577769819323483,1018.4276103080249,False,settled
b,yellow_ramp,ramp,0.0,0.8,0.0,0.8893996839757403,873.2612225423655,False,settled
b,yellow_ramp,ramp,0.0,0.8,0.0,0.26211979798353197,1095.3745208356904,False,settled
b,yellow_ramp,ramp,0.0,0.8,0.0,0.7802916012753551,907.3437779829009,False,settled
b,yellow_ramp,ramp,0.0,0.8,0.0,0.33946457505826194,1056.8480865563754,False,settled
b,yellow_ramp,ramp,0.0,0.8,0.0,0.4176006872207072,1035.6142507371032,False,settled
b,yellow_ramp,ramp,0.0,0.8,0.0,0.6805238901300973,937.6856634097613,False,settled
b,yellow_ramp,ramp,0.0,0.8,0.0,0.6615594226490812,940.9320019628301,False,settled
b,yellow_ramp,ramp,0.0,0.8,0.0,1.1842865855512221,804.0798331375134,False,settled
b,yellow_ramp,ramp,0.0,0.8,0.0,0.9084880291199179,870.1371345554201,False,settled
b,yellow_ramp,ramp,0.0,0.8,0.0,0.3840663714580667,1049.8381184536224,False,settled
b,yellow_ramp,ramp,0.0,0.8,0.0,0.7116618273264703,930.9981651589142,False,settled
b,yellow_ramp,ramp,0.0,0.8,0.0,0.6642239484174574,947.0993722478594,False,settled
b,yellow_ramp,ramp,0.0,0.8,0.0,0.43017565240289896,1025.5779358598004,False,settled
b,yellow_ramp,ramp,0.0,0.8,0.0,0.4854102264387029,1005.0619781087144,False,settled
b,yellow_ramp,ramp,0.0,0.8,0.0,0.42875563451744947,1026.7088934121575,False,settled
b,yellow_ramp,ramp,0.0,0.8,0.0,0.644578281556881,954.7481456973968,False,settled
b,yellow_ramp,ramp,0.0,0.8,0.0,0.9943232376507924,847.9731281759518,False,settled
b,yellow_ramp,ramp,0.0,0.8,0.0,0.5904757410572246,972.4687862780441,False,settled
b,yellow_ramp,ramp,0.0,0.8,0.0,0.6264018939801054,960.9560596460803,False,settled
b,yellow_ramp,ramp,0.0,0.8,0.0,0.818805393466343,899.0839666385415,False,settled
b,yellow_ramp,ramp,0.0,0.8,0.0,1.0922557465467615,826.5712054245104,False,settled
b,yellow_ramp,ramp,0.0,0.8,0.0,0.8390880235213439,892.9882479118285,False,settled
b,yellow_ramp,ramp,0.0,0.8,0.0,0.4215500569302326,1032.4471871899884,False,settled
b,yellow_ramp,ramp,0.0,0.8,0.0,0.2293576214975393,1101.5136958986209,False,settled
b,yellow_ramp,ramp,0.0,0.8,0.0,0.3073136855437231,1069.3789614901084,False,settled
b,yellow_ramp,ramp,0.0,0.8,0.0,0.6005053710742327,967.058761466541,False,settled
b,yellow_ramp,ramp,0.0,0.8,0.0,0.6286210633830989,959.0813778326401,False,settled
b,yellow_ramp,ramp,0.0,0.8,0.0,0.39618659127040806,1034.895636228696,False,settled
b,yellow_ramp,ramp,0.0,0.8,0.0,0.9317989093913553,862.1766530810766,False,settled
b,yellow_ramp,ramp,0.0,0.8,0.0,0.9390156400796814,863.0816664196724,False,settled
b,yellow_ramp,ramp,0.0,0.8,0.0,0.402363300959687,1033.9055181058459,False,settled
b,yellow_ramp,ramp,0.0,0.8,0.0,0.7941532559649884,901.8048268794162,False,settled
b,yellow_ramp,ramp,0.0,0.8,0.0,0.28700335741206356,1077.6179196204462,False,settled
b,yellow_ramp,ramp,0.0,0.8,0.0,0.6002069417750289,967.1351042930054,False,settled
b,yellow_ramp,ramp,0.0,0.8,0.0,0.6591791793986961,942.7669284092,False,settled
b,yellow_ramp,ramp,0.0,0.8,0.0,0.3705260635836355,1047.3499488390435,False,settled
b,yellow_ramp,ramp,0.0,0.8,0.0,0.3902034568530989,1035.7128092274754,False,settled
b,yellow_ramp,ramp,0.0,0.8,0.0,0.48249119266986773,1007.408688962255,False,settled
b,yellow_ramp,ramp,0.0,0.8,0.0,0.46667506958958055,1018.2590048162851,False,settled
b,yellow_ramp,ramp,0.0,0.8,0.0,0.5614621430230183,976.3007431577657,False,settled
b,yellow_ramp,ramp,0.0,0.8,0.0,0.5382961976686296,984.3502367189245,False,settled
b,yellow_ramp,ramp,0.0,0.8,0.0,1.22442164950816,790.6531498360121,False,settled
b,yellow_ramp,ramp,0.0,0.8,0.0,0.48134471011942975,1008.330365248395,False,settled
b,yellow_ramp,ramp,0.0,0.8,0.0,0.469042316393559,1006.3492154408077,False,settled
b,yellow_ramp,ramp,0.0,0.8,0.0,0.9174272316309424,866.7905528080997,False,settled
b,yellow_ramp,ramp,0.0,0.8,0.0,0.5761148146619379,974.1431480529579,False,settled
b,yellow_ramp,ramp,0.0,0.8,0.0,0.37004418674591805,1047.726797522316,False,settled
b,yellow_ramp,ramp,0.0,0.8,0.0,0.3614722184876066,1054.4307669058487,False,settled
b,yellow_ramp,ramp,0.0,0.8,0.0,1.054220808087625,836.303476024677,False,settled
b,yellow_ramp,ramp,0.0,0.8,0.0,0.8211958993617193,896.8796226647138,False,settled
b,yellow_ramp,ramp,0.0,0.8,0.0,0.5130626173295921,994.2853359939002,False,settled
b,yellow_ramp,ramp,0.0,0.8,0.0,0.22793171437258652,1101.8047409878027,False,settled
b,yellow_ramp,ramp,0.0,0.8,0.0,1.2084514464410399,798.5498302736951,False,settled
b,yellow_ramp,ramp,0.0,0.8,0.0,0.23450096607141188,1113.2643512111679,False,settled
b,yellow_ramp,ramp,0.0,0.8,0.0,0.2566410656904427,1090.342283113518,False,settled
b,yellow_ramp,ramp,0.0,0.8,0.0,0.7063907255813111,927.4896097656665,False,settled
b,yellow_ramp,ramp,0.0,0.8,0.0,0.6948124895684189,937.2442919630985,False,settled
b,yellow_ramp,ramp,0.0,0.8,0.0,0.6182356131410804,958.679419337076,False,settled
b,yellow_ramp,ramp,0.0,0.8,0.0,0.24018815227667925,1110.6970070327036,False,settled
b,yellow_ramp,ramp,0.0,0.8,0.0,0.40885933818862424,1029.9034967412258,False,settled
b,yellow_ramp,ramp,0.0,0.8,0.0,0.3832493948347744,1050.4837064345186,False,settled
b,yellow_ramp,ramp,0.0,0.8,0.0,0.6258045849490945,952.4637251057684,False,settled
b,yellow_ramp,ramp,0.0,0.8,0.0,1.1484797007556389,812.7450807455556,False,settled
b,yellow_ramp,ramp,0.0,0.8,0.0,0.7934815701805912,902.3290317888034,False,settled
b,yellow_ramp,ramp,0.0,0.8,0.0,0.8819211073795551,880.3846044083931,False,settled
b,yellow_ramp,ramp,0.0,0.8,0.0,0.4959251181969082,997.0567606950964,False,settled
b,yellow_ramp,ramp,0.0,0.8,0.0,0.8233873304255166,894.8738552304923,False,settled
b,yellow_ramp,ramp,0.0,0.8,0.0,1.0674793947179178,832.7086583214876,False,settled
b,yellow_ramp,ramp,0.0,0.8,0.0,0.6958997502560704,936.2991736509887,False,settled
b,yellow_ramp,ramp,0.0,0.8,0.0,0.37737332461856504,1042.12484681595,False,settled
b,yellow_ramp,ramp,0.0,0.8,0.0,1.1213120334424005,820.4881407803784,False,settled
b,yellow_ramp,ramp,0.0,0.8,0.0,1.1239393032714982,818.4345664439296,False,settled
b,yellow_ramp,ramp,0.0,0.8,0.0,0.9522401198128447,859.0337935684998,False,settled
b,yellow_ramp,ramp,0.0,0.8,0.0,0.8182114250249639,893.1837425212335,False,settled
b,yellow_ramp,ramp,0.0,0.8,0.0,0.8418327021044624,890.8052583182701,False,settled
b,yellow_ramp,ramp,0.0,0.8,0.0,0.7636098928903068,913.3416336062126,False,settled
b,yellow_ramp,ramp,0.0,0.8,0.0,0.419077503980003,1034.4294880368693,False,settled
b,yellow_ramp,ramp,0.0,0.8,0.0,0.39702633556681466,1034.7720199988955,False,settled
b,yellow_ramp,ramp,0.0,0.8,0.0,0.6866752701651949,935.89032207757,False,settled
b,yellow_ramp,ramp,0.0,0.8,0.0,0.5784535629690881,972.2279839123596,False,settled
b,yellow_ramp,ramp,0.0,0.8,0.0,0.552861537888677,982.9619178204645,False,settled
b,yellow_ramp,ramp,0.0,0.8,0.0,0.7401613405833991,921.7631548880996,False,settled
b,yellow_ramp,ramp,0.0,0.8,0.0,0.5463122002314896,988.3442729479309,False,settled
b,yellow_ramp,ramp,0.0,0.8,0.0,0.4140631272420109,1038.203546601632,False,settled
b,yellow_ramp,ramp,0.0,0.8,0.0,0.9019554707682071,871.358349775781,False,settled
b,yellow_ramp,ramp,0.0,0.8,0.0,0.9181138876421605,866.0104060542915,False,settled
b,yellow_ramp,ramp,0.0,0.8,0.0,1.006832906668905,847.8875445520168,False,settled
b,yellow_ramp,ramp,0.0,0.8,0.0,0.39112562102911813,1035.5761290567698,False,settled
b,yellow_ramp,ramp,0.0,0.8,0.0,0.32833132625803213,1072.0184374107198,False,settled
b,yellow_ramp,ramp,0.0,0.8,0.0,0.491417418317155,1000.2596782403373,False,settled
b,yellow_ramp,ramp,0.0,0.8,0.0,0.24057770534532386,1098.1578100702288,False,settled
b,yellow_ramp,ramp,0.0,0.8,0.0,0.22623974544190353,1109.1069019689846,False,settled
b,yellow_ramp,ramp,0.0,0.8,0.0,0.7895981414236618,905.8914032664154,False,settled
b,yellow_ramp,ramp,0.0,0.8,0.0,0.32521774950299864,1072.4291410052058,False,settled
b,yellow_ramp,ramp,0.0,0.8,0.0,0.34486867421413736,1053.643365138094,False,settled
b,yellow_ramp,ramp,0.0,0.8,0.0,0.972111127659275,851.4000785706603,False,settled
b,yellow_ramp,ramp,0.0,0.8,0.0,0.3704318985533334,1047.423590068434,False,settled
b,yellow_ramp,ramp,0.0,0.8,0.0,1.14674036105212,812.5002634454927,False,settled
b,yellow_ramp,ramp,0.0,0.8,0.0,1.055072071155325,835.0649625988756,False,settled
b,yellow_ramp,ramp,0.0,0.8,0.0,0.3300084047813485,1071.7974128990625,False,settled
b,yellow_ramp,ramp,0.0,0.8,0.0,0.6422881223895321,947.8882519627726,False,settled
b,yellow_ramp,ramp,0.0,0.8,0.0,1.0732384330107336,831.1783728883511,False,settled
b,yellow_ramp,ramp,0.0,0.8,0.0,0.369692997163549,1048.0014422787444,False,settled
b,yellow_ramp,ramp,0.0,0.8,0.0,0.9135017794576892,870.4729410025977,False,settled
b,yellow_ramp,ramp,0.0,0.8,0.0,1.102236454624522,822.8246281608914,False,settled
b,yellow_ramp,ramp,0.0,0.8,0.0,0.7116436245183686,931.0141328021253,False,settled
b,yellow_ramp,ramp,0.0,0.8,0.0,0.8097836179680059,900.8937833989706,False,settled
b,yellow_ramp,ramp,0.0,0.8,0.0,0.33108391845544577,1057.8051529675072,False,settled
b,yellow_ramp,ramp,0.0,0.8,0.0,0.9307244504485574,863.3812094257339,False,settled
b,yellow_ramp,ramp,0.0,0.8,0.0,0.5650870090097144,973.3819906188039,False,settled
b,yellow_ramp,ramp,0.0,0.8,0.0,0.9892559665703269,849.5879930834504,False,settled
b,yellow_ramp,ramp,0.0,0.8,0.0,0.7084998764004993,933.5190536541545,False,settled
b,yellow_ramp,ramp,0.0,0.8,0.0,0.41992457093133845,1033.7498767444708,False,settled
b,yellow_ramp,ramp,0.0,0.8,0.0,1.1164132975453531,820.4635796184073,False,settled
b,yellow_ramp,ramp,0.0,0.8,0.0,0.23105504314932876,1102.998166601996,False,settled
b,yellow_ramp,ramp,0.0,0.8,0.0,0.9859457113209363,849.0271807687438,False,settled
b,yellow_ramp,ramp,0.0,0.8,0.0,0.573104215281381,976.6257229338058,False,settled
b,yellow_ramp,ramp,0.0,0.8,0.0,0.9259215735728461,863.1730246126438,False,settled
b,yellow_ramp,ramp,0.0,0.8,0.0,0.817010591931516,894.1764251416977,False,settled
b,yellow_ramp,ramp,0.0,0.8,0.0,0.571504728810241,977.9462634111094,False,settled
b,yellow_ramp,ramp,0.0,0.8,0.0,0.5023723841601606,1002.7792398176147,False,settled
b,yellow_ramp,ramp,0.0,0.8,0.0,0.3168301034864449,1076.1471869521895,False,settled
b,yellow_ramp,ramp,0.0,0.8,0.0,0.7346091382836439,918.8501785788145,False,settled
b,yellow_ramp,ramp,0.0,0.8,0.0,0.6462350229635976,953.3370818800391,False,settled
b,yellow_ramp,ramp,0.0,0.8,0.0,0.8339335708127946,891.5080544974209,False,settled
b,yellow_ramp,ramp,0.0,0.8,0.0,0.6653211083672536,946.1770199336738,False,settled
b,yellow_ramp,ramp,0.0,0.8,0.0,0.6661344709805108,945.4931390569737,False,settled
b,yellow_ramp,ramp,0.0,0.8,0.0,0.7622551776424806,913.8156980877435,False,settled
b,yellow_ramp,ramp,0.0,0.8,0.0,0.701512770073156,931.6782636042027,False,settled
b,yellow_ramp,ramp,0.0,0.8,0.0,0.555753517033572,980.5962932273571,False,settled
b,yellow_ramp,ramp,0.0,0.8,0.0,0.33063997211952856,1071.7142608555607,False,settled
b,yellow_ramp,ramp,0.0,0.8,0.0,0.6247145393872559,953.4111608931929,False,settled
b,yellow_ramp,ramp,0.0,0.8,0.0,0.37325430330954523,1045.2304115012037,False,settled
b,yellow_ramp,ramp,0.0,0.8,0.0,0.5971415998377648,967.9195173768171,False,settled
b,yellow_ramp,ramp,0.0,0.8,0.0,1.2107118088442679,796.4693028874026,False,settled
b,yellow_ramp,ramp,0.0,0.8,0.0,0.2921659728065151,1077.7131649144821,False,settled
b,yellow_ramp,ramp,0.0,0.8,0.0,0.4876324895878026,1003.2782744792053,False,settled
b,yellow_ramp,ramp,0.0,0.8,0.0,0.7507734651650466,920.0377768530053,False,settled
b,yellow_ramp,ramp,0.0,0.8,0.0,1.2150467916178596,793.6614259515804,False,settled
b,yellow_ramp,ramp,0.0,0.8,0.0,0.24667047737468104,1102.467834760156,False,settled
b,yellow_ramp,ramp,0.0,0.8,0.0,0.2589151052187615,1095.1944494403529,False,settled
b,yellow_ramp,ramp,0.0,0.8,0.0,0.37905119098733087,1040.7495318047663,False,settled
b,yellow_ramp,ramp,0.0,0.8,0.0,0.8805118758736509,876.2995608446245,False,settled
b,yellow_ramp,ramp,0.0,0.8,0.0,0.39386686953349587,1035.1659574220992,False,settled
b,yellow_ramp,ramp,0.0,0.8,0.0,0.4789726431982714,1010.2378198063491,False,settled
b,yellow_ramp,ramp,0.0,0.8,0.0,0.2246858919224083,1113.6907006151375,False,settled
b,yellow_ramp,ramp,0.0,0.8,0.0,0.5130856466683139,994.2671816853457,False,settled
b,yellow_ramp,ramp,0.0,0.8,0.0,1.0930187535659082,824.8487403452589,False,settled
b,yellow_ramp,ramp,0.0,0.8,0.0,1.1389217243921523,814.2219499517245,False,settled
b,yellow_ramp,ramp,0.0,0.8,0.0,1.1962400198994079,801.1585486456048,False,settled
b,yellow_ramp,ramp,0.0,0.8,0.0,0.5055346561496302,1000.2120122625794,False,settled
b,yellow_ramp,ramp,0.0,0.8,0.0,0.6356991790252509,953.3818424017688,False,settled
b,yellow_ramp,ramp,0.0,0.8,0.0,0.46343078853303954,1018.8685643099129,False,settled
b,yellow_ramp,ramp,0.0,0.8,0.0,0.2567967908954295,1089.8410392381538,False,settled
b,yellow_ramp,ramp,0.0,0.8,0.0,0.8600652243342769,884.3300582074929,False,settled
b,yellow_ramp,ramp,0.0,0.8,0.0,0.4772183710247082,1011.654787734619,False,settled
b,yellow_ramp,ramp,0.0,0.8,0.0,0.27882973519462084,1083.9269650228116,False,settled
b,yellow_ramp,ramp,0.0,0.8,0.0,0.42215188355092903,1031.9679800138565,False,settled
b,yellow_ramp,ramp,0.0,0.8,0.0,0.7655613588405923,912.6587435054817,False,settled
b,yellow_ramp,ramp,0.0,0.8,0.0,0.3009574345675331,1073.9318702436242,False,settled
b,yellow_ramp,ramp,0.0,0.8,0.0,0.821320678013252,896.7668279627034,False,settled
b,yellow_ramp,ramp,0.0,0.8,0.0,1.1146870548478156,820.5360130328835,False,settled
b,yellow_ramp,ramp,0.0,0.8,0.0,0.30832031305724206,1068.5284992901359,False,settled
b,yellow_ramp,ramp,0.0,0.8,0.0,0.762235174420594,913.822697943974,False,settled
b,yellow_ramp,ramp,0.0,0.8,0.0,0.7914539986219303,904.1829174824087,False,settled
b,yellow_ramp,ramp,0.0,0.8,0.0,0.3544337777492266,1059.7089248096306,False,settled
b,yellow_ramp,ramp,0.0,0.8,0.0,0.971018902633277,852.5491499165254,False,settled
b,yellow_ramp,ramp,0.0,0.8,0.0,0.5735758383413333,976.2364081167451,False,settled
b,yellow_ramp,ramp,0.0,0.8,0.0,0.9211538777466857,867.8701933369586,False,settled
b,yellow_ramp,ramp,0.0,0.8,0.0,0.5905243138271712,972.4289013220254,False,settled
b,yellow_ramp,ramp,0.0,0.8,0.0,0.26720269535450647,1098.0893367172873,False,settled
b,yellow_ramp,ramp,0.0,0.8,0.0,0.2444739047691763,1096.8111948824705,False,settled
b,yellow_ramp,ramp,0.0,0.8,0.0,0.26645056476177786,1098.1764770157147,False,settled
b,yellow_ramp,ramp,0.0,0.8,0.0,0.8451296164433822,889.4035487755851,False,settled
b,yellow_ramp,ramp,0.0,0.8,0.0,0.23343269357320248,1106.1164172915057,False,settled
b,yellow_ramp,ramp,0.0,0.8,0.0,0.8757929928053777,880.7105188950438,False,settled
b,yellow_ramp,ramp,0.0,0.8,0.0,0.228359292765144,1107.0148833963517,False,settled
b,yellow_ramp,ramp,0.0,0.8,0.0,0.3365041933431536,1057.1166902213388,False,settled
b,yellow_ramp,ramp,0.0,0.8,0.0,0.30991003213209783,1067.3148823482766,False,settled
b,yellow_ramp,ramp,0.0,0.8,0.0,0.3904704205251297,1035.6732387430689,False,settled
b,yellow_ramp,ramp,0.0,0.8,0.0,0.5805165976988482,970.8494830606916,False,settled
b,yellow_ramp,ramp,0.0,0.8,0.0,1.129429910279415,817.5065650380027,False,settled
b,yellow_ramp,ramp,0.0,0.8,0.0,0.5968587338925411,967.9918908476268,False,settled
b,yellow_ramp,ramp,0.0,0.8,0.0,0.8468739920650347,888.669514850835,False,settled
b,yellow_ramp,ramp,0.0,0.8,0.0,0.831434309409438,893.8579295548982,False,settled
b,yellow_ramp,ramp,0.0,0.8,0.0,0.8456766780800278,889.1733494498725,False,settled
b,yellow_ramp,ramp,0.0,0.8,0.0,0.9535649287286105,857.8277757237488,False,settled
b,yellow_ramp,ramp,0.0,0.8,0.0,0.49531733446227266,997.5355081100123,False,settled
b,yellow_ramp,ramp,0.0,0.8,0.0,0.2896499055108884,1076.5360454427434,False,settled
b,yellow_ramp,ramp,0.0,0.8,0.0,0.35104671968343726,1062.3908917676583,False,settled
b,yellow_ramp,ramp,0.0,0.8,0.0,1.1309720258749292,817.1262137223172,False,settled
b,yellow_ramp,ramp,0.0,0.8,0.0,0.5188800466308514,989.9843772759425,False,settled
b,yellow_ramp,ramp,0.0,0.8,0.0,0.3957694725708781,1034.9573883490323,False,settled
b,yellow_ramp,ramp,0.0,0.8,0.0,0.545286192582764,989.1906235784966,False,settled
b,yellow_ramp,ramp,0.0,0.8,0.0,0.9199548129879951,869.121093301252,False,settled
b,yellow_ramp,ramp,0.0,0.8,0.0,0.9685898054207214,855.0602429925015,False,settled
b,yellow_ramp,ramp,0.0,0.8,0.0,0.4172439617322504,1035.9004104029793,False,settled
b,yellow_ramp,ramp,0.0,0.8,0.0,1.0912129276793316,826.9341647673566,False,settled
b,yellow_ramp,ramp,0.0,0.8,0.0,0.2550384845962537,1090.2565299453554,False,settled
b,yellow_ramp,ramp,0.0,0.8,0.0,0.45642559211944517,1020.1850364775205,False,settled
b,yellow_ramp,ramp,0.0,0.8,0.0,0.7753122862655619,911.8894770795426,False,settled
b,yellow_ramp,ramp,0.0,0.8,0.0,0.3470140899334727,1052.085092264003,False,settled
b,yellow_ramp,ramp,0.0,0.8,0.0,0.2611495788724018,1095.3398459301534,False,settled
b,yellow_ramp,ramp,0.0,0.8,0.0,0.8477839688967865,888.2865359755087,False,settled
b,yellow_ramp,ramp,0.0,0.8,0.0,0.4117545493081074,1027.5663732816959,False,settled
b,yellow_ramp,ramp,0.0,0.8,0.0,0.40313955582016886,1033.7928695814135,False,settled
b,yellow_ramp,ramp,0.0,0.8,0.0,0.5956346848687776,968.3050791287952,False,settled
b,yellow_ramp,ramp,0.0,0.8,0.0,0.6679052223186005,944.2588657707201,False,settled
b,yellow_ramp,ramp,0.0,0.8,0.0,0.7817142542780555,906.0540404166248,False,settled
b,yellow_ramp,ramp,0.0,0.8,0.0,0.481553609443832,1008.1624282626448,False,settled
b,yellow_ramp,ramp,0.0,0.8,0.0,0.4287272621647211,1026.7314892130012,False,settled
b,yellow_ramp,ramp,0.0,0.8,0.0,0.39115528540371675,1035.5717349750078,False,settled
b,yellow_ramp,ramp,0.0,0.8,0.0,0.6597308924280214,942.3482524249795,False,settled
b,yellow_ramp,ramp,0.0,0.8,0.0,0.35366324504756763,1060.3180640143976,False,settled
b,yellow_ramp,ramp,0.0,0.8,0.0,0.43748300687246167,1019.8421261428552,False,settled
b,yellow_ramp,ramp,0.0,0.8,0.0,0.35463290838859585,1059.5514750687475,False,settled
b,yellow_ramp,ramp,0.0,0.8,0.0,0.9153015037145477,868.6265807756041,False,settled
b,yellow_ramp,ramp,0.0,0.8,0.0,0.9781355841976943,849.0665447630894,False,settled
b,yellow_ramp,ramp,0.0,0.8,0.0,0.8068029147874208,896.9555655469576,False,settled
b,yellow_ramp,ramp,0.0,0.8,0.0,0.6844918885504674,936.5223091793481,False,settled
b,yellow_ramp,ramp,0.0,0.8,0.0,0.3155539010775161,1077.1531485942685,False,settled
b,yellow_ramp,ramp,0.0,0.8,0.0,0.93551170955507,860.2523710212018,False,settled
b,yellow_ramp,ramp,0.0,0.8,0.0,0.9768965218297461,850.5516703672297,False,settled
b,yellow_ramp,ramp,0.0,0.8,0.0,0.42103146422086574,1032.861740234274,False,settled
b,yellow_ramp,ramp,0.0,0.8,0.0,0.5135082612644339,993.9340278271296,False,settled
b,yellow_ramp,ramp,0.0,0.8,0.0,0.8730402939810452,877.9596305119017,False,settled
b,yellow_ramp,ramp,0.0,0.8,0.0,0.6967060682846419,935.8499060844721,False,settled
b,yellow_ramp,ramp,0.0,0.8,0.0,1.1692705676993584,807.5274669478496,False,settled
b,yellow_ramp,ramp,0.0,0.8,0.0,0.7106878884765426,931.8525035199248,False,settled
b,yellow_ramp,ramp,0.0,0.8,0.0,0.6706094847388624,941.9774716747241,False,settled
b,yellow_ramp,ramp,0.0,0.8,0.0,0.4313649904522316,1024.6359561525628,False,settled
b,yellow_ramp,ramp,0.0,0.8,0.0,0.3748566920484661,1043.9868416338395,False,settled
b,yellow_ramp,ramp,0.0,0.8,0.0,0.7219179924656576,922.1931875725251,False,settled
b,yellow_ramp,ramp,0.0,0.8,0.0,0.31060306246485087,1066.8810972859812,False,settled
b,yellow_ramp,ramp,0.0,0.8,0.0,0.9885114095009252,846.0681192731922,False,settled
b,yellow_ramp,ramp,0.0,0.8,0.0,0.6620096881632153,949.0271323418558,False,settled
b,yellow_ramp,ramp,0.0,0.8,0.0,0.345937664360239,1052.8154932957584,False,settled
b,yellow_ramp,ramp,0.0,0.8,0.0,0.9009809930403959,872.354982906647,False,settled
b,yellow_ramp,ramp,0.0,0.8,0.0,0.8206043134051347,897.3968190953568,False,settled
b,yellow_ramp,ramp,0.0,0.8,0.0,0.3863653274870991,1049.1990695873708,False,settled
b,yellow_ramp,ramp,0.0,0.8,0.0,0.7782798905927215,909.1764886831181,False,settled
b,yellow_ramp,ramp,0.0,0.8,0.0,0.8429573520043262,890.3260391758378,False,settled
b,yellow_ramp,ramp,0.0,0.8,0.0,0.6241974183455546,953.7435855754857,False,settled
b,yellow_ramp,ramp,0.0,0.8,0.0,0.7165401730650653,926.7377211611047,False,settled
b,yellow_ramp,ramp,0.0,0.8,0.0,0.49142429005695754,1000.2541987843425,False,settled
b,yellow_ramp,ramp,0.0,0.8,0.0,0.608215878926029,965.0947829461466,False,settled
b,yellow_ramp,ramp,0.0,0.8,0.0,1.1442408138146734,813.9595027633602,False,settled
b,yellow_ramp,ramp,0.0,0.8,0.0,1.0425524436561993,837.3515714718955,False,settled
b,yellow_ramp,ramp,0.0,0.8,0.0,0.2961136871539221,1076.9410470006007,False,settled
b,yellow_ramp,ramp,0.0,0.8,0.0,0.8480284043394303,888.1835899205599,False,settled
b,yellow_ramp,ramp,0.0,0.8,0.0,0.2407152864435773,1097.5139918835096,False,settled
b,yellow_ramp,ramp,0.0,0.8,0.0,0.44129030771770617,1016.9277395437139,False,settled
b,yellow_ramp,ramp,0.0,0.8,0.0,0.6812924061398334,937.460130917468,False,settled
b,yellow_ramp,ramp,0.0,0.8,0.0,0.5995998992985558,967.2903951050533,False,settled
b,yellow_ramp,ramp,0.0,0.8,0.0,0.2855913691251805,1081.6091137346284,False,settled
b,yellow_ramp,ramp,0.0,0.8,0.0,0.9072890310056261,871.3662449568027,False,settled
b,yellow_ramp,ramp,0.0,0.8,0.0,0.39890409252977826,1034.4085621507402,False,settled
b,yellow_ramp,ramp,0.0,0.8,0.0,0.7858965176006704,909.2996612624353,False,settled
b,yellow_ramp,ramp,0.0,0.8,0.0,0.9029991129930555,870.6400434756523,False,settled
b,yellow_ramp,ramp,0.0,0.8,0.0,0.2736927351223264,1087.831642773607,False,settled
b,yellow_ramp,ramp,0.0,0.8,0.0,0.9907924554216724,847.776259889342,False,settled
b,yellow_ramp,ramp,0.0,0.8,0.0,1.084466816235718,827.6321775838226,False,settled
b,yellow_ramp,ramp,0.0,0.8,0.0,0.3576514582740078,1057.420676649682,False,settled
b,yellow_ramp,ramp,0.0,0.8,0.0,0.8404703450064578,891.6687420713846,False,settled
b,yellow_ramp,ramp,0.0,0.8,0.0,0.3127430168753882,1065.1890178392355,False,settled
b,yellow_ramp,ramp,0.0,0.8,0.0,1.162926085027643,808.9504747688752,False,settled
b,yellow_ramp,ramp,0.0,0.8,0.0,0.29271684336995407,1078.0593558827172,False,settled
b,yellow_ramp,ramp,0.0,0.8,0.0,0.4306183559671296,1025.2260352971316,False,settled
b,yellow_ramp,ramp,0.0,0.8,0.0,0.32957343435012865,1071.8547054958647,False,settled
b,yellow_ramp,ramp,0.0,0.8,0.0,0.9067141090879745,871.9555237137929,False,settled
b,yellow_ramp,ramp,0.0,0.8,0.0,0.4771081560766575,1011.7441060967428,False,settled
b,yellow_ramp,ramp,0.0,0.8,0.0,0.9508268175019433,856.0917696919347,False,settled
b,yellow_ramp,ramp,0.0,0.8,0.0,0.5161416841469527,991.8559829327204,False,settled
b,yellow_ramp,ramp,0.0,0.8,0.0,0.5370012590814731,984.6203906554368,False,settled
b,yellow_ramp,ramp,0.0,0.8,0.0,0.7648371938409841,912.9121556872384,False,settled
b,yellow_ramp,ramp,0.0,0.8,0.0,0.24409364000717867,1095.3364511739637,False,settled
b,yellow_ramp,ramp,0.0,0.8,0.0,0.2773968445723277,1084.3416128300678,False,settled
b,yellow_ramp,ramp,0.0,0.8,0.0,0.2508793495894105,1098.1936391467775,False,settled
b,yellow_ramp,ramp,0.0,0.8,0.0,0.24877431087122504,1091.8193014412132,False,settled
b,yellow_ramp,ramp,0.0,0.8,0.0,0.4885984684641133,1002.5078833780678,False,settled
b,yellow_ramp,ramp,0.0,0.8,0.0,0.7091781528273396,932.924702616847,False,settled
b,yellow_ramp,ramp,0.0,0.8,0.0,0.5364769588652136,984.7297713547214,False,settled
b,yellow_ramp,ramp,0.0,0.8,0.0,0.7982079605771295,904.8781477500659,False,settled
b,yellow_ramp,ramp,0.0,0.8,0.0,0.308836172614334,1068.1334399637392,False,settled
b,yellow_ramp,ramp,0.0,0.8,0.0,0.964356459878921,855.3908115160112,False,settled
b,yellow_ramp,ramp,0.0,0.8,0.0,0.49570921617045993,997.228892593328,False,settled
b,yellow_ramp,ramp,0.0,0.8,0.0,0.3614024461655358,1054.4853835554602,False,settled
b,yellow_ramp,ramp,0.0,0.8,0.0,0.2768882595808576,1085.1530411149638,False,settled
b,yellow_ramp,ramp,0.0,0.8,0.0,0.6293226675044363,958.4888779318821,False,settled
b,yellow_ramp,ramp,0.0,0.8,0.0,0.9299181051797044,864.1383862031599,False,settled
b,yellow_ramp,ramp,0.0,0.8,0.0,0.5774073839962616,973.0847487441529,False,settled
b,yellow_ramp,ramp,0.0,0.8,0.0,0.5943463958693108,969.297851977283,False,settled
b,yellow_ramp,ramp,0.0,0.8,0.0,0.3841400749505064,1049.7798772605504,False,settled
b,yellow_ramp,ramp,0.0,0.8,0.0,0.5691837408111713,979.8626188505867,False,settled
b,yellow_ramp,ramp,0.0,0.8,0.0,0.2660364891072087,1087.0137733669706,False,settled
b,yellow_ramp,ramp,0.0,0.8,0.0,0.677339588763977,938.6203454882999,False,settled
b,yellow_ramp,ramp,0.0,0.8,0.0,0.28928775537624624,1076.6113091400941,False,settled
b,yellow_ramp,ramp,0.0,0.8,0.0,0.9672542244951595,852.1596439338987,False,settled
b,yellow_ramp,ramp,0.0,0.8,0.0,0.6334014844655155,955.0503913159755,False,settled
b,yellow_ramp,ramp,0.0,0.8,0.0,0.6450652464191449,954.3333953807107,False,settled
b,yellow_ramp,ramp,0.0,0.8,0.0,0.8490430077693181,887.7567617311223,False,settled
b,yellow_ramp,ramp,0.0,0.8,0.0,0.6824815792508468,937.1111503281126,False,settled
b,yellow_ramp,ramp,0.0,0.8,0.0,0.6802536237408655,937.7649771017126,False,settled
b,yellow_ramp,ramp,0.0,0.8,0.0,0.23136280237034745,1105.5385277200219,False,settled
b,yellow_ramp,ramp,0.0,0.8,0.0,0.6924483854466746,931.3381630503727,False,settled
b,yellow_ramp,ramp,0.0,0.8,0.0,0.7247370811019446,927.5038999298047,False,settled
b,yellow_ramp,ramp,0.0,0.8,0.0,1.0720558719757916,831.8216954418015,False,settled
b,yellow_ramp,ramp,0.0,0.8,0.0,1.0672208417963598,833.1047224209923,False,settled
b,yellow_ramp,ramp,0.0,0.8,0.0,0.8263790419679901,892.2081566618417,False,settled
b,yellow_ramp,ramp,0.0,0.8,0.0,0.23949692329507402,1108.4108475916746,False,settled
b,yellow_ramp,ramp,0.0,0.8,0.0,0.7538901285131783,917.2597091928296,False,settled
b,yellow_ramp,ramp,0.0,0.8,0.0,1.080247661856903,829.7349901252951,False,settled
b,yellow_ramp,ramp,0.0,0.8,0.0,0.8679249927399942,882.6064665806575,False,settled
b,yellow_ramp,ramp,0.0,0.8,0.0,0.8845269614541622,877.765896802992,False,settled
b,yellow_ramp,ramp,0.0,0.8,0.0,0.44865156994122385,1023.3352934413498,False,settled
b,yellow_ramp,ramp,0.0,0.8,0.0,0.30004934891446844,1074.5606558073573,False,settled
b,yellow_ramp,ramp,0.0,0.8,0.0,0.4650440193417554,1018.5654594908035,False,settled
b,yellow_ramp,ramp,0.0,0.8,0.0,0.910889472963606,868.0193453901285,False,settled
b,yellow_ramp,ramp,0.0,0.8,0.0,0.9051261127975242,873.5933449485541,False,settled
b,yellow_ramp,ramp,0.0,0.8,0.0,0.7469838157364129,915.910256013973,False,settled
b,yellow_ramp,ramp,0.0,0.8,0.0,0.44081317784028134,1017.2899220718467,False,settled
b,yellow_ramp,ramp,0.0,0.8,0.0,1.15180601233205,811.286815611885,False,settled
b,yellow_ramp,ramp,0.0,0.8,0.0,0.7332023248888513,920.1516508018802,False,settled
b,yellow_ramp,ramp,0.0,0.8,0.0,0.6326196953855583,955.7052257756064,False,settled
b,yellow_ramp,ramp,0.0,0.8,0.0,0.488424570457771,1002.6465720957627,False,settled
b,yellow_ramp,ramp,0.0,0.8,0.0,0.6853875171485857,936.2630682389125,False,settled
b,yellow_ramp,ramp,0.0,0.8,0.0,0.3758204020284898,1043.238904449863,False,settled
b,yellow_ramp,ramp,0.0,0.8,0.0,0.8680745515235686,882.4583494207413,False,settled
b,yellow_ramp,ramp,0.0,0.8,0.0,0.46699396739089627,1018.1990875577557,False,settled
b,yellow_ramp,ramp,0.0,0.8,0.0,0.5092715595265144,997.2778417791554,False,settled
b,yellow_ramp,ramp,0.0,0.8,0.0,0.5580377718680088,978.7280003453365,False,settled
b,yellow_ramp,ramp,0.0,0.8,0.0,1.0029623829786969,848.1803825472956,False,settled
b,yellow_ramp,ramp,0.0,0.8,0.0,0.30339141243060336,1072.209402864768,False,settled
b,yellow_ramp,ramp,0.0,0.8,0.0,0.632501228482846,955.8045866999755,False,settled
b,yellow_ramp,ramp,0.0,0.8,0.0,1.0807712494270372,830.0664503833723,False,settled
b,yellow_ramp,ramp,0.0,0.8,0.0,0.5175415498368631,991.1156214666518,False,settled
b,yellow_ramp,ramp,0.0,0.8,0.0,0.3572466948177793,1057.7393130924488,False,settled
b,yellow_ramp,ramp,0.0,0.8,0.0,0.8891409317228967,873.4221263546054,False,settled
b,yellow_ramp,ramp,0.0,0.8,0.0,0.6726932344164529,940.2237003709652,False,settled
b,yellow_ramp,ramp,0.0,0.8,0.0,0.24546228439821466,1100.0180927463105,False,settled
b,yellow_ramp,ramp,0.0,0.8,0.0,0.2771243175215709,1084.8892019320742,False,settled
b,yellow_ramp,ramp,0.0,0.8,0.0,0.38100829457174096,1039.23934977351,False,settled
b,yellow_ramp,ramp,0.0,0.8,0.0,0.5794966133387266,971.3739928225898,False,settled
b,yellow_ramp,ramp,0.0,0.8,0.0,0.6400846996956987,949.7963337336253,False,settled
b,yellow_ramp,ramp,0.0,0.8,0.0,0.2845417140739394,1081.4623550304377,False,settled
b,yellow_ramp,ramp,0.0,0.8,0.0,0.3222946992050279,1072.8142906544722,False,settled
b,yellow_ramp,ramp,0.0,0.8,0.0,0.30340321014698357,1072.201042746298,False,settled
b,yellow_ramp,ramp,0.0,0.8,0.0,0.39446183057206796,1035.1509891507567,False,settled
b,yellow_ramp,ramp,0.0,0.8,0.0,0.6005876609132356,967.0377104521186,False,settled
b,yellow_ramp,ramp,0.0,0.8,0.0,0.52274388722275,987.6370427730967,False,settled
b,yellow_ramp,ramp,0.0,0.8,0.0,1.0410183172468102,839.4032062069756,False,settled
b,yellow_ramp,ramp,0.0,0.8,0.0,0.36798421774873874,1049.3377641320553,False,settled
b,yellow_ramp,ramp,0.0,0.8,0.0,0.5850828649043733,967.2128135908272,False,settled
b,yellow_ramp,ramp,0.0,0.8,0.0,0.5595674015412054,977.7472663060475,False,settled
b,yellow_ramp,ramp,0.0,0.8,0.0,0.7400607389579966,921.850602641811,False,settled
b,yellow_ramp,ramp,0.0,0.8,0.0,0.7544575501887566,916.7539812531238,False,settled
b,yellow_ramp,ramp,0.0,0.8,0.0,0.7521770275821127,918.7866159465027,False,settled
b,yellow_ramp,ramp,0.0,0.8,0.0,0.32210475632384244,1072.8393848509438,False,settled
b,yellow_ramp,ramp,0.0,0.8,0.0,0.25642556145477563,1092.7905306972555,False,settled
b,yellow_ramp,ramp,0.0,0.8,0.0,0.9391696134392069,862.9993766880852,False,settled
b,yellow_ramp,ramp,0.0,0.8,0.0,0.7296989875388713,923.1324997119642,False,settled
b,yellow_ramp,ramp,0.0,0.8,0.0,0.23044445233223454,1113.0719807000921,False,settled
b,yellow_ramp,ramp,0.0,0.8,0.0,0.4828662725697892,1007.107154174218,False,settled
b,yellow_ramp,ramp,0.0,0.8,0.0,0.4559424250469394,1020.2758315734217,False,settled
b,yellow_ramp,ramp,0.0,0.8,0.0,0.3506206954637944,1062.7300227834546,False,settled
b,yellow_ramp,ramp,0.0,0.8,0.0,0.31527306537569527,1077.3744288427972,False,settled
b,yellow_ramp,ramp,0.0,0.8,0.0,0.4275352188508433,1027.6807972613822,False,settled
b,yellow_ramp,ramp,0.0,0.8,0.0,0.26310633088014174,1098.668259644929,False,settled
b,yellow_ramp,ramp,0.0,0.8,0.0,0.5982938339729831,967.624708961476,False,settled
b,yellow_ramp,ramp,0.0,0.8,0.0,0.27889071913016983,1083.895565527863,False,settled
b,yellow_ramp,ramp,0.0,0.8,0.0,0.7251707820866407,927.1205110349044,False,settled
b,yellow_ramp,ramp,0.0,0.8,0.0,0.9171795925705866,867.0448781697079,False,settled
b,yellow_ramp,ramp,0.0,0.8,0.0,0.4775881116608493,1011.3551487904447,False,settled
b,yellow_ramp,ramp,0.0,0.8,0.0,1.050212612654487,836.914354040537,False,settled
b,yellow_ramp,ramp,0.0,0.8,0.0,0.8283669208006631,890.3178958811574,False,settled
b,yellow_ramp,ramp,0.0,0.8,0.0,0.6744204097203408,939.4772560493517,False,settled
b,yellow_ramp,ramp,0.0,0.8,0.0,0.7195693681226261,924.1201207732198,False,settled
b,yellow_ramp,ramp,0.0,0.8,0.0,0.9128526268231832,871.1370998284054,False,settled
b,yellow_ramp,ramp,0.0,0.8,0.0,0.8636789550579952,881.084349303819,False,settled
b,yellow_ramp,ramp,0.0,0.8,0.0,0.520066597371731,989.0540966946028,False,settled
b,yellow_ramp,ramp,0.0,0.8,0.0,1.1677984732266455,807.9214979502527,False,settled
b,yellow_ramp,ramp,0.0,0.8,0.0,0.3680039296278703,1049.3223489527338,False,settled
b,yellow_ramp,ramp,0.0,0.8,0.0,0.43264338655177625,1023.625531996626,False,settled
b,yellow_ramp,ramp,0.0,0.8,0.0,0.8289989146815508,896.1564996105454,False,settled
b,yellow_ramp,ramp,0.0,0.8,0.0,0.6594408397386978,942.5721215305845,False,settled
b,yellow_ramp,ramp,0.0,0.8,0.0,0.3575540107864337,1057.4973913818437,False,settled
b,yellow_ramp,ramp,0.0,0.8,0.0,0.3828119487905,1037.888658537224,False,settled
b,yellow_ramp,ramp,0.0,0.8,0.0,0.6387659886318772,950.8102695177103,False,settled
b,yellow_ramp,ramp,0.0,0.8,0.0,0.26611657157054247,1098.724075163649,False,settled
b,yellow_ramp,ramp,0.0,0.8,0.0,0.6801347569740603,937.7998603228511,False,settled
b,yellow_ramp,ramp,0.0,0.8,0.0,0.6821962046273327,937.1948977666384,False,settled
b,yellow_ramp,ramp,0.0,0.8,0.0,0.33230799518227694,1057.71921490163,False,settled
b,yellow_ramp,ramp,0.0,0.8,0.0,1.1256455180125566,818.1250559345116,False,settled
b,yellow_ramp,ramp,0.0,0.8,0.0,1.0215391361975301,844.6795910707262,False,settled
b,yellow_ramp,ramp,0.0,0.8,0.0,0.786000514814448,909.2038991014656,False,settled
b,yellow_ramp,ramp,0.0,0.8,0.0,0.746985819572096,915.9085072053758,False,settled
b,yellow_ramp,ramp,0.0,0.8,0.0,0.3604184680402668,1055.2548882513631,False,settled
b,yellow_ramp,ramp,0.0,0.8,0.0,0.35363815233094215,1060.3378988725435,False,settled
b,yellow_ramp,ramp,0.0,0.8,0.0,0.7887842400690662,906.6406491686624,False,settled
b,yellow_ramp,ramp,0.0,0.8,0.0,0.656976979436298,944.6529033674836,False,settled
b,yellow_ramp,ramp,0.0,0.8,0.0,0.8802122755972912,876.5924091049329,False,settled
b,yellow_ramp,ramp,0.0,0.8,0.0,0.49301543524352703,999.2703689741884,False,settled
b,yellow_ramp,ramp,0.0,0.8,0.0,0.4010245222025088,1034.1002179074112,False,settled
b,yellow_ramp,ramp,0.0,0.8,0.0,0.8775192954934532,878.9904141882212,False,settled
b,yellow_ramp,ramp,0.0,0.8,0.0,0.5653360107063805,973.1799418725815,False,settled
b,yellow_ramp,ramp,0.0,0.8,0.0,0.9319497515876333,862.017854354929,False,settled
b,yellow_ramp,ramp,0.0,0.8,0.0,0.23223804338679743,1111.3883283593225,False,settled
b,yellow_ramp,ramp,0.0,0.8,0.0,0.3373830297387579,1057.0135631901783,False,settled
b,yellow_ramp,ramp,0.0,0.8,0.0,0.6927129045765836,931.0520397436068,False,settled
b,yellow_ramp,ramp,0.0,0.8,0.0,0.33497150799372233,1057.301455503433,False,settled
b,yellow_ramp,ramp,0.0,0.8,0.0,0.2577558799908409,1093.3459441756354,False,settled
b,yellow_ramp,ramp,0.0,0.8,0.0,0.430194473405129,1025.5629455085189,False,settled
b,yellow_ramp,ramp,0.0,0.8,0.0,0.48043204960394753,1009.0643443095116,False,settled
b,yellow_ramp,ramp,0.0,0.8,0.0,0.41335857246035373,1026.3514594961478,False,settled
b,yellow_ramp,ramp,0.0,0.8,0.0,0.7199092005869364,923.8245896972018,False,settled
b,yellow_ramp,ramp,0.0,0.8,0.0,0.34547823470234595,1053.1712832341568,False,settled
b,yellow_ramp,ramp,0.0,0.8,0.0,0.9745668013074905,853.1243952244677,False,settled
b,yellow_ramp,ramp,0.0,0.8,0.0,0.7246103604973133,927.615919472758,False,settled
b,yellow_ramp,ramp,0.0,0.8,0.0,0.8582650609295165,886.0872083025699,False,settled
b,yellow_ramp,ramp,0.0,0.8,0.0,0.7026853965816873,930.66594254016,False,settled
b,yellow_ramp,ramp,0.0,0.8,0.0,0.5373073253207433,984.5565383244102,False,settled
b,yellow_ramp,ramp,0.0,0.8,0.0,0.36214510446147125,1053.9046521203936,False,settled
b,yellow_ramp,ramp,0.0,0.8,0.0,0.678240883173706,938.3556457987781,False,settled
b,yellow_ramp,ramp,0.0,0.8,0.0,0.4101352583293645,1028.8266731287856,False,settled
b,yellow_ramp,ramp,0.0,0.8,0.0,1.0327420379395176,840.8269843068557,False,settled
b,yellow_ramp,ramp,0.0,0.8,0.0,0.2967342530659063,1076.5964754651995,False,settled
b,yellow_ramp,ramp,0.0,0.8,0.0,1.075110692780428,830.7015737653571,False,settled
b,yellow_ramp,ramp,0.0,0.8,0.0,0.42509818399657767,1029.6216207021719,False,settled
b,yellow_ramp,ramp,0.0,0.8,0.0,0.23123224090042838,1103.6970182833352,False,settled
b,yellow_ramp,ramp,0.0,0.8,0.0,0.6827178567696127,937.0418111679093,False,settled
b,yellow_ramp,ramp,0.0,0.8,0.0,0.5717061224291803,977.7798086301788,False,settled
b,yellow_ramp,ramp,0.0,0.8,0.0,0.6755389477399004,939.1488572391702,False,settled
b,yellow_ramp,ramp,0.0,0.8,0.0,0.47600015784142063,1012.642025110509,False,settled
b,yellow_ramp,ramp,0.0,0.8,0.0,0.3549733454983317,1059.2821834404099,False,settled
b,yellow_ramp,ramp,0.0,0.8,0.0,0.4799920593826256,1009.4181405325234,False,settled
b,yellow_ramp,ramp,0.0,0.8,0.0,0.4528713223126588,1020.8530132711542,False,settled
b,yellow_ramp,ramp,0.0,0.8,0.0,0.29338559514331536,1078.071496074586,False,settled
b,yellow_ramp,ramp,0.0,0.8,0.0,0.42980360115491356,1025.8742616992831,False,settled
b,yellow_ramp,ramp,0.0,0.8,0.0,0.29014979642673205,1076.625129814117,False,settled
b,yellow_ramp,ramp,0.0,0.8,0.0,0.4854011453328176,1005.0692780796556,False,settled
b,yellow_ramp,ramp,0.0,0.8,0.0,0.8492879330046128,887.6537310129717,False,settled
b,yellow_ramp,ramp,0.0,0.8,0.0,0.3285316265659349,1071.9920146483273,False,settled
b,yellow_ramp,ramp,0.0,0.8,0.0,0.37643808189503,1042.7596977024302,False,settled
b,yellow_ramp,ramp,0.0,0.8,0.0,0.3084027623743207,1068.4653605470698,False,settled
b,yellow_ramp,ramp,0.0,0.8,0.0,0.6648891014433711,946.540204862361,False,settled
b,yellow_ramp,ramp,0.0,0.8,0.0,0.8043291190759372,899.2063712093249,False,settled
b,yellow_ramp,ramp,0.0,0.8,0.0,1.2044061999191058,798.8920428565956,False,settled
b,yellow_ramp,ramp,0.0,0.8,0.0,0.7122789411248656,930.4568247084497,False,settled
b,yellow_ramp,ramp,0.0,0.8,0.0,0.5075315678750684,998.6375935919233,False,settled
b,yellow_ramp,ramp,0.0,0.8,0.0,0.2774780220350389,1084.4238326407747,False,settled
b,yellow_ramp,ramp,0.0,0.8,0.0,0.6990531213550156,933.8071544131247,False,settled
b,yellow_ramp,ramp,0.0,0.8,0.0,0.3218853008879969,1072.8683573070114,False,settled
b,yellow_ramp,ramp,0.0,0.8,0.0,0.5932789524582833,970.1715167031983,False,settled
b,yellow_ramp,ramp,0.0,0.8,0.0,0.5958849675416874,968.2410424360964,False,settled
b,yellow_ramp,ramp,0.0,0.8,0.0,1.2173346393622102,793.874823253071,False,settled
b,yellow_ramp,ramp,0.0,0.8,0.0,1.0892870895886688,826.6993928103411,False,settled
b,yellow_ramp,ramp,0.0,0.8,0.0,0.9878371168540678,846.843183066817,False,settled
b,yellow_ramp,ramp,0.0,0.8,0.0,0.26875601631299667,1087.1583063633789,False,settled
b,yellow_ramp,ramp,0.0,0.8,0.0,0.7454241703436608,917.1811842089294,False,settled
b,yellow_ramp,ramp,0.0,0.8,0.0,1.108153097849607,821.9687767078685,False,settled
b,yellow_ramp,ramp,0.0,0.8,0.0,0.9706438799530714,852.9757110579258,False,settled
b,yellow_ramp,ramp,0.0,0.8,0.0,0.4611405060860363,1019.2988751361886,False,settled
b,yellow_ramp,ramp,0.0,0.8,0.0,0.2745835522838068,1088.754587431991,False,settled
b,yellow_ramp,ramp,0.0,0.8,0.0,1.0560405815178124,832.7087374831243,False,settled
b,yellow_ramp,ramp,0.0,0.8,0.0,0.6602836987299944,941.9110090679525,False,settled
b,yellow_ramp,ramp,0.0,0.8,0.0,1.124469498571345,818.3817457651954,False,settled
b,yellow_ramp,ramp,0.0,0.8,0.0,0.5760455702631193,974.1998468524758,False,settled
b,yellow_ramp,ramp,0.0,0.8,0.0,0.2622503747682169,1096.0193845398505,False,settled
b,yellow_ramp,ramp,0.0,0.8,0.0,0.9073331723244481,871.3210002077847,False,settled
b,yellow_ramp,ramp,0.0,0.8,0.0,1.082203748193451,827.8496858995702,False,settled
b,yellow_ramp,ramp,0.0,0.8,0.0,0.632552259550187,955.7617104613265,False,settled
b,yellow_ramp,ramp,0.0,0.8,0.0,1.0502583494550821,836.8495079398714,False,settled
b,yellow_ramp,ramp,0.0,0.8,0.0,0.7665676004460127,912.3066284111337,False,settled
b,yellow_ramp,ramp,0.0,0.8,0.0,0.39652963256400325,1034.8448557348115,False,settled
b,yellow_ramp,ramp,0.0,0.8,0.0,0.2532663016020549,1102.1783417852,False,settled
b,yellow_ramp,ramp,0.0,0.8,0.0,0.39293470312740486,1035.303990557868,False,settled
b,yellow_ramp,ramp,0.0,0.8,0.0,0.6603742653192448,941.8385658744693,False,settled
b,yellow_ramp,ramp,0.0,0.8,0.0,0.9723801341468742,851.0235511535918,False,settled
b,yellow_ramp,ramp,0.0,0.8,0.0,0.3777630581600829,1041.8224569253516,False,settled
b,yellow_ramp,ramp,0.0,0.8,0.0,1.0264686025019922,842.377265675908,False,settled
b,yellow_ramp,ramp,0.0,0.8,0.0,0.9212857645229436,867.7324625956937,False,settled
b,yellow_ramp,ramp,0.0,0.8,0.0,0.3673366961470804,1049.8441396463325,False,settled
b,yellow_ramp,ramp,0.0,0.8,0.0,1.1063036655248846,822.0048155335487,False,settled
b,yellow_ramp,ramp,0.0,0.8,0.0,0.3201076380055905,1073.9304784143105,False,settled
b,yellow_ramp,ramp,0.0,0.8,0.0,1.0698981913153196,832.6981859945156,False,settled
b,yellow_ramp,ramp,0.0,0.8,0.0,0.8690028399225525,881.5429370444125,False,settled
b,yellow_ramp,ramp,0.0,0.8,0.0,0.24598095877417878,1101.2196593720143,False,settled
b,yellow_ramp,ramp,0.0,0.8,0.0,0.24556785798016867,1100.0560004761123,False,settled
b,yellow_ramp,ramp,0.0,0.8,0.0,0.25082521213208175,1098.0628912590864,False,settled
b,yellow_ramp,ramp,0.0,0.8,0.0,0.4688924546997031,1006.3749652117733,False,settled
b,yellow_ramp,ramp,0.0,0.8,0.0,0.23595081519968591,1104.198480529712,False,settled
b,yellow_ramp,ramp,0.0,0.8,0.0,0.24009774074117232,1096.0164757897924,False,settled
b,yellow_ramp,ramp,0.0,0.8,0.0,0.6397143813680646,950.1068481509741,False,settled
b,yellow_ramp,ramp,0.0,0.8,0.0,0.4955761530048317,997.3349797915463,False,settled
b,yellow_ramp,ramp,0.0,0.8,0.0,0.5448954516898207,989.512879618358,False,settled
b,yellow_ramp,ramp,0.0,0.8,0.0,0.6170149854527384,959.6942574859556,False,settled
b,yellow_ramp,ramp,0.0,0.8,0.0,0.25812816710390213,1093.9299707863486,False,settled
b,yellow_ramp,ramp,0.0,0.8,0.0,1.2241949318730336,790.0822494879352,False,settled
b,yellow_ramp,ramp,0.0,0.8,0.0,0.35058697013905754,1062.7568681637279,False,settled
b,yellow_ramp,ramp,0.0,0.8,0.0,0.23803018682323246,1101.5694796535965,False,settled
b,yellow_ramp,ramp,0.0,0.8,0.0,0.6682353185134903,943.981090764038,False,settled
b,yellow_ramp,ramp,0.0,0.8,0.0,0.9160813284629339,867.8243889901366,False,settled
b,yellow_ramp,ramp,0.0,0.8,0.0,0.3776346799745612,1041.9220640238993,False,settled
b,yellow_ramp,ramp,0.0,0.8,0.0,0.4258550012779317,1029.0189649499284,False,settled
b,yellow_ramp,ramp,0.0,0.8,0.0,0.5699234899219062,979.251680019577,False,settled
b,yellow_ramp,ramp,0.0,0.8,0.0,0.8599368185976172,884.4554732460816,False,settled
b,yellow_ramp,ramp,0.0,0.8,0.0,1.026665576153625,842.1224239221391,False,settled
b,yellow_ramp,ramp,0.0,0.8,0.0,0.5691560835000989,979.8854563129057,False,settled
b,yellow_ramp,ramp,0.0,0.8,0.0,1.0728690215097014,831.7558563494609,False,settled
b,yellow_ramp,ramp,0.0,0.8,0.0,0.4346606695330854,1022.0309825622173,False,settled
b,yellow_ramp,ramp,0.0,0.8,0.0,0.3861622764419971,1049.2327876754857,False,settled
b,yellow_ramp,ramp,0.0,0.8,0.0,0.35694965988776706,1057.9731266092313,False,settled
b,yellow_ramp,ramp,0.0,0.8,0.0,0.2644701335243613,1085.293845540635,False,settled
b,yellow_ramp,ramp,0.0,0.8,0.0,0.5455504645595284,988.972669679687,False,settled
b,yellow_ramp,ramp,0.0,0.8,0.0,0.9473852475239308,859.7185066120563,False,settled
b,yellow_ramp,ramp,0.0,0.8,0.0,0.28351836782069795,1082.0868812815456,False,settled
b,yellow_ramp,ramp,0.0,0.8,0.0,0.3310935351175721,1057.8040132156934,False,settled
b,yellow_ramp,ramp,0.0,0.8,0.0,0.3126707412248209,1065.244377798475,False,settled
b,yellow_ramp,ramp,0.0,0.8,0.0,0.6647329874787888,946.6714472392902,False,settled
b,yellow_ramp,ramp,0.0,0.8,0.0,0.33258981581373726,1057.6857754896541,False,settled
b,yellow_ramp,ramp,0.0,0.8,0.0,1.0229323350918251,842.8620913126947,False,settled
b,yellow_ramp,ramp,0.0,0.8,0.0,0.6377425076539478,951.6683927035293,False,settled
b,yellow_ramp,ramp,0.0,0.8,0.0,0.4246348587276531,1029.9905427714184,False,settled
b,yellow_ramp,ramp,0.0,0.8,0.0,0.793104814459795,902.6729762535585,False,settled
b,yellow_ramp,ramp,0.0,0.8,0.0,0.4666826725319413,1018.2575763107981,False,settled
b,yellow_ramp,ramp,0.0,0.8,0.0,1.220787576667259,792.7426889300511,False,settled
b,yellow_ramp,ramp,0.0,0.8,0.0,0.2884048471812427,1076.8904247094567,False,settled
b,yellow_ramp,ramp,0.0,0.8,0.0,0.860075063799879,884.3204566891627,False,settled
b,yellow_ramp,ramp,0.0,0.8,0.0,0.3752075427915915,1043.7146174562915,False,settled
b,yellow_ramp,ramp,0.0,0.8,0.0,0.2698350774842843,1088.2211495345073,False,settled
b,yellow_ramp,ramp,0.0,0.8,0.0,0.670826033780673,941.7942322275624,False,settled
b,yellow_ramp,ramp,0.0,0.8,0.0,0.5727250284416169,976.9387323511934,False,settled
b,yellow_ramp,ramp,0.0,0.8,0.0,0.6461424215100475,953.4159521825467,False,settled
b,yellow_ramp,ramp,0.0,0.8,0.0,0.4647393690438856,1018.6226994057364,False,settled
b,yellow_ramp,ramp,0.0,0.8,0.0,0.6927624602197601,931.009712898938,False,settled
b,yellow_ramp,ramp,0.0,0.8,0.0,1.0297325167561675,843.0838619637361,False,settled
b,yellow_ramp,ramp,0.0,0.8,0.0,0.25110748518243836,1098.7432885619912,False,settled
b,yellow_ramp,ramp,0.0,0.8,0.0,0.5050399981326414,1000.6135946370375,False,settled
b,yellow_ramp,ramp,0.0,0.8,0.0,0.7137766479050486,929.142990992738,False,settled
b,yellow_ramp,ramp,0.0,0.8,0.0,1.1577188640102107,811.0059443478249,False,settled
b,yellow_ramp,ramp,0.0,0.8,0.0,0.4929317489760215,999.3371564825811,False,settled
b,yellow_ramp,ramp,0.0,0.8,0.0,0.5744864129208532,975.4847432314755,False,settled
b,yellow_ramp,ramp,0.0,0.8,0.0,0.28879345808883977,1076.946139581295,False,settled
b,yellow_ramp,ramp,0.0,0.8,0.0,1.1713939339518598,807.3225395212406,False,settled
b,yellow_ramp,ramp,0.0,0.8,0.0,0.5141106302235646,993.4575977155188,False,settled
b,yellow_ramp,ramp,0.0,0.8,0.0,1.0654461236378032,832.1196080311968,False,settled
b,yellow_ramp,ramp,0.0,0.8,0.0,0.37848805370625677,1041.1863726371068,False,settled
b,yellow_ramp,ramp,0.0,0.8,0.0,0.6372989651258356,952.0402701939877,False,settled
b,yellow_ramp,ramp,0.0,0.8,0.0,0.46955204461029487,1006.261672911077,False,settled
b,yellow_ramp,ramp,0.0,0.8,0.0,0.497394876008028,1006.8210978506393,False,settled
b,yellow_ramp,ramp,0.0,0.8,0.0,0.9593898355244761,856.1928524748315,False,settled
b,yellow_ramp,ramp,0.0,0.8,0.0,0.2196692877339318,1116.7133491361258,False,settled
b,yellow_ramp,ramp,0.0,0.8,0.0,0.41687789714067736,1036.1942556133222,False,settled
b,yellow_ramp,ramp,0.0,0.8,0.0,0.32000714765013294,1073.9797390889953,False,settled
b,yellow_ramp,ramp,0.0,0.8,0.0,0.7367296370964065,924.4867936539875,False,settled
b,yellow_ramp,ramp,0.0,0.8,0.0,0.7947215632366887,901.2859545976402,False,settled
b,yellow_ramp,ramp,0.0,0.8,0.0,0.43979959059751583,1018.0690869333517,False,settled
b,yellow_ramp,ramp,0.0,0.8,0.0,0.3626601814375605,1053.5019243753436,False,settled
b,yellow_ramp,ramp,0.0,0.8,0.0,1.0937366283267496,826.1182284442042,False,settled
b,yellow_ramp,ramp,0.0,0.8,0.0,0.6722538557427932,940.5924264031278,False,settled
b,yellow_ramp,ramp,0.0,0.8,0.0,0.42495894891552943,1029.7324905971295,False,settled
b,yellow_ramp,ramp,0.0,0.8,0.0,0.4534391163944691,1020.7457892610818,False,settled
b,yellow_ramp,ramp,0.0,0.8,0.0,0.33959210214977287,1056.8333749004635,False,settled
b,yellow_ramp,ramp,0.0,0.8,0.0,0.5780176038260152,972.5850533936357,False,settled
b,yellow_ramp,ramp,0.0,0.8,0.0,0.684840356633664,936.4214446194927,False,settled
b,yellow_ramp,ramp,0.0,0.8,0.0,0.23371796554703092,1107.9135100634799,False,settled
b,yellow_ramp,ramp,0.0,0.8,0.0,0.6314113282453144,956.7249918855051,False,settled
b,yellow_ramp,ramp,0.0,0.8,0.0,0.9787928144127852,848.4307357935642,False,settled
b,yellow_ramp,ramp,0.0,0.8,0.0,0.28461719980715866,1081.308083437337,False,settled
b,yellow_ramp,ramp,0.0,0.8,0.0,0.2599055830234506,1096.1361996996268,False,settled
b,yellow_ramp,ramp,0.0,0.8,0.0,0.6110035671029506,964.3915241304372,False,settled
b,yellow_ramp,ramp,0.0,0.8,0.0,0.3459225342059568,1052.8272109296706,False,settled
b,yellow_ramp,ramp,0.0,0.8,0.0,0.29658541433564706,1076.6844071874089,False,settled
b,yellow_ramp,ramp,0.0,0.8,0.0,0.41230580567223685,1027.2315176358431,False,settled
b,yellow_ramp,ramp,0.0,0.8,0.0,0.8160758664653127,895.1111473073635,False,settled
b,yellow_ramp,ramp,0.0,0.8,0.0,0.8222440539956543,895.9245531012607,False,settled
b,yellow_ramp,ramp,0.0,0.8,0.0,0.7205885651521472,923.2379282390306,False,settled
b,yellow_ramp,ramp,0.0,0.8,0.0,1.1840952132490135,804.1963691706457,False,settled
b,yellow_ramp,ramp,0.0,0.8,0.0,0.6172393135480165,959.5077521245857,False,settled
b,yellow_ramp,ramp,0.0,0.8,0.0,0.32551875349591186,1072.3893646715526,False,settled
b,yellow_ramp,ramp,0.0,0.8,0.0,0.30288469682306723,1072.5685617030938,False,settled
b,yellow_ramp,ramp,0.0,0.8,0.0,0.6024330648520375,966.5656273415821,False,settled
b,yellow_ramp,ramp,0.0,0.8,0.0,0.39761758462251673,1034.5955997813483,False,settled
b,yellow_ramp,ramp,0.0,0.8,0.0,0.3640793917502845,1052.3919014986986,False,settled
b,yellow_ramp,ramp,0.0,0.8,0.0,0.7778294667874375,909.5882400600418,False,settled
b,yellow_ramp,ramp,0.0,0.8,0.0,0.414154446639928,1038.1303450224539,False,settled
b,yellow_ramp,ramp,0.0,0.8,0.0,0.38628730825410834,1049.2120254613712,False,settled
b,yellow_ramp,ramp,0.0,0.8,0.0,0.22958051872048243,1104.7378177248368,False,settled
b,yellow_ramp,ramp,0.0,0.8,0.0,0.6432465978025135,947.1948663171333,False,settled
b,yellow_ramp,ramp,0.0,0.8,0.0,0.7618580986558515,913.9546504820873,False,settled
b,yellow_ramp,ramp,0.0,0.8,0.0,0.8210284800538361,897.0310654659758,False,settled
b,yellow_ramp,ramp,0.0,0.8,0.0,0.8023859567503252,901.0047413532891,False,settled
b,yellow_ramp,ramp,0.0,0.8,0.0,1.1670966627688688,808.3176472495729,False,settled
b,yellow_ramp,ramp,0.0,0.8,0.0,0.5334809414110407,985.2775902266334,False,settled
b,yellow_ramp,ramp,0.0,0.8,0.0,0.7308284070132819,922.1423102271785,False,settled
b,yellow_ramp,ramp,0.0,0.8,0.0,0.47694171553998566,1011.8789896099879,False,settled
b,yellow_ramp,ramp,0.0,0.8,0.0,1.1271460745722468,818.1809219605825,False,settled
b,yellow_ramp,ramp,0.0,0.8,0.0,1.0552127032999654,834.6896492988706,False,settled
b,yellow_ramp,ramp,0.0,0.8,0.0,0.7894329682563361,906.0434564710588,False,settled
b,yellow_ramp,ramp,0.0,0.8,0.0,0.41850530045641526,1034.8885488555024,False,settled
b,yellow_ramp,ramp,0.0,0.8,0.0,0.9963237514048331,845.5957859641019,False,settled
b,yellow_ramp,ramp,0.0,0.8,0.0,0.6103081698686168,964.5670535274988,False,settled
b,yellow_ramp,ramp,0.0,0.8,0.0,0.5066416143455269,999.3186276283684,False,settled
b,yellow_ramp,ramp,0.0,0.8,0.0,0.5674723169821049,981.2757365309409,False,settled
b,yellow_ramp,ramp,0.0,0.8,0.0,0.6030441011783904,966.4093146196195,False,settled
b,yellow_ramp,ramp,0.0,0.8,0.0,0.7261825825362807,926.2260723403554,False,settled
b,yellow_ramp,ramp,0.0,0.8,0.0,0.3121451143595407,1065.6384408067145,False,settled
b,yellow_ramp,ramp,0.0,0.8,0.0,0.3176362640276759,1075.5117189216883,False,settled
b,yellow_ramp,ramp,0.0,0.8,0.0,1.15726704756254,810.0714662612614,False,settled
b,yellow_ramp,ramp,0.0,0.8,0.0,0.6699020925301217,942.5760457482355,False,settled
b,yellow_ramp,ramp,0.0,0.8,0.0,0.508207476756456,998.1161760943332,False,settled
b,yellow_ramp,ramp,0.0,0.8,0.0,0.5347157956361603,985.097404909604,False,settled
b,yellow_ramp,ramp,0.0,0.8,0.0,0.7001632137860556,932.8431563620578,False,settled
b,yellow_ramp,ramp,0.0,0.8,0.0,0.8326047264739499,892.7574333035525,False,settled
b,yellow_ramp,ramp,0.0,0.8,0.0,0.5868028689013983,965.9427357211787,False,settled
b,yellow_ramp,ramp,0.0,0.8,0.0,0.47409484083127484,1014.186070307141,False,settled
b,yellow_ramp,ramp,0.0,0.8,0.0,1.2241799232637274,790.2199608590661,False,settled
b,yellow_ramp,ramp,0.0,0.8,0.0,0.724364290845814,927.833441332981,False,settled
b,yellow_ramp,ramp,0.0,0.8,0.0,1.1424972093470025,815.0092964795515,False,settled
b,yellow_ramp,ramp,0.0,0.8,0.0,1.1422362949976526,813.5315201196862,False,settled
b,yellow_ramp,ramp,0.0,0.8,0.0,0.6164147468918916,959.9356708092569,False,settled
b,yellow_ramp,ramp,0.0,0.8,0.0,1.141125302477996,815.1799836318717,False,settled
b,yellow_ramp,ramp,0.0,0.8,0.0,0.7829797376840194,904.9962355856826,False,settled
b,yellow_ramp,ramp,0.0,0.8,0.0,0.33777138589775224,1056.968743090778,False,settled
b,yellow_ramp,ramp,0.0,0.8,0.0,0.9272373710234073,866.7098096121704,False,settled
b,yellow_ramp,ramp,0.0,0.8,0.0,0.9611216049666136,854.279885722261,False,settled
b,yellow_ramp,ramp,0.0,0.8,0.0,0.401210867342523,1034.0731186585165,False,settled
b,yellow_ramp,ramp,0.0,0.8,0.0,0.3010579779925233,1073.8607973692933,False,settled
b,yellow_ramp,ramp,0.0,0.8,0.0,0.953593639474803,857.7961409258928,False,settled
b,yellow_ramp,ramp,0.0,0.8,0.0,0.5583758550908001,978.4514792959279,False,settled
b,yellow_ramp,ramp,0.0,0.8,0.0,0.3525252212742998,1061.2175247391126,False,settled
b,yellow_ramp,ramp,0.0,0.8,0.0,0.651476979952834,949.1524044972459,False,settled
b,yellow_ramp,ramp,0.0,0.8,0.0,0.6299159967801595,957.9878119263324,False,settled
b,yellow_ramp,ramp,0.0,0.8,0.0,0.6956260296554754,936.5371107374201,False,settled
b,yellow_ramp,ramp,0.0,0.8,0.0,0.6423514226283356,947.8356366814971,False,settled
b,yellow_ramp,ramp,0.0,0.8,0.0,0.3047137223108096,1071.2712225673138,False,settled
b,yellow_ramp,ramp,0.0,0.8,0.0,1.0929063337217888,825.290727711094,False,settled
b,yellow_ramp,ramp,0.0,0.8,0.0,0.9106508407359919,868.2604351739841,False,settled
b,yellow_ramp,ramp,0.0,0.8,0.0,0.37250794988694746,1045.8096388570232,False,settled
b,yellow_ramp,ramp,0.0,0.8,0.0,0.7530322624056071,918.0243448773857,False,settled
b,yellow_ramp,ramp,0.0,0.8,0.0,0.5281128002016815,986.4017584707249,False,settled
b,yellow_ramp,ramp,0.0,0.8,0.0,0.38801062960093785,1036.1410760403635,False,settled
b,yellow_ramp,ramp,0.0,0.8,0.0,0.42450005414705344,1030.0978813415138,False,settled
b,yellow_ramp,ramp,0.0,0.8,0.0,0.46172873966359607,1019.1883549303803,False,settled
b,yellow_ramp,ramp,0.0,0.8,0.0,0.6766742910385827,938.8156191567795,False,settled
b,yellow_ramp,ramp,0.0,0.8,0.0,0.7635018542985866,913.3794402870476,False,settled
b,yellow_ramp,ramp,0.0,0.8,0.0,0.29847656668258826,1075.5245280000327,False,settled
b,yellow_ramp,ramp,0.0,0.8,0.0,0.23090848847632284,1101.1451398733689,False,settled
b,yellow_ramp,ramp,0.0,0.8,0.0,0.39503970921924647,1035.0654261230488,False,settled
b,yellow_ramp,ramp,0.0,0.8,0.0,0.6284464380761503,959.2290584256759,False,settled
b,yellow_ramp,ramp,0.0,0.8,0.0,0.6783696073209167,938.3178697772313,False,settled
b,yellow_ramp,ramp,0.0,0.8,0.0,0.24381237286988455,1109.0117044691194,False,settled
b,yellow_ramp,ramp,0.0,0.8,0.0,0.7077861124470411,926.3366288627196,False,settled
b,yellow_ramp,ramp,0.0,0.8,0.0,0.4692247992358632,1006.3178587048301,False,settled
b,yellow_ramp,ramp,0.0,0.8,0.0,0.5231420097698601,987.5525573207821,False,settled
b,yellow_ramp,ramp,0.0,0.8,0.0,0.5461783510983123,988.4546531570835,False,settled
b,yellow_ramp,ramp,0.0,0.8,0.0,0.38926266620410466,1035.9482789598505,False,settled
b,yellow_ramp,ramp,0.0,0.8,0.0,0.7155758806794572,927.5767830729534,False,settled
b,yellow_ramp,ramp,0.0,0.8,0.0,0.39710175581500057,1034.7610543492406,False,settled
b,yellow_ramp,ramp,0.0,0.8,0.0,0.8023367619107588,901.0503430993052,False,settled
b,yellow_ramp,ramp,0.0,0.8,0.0,0.37348381606496694,1045.052286732581,False,settled
b,yellow_ramp,ramp,0.0,0.8,0.0,1.0139475531467061,845.9823117438406,False,settled
b,yellow_ramp,ramp,0.0,0.8,0.0,0.23568867352573808,1105.032535172177,False,settled
b,yellow_ramp,ramp,0.0,0.8,0.0,0.2634155138219384,1099.0593477750099,False,settled
b,yellow_ramp,ramp,0.0,0.8,0.0,0.26057997687315515,1097.4825478102196,False,settled
b,yellow_ramp,ramp,0.0,0.8,0.0,0.25507991438506383,1090.3335644734539,False,settled
b,yellow_ramp,ramp,0.0,0.8,0.0,0.41953327159236536,1034.063825926055,False,settled
b,yellow_ramp,ramp,0.0,0.8,0.0,0.5806682973142866,970.7304430706454,False,settled
b,yellow_ramp,ramp,0.0,0.8,0.0,0.7028192078739699,930.5504614421448,False,settled
b,yellow_ramp,ramp,0.0,0.8,0.0,0.620089450183044,957.1380220750273,False,settled
b,yellow_ramp,ramp,0.0,0.8,0.0,0.4177900738053131,1035.4623245524058,False,settled
b,yellow_ramp,ramp,0.0,0.8,0.0,0.24295838510082535,1105.1556279458246,False,settled
b,yellow_ramp,ramp,0.0,0.8,0.0,0.7051449069587786,928.5603720000994,False,settled
b,yellow_ramp,ramp,0.0,0.8,0.0,0.36706876384863196,1050.053666849005,False,settled
b,yellow_ramp,ramp,0.0,0.8,0.0,0.8714530939756652,879.4139303619384,False,settled
b,yellow_ramp,ramp,0.0,0.8,0.0,0.6486894245114088,951.2515869517326,False,settled
b,yellow_ramp,ramp,0.0,0.8,0.0,0.7949455475543037,901.010876433445,False,settled
b,yellow_ramp,ramp,0.0,0.8,0.0,0.34760211267480084,1051.562884098815,False,settled
b,yellow_ramp,ramp,0.0,0.8,0.0,0.3029446999808773,1072.5260651652197,False,settled
b,yellow_ramp,ramp,0.0,0.8,0.0,0.7277336861603647,924.855439635888,False,settled
b,yellow_ramp,ramp,0.0,0.8,0.0,0.4475352306662592,1024.2204136470132,False,settled
b,yellow_ramp,ramp,0.0,0.8,0.0,0.5819508665230915,969.702993858833,False,settled
b,yellow_ramp,ramp,0.0,0.8,0.0,0.5480893463701911,986.8787161758121,False,settled
b,yellow_ramp,ramp,0.0,0.8,0.0,0.3466281423415216,1052.377337758573,False,settled
b,yellow_ramp,ramp,0.0,0.8,0.0,0.2455711362482508,1100.070374907124,False,settled
b,yellow_ramp,ramp,0.0,0.8,0.0,1.1100063577672818,821.8545091813955,False,settled
b,yellow_ramp,ramp,0.0,0.8,0.0,0.5265293935163371,986.7323623790094,False,settled
b,yellow_ramp,ramp,0.0,0.8,0.0,0.8330237256473094,892.363508941102,False,settled
b,yellow_ramp,ramp,0.0,0.8,0.0,1.0748656112948378,831.0817751125043,False,settled
b,yellow_ramp,ramp,0.0,0.8,0.0,0.8172671561967614,893.9434685391794,False,settled
b,yellow_ramp,ramp,0.0,0.8,0.0,0.4779764249738868,1011.0404581750736,False,settled
b,yellow_ramp,ramp,0.0,0.8,0.0,0.5792355881671228,971.587685311576,False,settled
b,yellow_ramp,ramp,0.0,0.8,0.0,1.1896719508031597,803.1394502572477,False,settled
b,yellow_ramp,ramp,0.0,0.8,0.0,1.0497692287228941,836.1556989823806,False,settled
b,yellow_ramp,ramp,0.0,0.8,0.0,1.100977891593735,823.8616807794182,False,settled
b,yellow_ramp,ramp,0.0,0.8,0.0,0.3983662449168175,1034.4867379490536,False,settled
b,yellow_ramp,ramp,0.0,0.8,0.0,0.26786613760654937,1085.7829960421059,False,settled
b,yellow_ramp,ramp,0.0,0.8,0.0,0.49519591274791397,997.6323540193549,False,settled
b,yellow_ramp,ramp,0.0,0.8,0.0,0.28420313748587417,1081.6542564851723,False,settled
b,yellow_ramp,ramp,0.0,0.8,0.0,0.4276937536863953,1027.5545490802779,False,settled
b,yellow_ramp,ramp,0.0,0.8,0.0,0.7071985569799063,926.8952147093589,False,settled
b,yellow_ramp,ramp,0.0,0.8,0.0,0.9830092716914962,847.9781045282789,False,settled
b,yellow_ramp,ramp,0.0,0.8,0.0,0.4948825205978471,997.8823482930808,False,settled
b,yellow_ramp,ramp,0.0,0.8,0.0,0.5335860305139585,985.2556629349602,False,settled
b,yellow_ramp,ramp,0.0,0.8,0.0,0.2900904447395619,1076.587589727194,False,settled
b,yellow_ramp,ramp,0.0,0.8,0.0,0.9697901997101467,853.9466688196073,False,settled
b,yellow_ramp,ramp,0.0,0.8,0.0,0.33004272029482484,1071.792894725063,False,settled
b,yellow_ramp,ramp,0.0,0.8,0.0,0.9042915882302671,869.2604555438791,False,settled
b,yellow_ramp,ramp,0.0,0.8,0.0,0.6446040239998172,954.7262207913151,False,settled
b,yellow_ramp,ramp,0.0,0.8,0.0,0.9582768437001825,857.1837027797137,False,settled
b,yellow_ramp,ramp,0.0,0.8,0.0,0.7175207129491,925.8848439662322,False,settled
b,yellow_ramp,ramp,0.0,0.8,0.0,1.1492795803278175,811.7008811551696,False,settled
b,yellow_ramp,ramp,0.0,0.8,0.0,0.30687367592152376,1069.7160802243661,False,settled
b,yellow_ramp,ramp,0.0,0.8,0.0,0.7375081502958061,924.0693789099159,False,settled
b,yellow_ramp,ramp,0.0,0.8,0.0,0.5304355546011763,985.9132825899766,False,settled
b,yellow_ramp,ramp,0.0,0.8,0.0,0.7823594496367604,905.4691806777014,False,settled
b,yellow_ramp,ramp,0.0,0.8,0.0,0.4806364481427508,1008.8999842353497,False,settled
b,yellow_ramp,ramp,0.0,0.8,0.0,0.5285359645100068,986.3134200727333,False,settled
b,yellow_ramp,ramp,0.0,0.8,0.0,0.7284309527911403,924.2441797868602,False,settled
b,yellow_ramp,ramp,0.0,0.8,0.0,0.2736473071664413,1087.7274862639733,False,settled
b,yellow_ramp,ramp,0.0,0.8,0.0,0.3597956342979341,1055.7323026309875,False,settled
b,yellow_ramp,ramp,0.0,0.8,0.0,0.2452497080533471,1099.2854138886908,False,settled
b,yellow_ramp,ramp,0.0,0.8,0.0,0.2609316765346348,1098.0127650667914,False,settled
b,yellow_ramp,ramp,0.0,0.8,0.0,0.45113294550214444,1021.3698094940771,False,settled
b,yellow_ramp,ramp,0.0,0.8,0.0,0.532858357405402,985.4074949287291,False,settled
b,yellow_ramp,ramp,0.0,0.8,0.0,0.7226747177280977,929.0760029740593,False,settled
b,yellow_ramp,ramp,0.0,0.8,0.0,0.39257601884038484,1035.3571102737194,False,settled
b,yellow_ramp,ramp,0.0,0.8,0.0,0.43378407171590755,1022.7237754569478,False,settled
b,yellow_ramp,ramp,0.0,0.8,0.0,0.3958706320717307,1034.94241213892,False,settled
b,yellow_ramp,ramp,0.0,0.8,0.0,0.43798282834610447,1019.4588898722693,False,settled
b,yellow_ramp,ramp,0.0,0.8,0.0,0.2688221437356862,1087.223941415413,False,settled
b,yellow_ramp,ramp,0.0,0.8,0.0,0.3211933620844862,1073.2304809598813,False,settled
b,yellow_ramp,ramp,0.0,0.8,0.0,1.0567545685555098,835.1425060391641,False,settled
b,yellow_ramp,ramp,0.0,0.8,0.0,0.7252191559884734,927.077748598545,False,settled
b,yellow_ramp,ramp,0.0,0.8,0.0,0.6563867949256356,945.0555662462546,False,settled
b,yellow_ramp,ramp,0.0,0.8,0.0,0.5356679784958127,984.8985422543827,False,settled
b,yellow_ramp,ramp,0.0,0.8,0.0,1.0434937029656268,838.5852091164137,False,settled
b,yellow_ramp,ramp,0.0,0.8,0.0,1.1234127701880616,819.4729562549277,False,settled
b,yellow_ramp,ramp,0.0,0.8,0.0,0.6768594736344354,938.7612656196503,False,settled
b,yellow_ramp,ramp,0.0,0.8,0.0,0.5241439587045476,987.3340310031389,False,settled
b,yellow_ramp,ramp,0.0,0.8,0.0,0.33669274060723237,1057.0944717517261,False,settled
b,yellow_ramp,ramp,0.0,0.8,0.0,0.7371936172070852,924.0897153005201,False,settled
b,yellow_ramp,ramp,0.0,0.8,0.0,0.38922931630691177,1035.9532309705812,False,settled
b,yellow_ramp,ramp,0.0,0.8,0.0,0.3751010403451511,1043.7972523758701,False,settled
b,yellow_ramp,ramp,0.0,0.8,0.0,0.2663685772144728,1098.3599037510412,False,settled
b,yellow_ramp,ramp,0.0,0.8,0.0,0.247230992765085,1103.856873544389,False,settled
b,yellow_ramp,ramp,0.0,0.8,0.0,0.8062967279446053,897.4161998001173,False,settled
b,yellow_ramp,ramp,0.0,0.8,0.0,0.7296156594942136,923.2055568652178,False,settled
b,yellow_ramp,ramp,0.0,0.8,0.0,0.3355059552903399,1057.2384412717633,False,settled
b,yellow_ramp,ramp,0.0,0.8,0.0,1.1951920214617482,800.8084933262403,False,settled
b,yellow_ramp,ramp,0.0,0.8,0.0,0.9586943591513132,856.9694337000983,False,settled
b,yellow_ramp,ramp,0.0,0.8,0.0,0.8458500583303483,889.1003923005212,False,settled
b,yellow_ramp,ramp,0.0,0.8,0.0,0.8918339247689295,876.0796079479786,False,settled
b,yellow_ramp,ramp,0.0,0.8,0.0,0.3155817028967225,1077.1312416016708,False,settled
b,yellow_ramp,ramp,0.0,0.8,0.0,0.3702542741664638,1047.5625001153978,False,settled
b,yellow_ramp,ramp,0.0,0.8,0.0,0.6102499829635457,964.581731673004,False,settled
b,yellow_ramp,ramp,0.0,0.8,0.0,1.1748375491393535,805.5717645276392,False,settled
b,yellow_ramp,ramp,0.0,0.8,0.0,0.3127012719607119,1065.220992756289,False,settled
b,yellow_ramp,ramp,0.0,0.8,0.0,1.0785333808120117,830.07367953435,False,settled
b,yellow_ramp,ramp,0.0,0.8,0.0,0.4110096559184503,1028.1479501756662,False,settled
b,yellow_ramp,ramp,0.0,0.8,0.0,0.46103242605491124,1019.3191817159254,False,settled
b,yellow_ramp,ramp,0.0,0.8,0.0,0.24220792511649664,1103.927511188241,False,settled
b,yellow_ramp,ramp,0.0,0.8,0.0,0.23439368627494506,1112.5677555206228,False,settled
b,yellow_ramp,ramp,0.0,0.8,0.0,0.5852232258122102,967.1009656936263,False,settled
b,yellow_ramp,ramp,0.0,0.8,0.0,0.5674108336212036,981.3265019643645,False,settled
b,yellow_ramp,ramp,0.0,0.8,0.0,0.5184327430000788,990.3363891396256,False,settled
b,yellow_ramp,ramp,0.0,0.8,0.0,1.0591019856578987,834.0839744021149,False,settled
b,yellow_ramp,ramp,0.0,0.8,0.0,0.5558683500213123,980.5023722008201,False,settled
b,yellow_ramp,ramp,0.0,0.8,0.0,0.4570824292086839,1020.061605651311,False,settled
b,yellow_ramp,ramp,0.0,0.8,0.0,0.4589705139404697,1019.7068008748311,False,settled
