trial,element,model,block_noise_sd,ramp_noise_sd,block_noise_up,ramp_noise_up,final_position_up,ramp_valid,up_stop_reason
a,black_block,ramp,0.23,0.0,0.8003467764734945,0.0,843.0631392631224,False,settled
b,blue_ramp,ramp,0.0,1.4,0.0,1.473281970001571,847.5697110178882,False,settled
b,blue_ramp,ramp,0.0,1.4,0.0,1.3075912581285958,892.0305305492025,False,settled
b,blue_ramp,ramp,0.0,1.4,0.0,0.7465342910742652,1084.102376207735,False,settled
b,blue_ramp,ramp,0.0,1.4,0.0,1.225443576750565,915.3249927169215,False,settled
b,blue_ramp,ramp,0.0,1.4,0.0,0.8428945250102405,1043.569538646991,False,settled
b,blue_ramp,ramp,0.0,1.4,0.0,1.1955641998976543,924.5656953771098,False,settled
b,blue_ramp,ramp,0.0,1.4,0.0,1.0941493001347136,960.7470420280208,False,settled
b,blue_ramp,ramp,0.0,1.4,0.0,0.7432266994016207,1089.4774209074703,False,settled
b,blue_ramp,ramp,0.0,1.4,0.0,0.8697571809021435,1033.9209515803714,False,settled
b,blue_ramp,ramp,0.0,1.4,0.0,1.0322550079741422,973.5585164947954,False,settled
b,blue_ramp,ramp,0.0,1.4,0.0,1.684849790853651,793.796807536538,False,settled
b,blue_ramp,ramp,0.0,1.4,0.0,0.8975742900717008,1025.658668039035,False,settled
b,blue_ramp,ramp,0.0,1.4,0.0,0.9523054137943628,1005.5481638512675,False,settled
b,blue_ramp,ramp,0.0,1.4,0.0,1.6179590663183463,811.698111703175,False,settled
b,blue_ramp,ramp,0.0,1.4,0.0,1.3952247589393552,866.1939327025954,False,settled
b,blue_ramp,ramp,0.0,1.4,0.0,1.4842403121413028,846.67250263558,False,settled
b,blue_ramp,ramp,0.0,1.4,0.0,1.6291843345646304,808.8814331800543,False,settled
b,blue_ramp,ramp,0.0,1.4,0.0,0.8709652642825715,1033.7454614722933,False,settled
b,blue_ramp,ramp,0.0,1.4,0.0,1.383645256266728,867.759011389866,False,settled
b,blue_ramp,ramp,0.0,1.4,0.0,0.7950120222149425,1072.1264394465904,False,settled
b,blue_ramp,ramp,0.0,1.4,0.0,1.672502508721268,798.5999427740562,False,settled
b,blue_ramp,ramp,0.0,1.4,0.0,1.1607229501501621,938.6264307256026,False,settled
b,blue_ramp,ramp,0.0,1.4,0.0,1.3492316541894727,875.1398850410955,False,settled
b,blue_ramp,ramp,0.0,1.4,0.0,1.0630547940149284,968.3255197993311,False,settled
b,blue_ramp,ramp,0.0,1.4,0.0,1.1718344046086926,929.3334289674622,False,settled
b,blue_ramp,ramp,0.0,1.4,0.0,0.7531271709335391,1080.687377672609,False,settled
b,blue_ramp,ramp,0.0,1.4,0.0,1.1311646030937663,947.5695755665967,False,settled
b,blue_ramp,ramp,0.0,1.4,0.0,1.423144805806363,855.5532957006861,False,settled
b,blue_ramp,ramp,0.0,1.4,0.0,0.8313276738152638,1052.588808458734,False,settled
b,blue_ramp,ramp,0.0,1.4,0.0,1.0043161304333008,984.6590126379108,False,settled
b,blue_ramp,ramp,0.0,1.4,0.0,0.7173754063947024,1094.614547883662,False,settled
b,blue_ramp,ramp,0.0,1.4,0.0,0.8187793723395388,1062.2056796376805,False,settled
b,blue_ramp,ramp,0.0,1.4,0.0,1.3944137753285213,867.052314170212,False,settled
b,blue_ramp,ramp,0.0,1.4,0.0,0.7094578965324481,1103.502835956269,False,settled
b,blue_ramp,ramp,0.0,1.4,0.0,1.2455772358871144,909.3617444345925,False,settled
b,blue_ramp,ramp,0.0,1.4,0.0,1.2988891508105926,893.9005528984885,False,settled
b,blue_ramp,ramp,0.0,1.4,0.0,1.6793644532799636,795.0072687228989,False,settled
b,blue_ramp,ramp,0.0,1.4,0.0,1.2236882434599416,915.9396201287782,False,settled
b,blue_ramp,ramp,0.0,1.4,0.0,1.28912328005868,896.4947719823147,False,settled
b,blue_ramp,ramp,0.0,1.4,0.0,1.6391877676517912,806.4952973921132,False,settled
b,blue_ramp,ramp,0.0,1.4,0.0,0.7563408976174979,1076.6471460979274,False,settled
b,blue_ramp,ramp,0.0,1.4,0.0,0.7661425671692028,1075.4225227199413,False,settled
b,blue_ramp,ramp,0.0,1.4,0.0,1.391913705735176,864.811854622527,False,settled
b,blue_ramp,ramp,0.0,1.4,0.0,1.3138144996455794,888.9049566100829,False,settled
b,blue_ramp,ramp,0.0,1.4,0.0,1.3286442908320975,883.2770699572573,False,settled
b,blue_ramp,ramp,0.0,1.4,0.0,1.2488835326392609,906.3539248574086,False,settled
b,blue_ramp,ramp,0.0,1.4,0.0,0.9781944451913027,996.1557813739446,False,settled
b,blue_ramp,ramp,0.0,1.4,0.0,0.7391300132801191,1084.9506812987113,False,settled
b,blue_ramp,ramp,0.0,1.4,0.0,1.6452621810196217,804.8655079306716,False,settled
b,blue_ramp,ramp,0.0,1.4,0.0,1.580743262986987,820.1178765939846,False,settled
b,blue_ramp,ramp,0.0,1.4,0.0,1.0940036655477714,960.8700825211763,False,settled
b,blue_ramp,ramp,0.0,1.4,0.0,1.040992488218902,976.3052119987813,False,settled
b,blue_ramp,ramp,0.0,1.4,0.0,0.7488814017097332,1087.8481238930285,False,settled
b,blue_ramp,ramp,0.0,1.4,0.0,1.3081167254052426,891.5290399690477,False,settled
b,blue_ramp,ramp,0.0,1.4,0.0,1.131440597547789,947.3375666195537,False,settled
b,blue_ramp,ramp,0.0,1.4,0.0,1.4542858057751145,848.049231592921,False,settled
b,blue_ramp,ramp,0.0,1.4,0.0,1.547081675782804,828.4697381477442,False,settled
b,blue_ramp,ramp,0.0,1.4,0.0,0.9940643891464414,986.7250552247295,False,settled
b,blue_ramp,ramp,0.0,1.4,0.0,1.2641955077562779,899.5329686253772,False,settled
b,blue_ramp,ramp,0.0,1.4,0.0,0.7554857557907957,1076.9421141828302,False,settled
b,blue_ramp,ramp,0.0,1.4,0.0,1.2537180163300394,909.0036189861388,False,settled
b,blue_ramp,ramp,0.0,1.4,0.0,1.2467395172874758,908.2992392873091,False,settled
b,blue_ramp,ramp,0.0,1.4,0.0,0.9715341366845659,1001.4301873864148,False,settled
b,blue_ramp,ramp,0.0,1.4,0.0,1.289002921851642,896.6029830095039,False,settled
b,blue_ramp,ramp,0.0,1.4,0.0,1.1189107636266218,949.2083993853391,False,settled
b,blue_ramp,ramp,0.0,1.4,0.0,1.1045693248803163,952.2328054284776,False,settled
b,blue_ramp,ramp,0.0,1.4,0.0,1.5448595564345264,828.4628892588491,False,settled
b,blue_ramp,ramp,0.0,1.4,0.0,1.4638445723110574,845.5711985017821,False,settled
b,blue_ramp,ramp,0.0,1.4,0.0,1.655688386625159,803.5205848461823,False,settled
b,blue_ramp,ramp,0.0,1.4,0.0,1.2852978491350389,893.4583162793718,False,settled
b,blue_ramp,ramp,0.0,1.4,0.0,0.83537221941146,1049.4253495337257,False,settled
b,blue_ramp,ramp,0.0,1.4,0.0,0.7199626759604385,1099.017579582768,False,settled
b,blue_ramp,ramp,0.0,1.4,0.0,0.9768787947320884,997.1932937256993,False,settled
b,blue_ramp,ramp,0.0,1.4,0.0,1.2716380005676287,899.382037393697,False,settled
b,blue_ramp,ramp,0.0,1.4,0.0,1.054809993984813,965.5429032795469,False,settled
b,blue_ramp,ramp,0.0,1.4,0.0,1.0880670578911769,956.7410001127259,False,settled
b,blue_ramp,ramp,0.0,1.4,0.0,0.7481171392732416,1087.3420273169515,False,settled
b,blue_ramp,ramp,0.0,1.4,0.0,0.7685793409664657,1073.8456948935366,False,settled
b,blue_ramp,ramp,0.0,1.4,0.0,1.4125702293843991,861.9983583786033,False,settled
b,blue_ramp,ramp,0.0,1.4,0.0,1.0309150430772092,974.6377455021276,False,settled
b,blue_ramp,ramp,0.0,1.4,0.0,1.3940181207350448,862.5971573754047,False,settled
b,blue_ramp,ramp,0.0,1.4,0.0,0.7187237604496272,1099.0226401236982,False,settled
b,blue_ramp,ramp,0.0,1.4,0.0,0.9814680368587615,993.5706296875132,False,settled
b,blue_ramp,ramp,0.0,1.4,0.0,0.7904515577484877,1072.7276881771395,False,settled
b,blue_ramp,ramp,0.0,1.4,0.0,0.9626873296506347,997.6391998895588,False,settled
b,blue_ramp,ramp,0.0,1.4,0.0,1.4787228801334877,846.7306340523221,False,settled
b,blue_ramp,ramp,0.0,1.4,0.0,0.7369924334699884,1087.8855632998554,False,settled
b,blue_ramp,ramp,0.0,1.4,0.0,0.6885786851945693,1120.1128555629314,False,settled
b,blue_ramp,ramp,0.0,1.4,0.0,1.1005488316748648,955.3457775385785,False,settled
b,blue_ramp,ramp,0.0,1.4,0.0,1.0176426431150278,985.1864357943671,False,settled
b,blue_ramp,ramp,0.0,1.4,0.0,1.5996041884706762,816.495028830303,False,settled
b,blue_ramp,ramp,0.0,1.4,0.0,1.3131242234124203,889.1954219857336,False,settled
b,blue_ramp,ramp,0.0,1.4,0.0,0.8080348508132951,1056.7246173286223,False,settled
b,blue_ramp,ramp,0.0,1.4,0.0,0.8181320057893537,1062.7210197166426,False,settled
b,blue_ramp,ramp,0.0,1.4,0.0,1.1628911439292569,936.7412892007187,False,settled
b,blue_ramp,ramp,0.0,1.4,0.0,1.225093779883388,915.4474990296736,False,settled
b,blue_ramp,ramp,0.0,1.4,0.0,1.130473334080616,948.1524004386188,False,settled
b,blue_ramp,ramp,0.0,1.4,0.0,1.2951718214365346,890.946120452547,False,settled
b,blue_ramp,ramp,0.0,1.4,0.0,1.2539843854096475,908.7583362771535,False,settled
b,blue_ramp,ramp,0.0,1.4,0.0,1.2778800953797878,900.3369728760621,False,settled
b,blue_ramp,ramp,0.0,1.4,0.0,1.1827422299114856,927.8670545267496,False,settled
b,blue_ramp,ramp,0.0,1.4,0.0,1.6527820051091164,803.7169577576786,False,settled
b,blue_ramp,ramp,0.0,1.4,0.0,0.6998463532117292,1111.6976029387833,False,settled
b,blue_ramp,ramp,0.0,1.4,0.0,0.8834897464739415,1036.659097098018,False,settled
b,blue_ramp,ramp,0.0,1.4,0.0,1.5588211520270463,826.7534203033383,False,settled
b,blue_ramp,ramp,0.0,1.4,0.0,0.9859387997457608,990.3316225877447,False,settled
b,blue_ramp,ramp,0.0,1.4,0.0,1.3942659618164617,867.2087633363901,False,settled
b,blue_ramp,ramp,0.0,1.4,0.0,1.5611128695711154,826.3249423608938,False,settled
b,blue_ramp,ramp,0.0,1.4,0.0,0.726122427359442,1094.700512606034,False,settled
b,blue_ramp,ramp,0.0,1.4,0.0,0.8550262553006551,1036.1469960845034,False,settled
b,blue_ramp,ramp,0.0,1.4,0.0,1.2192520438639096,919.1653968784037,False,settled
b,blue_ramp,ramp,0.0,1.4,0.0,0.9088851875497499,1016.8548137447658,False,settled
b,blue_ramp,ramp,0.0,1.4,0.0,1.1631030774517153,936.5570623617419,False,settled
b,blue_ramp,ramp,0.0,1.4,0.0,0.6993464711700887,1109.4697004775023,False,settled
b,blue_ramp,ramp,0.0,1.4,0.0,0.9108964024199889,1015.417256908354,False,settled
b,blue_ramp,ramp,0.0,1.4,0.0,1.1032941958618985,953.3021723709453,False,settled
b,blue_ramp,ramp,0.0,1.4,0.0,1.3272638124527194,884.6243907492544,False,settled
b,blue_ramp,ramp,0.0,1.4,0.0,0.9512581965407174,1006.389976158363,False,settled
b,blue_ramp,ramp,0.0,1.4,0.0,0.7631536209616723,1077.1726961219756,False,settled
b,blue_ramp,ramp,0.0,1.4,0.0,0.7898773329439513,1072.80337341311,False,settled
b,blue_ramp,ramp,0.0,1.4,0.0,0.9886357950828559,988.3165893480458,False,settled
b,blue_ramp,ramp,0.0,1.4,0.0,1.6095220803159729,814.2271968466653,False,settled
b,blue_ramp,ramp,0.0,1.4,0.0,0.8899177657274394,1031.7562635131155,False,settled
b,blue_ramp,ramp,0.0,1.4,0.0,1.174794369085843,926.8127801856548,False,settled
b,blue_ramp,ramp,0.0,1.4,0.0,1.4686750271595865,844.1240285494052,False,settled
b,blue_ramp,ramp,0.0,1.4,0.0,1.1793475977164054,930.8352056079024,False,settled
b,blue_ramp,ramp,0.0,1.4,0.0,0.9077183752655211,1017.7471392591127,False,settled
b,blue_ramp,ramp,0.0,1.4,0.0,1.3624172930954275,873.3119334904927,False,settled
b,blue_ramp,ramp,0.0,1.4,0.0,0.9323326981381812,1018.605164062989,False,settled
b,blue_ramp,ramp,0.0,1.4,0.0,1.2128070941023918,917.2833390918037,False,settled
b,blue_ramp,ramp,0.0,1.4,0.0,0.9157355004315094,1023.6651771694313,False,settled
b,blue_ramp,ramp,0.0,1.4,0.0,0.811629815517993,1054.2116619985466,False,settled
b,blue_ramp,ramp,0.0,1.4,0.0,1.4556678846951772,846.4624563278267,False,settled
b,blue_ramp,ramp,0.0,1.4,0.0,1.6293568141516086,809.0818901618736,False,settled
b,blue_ramp,ramp,0.0,1.4,0.0,0.9175285910486147,1022.2435918521854,False,settled
b,blue_ramp,ramp,0.0,1.4,0.0,0.8300579952856846,1053.5818215560482,False,settled
b,blue_ramp,ramp,0.0,1.4,0.0,1.5175553792325496,837.137321026658,False,settled
b,blue_ramp,ramp,0.0,1.4,0.0,1.066931440564549,967.3334894915009,False,settled
b,blue_ramp,ramp,0.0,1.4,0.0,0.7939494684820649,1072.2664301756706,False,settled
b,blue_ramp,ramp,0.0,1.4,0.0,1.4839196251430076,844.3508186661275,False,settled
b,blue_ramp,ramp,0.0,1.4,0.0,1.0635277323267018,968.204514822679,False,settled
b,blue_ramp,ramp,0.0,1.4,0.0,0.9286479712414204,1019.2974725477208,False,settled
b,blue_ramp,ramp,0.0,1.4,0.0,1.3154018821123838,888.2368860286842,False,settled
b,blue_ramp,ramp,0.0,1.4,0.0,0.841786297164826,1044.429410434412,False,settled
b,blue_ramp,ramp,0.0,1.4,0.0,1.5131196317587214,837.0525281932315,False,settled
b,blue_ramp,ramp,0.0,1.4,0.0,1.0838977497628595,959.9499013545326,False,settled
b,blue_ramp,ramp,0.0,1.4,0.0,1.645323883859613,806.1253337527139,False,settled
b,blue_ramp,ramp,0.0,1.4,0.0,1.256472207072445,906.4676154004711,False,settled
b,blue_ramp,ramp,0.0,1.4,0.0,1.6800858611786125,795.7298524020136,False,settled
b,blue_ramp,ramp,0.0,1.4,0.0,0.9975937697568492,985.9846377324102,False,settled
b,blue_ramp,ramp,0.0,1.4,0.0,1.5955856741855514,817.2445201459938,False,settled
b,blue_ramp,ramp,0.0,1.4,0.0,0.8326112222190526,1051.5847536338988,False,settled
b,blue_ramp,ramp,0.0,1.4,0.0,1.2968752397533718,895.8013303646242,False,settled
b,blue_ramp,ramp,0.0,1.4,0.0,0.6917025683680842,1117.5337106743161,False,settled
b,blue_ramp,ramp,0.0,1.4,0.0,1.0240536369488265,979.9418792135477,False,settled
b,blue_ramp,ramp,0.0,1.4,0.0,0.9909284471565643,987.491772385794,False,settled
b,blue_ramp,ramp,0.0,1.4,0.0,0.7191754313167598,1100.1024515431473,False,settled
b,blue_ramp,ramp,0.0,1.4,0.0,0.861343152324145,1035.169469779797,False,settled
b,blue_ramp,ramp,0.0,1.4,0.0,0.6883098846035139,1117.5131664665091,False,settled
b,blue_ramp,ramp,0.0,1.4,0.0,1.5119008717861517,838.6470584007965,False,settled
b,blue_ramp,ramp,0.0,1.4,0.0,0.9885230268010368,988.3998810416165,False,settled
b,blue_ramp,ramp,0.0,1.4,0.0,0.9438928981079215,1012.3237503007042,False,settled
b,blue_ramp,ramp,0.0,1.4,0.0,1.023007145939692,980.797797940301,False,settled
b,blue_ramp,ramp,0.0,1.4,0.0,1.6754677995436478,798.6169265042132,False,settled
b,blue_ramp,ramp,0.0,1.4,0.0,1.5467398600462443,828.9492859896243,False,settled
b,blue_ramp,ramp,0.0,1.4,0.0,0.7918800949626902,1072.539508037928,False,settled
b,blue_ramp,ramp,0.0,1.4,0.0,0.8629685629972335,1035.0019365589199,False,settled
b,blue_ramp,ramp,0.0,1.4,0.0,0.7005334425579282,1103.1675589868987,False,settled
b,blue_ramp,ramp,0.0,1.4,0.0,1.0262846659121478,978.1181146184956,False,settled
b,blue_ramp,ramp,0.0,1.4,0.0,0.738400076778155,1089.255720672471,False,settled
b,blue_ramp,ramp,0.0,1.4,0.0,1.5416004002873467,829.8768256117972,False,settled
b,blue_ramp,ramp,0.0,1.4,0.0,1.3162835329698404,887.865912822007,False,settled
b,blue_ramp,ramp,0.0,1.4,0.0,0.7658129640684888,1075.6250218141508,False,settled
b,blue_ramp,ramp,0.0,1.4,0.0,0.9743830947948634,999.1241364986513,False,settled
b,blue_ramp,ramp,0.0,1.4,0.0,0.7343171578220865,1097.959938925719,False,settled
b,blue_ramp,ramp,0.0,1.4,0.0,0.7241930662060192,1090.2146115994628,False,settled
b,blue_ramp,ramp,0.0,1.4,0.0,1.256671953321876,906.2837373193769,False,settled
b,blue_ramp,ramp,0.0,1.4,0.0,1.0336746562677792,972.4357640437954,False,settled
b,blue_ramp,ramp,0.0,1.4,0.0,0.7214780907731018,1102.6864581797702,False,settled
b,blue_ramp,ramp,0.0,1.4,0.0,1.0168080562520634,985.8736703811429,False,settled
b,blue_ramp,ramp,0.0,1.4,0.0,1.2779303783856923,900.2900329383214,False,settled
b,blue_ramp,ramp,0.0,1.4,0.0,1.5746372812351315,822.9850855894019,False,settled
b,blue_ramp,ramp,0.0,1.4,0.0,0.8806534585483857,1026.5842136641406,False,settled
b,blue_ramp,ramp,0.0,1.4,0.0,0.9756800957506433,998.137592087695,False,settled
b,blue_ramp,ramp,0.0,1.4,0.0,0.9741367330139891,999.3225591048262,False,settled
b,blue_ramp,ramp,0.0,1.4,0.0,1.2238739056967984,915.8746133406228,False,settled
b,blue_ramp,ramp,0.0,1.4,0.0,1.3160545275810178,887.9622465371115,False,settled
b,blue_ramp,ramp,0.0,1.4,0.0,0.9816492553983928,993.426979971186,False,settled
b,blue_ramp,ramp,0.0,1.4,0.0,1.2702348814156272,900.6812998456074,False,settled
b,blue_ramp,ramp,0.0,1.4,0.0,1.0622197304913716,968.9919589292645,False,settled
b,blue_ramp,ramp,0.0,1.4,0.0,1.1116026229027456,955.1532642833744,False,settled
b,blue_ramp,ramp,0.0,1.4,0.0,0.924561119559901,1020.0656101002936,False,settled
b,blue_ramp,ramp,0.0,1.4,0.0,1.0239083037074515,980.060746884634,False,settled
b,blue_ramp,ramp,0.0,1.4,0.0,1.2624509592093591,901.0059380933407,False,settled
b,blue_ramp,ramp,0.0,1.4,0.0,1.4472382438010971,851.744553331761,False,settled
b,blue_ramp,ramp,0.0,1.4,0.0,0.8294193231701572,1054.0811856596013,False,settled
b,blue_ramp,ramp,0.0,1.4,0.0,0.8480977133427919,1039.5552738581869,False,settled
b,blue_ramp,ramp,0.0,1.4,0.0,1.1840346453809474,926.7425290935784,False,settled
b,blue_ramp,ramp,0.0,1.4,0.0,1.4544954926673224,847.8052227170214,False,settled
b,blue_ramp,ramp,0.0,1.4,0.0,0.7837791583903836,1076.581611220504,False,settled
b,blue_ramp,ramp,0.0,1.4,0.0,0.7692851367142781,1073.3467208877016,False,settled
b,blue_ramp,ramp,0.0,1.4,0.0,1.0027771898939601,984.9800690742243,False,settled
b,blue_ramp,ramp,0.0,1.4,0.0,0.8342032863790404,1050.339474360698,False,settled
b,blue_ramp,ramp,0.0,1.4,0.0,0.7594286470756388,1077.5634708910516,False,settled
b,blue_ramp,ramp,0.0,1.4,0.0,1.4394111346491465,851.625666835321,False,settled
b,blue_ramp,ramp,0.0,1.4,0.0,0.9904834366848836,987.5862081363895,False,settled
b,blue_ramp,ramp,0.0,1.4,0.0,1.439885082919657,851.0179705804384,False,settled
b,blue_ramp,ramp,0.0,1.4,0.0,1.186923520352689,924.3201431658184,False,settled
b,blue_ramp,ramp,0.0,1.4,0.0,1.5521824714071226,827.3529418811229,False,settled
b,blue_ramp,ramp,0.0,1.4,0.0,1.2253812358410945,915.3468326197174,False,settled
b,blue_ramp,ramp,0.0,1.4,0.0,1.5502721288049435,828.1149174093201,False,settled
b,blue_ramp,ramp,0.0,1.4,0.0,1.3257357615700562,886.1158036412969,False,settled
b,blue_ramp,ramp,0.0,1.4,0.0,1.5775099416572682,821.848012831109,False,settled
b,blue_ramp,ramp,0.0,1.4,0.0,0.859356849799918,1035.4678439626337,False,settled
b,blue_ramp,ramp,0.0,1.4,0.0,1.1470363590677046,937.9754690943334,False,settled
b,blue_ramp,ramp,0.0,1.4,0.0,0.9239769720255319,1020.1753813326858,False,settled
b,blue_ramp,ramp,0.0,1.4,0.0,1.0648181472235008,967.8743463384337,False,settled
b,blue_ramp,ramp,0.0,1.4,0.0,1.2088198801842882,920.7539902193665,False,settled
b,blue_ramp,ramp,0.0,1.4,0.0,1.1637023526791235,936.0359380052,False,settled
b,blue_ramp,ramp,0.0,1.4,0.0,1.2219772211628237,916.7364764046308,False,settled
b,blue_ramp,ramp,0.0,1.4,0.0,0.7835474284562413,1076.7642381917638,False,settled
b,blue_ramp,ramp,0.0,1.4,0.0,1.0385579745361246,978.3150777436609,False,settled
b,blue_ramp,ramp,0.0,1.4,0.0,1.3780981493366669,868.3136687547867,False,settled
b,blue_ramp,ramp,0.0,1.4,0.0,1.1661675497416135,934.1427421012886,False,settled
b,blue_ramp,ramp,0.0,1.4,0.0,0.8498499874691922,1038.3099528961318,False,settled
b,blue_ramp,ramp,0.0,1.4,0.0,1.5871697886073206,820.5467562665359,False,settled
b,blue_ramp,ramp,0.0,1.4,0.0,1.4627911318741336,846.8182530461991,False,settled
b,blue_ramp,ramp,0.0,1.4,0.0,0.8550628009322561,1036.2150999511998,False,settled
b,blue_ramp,ramp,0.0,1.4,0.0,1.4790861954412162,846.2028080974584,False,settled
b,blue_ramp,ramp,0.0,1.4,0.0,1.0544176980629665,965.8508165028752,False,settled
b,blue_ramp,ramp,0.0,1.4,0.0,0.7682454523230299,1074.0816477725966,False,settled
b,blue_ramp,ramp,0.0,1.4,0.0,1.013437173620673,988.6535425582879,False,settled
b,blue_ramp,ramp,0.0,1.4,0.0,0.9601965243549008,999.3685919274083,False,settled
b,blue_ramp,ramp,0.0,1.4,0.0,1.0402893858646223,976.8856069595851,False,settled
b,blue_ramp,ramp,0.0,1.4,0.0,1.2996972779485882,893.139346031512,False,settled
b,blue_ramp,ramp,0.0,1.4,0.0,1.5867103992913523,819.3332892420714,False,settled
b,blue_ramp,ramp,0.0,1.4,0.0,1.2117559763766879,918.2007625764429,False,settled
b,blue_ramp,ramp,0.0,1.4,0.0,0.8284024017430197,1054.8781695237526,False,settled
b,blue_ramp,ramp,0.0,1.4,0.0,0.7028783625107182,1103.2002417495896,False,settled
b,blue_ramp,ramp,0.0,1.4,0.0,1.5890640785245518,819.9957032621356,False,settled
b,blue_ramp,ramp,0.0,1.4,0.0,0.9193912969704879,1021.0325397315252,False,settled
b,blue_ramp,ramp,0.0,1.4,0.0,1.0945632055807122,960.3972870937762,False,settled
b,blue_ramp,ramp,0.0,1.4,0.0,1.161082201708291,938.3140786680023,False,settled
b,blue_ramp,ramp,0.0,1.4,0.0,1.0879037461558163,956.8767569376939,False,settled
b,blue_ramp,ramp,0.0,1.4,0.0,1.6246932662716145,810.2976089699582,False,settled
b,blue_ramp,ramp,0.0,1.4,0.0,0.8597359497038531,1035.4074823700955,False,settled
b,blue_ramp,ramp,0.0,1.4,0.0,0.753492220404374,1080.6518139831553,False,settled
b,blue_ramp,ramp,0.0,1.4,0.0,0.7925700798317069,1072.4486245221713,False,settled
b,blue_ramp,ramp,0.0,1.4,0.0,1.4301580278373607,857.0494114302013,False,settled
b,blue_ramp,ramp,0.0,1.4,0.0,1.2096787042369421,920.0101552132322,False,settled
b,blue_ramp,ramp,0.0,1.4,0.0,1.5654591926509156,825.6929170124824,False,settled
b,blue_ramp,ramp,0.0,1.4,0.0,1.1441787899687448,938.8142986613746,False,settled
b,blue_ramp,ramp,0.0,1.4,0.0,1.4052846800905312,863.7395386189128,False,settled
b,blue_ramp,ramp,0.0,1.4,0.0,1.3065220021484003,893.0512602658566,False,settled
b,blue_ramp,ramp,0.0,1.4,0.0,1.6062647436377195,814.5572325038846,False,settled
b,blue_ramp,ramp,0.0,1.4,0.0,1.5625711820222177,824.984557170815,False,settled
b,blue_ramp,ramp,0.0,1.4,0.0,1.5173623685066127,837.3985865530769,False,settled
b,blue_ramp,ramp,0.0,1.4,0.0,1.1362242145799697,943.5696814982705,False,settled
b,blue_ramp,ramp,0.0,1.4,0.0,1.6182637810878067,811.7134837588735,False,settled
b,blue_ramp,ramp,0.0,1.4,0.0,0.7315462088657443,1099.8528728534247,False,settled
b,blue_ramp,ramp,0.0,1.4,0.0,1.3171270496452028,887.5110774449954,False,settled
b,blue_ramp,ramp,0.0,1.4,0.0,0.7403100330916086,1085.0993831713815,False,settled
b,blue_ramp,ramp,0.0,1.4,0.0,0.7407057222705062,1086.3896427757418,False,settled
b,blue_ramp,ramp,0.0,1.4,0.0,1.1603953828178222,938.9112258817444,False,settled
b,blue_ramp,ramp,0.0,1.4,0.0,1.492388812987837,844.4661424523281,False,settled
b,blue_ramp,ramp,0.0,1.4,0.0,1.3090899436158074,890.9087007508172,False,settled
b,blue_ramp,ramp,0.0,1.4,0.0,1.4203704396572796,858.5929390880091,False,settled
b,blue_ramp,ramp,0.0,1.4,0.0,1.324141076460157,887.6822169741016,False,settled
b,blue_ramp,ramp,0.0,1.4,0.0,0.69368941861026,1108.2275034830284,False,settled
b,blue_ramp,ramp,0.0,1.4,0.0,1.5857235481299523,820.1785016187956,False,settled
b,blue_ramp,ramp,0.0,1.4,0.0,0.9920021108443463,987.2580651838099,False,settled
b,blue_ramp,ramp,0.0,1.4,0.0,0.7542718064126392,1077.9531623528258,False,settled
b,blue_ramp,ramp,0.0,1.4,0.0,1.1944974282156067,925.5057292934273,False,settled
b,blue_ramp,ramp,0.0,1.4,0.0,1.2155875956076618,914.8748956467692,False,settled
b,blue_ramp,ramp,0.0,1.4,0.0,1.4558889736789293,846.2053841586084,False,settled
b,blue_ramp,ramp,0.0,1.4,0.0,1.1691863097193165,931.5284621323228,False,settled
b,blue_ramp,ramp,0.0,1.4,0.0,0.7059480036269541,1102.2950704762527,False,settled
b,blue_ramp,ramp,0.0,1.4,0.0,1.2762194570587941,901.8871154775856,False,settled
b,blue_ramp,ramp,0.0,1.4,0.0,0.9972509471105647,986.0562088748317,False,settled
b,blue_ramp,ramp,0.0,1.4,0.0,0.7071496591476257,1109.4078856586293,False,settled
b,blue_ramp,ramp,0.0,1.4,0.0,0.8052517058662708,1056.9710143636664,False,settled
b,blue_ramp,ramp,0.0,1.4,0.0,0.8267231053743387,1056.1831971861795,False,settled
b,blue_ramp,ramp,0.0,1.4,0.0,1.3907884877070955,865.8973072140252,False,settled
b,blue_ramp,ramp,0.0,1.4,0.0,1.4382010810921972,852.9106496240316,False,settled
b,blue_ramp,ramp,0.0,1.4,0.0,1.4030605250984425,860.2328552172735,False,settled
b,blue_ramp,ramp,0.0,1.4,0.0,1.231658966706259,913.1494924335109,False,settled
b,blue_ramp,ramp,0.0,1.4,0.0,1.6248455447601429,809.8774159947417,False,settled
b,blue_ramp,ramp,0.0,1.4,0.0,0.9152282403700022,1024.0673754895129,False,settled
b,blue_ramp,ramp,0.0,1.4,0.0,1.682300884564983,794.9261900341297,False,settled
b,blue_ramp,ramp,0.0,1.4,0.0,0.7663735534980483,1075.2873117955717,False,settled
b,blue_ramp,ramp,0.0,1.4,0.0,1.036765468059214,979.7951342015441,False,settled
b,blue_ramp,ramp,0.0,1.4,0.0,0.9648197869832135,1006.8820717481615,False,settled
b,blue_ramp,ramp,0.0,1.4,0.0,1.0373638904094529,979.300931480751,False,settled
b,blue_ramp,ramp,0.0,1.4,0.0,1.3268412341710414,885.0368602483736,False,settled
b,blue_ramp,ramp,0.0,1.4,0.0,1.0628247964537458,968.4960835987827,False,settled
b,blue_ramp,ramp,0.0,1.4,0.0,1.12998767016541,948.6330266810236,False,settled
b,blue_ramp,ramp,0.0,1.4,0.0,1.4376875499765511,853.4947383093354,False,settled
b,blue_ramp,ramp,0.0,1.4,0.0,1.0306020788844237,974.8920567698025,False,settled
b,blue_ramp,ramp,0.0,1.4,0.0,1.340530204510991,877.9695379229026,False,settled
b,blue_ramp,ramp,0.0,1.4,0.0,0.724874600037256,1091.7616209474336,False,settled
b,blue_ramp,ramp,0.0,1.4,0.0,1.2614683633641186,901.9736964304004,False,settled
b,blue_ramp,ramp,0.0,1.4,0.0,1.2910485431631251,894.7257309929788,False,settled
b,blue_ramp,ramp,0.0,1.4,0.0,1.4442393851423196,850.6408547680297,False,settled
b,blue_ramp,ramp,0.0,1.4,0.0,1.0843654086663717,959.81861457581,False,settled
b,blue_ramp,ramp,0.0,1.4,0.0,0.7439253869751137,1089.652449370562,False,settled
b,blue_ramp,ramp,0.0,1.4,0.0,0.9474959389644204,1009.4150209655666,False,settled
b,blue_ramp,ramp,0.0,1.4,0.0,1.610307263736388,814.3213949304679,False,settled
b,blue_ramp,ramp,0.0,1.4,0.0,0.8224646368479235,1059.2890685699856,False,settled
b,blue_ramp,ramp,0.0,1.4,0.0,1.5516217865786208,828.190208102108,False,settled
b,blue_ramp,ramp,0.0,1.4,0.0,1.5794572720473645,821.4825250259416,False,settled
b,blue_ramp,ramp,0.0,1.4,0.0,0.8120215538054746,1053.9082809372346,False,settled
b,blue_ramp,ramp,0.0,1.4,0.0,1.2268729391640347,914.8245731047934,False,settled
b,blue_ramp,ramp,0.0,1.4,0.0,1.1036655157661694,952.9908256297081,False,settled
b,blue_ramp,ramp,0.0,1.4,0.0,1.128385030500507,941.5271134953481,False,settled
b,blue_ramp,ramp,0.0,1.4,0.0,0.6881893635443376,1110.6218837967585,False,settled
b,blue_ramp,ramp,0.0,1.4,0.0,1.1378461808173281,942.2002728146668,False,settled
b,blue_ramp,ramp,0.0,1.4,0.0,0.9995977860795716,985.5661909746277,False,settled
b,blue_ramp,ramp,0.0,1.4,0.0,0.6974565435165222,1105.3947488957633,False,settled
b,blue_ramp,ramp,0.0,1.4,0.0,1.1801357486930677,930.1438252729642,False,settled
b,blue_ramp,ramp,0.0,1.4,0.0,1.3480119837518154,876.2994540913646,False,settled
b,blue_ramp,ramp,0.0,1.4,0.0,1.2518118472849005,903.7221621889156,False,settled
b,blue_ramp,ramp,0.0,1.4,0.0,0.7069676272309523,1108.2038444126551,False,settled
b,blue_ramp,ramp,0.0,1.4,0.0,1.2044162931755904,924.3258520358639,False,settled
b,blue_ramp,ramp,0.0,1.4,0.0,0.8536581097794196,1049.2334795604295,False,settled
b,blue_ramp,ramp,0.0,1.4,0.0,0.7317119554259361,1100.060185553601,False,settled
b,blue_ramp,ramp,0.0,1.4,0.0,1.549190496973924,828.5887563152096,False,settled
b,blue_ramp,ramp,0.0,1.4,0.0,0.8896297306140931,1031.9856197588595,False,settled
b,blue_ramp,ramp,0.0,1.4,0.0,1.3739265789372574,872.2502276243223,False,settled
b,blue_ramp,ramp,0.0,1.4,0.0,1.372512609816033,868.5705207196411,False,settled
b,blue_ramp,ramp,0.0,1.4,0.0,1.5844507042708451,819.4872208015577,False,settled
b,blue_ramp,ramp,0.0,1.4,0.0,0.7737358942208081,1070.204582925064,False,settled
b,blue_ramp,ramp,0.0,1.4,0.0,0.881495983482904,1038.257368665673,False,settled
b,blue_ramp,ramp,0.0,1.4,0.0,1.4962472885816525,841.1784371550493,False,settled
b,blue_ramp,ramp,0.0,1.4,0.0,0.705276893537254,1100.7410338671443,False,settled
b,blue_ramp,ramp,0.0,1.4,0.0,1.5312961375029432,833.3491258800124,False,settled
b,blue_ramp,ramp,0.0,1.4,0.0,0.9256417404550052,1019.862542487441,False,settled
b,blue_ramp,ramp,0.0,1.4,0.0,0.7389695690678171,1085.1109899388234,False,settled
b,blue_ramp,ramp,0.0,1.4,0.0,1.486155115640675,844.200857015651,False,settled
b,blue_ramp,ramp,0.0,1.4,0.0,0.6894528835930188,1114.9493402461019,False,settled
b,blue_ramp,ramp,0.0,1.4,0.0,1.2316869573974407,913.1396974573195,False,settled
b,blue_ramp,ramp,0.0,1.4,0.0,0.8353955660394484,1049.4070919188948,False,settled
b,blue_ramp,ramp,0.0,1.4,0.0,1.275746574262287,902.3318324667621,False,settled
b,blue_ramp,ramp,0.0,1.4,0.0,0.9308823873862592,1018.8776582201657,False,settled
b,blue_ramp,ramp,0.0,1.4,0.0,0.8803697063541912,1026.7981343587999,False,settled
b,blue_ramp,ramp,0.0,1.4,0.0,1.5696131131893778,822.9964723764072,False,settled
b,blue_ramp,ramp,0.0,1.4,0.0,1.134178781689547,945.035645700357,False,settled
b,blue_ramp,ramp,0.0,1.4,0.0,1.3519360015918607,877.8570898188564,False,settled
b,blue_ramp,ramp,0.0,1.4,0.0,0.8158538081794798,1064.5340578834155,False,settled
b,blue_ramp,ramp,0.0,1.4,0.0,1.3061530727156672,887.2488888121908,False,settled
b,blue_ramp,ramp,0.0,1.4,0.0,0.7892934652429524,1072.8804799221011,False,settled
b,blue_ramp,ramp,0.0,1.4,0.0,1.097774234624553,957.6852788725392,False,settled
b,blue_ramp,ramp,0.0,1.4,0.0,0.868222984965024,1034.144068132728,False,settled
b,blue_ramp,ramp,0.0,1.4,0.0,1.4512083973066017,847.1908438363587,False,settled
b,blue_ramp,ramp,0.0,1.4,0.0,1.5261334754715283,832.7057676414277,False,settled
b,blue_ramp,ramp,0.0,1.4,0.0,0.8862932575674966,1034.657532439267,False,settled
b,blue_ramp,ramp,0.0,1.4,0.0,0.8498840677896081,1038.283761548801,False,settled
b,blue_ramp,ramp,0.0,1.4,0.0,0.771138361282715,1072.0343824574138,False,settled
b,blue_ramp,ramp,0.0,1.4,0.0,1.1772569724184139,932.4175967644675,False,settled
b,blue_ramp,ramp,0.0,1.4,0.0,0.7112598718762778,1108.7996305842762,False,settled
b,blue_ramp,ramp,0.0,1.4,0.0,1.6878948820882278,792.9952546820344,False,settled
b,blue_ramp,ramp,0.0,1.4,0.0,1.179961494329828,930.2966853090834,False,settled
b,blue_ramp,ramp,0.0,1.4,0.0,1.5243363980947497,835.0235313291994,False,settled
b,blue_ramp,ramp,0.0,1.4,0.0,1.5200485291173196,835.0052678434993,False,settled
b,blue_ramp,ramp,0.0,1.4,0.0,1.4162830540704983,858.2774963749899,False,settled
b,blue_ramp,ramp,0.0,1.4,0.0,1.1265536793485391,942.862242658671,False,settled
b,blue_ramp,ramp,0.0,1.4,0.0,1.54723422583426,829.3527070562678,False,settled
b,blue_ramp,ramp,0.0,1.4,0.0,1.0041087964895485,984.7022671108309,False,settled
b,blue_ramp,ramp,0.0,1.4,0.0,1.361159247598983,874.2304637463563,False,settled
b,blue_ramp,ramp,0.0,1.4,0.0,1.0323125174879253,973.5118363760818,False,settled
b,blue_ramp,ramp,0.0,1.4,0.0,0.750219916659672,1082.4300537688068,False,settled
b,blue_ramp,ramp,0.0,1.4,0.0,0.7449630507532959,1084.4086739468514,False,settled
b,blue_ramp,ramp,0.0,1.4,0.0,0.8196427124350728,1061.5198030429235,False,settled
b,blue_ramp,ramp,0.0,1.4,0.0,1.0831544769103356,960.572195985249,False,settled
b,blue_ramp,ramp,0.0,1.4,0.0,0.8286924353482936,1054.6508036594626,False,settled
b,blue_ramp,ramp,0.0,1.4,0.0,0.997774924478045,985.9468179723988,False,settled
b,blue_ramp,ramp,0.0,1.4,0.0,0.9315291343566571,1018.7561432200965,False,settled
b,blue_ramp,ramp,0.0,1.4,0.0,1.2742695416410899,896.9862139162336,False,settled
b,blue_ramp,ramp,0.0,1.4,0.0,1.5798086446789419,820.8008396140315,False,settled
b,blue_ramp,ramp,0.0,1.4,0.0,1.0779676977766932,964.5268049980828,False,settled
b,blue_ramp,ramp,0.0,1.4,0.0,0.7129319332447464,1099.9193269526468,False,settled
b,blue_ramp,ramp,0.0,1.4,0.0,1.396107003484359,865.2603584941259,False,settled
b,blue_ramp,ramp,0.0,1.4,0.0,1.0036296301553551,984.8022317398713,False,settled
b,blue_ramp,ramp,0.0,1.4,0.0,0.9790595929031302,995.4737030755468,False,settled
b,blue_ramp,ramp,0.0,1.4,0.0,0.9487260834407457,1008.4257307097034,False,settled
b,blue_ramp,ramp,0.0,1.4,0.0,0.9149585179286528,1024.2812400715102,False,settled
b,blue_ramp,ramp,0.0,1.4,0.0,0.717604846681046,1095.365637251929,False,settled
b,blue_ramp,ramp,0.0,1.4,0.0,1.003895018034199,984.7468660173148,False,settled
b,blue_ramp,ramp,0.0,1.4,0.0,1.2979866752529188,894.7523480124254,False,settled
b,blue_ramp,ramp,0.0,1.4,0.0,1.511871761060243,838.6881758959929,False,settled
b,blue_ramp,ramp,0.0,1.4,0.0,1.1026484619564905,953.8436945928669,False,settled
b,blue_ramp,ramp,0.0,1.4,0.0,1.2516836167993832,903.8383007741202,False,settled
b,blue_ramp,ramp,0.0,1.4,0.0,1.1438953396618787,938.897495068807,False,settled
b,blue_ramp,ramp,0.0,1.4,0.0,0.8412406427232136,1044.8529377962536,False,settled
b,blue_ramp,ramp,0.0,1.4,0.0,1.2172812001746744,913.4549605107293,False,settled
b,blue_ramp,ramp,0.0,1.4,0.0,1.241880444399854,912.7414293044613,False,settled
b,blue_ramp,ramp,0.0,1.4,0.0,0.957832348604778,1001.124898193918,False,settled
b,blue_ramp,ramp,0.0,1.4,0.0,1.5992150347022196,817.0220237852676,False,settled
b,blue_ramp,ramp,0.0,1.4,0.0,1.468392492292132,844.4619590358541,False,settled
b,blue_ramp,ramp,0.0,1.4,0.0,1.2239618700218502,915.8438157637445,False,settled
b,blue_ramp,ramp,0.0,1.4,0.0,1.13230470680149,946.611154406626,False,settled
b,blue_ramp,ramp,0.0,1.4,0.0,1.3239596850600515,887.860757072314,False,settled
b,blue_ramp,ramp,0.0,1.4,0.0,1.023498220324325,980.3961521510787,False,settled
b,blue_ramp,ramp,0.0,1.4,0.0,1.2939761289237341,892.118247265989,False,settled
b,blue_ramp,ramp,0.0,1.4,0.0,0.9525482121545628,1005.352987822535,False,settled
b,blue_ramp,ramp,0.0,1.4,0.0,1.4928971067298837,843.7938484784709,False,settled
b,blue_ramp,ramp,0.0,1.4,0.0,0.7697872268376827,1072.991539650403,False,settled
b,blue_ramp,ramp,0.0,1.4,0.0,1.6916862147232063,790.1611560891802,False,settled
b,blue_ramp,ramp,0.0,1.4,0.0,1.1251611799334365,944.0798979128156,False,settled
b,blue_ramp,ramp,0.0,1.4,0.0,0.8424959344424875,1043.8788037661407,False,settled
b,blue_ramp,ramp,0.0,1.4,0.0,1.6281058999733586,808.9909024430467,False,settled
b,blue_ramp,ramp,0.0,1.4,0.0,0.7108242460777237,1106.673153021086,False,settled
b,blue_ramp,ramp,0.0,1.4,0.0,1.205359571964088,923.763807022465,False,settled
b,blue_ramp,ramp,0.0,1.4,0.0,1.071422600157328,966.1845806552599,False,settled
b,blue_ramp,ramp,0.0,1.4,0.0,1.5111096121728567,838.4246652551187,False,settled
b,blue_ramp,ramp,0.0,1.4,0.0,0.9061994157685642,1018.9936326851756,False,settled
b,blue_ramp,ramp,0.0,1.4,0.0,1.5328257109828527,832.3012702634926,False,settled
b,blue_ramp,ramp,0.0,1.4,0.0,1.5416024739851626,829.8736086499853,False,settled
b,blue_ramp,ramp,0.0,1.4,0.0,1.4049087144760046,863.9404685084428,False,settled
b,blue_ramp,ramp,0.0,1.4,0.0,1.5222614234461942,835.5172780885837,False,settled
b,blue_ramp,ramp,0.0,1.4,0.0,1.055927141870968,974.1511417057095,False,settled
b,blue_ramp,ramp,0.0,1.4,0.0,0.8162662518773323,1064.2058894465374,False,settled
b,blue_ramp,ramp,0.0,1.4,0.0,1.1024257909564765,954.0304884890611,False,settled
b,blue_ramp,ramp,0.0,1.4,0.0,1.459078039077905,846.8500239601177,False,settled
b,blue_ramp,ramp,0.0,1.4,0.0,0.9661605809964526,1005.7933050948895,False,settled
b,blue_ramp,ramp,0.0,1.4,0.0,0.8480191858404842,1039.6156976636594,False,settled
b,blue_ramp,ramp,0.0,1.4,0.0,1.312622238712427,889.4066532655373,False,settled
b,blue_ramp,ramp,0.0,1.4,0.0,1.2246191536523283,915.6136833713318,False,settled
b,blue_ramp,ramp,0.0,1.4,0.0,1.3533772219698583,876.4123622264252,False,settled
b,blue_ramp,ramp,0.0,1.4,0.0,0.7323180622988748,1085.7748269840665,False,settled
b,blue_ramp,ramp,0.0,1.4,0.0,0.7355343723136127,1086.337528814622,False,settled
b,blue_ramp,ramp,0.0,1.4,0.0,1.4434390981081335,851.555722309139,False,settled
b,blue_ramp,ramp,0.0,1.4,0.0,1.6177618473510214,812.1590848630874,False,settled
b,blue_ramp,ramp,0.0,1.4,0.0,0.9733115822433756,999.9872329646811,False,settled
b,blue_ramp,ramp,0.0,1.4,0.0,0.7778678157509034,1066.9641806951965,False,settled
b,blue_ramp,ramp,0.0,1.4,0.0,1.2416113290693231,912.9875684366218,False,settled
b,blue_ramp,ramp,0.0,1.4,0.0,1.4048772808493115,863.957267854193,False,settled
b,blue_ramp,ramp,0.0,1.4,0.0,1.6274700075600765,810.6786488385227,False,settled
b,blue_ramp,ramp,0.0,1.4,0.0,0.8013974981228673,1057.524954144089,False,settled
b,blue_ramp,ramp,0.0,1.4,0.0,0.6902574495454907,1112.5514872808799,False,settled
b,blue_ramp,ramp,0.0,1.4,0.0,0.9058493522654862,1019.2648720129865,False,settled
b,blue_ramp,ramp,0.0,1.4,0.0,1.2926588686379716,893.2459924209253,False,settled
b,blue_ramp,ramp,0.0,1.4,0.0,1.2274176623770818,914.6339248153798,False,settled
b,blue_ramp,ramp,0.0,1.4,0.0,0.7176339624549286,1095.499835855952,False,settled
b,blue_ramp,ramp,0.0,1.4,0.0,0.9260256508538788,1019.7903987992596,False,settled
b,blue_ramp,ramp,0.0,1.4,0.0,1.6204492587829098,811.3075226381494,False,settled
b,blue_ramp,ramp,0.0,1.4,0.0,1.3367805074349013,881.2702800587593,False,settled
b,blue_ramp,ramp,0.0,1.4,0.0,1.2102708877507495,919.495545565097,False,settled
b,blue_ramp,ramp,0.0,1.4,0.0,0.9745812437252465,998.9679818483245,False,settled
b,blue_ramp,ramp,0.0,1.4,0.0,1.1079497237360025,949.4902611771756,False,settled
b,blue_ramp,ramp,0.0,1.4,0.0,0.8768240227756374,1029.5377645601689,False,settled
b,blue_ramp,ramp,0.0,1.4,0.0,1.1213360676494937,947.2078599848084,False,settled
b,blue_ramp,ramp,0.0,1.4,0.0,1.0969431963048644,958.3870917325814,False,settled
b,blue_ramp,ramp,0.0,1.4,0.0,0.7860657200238078,1074.8144771697373,False,settled
b,blue_ramp,ramp,0.0,1.4,0.0,1.167545720350491,932.9445702635513,False,settled
b,blue_ramp,ramp,0.0,1.4,0.0,0.6965110732737172,1114.2868980344163,False,settled
b,blue_ramp,ramp,0.0,1.4,0.0,1.2906396693272737,895.1014076882668,False,settled
b,blue_ramp,ramp,0.0,1.4,0.0,1.5512543467841544,828.7853244856692,False,settled
b,blue_ramp,ramp,0.0,1.4,0.0,0.7337071850353404,1098.4521983090997,False,settled
b,blue_ramp,ramp,0.0,1.4,0.0,1.636076728483749,807.4945471187851,False,settled
b,blue_ramp,ramp,0.0,1.4,0.0,1.2458550819221348,909.107752690357,False,settled
b,blue_ramp,ramp,0.0,1.4,0.0,0.924176394978296,1020.1379064028326,False,settled
b,blue_ramp,ramp,0.0,1.4,0.0,1.5309950711012075,831.7933240128334,False,settled
b,blue_ramp,ramp,0.0,1.4,0.0,1.5414327163189756,830.1804011498239,False,settled
b,blue_ramp,ramp,0.0,1.4,0.0,1.1206187565730372,947.763911903268,False,settled
b,blue_ramp,ramp,0.0,1.4,0.0,0.7059004583433462,1101.6442135608702,False,settled
b,blue_ramp,ramp,0.0,1.4,0.0,1.4432289475550384,851.7959734090713,False,settled
b,blue_ramp,ramp,0.0,1.4,0.0,1.0358402473789488,980.5591026252678,False,settled
b,blue_ramp,ramp,0.0,1.4,0.0,1.6754378827873986,798.671451048791,False,settled
b,blue_ramp,ramp,0.0,1.4,0.0,0.7625768821958305,1077.4411676504076,False,settled
b,blue_ramp,ramp,0.0,1.4,0.0,1.0218741587434232,981.724662982089,False,settled
b,blue_ramp,ramp,0.0,1.4,0.0,1.689848511719321,791.4891082851321,False,settled
b,blue_ramp,ramp,0.0,1.4,0.0,1.4562558357234707,845.8804837053952,False,settled
b,blue_ramp,ramp,0.0,1.4,0.0,1.042205323615058,975.3040349596214,False,settled
b,blue_ramp,ramp,0.0,1.4,0.0,0.9955991735908684,986.4046030734252,False,settled
b,blue_ramp,ramp,0.0,1.4,0.0,0.7437293827710719,1089.531111134273,False,settled
b,blue_ramp,ramp,0.0,1.4,0.0,1.216502744333586,914.0867305893851,False,settled
b,blue_ramp,ramp,0.0,1.4,0.0,1.0588157862450407,971.778987616313,False,settled
b,blue_ramp,ramp,0.0,1.4,0.0,0.8437623147301159,1042.8960606839057,False,settled
b,blue_ramp,ramp,0.0,1.4,0.0,0.9447180233100045,1011.6550695232713,False,settled
b,blue_ramp,ramp,0.0,1.4,0.0,1.5192870838578796,835.9575663777721,False,settled
b,blue_ramp,ramp,0.0,1.4,0.0,1.1665701903061418,933.7922981527988,False,settled
b,blue_ramp,ramp,0.0,1.4,0.0,1.1442677997230313,938.7881731231871,False,settled
b,blue_ramp,ramp,0.0,1.4,0.0,1.537501244436604,832.5385268938016,False,settled
b,blue_ramp,ramp,0.0,1.4,0.0,1.249173283471768,906.0912011714444,False,settled
b,blue_ramp,ramp,0.0,1.4,0.0,1.4358740399588195,855.3051051694642,False,settled
b,blue_ramp,ramp,0.0,1.4,0.0,1.2092500894773681,920.3826091531045,False,settled
b,blue_ramp,ramp,0.0,1.4,0.0,0.9860507557079072,990.2435150457354,False,settled
b,blue_ramp,ramp,0.0,1.4,0.0,0.7523278784442524,1081.3389054045974,False,settled
b,blue_ramp,ramp,0.0,1.4,0.0,1.3586885227746481,876.7359006853917,False,settled
b,blue_ramp,ramp,0.0,1.4,0.0,0.9144230304385638,1024.7058436851094,False,settled
b,blue_ramp,ramp,0.0,1.4,0.0,1.049338641588809,969.7931921382317,False,settled
b,blue_ramp,ramp,0.0,1.4,0.0,1.0599074199079743,970.8825821356278,False,settled
b,blue_ramp,ramp,0.0,1.4,0.0,1.4746545708347278,847.4132801584781,False,settled
b,blue_ramp,ramp,0.0,1.4,0.0,1.298143074486094,894.6047336927717,False,settled
b,blue_ramp,ramp,0.0,1.4,0.0,1.2947080534322004,891.3711135620999,False,settled
b,blue_ramp,ramp,0.0,1.4,0.0,1.2917997904169083,894.0352771315974,False,settled
b,blue_ramp,ramp,0.0,1.4,0.0,1.4819680994532574,845.3141783717396,False,settled
b,blue_ramp,ramp,0.0,1.4,0.0,0.7950048782721199,1072.1273807826951,False,settled
b,blue_ramp,ramp,0.0,1.4,0.0,0.7212595717135498,1103.157614226299,False,settled
b,blue_ramp,ramp,0.0,1.4,0.0,1.3631621012537858,872.4840859110644,False,settled
b,blue_ramp,ramp,0.0,1.4,0.0,0.6878295769959643,1114.2088461175622,False,settled
b,blue_ramp,ramp,0.0,1.4,0.0,0.9332992143217916,1018.4235676879631,False,settled
b,blue_ramp,ramp,0.0,1.4,0.0,1.2404151801753276,906.890448830023,False,settled
b,blue_ramp,ramp,0.0,1.4,0.0,0.7893811458603582,1072.8689057862846,False,settled
b,blue_ramp,ramp,0.0,1.4,0.0,0.9421453563744618,1013.7399418310947,False,settled
b,blue_ramp,ramp,0.0,1.4,0.0,0.9095676758429069,1016.3303592632514,False,settled
b,blue_ramp,ramp,0.0,1.4,0.0,1.5436726239738034,830.2106484942909,False,settled
b,blue_ramp,ramp,0.0,1.4,0.0,1.3262943034052947,885.5706783532186,False,settled
b,blue_ramp,ramp,0.0,1.4,0.0,1.5403496113151938,831.7862355821622,False,settled
b,blue_ramp,ramp,0.0,1.4,0.0,1.258924200735173,904.210349740935,False,settled
b,blue_ramp,ramp,0.0,1.4,0.0,1.3915584921761146,865.1833504618845,False,settled
b,blue_ramp,ramp,0.0,1.4,0.0,0.9704904043573606,1002.2775177119503,False,settled
b,blue_ramp,ramp,0.0,1.4,0.0,0.7035473785830698,1104.5055255206714,False,settled
b,blue_ramp,ramp,0.0,1.4,0.0,0.9688817988300972,1003.5836291960495,False,settled
b,blue_ramp,ramp,0.0,1.4,0.0,0.9044001591343661,1020.282264487939,False,settled
b,blue_ramp,ramp,0.0,1.4,0.0,0.9514247059092945,1006.2561270073923,False,settled
b,blue_ramp,ramp,0.0,1.4,0.0,0.9315502310776133,1018.7521794269845,False,settled
b,blue_ramp,ramp,0.0,1.4,0.0,1.0472061190087978,971.2097727989867,False,settled
b,blue_ramp,ramp,0.0,1.4,0.0,0.8944007836481981,1028.186012340975,False,settled
b,blue_ramp,ramp,0.0,1.4,0.0,1.061737446538736,969.3871196103056,False,settled
b,blue_ramp,ramp,0.0,1.4,0.0,1.344184777685645,879.8218489185707,False,settled
b,blue_ramp,ramp,0.0,1.4,0.0,1.1090731204058408,948.4787701643814,False,settled
b,blue_ramp,ramp,0.0,1.4,0.0,1.1527747442333125,936.2957105205023,False,settled
b,blue_ramp,ramp,0.0,1.4,0.0,1.4755521133078748,844.4113544831421,False,settled
b,blue_ramp,ramp,0.0,1.4,0.0,0.7553198689113862,1077.257835267632,False,settled
b,blue_ramp,ramp,0.0,1.4,0.0,1.1662871732137532,934.0386263954356,False,settled
b,blue_ramp,ramp,0.0,1.4,0.0,1.6484606618373947,804.9724284239242,False,settled
b,blue_ramp,ramp,0.0,1.4,0.0,0.736919705860055,1087.8141006520898,False,settled
b,blue_ramp,ramp,0.0,1.4,0.0,1.6441203012407701,805.346788255744,False,settled
b,blue_ramp,ramp,0.0,1.4,0.0,0.8918142752324202,1030.2458067427597,False,settled
b,blue_ramp,ramp,0.0,1.4,0.0,0.7195915695538011,1100.8470615898684,False,settled
b,blue_ramp,ramp,0.0,1.4,0.0,1.654780122224779,803.7546194322996,False,settled
b,blue_ramp,ramp,0.0,1.4,0.0,0.7796554901911369,1065.6304978372202,False,settled
b,blue_ramp,ramp,0.0,1.4,0.0,0.8324012263064199,1051.7489815331037,False,settled
b,blue_ramp,ramp,0.0,1.4,0.0,1.583954510038899,820.3847478188119,False,settled
b,blue_ramp,ramp,0.0,1.4,0.0,1.315524324008204,888.1853138076226,False,settled
b,blue_ramp,ramp,0.0,1.4,0.0,1.0330758161056934,972.9914058840826,False,settled
b,blue_ramp,ramp,0.0,1.4,0.0,1.6679464180147359,799.503658654241,False,settled
b,blue_ramp,ramp,0.0,1.4,0.0,1.4143206452267787,860.0838793182571,False,settled
b,blue_ramp,ramp,0.0,1.4,0.0,0.7891064471662919,1072.9111764583818,False,settled
b,blue_ramp,ramp,0.0,1.4,0.0,0.8340051233010878,1050.494439355021,False,settled
b,blue_ramp,ramp,0.0,1.4,0.0,0.7202087621843781,1099.8340586137977,False,settled
b,blue_ramp,ramp,0.0,1.4,0.0,1.478872542158938,846.5389987953719,False,settled
b,blue_ramp,ramp,0.0,1.4,0.0,0.7840273419721427,1076.3858070321753,False,settled
b,blue_ramp,ramp,0.0,1.4,0.0,0.6878470821425053,1115.427335578948,False,settled
b,blue_ramp,ramp,0.0,1.4,0.0,1.3066525092155659,892.9267011024673,False,settled
b,blue_ramp,ramp,0.0,1.4,0.0,1.392078691518264,864.6393050348361,False,settled
b,blue_ramp,ramp,0.0,1.4,0.0,0.7304642153044973,1098.4879420917837,False,settled
b,blue_ramp,ramp,0.0,1.4,0.0,1.6122678865200288,813.5934205558827,False,settled
b,blue_ramp,ramp,0.0,1.4,0.0,1.0534257722088352,966.5448771085261,False,settled
b,blue_ramp,ramp,0.0,1.4,0.0,1.1763204401296163,933.2380940915422,False,settled
b,blue_ramp,ramp,0.0,1.4,0.0,1.4820811976609873,845.1689205126213,False,settled
b,blue_ramp,ramp,0.0,1.4,0.0,1.0429986204551287,974.6491752182635,False,settled
b,blue_ramp,ramp,0.0,1.4,0.0,0.7275227628842574,1096.4469072364386,False,settled
b,blue_ramp,ramp,0.0,1.4,0.0,1.317485112109794,887.3604538860236,False,settled
b,blue_ramp,ramp,0.0,1.4,0.0,0.9227948631998099,1020.3975040829429,False,settled
b,blue_ramp,ramp,0.0,1.4,0.0,1.018117811831887,984.7977029499156,False,settled
b,blue_ramp,ramp,0.0,1.4,0.0,1.0580004221876798,972.4485196643141,False,settled
b,blue_ramp,ramp,0.0,1.4,0.0,1.5134584720555158,836.5378042264116,False,settled
b,blue_ramp,ramp,0.0,1.4,0.0,1.6377806061248112,807.2874078283809,False,settled
b,blue_ramp,ramp,0.0,1.4,0.0,0.7855535020986167,1075.1827706449883,False,settled
b,blue_ramp,ramp,0.0,1.4,0.0,0.7024272034254375,1100.3649238426246,False,settled
b,blue_ramp,ramp,0.0,1.4,0.0,1.3369671335625357,881.0870203111542,False,settled
b,blue_ramp,ramp,0.0,1.4,0.0,1.4482585746136358,850.5628783913078,False,settled
b,blue_ramp,ramp,0.0,1.4,0.0,1.0876894304976397,957.0549114761084,False,settled
b,blue_ramp,ramp,0.0,1.4,0.0,1.2788761503935322,899.4070800530114,False,settled
b,blue_ramp,ramp,0.0,1.4,0.0,1.3427775038988483,881.224130038938,False,settled
b,blue_ramp,ramp,0.0,1.4,0.0,1.3741551783422776,872.0159249963377,False,settled
b,blue_ramp,ramp,0.0,1.4,0.0,1.6777130653407764,796.7326796985487,False,settled
b,blue_ramp,ramp,0.0,1.4,0.0,0.9755989082996311,998.199985237496,False,settled
b,blue_ramp,ramp,0.0,1.4,0.0,0.7685209902798783,1073.8869446527456,False,settled
b,blue_ramp,ramp,0.0,1.4,0.0,1.5678525581340945,824.8994012586824,False,settled
b,blue_ramp,ramp,0.0,1.4,0.0,0.9607666882222491,999.0698579826693,False,settled
b,blue_ramp,ramp,0.0,1.4,0.0,0.8627114327348478,1035.040003383321,False,settled
b,blue_ramp,ramp,0.0,1.4,0.0,1.643650474363778,806.1659830152723,False,settled
b,blue_ramp,ramp,0.0,1.4,0.0,1.074037567865188,965.5180591393524,False,settled
b,blue_ramp,ramp,0.0,1.4,0.0,0.8593536302059446,1035.4683208728102,False,settled
b,blue_ramp,ramp,0.0,1.4,0.0,0.9857841131826076,990.4533579813401,False,settled
b,blue_ramp,ramp,0.0,1.4,0.0,1.4663532395105852,846.9014302196704,False,settled
b,blue_ramp,ramp,0.0,1.4,0.0,1.3719701252593555,869.0792452814991,False,settled
b,blue_ramp,ramp,0.0,1.4,0.0,0.9763733335508159,997.5915970821919,False,settled
b,blue_ramp,ramp,0.0,1.4,0.0,1.170135660789297,930.7088651794268,False,settled
b,blue_ramp,ramp,0.0,1.4,0.0,1.1243176508276025,944.6947579919654,False,settled
b,blue_ramp,ramp,0.0,1.4,0.0,1.0666346965111568,967.4094012725681,False,settled
b,blue_ramp,ramp,0.0,1.4,0.0,1.1169636131133642,950.5975892070854,False,settled
b,blue_ramp,ramp,0.0,1.4,0.0,1.2654682471165175,905.1004060424629,False,settled
b,blue_ramp,ramp,0.0,1.4,0.0,1.4660979909344471,849.2834298185722,False,settled
b,blue_ramp,ramp,0.0,1.4,0.0,1.446023263351757,848.6348177170759,False,settled
b,blue_ramp,ramp,0.0,1.4,0.0,0.931848633667533,1018.6961135186649,False,settled
b,blue_ramp,ramp,0.0,1.4,0.0,1.3562166432591627,873.8430863820328,False,settled
b,blue_ramp,ramp,0.0,1.4,0.0,0.8145084889752343,1052.0894284253927,False,settled
b,blue_ramp,ramp,0.0,1.4,0.0,1.186611792192823,924.5912973891823,False,settled
b,blue_ramp,ramp,0.0,1.4,0.0,0.7422730603869538,1088.8753863972436,False,settled
b,blue_ramp,ramp,0.0,1.4,0.0,1.230104472100129,913.6934672187336,False,settled
b,blue_ramp,ramp,0.0,1.4,0.0,1.233493061598822,912.5076747159326,False,settled
b,blue_ramp,ramp,0.0,1.4,0.0,1.4281854762368946,854.836734766505,False,settled
b,blue_ramp,ramp,0.0,1.4,0.0,0.704413057269417,1111.1545236479878,False,settled
b,blue_ramp,ramp,0.0,1.4,0.0,0.8527213509166947,1049.3848924497597,False,settled
b,blue_ramp,ramp,0.0,1.4,0.0,1.0848561204014386,959.410639171179,False,settled
b,blue_ramp,ramp,0.0,1.4,0.0,0.978271347480308,996.0951525653304,False,settled
b,blue_ramp,ramp,0.0,1.4,0.0,1.2787228500204029,899.5501542354756,False,settled
b,blue_ramp,ramp,0.0,1.4,0.0,0.7581090274320186,1076.8178611152891,False,settled
b,blue_ramp,ramp,0.0,1.4,0.0,0.8242645734650186,1058.1188114913086,False,settled
b,blue_ramp,ramp,0.0,1.4,0.0,1.0771582211393447,964.7309957355429,False,settled
b,blue_ramp,ramp,0.0,1.4,0.0,0.8761216942054424,1030.090534934899,False,settled
b,blue_ramp,ramp,0.0,1.4,0.0,0.9924872089388149,987.1551735316486,False,settled
b,blue_ramp,ramp,0.0,1.4,0.0,0.8499986032861014,1038.2031817686081,False,settled
b,blue_ramp,ramp,0.0,1.4,0.0,1.1131565097979454,953.8298104899459,False,settled
b,blue_ramp,ramp,0.0,1.4,0.0,1.1624818921842501,937.0970369254745,False,settled
b,blue_ramp,ramp,0.0,1.4,0.0,1.4613746627283166,848.5089505890146,False,settled
b,blue_ramp,ramp,0.0,1.4,0.0,1.2262767891861839,915.0332208118865,False,settled
b,blue_ramp,ramp,0.0,1.4,0.0,1.3277950192888102,884.1058196353607,False,settled
b,blue_ramp,ramp,0.0,1.4,0.0,1.6790021198141818,796.9047345687169,False,settled
b,blue_ramp,ramp,0.0,1.4,0.0,1.380258889598939,871.2329828696726,False,settled
b,blue_ramp,ramp,0.0,1.4,0.0,1.1113324011238193,946.6474560188688,False,settled
b,blue_ramp,ramp,0.0,1.4,0.0,1.4376423294304128,853.546171010629,False,settled
b,blue_ramp,ramp,0.0,1.4,0.0,0.9319175604552001,1018.6831630762562,False,settled
b,blue_ramp,ramp,0.0,1.4,0.0,1.5546933236240106,826.6892627768337,False,settled
b,blue_ramp,ramp,0.0,1.4,0.0,0.8829543903779378,1037.0881846398802,False,settled
b,blue_ramp,ramp,0.0,1.4,0.0,1.0530402417123657,966.8520642691327,False,settled
b,blue_ramp,ramp,0.0,1.4,0.0,0.6969111847482026,1101.5804404520707,False,settled
b,blue_ramp,ramp,0.0,1.4,0.0,1.2342631347503548,912.2384675872092,False,settled
b,blue_ramp,ramp,0.0,1.4,0.0,0.8039507911740039,1057.1229851874061,False,settled
b,blue_ramp,ramp,0.0,1.4,0.0,1.5755759332105708,822.1068345967592,False,settled
b,blue_ramp,ramp,0.0,1.4,0.0,0.7280810577363945,1097.484181985955,False,settled
b,blue_ramp,ramp,0.0,1.4,0.0,0.884822196282156,1035.837652533131,False,settled
b,blue_ramp,ramp,0.0,1.4,0.0,0.8437340147751516,1042.9180162601658,False,settled
b,blue_ramp,ramp,0.0,1.4,0.0,0.8375807176549268,1047.698228798295,False,settled
b,blue_ramp,ramp,0.0,1.4,0.0,1.2734972903064163,897.6914896804187,False,settled
b,blue_ramp,ramp,0.0,1.4,0.0,1.3844216829718745,867.2183271120898,False,settled
b,blue_ramp,ramp,0.0,1.4,0.0,1.612870989092299,814.2347199951439,False,settled
b,blue_ramp,ramp,0.0,1.4,0.0,1.5259316296756649,831.7704361357218,False,settled
b,blue_ramp,ramp,0.0,1.4,0.0,0.7404209654536881,1085.4614193558348,False,settled
b,blue_ramp,ramp,0.0,1.4,0.0,1.3803685605225617,871.1208013385445,False,settled
b,blue_ramp,ramp,0.0,1.4,0.0,1.2134232890591745,916.7456741037114,False,settled
b,blue_ramp,ramp,0.0,1.4,0.0,0.8912809188445436,1030.6707136022942,False,settled
b,blue_ramp,ramp,0.0,1.4,0.0,1.41892877965033,859.931009543483,False,settled
b,blue_ramp,ramp,0.0,1.4,0.0,1.2199326719571537,918.5587620581117,False,settled
b,blue_ramp,ramp,0.0,1.4,0.0,0.9324411512269376,1018.5847871077658,False,settled
b,blue_ramp,ramp,0.0,1.4,0.0,1.1860228060735192,925.1036291722667,False,settled
b,blue_ramp,ramp,0.0,1.4,0.0,1.0493144065898512,969.8126704364113,False,settled
b,blue_ramp,ramp,0.0,1.4,0.0,1.0740042890523307,965.5264521746399,False,settled
b,blue_ramp,ramp,0.0,1.4,0.0,0.8172274167798919,1063.441011906337,False,settled
b,blue_ramp,ramp,0.0,1.4,0.0,1.1301743932779398,948.4790692920798,False,settled
b,blue_ramp,ramp,0.0,1.4,0.0,0.6900290428898236,1117.7061896261462,False,settled
b,blue_ramp,ramp,0.0,1.4,0.0,0.928979313146709,1019.2352184351902,False,settled
b,blue_ramp,ramp,0.0,1.4,0.0,0.6885484991423088,1115.9687286707147,False,settled
b,blue_ramp,ramp,0.0,1.4,0.0,1.5428514045093207,831.4989349835388,False,settled
b,blue_ramp,ramp,0.0,1.4,0.0,1.0348642059542068,981.3650013640289,False,settled
b,blue_ramp,ramp,0.0,1.4,0.0,0.7013392097530031,1106.9706839039475,False,settled
b,blue_ramp,ramp,0.0,1.4,0.0,0.8292527227644457,1054.2114468820475,False,settled
b,blue_ramp,ramp,0.0,1.4,0.0,1.0629807642170856,968.3682807286901,False,settled
b,blue_ramp,ramp,0.0,1.4,0.0,0.8284396093744233,1054.849172392865,False,settled
b,blue_ramp,ramp,0.0,1.4,0.0,1.1045738373753555,952.2290220643032,False,settled
b,blue_ramp,ramp,0.0,1.4,0.0,0.8165420628985174,1063.9864195664184,False,settled
b,blue_ramp,ramp,0.0,1.4,0.0,1.203150930667966,918.041876913686,False,settled
b,blue_ramp,ramp,0.0,1.4,0.0,0.7538177209972146,1078.2572261027108,False,settled
b,blue_ramp,ramp,0.0,1.4,0.0,0.9874769480103944,989.1246218082279,False,settled
b,blue_ramp,ramp,0.0,1.4,0.0,1.0186460462020117,984.365555391843,False,settled
b,blue_ramp,ramp,0.0,1.4,0.0,1.394290092833835,867.183222591139,False,settled
b,blue_ramp,ramp,0.0,1.4,0.0,0.7102247205484689,1104.8193459592073,False,settled
b,blue_ramp,ramp,0.0,1.4,0.0,1.1200201147157671,948.2701071046389,False,settled
b,blue_ramp,ramp,0.0,1.4,0.0,1.5452144354253017,830.1998909473002,False,settled
b,blue_ramp,ramp,0.0,1.4,0.0,0.8021467961752177,1057.339772691988,False,settled
b,blue_ramp,ramp,0.0,1.4,0.0,0.9637191629699571,996.7510038569475,False,settled
b,blue_ramp,ramp,0.0,1.4,0.0,1.6436820942030734,806.0729765968418,False,settled
b,blue_ramp,ramp,0.0,1.4,0.0,1.0961415258932026,959.06409744542,False,settled
b,blue_ramp,ramp,0.0,1.4,0.0,0.9778382107285758,996.4368460895765,False,settled
b,blue_ramp,ramp,0.0,1.4,0.0,1.0852767807343784,959.0609016203395,False,settled
b,blue_ramp,ramp,0.0,1.4,0.0,1.2248546745475546,915.5312205931815,False,settled
b,blue_ramp,ramp,0.0,1.4,0.0,1.0880217609467495,956.7786543269247,False,settled
b,blue_ramp,ramp,0.0,1.4,0.0,1.2247247659914307,915.5767053926628,False,settled
b,blue_ramp,ramp,0.0,1.4,0.0,1.4521422323315938,850.5466096008498,False,settled
b,blue_ramp,ramp,0.0,1.4,0.0,1.328989440738723,882.9400612938045,False,settled
b,blue_ramp,ramp,0.0,1.4,0.0,0.8604620548531559,1035.2999405266248,False,settled
b,blue_ramp,ramp,0.0,1.4,0.0,0.978023264926913,996.2909388098328,False,settled
b,blue_ramp,ramp,0.0,1.4,0.0,0.9297168457627026,1019.0966469848099,False,settled
b,blue_ramp,ramp,0.0,1.4,0.0,0.9077466300993698,1017.7254180740263,False,settled
b,blue_ramp,ramp,0.0,1.4,0.0,1.024287144593379,979.7508936069096,False,settled
b,blue_ramp,ramp,0.0,1.4,0.0,0.8946747613449416,1027.967840322096,False,settled
b,blue_ramp,ramp,0.0,1.4,0.0,0.7202313213111486,1099.9942205662874,False,settled
b,blue_ramp,ramp,0.0,1.4,0.0,1.5079340578773806,838.8784458943271,False,settled
b,blue_ramp,ramp,0.0,1.4,0.0,0.8539832355119004,1049.1798297696803,False,settled
b,blue_ramp,ramp,0.0,1.4,0.0,1.3804975259469143,870.9886950460689,False,settled
b,blue_ramp,ramp,0.0,1.4,0.0,0.9124047561425894,1026.3066271858427,False,settled
b,blue_ramp,ramp,0.0,1.4,0.0,0.8275522455122725,1055.5374248670723,False,settled
b,blue_ramp,ramp,0.0,1.4,0.0,1.6426115581878582,806.7275228279537,False,settled
b,blue_ramp,ramp,0.0,1.4,0.0,0.9280342648539258,1019.4127784552129,False,settled
b,blue_ramp,ramp,0.0,1.4,0.0,1.6399207999809475,806.9498475957938,False,settled
b,blue_ramp,ramp,0.0,1.4,0.0,1.5612111454080795,826.1607989786372,False,settled
b,blue_ramp,ramp,0.0,1.4,0.0,1.5714857452909856,823.0964206912715,False,settled
b,blue_ramp,ramp,0.0,1.4,0.0,1.2868198124915893,898.5973227569841,False,settled
b,blue_ramp,ramp,0.0,1.4,0.0,1.127289318637329,942.3015013471476,False,settled
b,blue_ramp,ramp,0.0,1.4,0.0,0.9469835726889468,1009.8270032108843,False,settled
b,blue_ramp,ramp,0.0,1.4,0.0,1.4406163548948,850.2026286270034,False,settled
b,blue_ramp,ramp,0.0,1.4,0.0,1.692883513943877,790.4117567720427,False,settled
b,blue_ramp,ramp,0.0,1.4,0.0,0.9319122215647169,1018.6841661841062,False,settled
b,blue_ramp,ramp,0.0,1.4,0.0,1.3739070489599012,872.2702447602018,False,settled
b,blue_ramp,ramp,0.0,1.4,0.0,0.9767598847326721,997.2870465887756,False,settled
b,blue_ramp,ramp,0.0,1.4,0.0,0.8912672666668277,1030.6815868500612,False,settled
b,blue_ramp,ramp,0.0,1.4,0.0,0.7038746953047691,1108.735805876419,False,settled
b,blue_ramp,ramp,0.0,1.4,0.0,0.7144952225074958,1104.0208510461323,False,settled
b,blue_ramp,ramp,0.0,1.4,0.0,0.7639808822669965,1076.7434411111722,False,settled
b,blue_ramp,ramp,0.0,1.4,0.0,1.66340008358663,800.4094828352864,False,settled
b,blue_ramp,ramp,0.0,1.4,0.0,1.217097554212859,913.6734202274578,False,settled
b,blue_ramp,ramp,0.0,1.4,0.0,0.8491773780655506,1038.8206004784784,False,settled
b,blue_ramp,ramp,0.0,1.4,0.0,0.9618200487646581,998.2327690847688,False,settled
b,blue_ramp,ramp,0.0,1.4,0.0,1.1721712189221192,929.0427407422286,False,settled
b,blue_ramp,ramp,0.0,1.4,0.0,1.1621036018921103,937.4258693899201,False,settled
b,blue_ramp,ramp,0.0,1.4,0.0,0.7262883423043159,1094.9579279717266,False,settled
b,blue_ramp,ramp,0.0,1.4,0.0,0.7210203465853158,1102.6656616876367,False,settled
b,blue_ramp,ramp,0.0,1.4,0.0,1.657662880229557,802.1076190556748,False,settled
b,blue_ramp,ramp,0.0,1.4,0.0,1.5322593992252993,833.1073950864297,False,settled
b,blue_ramp,ramp,0.0,1.4,0.0,1.3514686225610664,878.3256320850344,False,settled
b,blue_ramp,ramp,0.0,1.4,0.0,1.2825878530264763,895.942852713029,False,settled
b,blue_ramp,ramp,0.0,1.4,0.0,0.8705708449749832,1033.8028698165867,False,settled
b,blue_ramp,ramp,0.0,1.4,0.0,0.9871006046172397,989.4207076533638,False,settled
b,blue_ramp,ramp,0.0,1.4,0.0,1.2714741585950717,899.5326319186165,False,settled
b,blue_ramp,ramp,0.0,1.4,0.0,1.1178608468090152,949.839591410924,False,settled
b,blue_ramp,ramp,0.0,1.4,0.0,1.0677596469189634,967.1216215035228,False,settled
b,blue_ramp,ramp,0.0,1.4,0.0,1.6722682281011965,799.2341838311643,False,settled
b,blue_ramp,ramp,0.0,1.4,0.0,1.0146917456439573,987.6189424084354,False,settled
b,blue_ramp,ramp,0.0,1.4,0.0,0.9799818202112895,994.743182432928,False,settled
b,blue_ramp,ramp,0.0,1.4,0.0,1.0967543638434865,958.5465601040572,False,settled
b,blue_ramp,ramp,0.0,1.4,0.0,1.0195398424112514,983.6343154654204,False,settled
b,blue_ramp,ramp,0.0,1.4,0.0,1.2713009934882267,899.6930332373279,False,settled
b,blue_ramp,ramp,0.0,1.4,0.0,1.2736260090841898,897.5731659979645,False,settled
b,blue_ramp,ramp,0.0,1.4,0.0,1.4036321290952833,859.8708397156621,False,settled
b,blue_ramp,ramp,0.0,1.4,0.0,1.0943985263553646,960.5364608793524,False,settled
b,blue_ramp,ramp,0.0,1.4,0.0,0.6943809632882733,1103.4315619459878,False,settled
b,blue_ramp,ramp,0.0,1.4,0.0,1.0001019698085163,985.460991191624,False,settled
b,blue_ramp,ramp,0.0,1.4,0.0,0.7752430717491083,1068.972356693561,False,settled
b,blue_ramp,ramp,0.0,1.4,0.0,1.6112716009320938,812.9623842513143,False,settled
b,blue_ramp,ramp,0.0,1.4,0.0,1.5565701479523806,827.0576364272785,False,settled
b,blue_ramp,ramp,0.0,1.4,0.0,0.9332040364429549,1018.4414504566739,False,settled
b,blue_ramp,ramp,0.0,1.4,0.0,1.1509875561002254,936.815931523368,False,settled
b,blue_ramp,ramp,0.0,1.4,0.0,1.1744578141335054,927.0058057464285,False,settled
b,blue_ramp,ramp,0.0,1.4,0.0,0.7542623864700003,1077.9496231201779,False,settled
b,blue_ramp,ramp,0.0,1.4,0.0,0.8347225105213356,1049.933434684242,False,settled
b,blue_ramp,ramp,0.0,1.4,0.0,0.7512451386938516,1081.895295242333,False,settled
b,blue_ramp,ramp,0.0,1.4,0.0,1.529220003464771,833.9263797802196,False,settled
b,blue_ramp,ramp,0.0,1.4,0.0,0.6951208319680973,1111.8712741893594,False,settled
b,blue_ramp,ramp,0.0,1.4,0.0,1.1997354414293855,920.9088505062962,False,settled
b,blue_ramp,ramp,0.0,1.4,0.0,1.3998927672011718,861.7752692533925,False,settled
b,blue_ramp,ramp,0.0,1.4,0.0,1.3103934624525695,890.3532609691257,False,settled
b,blue_ramp,ramp,0.0,1.4,0.0,0.711439486412337,1094.2552893197999,False,settled
b,blue_ramp,ramp,0.0,1.4,0.0,0.7465935280177018,1084.2293982246756,False,settled
b,blue_ramp,ramp,0.0,1.4,0.0,1.4248298936207016,858.2389646534821,False,settled
b,blue_ramp,ramp,0.0,1.4,0.0,0.7450260414646691,1084.4724379742834,False,settled
b,blue_ramp,ramp,0.0,1.4,0.0,0.7821298204512626,1077.8811961673048,False,settled
b,blue_ramp,ramp,0.0,1.4,0.0,1.0176218773324777,985.2034241248741,False,settled
b,blue_ramp,ramp,0.0,1.4,0.0,0.9290404994679076,1019.2237224462928,False,settled
b,blue_ramp,ramp,0.0,1.4,0.0,1.2094760373997686,920.1862675388556,False,settled
b,blue_ramp,ramp,0.0,1.4,0.0,1.1227375822805066,946.0244597081902,False,settled
b,blue_ramp,ramp,0.0,1.4,0.0,1.0002789960812204,985.4240539793893,False,settled
b,blue_ramp,ramp,0.0,1.4,0.0,1.0937256583092716,961.1049370201087,False,settled
b,blue_ramp,ramp,0.0,1.4,0.0,1.1046296067066737,952.1822639419773,False,settled
b,blue_ramp,ramp,0.0,1.4,0.0,0.861937589283876,1035.1545784425277,False,settled
b,blue_ramp,ramp,0.0,1.4,0.0,1.3360035612294772,882.0334928802974,False,settled
b,blue_ramp,ramp,0.0,1.4,0.0,1.1515332703715535,936.6557885950187,False,settled
b,blue_ramp,ramp,0.0,1.4,0.0,0.9459394591196788,1010.6665285425485,False,settled
b,blue_ramp,ramp,0.0,1.4,0.0,1.0465967837158812,971.7013196001712,False,settled
b,blue_ramp,ramp,0.0,1.4,0.0,0.7817995886435014,1078.1414880613029,False,settled
b,blue_ramp,ramp,0.0,1.4,0.0,1.3366895174732265,881.3596283562332,False,settled
b,blue_ramp,ramp,0.0,1.4,0.0,1.0226864304900332,981.0601075628489,False,settled
b,blue_ramp,ramp,0.0,1.4,0.0,1.257137097579143,905.8555413690913,False,settled
b,blue_ramp,ramp,0.0,1.4,0.0,0.7113369896757685,1109.1524511318914,False,settled
b,blue_ramp,ramp,0.0,1.4,0.0,0.7230334187546538,1091.2469922506937,False,settled
b,blue_ramp,ramp,0.0,1.4,0.0,0.9019426456703131,1022.2032945779354,False,settled
b,blue_ramp,ramp,0.0,1.4,0.0,0.6950185448487008,1108.6962086724532,False,settled
b,blue_ramp,ramp,0.0,1.4,0.0,1.5784469113762893,821.084240967749,False,settled
b,blue_ramp,ramp,0.0,1.4,0.0,0.847531655342855,1039.9931955447369,False,settled
b,blue_ramp,ramp,0.0,1.4,0.0,1.251406945011704,904.0847019568802,False,settled
b,blue_ramp,ramp,0.0,1.4,0.0,1.521554277973177,835.2875829788775,False,settled
b,blue_ramp,ramp,0.0,1.4,0.0,0.7494162677978552,1088.078300499962,False,settled
b,blue_ramp,ramp,0.0,1.4,0.0,1.306017152326688,887.5227009062501,False,settled
b,blue_ramp,ramp,0.0,1.4,0.0,0.8405862776301486,1045.3608131532733,False,settled
b,blue_ramp,ramp,0.0,1.4,0.0,1.4766582904682934,847.7420906961486,False,settled
b,blue_ramp,ramp,0.0,1.4,0.0,1.3994877828210714,861.9834552177289,False,settled
b,blue_ramp,ramp,0.0,1.4,0.0,0.9738191403640059,999.5783512636837,False,settled
b,blue_ramp,ramp,0.0,1.4,0.0,1.0037191273425303,984.7835606730681,False,settled
b,blue_ramp,ramp,0.0,1.4,0.0,0.7593657588949115,1077.5237489971967,False,settled
b,blue_ramp,ramp,0.0,1.4,0.0,1.570755956628077,824.3139157192976,False,settled
b,blue_ramp,ramp,0.0,1.4,0.0,0.8177454263011128,1063.0287270916438,False,settled
b,blue_ramp,ramp,0.0,1.4,0.0,0.7906468426710792,1072.7019555424051,False,settled
b,blue_ramp,ramp,0.0,1.4,0.0,0.6874667199308715,1106.9707657634415,False,settled
b,blue_ramp,ramp,0.0,1.4,0.0,1.1821441044605905,928.3873950959378,False,settled
b,blue_ramp,ramp,0.0,1.4,0.0,1.5470699545683715,828.5125886790536,False,settled
b,blue_ramp,ramp,0.0,1.4,0.0,1.6504004259678722,803.7182521770936,False,settled
b,blue_ramp,ramp,0.0,1.4,0.0,0.8044940731027971,1057.0589742379166,False,settled
b,blue_ramp,ramp,0.0,1.4,0.0,0.7221269024002503,1104.4007864803812,False,settled
b,blue_ramp,ramp,0.0,1.4,0.0,0.7186904503498833,1098.9426678878092,False,settled
b,blue_ramp,ramp,0.0,1.4,0.0,1.39866172782557,862.9212776242559,False,settled
b,blue_ramp,ramp,0.0,1.4,0.0,1.4451041606634227,849.6696656083845,False,settled
b,blue_ramp,ramp,0.0,1.4,0.0,1.042899359962715,974.731113617962,False,settled
b,blue_ramp,ramp,0.0,1.4,0.0,0.8649962805165804,1034.6132382871647,False,settled
b,blue_ramp,ramp,0.0,1.4,0.0,0.8171645630123551,1063.491034400781,False,settled
b,blue_ramp,ramp,0.0,1.4,0.0,1.4615609320848557,848.2864542965568,False,settled
b,blue_ramp,ramp,0.0,1.4,0.0,1.0307236716230728,974.7931262225025,False,settled
b,blue_ramp,ramp,0.0,1.4,0.0,0.9714859241834863,1001.4693277719284,False,settled
b,blue_ramp,ramp,0.0,1.4,0.0,1.3901864152373071,866.2705309737986,False,settled
b,blue_ramp,ramp,0.0,1.4,0.0,1.1471676205473205,937.9369484591242,False,settled
b,blue_ramp,ramp,0.0,1.4,0.0,1.6356897327486393,807.9225238965038,False,settled
b,blue_ramp,ramp,0.0,1.4,0.0,1.2644692849753727,906.0265837192425,False,settled
b,blue_ramp,ramp,0.0,1.4,0.0,1.2240980461930577,915.7961383572622,False,settled
b,blue_ramp,ramp,0.0,1.4,0.0,1.6065597245184182,814.7819398497018,False,settled
b,blue_ramp,ramp,0.0,1.4,0.0,1.1808845413602378,929.4869605956608,False,settled
b,blue_ramp,ramp,0.0,1.4,0.0,1.5592288707254103,826.080093099803,False,settled
b,blue_ramp,ramp,0.0,1.4,0.0,0.9728692983200626,1000.3462560638578,False,settled
b,blue_ramp,ramp,0.0,1.4,0.0,0.9775466696596926,996.6667123437168,False,settled
b,blue_ramp,ramp,0.0,1.4,0.0,0.9049046064312536,1019.9015554100023,False,settled
b,blue_ramp,ramp,0.0,1.4,0.0,0.9449874735556042,1011.436706306116,False,settled
b,blue_ramp,ramp,0.0,1.4,0.0,1.0726349899914316,965.8744320843981,False,settled
b,blue_ramp,ramp,0.0,1.4,0.0,1.015445371535257,986.9974486127358,False,settled
b,blue_ramp,ramp,0.0,1.4,0.0,0.7492567063686756,1088.0100492287374,False,settled
b,blue_ramp,ramp,0.0,1.4,0.0,1.6355250133668222,808.3744150991536,False,settled
b,blue_ramp,ramp,0.0,1.4,0.0,1.2803438259703033,898.0371201596307,False,settled
b,blue_ramp,ramp,0.0,1.4,0.0,0.7174385595090566,1094.7522693718504,False,settled
b,blue_ramp,ramp,0.0,1.4,0.0,0.8328385185870144,1051.406994977409,False,settled
b,blue_ramp,ramp,0.0,1.4,0.0,1.529085795415675,834.1299208090671,False,settled
b,blue_ramp,ramp,0.0,1.4,0.0,0.7963233620679251,1071.9534996380185,False,settled
b,blue_ramp,ramp,0.0,1.4,0.0,1.5568310462158426,826.6308513090656,False,settled
b,blue_ramp,ramp,0.0,1.4,0.0,1.4658567545748855,849.3978926500712,False,settled
b,blue_ramp,ramp,0.0,1.4,0.0,1.3238991570621035,887.9203334057503,False,settled
b,blue_ramp,ramp,0.0,1.4,0.0,1.2228783579990024,916.223188956724,False,settled
b,blue_ramp,ramp,0.0,1.4,0.0,1.4053223039665776,863.7194310761449,False,settled
b,blue_ramp,ramp,0.0,1.4,0.0,1.3975297172786723,864.0209706972399,False,settled
b,blue_ramp,ramp,0.0,1.4,0.0,1.5592882554797782,825.9810730636233,False,settled
b,blue_ramp,ramp,0.0,1.4,0.0,0.9578787605538948,1001.0878900820497,False,settled
b,blue_ramp,ramp,0.0,1.4,0.0,0.6885736998139859,1119.0016739775517,False,settled
b,blue_ramp,ramp,0.0,1.4,0.0,1.2621804446640985,901.3234886289583,False,settled
b,blue_ramp,ramp,0.0,1.4,0.0,0.7613509580130515,1077.9028593533678,False,settled
b,blue_ramp,ramp,0.0,1.4,0.0,0.913886602443732,1025.1312093421477,False,settled
b,blue_ramp,ramp,0.0,1.4,0.0,1.3484261521833796,875.8944395592026,False,settled
b,blue_ramp,ramp,0.0,1.4,0.0,0.8618106082101191,1035.1002426263065,False,settled
b,blue_ramp,ramp,0.0,1.4,0.0,1.4312102877306454,855.8646924132687,False,settled
b,blue_ramp,ramp,0.0,1.4,0.0,1.3147809436810538,888.4982608443091,False,settled
b,blue_ramp,ramp,0.0,1.4,0.0,1.35264772742534,877.1435209629341,False,settled
b,blue_ramp,ramp,0.0,1.4,0.0,0.7668873959450887,1074.9699941734407,False,settled
b,blue_ramp,ramp,0.0,1.4,0.0,0.8919257404251427,1030.1570534474101,False,settled
b,blue_ramp,ramp,0.0,1.4,0.0,1.3297673024173609,882.1810471602447,False,settled
b,blue_ramp,ramp,0.0,1.4,0.0,1.0713953998005052,966.1915389391551,False,settled
b,blue_ramp,ramp,0.0,1.4,0.0,1.557950760686896,825.979603036879,False,settled
b,blue_ramp,ramp,0.0,1.4,0.0,0.9109012212549921,1015.413541351597,False,settled
b,blue_ramp,ramp,0.0,1.4,0.0,1.2402373446588333,907.0450286632273,False,settled
b,blue_ramp,ramp,0.0,1.4,0.0,1.3340436530032156,883.9744590931482,False,settled
b,blue_ramp,ramp,0.0,1.4,0.0,1.2065063115407422,922.7671458226982,False,settled
b,blue_ramp,ramp,0.0,1.4,0.0,1.4297991404707655,852.9916140055053,False,settled
b,blue_ramp,ramp,0.0,1.4,0.0,0.9201919771735757,1020.8867293117625,False,settled
b,blue_ramp,ramp,0.0,1.4,0.0,0.9069204068183715,1018.4346901747554,False,settled
b,blue_ramp,ramp,0.0,1.4,0.0,1.5476186059887287,828.9017149878138,False,settled
b,blue_ramp,ramp,0.0,1.4,0.0,0.8939562972704679,1028.539954167095,False,settled
b,blue_ramp,ramp,0.0,1.4,0.0,1.0010759724411846,985.2577615952006,False,settled
b,blue_ramp,ramp,0.0,1.4,0.0,1.2995944224420835,893.2356001163824,False,settled
b,blue_ramp,ramp,0.0,1.4,0.0,0.8414122558686999,1044.7197228250968,False,settled
b,blue_ramp,ramp,0.0,1.4,0.0,1.0661028138589481,967.5454651632122,False,settled
b,blue_ramp,ramp,0.0,1.4,0.0,1.2126656470420465,917.4069625239838,False,settled
b,blue_ramp,ramp,0.0,1.4,0.0,0.8061720891725167,1056.9394907404842,False,settled
b,blue_ramp,ramp,0.0,1.4,0.0,1.0033071357471837,984.8695110613454,False,settled
b,blue_ramp,ramp,0.0,1.4,0.0,0.9450423919527463,1011.3922002296857,False,settled
b,blue_ramp,ramp,0.0,1.4,0.0,1.010703313987875,980.6927552478743,False,settled
b,blue_ramp,ramp,0.0,1.4,0.0,0.7667493495747396,1075.0552796303268,False,settled
b,blue_ramp,ramp,0.0,1.4,0.0,0.7973172210400001,1071.822594828618,False,settled
b,blue_ramp,ramp,0.0,1.4,0.0,0.7066838800939986,1107.2489319559738,False,settled
b,blue_ramp,ramp,0.0,1.4,0.0,1.4741899932581275,846.7962819687541,False,settled
b,blue_ramp,ramp,0.0,1.4,0.0,1.1771580124553627,932.5042961947682,False,settled
b,blue_ramp,ramp,0.0,1.4,0.0,1.0313022682595752,974.327026801649,False,settled
b,blue_ramp,ramp,0.0,1.4,0.0,0.7083521650720558,1098.0853342188846,False,settled
b,blue_ramp,ramp,0.0,1.4,0.0,0.8920613695884655,1030.0490588530686,False,settled
b,blue_ramp,ramp,0.0,1.4,0.0,1.674234485932612,797.8304092626371,False,settled
b,blue_ramp,ramp,0.0,1.4,0.0,1.242704668517468,911.9878582265784,False,settled
b,blue_ramp,ramp,0.0,1.4,0.0,1.4609650978075581,849.4058464560886,False,settled
b,blue_ramp,ramp,0.0,1.4,0.0,1.5798203062558485,820.7793839373953,False,settled
b,blue_ramp,ramp,0.0,1.4,0.0,1.6624543861954937,801.4101574493865,False,settled
b,blue_ramp,ramp,0.0,1.4,0.0,0.697444760223691,1105.1038917426565,False,settled
b,blue_ramp,ramp,0.0,1.4,0.0,1.5827860078810352,819.5119184289855,False,settled
b,blue_ramp,ramp,0.0,1.4,0.0,1.5300521075514284,832.7337567606262,False,settled
b,blue_ramp,ramp,0.0,1.4,0.0,1.498604982413588,842.0511560582786,False,settled
b,blue_ramp,ramp,0.0,1.4,0.0,0.8911798227741996,1030.7512297694063,False,settled
b,blue_ramp,ramp,0.0,1.4,0.0,0.9028502983168716,1021.4857318251833,False,settled
b,blue_ramp,ramp,0.0,1.4,0.0,0.7031610736068665,1104.9764258496828,False,settled
b,blue_ramp,ramp,0.0,1.4,0.0,1.6561323999394895,802.4422533287643,False,settled
b,blue_ramp,ramp,0.0,1.4,0.0,1.2677587236371277,902.976777074775,False,settled
b,blue_ramp,ramp,0.0,1.4,0.0,0.7439132314634994,1089.6449361440584,False,settled
b,blue_ramp,ramp,0.0,1.4,0.0,1.347175612354627,877.1235058883443,False,settled
b,blue_ramp,ramp,0.0,1.4,0.0,0.8473154188672005,1040.156734709795,False,settled
b,blue_ramp,ramp,0.0,1.4,0.0,1.0410387835480204,976.2669961244485,False,settled
b,blue_ramp,ramp,0.0,1.4,0.0,0.8930103406647861,1029.2934230310968,False,settled
b,blue_ramp,ramp,0.0,1.4,0.0,1.1136279669896463,953.428263346974,False,settled
b,blue_ramp,ramp,0.0,1.4,0.0,1.4631012678756272,846.4508707233853,False,settled
b,blue_ramp,ramp,0.0,1.4,0.0,0.8053104636273443,1056.9642331275888,False,settled
b,blue_ramp,ramp,0.0,1.4,0.0,1.33013125288122,881.8259092900918,False,settled
b,blue_ramp,ramp,0.0,1.4,0.0,1.1369870796374208,942.9272121915592,False,settled
b,blue_ramp,ramp,0.0,1.4,0.0,1.6422308601867774,805.9147439510366,False,settled
b,blue_ramp,ramp,0.0,1.4,0.0,0.9421256564224991,1013.755906373313,False,settled
b,blue_ramp,ramp,0.0,1.4,0.0,1.129908779296428,948.6980738922506,False,settled
b,blue_ramp,ramp,0.0,1.4,0.0,1.3433897932416277,880.6138760467112,False,settled
b,blue_ramp,ramp,0.0,1.4,0.0,0.7641527154271515,1076.645149474774,False,settled
b,blue_ramp,ramp,0.0,1.4,0.0,0.936658552114077,1006.3292426702563,False,settled
b,blue_ramp,ramp,0.0,1.4,0.0,1.091593264129251,953.8301188628304,False,settled
b,blue_ramp,ramp,0.0,1.4,0.0,0.8428969208180035,1043.5676797496533,False,settled
b,blue_ramp,ramp,0.0,1.4,0.0,0.9247138917894041,1020.036901567703,False,settled
b,blue_ramp,ramp,0.0,1.4,0.0,1.460324173010001,845.3983638714866,False,settled
b,blue_ramp,ramp,0.0,1.4,0.0,1.4697529947092995,847.8109952543275,False,settled
b,blue_ramp,ramp,0.0,1.4,0.0,0.7638267142574517,1076.8280416246118,False,settled
b,blue_ramp,ramp,0.0,1.4,0.0,0.8581653244220814,1035.644349265164,False,settled
b,blue_ramp,ramp,0.0,1.4,0.0,1.3180755240034185,887.1119130848216,False,settled
b,blue_ramp,ramp,0.0,1.4,0.0,0.8479014380899158,1039.7064265929903,False,settled
b,blue_ramp,ramp,0.0,1.4,0.0,1.431862841600579,855.3836487665728,False,settled
b,blue_ramp,ramp,0.0,1.4,0.0,1.115875605186587,951.5166828419013,False,settled
b,blue_ramp,ramp,0.0,1.4,0.0,1.2851204608477085,893.6221533150956,False,settled
b,blue_ramp,ramp,0.0,1.4,0.0,0.7853593675718175,1075.3358298216222,False,settled
b,blue_ramp,ramp,0.0,1.4,0.0,0.9166494604584262,1022.9405505372073,False,settled
b,blue_ramp,ramp,0.0,1.4,0.0,0.9182121139717785,1021.7024971965409,False,settled
b,blue_ramp,ramp,0.0,1.4,0.0,0.9910085078072147,987.4747826948217,False,settled
b,blue_ramp,ramp,0.0,1.4,0.0,1.689592218064758,791.0851017186712,False,settled
b,blue_ramp,ramp,0.0,1.4,0.0,1.0462825345803397,971.9585879341197,False,settled
b,blue_ramp,ramp,0.0,1.4,0.0,0.8151767549815786,1051.5051252788937,False,settled
b,blue_ramp,ramp,0.0,1.4,0.0,1.0626277298153766,968.6576244547456,False,settled
b,blue_ramp,ramp,0.0,1.4,0.0,1.066654139061263,967.4044275638119,False,settled
b,blue_ramp,ramp,0.0,1.4,0.0,1.2733856464719806,897.7941031070699,False,settled
b,blue_ramp,ramp,0.0,1.4,0.0,1.1127470021279344,954.178592591597,False,settled
b,blue_ramp,ramp,0.0,1.4,0.0,0.7451036616064567,1084.2049323094727,False,settled
b,blue_ramp,ramp,0.0,1.4,0.0,1.0436098022961526,974.1472522868553,False,settled
b,blue_ramp,ramp,0.0,1.4,0.0,1.6061504142760674,814.8040285343934,False,settled
b,blue_ramp,ramp,0.0,1.4,0.0,1.1145709662280594,952.6250905045322,False,settled
b,blue_ramp,ramp,0.0,1.4,0.0,1.0590813872410456,971.5608883429494,False,settled
b,blue_ramp,ramp,0.0,1.4,0.0,1.4234397094103446,855.2324624364968,False,settled
b,blue_ramp,ramp,0.0,1.4,0.0,1.3039453250268693,889.23456230239,False,settled
b,blue_ramp,ramp,0.0,1.4,0.0,1.6093990246490655,814.3025339797283,False,settled
b,blue_ramp,ramp,0.0,1.4,0.0,1.2320147837727524,913.024978897724,False,settled
b,blue_ramp,ramp,0.0,1.4,0.0,0.7533001189641532,1080.6706505828506,False,settled
b,blue_ramp,ramp,0.0,1.4,0.0,0.9898007575943286,987.731149173884,False,settled
b,blue_ramp,ramp,0.0,1.4,0.0,1.1194735015146189,948.7325261093022,False,settled
b,blue_ramp,ramp,0.0,1.4,0.0,0.7901003292613756,1072.773970630849,False,settled
b,blue_ramp,ramp,0.0,1.4,0.0,0.9300351965545159,1019.0368334723754,False,settled
b,blue_ramp,ramp,0.0,1.4,0.0,0.7117123018341637,1095.8641882786715,False,settled
b,blue_ramp,ramp,0.0,1.4,0.0,1.6809732124213632,795.4664028794848,False,settled
b,blue_ramp,ramp,0.0,1.4,0.0,1.5922029937746507,817.8341141094637,False,settled
b,blue_ramp,ramp,0.0,1.4,0.0,1.365482087479342,875.4225077580949,False,settled
b,blue_ramp,ramp,0.0,1.4,0.0,1.308477247784683,891.1849625840562,False,settled
b,blue_ramp,ramp,0.0,1.4,0.0,1.6635207409992885,801.6390321599886,False,settled
b,blue_ramp,ramp,0.0,1.4,0.0,1.250991202262666,904.461381308523,False,settled
b,blue_ramp,ramp,0.0,1.4,0.0,0.8950291567662407,1027.6856247366784,False,settled
b,blue_ramp,ramp,0.0,1.4,0.0,1.4847340293785196,846.0329745905325,False,settled
b,blue_ramp,ramp,0.0,1.4,0.0,1.421862291852084,856.9491826269524,False,settled
b,blue_ramp,ramp,0.0,1.4,0.0,1.0473982307762377,971.330027809414,False,settled
b,blue_ramp,ramp,0.0,1.4,0.0,0.9499988234155173,1007.4025544510147,False,settled
b,blue_ramp,ramp,0.0,1.4,0.0,1.2228315544475903,916.2395750146318,False,settled
b,blue_ramp,ramp,0.0,1.4,0.0,0.7905901043073389,1072.7094314373685,False,settled
b,blue_ramp,ramp,0.0,1.4,0.0,1.1056264288685187,951.3465010682725,False,settled
b,blue_ramp,ramp,0.0,1.4,0.0,1.1899432761062756,929.2803336319329,False,settled
b,blue_ramp,ramp,0.0,1.4,0.0,0.9936847797247307,986.809115818364,False,settled
b,blue_ramp,ramp,0.0,1.4,0.0,0.704573095386302,1112.6496848123213,False,settled
b,blue_ramp,ramp,0.0,1.4,0.0,1.589292216806381,819.5500589594684,False,settled
b,blue_ramp,ramp,0.0,1.4,0.0,0.817821878408603,1062.9678750599712,False,settled
b,blue_ramp,ramp,0.0,1.4,0.0,1.5444143158793981,829.0876207961427,False,settled
b,blue_ramp,ramp,0.0,1.4,0.0,0.847355010579924,1040.126026202565,False,settled
b,blue_ramp,ramp,0.0,1.4,0.0,0.9785189619401545,995.8999356259646,False,settled
b,blue_ramp,ramp,0.0,1.4,0.0,0.7231029643565884,1091.3754191690678,False,settled
b,blue_ramp,ramp,0.0,1.4,0.0,0.7064101563106995,1106.0140373862184,False,settled
b,blue_ramp,ramp,0.0,1.4,0.0,0.7118694155865153,1096.4641638716637,False,settled
b,blue_ramp,ramp,0.0,1.4,0.0,0.976892935706712,997.1821444612842,False,settled
b,blue_ramp,ramp,0.0,1.4,0.0,1.1277897443727,941.9061732316458,False,settled
b,blue_ramp,ramp,0.0,1.4,0.0,1.1085142549053408,948.9434185014574,False,settled
b,blue_ramp,ramp,0.0,1.4,0.0,1.544887919226351,828.4276292701925,False,settled
b,blue_ramp,ramp,0.0,1.4,0.0,1.0289986938021543,976.2710611180709,False,settled
b,blue_ramp,ramp,0.0,1.4,0.0,0.7550577391680787,1077.4804326061403,False,settled
b,blue_ramp,ramp,0.0,1.4,0.0,1.4769909136898178,847.3227830674498,False,settled
b,blue_ramp,ramp,0.0,1.4,0.0,0.9493017296926166,1007.9629606777738,False,settled
b,blue_ramp,ramp,0.0,1.4,0.0,1.1608767477767916,938.4927119076683,False,settled
b,blue_ramp,ramp,0.0,1.4,0.0,1.0658338889790622,967.614460551488,False,settled
b,blue_ramp,ramp,0.0,1.4,0.0,1.1101271885136912,947.6114785834684,False,settled
b,blue_ramp,ramp,0.0,1.4,0.0,1.2128674203462535,917.2307014682506,False,settled
b,blue_ramp,ramp,0.0,1.4,0.0,1.215862152729547,914.6395421702898,False,settled
b,blue_ramp,ramp,0.0,1.4,0.0,1.2207134206934067,917.8628759625659,False,settled
b,blue_ramp,ramp,0.0,1.4,0.0,1.2145675167333116,915.8372097154198,False,settled
b,blue_ramp,ramp,0.0,1.4,0.0,1.1886372582684221,922.7661526427922,False,settled
b,blue_ramp,ramp,0.0,1.4,0.0,1.3629394181012544,872.7844434151024,False,settled
b,blue_ramp,ramp,0.0,1.4,0.0,1.266718827957352,903.9407540753223,False,settled
b,blue_ramp,ramp,0.0,1.4,0.0,1.46623575874373,847.0419728758942,False,settled
b,blue_ramp,ramp,0.0,1.4,0.0,1.3684314330759901,872.4056687868707,False,settled
b,blue_ramp,ramp,0.0,1.4,0.0,0.9336105464943633,1018.3650721063055,False,settled
b,blue_ramp,ramp,0.0,1.4,0.0,1.5733184044533375,823.0990761164688,False,settled
b,blue_ramp,ramp,0.0,1.4,0.0,1.228397941062558,914.2906444759077,False,settled
b,blue_ramp,ramp,0.0,1.4,0.0,1.2419580917936859,912.6703912353132,False,settled
b,blue_ramp,ramp,0.0,1.4,0.0,1.5636958580997402,825.3542151074948,False,settled
b,blue_ramp,ramp,0.0,1.4,0.0,1.5310056208791416,831.7778553944723,False,settled
b,blue_ramp,ramp,0.0,1.4,0.0,1.3359861625598757,882.0507110282069,False,settled
b,blue_ramp,ramp,0.0,1.4,0.0,1.5972523836016528,816.9097695816602,False,settled
b,blue_ramp,ramp,0.0,1.4,0.0,1.2881443387125,897.3626444798974,False,settled
b,blue_ramp,ramp,0.0,1.4,0.0,1.6644387627040265,800.7597538761497,False,settled
b,blue_ramp,ramp,0.0,1.4,0.0,1.3932179071779751,863.3791478525961,False,settled
b,blue_ramp,ramp,0.0,1.4,0.0,0.8858253462097345,1035.0329163520157,False,settled
b,blue_ramp,ramp,0.0,1.4,0.0,1.2055885667594084,923.5648177975711,False,settled
b,blue_ramp,ramp,0.0,1.4,0.0,1.0668708219159109,967.3489966931588,False,settled
b,blue_ramp,ramp,0.0,1.4,0.0,0.8374173848004474,1047.8259619720213,False,settled
b,blue_ramp,ramp,0.0,1.4,0.0,1.2130483402105066,917.0728393894522,False,settled
b,blue_ramp,ramp,0.0,1.4,0.0,1.052522219796421,967.261139119509,False,settled
b,blue_ramp,ramp,0.0,1.4,0.0,1.0148374659522978,987.4987713615008,False,settled
b,blue_ramp,ramp,0.0,1.4,0.0,1.207755251541025,921.6815227487897,False,settled
b,blue_ramp,ramp,0.0,1.4,0.0,1.661718192496898,801.4881584515912,False,settled
b,blue_ramp,ramp,0.0,1.4,0.0,1.1906107694459256,928.6910284664706,False,settled
b,blue_ramp,ramp,0.0,1.4,0.0,0.8186699873723517,1062.2927608184132,False,settled
b,blue_ramp,ramp,0.0,1.4,0.0,1.6617949522178364,801.5591132004705,False,settled
b,blue_ramp,ramp,0.0,1.4,0.0,0.9244546515200737,1020.0856172688168,False,settled
b,blue_ramp,ramp,0.0,1.4,0.0,1.5347214824511173,833.1037414119778,False,settled
b,blue_ramp,ramp,0.0,1.4,0.0,1.0022042504234685,985.0998140062758,False,settled
b,blue_ramp,ramp,0.0,1.4,0.0,0.7919359996420201,1072.532144509952,False,settled
b,blue_ramp,ramp,0.0,1.4,0.0,1.0740778115807177,965.5079095305854,False,settled
b,blue_ramp,ramp,0.0,1.4,0.0,1.4628190394914589,846.7851944804675,False,settled
b,blue_ramp,ramp,0.0,1.4,0.0,1.2275117608310346,914.600991268936,False,settled
b,blue_ramp,ramp,0.0,1.4,0.0,1.4601036986329643,845.6582659817797,False,settled
b,blue_ramp,ramp,0.0,1.4,0.0,1.304044272883278,889.1415294357386,False,settled
b,blue_ramp,ramp,0.0,1.4,0.0,1.0046541727676042,984.5884894155341,False,settled
b,blue_ramp,ramp,0.0,1.4,0.0,0.7300693734878475,1097.5906476033965,False,settled
b,blue_ramp,ramp,0.0,1.4,0.0,1.1531106899424661,936.1984705536257,False,settled
b,blue_ramp,ramp,0.0,1.4,0.0,0.7552290183709255,1077.1322247314927,False,settled
b,blue_ramp,ramp,0.0,1.4,0.0,1.6660900220967068,801.1653981205486,False,settled
b,blue_ramp,ramp,0.0,1.4,0.0,0.7964434165315091,1071.9376765684772,False,settled
b,blue_ramp,ramp,0.0,1.4,0.0,0.9541940026249407,1004.029991835457,False,settled
b,blue_ramp,ramp,0.0,1.4,0.0,1.072080549991479,966.0162666051806,False,settled
b,blue_ramp,ramp,0.0,1.4,0.0,1.3612602085005765,874.1286681378664,False,settled
b,blue_ramp,ramp,0.0,1.4,0.0,0.7888153682818813,1073.1360379341556,False,settled
b,blue_ramp,ramp,0.0,1.4,0.0,1.6746321168213956,798.2214533201104,False,settled
b,blue_ramp,ramp,0.0,1.4,0.0,0.7468009368016889,1084.6737768157882,False,settled
b,blue_ramp,ramp,0.0,1.4,0.0,0.8269528101552275,1056.0022996442594,False,settled
b,blue_ramp,ramp,0.0,1.4,0.0,0.9216941334171029,1020.604151157519,False,settled
b,blue_ramp,ramp,0.0,1.4,0.0,0.7489536134604893,1087.8792697144486,False,settled
b,blue_ramp,ramp,0.0,1.4,0.0,0.9844368365057782,991.5917027072658,False,settled
b,blue_ramp,ramp,0.0,1.4,0.0,1.1137580260438082,953.3174897355616,False,settled
b,blue_ramp,ramp,0.0,1.4,0.0,0.9515173432012679,1006.1816601116639,False,settled
b,blue_ramp,ramp,0.0,1.4,0.0,1.2673727739169618,903.3345531179848,False,settled
b,blue_ramp,ramp,0.0,1.4,0.0,1.1994402863332514,921.1675397878569,False,settled
b,blue_ramp,ramp,0.0,1.4,0.0,1.5672145509751068,823.7894789904063,False,settled
b,blue_ramp,ramp,0.0,1.4,0.0,1.5274916807525707,834.1848754382306,False,settled
b,blue_ramp,ramp,0.0,1.4,0.0,1.3763314116707555,869.7852362647418,False,settled
b,blue_ramp,ramp,0.0,1.4,0.0,0.7260660420550147,1094.6128888749938,False,settled
b,blue_ramp,ramp,0.0,1.4,0.0,0.7944620885430304,1072.1988936959742,False,settled
b,blue_ramp,ramp,0.0,1.4,0.0,1.551960972912936,827.6416380302758,False,settled
b,blue_ramp,ramp,0.0,1.4,0.0,1.3563965735713017,873.6625047688352,False,settled
b,yellow_ramp,ramp,0.0,1.4,0.0,0.7900589865356494,905.4671605351834,False,settled
b,yellow_ramp,ramp,0.0,1.4,0.0,0.739676531619893,922.1845716775783,False,settled
b,yellow_ramp,ramp,0.0,1.4,0.0,0.2517382808003434,1100.010633468193,False,settled
b,yellow_ramp,ramp,0.0,1.4,0.0,0.5626383078242038,975.2686465930375,False,settled
b,yellow_ramp,ramp,0.0,1.4,0.0,0.9764426178744658,850.9800424661582,False,settled
b,yellow_ramp,ramp,0.0,1.4,0.0,0.464280236033671,1018.7089645367657,False,settled
b,yellow_ramp,ramp,0.0,1.4,0.0,0.5834158280939257,968.6179483530176,False,settled
b,yellow_ramp,ramp,0.0,1.4,0.0,0.2612361165383496,1095.1245284406032,False,settled
b,yellow_ramp,ramp,0.0,1.4,0.0,0.8442064068511571,889.7938458466532,False,settled
b,yellow_ramp,ramp,0.0,1.4,0.0,0.6956752213887765,936.4943499016588,False,settled
b,yellow_ramp,ramp,0.0,1.4,0.0,1.0288280324168477,841.1176848592528,False,settled
b,yellow_ramp,ramp,0.0,1.4,0.0,0.9279819963012632,865.9216547826275,False,settled
b,yellow_ramp,ramp,0.0,1.4,0.0,0.31650859815201093,1076.4005792298983,False,settled
b,yellow_ramp,ramp,0.0,1.4,0.0,0.31045490761227296,1066.902767813827,False,settled
b,yellow_ramp,ramp,0.0,1.4,0.0,0.4012662606448197,1034.0650630734858,False,settled
b,yellow_ramp,ramp,0.0,1.4,0.0,0.5936343087641203,969.8812818974294,False,settled
b,yellow_ramp,ramp,0.0,1.4,0.0,0.35263811102713655,1061.1283091897678,False,settled
b,yellow_ramp,ramp,0.0,1.4,0.0,0.878873572690442,877.6410954628825,False,settled
b,yellow_ramp,ramp,0.0,1.4,0.0,0.696703602631819,935.8520520098557,False,settled
b,yellow_ramp,ramp,0.0,1.4,0.0,1.2010590021998553,799.2444810330013,False,settled
b,yellow_ramp,ramp,0.0,1.4,0.0,0.5742199352897729,975.7047169614497,False,settled
b,yellow_ramp,ramp,0.0,1.4,0.0,0.4497789373075147,1022.441510260429,False,settled
b,yellow_ramp,ramp,0.0,1.4,0.0,0.2734028694454657,1087.0312387245121,False,settled
b,yellow_ramp,ramp,0.0,1.4,0.0,0.3459146541093608,1052.8333136993278,False,settled
b,yellow_ramp,ramp,0.0,1.4,0.0,0.45227164415954,1020.964909316351,False,settled
b,yellow_ramp,ramp,0.0,1.4,0.0,0.8758144699708451,880.6891197809301,False,settled
b,yellow_ramp,ramp,0.0,1.4,0.0,0.8416442147723416,890.8855767313769,False,settled
b,yellow_ramp,ramp,0.0,1.4,0.0,0.745089724256118,917.4732155916628,False,settled
b,yellow_ramp,ramp,0.0,1.4,0.0,0.9143269670960673,869.6268330031957,False,settled
b,yellow_ramp,ramp,0.0,1.4,0.0,0.3812871787677266,1039.0301983347808,False,settled
b,yellow_ramp,ramp,0.0,1.4,0.0,0.7473530760309444,915.5157117900269,False,settled
b,yellow_ramp,ramp,0.0,1.4,0.0,1.2141064534287709,794.3496118463559,False,settled
b,yellow_ramp,ramp,0.0,1.4,0.0,0.4621950019575181,1019.10075111752,False,settled
b,yellow_ramp,ramp,0.0,1.4,0.0,0.8451202971287428,889.40747026835,False,settled
b,yellow_ramp,ramp,0.0,1.4,0.0,0.946031594658179,860.946940846058,False,settled
b,yellow_ramp,ramp,0.0,1.4,0.0,0.625950543029081,961.3373436594917,False,settled
b,yellow_ramp,ramp,0.0,1.4,0.0,0.40250329333286644,1033.8851560347753,False,settled
b,yellow_ramp,ramp,0.0,1.4,0.0,0.9176163175307653,866.596360457712,False,settled
b,yellow_ramp,ramp,0.0,1.4,0.0,1.1318086261528248,816.8953386892057,False,settled
b,yellow_ramp,ramp,0.0,1.4,0.0,0.4814132401821371,1008.2752730375425,False,settled
b,yellow_ramp,ramp,0.0,1.4,0.0,1.128415487354289,816.6290890504121,False,settled
b,yellow_ramp,ramp,0.0,1.4,0.0,0.5104418984159061,996.355092887407,False,settled
b,yellow_ramp,ramp,0.0,1.4,0.0,1.0560383671454108,832.7119323619272,False,settled
b,yellow_ramp,ramp,0.0,1.4,0.0,0.25930052622213584,1095.0350216468712,False,settled
b,yellow_ramp,ramp,0.0,1.4,0.0,0.712474773341927,930.285036665499,False,settled
b,yellow_ramp,ramp,0.0,1.4,0.0,0.7055828296927367,928.182513202599,False,settled
b,yellow_ramp,ramp,0.0,1.4,0.0,1.1857119993366538,804.2113699297024,False,settled
b,yellow_ramp,ramp,0.0,1.4,0.0,1.2119569536007637,796.7771971871132,False,settled
b,yellow_ramp,ramp,0.0,1.4,0.0,0.8883235377207425,874.234033865376,False,settled
b,yellow_ramp,ramp,0.0,1.4,0.0,0.8226912239440833,895.5135303390659,False,settled
b,yellow_ramp,ramp,0.0,1.4,0.0,1.0803855998536271,830.685108269271,False,settled
b,yellow_ramp,ramp,0.0,1.4,0.0,0.45763985345805497,1019.9568559532606,False,settled
b,yellow_ramp,ramp,0.0,1.4,0.0,1.1875230390264557,803.4079469816697,False,settled
b,yellow_ramp,ramp,0.0,1.4,0.0,0.580812503645709,970.6172757792265,False,settled
b,yellow_ramp,ramp,0.0,1.4,0.0,0.2218109298313534,1108.7569499724239,False,settled
b,yellow_ramp,ramp,0.0,1.4,0.0,0.7583848825112314,915.1703849658498,False,settled
b,yellow_ramp,ramp,0.0,1.4,0.0,0.8646221481512999,880.2660143578222,False,settled
b,yellow_ramp,ramp,0.0,1.4,0.0,0.8894406452357426,873.2206054666296,False,settled
b,yellow_ramp,ramp,0.0,1.4,0.0,0.7852082818710315,903.0181262981978,False,settled
b,yellow_ramp,ramp,0.0,1.4,0.0,1.0666271880004925,832.7976658037943,False,settled
b,yellow_ramp,ramp,0.0,1.4,0.0,1.039633061175323,839.9693277658954,False,settled
b,yellow_ramp,ramp,0.0,1.4,0.0,0.8139901288004283,896.9673331287867,False,settled
b,yellow_ramp,ramp,0.0,1.4,0.0,1.0045485086064496,844.3957010186106,False,settled
b,yellow_ramp,ramp,0.0,1.4,0.0,1.1268892635472099,818.6927314184106,False,settled
b,yellow_ramp,ramp,0.0,1.4,0.0,0.35868169718832377,1056.6095347495414,False,settled
b,yellow_ramp,ramp,0.0,1.4,0.0,0.38930074173231005,1035.942625252459,False,settled
b,yellow_ramp,ramp,0.0,1.4,0.0,0.9770490341454996,850.3773298769964,False,settled
b,yellow_ramp,ramp,0.0,1.4,0.0,0.7429205870082711,919.3654510916137,False,settled
b,yellow_ramp,ramp,0.0,1.4,0.0,0.5475829655503797,987.2963150424156,False,settled
b,yellow_ramp,ramp,0.0,1.4,0.0,0.36917770879321327,1048.4044174623891,False,settled
b,yellow_ramp,ramp,0.0,1.4,0.0,0.9290375321702102,864.8085348873464,False,settled
b,yellow_ramp,ramp,0.0,1.4,0.0,1.2229273737377162,790.100936531355,False,settled
b,yellow_ramp,ramp,0.0,1.4,0.0,0.4170287367153801,1036.07305675941,False,settled
b,yellow_ramp,ramp,0.0,1.4,0.0,0.2948644920056089,1077.5289947423978,False,settled
b,yellow_ramp,ramp,0.0,1.4,0.0,1.156921019664134,810.2729899421162,False,settled
b,yellow_ramp,ramp,0.0,1.4,0.0,0.4760432206457047,1012.6071272722007,False,settled
b,yellow_ramp,ramp,0.0,1.4,0.0,1.1937123731281358,801.3943115333859,False,settled
b,yellow_ramp,ramp,0.0,1.4,0.0,0.9565304033671583,854.5932068714766,False,settled
b,yellow_ramp,ramp,0.0,1.4,0.0,0.8775522159953225,878.9576148648963,False,settled
b,yellow_ramp,ramp,0.0,1.4,0.0,0.8746614652241296,881.8379135605062,False,settled
b,yellow_ramp,ramp,0.0,1.4,0.0,0.8869621960177548,875.3247929399181,False,settled
b,yellow_ramp,ramp,0.0,1.4,0.0,0.8230153441226804,895.2156376814783,False,settled
b,yellow_ramp,ramp,0.0,1.4,0.0,1.1812386239085728,804.1003949444936,False,settled
b,yellow_ramp,ramp,0.0,1.4,0.0,0.6411727766344483,948.8116141844533,False,settled
b,yellow_ramp,ramp,0.0,1.4,0.0,0.5765991222398734,973.7465855817753,False,settled
b,yellow_ramp,ramp,0.0,1.4,0.0,0.6094062783794172,964.7945419064165,False,settled
b,yellow_ramp,ramp,0.0,1.4,0.0,0.8200577807660582,897.900722063435,False,settled
b,yellow_ramp,ramp,0.0,1.4,0.0,0.6464436200047868,953.1594157796918,False,settled
b,yellow_ramp,ramp,0.0,1.4,0.0,0.9319196188269412,862.0495345768345,False,settled
b,yellow_ramp,ramp,0.0,1.4,0.0,0.2582753009001018,1094.1599289423264,False,settled
b,yellow_ramp,ramp,0.0,1.4,0.0,0.5616499931746453,976.1481941544532,False,settled
b,yellow_ramp,ramp,0.0,1.4,0.0,1.0952852197628238,824.6745338454732,False,settled
b,yellow_ramp,ramp,0.0,1.4,0.0,1.1035881529268299,823.7313890735522,False,settled
b,yellow_ramp,ramp,0.0,1.4,0.0,0.4499397473782091,1022.3140241424294,False,settled
b,yellow_ramp,ramp,0.0,1.4,0.0,1.1229104909407768,818.3406265727912,False,settled
b,yellow_ramp,ramp,0.0,1.4,0.0,0.6072745605570048,965.3321869247205,False,settled
b,yellow_ramp,ramp,0.0,1.4,0.0,1.1262112998499052,817.984116238428,False,settled
b,yellow_ramp,ramp,0.0,1.4,0.0,0.48372086891220384,1006.4199820813599,False,settled
b,yellow_ramp,ramp,0.0,1.4,0.0,0.4396444354951554,1018.2610426399231,False,settled
b,yellow_ramp,ramp,0.0,1.4,0.0,0.6205144330944722,956.7847457842744,False,settled
b,yellow_ramp,ramp,0.0,1.4,0.0,0.2423148193644278,1104.3261626791116,False,settled
b,yellow_ramp,ramp,0.0,1.4,0.0,0.6487342069361978,951.2137573495841,False,settled
b,yellow_ramp,ramp,0.0,1.4,0.0,0.8644431150977608,880.440604402769,False,settled
b,yellow_ramp,ramp,0.0,1.4,0.0,0.6270841517462761,960.3795968420458,False,settled
b,yellow_ramp,ramp,0.0,1.4,0.0,0.8150452899864923,895.9825763369107,False,settled
b,yellow_ramp,ramp,0.0,1.4,0.0,0.5637872700817834,974.3392028711357,False,settled
b,yellow_ramp,ramp,0.0,1.4,0.0,1.0757149619985376,830.9289371692605,False,settled
b,yellow_ramp,ramp,0.0,1.4,0.0,1.0836456706087771,828.9620209589738,False,settled
b,yellow_ramp,ramp,0.0,1.4,0.0,0.9766138480701237,850.7843372780242,False,settled
b,yellow_ramp,ramp,0.0,1.4,0.0,0.8189126750027825,898.9822995009011,False,settled
b,yellow_ramp,ramp,0.0,1.4,0.0,0.9745976466088796,853.0891388081728,False,settled
b,yellow_ramp,ramp,0.0,1.4,0.0,1.0131107998514082,847.0575761327528,False,settled
b,yellow_ramp,ramp,0.0,1.4,0.0,0.6086956206787979,964.9737853427887,False,settled
b,yellow_ramp,ramp,0.0,1.4,0.0,0.9833236880144509,847.6211849046175,False,settled
b,yellow_ramp,ramp,0.0,1.4,0.0,0.5602519395620549,977.1912516566764,False,settled
b,yellow_ramp,ramp,0.0,1.4,0.0,0.6711376523689668,941.5305458918652,False,settled
b,yellow_ramp,ramp,0.0,1.4,0.0,0.975942485523531,851.5518491018579,False,settled
b,yellow_ramp,ramp,0.0,1.4,0.0,0.7598580352415532,914.6547937338872,False,settled
b,yellow_ramp,ramp,0.0,1.4,0.0,0.5924131860109011,970.8778472261769,False,settled
b,yellow_ramp,ramp,0.0,1.4,0.0,0.5275129170574328,986.5270003210248,False,settled
b,yellow_ramp,ramp,0.0,1.4,0.0,0.9993350595541747,846.324932694874,False,settled
b,yellow_ramp,ramp,0.0,1.4,0.0,0.4817453918139679,1008.0082515774905,False,settled
b,yellow_ramp,ramp,0.0,1.4,0.0,1.0797422137952506,829.33996154165,False,settled
b,yellow_ramp,ramp,0.0,1.4,0.0,0.8107022438429289,900.0362285535124,False,settled
b,yellow_ramp,ramp,0.0,1.4,0.0,1.2036477066281555,799.4844615449174,False,settled
b,yellow_ramp,ramp,0.0,1.4,0.0,0.9141730268832986,869.7853293033835,False,settled
b,yellow_ramp,ramp,0.0,1.4,0.0,0.5968550180402074,967.9928415775258,False,settled
b,yellow_ramp,ramp,0.0,1.4,0.0,0.5176208874706031,991.0531524957984,False,settled
b,yellow_ramp,ramp,0.0,1.4,0.0,0.5348563142259679,985.0680834096856,False,settled
b,yellow_ramp,ramp,0.0,1.4,0.0,1.0990202004570915,824.9605244970099,False,settled
b,yellow_ramp,ramp,0.0,1.4,0.0,0.45095579123014373,1021.5098574638533,False,settled
b,yellow_ramp,ramp,0.0,1.4,0.0,0.6839244046397248,936.6877328645876,False,settled
b,yellow_ramp,ramp,0.0,1.4,0.0,0.2478450062682589,1106.4679626213317,False,settled
b,yellow_ramp,ramp,0.0,1.4,0.0,1.016222037129019,844.593424265302,False,settled
b,yellow_ramp,ramp,0.0,1.4,0.0,0.28962200208969596,1076.699395812866,False,settled
b,yellow_ramp,ramp,0.0,1.4,0.0,0.8272458645947338,891.3361177850188,False,settled
b,yellow_ramp,ramp,0.0,1.4,0.0,1.1067291523517775,822.2459626036392,False,settled
b,yellow_ramp,ramp,0.0,1.4,0.0,0.8381798559690202,887.9031265323744,False,settled
b,yellow_ramp,ramp,0.0,1.4,0.0,1.1553049224575667,811.0635543401941,False,settled
b,yellow_ramp,ramp,0.0,1.4,0.0,0.7256649037673741,926.6837063735632,False,settled
b,yellow_ramp,ramp,0.0,1.4,0.0,0.226748126639309,1117.3261958777348,False,settled
b,yellow_ramp,ramp,0.0,1.4,0.0,0.39279094120287783,1035.3252777025177,False,settled
b,yellow_ramp,ramp,0.0,1.4,0.0,0.3591123613331521,1056.270407550327,False,settled
b,yellow_ramp,ramp,0.0,1.4,0.0,0.3694488119676533,1048.192404679995,False,settled
b,yellow_ramp,ramp,0.0,1.4,0.0,1.0824525471304218,828.5442597521428,False,settled
b,yellow_ramp,ramp,0.0,1.4,0.0,0.751696736710396,919.2146908743845,False,settled
b,yellow_ramp,ramp,0.0,1.4,0.0,0.40105746808158954,1034.0954267562477,False,settled
b,yellow_ramp,ramp,0.0,1.4,0.0,0.5159625528967524,991.9968450662851,False,settled
b,yellow_ramp,ramp,0.0,1.4,0.0,0.9460753452584834,860.8990953481033,False,settled
b,yellow_ramp,ramp,0.0,1.4,0.0,0.35924637282411004,1056.1648739410796,False,settled
b,yellow_ramp,ramp,0.0,1.4,0.0,0.5922900158858824,970.978989836748,False,settled
b,yellow_ramp,ramp,0.0,1.4,0.0,1.0405044111320554,838.7815232684532,False,settled
b,yellow_ramp,ramp,0.0,1.4,0.0,0.8912412119755527,876.6823229192731,False,settled
b,yellow_ramp,ramp,0.0,1.4,0.0,0.6443762261213342,954.9202366220551,False,settled
b,yellow_ramp,ramp,0.0,1.4,0.0,0.3816464202018194,1038.8444199202643,False,settled
b,yellow_ramp,ramp,0.0,1.4,0.0,0.894846171977995,873.3838000014867,False,settled
b,yellow_ramp,ramp,0.0,1.4,0.0,0.3830694236542959,1037.6987770977273,False,settled
b,yellow_ramp,ramp,0.0,1.4,0.0,0.35766572001862185,1057.409449077743,False,settled
b,yellow_ramp,ramp,0.0,1.4,0.0,0.23713584485154646,1097.3796998424207,False,settled
b,yellow_ramp,ramp,0.0,1.4,0.0,0.4285408705583721,1026.879930844931,False,settled
b,yellow_ramp,ramp,0.0,1.4,0.0,0.22449252389157642,1109.678392446262,False,settled
b,yellow_ramp,ramp,0.0,1.4,0.0,0.3746046265139047,1044.1824189001386,False,settled
b,yellow_ramp,ramp,0.0,1.4,0.0,0.42986334176967983,1025.8266808188073,False,settled
b,yellow_ramp,ramp,0.0,1.4,0.0,1.0406442240873748,838.5888042260096,False,settled
b,yellow_ramp,ramp,0.0,1.4,0.0,0.7844545369429505,903.5929329388415,False,settled
b,yellow_ramp,ramp,0.0,1.4,0.0,0.37711947672778834,1042.3218050039739,False,settled
b,yellow_ramp,ramp,0.0,1.4,0.0,0.7263317728925077,926.0941854166423,False,settled
b,yellow_ramp,ramp,0.0,1.4,0.0,0.27583452325745716,1089.2854455657869,False,settled
b,yellow_ramp,ramp,0.0,1.4,0.0,1.014776327515762,844.9181496488629,False,settled
b,yellow_ramp,ramp,0.0,1.4,0.0,1.1894868786569976,802.3347170415207,False,settled
b,yellow_ramp,ramp,0.0,1.4,0.0,0.3948512682641073,1035.09332685912,False,settled
b,yellow_ramp,ramp,0.0,1.4,0.0,0.9604478816442904,855.1020752252493,False,settled
b,yellow_ramp,ramp,0.0,1.4,0.0,0.6776771695345103,938.5210759797081,False,settled
b,yellow_ramp,ramp,0.0,1.4,0.0,0.6815914122075439,937.372383124041,False,settled
b,yellow_ramp,ramp,0.0,1.4,0.0,0.3408373922537008,1056.5983024506368,False,settled
b,yellow_ramp,ramp,0.0,1.4,0.0,0.997395479120781,844.3478651869617,False,settled
b,yellow_ramp,ramp,0.0,1.4,0.0,0.762343143652697,913.7849155746342,False,settled
b,yellow_ramp,ramp,0.0,1.4,0.0,1.1096754515794023,822.7017678318804,False,settled
b,yellow_ramp,ramp,0.0,1.4,0.0,0.8760524566808874,880.4518193276339,False,settled
b,yellow_ramp,ramp,0.0,1.4,0.0,0.6642558337182367,947.0725682910391,False,settled
b,yellow_ramp,ramp,0.0,1.4,0.0,0.5444208526057789,979.6654232953066,False,settled
b,yellow_ramp,ramp,0.0,1.4,0.0,0.9195758434731944,864.6299110456563,False,settled
b,yellow_ramp,ramp,0.0,1.4,0.0,0.2580850243165585,1093.8624501869267,False,settled
b,yellow_ramp,ramp,0.0,1.4,0.0,0.9832955695144965,847.6534567141179,False,settled
b,yellow_ramp,ramp,0.0,1.4,0.0,0.9237465349203949,865.4183025083051,False,settled
b,yellow_ramp,ramp,0.0,1.4,0.0,0.9676145619792835,851.7605618615362,False,settled
b,yellow_ramp,ramp,0.0,1.4,0.0,1.0635671281581225,833.6929975312493,False,settled
b,yellow_ramp,ramp,0.0,1.4,0.0,0.7449881914551197,917.5618166820624,False,settled
b,yellow_ramp,ramp,0.0,1.4,0.0,0.34522826740813733,1053.3648768007333,False,settled
b,yellow_ramp,ramp,0.0,1.4,0.0,0.6540982239427006,946.986504313449,False,settled
b,yellow_ramp,ramp,0.0,1.4,0.0,0.5529945250059256,982.8531411123704,False,settled
b,yellow_ramp,ramp,0.0,1.4,0.0,0.2779940427331375,1084.0580423122979,False,settled
b,yellow_ramp,ramp,0.0,1.4,0.0,1.1299886170886357,816.3581110295164,False,settled
b,yellow_ramp,ramp,0.0,1.4,0.0,0.7292162928462563,923.5556889014871,False,settled
b,yellow_ramp,ramp,0.0,1.4,0.0,1.1390435304329591,814.817098442377,False,settled
b,yellow_ramp,ramp,0.0,1.4,0.0,0.26330927295886636,1098.925114351128,False,settled
b,yellow_ramp,ramp,0.0,1.4,0.0,1.029664478548687,840.6607253663409,False,settled
b,yellow_ramp,ramp,0.0,1.4,0.0,1.0302953427418593,842.660491104335,False,settled
b,yellow_ramp,ramp,0.0,1.4,0.0,1.0841818514966064,828.0932353578554,False,settled
b,yellow_ramp,ramp,0.0,1.4,0.0,1.1743252360183254,806.5164067877862,False,settled
b,yellow_ramp,ramp,0.0,1.4,0.0,1.0644036668737942,833.6518090509867,False,settled
b,yellow_ramp,ramp,0.0,1.4,0.0,0.45549366026766586,1020.3602571441529,False,settled
b,yellow_ramp,ramp,0.0,1.4,0.0,0.883887433188169,878.4070211666518,False,settled
b,yellow_ramp,ramp,0.0,1.4,0.0,1.0565568289804128,835.4299632395674,False,settled
b,yellow_ramp,ramp,0.0,1.4,0.0,0.35419675095115816,1059.8963158705865,False,settled
b,yellow_ramp,ramp,0.0,1.4,0.0,0.8103874807071877,900.3300785664218,False,settled
b,yellow_ramp,ramp,0.0,1.4,0.0,1.0425898586530802,837.3024317725535,False,settled
b,yellow_ramp,ramp,0.0,1.4,0.0,0.5791066146757826,971.6932713466274,False,settled
b,yellow_ramp,ramp,0.0,1.4,0.0,0.42521769169804957,1029.5264584500421,False,settled
b,yellow_ramp,ramp,0.0,1.4,0.0,0.8119729411758126,898.8500938693518,False,settled
b,yellow_ramp,ramp,0.0,1.4,0.0,0.9836821596732225,847.2208606927343,False,settled
b,yellow_ramp,ramp,0.0,1.4,0.0,1.1489575970984462,812.422924261266,False,settled
b,yellow_ramp,ramp,0.0,1.4,0.0,0.7512539421578501,919.6093405686885,False,settled
b,yellow_ramp,ramp,0.0,1.4,0.0,0.7522894934633391,918.6863761742364,False,settled
b,yellow_ramp,ramp,0.0,1.4,0.0,0.2905203243692271,1076.7611647190643,False,settled
b,yellow_ramp,ramp,0.0,1.4,0.0,1.0197186852189999,844.3860449265646,False,settled
b,yellow_ramp,ramp,0.0,1.4,0.0,0.5226444745472983,987.6581389756576,False,settled
b,yellow_ramp,ramp,0.0,1.4,0.0,0.7999648375138917,903.2492103277729,False,settled
b,yellow_ramp,ramp,0.0,1.4,0.0,0.6710182034425834,941.6316214053965,False,settled
b,yellow_ramp,ramp,0.0,1.4,0.0,0.4870305668670148,1003.7594380781283,False,settled
b,yellow_ramp,ramp,0.0,1.4,0.0,0.4602890586390144,1019.4588488250512,False,settled
b,yellow_ramp,ramp,0.0,1.4,0.0,1.1065970874166353,822.5238069581204,False,settled
b,yellow_ramp,ramp,0.0,1.4,0.0,0.9894430258135081,849.3674515133226,False,settled
b,yellow_ramp,ramp,0.0,1.4,0.0,0.49618786735849796,996.7757445291955,False,settled
b,yellow_ramp,ramp,0.0,1.4,0.0,1.0653537046537451,832.2590401537506,False,settled
b,yellow_ramp,ramp,0.0,1.4,0.0,0.31786462152763856,1075.3316876116646,False,settled
b,yellow_ramp,ramp,0.0,1.4,0.0,0.4913967586964797,1000.2761520116765,False,settled
b,yellow_ramp,ramp,0.0,1.4,0.0,0.6697319192396807,942.7200396738333,False,settled
b,yellow_ramp,ramp,0.0,1.4,0.0,0.54681808317646,987.9270895857039,False,settled
b,yellow_ramp,ramp,0.0,1.4,0.0,1.183213866574948,804.613553811915,False,settled
b,yellow_ramp,ramp,0.0,1.4,0.0,0.4383499158468824,1019.2644358011033,False,settled
b,yellow_ramp,ramp,0.0,1.4,0.0,1.0799256467454375,829.0751144980302,False,settled
b,yellow_ramp,ramp,0.0,1.4,0.0,0.8354439612545724,890.0880346319909,False,settled
b,yellow_ramp,ramp,0.0,1.4,0.0,0.7599686373493979,914.6160840695369,False,settled
b,yellow_ramp,ramp,0.0,1.4,0.0,0.4227391645882029,1031.5003339240216,False,settled
b,yellow_ramp,ramp,0.0,1.4,0.0,0.24663026392458576,1102.2117775486793,False,settled
b,yellow_ramp,ramp,0.0,1.4,0.0,0.8124253707112614,898.4276356261623,False,settled
b,yellow_ramp,ramp,0.0,1.4,0.0,1.1578441045925916,810.6828027774069,False,settled
b,yellow_ramp,ramp,0.0,1.4,0.0,0.5211356682798186,988.3166896657592,False,settled
b,yellow_ramp,ramp,0.0,1.4,0.0,0.6623215934362034,948.7699604463885,False,settled
b,yellow_ramp,ramp,0.0,1.4,0.0,0.7865886059301095,908.6623593434819,False,settled
b,yellow_ramp,ramp,0.0,1.4,0.0,0.936942108728007,864.189840211094,False,settled
b,yellow_ramp,ramp,0.0,1.4,0.0,0.7933070887554808,902.4883191939315,False,settled
b,yellow_ramp,ramp,0.0,1.4,0.0,0.22413451410423008,1114.119374726805,False,settled
b,yellow_ramp,ramp,0.0,1.4,0.0,0.6805773806947129,937.6699658080755,False,settled
b,yellow_ramp,ramp,0.0,1.4,0.0,0.317375734938068,1075.7171000378491,False,settled
b,yellow_ramp,ramp,0.0,1.4,0.0,1.2204597674170263,792.6505260909029,False,settled
b,yellow_ramp,ramp,0.0,1.4,0.0,0.37772881457708096,1041.849026102043,False,settled
b,yellow_ramp,ramp,0.0,1.4,0.0,0.438012000999279,1019.4363118963997,False,settled
b,yellow_ramp,ramp,0.0,1.4,0.0,1.1686203816144802,807.3760788274989,False,settled
b,yellow_ramp,ramp,0.0,1.4,0.0,0.5233718014167903,987.5037931914532,False,settled
b,yellow_ramp,ramp,0.0,1.4,0.0,0.9079506157352656,870.6880931949017,False,settled
b,yellow_ramp,ramp,0.0,1.4,0.0,0.7200958869265346,923.662241917895,False,settled
b,yellow_ramp,ramp,0.0,1.4,0.0,0.6307536021643849,957.280449581404,False,settled
b,yellow_ramp,ramp,0.0,1.4,0.0,1.0785182524554722,830.0976955247324,False,settled
b,yellow_ramp,ramp,0.0,1.4,0.0,0.4145794722047733,1037.7896337595664,False,settled
b,yellow_ramp,ramp,0.0,1.4,0.0,0.8928697512431605,875.0264757168648,False,settled
b,yellow_ramp,ramp,0.0,1.4,0.0,1.140876303090503,813.5280967242811,False,settled
b,yellow_ramp,ramp,0.0,1.4,0.0,0.39712082978973406,1034.7582811067248,False,settled
b,yellow_ramp,ramp,0.0,1.4,0.0,0.6656145383025114,945.9303094339468,False,settled
b,yellow_ramp,ramp,0.0,1.4,0.0,0.7111135017446464,931.479157988837,False,settled
b,yellow_ramp,ramp,0.0,1.4,0.0,0.37984508797975575,1040.133722463639,False,settled
b,yellow_ramp,ramp,0.0,1.4,0.0,1.02436999981674,842.4609273313321,False,settled
b,yellow_ramp,ramp,0.0,1.4,0.0,0.905592191307669,873.1105241713846,False,settled
b,yellow_ramp,ramp,0.0,1.4,0.0,1.1122717199334557,820.8893289504554,False,settled
b,yellow_ramp,ramp,0.0,1.4,0.0,0.2646737399901482,1085.6041494023543,False,settled
b,yellow_ramp,ramp,0.0,1.4,0.0,0.6193731250406026,957.733497205737,False,settled
b,yellow_ramp,ramp,0.0,1.4,0.0,0.33670784352552313,1057.0926923200414,False,settled
b,yellow_ramp,ramp,0.0,1.4,0.0,0.9730212451345026,850.3097768787367,False,settled
b,yellow_ramp,ramp,0.0,1.4,0.0,0.2891964348427683,1076.756929913844,False,settled
b,yellow_ramp,ramp,0.0,1.4,0.0,0.5621095368360536,975.7750061351577,False,settled
b,yellow_ramp,ramp,0.0,1.4,0.0,0.6051907976185066,965.8601556190887,False,settled
b,yellow_ramp,ramp,0.0,1.4,0.0,1.0100947629698744,846.5591423725514,False,settled
b,yellow_ramp,ramp,0.0,1.4,0.0,1.0620733665536162,833.4905685666773,False,settled
b,yellow_ramp,ramp,0.0,1.4,0.0,0.5308943394726587,985.8174853056329,False,settled
b,yellow_ramp,ramp,0.0,1.4,0.0,1.1384158106240485,815.3098830957545,False,settled
b,yellow_ramp,ramp,0.0,1.4,0.0,0.7982532468401943,904.836158356918,False,settled
b,yellow_ramp,ramp,0.0,1.4,0.0,1.017975308534368,845.0778429349787,False,settled
b,yellow_ramp,ramp,0.0,1.4,0.0,0.3710114610275041,1046.9709636167272,False,settled
b,yellow_ramp,ramp,0.0,1.4,0.0,0.8018618479389509,901.4905674047224,False,settled
b,yellow_ramp,ramp,0.0,1.4,0.0,0.6654285569378763,946.0866838028223,False,settled
b,yellow_ramp,ramp,0.0,1.4,0.0,1.1493885794417624,812.1685492363456,False,settled
b,yellow_ramp,ramp,0.0,1.4,0.0,0.6859414186512217,936.1027406557715,False,settled
b,yellow_ramp,ramp,0.0,1.4,0.0,0.7129512882062915,929.8670252041738,False,settled
b,yellow_ramp,ramp,0.0,1.4,0.0,0.8353777418927038,890.1502837360114,False,settled
b,yellow_ramp,ramp,0.0,1.4,0.0,1.1921315470956002,801.9202979498123,False,settled
b,yellow_ramp,ramp,0.0,1.4,0.0,0.2513869181467158,1099.413661420622,False,settled
b,yellow_ramp,ramp,0.0,1.4,0.0,0.29329428720732303,1078.1020147939505,False,settled
b,yellow_ramp,ramp,0.0,1.4,0.0,0.8062458268735867,897.4630410212915,False,settled
b,yellow_ramp,ramp,0.0,1.4,0.0,0.4159253850248185,1036.7106836919206,False,settled
b,yellow_ramp,ramp,0.0,1.4,0.0,1.1835563641974731,804.0266273094192,False,settled
b,yellow_ramp,ramp,0.0,1.4,0.0,0.25948681916381444,1095.2780036582299,False,settled
b,yellow_ramp,ramp,0.0,1.4,0.0,0.6581779858798585,943.572221480981,False,settled
b,yellow_ramp,ramp,0.0,1.4,0.0,0.3805893274241633,1039.5617264851494,False,settled
b,yellow_ramp,ramp,0.0,1.4,0.0,0.825192551785933,893.2149692936655,False,settled
b,yellow_ramp,ramp,0.0,1.4,0.0,0.6762974247027945,938.9262344019259,False,settled
b,yellow_ramp,ramp,0.0,1.4,0.0,0.2357156501144229,1105.07919503652,False,settled
b,yellow_ramp,ramp,0.0,1.4,0.0,0.759991522191414,914.6080745966789,False,settled
b,yellow_ramp,ramp,0.0,1.4,0.0,0.4283496649116773,1027.0322044951645,False,settled
b,yellow_ramp,ramp,0.0,1.4,0.0,0.9725374104107586,850.8462217600891,False,settled
b,yellow_ramp,ramp,0.0,1.4,0.0,1.203871975418151,798.8546969805766,False,settled
b,yellow_ramp,ramp,0.0,1.4,0.0,0.42573158767018393,1029.1172416756108,False,settled
b,yellow_ramp,ramp,0.0,1.4,0.0,0.30263125758630843,1072.748019693788,False,settled
b,yellow_ramp,ramp,0.0,1.4,0.0,1.0990234424041385,824.9548996624519,False,settled
b,yellow_ramp,ramp,0.0,1.4,0.0,1.148194973669385,813.3926847106909,False,settled
b,yellow_ramp,ramp,0.0,1.4,0.0,1.122333124281959,818.4937869080711,False,settled
b,yellow_ramp,ramp,0.0,1.4,0.0,0.7109068724118115,931.6604124644746,False,settled
b,yellow_ramp,ramp,0.0,1.4,0.0,0.8296627676485762,895.5299631218305,False,settled
b,yellow_ramp,ramp,0.0,1.4,0.0,0.6714046379805293,941.3050570548862,False,settled
b,yellow_ramp,ramp,0.0,1.4,0.0,0.9945165745990439,847.7421814615808,False,settled
b,yellow_ramp,ramp,0.0,1.4,0.0,0.24325399817253607,1106.2348562232924,False,settled
b,yellow_ramp,ramp,0.0,1.4,0.0,0.23121198810226276,1103.5734857707307,False,settled
b,yellow_ramp,ramp,0.0,1.4,0.0,0.9782800768620422,848.9015438550292,False,settled
b,yellow_ramp,ramp,0.0,1.4,0.0,1.00579424359267,847.5545285066803,False,settled
b,yellow_ramp,ramp,0.0,1.4,0.0,0.2551350850395798,1090.4361020278975,False,settled
b,yellow_ramp,ramp,0.0,1.4,0.0,0.8369445598629298,888.6961463642364,False,settled
b,yellow_ramp,ramp,0.0,1.4,0.0,0.6756821627228377,939.1068219139134,False,settled
b,yellow_ramp,ramp,0.0,1.4,0.0,0.22046296475850435,1107.7257856194915,False,settled
b,yellow_ramp,ramp,0.0,1.4,0.0,0.4907095571515951,1000.8241180187231,False,settled
b,yellow_ramp,ramp,0.0,1.4,0.0,0.7981116880514213,904.9674114089294,False,settled
b,yellow_ramp,ramp,0.0,1.4,0.0,0.7727716947970678,907.014149836457,False,settled
b,yellow_ramp,ramp,0.0,1.4,0.0,0.5039794092108486,1001.474616825102,False,settled
b,yellow_ramp,ramp,0.0,1.4,0.0,1.0558380965934824,833.1102373953609,False,settled
b,yellow_ramp,ramp,0.0,1.4,0.0,1.080430524848093,830.6130993872071,False,settled
b,yellow_ramp,ramp,0.0,1.4,0.0,1.0780429785568597,830.8517983961052,False,settled
b,yellow_ramp,ramp,0.0,1.4,0.0,0.4338696674158245,1022.6561290466998,False,settled
b,yellow_ramp,ramp,0.0,1.4,0.0,0.6514790550217597,949.1506497438876,False,settled
b,yellow_ramp,ramp,0.0,1.4,0.0,0.9685489753267054,855.1065793439204,False,settled
b,yellow_ramp,ramp,0.0,1.4,0.0,0.8896733485612478,872.9268278595155,False,settled
b,yellow_ramp,ramp,0.0,1.4,0.0,0.4374693654168862,1019.8524664949655,False,settled
b,yellow_ramp,ramp,0.0,1.4,0.0,0.6091453524938503,964.8603538345274,False,settled
b,yellow_ramp,ramp,0.0,1.4,0.0,0.27347913263982976,1087.275832927212,False,settled
b,yellow_ramp,ramp,0.0,1.4,0.0,1.1444914020433743,813.4004150591029,False,settled
b,yellow_ramp,ramp,0.0,1.4,0.0,0.9474965536002595,859.5965254087143,False,settled
b,yellow_ramp,ramp,0.0,1.4,0.0,0.6249347396751957,953.2343613387476,False,settled
b,yellow_ramp,ramp,0.0,1.4,0.0,0.7411678770452622,920.8857812579416,False,settled
b,yellow_ramp,ramp,0.0,1.4,0.0,0.8857786729026947,876.5111355390903,False,settled
b,yellow_ramp,ramp,0.0,1.4,0.0,0.9279124143660801,865.9953054421326,False,settled
b,yellow_ramp,ramp,0.0,1.4,0.0,0.5112082598110255,995.7506941433005,False,settled
b,yellow_ramp,ramp,0.0,1.4,0.0,0.8050940222455011,898.5921281745137,False,settled
b,yellow_ramp,ramp,0.0,1.4,0.0,0.5004624893409102,1004.3300035268678,False,settled
b,yellow_ramp,ramp,0.0,1.4,0.0,0.9620605336163154,853.2495800053579,False,settled
b,yellow_ramp,ramp,0.0,1.4,0.0,0.5028391198268378,1002.4003339941513,False,settled
b,yellow_ramp,ramp,0.0,1.4,0.0,0.3678803229674771,1049.419012362103,False,settled
b,yellow_ramp,ramp,0.0,1.4,0.0,0.26281491854153355,1098.2981168556068,False,settled
b,yellow_ramp,ramp,0.0,1.4,0.0,0.9237953030651953,865.36730220841,False,settled
b,yellow_ramp,ramp,0.0,1.4,0.0,1.1441450947239222,814.1741184204369,False,settled
b,yellow_ramp,ramp,0.0,1.4,0.0,1.0222343218223606,843.7708748295729,False,settled
b,yellow_ramp,ramp,0.0,1.4,0.0,0.7103258235814547,931.9190321247141,False,settled
b,yellow_ramp,ramp,0.0,1.4,0.0,0.9614582568975072,853.9072039925336,False,settled
b,yellow_ramp,ramp,0.0,1.4,0.0,0.6403262372040427,949.5938022613905,False,settled
b,yellow_ramp,ramp,0.0,1.4,0.0,0.9385793305940261,863.3148476914777,False,settled
b,yellow_ramp,ramp,0.0,1.4,0.0,0.3618230970224139,1054.1564227919355,False,settled
b,yellow_ramp,ramp,0.0,1.4,0.0,0.8993807993420402,873.9917227664275,False,settled
b,yellow_ramp,ramp,0.0,1.4,0.0,0.921951357540373,867.0378441937781,False,settled
b,yellow_ramp,ramp,0.0,1.4,0.0,0.7960047936917837,900.0539997731399,False,settled
b,yellow_ramp,ramp,0.0,1.4,0.0,0.8750242949450061,881.476413532221,False,settled
b,yellow_ramp,ramp,0.0,1.4,0.0,0.41787721690534857,1035.392417492378,False,settled
b,yellow_ramp,ramp,0.0,1.4,0.0,0.31614763346884583,1076.6852678149564,False,settled
b,yellow_ramp,ramp,0.0,1.4,0.0,1.1977841424329583,799.8253137255747,False,settled
b,yellow_ramp,ramp,0.0,1.4,0.0,0.32045722975966207,1073.7588742798014,False,settled
b,yellow_ramp,ramp,0.0,1.4,0.0,0.4249132873275522,1029.7688497048362,False,settled
b,yellow_ramp,ramp,0.0,1.4,0.0,0.4799663497915983,1009.4388135805991,False,settled
b,yellow_ramp,ramp,0.0,1.4,0.0,0.5154155085712008,992.4270138863642,False,settled
b,yellow_ramp,ramp,0.0,1.4,0.0,0.8918809768777057,876.031761312584,False,settled
b,yellow_ramp,ramp,0.0,1.4,0.0,0.31004955885332236,1067.2079986399374,False,settled
b,yellow_ramp,ramp,0.0,1.4,0.0,0.4453410406617243,1025.9606017564863,False,settled
b,yellow_ramp,ramp,0.0,1.4,0.0,0.7505471504262476,920.2394997980675,False,settled
b,yellow_ramp,ramp,0.0,1.4,0.0,1.1658958985883086,808.9602052012623,False,settled
b,yellow_ramp,ramp,0.0,1.4,0.0,0.31148377063617033,1066.212826624659,False,settled
b,yellow_ramp,ramp,0.0,1.4,0.0,0.23742875656414955,1098.9406543466212,False,settled
b,yellow_ramp,ramp,0.0,1.4,0.0,0.2531038359572654,1101.8146012047116,False,settled
b,yellow_ramp,ramp,0.0,1.4,0.0,0.3739927770871016,1044.65715236701,False,settled
b,yellow_ramp,ramp,0.0,1.4,0.0,0.634529480625321,954.3628883240881,False,settled
b,yellow_ramp,ramp,0.0,1.4,0.0,0.7438569596505809,918.5489460202027,False,settled
b,yellow_ramp,ramp,0.0,1.4,0.0,1.1987430419639717,800.5503636714536,False,settled
b,yellow_ramp,ramp,0.0,1.4,0.0,0.9100480986879977,868.938753649302,False,settled
b,yellow_ramp,ramp,0.0,1.4,0.0,0.9164926896707143,867.6588659541212,False,settled
b,yellow_ramp,ramp,0.0,1.4,0.0,0.3842926077407762,1049.6593422333603,False,settled
b,yellow_ramp,ramp,0.0,1.4,0.0,0.7037531022348227,929.7442770074207,False,settled
b,yellow_ramp,ramp,0.0,1.4,0.0,0.332755626462601,1057.6665141605438,False,settled
b,yellow_ramp,ramp,0.0,1.4,0.0,0.5597874119095827,977.5685660971279,False,settled
b,yellow_ramp,ramp,0.0,1.4,0.0,0.24633938100758687,1100.943508999556,False,settled
b,yellow_ramp,ramp,0.0,1.4,0.0,1.1156401738315713,820.9871540267033,False,settled
b,yellow_ramp,ramp,0.0,1.4,0.0,1.1901318046628604,802.4051060951244,False,settled
b,yellow_ramp,ramp,0.0,1.4,0.0,1.0463527827998962,837.1015314473278,False,settled
b,yellow_ramp,ramp,0.0,1.4,0.0,0.9073610082041905,871.2924684607137,False,settled
b,yellow_ramp,ramp,0.0,1.4,0.0,0.9004038929773962,872.9451884538518,False,settled
b,yellow_ramp,ramp,0.0,1.4,0.0,0.68401943955389,936.6598468624627,False,settled
b,yellow_ramp,ramp,0.0,1.4,0.0,0.996335074052731,845.582415023881,False,settled
b,yellow_ramp,ramp,0.0,1.4,0.0,0.8446189159224292,889.6184473006263,False,settled
b,yellow_ramp,ramp,0.0,1.4,0.0,0.7353676980205168,918.191163701927,False,settled
b,yellow_ramp,ramp,0.0,1.4,0.0,0.2641617277657534,1099.9974163792401,False,settled
b,yellow_ramp,ramp,0.0,1.4,0.0,0.632897751905678,955.472323435302,False,settled
b,yellow_ramp,ramp,0.0,1.4,0.0,0.9000885786944994,873.2676584273995,False,settled
b,yellow_ramp,ramp,0.0,1.4,0.0,0.9548707491347544,856.4798836086013,False,settled
b,yellow_ramp,ramp,0.0,1.4,0.0,0.3706210721201896,1047.275648260158,False,settled
b,yellow_ramp,ramp,0.0,1.4,0.0,0.3046667052904701,1071.304954873524,False,settled
b,yellow_ramp,ramp,0.0,1.4,0.0,0.31283865018232476,1065.1157677630422,False,settled
b,yellow_ramp,ramp,0.0,1.4,0.0,0.9108735379064712,868.0354446611555,False,settled
b,yellow_ramp,ramp,0.0,1.4,0.0,0.3396176433287755,1056.8304284395622,False,settled
b,yellow_ramp,ramp,0.0,1.4,0.0,0.436281452475215,1020.7498215996901,False,settled
b,yellow_ramp,ramp,0.0,1.4,0.0,1.1097258190480417,822.6104536293236,False,settled
b,yellow_ramp,ramp,0.0,1.4,0.0,0.22856979062703325,1108.8609409514695,False,settled
b,yellow_ramp,ramp,0.0,1.4,0.0,0.24602248639662103,1100.771243580654,False,settled
b,yellow_ramp,ramp,0.0,1.4,0.0,0.6511898184265887,949.3952380665536,False,settled
b,yellow_ramp,ramp,0.0,1.4,0.0,0.552403935149264,983.3364263633763,False,settled
b,yellow_ramp,ramp,0.0,1.4,0.0,1.0584954897088397,831.6783572848682,False,settled
b,yellow_ramp,ramp,0.0,1.4,0.0,0.21905614423157338,1118.8675856129162,False,settled
b,yellow_ramp,ramp,0.0,1.4,0.0,0.3372521997798217,1057.0286622025826,False,settled
b,yellow_ramp,ramp,0.0,1.4,0.0,0.32645510656726384,1072.2656873707137,False,settled
b,yellow_ramp,ramp,0.0,1.4,0.0,0.9074387166073167,871.212816086331,False,settled
b,yellow_ramp,ramp,0.0,1.4,0.0,0.5526989966169974,983.0949636649199,False,settled
b,yellow_ramp,ramp,0.0,1.4,0.0,0.5112038693923927,995.7541555349662,False,settled
b,yellow_ramp,ramp,0.0,1.4,0.0,0.30003554347663697,1074.5691991736553,False,settled
b,yellow_ramp,ramp,0.0,1.4,0.0,0.5792785574998871,971.5525078087185,False,settled
b,yellow_ramp,ramp,0.0,1.4,0.0,0.4365308432320166,1020.5527162553776,False,settled
b,yellow_ramp,ramp,0.0,1.4,0.0,0.38629511674229594,1049.2107287960698,False,settled
b,yellow_ramp,ramp,0.0,1.4,0.0,0.6546122393305566,946.5524850694628,False,settled
b,yellow_ramp,ramp,0.0,1.4,0.0,0.6037526068755416,966.2280676389498,False,settled
b,yellow_ramp,ramp,0.0,1.4,0.0,0.7287082113210214,924.001118204593,False,settled
b,yellow_ramp,ramp,0.0,1.4,0.0,0.37303822946047316,1045.3981024583184,False,settled
b,yellow_ramp,ramp,0.0,1.4,0.0,0.6242027757046124,953.7391345779761,False,settled
b,yellow_ramp,ramp,0.0,1.4,0.0,0.3682927246092192,1049.0965036244986,False,settled
b,yellow_ramp,ramp,0.0,1.4,0.0,0.6191712533938688,957.901441615392,False,settled
b,yellow_ramp,ramp,0.0,1.4,0.0,0.9890698040831529,849.8074741864308,False,settled
b,yellow_ramp,ramp,0.0,1.4,0.0,0.6065607277327614,965.5122181380708,False,settled
b,yellow_ramp,ramp,0.0,1.4,0.0,0.8928973938354414,874.9986053440595,False,settled
b,yellow_ramp,ramp,0.0,1.4,0.0,0.723963307765215,927.9383494108398,False,settled
b,yellow_ramp,ramp,0.0,1.4,0.0,0.36776132562866914,1049.5120710086942,False,settled
b,yellow_ramp,ramp,0.0,1.4,0.0,0.9337729526913349,861.057744066465,False,settled
b,yellow_ramp,ramp,0.0,1.4,0.0,0.47510844076693187,1013.3646645239394,False,settled
b,yellow_ramp,ramp,0.0,1.4,0.0,0.358352191043757,1056.8689848015854,False,settled
b,yellow_ramp,ramp,0.0,1.4,0.0,0.7422003007388174,919.9913883334341,False,settled
b,yellow_ramp,ramp,0.0,1.4,0.0,1.1323787188255638,816.1247688211901,False,settled
b,yellow_ramp,ramp,0.0,1.4,0.0,1.18316166431927,804.7776589619757,False,settled
b,yellow_ramp,ramp,0.0,1.4,0.0,0.8767989196810613,879.7081298978146,False,settled
b,yellow_ramp,ramp,0.0,1.4,0.0,0.718371355047093,925.1447789098722,False,settled
b,yellow_ramp,ramp,0.0,1.4,0.0,0.39200793065120276,1035.4412572441565,False,settled
b,yellow_ramp,ramp,0.0,1.4,0.0,0.8051214912375064,898.5668738565425,False,settled
b,yellow_ramp,ramp,0.0,1.4,0.0,0.8674862191909714,883.0410068099329,False,settled
b,yellow_ramp,ramp,0.0,1.4,0.0,0.8942767198612277,873.6078656417078,False,settled
b,yellow_ramp,ramp,0.0,1.4,0.0,0.6319782468617225,956.246219117618,False,settled
b,yellow_ramp,ramp,0.0,1.4,0.0,0.8248489091046799,893.5307727713346,False,settled
b,yellow_ramp,ramp,0.0,1.4,0.0,0.2868939694206406,1077.999018135252,False,settled
b,yellow_ramp,ramp,0.0,1.4,0.0,0.44068758670500374,1017.3864497590616,False,settled
b,yellow_ramp,ramp,0.0,1.4,0.0,0.44670390334947696,1024.8796006220512,False,settled
b,yellow_ramp,ramp,0.0,1.4,0.0,0.8131408157374265,897.7599575077146,False,settled
b,yellow_ramp,ramp,0.0,1.4,0.0,0.314491688553382,1077.9901022027705,False,settled
b,yellow_ramp,ramp,0.0,1.4,0.0,0.5795385656154217,971.3396478594335,False,settled
b,yellow_ramp,ramp,0.0,1.4,0.0,0.8964106184991287,871.7316834300897,False,settled
b,yellow_ramp,ramp,0.0,1.4,0.0,0.4236728643293574,1030.7567714297047,False,settled
b,yellow_ramp,ramp,0.0,1.4,0.0,1.1955683249257985,801.4113989244174,False,settled
b,yellow_ramp,ramp,0.0,1.4,0.0,1.0691637719435079,832.6178830725319,False,settled
b,yellow_ramp,ramp,0.0,1.4,0.0,0.6782065631804522,938.3657175128924,False,settled
b,yellow_ramp,ramp,0.0,1.4,0.0,1.2158492249204433,793.6217685006044,False,settled
b,yellow_ramp,ramp,0.0,1.4,0.0,0.8776723236385058,878.8379490465546,False,settled
b,yellow_ramp,ramp,0.0,1.4,0.0,1.216988822239301,793.7064800388601,False,settled
b,yellow_ramp,ramp,0.0,1.4,0.0,1.114790123632623,820.3415271414352,False,settled
b,yellow_ramp,ramp,0.0,1.4,0.0,0.2822671271118724,1088.2276116065157,False,settled
b,yellow_ramp,ramp,0.0,1.4,0.0,0.2237828847712596,1109.1566258285877,False,settled
b,yellow_ramp,ramp,0.0,1.4,0.0,0.41914980484878395,1034.3714819229378,False,settled
b,yellow_ramp,ramp,0.0,1.4,0.0,0.580124947266189,971.158677328374,False,settled
b,yellow_ramp,ramp,0.0,1.4,0.0,0.35756126944815825,1057.4916771140302,False,settled
b,yellow_ramp,ramp,0.0,1.4,0.0,0.8382913433816039,887.8047085729966,False,settled
b,yellow_ramp,ramp,0.0,1.4,0.0,0.40937869015757106,1029.4947381746495,False,settled
b,yellow_ramp,ramp,0.0,1.4,0.0,0.6624325392561476,948.6784833012623,False,settled
b,yellow_ramp,ramp,0.0,1.4,0.0,0.5481169092199817,986.855985766558,False,settled
b,yellow_ramp,ramp,0.0,1.4,0.0,0.6171854427150615,959.5525401519587,False,settled
b,yellow_ramp,ramp,0.0,1.4,0.0,0.505467776765966,1000.2663073679189,False,settled
b,yellow_ramp,ramp,0.0,1.4,0.0,0.860155785798431,884.2416866797897,False,settled
b,yellow_ramp,ramp,0.0,1.4,0.0,0.9540274925171074,857.317987006645,False,settled
b,yellow_ramp,ramp,0.0,1.4,0.0,0.8417351552244521,890.8468251004941,False,settled
b,yellow_ramp,ramp,0.0,1.4,0.0,0.7926145458237682,903.1205296088481,False,settled
b,yellow_ramp,ramp,0.0,1.4,0.0,0.554926151920613,981.2729859680245,False,settled
b,yellow_ramp,ramp,0.0,1.4,0.0,0.27265226226337524,1084.6769477425714,False,settled
b,yellow_ramp,ramp,0.0,1.4,0.0,0.9053810746841268,873.3288271085983,False,settled
b,yellow_ramp,ramp,0.0,1.4,0.0,1.0998043569096363,823.6163323157062,False,settled
b,yellow_ramp,ramp,0.0,1.4,0.0,0.5759133860033709,974.3080820577467,False,settled
b,yellow_ramp,ramp,0.0,1.4,0.0,0.5843791352746222,967.770944848771,False,settled
b,yellow_ramp,ramp,0.0,1.4,0.0,0.637023565404116,952.2711710531792,False,settled
b,yellow_ramp,ramp,0.0,1.4,0.0,1.0719242524136388,832.0242349227991,False,settled
b,yellow_ramp,ramp,0.0,1.4,0.0,1.1017000509060078,823.7436791380884,False,settled
b,yellow_ramp,ramp,0.0,1.4,0.0,1.1165697428116206,820.1642475005591,False,settled
b,yellow_ramp,ramp,0.0,1.4,0.0,1.1468275693789183,813.7357896611205,False,settled
b,yellow_ramp,ramp,0.0,1.4,0.0,0.5846477452060566,967.5569530186408,False,settled
b,yellow_ramp,ramp,0.0,1.4,0.0,1.0438032025410584,838.1546631160703,False,settled
b,yellow_ramp,ramp,0.0,1.4,0.0,1.0277601715836788,842.2075978079738,False,settled
b,yellow_ramp,ramp,0.0,1.4,0.0,0.9665364720412997,853.0343538756941,False,settled
b,yellow_ramp,ramp,0.0,1.4,0.0,0.7110577160561689,931.5280930605013,False,settled
b,yellow_ramp,ramp,0.0,1.4,0.0,0.35328666308162426,1060.615728623941,False,settled
b,yellow_ramp,ramp,0.0,1.4,0.0,0.5306890239616118,985.8603593351227,False,settled
b,yellow_ramp,ramp,0.0,1.4,0.0,0.2836435177173075,1081.816526878254,False,settled
b,yellow_ramp,ramp,0.0,1.4,0.0,0.41649704169228685,1036.4997825043326,False,settled
b,yellow_ramp,ramp,0.0,1.4,0.0,1.05214235922242,835.7316739622836,False,settled
b,yellow_ramp,ramp,0.0,1.4,0.0,0.7834205692400269,904.5253820978054,False,settled
b,yellow_ramp,ramp,0.0,1.4,0.0,0.37854702161623915,1041.1406294687547,False,settled
b,yellow_ramp,ramp,0.0,1.4,0.0,0.9646792416410567,855.0285150776834,False,settled
b,yellow_ramp,ramp,0.0,1.4,0.0,0.49503502295780855,997.7606794578464,False,settled
b,yellow_ramp,ramp,0.0,1.4,0.0,1.1791932600914476,805.002828530872,False,settled
b,yellow_ramp,ramp,0.0,1.4,0.0,0.9609352568881314,854.559787325108,False,settled
b,yellow_ramp,ramp,0.0,1.4,0.0,0.6651571541994509,946.3148553385258,False,settled
b,yellow_ramp,ramp,0.0,1.4,0.0,0.46235272615265943,1019.071117032046,False,settled
b,yellow_ramp,ramp,0.0,1.4,0.0,1.2057455837044357,799.201793651735,False,settled
b,yellow_ramp,ramp,0.0,1.4,0.0,0.8247700757055216,893.6032017593142,False,settled
b,yellow_ramp,ramp,0.0,1.4,0.0,0.7902935059446125,905.2512658646476,False,settled
b,yellow_ramp,ramp,0.0,1.4,0.0,0.4195614241970027,1034.0412386975345,False,settled
b,yellow_ramp,ramp,0.0,1.4,0.0,0.4217181885290473,1032.3133137393575,False,settled
b,yellow_ramp,ramp,0.0,1.4,0.0,0.7944623064580185,901.5226095636472,False,settled
b,yellow_ramp,ramp,0.0,1.4,0.0,0.664582800304139,946.7977039832699,False,settled
b,yellow_ramp,ramp,0.0,1.4,0.0,0.7987938206596092,904.3349192194999,False,settled
b,yellow_ramp,ramp,0.0,1.4,0.0,0.8324882339851492,892.8669533468178,False,settled
b,yellow_ramp,ramp,0.0,1.4,0.0,0.3390849415744431,1056.8918812507152,False,settled
b,yellow_ramp,ramp,0.0,1.4,0.0,0.44341289953038315,1015.4045370330822,False,settled
b,yellow_ramp,ramp,0.0,1.4,0.0,0.5709260445216842,978.423991185298,False,settled
b,yellow_ramp,ramp,0.0,1.4,0.0,0.44618406441095915,1025.291818007836,False,settled
b,yellow_ramp,ramp,0.0,1.4,0.0,0.8404259513505064,891.7111102177137,False,settled
b,yellow_ramp,ramp,0.0,1.4,0.0,1.0141793732688738,845.6848530727291,False,settled
b,yellow_ramp,ramp,0.0,1.4,0.0,0.3709796773504417,1046.9956291141261,False,settled
b,yellow_ramp,ramp,0.0,1.4,0.0,0.4013225816758567,1034.0568725676362,False,settled
b,yellow_ramp,ramp,0.0,1.4,0.0,0.7938570120326394,902.0753850281956,False,settled
b,yellow_ramp,ramp,0.0,1.4,0.0,0.863846916475278,880.9202297570226,False,settled
b,yellow_ramp,ramp,0.0,1.4,0.0,0.6163544277249559,959.9861720947098,False,settled
b,yellow_ramp,ramp,0.0,1.4,0.0,0.35240684770576336,1061.3110720285852,False,settled
b,yellow_ramp,ramp,0.0,1.4,0.0,0.26335533841081277,1098.9833414982695,False,settled
b,yellow_ramp,ramp,0.0,1.4,0.0,0.7138656847598449,929.06489908555,False,settled
b,yellow_ramp,ramp,0.0,1.4,0.0,0.7850084808924458,903.1029992997768,False,settled
b,yellow_ramp,ramp,0.0,1.4,0.0,0.3630169062744763,1053.2229910439557,False,settled
b,yellow_ramp,ramp,0.0,1.4,0.0,0.9084809553758714,870.1443837069182,False,settled
b,yellow_ramp,ramp,0.0,1.4,0.0,1.1928191767914256,801.9753703390387,False,settled
b,yellow_ramp,ramp,0.0,1.4,0.0,0.915174124088652,868.7577867753613,False,settled
b,yellow_ramp,ramp,0.0,1.4,0.0,0.6653276819502065,946.1714935472081,False,settled
b,yellow_ramp,ramp,0.0,1.4,0.0,0.9360842944710668,859.8958124486455,False,settled
b,yellow_ramp,ramp,0.0,1.4,0.0,1.103149917899615,823.4364704986153,False,settled
b,yellow_ramp,ramp,0.0,1.4,0.0,0.4407034565687342,1017.3742522519918,False,settled
b,yellow_ramp,ramp,0.0,1.4,0.0,0.9050955653431185,868.4920473265408,False,settled
b,yellow_ramp,ramp,0.0,1.4,0.0,0.6429741368964814,947.4150935235576,False,settled
b,yellow_ramp,ramp,0.0,1.4,0.0,0.28650464031461115,1077.8525964323062,False,settled
b,yellow_ramp,ramp,0.0,1.4,0.0,0.31466485155265783,1077.8536000846846,False,settled
b,yellow_ramp,ramp,0.0,1.4,0.0,0.7953450861241865,900.6463160897856,False,settled
b,yellow_ramp,ramp,0.0,1.4,0.0,0.3036890012749148,1071.9984852868483,False,settled
b,yellow_ramp,ramp,0.0,1.4,0.0,1.218181386554162,793.3489022822812,False,settled
b,yellow_ramp,ramp,0.0,1.4,0.0,0.8221402296864702,896.0199695213312,False,settled
b,yellow_ramp,ramp,0.0,1.4,0.0,0.31724478277702295,1075.8203272054197,False,settled
b,yellow_ramp,ramp,0.0,1.4,0.0,0.8683217735863819,882.2135093457885,False,settled
b,yellow_ramp,ramp,0.0,1.4,0.0,0.8488841026809307,887.8236070130139,False,settled
b,yellow_ramp,ramp,0.0,1.4,0.0,1.0950261403916737,825.0608827878864,False,settled
b,yellow_ramp,ramp,0.0,1.4,0.0,0.8078244743754858,902.7291848850139,False,settled
b,yellow_ramp,ramp,0.0,1.4,0.0,1.0866214739611666,827.6190373072897,False,settled
b,yellow_ramp,ramp,0.0,1.4,0.0,0.8576819763369775,886.657660802457,False,settled
b,yellow_ramp,ramp,0.0,1.4,0.0,0.6277569612424466,959.8113680668661,False,settled
b,yellow_ramp,ramp,0.0,1.4,0.0,0.32081761677721266,1073.5214095630738,False,settled
b,yellow_ramp,ramp,0.0,1.4,0.0,0.8078557628423707,902.699730991838,False,settled
b,yellow_ramp,ramp,0.0,1.4,0.0,1.1418360935240077,814.4423558613204,False,settled
b,yellow_ramp,ramp,0.0,1.4,0.0,0.3291965196060084,1071.9043381193594,False,settled
b,yellow_ramp,ramp,0.0,1.4,0.0,0.8490229770641429,887.7651878828588,False,settled
b,yellow_ramp,ramp,0.0,1.4,0.0,1.1837154130080814,804.0124861264707,False,settled
b,yellow_ramp,ramp,0.0,1.4,0.0,0.7655586035037233,912.6597077000556,False,settled
b,yellow_ramp,ramp,0.0,1.4,0.0,0.8763360631686442,880.1692686755646,False,settled
b,yellow_ramp,ramp,0.0,1.4,0.0,0.976664389495034,850.7265711618296,False,settled
b,yellow_ramp,ramp,0.0,1.4,0.0,1.0298863403052365,842.9681731470611,False,settled
b,yellow_ramp,ramp,0.0,1.4,0.0,1.0457110801163683,836.9227250943665,False,settled
b,yellow_ramp,ramp,0.0,1.4,0.0,0.4770194670698054,1011.8159797451444,False,settled
b,yellow_ramp,ramp,0.0,1.4,0.0,0.6424746990724871,947.7382102432083,False,settled
b,yellow_ramp,ramp,0.0,1.4,0.0,0.6354786508431234,953.5667511163205,False,settled
b,yellow_ramp,ramp,0.0,1.4,0.0,0.6737542623938286,939.6729324596424,False,settled
b,yellow_ramp,ramp,0.0,1.4,0.0,0.8972876802422125,870.9559713643711,False,settled
b,yellow_ramp,ramp,0.0,1.4,0.0,1.221114946836345,790.8966168644243,False,settled
b,yellow_ramp,ramp,0.0,1.4,0.0,0.3608070468133036,1054.952483168447,False,settled
b,yellow_ramp,ramp,0.0,1.4,0.0,0.35090355137059015,1062.504862219224,False,settled
b,yellow_ramp,ramp,0.0,1.4,0.0,0.7236238049527288,928.2380849071246,False,settled
b,yellow_ramp,ramp,0.0,1.4,0.0,0.9537653050150146,857.6069715931634,False,settled
b,yellow_ramp,ramp,0.0,1.4,0.0,1.0295595151566044,840.665784650855,False,settled
b,yellow_ramp,ramp,0.0,1.4,0.0,0.48989514043728377,1001.4736667875168,False,settled
b,yellow_ramp,ramp,0.0,1.4,0.0,0.23970902149615866,1109.690098813238,False,settled
b,yellow_ramp,ramp,0.0,1.4,0.0,0.9268892339016669,867.078289442308,False,settled
b,yellow_ramp,ramp,0.0,1.4,0.0,0.4528738989191171,1020.8525288827491,False,settled
b,yellow_ramp,ramp,0.0,1.4,0.0,0.232528074399544,1099.3610661362954,False,settled
b,yellow_ramp,ramp,0.0,1.4,0.0,0.6995272130771764,933.3945187077359,False,settled
b,yellow_ramp,ramp,0.0,1.4,0.0,0.8092005949355688,901.4380052316078,False,settled
b,yellow_ramp,ramp,0.0,1.4,0.0,0.9929388958669995,845.2632257944398,False,settled
b,yellow_ramp,ramp,0.0,1.4,0.0,0.8288469148683923,896.2999530877474,False,settled
b,yellow_ramp,ramp,0.0,1.4,0.0,0.4240969624388346,1030.4189635745154,False,settled
b,yellow_ramp,ramp,0.0,1.4,0.0,0.9294075233642578,864.4202601838152,False,settled
b,yellow_ramp,ramp,0.0,1.4,0.0,0.7031611398582623,930.2553678079275,False,settled
b,yellow_ramp,ramp,0.0,1.4,0.0,0.348132090540796,1051.1609410588674,False,settled
b,yellow_ramp,ramp,0.0,1.4,0.0,0.29110365787777054,1077.0405707726736,False,settled
b,yellow_ramp,ramp,0.0,1.4,0.0,0.986597013834649,848.2690585926808,False,settled
b,yellow_ramp,ramp,0.0,1.4,0.0,0.8376409815445519,888.0461200624533,False,settled
b,yellow_ramp,ramp,0.0,1.4,0.0,0.23535650295448882,1103.062458824065,False,settled
b,yellow_ramp,ramp,0.0,1.4,0.0,0.27788012888114316,1084.2060585605789,False,settled
b,yellow_ramp,ramp,0.0,1.4,0.0,1.1648883576503584,809.0402821093325,False,settled
b,yellow_ramp,ramp,0.0,1.4,0.0,0.618005594625487,958.8706633928531,False,settled
b,yellow_ramp,ramp,0.0,1.4,0.0,1.0411775377133488,839.1796622789816,False,settled
b,yellow_ramp,ramp,0.0,1.4,0.0,0.25477183755543226,1089.6150798678566,False,settled
b,yellow_ramp,ramp,0.0,1.4,0.0,0.5917137399900922,971.4522059430114,False,settled
b,yellow_ramp,ramp,0.0,1.4,0.0,1.215465034942833,793.5963459891979,False,settled
b,yellow_ramp,ramp,0.0,1.4,0.0,0.7721058629303501,907.608757589146,False,settled
b,yellow_ramp,ramp,0.0,1.4,0.0,0.23513953064047657,1101.6515000803474,False,settled
b,yellow_ramp,ramp,0.0,1.4,0.0,1.1002252504288847,825.1193246657868,False,settled
b,yellow_ramp,ramp,0.0,1.4,0.0,0.7163670733642447,926.8883761636135,False,settled
b,yellow_ramp,ramp,0.0,1.4,0.0,0.5129804840899365,994.3500825545442,False,settled
b,yellow_ramp,ramp,0.0,1.4,0.0,0.2424194050209826,1105.0490382076873,False,settled
b,yellow_ramp,ramp,0.0,1.4,0.0,0.42646651111243805,1028.5318210644982,False,settled
b,yellow_ramp,ramp,0.0,1.4,0.0,1.194696606251058,802.0209991552033,False,settled
b,yellow_ramp,ramp,0.0,1.4,0.0,0.22748651586335747,1107.9302227876499,False,settled
b,yellow_ramp,ramp,0.0,1.4,0.0,0.5013773492512702,1003.5872417599968,False,settled
b,yellow_ramp,ramp,0.0,1.4,0.0,0.8880912110045802,874.4672761526589,False,settled
b,yellow_ramp,ramp,0.0,1.4,0.0,0.856808739066106,887.5171889814252,False,settled
b,yellow_ramp,ramp,0.0,1.4,0.0,0.7610516860492438,914.2368435344729,False,settled
b,yellow_ramp,ramp,0.0,1.4,0.0,1.1495744291343608,812.9742846861209,False,settled
b,yellow_ramp,ramp,0.0,1.4,0.0,0.7155878297257126,927.5663874142266,False,settled
b,yellow_ramp,ramp,0.0,1.4,0.0,1.2151750196383935,795.0541387161497,False,settled
b,yellow_ramp,ramp,0.0,1.4,0.0,0.23988411633660517,1110.5207622082735,False,settled
b,yellow_ramp,ramp,0.0,1.4,0.0,0.6587553448630216,943.0819612939396,False,settled
b,yellow_ramp,ramp,0.0,1.4,0.0,0.6541411777522912,946.9502355259432,False,settled
b,yellow_ramp,ramp,0.0,1.4,0.0,0.3294027558112332,1071.8771866976165,False,settled
b,yellow_ramp,ramp,0.0,1.4,0.0,0.25388088147053134,1102.6544430807808,False,settled
b,yellow_ramp,ramp,0.0,1.4,0.0,0.41231323295613553,1027.225719909603,False,settled
b,yellow_ramp,ramp,0.0,1.4,0.0,0.44280070897614604,1015.8621403742591,False,settled
b,yellow_ramp,ramp,0.0,1.4,0.0,0.43044537722178255,1025.3631179570114,False,settled
b,yellow_ramp,ramp,0.0,1.4,0.0,0.568321465051029,980.5746109060556,False,settled
b,yellow_ramp,ramp,0.0,1.4,0.0,0.7228498632454071,928.9213735086123,False,settled
b,yellow_ramp,ramp,0.0,1.4,0.0,0.46626286066604744,1018.3364540757062,False,settled
b,yellow_ramp,ramp,0.0,1.4,0.0,0.24133923688327713,1101.0289761538431,False,settled
b,yellow_ramp,ramp,0.0,1.4,0.0,0.43999427391637724,1017.9194117912125,False,settled
b,yellow_ramp,ramp,0.0,1.4,0.0,0.6037955560569976,966.2170805559543,False,settled
b,yellow_ramp,ramp,0.0,1.4,0.0,0.9869405093080623,847.8692062544402,False,settled
b,yellow_ramp,ramp,0.0,1.4,0.0,0.8212196535690108,896.858135208297,False,settled
b,yellow_ramp,ramp,0.0,1.4,0.0,0.3037350640492037,1071.9658306977772,False,settled
b,yellow_ramp,ramp,0.0,1.4,0.0,0.9609348711898996,854.5602144262834,False,settled
b,yellow_ramp,ramp,0.0,1.4,0.0,0.24494580315691425,1098.2898334782892,False,settled
b,yellow_ramp,ramp,0.0,1.4,0.0,0.8097419941894792,900.9326381208148,False,settled
b,yellow_ramp,ramp,0.0,1.4,0.0,0.3281160516213087,1072.046834776449,False,settled
b,yellow_ramp,ramp,0.0,1.4,0.0,0.3207227932356176,1073.5948447310936,False,settled
b,yellow_ramp,ramp,0.0,1.4,0.0,0.5013765943365234,1003.5878546669348,False,settled
b,yellow_ramp,ramp,0.0,1.4,0.0,0.6343621410315844,954.5032322145364,False,settled
b,yellow_ramp,ramp,0.0,1.4,0.0,1.0186116790948987,844.2569492403459,False,settled
b,yellow_ramp,ramp,0.0,1.4,0.0,0.27787248391809455,1084.196726323913,False,settled
b,yellow_ramp,ramp,0.0,1.4,0.0,1.0685307503907493,831.1613132466127,False,settled
b,yellow_ramp,ramp,0.0,1.4,0.0,0.24311854904414684,1105.3502835811028,False,settled
b,yellow_ramp,ramp,0.0,1.4,0.0,0.4398372643521365,1018.0401223762846,False,settled
b,yellow_ramp,ramp,0.0,1.4,0.0,0.4621116173454368,1019.116417868128,False,settled
b,yellow_ramp,ramp,0.0,1.4,0.0,1.0209338629258284,845.4689360951178,False,settled
b,yellow_ramp,ramp,0.0,1.4,0.0,1.0063325401518852,846.8882946476592,False,settled
b,yellow_ramp,ramp,0.0,1.4,0.0,0.523666115683526,987.4413366819117,False,settled
b,yellow_ramp,ramp,0.0,1.4,0.0,0.4355663334281831,1021.3149983888559,False,settled
b,yellow_ramp,ramp,0.0,1.4,0.0,0.4224616631398028,1031.721308519956,False,settled
b,yellow_ramp,ramp,0.0,1.4,0.0,0.2752702147611257,1089.190455294398,False,settled
b,yellow_ramp,ramp,0.0,1.4,0.0,0.8037134751091979,899.7741615678678,False,settled
b,yellow_ramp,ramp,0.0,1.4,0.0,0.3559647559883468,1058.4984155681257,False,settled
b,yellow_ramp,ramp,0.0,1.4,0.0,0.880008329159156,876.7942314821531,False,settled
b,yellow_ramp,ramp,0.0,1.4,0.0,0.6531821630198931,947.7102968389637,False,settled
b,yellow_ramp,ramp,0.0,1.4,0.0,0.6699818781629379,942.5085340778768,False,settled
b,yellow_ramp,ramp,0.0,1.4,0.0,0.7969262557852478,906.0664770851579,False,settled
b,yellow_ramp,ramp,0.0,1.4,0.0,0.6868417383631832,935.8421359489639,False,settled
b,yellow_ramp,ramp,0.0,1.4,0.0,0.9727507834633594,850.6096118026965,False,settled
b,yellow_ramp,ramp,0.0,1.4,0.0,0.7455512241107422,917.0703230281546,False,settled
b,yellow_ramp,ramp,0.0,1.4,0.0,0.26015050728701267,1096.7850379676959,False,settled
b,yellow_ramp,ramp,0.0,1.4,0.0,0.6366332008965894,952.5986752220797,False,settled
b,yellow_ramp,ramp,0.0,1.4,0.0,0.822346045539809,895.8308170179274,False,settled
b,yellow_ramp,ramp,0.0,1.4,0.0,1.069489599562298,832.1176731467651,False,settled
b,yellow_ramp,ramp,0.0,1.4,0.0,0.9953398521579045,846.7605403433947,False,settled
b,yellow_ramp,ramp,0.0,1.4,0.0,0.9221531533108095,866.8272445732676,False,settled
b,yellow_ramp,ramp,0.0,1.4,0.0,0.7216678342822143,922.401886647888,False,settled
b,yellow_ramp,ramp,0.0,1.4,0.0,1.100999285363712,823.8246672191765,False,settled
b,yellow_ramp,ramp,0.0,1.4,0.0,0.9876787164495304,847.0276759492764,False,settled
b,yellow_ramp,ramp,0.0,1.4,0.0,0.9713063917141254,852.2221443929525,False,settled
b,yellow_ramp,ramp,0.0,1.4,0.0,0.6204437170842866,956.8435301701055,False,settled
b,yellow_ramp,ramp,0.0,1.4,0.0,0.8758830727472725,880.6205714562093,False,settled
b,yellow_ramp,ramp,0.0,1.4,0.0,1.076256672437282,830.0783718152009,False,settled
b,yellow_ramp,ramp,0.0,1.4,0.0,0.6275481078724314,959.9877579555529,False,settled
b,yellow_ramp,ramp,0.0,1.4,0.0,0.9031902971301055,870.3705414869451,False,settled
b,yellow_ramp,ramp,0.0,1.4,0.0,1.0872108833372764,826.6979408038401,False,settled
b,yellow_ramp,ramp,0.0,1.4,0.0,0.5952788670468998,968.5337609768484,False,settled
b,yellow_ramp,ramp,0.0,1.4,0.0,0.28868394945428427,1076.870587691308,False,settled
b,yellow_ramp,ramp,0.0,1.4,0.0,0.5607869258114307,976.7566925395639,False,settled
b,yellow_ramp,ramp,0.0,1.4,0.0,0.291326663725924,1077.1823035153507,False,settled
b,yellow_ramp,ramp,0.0,1.4,0.0,1.1061077207447183,822.5898103509246,False,settled
b,yellow_ramp,ramp,0.0,1.4,0.0,0.9367242197663519,864.3062879523751,False,settled
b,yellow_ramp,ramp,0.0,1.4,0.0,1.0996812961864226,823.8468692565671,False,settled
b,yellow_ramp,ramp,0.0,1.4,0.0,0.2878197932559201,1077.2577938237866,False,settled
b,yellow_ramp,ramp,0.0,1.4,0.0,1.017389986061766,845.8318179717132,False,settled
b,yellow_ramp,ramp,0.0,1.4,0.0,1.1473824542316209,813.2734492163071,False,settled
b,yellow_ramp,ramp,0.0,1.4,0.0,0.5177415689276597,990.8803267423032,False,settled
b,yellow_ramp,ramp,0.0,1.4,0.0,0.8997538551234556,873.6099743901814,False,settled
b,yellow_ramp,ramp,0.0,1.4,0.0,0.24596554695878006,1101.125814474065,False,settled
b,yellow_ramp,ramp,0.0,1.4,0.0,0.6493296441552426,950.710761858615,False,settled
b,yellow_ramp,ramp,0.0,1.4,0.0,0.24668458429965762,1102.554611909276,False,settled
b,yellow_ramp,ramp,0.0,1.4,0.0,0.23273282802289838,1100.9342466265236,False,settled
b,yellow_ramp,ramp,0.0,1.4,0.0,0.9703738457859056,853.2828484640543,False,settled
b,yellow_ramp,ramp,0.0,1.4,0.0,0.2651864011632831,1085.7660198415865,False,settled
b,yellow_ramp,ramp,0.0,1.4,0.0,0.7426016338862182,919.6426312740941,False,settled
b,yellow_ramp,ramp,0.0,1.4,0.0,0.9014448017704603,871.8806331909468,False,settled
b,yellow_ramp,ramp,0.0,1.4,0.0,0.7406247785527121,921.3603090539509,False,settled
b,yellow_ramp,ramp,0.0,1.4,0.0,0.46615842831146415,1018.356075681159,False,settled
b,yellow_ramp,ramp,0.0,1.4,0.0,0.7349724283280802,918.5319487454756,False,settled
b,yellow_ramp,ramp,0.0,1.4,0.0,0.23926984434843543,1107.6702818412323,False,settled
b,yellow_ramp,ramp,0.0,1.4,0.0,0.8676160698247036,882.9124095961196,False,settled
b,yellow_ramp,ramp,0.0,1.4,0.0,0.8169147468749215,894.2650889529258,False,settled
b,yellow_ramp,ramp,0.0,1.4,0.0,1.1614730355998972,809.4498702065126,False,settled
b,yellow_ramp,ramp,0.0,1.4,0.0,1.0661753987297715,833.4839498828471,False,settled
b,yellow_ramp,ramp,0.0,1.4,0.0,0.7982035642688079,904.8822240016157,False,settled
b,yellow_ramp,ramp,0.0,1.4,0.0,0.5182039627196948,990.5164347132118,False,settled
b,yellow_ramp,ramp,0.0,1.4,0.0,1.1419772537870656,814.1876465848547,False,settled
b,yellow_ramp,ramp,0.0,1.4,0.0,0.6792332998984758,938.0644063200277,False,settled
b,yellow_ramp,ramp,0.0,1.4,0.0,0.2192194870331379,1109.2521302337227,False,settled
b,yellow_ramp,ramp,0.0,1.4,0.0,0.8907170073726522,877.2153636277686,False,settled
b,yellow_ramp,ramp,0.0,1.4,0.0,1.0539506311715912,835.4036581397584,False,settled
b,yellow_ramp,ramp,0.0,1.4,0.0,0.6999042355205121,933.0666919150348,False,settled
b,yellow_ramp,ramp,0.0,1.4,0.0,0.9660147674076593,853.5657265485647,False,settled
b,yellow_ramp,ramp,0.0,1.4,0.0,0.9910589636978807,847.4620416968486,False,settled
b,yellow_ramp,ramp,0.0,1.4,0.0,1.093408596198319,826.6673109110712,False,settled
b,yellow_ramp,ramp,0.0,1.4,0.0,0.43978302515176054,1018.08185767524,False,settled
b,yellow_ramp,ramp,0.0,1.4,0.0,0.6703683011982441,942.1815551631202,False,settled
b,yellow_ramp,ramp,0.0,1.4,0.0,0.7580817953649679,915.2765630491601,False,settled
b,yellow_ramp,ramp,0.0,1.4,0.0,0.21910848341367256,1115.9637851749671,False,settled
b,yellow_ramp,ramp,0.0,1.4,0.0,0.6375504017678082,951.8294595645158,False,settled
b,yellow_ramp,ramp,0.0,1.4,0.0,0.538519005619982,984.3037537307388,False,settled
b,yellow_ramp,ramp,0.0,1.4,0.0,0.2541181661253065,1102.7956806018292,False,settled
b,yellow_ramp,ramp,0.0,1.4,0.0,0.2633717402205842,1099.0040641316873,False,settled
b,yellow_ramp,ramp,0.0,1.4,0.0,0.8116910690496546,899.1131668413165,False,settled
b,yellow_ramp,ramp,0.0,1.4,0.0,0.3499119711248178,1063.2941296876907,False,settled
b,yellow_ramp,ramp,0.0,1.4,0.0,0.6845073743216039,936.5178268021418,False,settled
b,yellow_ramp,ramp,0.0,1.4,0.0,0.46347433208818345,1018.8603830729872,False,settled
b,yellow_ramp,ramp,0.0,1.4,0.0,0.2938852700887201,1077.8903143809348,False,settled
b,yellow_ramp,ramp,0.0,1.4,0.0,0.4209644429622486,1032.9155176628342,False,settled
b,yellow_ramp,ramp,0.0,1.4,0.0,0.3541527656090412,1059.9310888591374,False,settled
b,yellow_ramp,ramp,0.0,1.4,0.0,0.5445044757181409,979.5982862173576,False,settled
b,yellow_ramp,ramp,0.0,1.4,0.0,1.0750562888930917,830.7859917971616,False,settled
b,yellow_ramp,ramp,0.0,1.4,0.0,0.798779113071077,904.3485586221615,False,settled
b,yellow_ramp,ramp,0.0,1.4,0.0,0.7185899663117924,925.0452100743354,False,settled
b,yellow_ramp,ramp,0.0,1.4,0.0,0.5474847537737514,987.3773074697666,False,settled
b,yellow_ramp,ramp,0.0,1.4,0.0,0.2405718835691577,1098.1348744047928,False,settled
b,yellow_ramp,ramp,0.0,1.4,0.0,1.1076426731264652,823.126542780885,False,settled
b,yellow_ramp,ramp,0.0,1.4,0.0,0.23972261095224787,1109.7546703594935,False,settled
b,yellow_ramp,ramp,0.0,1.4,0.0,1.1668045853064195,808.0293664871893,False,settled
b,yellow_ramp,ramp,0.0,1.4,0.0,0.652158621458449,948.5759803992848,False,settled
b,yellow_ramp,ramp,0.0,1.4,0.0,0.5583591299431213,978.4651588687385,False,settled
b,yellow_ramp,ramp,0.0,1.4,0.0,0.2514049599182665,1099.4568323044534,False,settled
b,yellow_ramp,ramp,0.0,1.4,0.0,0.5901088971778428,972.7700145359083,False,settled
b,yellow_ramp,ramp,0.0,1.4,0.0,0.5377248466217786,984.4694338327207,False,settled
b,yellow_ramp,ramp,0.0,1.4,0.0,0.6956362916506124,936.5281903080148,False,settled
b,yellow_ramp,ramp,0.0,1.4,0.0,0.7979915809017833,905.0787717086293,False,settled
b,yellow_ramp,ramp,0.0,1.4,0.0,1.1521396601857983,810.9832134312949,False,settled
b,yellow_ramp,ramp,0.0,1.4,0.0,0.7485668273254664,914.461047394909,False,settled
b,yellow_ramp,ramp,0.0,1.4,0.0,0.9474544271607503,859.642692206991,False,settled
b,yellow_ramp,ramp,0.0,1.4,0.0,0.8087691877849716,901.840695415257,False,settled
b,yellow_ramp,ramp,0.0,1.4,0.0,0.9153518973769171,868.57467312862,False,settled
b,yellow_ramp,ramp,0.0,1.4,0.0,1.0556274235408396,835.6580984424404,False,settled
b,yellow_ramp,ramp,0.0,1.4,0.0,0.663148741661523,948.0037262101201,False,settled
b,yellow_ramp,ramp,0.0,1.4,0.0,0.9538169096968787,857.5500854119878,False,settled
b,yellow_ramp,ramp,0.0,1.4,0.0,1.0658838918390834,831.9207752265255,False,settled
b,yellow_ramp,ramp,0.0,1.4,0.0,1.1720569075598122,807.3762844918655,False,settled
b,yellow_ramp,ramp,0.0,1.4,0.0,0.26768450106521746,1084.9806340347777,False,settled
b,yellow_ramp,ramp,0.0,1.4,0.0,1.020721019450807,843.1254506548155,False,settled
b,yellow_ramp,ramp,0.0,1.4,0.0,0.4975634633468734,1006.6842011753457,False,settled
b,yellow_ramp,ramp,0.0,1.4,0.0,1.0684295800041936,831.3034148174247,False,settled
b,yellow_ramp,ramp,0.0,1.4,0.0,0.2840977276508805,1081.5561089550272,False,settled
b,yellow_ramp,ramp,0.0,1.4,0.0,0.32586683661954496,1072.3433688135747,False,settled
b,yellow_ramp,ramp,0.0,1.4,0.0,1.0732618150995685,831.1417854092979,False,settled
b,yellow_ramp,ramp,0.0,1.4,0.0,0.39157498165024157,1035.5095963575707,False,settled
b,yellow_ramp,ramp,0.0,1.4,0.0,1.1317534831552503,816.9700069919872,False,settled
b,yellow_ramp,ramp,0.0,1.4,0.0,0.7264620545900151,925.9790137465399,False,settled
b,yellow_ramp,ramp,0.0,1.4,0.0,0.8195141967599381,898.4138361859139,False,settled
b,yellow_ramp,ramp,0.0,1.4,0.0,0.5875261845863631,965.3769826569926,False,settled
b,yellow_ramp,ramp,0.0,1.4,0.0,0.26083239136287645,1097.863372565269,False,settled
b,yellow_ramp,ramp,0.0,1.4,0.0,0.779101141452329,908.4257374084406,False,settled
b,yellow_ramp,ramp,0.0,1.4,0.0,0.30066836102534794,1074.1361001009268,False,settled
b,yellow_ramp,ramp,0.0,1.4,0.0,0.8076660243578847,896.2769251223933,False,settled
b,yellow_ramp,ramp,0.0,1.4,0.0,0.6653109741267531,946.1855397500499,False,settled
b,yellow_ramp,ramp,0.0,1.4,0.0,0.9491193353233642,857.9088981320396,False,settled
b,yellow_ramp,ramp,0.0,1.4,0.0,0.9726785215144655,850.6910817656806,False,settled
b,yellow_ramp,ramp,0.0,1.4,0.0,1.0067713450729447,847.9654375436199,False,settled
b,yellow_ramp,ramp,0.0,1.4,0.0,0.8411024598642948,891.1164051690077,False,settled
b,yellow_ramp,ramp,0.0,1.4,0.0,0.5867622839254847,965.9752307287735,False,settled
b,yellow_ramp,ramp,0.0,1.4,0.0,0.8455647201848253,889.2204604994829,False,settled
b,yellow_ramp,ramp,0.0,1.4,0.0,0.4151473438677185,1037.3342758179551,False,settled
b,yellow_ramp,ramp,0.0,1.4,0.0,0.625413634701808,952.8465013816121,False,settled
b,yellow_ramp,ramp,0.0,1.4,0.0,0.34644637694877517,1052.5180969276582,False,settled
b,yellow_ramp,ramp,0.0,1.4,0.0,0.5163145664938651,991.7200376668758,False,settled
b,yellow_ramp,ramp,0.0,1.4,0.0,0.837396666263159,888.2712826988051,False,settled
b,yellow_ramp,ramp,0.0,1.4,0.0,1.2067677716413217,797.5780568694686,False,settled
b,yellow_ramp,ramp,0.0,1.4,0.0,0.7055470680405622,928.2133677519786,False,settled
b,yellow_ramp,ramp,0.0,1.4,0.0,0.9732377646890064,850.0659648548335,False,settled
b,yellow_ramp,ramp,0.0,1.4,0.0,0.24015438056157776,1110.5796886757173,False,settled
b,yellow_ramp,ramp,0.0,1.4,0.0,0.4318363738163473,1024.2633989518022,False,settled
b,yellow_ramp,ramp,0.0,1.4,0.0,0.8274116197038115,891.1827047993374,False,settled
b,yellow_ramp,ramp,0.0,1.4,0.0,0.2761801045741558,1089.5005400406294,False,settled
b,yellow_ramp,ramp,0.0,1.4,0.0,1.2227462799355346,791.1117947802871,False,settled
b,yellow_ramp,ramp,0.0,1.4,0.0,0.6793632768214546,938.0262626564809,False,settled
b,yellow_ramp,ramp,0.0,1.4,0.0,0.5987700250991214,967.5026899202772,False,settled
b,yellow_ramp,ramp,0.0,1.4,0.0,0.44734156980309203,1024.3739702507019,False,settled
b,yellow_ramp,ramp,0.0,1.4,0.0,0.25351887740775875,1102.6628485305305,False,settled
b,yellow_ramp,ramp,0.0,1.4,0.0,0.9697644543263584,853.9759501666142,False,settled
b,yellow_ramp,ramp,0.0,1.4,0.0,0.3266406612984269,1072.2412409624562,False,settled
b,yellow_ramp,ramp,0.0,1.4,0.0,0.7895915411874482,905.8974792474227,False,settled
b,yellow_ramp,ramp,0.0,1.4,0.0,0.3145436150237276,1077.9491434496526,False,settled
b,yellow_ramp,ramp,0.0,1.4,0.0,0.9298593090427618,864.2002392281983,False,settled
b,yellow_ramp,ramp,0.0,1.4,0.0,0.3561976145719441,1058.5668506595796,False,settled
b,yellow_ramp,ramp,0.0,1.4,0.0,0.9238699849072822,865.2892018172334,False,settled
b,yellow_ramp,ramp,0.0,1.4,0.0,0.5648271614695993,973.499949941943,False,settled
b,yellow_ramp,ramp,0.0,1.4,0.0,0.993086705332996,845.0945247744658,False,settled
b,yellow_ramp,ramp,0.0,1.4,0.0,0.29432374880723833,1077.7297203954313,False,settled
b,yellow_ramp,ramp,0.0,1.4,0.0,0.674006157384405,939.598951101795,False,settled
b,yellow_ramp,ramp,0.0,1.4,0.0,0.48665583388358524,1004.0606745831465,False,settled
b,yellow_ramp,ramp,0.0,1.4,0.0,0.5189176466945254,989.9547892128145,False,settled
b,yellow_ramp,ramp,0.0,1.4,0.0,0.6301838478026291,957.7616109539573,False,settled
b,yellow_ramp,ramp,0.0,1.4,0.0,0.8775741741000166,878.9357375680934,False,settled
b,yellow_ramp,ramp,0.0,1.4,0.0,0.25951261293152666,1095.3392374853734,False,settled
b,yellow_ramp,ramp,0.0,1.4,0.0,0.4844364562447459,1005.8447535512851,False,settled
b,yellow_ramp,ramp,0.0,1.4,0.0,0.8336415258740937,891.7826500702187,False,settled
b,yellow_ramp,ramp,0.0,1.4,0.0,0.9838395414693656,847.137499735835,False,settled
b,yellow_ramp,ramp,0.0,1.4,0.0,0.7573503607795871,915.5327309700358,False,settled
b,yellow_ramp,ramp,0.0,1.4,0.0,0.3701142334727976,1047.6720179964154,False,settled
b,yellow_ramp,ramp,0.0,1.4,0.0,0.3318703212916772,1057.7036264517856,False,settled
b,yellow_ramp,ramp,0.0,1.4,0.0,0.22797453777945556,1102.351356921264,False,settled
b,yellow_ramp,ramp,0.0,1.4,0.0,0.39468177363263207,1035.118423194013,False,settled
b,yellow_ramp,ramp,0.0,1.4,0.0,0.44559912727932327,1025.7559133832146,False,settled
b,yellow_ramp,ramp,0.0,1.4,0.0,0.8939851051924278,873.9019068110423,False,settled
b,yellow_ramp,ramp,0.0,1.4,0.0,0.21950264025209842,1116.2719028747074,False,settled
b,yellow_ramp,ramp,0.0,1.4,0.0,1.0496108183372646,836.3817888625814,False,settled
b,yellow_ramp,ramp,0.0,1.4,0.0,0.8023436714868186,901.0439381883717,False,settled
b,yellow_ramp,ramp,0.0,1.4,0.0,0.3211085576011224,1073.2961335439243,False,settled
b,yellow_ramp,ramp,0.0,1.4,0.0,1.0445409393687028,838.449114674677,False,settled
b,yellow_ramp,ramp,0.0,1.4,0.0,1.0142765696397014,845.5600940397776,False,settled
b,yellow_ramp,ramp,0.0,1.4,0.0,0.6053352242978294,965.8232091956135,False,settled
b,yellow_ramp,ramp,0.0,1.4,0.0,0.822707255419592,895.4987824711168,False,settled
b,yellow_ramp,ramp,0.0,1.4,0.0,0.3191842475280925,1074.5570106014748,False,settled
b,yellow_ramp,ramp,0.0,1.4,0.0,0.25092515073548266,1098.304125450906,False,settled
b,yellow_ramp,ramp,0.0,1.4,0.0,0.3068088450820218,1069.7657452166347,False,settled
b,yellow_ramp,ramp,0.0,1.4,0.0,1.1621726077707892,808.3534377110515,False,settled
b,yellow_ramp,ramp,0.0,1.4,0.0,0.921901057499525,867.0903384207769,False,settled
b,yellow_ramp,ramp,0.0,1.4,0.0,0.7426507623458735,919.5999382190676,False,settled
b,yellow_ramp,ramp,0.0,1.4,0.0,0.2790916170399227,1084.2253012369367,False,settled
b,yellow_ramp,ramp,0.0,1.4,0.0,0.45450353958055434,1020.5460158820321,False,settled
b,yellow_ramp,ramp,0.0,1.4,0.0,0.5685024537740188,980.4251705474082,False,settled
b,yellow_ramp,ramp,0.0,1.4,0.0,0.23395104393769695,1107.5727478145193,False,settled
b,yellow_ramp,ramp,0.0,1.4,0.0,0.25321383776607004,1102.070538325557,False,settled
b,yellow_ramp,ramp,0.0,1.4,0.0,0.26342040741632694,1099.0655260102917,False,settled
b,yellow_ramp,ramp,0.0,1.4,0.0,0.7411114368818074,920.9352122958816,False,settled
b,yellow_ramp,ramp,0.0,1.4,0.0,0.9662982286916307,853.301950240617,False,settled
b,yellow_ramp,ramp,0.0,1.4,0.0,0.9509129500337926,856.0046662524404,False,settled
b,yellow_ramp,ramp,0.0,1.4,0.0,0.31618918360499065,1076.6525219956488,False,settled
b,yellow_ramp,ramp,0.0,1.4,0.0,0.8365603770924014,889.1263878741066,False,settled
b,yellow_ramp,ramp,0.0,1.4,0.0,0.2372556050177823,1098.0925902690453,False,settled
b,yellow_ramp,ramp,0.0,1.4,0.0,0.2390989683608023,1106.8660405092096,False,settled
b,yellow_ramp,ramp,0.0,1.4,0.0,1.0930497291709766,827.2712570672979,False,settled
b,yellow_ramp,ramp,0.0,1.4,0.0,1.1194892409671697,819.2818065711588,False,settled
b,yellow_ramp,ramp,0.0,1.4,0.0,0.621435138295536,956.1112119521628,False,settled
b,yellow_ramp,ramp,0.0,1.4,0.0,1.1571594277060404,809.6884699793819,False,settled
b,yellow_ramp,ramp,0.0,1.4,0.0,0.23321046890866004,1102.7689643530466,False,settled
b,yellow_ramp,ramp,0.0,1.4,0.0,0.5237862106531455,987.409914064317,False,settled
b,yellow_ramp,ramp,0.0,1.4,0.0,1.120144761786976,819.6280227261998,False,settled
b,yellow_ramp,ramp,0.0,1.4,0.0,0.7822301211765947,905.586394670358,False,settled
b,yellow_ramp,ramp,0.0,1.4,0.0,0.7544545978179595,916.7566108674414,False,settled
b,yellow_ramp,ramp,0.0,1.4,0.0,0.6595511282318521,942.4883653111673,False,settled
b,yellow_ramp,ramp,0.0,1.4,0.0,0.7380718407200906,923.5793522521277,False,settled
b,yellow_ramp,ramp,0.0,1.4,0.0,0.5559321564685314,980.4501853511982,False,settled
b,yellow_ramp,ramp,0.0,1.4,0.0,0.2317243608938672,1108.4310447011324,False,settled
b,yellow_ramp,ramp,0.0,1.4,0.0,0.75893090120077,914.9792828502253,False,settled
b,yellow_ramp,ramp,0.0,1.4,0.0,1.1665448051930574,807.8530717370079,False,settled
b,yellow_ramp,ramp,0.0,1.4,0.0,0.7150084503702387,928.0704346041902,False,settled
b,yellow_ramp,ramp,0.0,1.4,0.0,0.6735289360482254,939.739100657646,False,settled
b,yellow_ramp,ramp,0.0,1.4,0.0,1.207144471124865,798.159470704573,False,settled
b,yellow_ramp,ramp,0.0,1.4,0.0,0.9593332765143227,856.2560086200418,False,settled
b,yellow_ramp,ramp,0.0,1.4,0.0,0.7221877483733653,921.9014682528145,False,settled
b,yellow_ramp,ramp,0.0,1.4,0.0,1.0120891908160137,845.5841764855046,False,settled
b,yellow_ramp,ramp,0.0,1.4,0.0,0.22791895475282872,1101.5700081596492,False,settled
b,yellow_ramp,ramp,0.0,1.4,0.0,0.7013598561488746,931.8102602924433,False,settled
b,yellow_ramp,ramp,0.0,1.4,0.0,0.47598640544435655,1012.6531699680247,False,settled
b,yellow_ramp,ramp,0.0,1.4,0.0,0.5522699328522708,983.4460669092048,False,settled
b,yellow_ramp,ramp,0.0,1.4,0.0,0.8977099760271453,875.7008727450676,False,settled
b,yellow_ramp,ramp,0.0,1.4,0.0,1.114546089880514,819.1741593618856,False,settled
b,yellow_ramp,ramp,0.0,1.4,0.0,1.095082338136662,824.9656509793826,False,settled
b,yellow_ramp,ramp,0.0,1.4,0.0,0.3969149141911927,1034.788219978059,False,settled
b,yellow_ramp,ramp,0.0,1.4,0.0,0.8370594271129889,888.588192779076,False,settled
b,yellow_ramp,ramp,0.0,1.4,0.0,0.34721881661119974,1051.9265928636335,False,settled
b,yellow_ramp,ramp,0.0,1.4,0.0,0.32939947323207963,1071.877619068417,False,settled
b,yellow_ramp,ramp,0.0,1.4,0.0,0.8303336455507916,894.8967812608535,False,settled
b,yellow_ramp,ramp,0.0,1.4,0.0,0.5060389057398249,999.8040543429368,False,settled
b,yellow_ramp,ramp,0.0,1.4,0.0,0.6303997612726762,957.579270926469,False,settled
b,yellow_ramp,ramp,0.0,1.4,0.0,0.6934962213514139,938.3888358292314,False,settled
b,yellow_ramp,ramp,0.0,1.4,0.0,0.7135926309281121,929.3044162063627,False,settled
b,yellow_ramp,ramp,0.0,1.4,0.0,0.3119555597231054,1065.8515806042515,False,settled
b,yellow_ramp,ramp,0.0,1.4,0.0,0.41770324397033026,1035.5319798428748,False,settled
b,yellow_ramp,ramp,0.0,1.4,0.0,0.41646308910737556,1036.5270192405944,False,settled
b,yellow_ramp,ramp,0.0,1.4,0.0,0.39406402561525106,1035.1367599216892,False,settled
b,yellow_ramp,ramp,0.0,1.4,0.0,0.7506856465729536,920.116053070082,False,settled
b,yellow_ramp,ramp,0.0,1.4,0.0,0.7776601402359752,909.7430274492141,False,settled
b,yellow_ramp,ramp,0.0,1.4,0.0,0.6576075225089191,944.1248358933861,False,settled
b,yellow_ramp,ramp,0.0,1.4,0.0,0.8388103273455377,893.253286683939,False,settled
b,yellow_ramp,ramp,0.0,1.4,0.0,1.1884726896761526,802.9945448992928,False,settled
b,yellow_ramp,ramp,0.0,1.4,0.0,0.30290525484027636,1072.5540021080253,False,settled
b,yellow_ramp,ramp,0.0,1.4,0.0,0.2869324044136724,1077.5111221942343,False,settled
b,yellow_ramp,ramp,0.0,1.4,0.0,0.25550170177427084,1091.1883718545123,False,settled
b,yellow_ramp,ramp,0.0,1.4,0.0,0.9961496294052891,845.8014037764649,False,settled
b,yellow_ramp,ramp,0.0,1.4,0.0,0.35975721010897505,1055.7625651778712,False,settled
b,yellow_ramp,ramp,0.0,1.4,0.0,0.9106082879780495,868.3034258022703,False,settled
b,yellow_ramp,ramp,0.0,1.4,0.0,0.2339956155749662,1107.8480136018238,False,settled
b,yellow_ramp,ramp,0.0,1.4,0.0,0.9033798761754306,870.1779404411915,False,settled
b,yellow_ramp,ramp,0.0,1.4,0.0,1.107218584583465,822.8430463772669,False,settled
b,yellow_ramp,ramp,0.0,1.4,0.0,0.9085391818204472,870.0847133714783,False,settled
b,yellow_ramp,ramp,0.0,1.4,0.0,0.7499677848994678,920.5085033823688,False,settled
b,yellow_ramp,ramp,0.0,1.4,0.0,0.7630323210603659,913.5437472313106,False,settled
b,yellow_ramp,ramp,0.0,1.4,0.0,1.2120967078571079,796.0561752538274,False,settled
b,yellow_ramp,ramp,0.0,1.4,0.0,1.0036904104531827,845.4181830612638,False,settled
b,yellow_ramp,ramp,0.0,1.4,0.0,0.37303625903140825,1045.3996316722491,False,settled
b,yellow_ramp,ramp,0.0,1.4,0.0,0.8275808853032589,891.0300051241458,False,settled
b,yellow_ramp,ramp,0.0,1.4,0.0,0.6655152419412103,946.0138020120198,False,settled
b,yellow_ramp,ramp,0.0,1.4,0.0,0.646750967123045,952.897641599495,False,settled
b,yellow_ramp,ramp,0.0,1.4,0.0,0.7631042321887709,913.5185828857445,False,settled
b,yellow_ramp,ramp,0.0,1.4,0.0,0.8935400706735758,874.350625548778,False,settled
b,yellow_ramp,ramp,0.0,1.4,0.0,1.192863757196114,801.8152144789714,False,settled
b,yellow_ramp,ramp,0.0,1.4,0.0,0.9301303903554703,863.9150623861835,False,settled
b,yellow_ramp,ramp,0.0,1.4,0.0,0.3904262992660457,1035.6797785824504,False,settled
b,yellow_ramp,ramp,0.0,1.4,0.0,0.7373119261124845,923.9894456093098,False,settled
b,yellow_ramp,ramp,0.0,1.4,0.0,1.1733655065808768,806.7732776809303,False,settled
b,yellow_ramp,ramp,0.0,1.4,0.0,0.3405960080279471,1056.7175620151409,False,settled
b,yellow_ramp,ramp,0.0,1.4,0.0,1.0516584049902558,836.142610071627,False,settled
b,yellow_ramp,ramp,0.0,1.4,0.0,0.6397012029672928,950.1178982737958,False,settled
b,yellow_ramp,ramp,0.0,1.4,0.0,0.2249674324801167,1102.9475591542282,False,settled
b,yellow_ramp,ramp,0.0,1.4,0.0,1.1811703709289547,804.3226868229344,False,settled
b,yellow_ramp,ramp,0.0,1.4,0.0,0.6856597775785301,936.184262067891,False,settled
b,yellow_ramp,ramp,0.0,1.4,0.0,0.9012503078297533,872.0795482893394,False,settled
b,yellow_ramp,ramp,0.0,1.4,0.0,0.8115215897391916,899.271341983063,False,settled
b,yellow_ramp,ramp,0.0,1.4,0.0,1.0738153971968738,830.3391045849277,False,settled
b,yellow_ramp,ramp,0.0,1.4,0.0,1.0983378115335503,825.0458955710518,False,settled
b,yellow_ramp,ramp,0.0,1.4,0.0,0.3609489852595679,1054.8418654714803,False,settled
b,yellow_ramp,ramp,0.0,1.4,0.0,0.5086540273864525,997.7643872372981,False,settled
b,yellow_ramp,ramp,0.0,1.4,0.0,0.8919343518404229,875.9774849642467,False,settled
b,yellow_ramp,ramp,0.0,1.4,0.0,1.0186361855415116,844.2252838798985,False,settled
b,yellow_ramp,ramp,0.0,1.4,0.0,0.452565758746816,1020.9104580838734,False,settled
b,yellow_ramp,ramp,0.0,1.4,0.0,0.2959201239362728,1077.0405003392457,False,settled
b,yellow_ramp,ramp,0.0,1.4,0.0,0.8453661912499051,889.3039999619198,False,settled
b,yellow_ramp,ramp,0.0,1.4,0.0,0.3187844611379769,1074.7804232566136,False,settled
b,yellow_ramp,ramp,0.0,1.4,0.0,0.7662899054595892,912.4037983491271,False,settled
b,yellow_ramp,ramp,0.0,1.4,0.0,0.35574681086978044,1058.670731762429,False,settled
b,yellow_ramp,ramp,0.0,1.4,0.0,1.142544880024139,814.9035873414558,False,settled
b,yellow_ramp,ramp,0.0,1.4,0.0,0.44509310724720647,1026.1572411050986,False,settled
b,yellow_ramp,ramp,0.0,1.4,0.0,0.43059788929131154,1025.242210103,False,settled
b,yellow_ramp,ramp,0.0,1.4,0.0,1.2187192452402777,792.4590711626721,False,settled
b,yellow_ramp,ramp,0.0,1.4,0.0,0.24284912850041712,1106.5219034667014,False,settled
b,yellow_ramp,ramp,0.0,1.4,0.0,1.0409275111605933,839.5308968414013,False,settled
b,yellow_ramp,ramp,0.0,1.4,0.0,0.5175464893997845,991.1117313635077,False,settled
b,yellow_ramp,ramp,0.0,1.4,0.0,0.4310988267019756,1024.846313486505,False,settled
b,yellow_ramp,ramp,0.0,1.4,0.0,0.5594654734752403,977.8300557558871,False,settled
b,yellow_ramp,ramp,0.0,1.4,0.0,1.1311239917038622,816.9233964654177,False,settled
b,yellow_ramp,ramp,0.0,1.4,0.0,0.8262526025415703,892.3252478380346,False,settled
b,yellow_ramp,ramp,0.0,1.4,0.0,0.2804338495542386,1087.0502916810285,False,settled
b,yellow_ramp,ramp,0.0,1.4,0.0,0.6619821490771836,949.0498388113631,False,settled
b,yellow_ramp,ramp,0.0,1.4,0.0,0.9286098187727502,865.2574039825812,False,settled
b,yellow_ramp,ramp,0.0,1.4,0.0,0.727478318111753,925.0806063995395,False,settled
b,yellow_ramp,ramp,0.0,1.4,0.0,1.1626561641690774,809.002759921925,False,settled
b,yellow_ramp,ramp,0.0,1.4,0.0,0.9024997377688154,871.1502979792268,False,settled
b,yellow_ramp,ramp,0.0,1.4,0.0,0.808020805964364,902.5443646382074,False,settled
b,yellow_ramp,ramp,0.0,1.4,0.0,0.8974807689610027,870.6985406600967,False,settled
b,yellow_ramp,ramp,0.0,1.4,0.0,0.8734119253615902,877.532052159365,False,settled
b,yellow_ramp,ramp,0.0,1.4,0.0,0.9242274522588471,865.006647181358,False,settled
b,yellow_ramp,ramp,0.0,1.4,0.0,0.3957262497637454,1034.963787286388,False,settled
b,yellow_ramp,ramp,0.0,1.4,0.0,1.1996393664323295,799.9975949952125,False,settled
b,yellow_ramp,ramp,0.0,1.4,0.0,0.36404220630013234,1052.4209907202514,False,settled
b,yellow_ramp,ramp,0.0,1.4,0.0,0.24022837146543488,1110.8810745392698,False,settled
b,yellow_ramp,ramp,0.0,1.4,0.0,0.7336167425915454,919.7156714887556,False,settled
b,yellow_ramp,ramp,0.0,1.4,0.0,0.9975476124776441,844.1682949717513,False,settled
b,yellow_ramp,ramp,0.0,1.4,0.0,0.46034816389380445,1019.4477438862141,False,settled
b,yellow_ramp,ramp,0.0,1.4,0.0,1.1682001678080374,807.8938918329202,False,settled
b,yellow_ramp,ramp,0.0,1.4,0.0,0.24833203744732307,1092.432928011277,False,settled
b,yellow_ramp,ramp,0.0,1.4,0.0,0.24560270511319104,1098.7360178816639,False,settled
b,yellow_ramp,ramp,0.0,1.4,0.0,0.4364118908164402,1020.6467303434766,False,settled
b,yellow_ramp,ramp,0.0,1.4,0.0,0.5025184059007551,1002.6606964604648,False,settled
b,yellow_ramp,ramp,0.0,1.4,0.0,0.9734281176618889,849.954679626934,False,settled
b,yellow_ramp,ramp,0.0,1.4,0.0,0.2647126315931936,1085.651939336631,False,settled
b,yellow_ramp,ramp,0.0,1.4,0.0,0.4867702221241661,1003.968721155696,False,settled
b,yellow_ramp,ramp,0.0,1.4,0.0,0.480982026448543,1008.6220449699729,False,settled
b,yellow_ramp,ramp,0.0,1.4,0.0,0.718745112063592,924.9102566061671,False,settled
b,yellow_ramp,ramp,0.0,1.4,0.0,0.6721518359806958,940.6780388410043,False,settled
b,yellow_ramp,ramp,0.0,1.4,0.0,0.5710200194935399,978.3464111456315,False,settled
b,yellow_ramp,ramp,0.0,1.4,0.0,1.194269268708472,801.3024421259654,False,settled
b,yellow_ramp,ramp,0.0,1.4,0.0,0.6359202796030587,953.196453065876,False,settled
b,yellow_ramp,ramp,0.0,1.4,0.0,0.46899020263250646,1006.3581699376342,False,settled
b,yellow_ramp,ramp,0.0,1.4,0.0,0.2335167863597882,1106.7256509081794,False,settled
b,yellow_ramp,ramp,0.0,1.4,0.0,1.099701156697003,823.812595126826,False,settled
b,yellow_ramp,ramp,0.0,1.4,0.0,1.147207163100149,812.879314628673,False,settled
b,yellow_ramp,ramp,0.0,1.4,0.0,0.8321202917738817,893.2113911508553,False,settled
b,yellow_ramp,ramp,0.0,1.4,0.0,0.3364220741188298,1057.1263703087036,False,settled
b,yellow_ramp,ramp,0.0,1.4,0.0,0.7227468404586229,929.0123285397666,False,settled
b,yellow_ramp,ramp,0.0,1.4,0.0,0.4138142623404876,1038.4030335875677,False,settled
b,yellow_ramp,ramp,0.0,1.4,0.0,0.30006267381252505,1074.5524095665335,False,settled
b,yellow_ramp,ramp,0.0,1.4,0.0,0.2377162669935434,1100.532906302788,False,settled
b,yellow_ramp,ramp,0.0,1.4,0.0,0.8459527620915921,889.0571752872376,False,settled
b,yellow_ramp,ramp,0.0,1.4,0.0,0.3793392229217445,1040.526099045285,False,settled
b,yellow_ramp,ramp,0.0,1.4,0.0,1.1156309440110423,821.0043276516178,False,settled
b,yellow_ramp,ramp,0.0,1.4,0.0,0.7026799064936632,930.6706805599304,False,settled
b,yellow_ramp,ramp,0.0,1.4,0.0,0.3282195297428465,1072.0331872775716,False,settled
b,yellow_ramp,ramp,0.0,1.4,0.0,0.7089704807112982,933.1066439713366,False,settled
b,yellow_ramp,ramp,0.0,1.4,0.0,1.1544268142155727,810.9821158143812,False,settled
b,yellow_ramp,ramp,0.0,1.4,0.0,0.23603387630643652,1104.5218040283667,False,settled
b,yellow_ramp,ramp,0.0,1.4,0.0,0.3983346131123087,1034.4913375265737,False,settled
b,yellow_ramp,ramp,0.0,1.4,0.0,0.583820967859661,968.2925841269414,False,settled
b,yellow_ramp,ramp,0.0,1.4,0.0,0.7868618580693642,908.410680524165,False,settled
b,yellow_ramp,ramp,0.0,1.4,0.0,0.8580355849541179,886.3111696211841,False,settled
b,yellow_ramp,ramp,0.0,1.4,0.0,0.5067498583078051,999.231446745731,False,settled
b,yellow_ramp,ramp,0.0,1.4,0.0,0.5323347881116176,985.5167396485624,False,settled
b,yellow_ramp,ramp,0.0,1.4,0.0,0.4393236392946303,1018.5097027584698,False,settled
b,yellow_ramp,ramp,0.0,1.4,0.0,0.9023976581772792,871.2549111404344,False,settled
b,yellow_ramp,ramp,0.0,1.4,0.0,0.38768520137626183,1036.1969409913943,False,settled
b,yellow_ramp,ramp,0.0,1.4,0.0,0.4924585814949301,999.5178596976765,False,settled
b,yellow_ramp,ramp,0.0,1.4,0.0,0.3173031528636278,1075.7743155975488,False,settled
b,yellow_ramp,ramp,0.0,1.4,0.0,1.0056939716250157,847.67855559253,False,settled
b,yellow_ramp,ramp,0.0,1.4,0.0,0.4163780156058682,1036.5952648163932,False,settled
b,yellow_ramp,ramp,0.0,1.4,0.0,0.6177013544045762,959.1236113425489,False,settled
b,yellow_ramp,ramp,0.0,1.4,0.0,0.9840341256460835,851.0108720241896,False,settled
b,yellow_ramp,ramp,0.0,1.4,0.0,0.9661890612295366,853.4244800676335,False,settled
b,yellow_ramp,ramp,0.0,1.4,0.0,1.0283171865116516,841.4931855487976,False,settled
b,yellow_ramp,ramp,0.0,1.4,0.0,0.67526916963572,939.2280403626845,False,settled
b,yellow_ramp,ramp,0.0,1.4,0.0,0.8356216851020758,889.9209657410674,False,settled
b,yellow_ramp,ramp,0.0,1.4,0.0,0.8711711567338141,879.4135805352496,False,settled
b,yellow_ramp,ramp,0.0,1.4,0.0,0.6836280988522985,936.774687221228,False,settled
b,yellow_ramp,ramp,0.0,1.4,0.0,0.98640268428258,848.4952947743643,False,settled
b,yellow_ramp,ramp,0.0,1.4,0.0,0.9117820091189225,867.1266060446402,False,settled
b,yellow_ramp,ramp,0.0,1.4,0.0,0.24627537879690573,1100.5988484216052,False,settled
b,yellow_ramp,ramp,0.0,1.4,0.0,0.2925481739958435,1077.9535465979816,False,settled
b,yellow_ramp,ramp,0.0,1.4,0.0,0.48364143700089063,1006.4838336248596,False,settled
b,yellow_ramp,ramp,0.0,1.4,0.0,0.8374365147606935,888.2338385927288,False,settled
b,yellow_ramp,ramp,0.0,1.4,0.0,0.49736003883567137,1006.8493863861303,False,settled
b,yellow_ramp,ramp,0.0,1.4,0.0,0.8730237109689126,877.9759149761211,False,settled
b,yellow_ramp,ramp,0.0,1.4,0.0,0.2970352908425116,1076.4114604401307,False,settled
b,yellow_ramp,ramp,0.0,1.4,0.0,0.3061222325318587,1070.2916214445559,False,settled
b,yellow_ramp,ramp,0.0,1.4,0.0,0.5483202326904202,986.688309685933,False,settled
b,yellow_ramp,ramp,0.0,1.4,0.0,0.9977429932274576,848.6771661934723,False,settled
b,yellow_ramp,ramp,0.0,1.4,0.0,0.6627673550119613,948.3263144101244,False,settled
b,yellow_ramp,ramp,0.0,1.4,0.0,0.35832526794463176,1056.8901830228529,False,settled
b,yellow_ramp,ramp,0.0,1.4,0.0,0.7636891124129712,913.3139117774316,False,settled
b,yellow_ramp,ramp,0.0,1.4,0.0,0.27752435743103454,1084.4707337894436,False,settled
b,yellow_ramp,ramp,0.0,1.4,0.0,0.8838344665999186,878.460117376355,False,settled
b,yellow_ramp,ramp,0.0,1.4,0.0,0.9960647067868355,845.9018610346303,False,settled
b,yellow_ramp,ramp,0.0,1.4,0.0,0.31550537799839434,1077.1913828955992,False,settled
b,yellow_ramp,ramp,0.0,1.4,0.0,1.2183793702133,792.3424486592668,False,settled
b,yellow_ramp,ramp,0.0,1.4,0.0,0.4319665226267291,1024.1605327547911,False,settled
b,yellow_ramp,ramp,0.0,1.4,0.0,1.031581766243821,841.6922123890268,False,settled
b,yellow_ramp,ramp,0.0,1.4,0.0,0.7047017216953327,929.0164151174814,False,settled
b,yellow_ramp,ramp,0.0,1.4,0.0,0.35205261467505583,1061.5909997348087,False,settled
b,yellow_ramp,ramp,0.0,1.4,0.0,1.2188494051920526,793.6747388047023,False,settled
b,yellow_ramp,ramp,0.0,1.4,0.0,0.3365371739474126,1057.11280251659,False,settled
b,yellow_ramp,ramp,0.0,1.4,0.0,0.7999280219748557,903.2833382908822,False,settled
b,yellow_ramp,ramp,0.0,1.4,0.0,0.5713575658033897,978.0677528002738,False,settled
b,yellow_ramp,ramp,0.0,1.4,0.0,0.8169831501068251,894.2018109448594,False,settled
b,yellow_ramp,ramp,0.0,1.4,0.0,0.45365536749396707,1020.7051788831038,False,settled
b,yellow_ramp,ramp,0.0,1.4,0.0,0.9987532196131087,847.0210848438674,False,settled
b,yellow_ramp,ramp,0.0,1.4,0.0,0.8100071053109636,900.6851623853217,False,settled
b,yellow_ramp,ramp,0.0,1.4,0.0,0.653744406838376,947.2852549876902,False,settled
