trial,element,model,block_noise_sd,ramp_noise_sd,block_noise_up,ramp_noise_up,final_position_up,ramp_valid,up_stop_reason
a,black_block,ramp,0.29,0.0,0.8488326005126202,0.0,840.7840988405661,False,settled
a,black_block,ramp,0.29,0.0,0.8614657658727413,0.0,843.7350030436622,False,settled
a,black_block,ramp,0.29,0.0,0.869950421212328,0.0,838.3998955593715,False,settled
a,black_block,ramp,0.29,0.0,0.833628318254846,0.0,839.5666991129584,False,settled
a,black_block,ramp,0.29,0.0,0.9218490135153322,0.0,838.2704474807953,False,settled
a,black_block,ramp,0.29,0.0,0.8260524290936407,0.0,845.3920624989263,False,settled
a,black_block,ramp,0.29,0.0,0.9265349428060188,0.0,837.7235780273794,False,settled
a,black_block,ramp,0.29,0.0,0.907301157871222,0.0,839.3504001927134,False,settled
a,black_block,ramp,0.29,0.0,0.8717314481384038,0.0,839.0377696982684,False,settled
a,black_block,ramp,0.29,0.0,0.8528222131030174,0.0,841.8642564136379,False,settled
a,black_block,ramp,0.29,0.0,0.8096912594723443,0.0,838.3668505169786,False,settled
b,blue_ramp,ramp,0.0,1.8,0.0,1.4829374798870862,845.6624554430273,False,settled
b,blue_ramp,ramp,0.0,1.8,0.0,1.3990725147522618,862.4147331820399,False,settled
b,blue_ramp,ramp,0.0,1.8,0.0,0.8643413413219625,1034.7989170069416,False,settled
b,blue_ramp,ramp,0.0,1.8,0.0,0.7558681699487942,1076.8670446977585,False,settled
b,blue_ramp,ramp,0.0,1.8,0.0,1.4453512078850825,849.3874055401528,False,settled
b,blue_ramp,ramp,0.0,1.8,0.0,1.4529589326003591,849.5937059185629,False,settled
b,blue_ramp,ramp,0.0,1.8,0.0,0.7919655105433445,1072.5282574576909,False,settled
b,blue_ramp,ramp,0.0,1.8,0.0,0.7258154374647388,1094.2225742232147,False,settled
b,blue_ramp,ramp,0.0,1.8,0.0,1.500988616007647,840.2664826791652,False,settled
b,blue_ramp,ramp,0.0,1.8,0.0,1.2822213986823612,896.2848591789475,False,settled
b,blue_ramp,ramp,0.0,1.8,0.0,1.1410502211757476,939.732850641892,False,settled
b,blue_ramp,ramp,0.0,1.8,0.0,1.183605419376907,927.1160727363451,False,settled
b,blue_ramp,ramp,0.0,1.8,0.0,0.7532867987586773,1080.6719466661082,False,settled
b,blue_ramp,ramp,0.0,1.8,0.0,0.7705144675299717,1072.4766488565306,False,settled
b,blue_ramp,ramp,0.0,1.8,0.0,1.4372273816445982,854.0181144497851,False,settled
b,blue_ramp,ramp,0.0,1.8,0.0,1.5776738006866564,821.5334057842279,False,settled
b,blue_ramp,ramp,0.0,1.8,0.0,1.0560180965440338,974.0764511779587,False,settled
b,blue_ramp,ramp,0.0,1.8,0.0,0.7903877162470754,1072.7361007769016,False,settled
b,blue_ramp,ramp,0.0,1.8,0.0,1.0476331383415043,971.1522040682071,False,settled
b,blue_ramp,ramp,0.0,1.8,0.0,1.6119613095972873,813.4679142405148,False,settled
b,blue_ramp,ramp,0.0,1.8,0.0,1.1691398133404463,931.5685984049487,False,settled
b,blue_ramp,ramp,0.0,1.8,0.0,1.0050289235160228,984.5103078899904,False,settled
b,blue_ramp,ramp,0.0,1.8,0.0,0.7706509013063619,1072.3798059161702,False,settled
b,blue_ramp,ramp,0.0,1.8,0.0,1.332723860395864,885.2816529412878,False,settled
b,blue_ramp,ramp,0.0,1.8,0.0,0.7801945601634962,1065.2261336822405,False,settled
b,blue_ramp,ramp,0.0,1.8,0.0,0.9073317279502274,1018.0443788911468,False,settled
b,blue_ramp,ramp,0.0,1.8,0.0,0.7506243292831435,1082.2233980675014,False,settled
b,blue_ramp,ramp,0.0,1.8,0.0,1.4605404581452501,845.1485633249682,False,settled
b,blue_ramp,ramp,0.0,1.8,0.0,1.5762130423594645,821.9861840965068,False,settled
b,blue_ramp,ramp,0.0,1.8,0.0,0.70832255696985,1097.8631164576655,False,settled
b,blue_ramp,ramp,0.0,1.8,0.0,1.4776259434139112,846.5196874177245,False,settled
b,blue_ramp,ramp,0.0,1.8,0.0,1.4638381125252564,845.5788268832034,False,settled
b,blue_ramp,ramp,0.0,1.8,0.0,1.6368765601840847,807.8614389430181,False,settled
b,blue_ramp,ramp,0.0,1.8,0.0,1.0502710197516558,969.136224680739,False,settled
b,blue_ramp,ramp,0.0,1.8,0.0,0.6885863675648287,1116.7342911959165,False,settled
b,blue_ramp,ramp,0.0,1.8,0.0,1.580359700348699,820.8130015997966,False,settled
b,blue_ramp,ramp,0.0,1.8,0.0,1.6594200679186302,802.6691100750442,False,settled
b,blue_ramp,ramp,0.0,1.8,0.0,1.5851114327962217,818.8031832047523,False,settled
b,blue_ramp,ramp,0.0,1.8,0.0,0.9278702596329117,1019.4435924470778,False,settled
b,blue_ramp,ramp,0.0,1.8,0.0,0.9163149637303122,1023.2057482339688,False,settled
b,blue_ramp,ramp,0.0,1.8,0.0,1.06454713608601,967.9436866697363,False,settled
b,blue_ramp,ramp,0.0,1.8,0.0,1.489113153812252,844.5829205059578,False,settled
b,blue_ramp,ramp,0.0,1.8,0.0,1.1435290426054325,939.0050080902166,False,settled
b,blue_ramp,ramp,0.0,1.8,0.0,0.762556163463906,1077.4502752458327,False,settled
b,blue_ramp,ramp,0.0,1.8,0.0,1.1669641879428607,933.4493741482873,False,settled
b,blue_ramp,ramp,0.0,1.8,0.0,1.1791576587173382,931.0018218954133,False,settled
b,blue_ramp,ramp,0.0,1.8,0.0,1.0601631354849999,970.6730904903417,False,settled
b,blue_ramp,ramp,0.0,1.8,0.0,0.8860533421750341,1034.8500072659785,False,settled
b,blue_ramp,ramp,0.0,1.8,0.0,0.9229298823894083,1020.3722438428042,False,settled
b,blue_ramp,ramp,0.0,1.8,0.0,0.9885761901887881,988.3637445539507,False,settled
b,blue_ramp,ramp,0.0,1.8,0.0,1.6727408179324843,799.1899409637577,False,settled
b,blue_ramp,ramp,0.0,1.8,0.0,0.98217649560931,993.0090434453504,False,settled
b,blue_ramp,ramp,0.0,1.8,0.0,0.7505756131278137,1082.1932912572854,False,settled
b,blue_ramp,ramp,0.0,1.8,0.0,1.2972645030215917,895.4339451595681,False,settled
b,blue_ramp,ramp,0.0,1.8,0.0,1.3274835280241688,884.4098746561704,False,settled
b,blue_ramp,ramp,0.0,1.8,0.0,1.4654957696838797,848.364998632293,False,settled
b,blue_ramp,ramp,0.0,1.8,0.0,1.6444156821529046,806.374011601798,False,settled
b,blue_ramp,ramp,0.0,1.8,0.0,0.9418919365389591,1013.9453092250533,False,settled
b,blue_ramp,ramp,0.0,1.8,0.0,0.8373824438978907,1047.8532872089088,False,settled
b,blue_ramp,ramp,0.0,1.8,0.0,1.3161004789456354,887.9429165790336,False,settled
b,blue_ramp,ramp,0.0,1.8,0.0,0.7109571215228392,1108.8189626688813,False,settled
b,blue_ramp,ramp,0.0,1.8,0.0,0.9735343957087665,999.8076867515983,False,settled
b,blue_ramp,ramp,0.0,1.8,0.0,1.4650722085909396,844.139266984054,False,settled
b,blue_ramp,ramp,0.0,1.8,0.0,1.6460693888482651,804.9662872083521,False,settled
b,blue_ramp,ramp,0.0,1.8,0.0,1.1935653438200493,926.3297131588932,False,settled
b,blue_ramp,ramp,0.0,1.8,0.0,0.897968496580889,1025.3447163917117,False,settled
b,blue_ramp,ramp,0.0,1.8,0.0,1.5001837041634019,840.8684887877432,False,settled
b,blue_ramp,ramp,0.0,1.8,0.0,0.9046166698228822,1020.1207102675411,False,settled
b,blue_ramp,ramp,0.0,1.8,0.0,1.543974608404214,829.7349748406634,False,settled
b,blue_ramp,ramp,0.0,1.8,0.0,0.9302723416178553,1018.9922772972445,False,settled
b,blue_ramp,ramp,0.0,1.8,0.0,1.5949067006758963,817.6617555693961,False,settled
b,blue_ramp,ramp,0.0,1.8,0.0,0.7528036366076652,1081.2634792130498,False,settled
b,blue_ramp,ramp,0.0,1.8,0.0,1.150190450080396,937.0498540693881,False,settled
b,blue_ramp,ramp,0.0,1.8,0.0,1.1513499303018744,936.7095881634925,False,settled
b,blue_ramp,ramp,0.0,1.8,0.0,1.172491854793428,928.7660248855302,False,settled
b,blue_ramp,ramp,0.0,1.8,0.0,1.0965728185149106,958.6998742125584,False,settled
b,blue_ramp,ramp,0.0,1.8,0.0,1.2445416599261516,910.3083968374075,False,settled
b,blue_ramp,ramp,0.0,1.8,0.0,1.3782701058349809,868.139942249889,False,settled
b,blue_ramp,ramp,0.0,1.8,0.0,1.654712979383566,803.9769247014125,False,settled
b,blue_ramp,ramp,0.0,1.8,0.0,1.4511245305867024,847.2811358333123,False,settled
b,blue_ramp,ramp,0.0,1.8,0.0,1.6656540837906397,800.5995844707445,False,settled
b,blue_ramp,ramp,0.0,1.8,0.0,1.4638502506372875,845.5644929457809,False,settled
b,blue_ramp,ramp,0.0,1.8,0.0,1.426471583722517,856.6598841879443,False,settled
b,blue_ramp,ramp,0.0,1.8,0.0,0.6969351374133558,1101.723219864549,False,settled
b,blue_ramp,ramp,0.0,1.8,0.0,1.3713566257087129,869.697354728796,False,settled
b,blue_ramp,ramp,0.0,1.8,0.0,1.688156093027672,791.5152355755351,False,settled
b,blue_ramp,ramp,0.0,1.8,0.0,1.001299509830845,985.2111195428348,False,settled
b,blue_ramp,ramp,0.0,1.8,0.0,0.7867891150551591,1074.4642470911565,False,settled
b,blue_ramp,ramp,0.0,1.8,0.0,1.0131195519227245,988.9156909422383,False,settled
b,blue_ramp,ramp,0.0,1.8,0.0,0.923115492454533,1020.337334480422,False,settled
b,blue_ramp,ramp,0.0,1.8,0.0,1.1787518435804667,931.3578046241765,False,settled
b,blue_ramp,ramp,0.0,1.8,0.0,1.5152013328906226,837.9146357791443,False,settled
b,blue_ramp,ramp,0.0,1.8,0.0,1.6270480606825686,809.0118564156685,False,settled
b,blue_ramp,ramp,0.0,1.8,0.0,1.251252516915033,904.2246085941141,False,settled
b,blue_ramp,ramp,0.0,1.8,0.0,1.133354460213531,945.7284861765395,False,settled
b,blue_ramp,ramp,0.0,1.8,0.0,1.582473985842658,820.0256099616623,False,settled
b,blue_ramp,ramp,0.0,1.8,0.0,0.7440649604680043,1089.7386988513629,False,settled
b,blue_ramp,ramp,0.0,1.8,0.0,0.7323570608346908,1085.822686598853,False,settled
b,blue_ramp,ramp,0.0,1.8,0.0,0.9961445006884693,986.2907615173755,False,settled
b,blue_ramp,ramp,0.0,1.8,0.0,1.327149866699569,884.7356164645762,False,settled
b,blue_ramp,ramp,0.0,1.8,0.0,0.9598008107412248,999.6436734954912,False,settled
b,blue_ramp,ramp,0.0,1.8,0.0,1.648069296205672,805.656885183677,False,settled
b,blue_ramp,ramp,0.0,1.8,0.0,1.4229673350356882,855.7487425312084,False,settled
b,blue_ramp,ramp,0.0,1.8,0.0,0.8875278370102275,1033.6670222806224,False,settled
b,blue_ramp,ramp,0.0,1.8,0.0,0.9626632994164976,997.6583663780394,False,settled
b,blue_ramp,ramp,0.0,1.8,0.0,0.7485605765156458,1087.6422135953612,False,settled
b,blue_ramp,ramp,0.0,1.8,0.0,0.9036654810825296,1020.841478329965,False,settled
b,blue_ramp,ramp,0.0,1.8,0.0,1.2687690853900166,902.0400247676279,False,settled
b,blue_ramp,ramp,0.0,1.8,0.0,0.9834244822371129,992.0267823642679,False,settled
b,blue_ramp,ramp,0.0,1.8,0.0,1.330727727733168,881.521794008231,False,settled
b,blue_ramp,ramp,0.0,1.8,0.0,1.116151741019126,951.283419771871,False,settled
b,blue_ramp,ramp,0.0,1.8,0.0,1.6000249440201078,815.984721899109,False,settled
b,blue_ramp,ramp,0.0,1.8,0.0,1.273753766331419,897.4557467645684,False,settled
b,blue_ramp,ramp,0.0,1.8,0.0,1.4487892592017855,849.9482420586191,False,settled
b,blue_ramp,ramp,0.0,1.8,0.0,1.6213392655037393,811.898700900144,False,settled
b,blue_ramp,ramp,0.0,1.8,0.0,1.3995795670958255,861.9354086079336,False,settled
b,blue_ramp,ramp,0.0,1.8,0.0,1.2672529128555887,903.4456638075437,False,settled
b,blue_ramp,ramp,0.0,1.8,0.0,1.303429964152287,889.6309963076017,False,settled
b,blue_ramp,ramp,0.0,1.8,0.0,0.7056290056893804,1101.2769444450369,False,settled
b,blue_ramp,ramp,0.0,1.8,0.0,0.6945728180231194,1106.2699317821825,False,settled
b,blue_ramp,ramp,0.0,1.8,0.0,0.7251616805059746,1093.16927710084,False,settled
b,blue_ramp,ramp,0.0,1.8,0.0,1.6078025409945012,814.1110492728184,False,settled
b,blue_ramp,ramp,0.0,1.8,0.0,1.024741826604098,979.3790086168008,False,settled
b,blue_ramp,ramp,0.0,1.8,0.0,0.9848068030563658,991.3004579416514,False,settled
b,blue_ramp,ramp,0.0,1.8,0.0,1.4313517664994089,855.9572539375965,False,settled
b,blue_ramp,ramp,0.0,1.8,0.0,0.7918140459973411,1072.548207676835,False,settled
b,blue_ramp,ramp,0.0,1.8,0.0,0.7401505880407088,1084.6714765124702,False,settled
b,blue_ramp,ramp,0.0,1.8,0.0,1.1381507361106507,941.9425656708313,False,settled
b,blue_ramp,ramp,0.0,1.8,0.0,0.7665636858488658,1075.1699408503341,False,settled
b,blue_ramp,ramp,0.0,1.8,0.0,1.4786190513984645,846.8635733523096,False,settled
b,blue_ramp,ramp,0.0,1.8,0.0,0.717194150591107,1094.4050981614394,False,settled
b,blue_ramp,ramp,0.0,1.8,0.0,1.1829064692935949,927.7241705472894,False,settled
b,blue_ramp,ramp,0.0,1.8,0.0,1.2964774711056333,896.1767375488488,False,settled
b,blue_ramp,ramp,0.0,1.8,0.0,0.9526328312167961,1005.2849658056019,False,settled
b,blue_ramp,ramp,0.0,1.8,0.0,0.8904756752064859,1031.3119932467546,False,settled
b,blue_ramp,ramp,0.0,1.8,0.0,1.544536025007244,828.8993995128742,False,settled
b,blue_ramp,ramp,0.0,1.8,0.0,1.1820814955912806,928.4418610639838,False,settled
b,blue_ramp,ramp,0.0,1.8,0.0,1.4214513307435757,857.4018832898145,False,settled
b,blue_ramp,ramp,0.0,1.8,0.0,1.3686068394032116,872.2262771570939,False,settled
b,blue_ramp,ramp,0.0,1.8,0.0,1.2406969088846203,906.6434352369414,False,settled
b,blue_ramp,ramp,0.0,1.8,0.0,0.7265983704863611,1094.800392329133,False,settled
b,blue_ramp,ramp,0.0,1.8,0.0,1.6902943030869684,790.8519693403124,False,settled
b,blue_ramp,ramp,0.0,1.8,0.0,1.6232527789480478,810.4579814328055,False,settled
b,blue_ramp,ramp,0.0,1.8,0.0,0.8846677129024859,1035.9615750100916,False,settled
b,blue_ramp,ramp,0.0,1.8,0.0,1.040302883800844,976.8744647574987,False,settled
b,blue_ramp,ramp,0.0,1.8,0.0,0.7299417367946848,1096.9653978831657,False,settled
b,blue_ramp,ramp,0.0,1.8,0.0,1.2319130506183782,913.0605790885323,False,settled
b,blue_ramp,ramp,0.0,1.8,0.0,1.666899482160697,800.5022527428312,False,settled
b,blue_ramp,ramp,0.0,1.8,0.0,0.7650195531743691,1076.1123635886734,False,settled
b,blue_ramp,ramp,0.0,1.8,0.0,1.4150257540904785,859.5645242181031,False,settled
b,blue_ramp,ramp,0.0,1.8,0.0,1.5585092217808874,827.2742035293397,False,settled
b,blue_ramp,ramp,0.0,1.8,0.0,1.0950890428546547,959.9531858037528,False,settled
b,blue_ramp,ramp,0.0,1.8,0.0,1.043973548810206,973.8494082424053,False,settled
b,blue_ramp,ramp,0.0,1.8,0.0,0.900199879109155,1023.5808782329301,False,settled
b,blue_ramp,ramp,0.0,1.8,0.0,1.1842051414003203,926.59423286694,False,settled
b,blue_ramp,ramp,0.0,1.8,0.0,0.7538753661063418,1078.275529349478,False,settled
b,blue_ramp,ramp,0.0,1.8,0.0,0.9484180227831944,1008.6735331375232,False,settled
b,blue_ramp,ramp,0.0,1.8,0.0,0.9873545660490571,989.2208967148395,False,settled
b,blue_ramp,ramp,0.0,1.8,0.0,1.0223292804284374,981.3522157539338,False,settled
b,blue_ramp,ramp,0.0,1.8,0.0,1.243767555904226,911.0160141750974,False,settled
b,blue_ramp,ramp,0.0,1.8,0.0,1.0353212466601116,980.9876325415147,False,settled
b,blue_ramp,ramp,0.0,1.8,0.0,1.0588823439985364,971.7243335717441,False,settled
b,blue_ramp,ramp,0.0,1.8,0.0,0.7169955684329343,1094.7690622080936,False,settled
b,blue_ramp,ramp,0.0,1.8,0.0,1.131598635564864,947.2047146668178,False,settled
b,blue_ramp,ramp,0.0,1.8,0.0,1.2936087192853347,892.4584921970165,False,settled
b,blue_ramp,ramp,0.0,1.8,0.0,0.8405475146362202,1045.3908964033735,False,settled
b,blue_ramp,ramp,0.0,1.8,0.0,1.6414742621053127,806.9281426567088,False,settled
b,blue_ramp,ramp,0.0,1.8,0.0,0.7142432891167914,1102.9063703589968,False,settled
b,blue_ramp,ramp,0.0,1.8,0.0,1.199245086318746,921.3386223792696,False,settled
b,blue_ramp,ramp,0.0,1.8,0.0,1.2831258717329117,895.5292811552226,False,settled
b,blue_ramp,ramp,0.0,1.8,0.0,0.7527299835265144,1081.3160992067828,False,settled
b,blue_ramp,ramp,0.0,1.8,0.0,1.078204714088792,964.4669832276337,False,settled
b,blue_ramp,ramp,0.0,1.8,0.0,1.338758140293823,879.328181051035,False,settled
b,blue_ramp,ramp,0.0,1.8,0.0,0.7132454513597253,1099.9670158205604,False,settled
b,blue_ramp,ramp,0.0,1.8,0.0,1.1031760307658451,953.4012518117216,False,settled
b,blue_ramp,ramp,0.0,1.8,0.0,0.8186171802477752,1062.3347998085599,False,settled
b,blue_ramp,ramp,0.0,1.8,0.0,0.9678346910051283,1004.4337607208159,False,settled
b,blue_ramp,ramp,0.0,1.8,0.0,0.9952690314278158,986.4735228712044,False,settled
b,blue_ramp,ramp,0.0,1.8,0.0,1.058681011765006,971.8896577510859,False,settled
b,blue_ramp,ramp,0.0,1.8,0.0,1.3730081839851698,873.197365345852,False,settled
b,blue_ramp,ramp,0.0,1.8,0.0,1.215835971348917,914.6623798000714,False,settled
b,blue_ramp,ramp,0.0,1.8,0.0,1.439544882648298,851.4748017110464,False,settled
b,blue_ramp,ramp,0.0,1.8,0.0,0.8267810452329799,1056.1375690683087,False,settled
b,blue_ramp,ramp,0.0,1.8,0.0,1.1874606616406216,923.7798370814808,False,settled
b,blue_ramp,ramp,0.0,1.8,0.0,1.2022934339447824,918.6887419458426,False,settled
b,blue_ramp,ramp,0.0,1.8,0.0,1.498461750266518,842.1589560363637,False,settled
b,blue_ramp,ramp,0.0,1.8,0.0,1.5276737245945209,835.0077323967496,False,settled
b,blue_ramp,ramp,0.0,1.8,0.0,1.6408596578978594,806.7900544832453,False,settled
b,blue_ramp,ramp,0.0,1.8,0.0,1.2938963980399725,892.1920837437593,False,settled
b,blue_ramp,ramp,0.0,1.8,0.0,0.9096481884542197,1016.2740053961096,False,settled
b,blue_ramp,ramp,0.0,1.8,0.0,1.1103898199527775,947.4851343327498,False,settled
b,blue_ramp,ramp,0.0,1.8,0.0,1.0396836031346464,977.3856636801079,False,settled
b,blue_ramp,ramp,0.0,1.8,0.0,0.7767983640230298,1067.783446689417,False,settled
b,blue_ramp,ramp,0.0,1.8,0.0,1.1052384589665356,951.6717872397131,False,settled
b,blue_ramp,ramp,0.0,1.8,0.0,1.1257083120175218,943.5468274379776,False,settled
b,blue_ramp,ramp,0.0,1.8,0.0,0.8198032175118322,1061.3929663093782,False,settled
b,blue_ramp,ramp,0.0,1.8,0.0,0.9056735392236915,1019.4009532313665,False,settled
b,blue_ramp,ramp,0.0,1.8,0.0,0.8883426557198582,1033.013238918579,False,settled
b,blue_ramp,ramp,0.0,1.8,0.0,1.231626312562628,913.1609193237172,False,settled
b,blue_ramp,ramp,0.0,1.8,0.0,0.7776113840521347,1067.1606361526399,False,settled
b,blue_ramp,ramp,0.0,1.8,0.0,1.0368948907044166,979.6882659185695,False,settled
b,blue_ramp,ramp,0.0,1.8,0.0,1.348740641963301,875.6756015225615,False,settled
b,blue_ramp,ramp,0.0,1.8,0.0,0.7117698612258101,1096.055902572907,False,settled
b,blue_ramp,ramp,0.0,1.8,0.0,0.8677633054075492,1034.2109138408607,False,settled
b,blue_ramp,ramp,0.0,1.8,0.0,1.16198960742693,937.5250527786017,False,settled
b,blue_ramp,ramp,0.0,1.8,0.0,1.3350509772482584,882.9768739125803,False,settled
b,blue_ramp,ramp,0.0,1.8,0.0,1.1683771939679337,932.2268827687265,False,settled
b,blue_ramp,ramp,0.0,1.8,0.0,1.4632788282227152,846.2405314482065,False,settled
b,blue_ramp,ramp,0.0,1.8,0.0,1.0359471767652506,980.4708126134296,False,settled
b,blue_ramp,ramp,0.0,1.8,0.0,1.2691267132793596,901.708524919547,False,settled
b,blue_ramp,ramp,0.0,1.8,0.0,0.8681557691808857,1034.153842384199,False,settled
b,blue_ramp,ramp,0.0,1.8,0.0,0.9743192424990759,999.1755639100745,False,settled
b,blue_ramp,ramp,0.0,1.8,0.0,1.2603272760233468,902.9263362430106,False,settled
b,blue_ramp,ramp,0.0,1.8,0.0,1.1248160797627302,944.3689169313807,False,settled
b,blue_ramp,ramp,0.0,1.8,0.0,0.8853271200800578,1035.4326057201197,False,settled
b,blue_ramp,ramp,0.0,1.8,0.0,1.5078980755615352,838.9280113199858,False,settled
b,blue_ramp,ramp,0.0,1.8,0.0,1.1868652889485847,924.3707941323324,False,settled
b,blue_ramp,ramp,0.0,1.8,0.0,1.121227898102958,947.2991943428256,False,settled
b,blue_ramp,ramp,0.0,1.8,0.0,0.7889415958290387,1073.0383441902984,False,settled
b,blue_ramp,ramp,0.0,1.8,0.0,0.93296240624362,1018.486849811576,False,settled
b,blue_ramp,ramp,0.0,1.8,0.0,0.7324445659121681,1085.8726715819773,False,settled
b,blue_ramp,ramp,0.0,1.8,0.0,1.5638913991742986,825.0268581339308,False,settled
b,blue_ramp,ramp,0.0,1.8,0.0,1.2185611873443505,919.7811356106439,False,settled
b,blue_ramp,ramp,0.0,1.8,0.0,1.5282140899773657,832.1706747782096,False,settled
b,blue_ramp,ramp,0.0,1.8,0.0,0.8057818056639424,1056.9845207412416,False,settled
b,blue_ramp,ramp,0.0,1.8,0.0,1.4220387439829434,856.7548051941538,False,settled
b,blue_ramp,ramp,0.0,1.8,0.0,1.2071723050544831,922.1882455633553,False,settled
b,blue_ramp,ramp,0.0,1.8,0.0,1.55868460717772,826.9814523503082,False,settled
b,blue_ramp,ramp,0.0,1.8,0.0,1.1327539265261637,946.2334994109726,False,settled
b,blue_ramp,ramp,0.0,1.8,0.0,1.3001308358599688,892.7328865870919,False,settled
b,blue_ramp,ramp,0.0,1.8,0.0,1.3726993495903972,873.5173634915324,False,settled
b,blue_ramp,ramp,0.0,1.8,0.0,1.6210661980971341,811.784193401452,False,settled
b,blue_ramp,ramp,0.0,1.8,0.0,1.1870788310870362,924.1118914472956,False,settled
b,blue_ramp,ramp,0.0,1.8,0.0,1.1014421034468764,954.5975721203648,False,settled
b,blue_ramp,ramp,0.0,1.8,0.0,1.6573827820899438,802.8412828256048,False,settled
b,blue_ramp,ramp,0.0,1.8,0.0,1.4555649914696334,846.5781191235786,False,settled
b,blue_ramp,ramp,0.0,1.8,0.0,1.1013616440967706,954.664963821073,False,settled
b,blue_ramp,ramp,0.0,1.8,0.0,0.7707859079800127,1072.2841598328287,False,settled
b,blue_ramp,ramp,0.0,1.8,0.0,1.0742523277222182,965.4638959341501,False,settled
b,blue_ramp,ramp,0.0,1.8,0.0,1.678460231717017,797.4548717836791,False,settled
b,blue_ramp,ramp,0.0,1.8,0.0,1.2920795271357652,893.7782693982073,False,settled
b,blue_ramp,ramp,0.0,1.8,0.0,0.7735697752398194,1070.3317895654613,False,settled
b,blue_ramp,ramp,0.0,1.8,0.0,0.7957860820682984,1072.024406696832,False,settled
b,blue_ramp,ramp,0.0,1.8,0.0,1.5735353428778984,822.7170855135333,False,settled
b,blue_ramp,ramp,0.0,1.8,0.0,1.4979279056027595,842.5607074650542,False,settled
b,blue_ramp,ramp,0.0,1.8,0.0,1.175467486391144,933.9856546588095,False,settled
b,blue_ramp,ramp,0.0,1.8,0.0,1.685193909019008,793.9556951370339,False,settled
b,blue_ramp,ramp,0.0,1.8,0.0,0.9848917611888723,991.2335700852734,False,settled
b,blue_ramp,ramp,0.0,1.8,0.0,1.3370175984922308,881.037465493674,False,settled
b,blue_ramp,ramp,0.0,1.8,0.0,1.2522359378262262,903.3434493935016,False,settled
b,blue_ramp,ramp,0.0,1.8,0.0,1.6238531027184253,811.2003067766938,False,settled
b,blue_ramp,ramp,0.0,1.8,0.0,0.990764271213502,987.5266121983889,False,settled
b,blue_ramp,ramp,0.0,1.8,0.0,1.0185612395629657,984.4349356877917,False,settled
b,blue_ramp,ramp,0.0,1.8,0.0,0.9322891323977357,1018.6133495089771,False,settled
b,blue_ramp,ramp,0.0,1.8,0.0,1.5793394980309399,821.6984866650309,False,settled
b,blue_ramp,ramp,0.0,1.8,0.0,1.096086367989114,959.11087765852,False,settled
b,blue_ramp,ramp,0.0,1.8,0.0,1.630617247553689,808.508797928998,False,settled
b,blue_ramp,ramp,0.0,1.8,0.0,1.0289530504369098,976.3081270322765,False,settled
b,blue_ramp,ramp,0.0,1.8,0.0,0.735556942939991,1086.3985482371709,False,settled
b,blue_ramp,ramp,0.0,1.8,0.0,1.6675997170242167,799.8904066931884,False,settled
b,blue_ramp,ramp,0.0,1.8,0.0,1.4166625005740334,857.8615870028159,False,settled
b,blue_ramp,ramp,0.0,1.8,0.0,1.4203971740831014,858.5634858213067,False,settled
b,blue_ramp,ramp,0.0,1.8,0.0,0.8826411594557871,1037.3392324670701,False,settled
b,blue_ramp,ramp,0.0,1.8,0.0,1.5393980868229564,832.0644920168838,False,settled
b,blue_ramp,ramp,0.0,1.8,0.0,1.4792670635181415,845.9734983699427,False,settled
b,blue_ramp,ramp,0.0,1.8,0.0,0.9720634538197259,1001.0004704775713,False,settled
b,blue_ramp,ramp,0.0,1.8,0.0,0.7050496240180644,1099.7021257046965,False,settled
b,blue_ramp,ramp,0.0,1.8,0.0,1.1949315518596257,925.1219492764716,False,settled
b,blue_ramp,ramp,0.0,1.8,0.0,1.0192038695930137,983.909189418908,False,settled
b,blue_ramp,ramp,0.0,1.8,0.0,0.7686897969445807,1073.7676306871458,False,settled
b,blue_ramp,ramp,0.0,1.8,0.0,1.5367931801760204,832.4190480325582,False,settled
b,blue_ramp,ramp,0.0,1.8,0.0,1.534922257645579,832.7962090243743,False,settled
b,blue_ramp,ramp,0.0,1.8,0.0,1.0318143743494501,973.9112834905415,False,settled
b,blue_ramp,ramp,0.0,1.8,0.0,1.0967040857044665,958.5890197671192,False,settled
b,blue_ramp,ramp,0.0,1.8,0.0,1.553988855437088,827.8355992120394,False,settled
b,blue_ramp,ramp,0.0,1.8,0.0,0.8293743668598161,1054.1163360231762,False,settled
b,blue_ramp,ramp,0.0,1.8,0.0,0.7889238156400484,1073.0521041809454,False,settled
b,blue_ramp,ramp,0.0,1.8,0.0,0.9084886549233572,1017.1543034319193,False,settled
b,blue_ramp,ramp,0.0,1.8,0.0,1.2763365478123696,901.7778195677618,False,settled
b,blue_ramp,ramp,0.0,1.8,0.0,1.363555292239556,872.086991024348,False,settled
b,blue_ramp,ramp,0.0,1.8,0.0,1.4865748092134032,843.6616826081142,False,settled
b,blue_ramp,ramp,0.0,1.8,0.0,1.0277511854824954,977.1918641793361,False,settled
b,blue_ramp,ramp,0.0,1.8,0.0,1.2469761619459405,908.0829543277857,False,settled
b,blue_ramp,ramp,0.0,1.8,0.0,0.7465643148068478,1084.1667620592166,False,settled
b,blue_ramp,ramp,0.0,1.8,0.0,0.993563931740554,986.8343478925015,False,settled
b,blue_ramp,ramp,0.0,1.8,0.0,0.700317101225465,1101.1371536470992,False,settled
b,blue_ramp,ramp,0.0,1.8,0.0,1.1527277832110188,936.3093034551501,False,settled
b,blue_ramp,ramp,0.0,1.8,0.0,0.8068812382059851,1056.857700361555,False,settled
b,blue_ramp,ramp,0.0,1.8,0.0,1.1942383817396434,925.7347338894576,False,settled
b,blue_ramp,ramp,0.0,1.8,0.0,1.2076325137824815,921.7882125514429,False,settled
b,blue_ramp,ramp,0.0,1.8,0.0,0.7681720956145888,1074.133462360769,False,settled
b,blue_ramp,ramp,0.0,1.8,0.0,1.6605650030728836,801.4817220881089,False,settled
b,blue_ramp,ramp,0.0,1.8,0.0,1.3139386342521988,888.8527199460675,False,settled
b,blue_ramp,ramp,0.0,1.8,0.0,1.6495150785829849,804.0994481749221,False,settled
b,blue_ramp,ramp,0.0,1.8,0.0,1.168875434690586,931.796812771629,False,settled
b,blue_ramp,ramp,0.0,1.8,0.0,1.0395032055037592,977.5345763274968,False,settled
b,blue_ramp,ramp,0.0,1.8,0.0,1.6322411810989956,808.7797810087768,False,settled
b,blue_ramp,ramp,0.0,1.8,0.0,0.7486954699436534,1087.7677258963374,False,settled
b,blue_ramp,ramp,0.0,1.8,0.0,0.7570475190576028,1076.6324980048746,False,settled
b,blue_ramp,ramp,0.0,1.8,0.0,0.8251398724552882,1057.429797571832,False,settled
b,blue_ramp,ramp,0.0,1.8,0.0,0.7642438706416712,1076.5907335893125,False,settled
b,blue_ramp,ramp,0.0,1.8,0.0,0.9004896906084061,1023.3517946438498,False,settled
b,blue_ramp,ramp,0.0,1.8,0.0,1.4949711203856832,842.5199282871199,False,settled
b,blue_ramp,ramp,0.0,1.8,0.0,0.961107563601685,998.8013054675589,False,settled
b,blue_ramp,ramp,0.0,1.8,0.0,1.691626672224324,790.5550875213788,False,settled
b,blue_ramp,ramp,0.0,1.8,0.0,1.4843568406255763,846.5209428414031,False,settled
b,blue_ramp,ramp,0.0,1.8,0.0,0.815207872239836,1051.4810462188416,False,settled
b,blue_ramp,ramp,0.0,1.8,0.0,1.4608017347440454,844.8433164637612,False,settled
b,blue_ramp,ramp,0.0,1.8,0.0,1.1750649459399296,926.5934395846529,False,settled
b,blue_ramp,ramp,0.0,1.8,0.0,0.9185295637412256,1021.4515369756224,False,settled
b,blue_ramp,ramp,0.0,1.8,0.0,0.75970757057023,1077.7393689807152,False,settled
b,blue_ramp,ramp,0.0,1.8,0.0,1.2575264180104504,905.497142480081,False,settled
b,blue_ramp,ramp,0.0,1.8,0.0,1.3907525198654362,865.9349201397603,False,settled
b,blue_ramp,ramp,0.0,1.8,0.0,1.21445106319985,915.9388401316612,False,settled
b,blue_ramp,ramp,0.0,1.8,0.0,0.7635486894771639,1076.9748021102068,False,settled
b,blue_ramp,ramp,0.0,1.8,0.0,1.4918476146816135,842.4903740476956,False,settled
b,blue_ramp,ramp,0.0,1.8,0.0,0.7995766841241169,1057.6791399991323,False,settled
b,blue_ramp,ramp,0.0,1.8,0.0,1.1340137365878489,945.1743667224159,False,settled
b,blue_ramp,ramp,0.0,1.8,0.0,0.7456282808684147,1083.9705912524596,False,settled
b,blue_ramp,ramp,0.0,1.8,0.0,1.2095004628687205,920.1650424898412,False,settled
b,blue_ramp,ramp,0.0,1.8,0.0,0.9874824305520348,989.1203088209485,False,settled
b,blue_ramp,ramp,0.0,1.8,0.0,1.2199548799306787,918.5389681785605,False,settled
b,blue_ramp,ramp,0.0,1.8,0.0,0.8342673684011743,1050.2893616266683,False,settled
b,blue_ramp,ramp,0.0,1.8,0.0,1.2234092407469144,916.0373098420249,False,settled
b,blue_ramp,ramp,0.0,1.8,0.0,1.4685104615013604,844.3208609206355,False,settled
b,blue_ramp,ramp,0.0,1.8,0.0,1.6783642656376199,795.7326092236202,False,settled
b,blue_ramp,ramp,0.0,1.8,0.0,1.3270291670935601,884.8534274823382,False,settled
b,blue_ramp,ramp,0.0,1.8,0.0,0.864277733816961,1034.8081685644186,False,settled
b,blue_ramp,ramp,0.0,1.8,0.0,0.9719604852583561,1001.0840638628836,False,settled
b,blue_ramp,ramp,0.0,1.8,0.0,1.3772346891221632,869.2505868432935,False,settled
b,blue_ramp,ramp,0.0,1.8,0.0,1.2266941131431832,914.8871607837347,False,settled
b,blue_ramp,ramp,0.0,1.8,0.0,1.097963713504253,957.5252628600063,False,settled
b,blue_ramp,ramp,0.0,1.8,0.0,0.9641462260652639,996.4213150241582,False,settled
b,blue_ramp,ramp,0.0,1.8,0.0,0.7356002667327379,1086.4153880093877,False,settled
b,blue_ramp,ramp,0.0,1.8,0.0,1.3828623285231383,868.5639285837823,False,settled
b,blue_ramp,ramp,0.0,1.8,0.0,1.512189097335977,838.2398386319298,False,settled
b,blue_ramp,ramp,0.0,1.8,0.0,1.244026551298461,910.7792649934737,False,settled
b,blue_ramp,ramp,0.0,1.8,0.0,1.1400362234574941,940.3554663200713,False,settled
b,blue_ramp,ramp,0.0,1.8,0.0,0.8874291473413014,1033.746204923,False,settled
b,blue_ramp,ramp,0.0,1.8,0.0,1.6528627188190765,803.4541100472362,False,settled
b,blue_ramp,ramp,0.0,1.8,0.0,0.8266036932071024,1056.277233572767,False,settled
b,blue_ramp,ramp,0.0,1.8,0.0,1.440220096825661,850.6442075671159,False,settled
b,blue_ramp,ramp,0.0,1.8,0.0,1.3282893476273647,883.6234388251211,False,settled
b,blue_ramp,ramp,0.0,1.8,0.0,0.7440316915280611,1089.7181462151893,False,settled
b,blue_ramp,ramp,0.0,1.8,0.0,0.7426692061272769,1089.1266546717318,False,settled
b,blue_ramp,ramp,0.0,1.8,0.0,0.9049972357933952,1019.8313405639925,False,settled
b,blue_ramp,ramp,0.0,1.8,0.0,0.9643011554077489,996.2989376758007,False,settled
b,blue_ramp,ramp,0.0,1.8,0.0,1.651666055235206,804.4657957629207,False,settled
b,blue_ramp,ramp,0.0,1.8,0.0,1.6456006784628643,805.8602191842895,False,settled
b,blue_ramp,ramp,0.0,1.8,0.0,1.3163446828704872,887.8401894123438,False,settled
b,blue_ramp,ramp,0.0,1.8,0.0,0.9173774709230751,1022.3633951392974,False,settled
b,blue_ramp,ramp,0.0,1.8,0.0,0.7935652564601452,1072.3171495008633,False,settled
b,blue_ramp,ramp,0.0,1.8,0.0,1.2005818427166841,920.2572651476753,False,settled
b,blue_ramp,ramp,0.0,1.8,0.0,1.250270391666411,905.1860102023759,False,settled
b,blue_ramp,ramp,0.0,1.8,0.0,1.3899508621604701,866.5165441464063,False,settled
b,blue_ramp,ramp,0.0,1.8,0.0,0.9010099164296512,1022.940438455469,False,settled
b,blue_ramp,ramp,0.0,1.8,0.0,1.1000534382407559,955.7607231829362,False,settled
b,blue_ramp,ramp,0.0,1.8,0.0,0.952879620129436,1005.0865814061391,False,settled
b,blue_ramp,ramp,0.0,1.8,0.0,1.3928423113942283,863.7661418228698,False,settled
b,blue_ramp,ramp,0.0,1.8,0.0,1.2683104143309212,902.4651812581981,False,settled
b,blue_ramp,ramp,0.0,1.8,0.0,1.2225421406891788,916.3408995955708,False,settled
b,blue_ramp,ramp,0.0,1.8,0.0,1.6345371238176978,808.4795025088268,False,settled
b,blue_ramp,ramp,0.0,1.8,0.0,1.4200133599240834,858.7334366538179,False,settled
b,blue_ramp,ramp,0.0,1.8,0.0,1.455192234297385,847.0119481942347,False,settled
b,blue_ramp,ramp,0.0,1.8,0.0,1.2185879767953482,919.7572592497912,False,settled
b,blue_ramp,ramp,0.0,1.8,0.0,0.7483317493548938,1087.364384984806,False,settled
b,blue_ramp,ramp,0.0,1.8,0.0,1.6316641690607832,808.3345512335177,False,settled
b,blue_ramp,ramp,0.0,1.8,0.0,1.0204993199502386,982.8492190889633,False,settled
b,blue_ramp,ramp,0.0,1.8,0.0,1.1303550555957478,948.2523247422922,False,settled
b,blue_ramp,ramp,0.0,1.8,0.0,1.0712464989550403,966.2296301420363,False,settled
b,blue_ramp,ramp,0.0,1.8,0.0,0.9194269863996906,1021.0261609888079,False,settled
b,blue_ramp,ramp,0.0,1.8,0.0,1.5532965135651935,828.9644157671195,False,settled
b,blue_ramp,ramp,0.0,1.8,0.0,1.383698002664116,867.7049654580605,False,settled
b,blue_ramp,ramp,0.0,1.8,0.0,0.690980908833534,1114.6426179991297,False,settled
b,blue_ramp,ramp,0.0,1.8,0.0,1.4515713885163817,850.9672407914985,False,settled
b,blue_ramp,ramp,0.0,1.8,0.0,1.6294790806554156,808.8123491961957,False,settled
b,blue_ramp,ramp,0.0,1.8,0.0,1.1196751639843123,948.5619912747068,False,settled
b,blue_ramp,ramp,0.0,1.8,0.0,0.741944998798937,1088.6660267466427,False,settled
b,blue_ramp,ramp,0.0,1.8,0.0,0.7532378061999712,1080.6767025567028,False,settled
b,blue_ramp,ramp,0.0,1.8,0.0,0.9846893043219799,991.3929592032644,False,settled
b,blue_ramp,ramp,0.0,1.8,0.0,1.248643147596255,906.5718473478829,False,settled
b,blue_ramp,ramp,0.0,1.8,0.0,1.104852071750482,951.9957443739058,False,settled
b,blue_ramp,ramp,0.0,1.8,0.0,1.5808857270982541,822.051912886546,False,settled
b,blue_ramp,ramp,0.0,1.8,0.0,0.8988746727877597,1024.6283038415388,False,settled
b,blue_ramp,ramp,0.0,1.8,0.0,0.8311267852786908,1052.7459457831403,False,settled
b,blue_ramp,ramp,0.0,1.8,0.0,1.4049217870449862,863.9334820207183,False,settled
b,blue_ramp,ramp,0.0,1.8,0.0,0.95242602307579,1005.4512108527355,False,settled
b,blue_ramp,ramp,0.0,1.8,0.0,1.516331959719546,836.5900113000009,False,settled
b,blue_ramp,ramp,0.0,1.8,0.0,0.761225117416435,1077.9488429856765,False,settled
b,blue_ramp,ramp,0.0,1.8,0.0,1.4490155883691163,849.6861014864177,False,settled
b,blue_ramp,ramp,0.0,1.8,0.0,1.2232295795416557,916.1002155028907,False,settled
b,blue_ramp,ramp,0.0,1.8,0.0,0.7989843622831556,1057.7577199084953,False,settled
b,blue_ramp,ramp,0.0,1.8,0.0,0.968422057492261,1003.9568873937727,False,settled
b,blue_ramp,ramp,0.0,1.8,0.0,0.7612651238953009,1077.934228516708,False,settled
b,blue_ramp,ramp,0.0,1.8,0.0,1.6485419764174027,804.7178755864213,False,settled
b,blue_ramp,ramp,0.0,1.8,0.0,0.9190740438785433,1021.0968874503949,False,settled
b,blue_ramp,ramp,0.0,1.8,0.0,1.488204816214729,843.1456629888555,False,settled
b,blue_ramp,ramp,0.0,1.8,0.0,1.3814693344099398,869.9947124452455,False,settled
b,blue_ramp,ramp,0.0,1.8,0.0,0.8687062454951213,1034.073790791597,False,settled
b,blue_ramp,ramp,0.0,1.8,0.0,1.3530812712394347,876.7089970662479,False,settled
b,blue_ramp,ramp,0.0,1.8,0.0,1.5142418721129718,837.9416998846233,False,settled
b,blue_ramp,ramp,0.0,1.8,0.0,0.8080103017078578,1056.7274493971129,False,settled
b,blue_ramp,ramp,0.0,1.8,0.0,0.9214610943004472,1020.6477655952592,False,settled
b,blue_ramp,ramp,0.0,1.8,0.0,0.7451946549292109,1084.306616844312,False,settled
b,blue_ramp,ramp,0.0,1.8,0.0,0.7138999499748042,1100.8741387267883,False,settled
b,blue_ramp,ramp,0.0,1.8,0.0,0.7429392828516999,1089.297000566909,False,settled
b,blue_ramp,ramp,0.0,1.8,0.0,0.9560297960654037,1002.5626519968881,False,settled
b,blue_ramp,ramp,0.0,1.8,0.0,1.1300326093894457,948.5959733090065,False,settled
b,blue_ramp,ramp,0.0,1.8,0.0,0.6922228660732783,1112.8518482188256,False,settled
b,blue_ramp,ramp,0.0,1.8,0.0,0.8848067257790818,1035.8500626278724,False,settled
b,blue_ramp,ramp,0.0,1.8,0.0,1.3308750911543863,881.377763272385,False,settled
b,blue_ramp,ramp,0.0,1.8,0.0,1.3786269195993683,867.7794852094096,False,settled
b,blue_ramp,ramp,0.0,1.8,0.0,0.8457204884499316,1041.467547931098,False,settled
b,blue_ramp,ramp,0.0,1.8,0.0,1.0878079210148002,956.9564137384925,False,settled
b,blue_ramp,ramp,0.0,1.8,0.0,1.452311883427082,850.3475100217055,False,settled
b,blue_ramp,ramp,0.0,1.8,0.0,1.2086545112308704,920.8974814360397,False,settled
b,blue_ramp,ramp,0.0,1.8,0.0,0.7589927009198872,1077.2876445569505,False,settled
b,blue_ramp,ramp,0.0,1.8,0.0,1.5631078805348535,826.3419251341827,False,settled
b,blue_ramp,ramp,0.0,1.8,0.0,1.0545156139938363,965.7784260231198,False,settled
b,blue_ramp,ramp,0.0,1.8,0.0,1.14845842831226,937.5581416979675,False,settled
b,blue_ramp,ramp,0.0,1.8,0.0,1.1162753443422744,951.1790068319814,False,settled
b,blue_ramp,ramp,0.0,1.8,0.0,0.856760815404331,1035.9485537787841,False,settled
b,blue_ramp,ramp,0.0,1.8,0.0,1.5672143360699242,823.7898498851771,False,settled
b,blue_ramp,ramp,0.0,1.8,0.0,1.1390671864046145,941.1686540380331,False,settled
b,blue_ramp,ramp,0.0,1.8,0.0,1.5568962106905362,826.5250847055112,False,settled
b,blue_ramp,ramp,0.0,1.8,0.0,1.1728852931014764,928.3529553606822,False,settled
b,blue_ramp,ramp,0.0,1.8,0.0,1.1882977995311799,923.0560291327002,False,settled
b,blue_ramp,ramp,0.0,1.8,0.0,1.2510854390848276,904.3759929069487,False,settled
b,blue_ramp,ramp,0.0,1.8,0.0,1.089052685438836,956.013502462157,False,settled
b,blue_ramp,ramp,0.0,1.8,0.0,0.9059815053323328,1019.1625822597041,False,settled
b,blue_ramp,ramp,0.0,1.8,0.0,1.4976765603378892,842.7498690620332,False,settled
b,blue_ramp,ramp,0.0,1.8,0.0,1.2915274767153722,894.285676169436,False,settled
b,blue_ramp,ramp,0.0,1.8,0.0,1.1258311931641463,943.4336836487973,False,settled
b,blue_ramp,ramp,0.0,1.8,0.0,1.447099795831521,851.90509316221,False,settled
b,blue_ramp,ramp,0.0,1.8,0.0,1.0961931858984995,959.0204710654448,False,settled
b,blue_ramp,ramp,0.0,1.8,0.0,1.598831379515619,816.6465041748609,False,settled
b,blue_ramp,ramp,0.0,1.8,0.0,1.0338612811905128,972.2919535959711,False,settled
b,blue_ramp,ramp,0.0,1.8,0.0,1.091016995833575,954.3089617220946,False,settled
b,blue_ramp,ramp,0.0,1.8,0.0,0.6913052391855534,1109.7219212724672,False,settled
b,blue_ramp,ramp,0.0,1.8,0.0,1.0658485497440469,967.61070947148,False,settled
b,blue_ramp,ramp,0.0,1.8,0.0,1.272142175695806,898.918624452523,False,settled
b,blue_ramp,ramp,0.0,1.8,0.0,1.520287765370732,835.680764359955,False,settled
b,blue_ramp,ramp,0.0,1.8,0.0,1.4170672445253283,857.3470289583285,False,settled
b,blue_ramp,ramp,0.0,1.8,0.0,1.2424195453907825,912.248508600971,False,settled
b,blue_ramp,ramp,0.0,1.8,0.0,1.3785999631244046,867.8067156845887,False,settled
b,blue_ramp,ramp,0.0,1.8,0.0,1.4361720913289728,854.9668599332352,False,settled
b,blue_ramp,ramp,0.0,1.8,0.0,1.1866283403732958,924.57690275327,False,settled
b,blue_ramp,ramp,0.0,1.8,0.0,1.6857161763728903,793.1673384827401,False,settled
b,blue_ramp,ramp,0.0,1.8,0.0,0.7844876653527504,1076.0229974311737,False,settled
b,blue_ramp,ramp,0.0,1.8,0.0,0.9501517146521321,1007.2796420044399,False,settled
b,blue_ramp,ramp,0.0,1.8,0.0,0.7322506252812555,1085.6985985376139,False,settled
b,blue_ramp,ramp,0.0,1.8,0.0,0.8890224794350923,1032.4691453957748,False,settled
b,blue_ramp,ramp,0.0,1.8,0.0,1.078247000274317,964.4563091567674,False,settled
b,blue_ramp,ramp,0.0,1.8,0.0,0.9814496948301942,993.5851691613232,False,settled
b,blue_ramp,ramp,0.0,1.8,0.0,0.8483118693540042,1039.3904898792705,False,settled
b,blue_ramp,ramp,0.0,1.8,0.0,1.4982584734877142,842.3119220188174,False,settled
b,blue_ramp,ramp,0.0,1.8,0.0,1.2115689632096234,918.3639514683707,False,settled
b,blue_ramp,ramp,0.0,1.8,0.0,0.9582638008951374,1000.7808648358941,False,settled
b,blue_ramp,ramp,0.0,1.8,0.0,1.4139741581390426,860.4627670686365,False,settled
b,blue_ramp,ramp,0.0,1.8,0.0,1.450201449160445,848.3315422507646,False,settled
b,blue_ramp,ramp,0.0,1.8,0.0,1.2007209150571554,920.1353546733731,False,settled
b,blue_ramp,ramp,0.0,1.8,0.0,1.5907355344427458,819.8226701502748,False,settled
b,blue_ramp,ramp,0.0,1.8,0.0,0.8577008743959694,1035.7131920102076,False,settled
b,blue_ramp,ramp,0.0,1.8,0.0,0.9506395933073103,1006.8872410083908,False,settled
b,blue_ramp,ramp,0.0,1.8,0.0,0.8387728810825594,1046.768090279463,False,settled
b,blue_ramp,ramp,0.0,1.8,0.0,1.6248685824978903,809.8582755719796,False,settled
b,blue_ramp,ramp,0.0,1.8,0.0,1.616146007949227,813.1475301527612,False,settled
b,blue_ramp,ramp,0.0,1.8,0.0,1.0012153199548786,985.2286861311193,False,settled
b,blue_ramp,ramp,0.0,1.8,0.0,1.0138873708366143,988.2822825936546,False,settled
b,blue_ramp,ramp,0.0,1.8,0.0,1.1479551176858647,937.7058457063589,False,settled
b,blue_ramp,ramp,0.0,1.8,0.0,0.8242342310018644,1058.1426940479819,False,settled
b,blue_ramp,ramp,0.0,1.8,0.0,1.2630695913811298,900.4457636118468,False,settled
b,blue_ramp,ramp,0.0,1.8,0.0,1.2161214047369528,914.4134508261155,False,settled
b,blue_ramp,ramp,0.0,1.8,0.0,1.6501199267620266,804.6042151692509,False,settled
b,blue_ramp,ramp,0.0,1.8,0.0,0.9069593850769792,1018.4044765449462,False,settled
b,blue_ramp,ramp,0.0,1.8,0.0,0.9543967355263163,1003.8670206968719,False,settled
b,blue_ramp,ramp,0.0,1.8,0.0,1.4906305828377466,842.6036592452191,False,settled
b,blue_ramp,ramp,0.0,1.8,0.0,0.981720969683273,993.3701327996737,False,settled
b,blue_ramp,ramp,0.0,1.8,0.0,0.7777283450783661,1067.0710329986957,False,settled
b,blue_ramp,ramp,0.0,1.8,0.0,1.3264759406021314,885.3933995152488,False,settled
b,blue_ramp,ramp,0.0,1.8,0.0,1.2937854993761573,892.2947832929514,False,settled
b,blue_ramp,ramp,0.0,1.8,0.0,0.8586337166031196,1035.5749298872588,False,settled
b,blue_ramp,ramp,0.0,1.8,0.0,1.212769423080067,917.3162088685588,False,settled
b,blue_ramp,ramp,0.0,1.8,0.0,1.6543301986962182,803.3593183357746,False,settled
b,blue_ramp,ramp,0.0,1.8,0.0,1.3741280567029202,872.0437233780943,False,settled
b,blue_ramp,ramp,0.0,1.8,0.0,1.0023811465202601,985.0629017442806,False,settled
b,blue_ramp,ramp,0.0,1.8,0.0,1.2526278622875417,903.0843313446217,False,settled
b,blue_ramp,ramp,0.0,1.8,0.0,0.8661434313956938,1034.446432216041,False,settled
b,blue_ramp,ramp,0.0,1.8,0.0,0.9428137712074985,1013.1982670670384,False,settled
b,blue_ramp,ramp,0.0,1.8,0.0,1.6661383555803069,800.9732949785891,False,settled
b,blue_ramp,ramp,0.0,1.8,0.0,1.23261702857448,912.8142311476345,False,settled
b,blue_ramp,ramp,0.0,1.8,0.0,0.7497195220668051,1088.2074148218949,False,settled
b,blue_ramp,ramp,0.0,1.8,0.0,0.76960929088039,1073.1174400374618,False,settled
b,blue_ramp,ramp,0.0,1.8,0.0,0.8206799478345307,1060.700074897574,False,settled
b,blue_ramp,ramp,0.0,1.8,0.0,0.7018747680617491,1112.4449193687321,False,settled
b,blue_ramp,ramp,0.0,1.8,0.0,1.4313005077762986,856.0147826152875,False,settled
b,blue_ramp,ramp,0.0,1.8,0.0,0.7450162151572004,1084.4624936966736,False,settled
b,blue_ramp,ramp,0.0,1.8,0.0,1.0997296641267,956.033892188016,False,settled
b,blue_ramp,ramp,0.0,1.8,0.0,0.7893821268542018,1072.8687762914203,False,settled
b,blue_ramp,ramp,0.0,1.8,0.0,1.1672976349237676,933.1591576241028,False,settled
b,blue_ramp,ramp,0.0,1.8,0.0,1.3426160881607656,881.3849560507242,False,settled
b,blue_ramp,ramp,0.0,1.8,0.0,1.358565036612495,876.8614689808696,False,settled
b,blue_ramp,ramp,0.0,1.8,0.0,1.205682150210993,923.4834962649385,False,settled
b,blue_ramp,ramp,0.0,1.8,0.0,0.8788670679672859,1027.8688846459559,False,settled
b,blue_ramp,ramp,0.0,1.8,0.0,1.6118869149829307,813.6317690770013,False,settled
b,blue_ramp,ramp,0.0,1.8,0.0,1.4616079638245356,848.2302749826868,False,settled
b,blue_ramp,ramp,0.0,1.8,0.0,1.6133716748579798,813.1117144728423,False,settled
b,blue_ramp,ramp,0.0,1.8,0.0,1.669875636955544,799.3587746123532,False,settled
b,blue_ramp,ramp,0.0,1.8,0.0,0.997863442213933,985.9283380666787,False,settled
b,blue_ramp,ramp,0.0,1.8,0.0,1.4259155223247626,857.2807776209861,False,settled
b,blue_ramp,ramp,0.0,1.8,0.0,1.3362853546779114,881.7564961352093,False,settled
b,blue_ramp,ramp,0.0,1.8,0.0,0.7867776585991397,1074.4743812849738,False,settled
b,blue_ramp,ramp,0.0,1.8,0.0,1.673848433638559,799.0841246404079,False,settled
b,blue_ramp,ramp,0.0,1.8,0.0,1.5516380050521585,828.164025647937,False,settled
b,blue_ramp,ramp,0.0,1.8,0.0,0.7861548530900133,1074.8006170760957,False,settled
b,blue_ramp,ramp,0.0,1.8,0.0,0.930506416771153,1018.9482978764491,False,settled
b,blue_ramp,ramp,0.0,1.8,0.0,0.9290042299544077,1019.230536942334,False,settled
b,blue_ramp,ramp,0.0,1.8,0.0,1.3840389391272752,867.6113724629008,False,settled
b,blue_ramp,ramp,0.0,1.8,0.0,1.4471749978956059,851.8177973279843,False,settled
b,blue_ramp,ramp,0.0,1.8,0.0,1.0030950469801405,984.9137573298066,False,settled
b,blue_ramp,ramp,0.0,1.8,0.0,1.097220019576108,958.1533148390689,False,settled
b,blue_ramp,ramp,0.0,1.8,0.0,0.987848716591252,988.8369406846724,False,settled
b,blue_ramp,ramp,0.0,1.8,0.0,1.5789645266776493,822.6525119023512,False,settled
b,blue_ramp,ramp,0.0,1.8,0.0,0.7129743023809048,1100.0571919778508,False,settled
b,blue_ramp,ramp,0.0,1.8,0.0,1.5173787816853868,837.376838238042,False,settled
b,blue_ramp,ramp,0.0,1.8,0.0,0.8682247612675873,1034.143809829779,False,settled
b,blue_ramp,ramp,0.0,1.8,0.0,0.9271183566025457,1019.5848629206816,False,settled
b,blue_ramp,ramp,0.0,1.8,0.0,1.4783478348856243,845.6067299790492,False,settled
b,blue_ramp,ramp,0.0,1.8,0.0,0.8501185423066299,1038.1109853654539,False,settled
b,blue_ramp,ramp,0.0,1.8,0.0,1.5849865632255569,820.6379405908234,False,settled
b,blue_ramp,ramp,0.0,1.8,0.0,1.3170717772803024,887.5343284511497,False,settled
b,blue_ramp,ramp,0.0,1.8,0.0,0.8076478962380802,1056.769257505132,False,settled
b,blue_ramp,ramp,0.0,1.8,0.0,0.9041937636027654,1020.4297997778759,False,settled
b,blue_ramp,ramp,0.0,1.8,0.0,0.7528794184162612,1081.2813185458697,False,settled
b,blue_ramp,ramp,0.0,1.8,0.0,1.1261914188499118,943.1284821960742,False,settled
b,blue_ramp,ramp,0.0,1.8,0.0,0.9618073518193873,998.242899059493,False,settled
b,blue_ramp,ramp,0.0,1.8,0.0,1.1120417559273637,954.7792546609162,False,settled
b,blue_ramp,ramp,0.0,1.8,0.0,1.2608307376759258,902.4667296723169,False,settled
b,blue_ramp,ramp,0.0,1.8,0.0,1.047795800555595,971.0234601265613,False,settled
b,blue_ramp,ramp,0.0,1.8,0.0,1.3959274634202934,865.4501351595989,False,settled
b,blue_ramp,ramp,0.0,1.8,0.0,1.0999730687357987,955.8283509535088,False,settled
b,blue_ramp,ramp,0.0,1.8,0.0,0.8988669631216758,1024.634397078673,False,settled
b,blue_ramp,ramp,0.0,1.8,0.0,1.216325838463723,914.2404332917869,False,settled
b,blue_ramp,ramp,0.0,1.8,0.0,1.3283708023124832,883.543952156427,False,settled
b,blue_ramp,ramp,0.0,1.8,0.0,0.9962740501082498,986.2637162003463,False,settled
b,blue_ramp,ramp,0.0,1.8,0.0,1.3866071381544378,864.9998019793208,False,settled
b,blue_ramp,ramp,0.0,1.8,0.0,1.3109034407057512,890.1359714346604,False,settled
b,blue_ramp,ramp,0.0,1.8,0.0,1.6741878032381203,798.038995854906,False,settled
b,blue_ramp,ramp,0.0,1.8,0.0,0.7798779033654204,1065.4602284110304,False,settled
b,blue_ramp,ramp,0.0,1.8,0.0,1.350089992922212,879.7083836479754,False,settled
b,blue_ramp,ramp,0.0,1.8,0.0,1.3022013230765432,890.7861382105137,False,settled
b,blue_ramp,ramp,0.0,1.8,0.0,0.8242386634579105,1058.139205270876,False,settled
b,blue_ramp,ramp,0.0,1.8,0.0,1.563626122423463,825.4663625424367,False,settled
b,blue_ramp,ramp,0.0,1.8,0.0,1.3142607400099535,888.7171737212491,False,settled
b,blue_ramp,ramp,0.0,1.8,0.0,1.3805473980621303,870.9376859974093,False,settled
b,blue_ramp,ramp,0.0,1.8,0.0,0.7050786083037303,1099.8760767678223,False,settled
b,blue_ramp,ramp,0.0,1.8,0.0,0.7750725260308013,1069.1039200989196,False,settled
b,blue_ramp,ramp,0.0,1.8,0.0,1.4512643771759228,847.2172230882379,False,settled
b,blue_ramp,ramp,0.0,1.8,0.0,1.3324178351435403,879.9166492595127,False,settled
b,blue_ramp,ramp,0.0,1.8,0.0,1.2085755202949147,920.9666737476185,False,settled
b,blue_ramp,ramp,0.0,1.8,0.0,0.9897071272902717,987.751038706447,False,settled
b,blue_ramp,ramp,0.0,1.8,0.0,1.4138259877494361,860.6249920056421,False,settled
b,blue_ramp,ramp,0.0,1.8,0.0,1.6241493457722833,810.9677173622583,False,settled
b,blue_ramp,ramp,0.0,1.8,0.0,0.9076075214537839,1017.8323604592501,False,settled
b,blue_ramp,ramp,0.0,1.8,0.0,0.8295119257914655,1054.0087816686842,False,settled
b,blue_ramp,ramp,0.0,1.8,0.0,1.249184274814308,906.0812319624615,False,settled
b,blue_ramp,ramp,0.0,1.8,0.0,0.9806224103590747,994.2382004007295,False,settled
b,blue_ramp,ramp,0.0,1.8,0.0,0.8451799008316603,1041.8869776904587,False,settled
b,blue_ramp,ramp,0.0,1.8,0.0,1.6093215100815106,814.47480906335,False,settled
b,blue_ramp,ramp,0.0,1.8,0.0,1.3241455631287589,887.6778008190907,False,settled
b,blue_ramp,ramp,0.0,1.8,0.0,0.7082106480893119,1097.4865929404118,False,settled
b,blue_ramp,ramp,0.0,1.8,0.0,1.1929193633921589,926.9007651759663,False,settled
b,blue_ramp,ramp,0.0,1.8,0.0,1.1662398756768848,934.079792395818,False,settled
b,blue_ramp,ramp,0.0,1.8,0.0,1.178094470956762,931.6836896093577,False,settled
b,blue_ramp,ramp,0.0,1.8,0.0,0.8523561246822784,1049.444540377946,False,settled
b,blue_ramp,ramp,0.0,1.8,0.0,1.1603278324471467,938.9699554631453,False,settled
b,blue_ramp,ramp,0.0,1.8,0.0,0.8968298683173693,1026.2515635252369,False,settled
b,blue_ramp,ramp,0.0,1.8,0.0,1.4583531053189915,847.704753098417,False,settled
b,blue_ramp,ramp,0.0,1.8,0.0,1.49906025168623,841.7084129425101,False,settled
b,blue_ramp,ramp,0.0,1.8,0.0,1.3767042653982422,869.6668786452885,False,settled
b,blue_ramp,ramp,0.0,1.8,0.0,1.4731965521144945,847.6753640527886,False,settled
b,blue_ramp,ramp,0.0,1.8,0.0,1.1188359231699847,949.2716870687383,False,settled
b,blue_ramp,ramp,0.0,1.8,0.0,1.4380591848973545,853.0720440088019,False,settled
b,blue_ramp,ramp,0.0,1.8,0.0,1.4169661707375136,857.456847434333,False,settled
b,blue_ramp,ramp,0.0,1.8,0.0,1.1080058518891336,949.4431990189557,False,settled
b,blue_ramp,ramp,0.0,1.8,0.0,1.4543578191861934,847.9654313625772,False,settled
b,blue_ramp,ramp,0.0,1.8,0.0,1.0360521228929855,980.3841582629639,False,settled
b,blue_ramp,ramp,0.0,1.8,0.0,1.6539026784488764,804.3058337896128,False,settled
b,blue_ramp,ramp,0.0,1.8,0.0,0.9092005683178779,1016.6124370657998,False,settled
b,blue_ramp,ramp,0.0,1.8,0.0,1.3404998100794352,877.9993870877722,False,settled
b,blue_ramp,ramp,0.0,1.8,0.0,1.277701281827476,900.5038974959814,False,settled
b,blue_ramp,ramp,0.0,1.8,0.0,1.2317945129290846,913.1020598050685,False,settled
b,blue_ramp,ramp,0.0,1.8,0.0,0.780287870780989,1065.1546610909345,False,settled
b,blue_ramp,ramp,0.0,1.8,0.0,0.9930366569658755,987.0386423993693,False,settled
b,blue_ramp,ramp,0.0,1.8,0.0,0.9760059334677572,997.8810687859362,False,settled
b,blue_ramp,ramp,0.0,1.8,0.0,0.80048025259453,1057.6399279539237,False,settled
b,blue_ramp,ramp,0.0,1.8,0.0,0.9325760270045228,1018.5594456545444,False,settled
b,blue_ramp,ramp,0.0,1.8,0.0,1.350354261334638,879.4426879136796,False,settled
b,blue_ramp,ramp,0.0,1.8,0.0,1.5796389959344155,821.1308688113924,False,settled
b,blue_ramp,ramp,0.0,1.8,0.0,1.1823952750723727,928.168891010069,False,settled
b,blue_ramp,ramp,0.0,1.8,0.0,0.9971524946910303,986.0803244733485,False,settled
b,blue_ramp,ramp,0.0,1.8,0.0,1.2004658877890395,920.3589105271868,False,settled
b,blue_ramp,ramp,0.0,1.8,0.0,1.3057702871697265,887.8244613306166,False,settled
b,blue_ramp,ramp,0.0,1.8,0.0,1.1214067822282239,947.148151134762,False,settled
b,blue_ramp,ramp,0.0,1.8,0.0,0.7920277163224029,1072.5200639705954,False,settled
b,blue_ramp,ramp,0.0,1.8,0.0,1.020623075183008,982.7479934701512,False,settled
b,blue_ramp,ramp,0.0,1.8,0.0,1.244262514574348,910.5635683165663,False,settled
b,blue_ramp,ramp,0.0,1.8,0.0,1.6456225578903791,805.7940440954594,False,settled
b,blue_ramp,ramp,0.0,1.8,0.0,1.0156691800568267,986.8128792677286,False,settled
b,blue_ramp,ramp,0.0,1.8,0.0,0.7913587664243458,1072.6081766898424,False,settled
b,blue_ramp,ramp,0.0,1.8,0.0,1.6190269033465363,811.9420545919397,False,settled
b,blue_ramp,ramp,0.0,1.8,0.0,1.4762710776674948,848.2298166191066,False,settled
b,blue_ramp,ramp,0.0,1.8,0.0,1.4834631188785283,844.9183791433267,False,settled
b,blue_ramp,ramp,0.0,1.8,0.0,0.8289811992213423,1054.4237450744065,False,settled
b,blue_ramp,ramp,0.0,1.8,0.0,0.7450692813060613,1084.5161857974183,False,settled
b,blue_ramp,ramp,0.0,1.8,0.0,1.4466400349154886,852.1876893685347,False,settled
b,blue_ramp,ramp,0.0,1.8,0.0,1.4758926430575348,844.0024795454606,False,settled
b,blue_ramp,ramp,0.0,1.8,0.0,1.2550735402789828,907.7554164090417,False,settled
b,blue_ramp,ramp,0.0,1.8,0.0,1.255111381775066,907.7205788817276,False,settled
b,blue_ramp,ramp,0.0,1.8,0.0,1.0559943237407987,974.0959730382797,False,settled
b,blue_ramp,ramp,0.0,1.8,0.0,1.0041571509475509,984.692179298202,False,settled
b,blue_ramp,ramp,0.0,1.8,0.0,1.3674007236271264,873.4597750102183,False,settled
b,blue_ramp,ramp,0.0,1.8,0.0,1.4948585079884071,842.63715656414,False,settled
b,blue_ramp,ramp,0.0,1.8,0.0,1.1850068438715775,925.8969074812494,False,settled
b,blue_ramp,ramp,0.0,1.8,0.0,1.038379333928971,978.4625525929124,False,settled
b,blue_ramp,ramp,0.0,1.8,0.0,1.2938736396927946,892.2131595377793,False,settled
b,blue_ramp,ramp,0.0,1.8,0.0,1.0973679717699811,958.0283691196347,False,settled
b,blue_ramp,ramp,0.0,1.8,0.0,1.0849104215782814,959.3654932339488,False,settled
b,blue_ramp,ramp,0.0,1.8,0.0,1.2697341054284734,901.1455015747924,False,settled
b,blue_ramp,ramp,0.0,1.8,0.0,0.7555103438843197,1076.9569890069822,False,settled
b,blue_ramp,ramp,0.0,1.8,0.0,1.0993304942591746,956.3709990667049,False,settled
b,blue_ramp,ramp,0.0,1.8,0.0,0.8066949821212069,1056.8791869551787,False,settled
b,blue_ramp,ramp,0.0,1.8,0.0,0.8460284779852788,1041.155014312915,False,settled
b,blue_ramp,ramp,0.0,1.8,0.0,0.9003996420362292,1023.4229771474992,False,settled
b,blue_ramp,ramp,0.0,1.8,0.0,1.4037861245663665,864.5404212258161,False,settled
b,blue_ramp,ramp,0.0,1.8,0.0,0.7467644107838141,1084.5955605973163,False,settled
b,blue_ramp,ramp,0.0,1.8,0.0,1.573204717066194,823.3009100666062,False,settled
b,blue_ramp,ramp,0.0,1.8,0.0,0.7722515714411969,1071.2424800522613,False,settled
b,blue_ramp,ramp,0.0,1.8,0.0,0.7286109507760832,1095.2697763672659,False,settled
b,blue_ramp,ramp,0.0,1.8,0.0,1.0265139881709064,977.932073612967,False,settled
b,blue_ramp,ramp,0.0,1.8,0.0,1.0392999805234706,977.7023319368066,False,settled
b,blue_ramp,ramp,0.0,1.8,0.0,1.2555924420205604,907.2777037428208,False,settled
b,blue_ramp,ramp,0.0,1.8,0.0,1.573612740940679,822.5809816568836,False,settled
b,blue_ramp,ramp,0.0,1.8,0.0,0.9786148041243302,995.8243742200192,False,settled
b,blue_ramp,ramp,0.0,1.8,0.0,0.6945512971299097,1105.9551813005933,False,settled
b,blue_ramp,ramp,0.0,1.8,0.0,1.0391442760656822,977.831060994403,False,settled
b,blue_ramp,ramp,0.0,1.8,0.0,1.6688602814661626,799.9825801507781,False,settled
b,blue_ramp,ramp,0.0,1.8,0.0,1.1075300902211902,949.8421243335438,False,settled
b,blue_ramp,ramp,0.0,1.8,0.0,1.0486355990104714,970.357821836464,False,settled
b,blue_ramp,ramp,0.0,1.8,0.0,0.7687649327031719,1073.7144606023776,False,settled
b,blue_ramp,ramp,0.0,1.8,0.0,1.6651889871158516,800.418854900167,False,settled
b,blue_ramp,ramp,0.0,1.8,0.0,0.7392593149453935,1084.8014237589027,False,settled
b,blue_ramp,ramp,0.0,1.8,0.0,1.6411332586637333,806.5828037879558,False,settled
b,blue_ramp,ramp,0.0,1.8,0.0,0.9334053389110477,1018.4036281578148,False,settled
b,blue_ramp,ramp,0.0,1.8,0.0,1.6549641513308413,803.6049606727404,False,settled
b,blue_ramp,ramp,0.0,1.8,0.0,0.8465096286355336,1040.7817727235638,False,settled
b,blue_ramp,ramp,0.0,1.8,0.0,1.1639351706027123,935.833575011814,False,settled
b,blue_ramp,ramp,0.0,1.8,0.0,0.6887548083089458,1113.2211317395154,False,settled
b,blue_ramp,ramp,0.0,1.8,0.0,1.4820895286622942,845.158219263609,False,settled
b,blue_ramp,ramp,0.0,1.8,0.0,0.831399550980974,1052.5325848457971,False,settled
b,blue_ramp,ramp,0.0,1.8,0.0,1.5129467650745436,837.297671338409,False,settled
b,blue_ramp,ramp,0.0,1.8,0.0,0.6956078631912215,1104.0854957895,False,settled
b,blue_ramp,ramp,0.0,1.8,0.0,1.0868015927031827,957.7930347042035,False,settled
b,blue_ramp,ramp,0.0,1.8,0.0,1.5530256627941905,829.4053137646224,False,settled
b,blue_ramp,ramp,0.0,1.8,0.0,1.0718054705357078,966.0866363131976,False,settled
b,blue_ramp,ramp,0.0,1.8,0.0,0.9269744641931995,1019.6120992247672,False,settled
b,blue_ramp,ramp,0.0,1.8,0.0,1.0162190402110352,986.3594215973586,False,settled
b,blue_ramp,ramp,0.0,1.8,0.0,1.001782566744933,985.187805110575,False,settled
b,blue_ramp,ramp,0.0,1.8,0.0,1.1504600962055351,936.9707224011051,False,settled
b,blue_ramp,ramp,0.0,1.8,0.0,1.4742559021032815,846.7138644989299,False,settled
b,blue_ramp,ramp,0.0,1.8,0.0,1.072320958875308,965.9547661741432,False,settled
b,blue_ramp,ramp,0.0,1.8,0.0,0.8645539184337814,1034.768009617343,False,settled
b,blue_ramp,ramp,0.0,1.8,0.0,0.8361807137353718,1048.793084512801,False,settled
b,blue_ramp,ramp,0.0,1.8,0.0,0.8328438457831393,1051.4028287969418,False,settled
b,blue_ramp,ramp,0.0,1.8,0.0,0.8502559632926311,1037.9316902743826,False,settled
b,blue_ramp,ramp,0.0,1.8,0.0,0.826109124753282,1056.6666791076666,False,settled
b,blue_ramp,ramp,0.0,1.8,0.0,0.6897395637897334,1110.4219681300106,False,settled
b,blue_ramp,ramp,0.0,1.8,0.0,1.372546137728784,868.5366326482216,False,settled
b,blue_ramp,ramp,0.0,1.8,0.0,0.9697772285364976,1002.8564889691817,False,settled
b,blue_ramp,ramp,0.0,1.8,0.0,1.364782953052578,870.9607141360464,False,settled
b,blue_ramp,ramp,0.0,1.8,0.0,0.8156860172356462,1051.1191908109984,False,settled
b,blue_ramp,ramp,0.0,1.8,0.0,1.1239236265756951,945.0247227153338,False,settled
b,blue_ramp,ramp,0.0,1.8,0.0,0.8991431787860454,1024.416091698159,False,settled
b,blue_ramp,ramp,0.0,1.8,0.0,1.4391274098697822,851.9474989015945,False,settled
b,blue_ramp,ramp,0.0,1.8,0.0,1.4857271408363137,844.7531569636269,False,settled
b,blue_ramp,ramp,0.0,1.8,0.0,0.9760689151482536,997.8314394226754,False,settled
b,blue_ramp,ramp,0.0,1.8,0.0,1.4762980986041199,848.195800049605,False,settled
b,blue_ramp,ramp,0.0,1.8,0.0,1.5433390042893562,830.7344046382698,False,settled
b,blue_ramp,ramp,0.0,1.8,0.0,0.8240768565504435,1058.2667694274453,False,settled
b,blue_ramp,ramp,0.0,1.8,0.0,1.2718199694305898,899.2147811009945,False,settled
b,blue_ramp,ramp,0.0,1.8,0.0,0.8847307967691992,1035.9109709815896,False,settled
b,blue_ramp,ramp,0.0,1.8,0.0,1.4377118618224123,853.4670865654997,False,settled
b,blue_ramp,ramp,0.0,1.8,0.0,1.4983191345411597,842.2662775942771,False,settled
b,blue_ramp,ramp,0.0,1.8,0.0,0.7147011406550279,1104.612812999995,False,settled
b,blue_ramp,ramp,0.0,1.8,0.0,1.6378277437656605,807.774249059668,False,settled
b,blue_ramp,ramp,0.0,1.8,0.0,1.466268726678378,847.0025340775251,False,settled
b,blue_ramp,ramp,0.0,1.8,0.0,0.7042839614589462,1111.009029914644,False,settled
b,blue_ramp,ramp,0.0,1.8,0.0,0.888124729479512,1033.1880994422447,False,settled
b,blue_ramp,ramp,0.0,1.8,0.0,0.9369256244883486,1006.2833509304376,False,settled
b,blue_ramp,ramp,0.0,1.8,0.0,0.9809041058776405,994.0161354726158,False,settled
b,blue_ramp,ramp,0.0,1.8,0.0,1.0778828785839927,964.5482046884363,False,settled
b,blue_ramp,ramp,0.0,1.8,0.0,1.2917439096152605,894.0866172499909,False,settled
b,blue_ramp,ramp,0.0,1.8,0.0,0.8241727347755077,1058.191298844734,False,settled
b,blue_ramp,ramp,0.0,1.8,0.0,1.4176408368191142,856.7277850163565,False,settled
b,blue_ramp,ramp,0.0,1.8,0.0,1.6222811628870069,810.0733738967047,False,settled
b,blue_ramp,ramp,0.0,1.8,0.0,0.8600033181172404,1035.3678789329638,False,settled
b,blue_ramp,ramp,0.0,1.8,0.0,1.0741539836552039,965.4886986608338,False,settled
b,blue_ramp,ramp,0.0,1.8,0.0,0.8164089422477179,1064.0923486404256,False,settled
b,blue_ramp,ramp,0.0,1.8,0.0,1.6904931455267154,791.5313650993224,False,settled
b,blue_ramp,ramp,0.0,1.8,0.0,0.8464253698589003,1040.847134350207,False,settled
b,blue_ramp,ramp,0.0,1.8,0.0,0.6950450207571083,1109.5451268036982,False,settled
b,blue_ramp,ramp,0.0,1.8,0.0,0.8475407689485354,1039.986126910857,False,settled
b,blue_ramp,ramp,0.0,1.8,0.0,1.0486408209542735,970.3536284539043,False,settled
b,blue_ramp,ramp,0.0,1.8,0.0,1.3094979672243023,890.7348353486906,False,settled
b,blue_ramp,ramp,0.0,1.8,0.0,0.9630962161458999,997.31898406189,False,settled
b,blue_ramp,ramp,0.0,1.8,0.0,1.5775147952427893,821.8392148455067,False,settled
b,blue_ramp,ramp,0.0,1.8,0.0,0.9995862269956068,985.5686028182965,False,settled
b,blue_ramp,ramp,0.0,1.8,0.0,1.4253755998084117,857.6307362827001,False,settled
b,blue_ramp,ramp,0.0,1.8,0.0,0.9535480037624888,1004.5492907792585,False,settled
b,blue_ramp,ramp,0.0,1.8,0.0,1.5239315410233323,834.251357544762,False,settled
b,blue_ramp,ramp,0.0,1.8,0.0,1.6088870854643598,814.6048478475525,False,settled
b,blue_ramp,ramp,0.0,1.8,0.0,1.5631479772886976,826.2742430022544,False,settled
b,blue_ramp,ramp,0.0,1.8,0.0,1.5457258107554868,830.5617111717534,False,settled
b,blue_ramp,ramp,0.0,1.8,0.0,1.4485439973494483,850.232306112023,False,settled
b,blue_ramp,ramp,0.0,1.8,0.0,1.5609774486945132,826.5513741472008,False,settled
b,blue_ramp,ramp,0.0,1.8,0.0,1.4667814456195105,846.3890562061493,False,settled
b,blue_ramp,ramp,0.0,1.8,0.0,1.1978080984447128,922.5983671926911,False,settled
b,blue_ramp,ramp,0.0,1.8,0.0,1.5927298067460312,818.952956962062,False,settled
b,blue_ramp,ramp,0.0,1.8,0.0,0.9836616416919723,991.8402890403249,False,settled
b,blue_ramp,ramp,0.0,1.8,0.0,1.3713922403742078,869.6611762707603,False,settled
b,blue_ramp,ramp,0.0,1.8,0.0,1.0656381686840566,967.6645372319949,False,settled
b,blue_ramp,ramp,0.0,1.8,0.0,1.244796320308863,910.0756059883838,False,settled
b,blue_ramp,ramp,0.0,1.8,0.0,0.7120794563289644,1097.081955438474,False,settled
b,blue_ramp,ramp,0.0,1.8,0.0,0.8927004419556497,1029.5401942182389,False,settled
b,blue_ramp,ramp,0.0,1.8,0.0,1.4899583103795984,843.4778754927681,False,settled
b,blue_ramp,ramp,0.0,1.8,0.0,1.165609130065182,934.6287660747498,False,settled
b,blue_ramp,ramp,0.0,1.8,0.0,0.9104296052928285,1015.7696914798211,False,settled
b,blue_ramp,ramp,0.0,1.8,0.0,1.6305250126248514,808.6921443090478,False,settled
b,blue_ramp,ramp,0.0,1.8,0.0,1.2957610210991637,890.4091601655817,False,settled
b,blue_ramp,ramp,0.0,1.8,0.0,0.6978949044293757,1112.5736005834203,False,settled
b,blue_ramp,ramp,0.0,1.8,0.0,1.1287550461755307,941.2370334862658,False,settled
b,blue_ramp,ramp,0.0,1.8,0.0,0.8303001680725184,1053.3924718126236,False,settled
b,blue_ramp,ramp,0.0,1.8,0.0,0.8964624884425858,1026.5441532623163,False,settled
b,blue_ramp,ramp,0.0,1.8,0.0,1.1026986449247402,953.8015298145954,False,settled
b,blue_ramp,ramp,0.0,1.8,0.0,1.2728532866495261,898.3537664805754,False,settled
b,blue_ramp,ramp,0.0,1.8,0.0,1.6670933018641971,800.1826494463305,False,settled
b,blue_ramp,ramp,0.0,1.8,0.0,1.4810188647196678,846.5333240589049,False,settled
b,blue_ramp,ramp,0.0,1.8,0.0,1.1045578855705405,952.2423963684624,False,settled
b,blue_ramp,ramp,0.0,1.8,0.0,0.7073977642369185,1110.5854809200957,False,settled
b,blue_ramp,ramp,0.0,1.8,0.0,1.6095172511319396,814.2378883637554,False,settled
b,blue_ramp,ramp,0.0,1.8,0.0,1.3702869250379617,870.8559933738284,False,settled
b,blue_ramp,ramp,0.0,1.8,0.0,0.9924843706669043,987.1557755427789,False,settled
b,blue_ramp,ramp,0.0,1.8,0.0,1.6189013386530293,812.2391354850878,False,settled
b,blue_ramp,ramp,0.0,1.8,0.0,1.3805585752093759,870.926254029857,False,settled
b,blue_ramp,ramp,0.0,1.8,0.0,1.0852486731827578,959.0842703488063,False,settled
b,blue_ramp,ramp,0.0,1.8,0.0,1.637493112557995,808.0818233004788,False,settled
b,blue_ramp,ramp,0.0,1.8,0.0,1.063870410907081,968.1168351312442,False,settled
b,blue_ramp,ramp,0.0,1.8,0.0,1.1463763433457745,938.1691605372349,False,settled
b,blue_ramp,ramp,0.0,1.8,0.0,1.2774618577408712,900.727400031274,False,settled
b,blue_ramp,ramp,0.0,1.8,0.0,0.8887047381398838,1032.7227103095836,False,settled
b,blue_ramp,ramp,0.0,1.8,0.0,0.9252270605655731,1019.9404682039086,False,settled
b,blue_ramp,ramp,0.0,1.8,0.0,1.5782347217347301,821.5519326980284,False,settled
b,blue_ramp,ramp,0.0,1.8,0.0,0.9465789205702623,1010.152366848553,False,settled
b,blue_ramp,ramp,0.0,1.8,0.0,1.0230423318171555,980.7690197535055,False,settled
b,blue_ramp,ramp,0.0,1.8,0.0,1.095431915047155,959.6636082004824,False,settled
b,blue_ramp,ramp,0.0,1.8,0.0,1.0620080401051124,969.1654084512816,False,settled
b,blue_ramp,ramp,0.0,1.8,0.0,0.7353276425146484,1085.5519260250207,False,settled
b,blue_ramp,ramp,0.0,1.8,0.0,1.42239709141164,856.4508619362226,False,settled
b,blue_ramp,ramp,0.0,1.8,0.0,0.8765066366295449,1029.7875631223808,False,settled
b,blue_ramp,ramp,0.0,1.8,0.0,1.1144458711094833,952.7316372031769,False,settled
b,blue_ramp,ramp,0.0,1.8,0.0,1.1372275076835765,942.7237725503003,False,settled
b,blue_ramp,ramp,0.0,1.8,0.0,0.6956639969080598,1104.6195353654111,False,settled
b,blue_ramp,ramp,0.0,1.8,0.0,0.8839144938439079,1036.5660021956203,False,settled
b,blue_ramp,ramp,0.0,1.8,0.0,1.4976166603101648,842.7949324027996,False,settled
b,blue_ramp,ramp,0.0,1.8,0.0,1.097500650513861,957.9163216703245,False,settled
b,blue_ramp,ramp,0.0,1.8,0.0,1.2910618089093477,894.7135422265414,False,settled
b,blue_ramp,ramp,0.0,1.8,0.0,1.1422648262353425,939.3760712297816,False,settled
b,blue_ramp,ramp,0.0,1.8,0.0,0.7343775520474473,1097.915538223652,False,settled
b,blue_ramp,ramp,0.0,1.8,0.0,1.632576907312697,808.5370142727805,False,settled
b,blue_ramp,ramp,0.0,1.8,0.0,1.0755204686402002,965.1440661529788,False,settled
b,blue_ramp,ramp,0.0,1.8,0.0,1.2872756186440133,898.1670688243578,False,settled
b,blue_ramp,ramp,0.0,1.8,0.0,1.2506202911899333,904.8688265402106,False,settled
b,blue_ramp,ramp,0.0,1.8,0.0,0.9115980300796582,1026.7014379407149,False,settled
b,blue_ramp,ramp,0.0,1.8,0.0,0.9799840610406444,994.7414159825947,False,settled
b,blue_ramp,ramp,0.0,1.8,0.0,1.6593357619839895,802.5427650407843,False,settled
b,blue_ramp,ramp,0.0,1.8,0.0,1.2950638662079381,891.0458059610131,False,settled
b,blue_ramp,ramp,0.0,1.8,0.0,1.6109908867956653,813.8153646392498,False,settled
b,blue_ramp,ramp,0.0,1.8,0.0,0.6950732467813693,1110.4421907762003,False,settled
b,blue_ramp,ramp,0.0,1.8,0.0,1.3797845907967934,866.723967930779,False,settled
b,blue_ramp,ramp,0.0,1.8,0.0,1.0898480025469326,955.3524076806373,False,settled
b,blue_ramp,ramp,0.0,1.8,0.0,0.8935565406969658,1028.8584733108228,False,settled
b,blue_ramp,ramp,0.0,1.8,0.0,1.0188715293394253,984.1810857636925,False,settled
b,blue_ramp,ramp,0.0,1.8,0.0,1.0719633355774982,966.0462519211815,False,settled
b,blue_ramp,ramp,0.0,1.8,0.0,0.7492027323096828,1087.9869130274067,False,settled
b,blue_ramp,ramp,0.0,1.8,0.0,0.8211598749517228,1060.3207279550343,False,settled
b,blue_ramp,ramp,0.0,1.8,0.0,1.4521870581289011,850.4940020499142,False,settled
b,blue_ramp,ramp,0.0,1.8,0.0,1.1748579684471243,926.7646773201967,False,settled
b,blue_ramp,ramp,0.0,1.8,0.0,0.8958307154689787,1027.0472954777215,False,settled
b,blue_ramp,ramp,0.0,1.8,0.0,1.152255443359803,936.4460228831265,False,settled
b,blue_ramp,ramp,0.0,1.8,0.0,1.287412798431569,898.0375782463412,False,settled
b,blue_ramp,ramp,0.0,1.8,0.0,1.4914338506032563,843.0945360456589,False,settled
b,blue_ramp,ramp,0.0,1.8,0.0,0.7194113389523011,1100.4210044063302,False,settled
b,blue_ramp,ramp,0.0,1.8,0.0,0.72193733490444,1103.7108739522837,False,settled
b,blue_ramp,ramp,0.0,1.8,0.0,1.5582222957970409,827.7527805141823,False,settled
b,blue_ramp,ramp,0.0,1.8,0.0,1.2983518973511174,894.4076390704512,False,settled
b,blue_ramp,ramp,0.0,1.8,0.0,0.8411653186566914,1044.9114108457456,False,settled
b,blue_ramp,ramp,0.0,1.8,0.0,1.629189392189739,807.7419007142639,False,settled
b,blue_ramp,ramp,0.0,1.8,0.0,1.092485061295941,953.1925954007139,False,settled
b,blue_ramp,ramp,0.0,1.8,0.0,1.0408172614375948,976.4498580732858,False,settled
b,blue_ramp,ramp,0.0,1.8,0.0,0.6871116849840425,1120.6485253188287,False,settled
b,blue_ramp,ramp,0.0,1.8,0.0,1.4290366404662804,853.8204411633627,False,settled
b,blue_ramp,ramp,0.0,1.8,0.0,0.8894909085959032,1032.0961590902223,False,settled
b,blue_ramp,ramp,0.0,1.8,0.0,0.8596510071458223,1035.4200643210531,False,settled
b,blue_ramp,ramp,0.0,1.8,0.0,1.037591148166082,979.1132279346145,False,settled
b,blue_ramp,ramp,0.0,1.8,0.0,0.696873332566476,1101.460426344086,False,settled
b,blue_ramp,ramp,0.0,1.8,0.0,1.492851466497391,843.8542439411643,False,settled
b,blue_ramp,ramp,0.0,1.8,0.0,1.6259649372168208,809.751259594387,False,settled
b,blue_ramp,ramp,0.0,1.8,0.0,1.3893213223041596,867.1735515918689,False,settled
b,blue_ramp,ramp,0.0,1.8,0.0,1.3600931217582835,875.307582139144,False,settled
b,blue_ramp,ramp,0.0,1.8,0.0,0.7957585215450975,1072.0280428930807,False,settled
b,blue_ramp,ramp,0.0,1.8,0.0,0.7720573972103303,1071.3825358688919,False,settled
b,blue_ramp,ramp,0.0,1.8,0.0,1.232284153662996,912.9307164089176,False,settled
b,blue_ramp,ramp,0.0,1.8,0.0,1.5115205818126398,837.8513430097328,False,settled
b,blue_ramp,ramp,0.0,1.8,0.0,0.7858565355302355,1074.943837895536,False,settled
b,blue_ramp,ramp,0.0,1.8,0.0,1.2897612179538573,895.9087790748273,False,settled
b,blue_ramp,ramp,0.0,1.8,0.0,1.5714964170571135,823.0776903349131,False,settled
b,blue_ramp,ramp,0.0,1.8,0.0,1.1451722882522197,938.5225084648705,False,settled
b,blue_ramp,ramp,0.0,1.8,0.0,1.4967398252012114,840.8194509370517,False,settled
b,blue_ramp,ramp,0.0,1.8,0.0,1.4442635378723372,850.6132492704146,False,settled
b,blue_ramp,ramp,0.0,1.8,0.0,0.8832666403032052,1036.8379186948994,False,settled
b,blue_ramp,ramp,0.0,1.8,0.0,1.333452091023148,884.5602870933783,False,settled
b,blue_ramp,ramp,0.0,1.8,0.0,0.7208054269906622,1102.2535089704957,False,settled
b,blue_ramp,ramp,0.0,1.8,0.0,1.1171339718968194,950.4536731053564,False,settled
b,blue_ramp,ramp,0.0,1.8,0.0,1.2481838868063857,906.98817873618,False,settled
b,blue_ramp,ramp,0.0,1.8,0.0,1.1627368124094433,936.8754442129331,False,settled
b,blue_ramp,ramp,0.0,1.8,0.0,0.9078883649313558,1017.6164599286415,False,settled
b,blue_ramp,ramp,0.0,1.8,0.0,1.0708448987950996,966.3323658320634,False,settled
b,blue_ramp,ramp,0.0,1.8,0.0,0.8300850575637017,1053.5606621354268,False,settled
b,blue_ramp,ramp,0.0,1.8,0.0,1.1093558380233786,948.2475912795305,False,settled
b,blue_ramp,ramp,0.0,1.8,0.0,0.7540189257799781,1077.8579822770694,False,settled
b,blue_ramp,ramp,0.0,1.8,0.0,1.133800324673527,945.3537395186935,False,settled
b,blue_ramp,ramp,0.0,1.8,0.0,1.1408575924943865,939.7894127765334,False,settled
b,blue_ramp,ramp,0.0,1.8,0.0,1.037339828671106,979.3207967138142,False,settled
b,blue_ramp,ramp,0.0,1.8,0.0,1.53978950847584,831.4628463548449,False,settled
b,blue_ramp,ramp,0.0,1.8,0.0,1.5267701943596166,833.8337117860044,False,settled
b,blue_ramp,ramp,0.0,1.8,0.0,1.493630262444513,842.8228829185475,False,settled
b,blue_ramp,ramp,0.0,1.8,0.0,0.8377124815898929,1047.5951837306354,False,settled
b,blue_ramp,ramp,0.0,1.8,0.0,0.7751662730767958,1069.031602094708,False,settled
b,blue_ramp,ramp,0.0,1.8,0.0,1.4908631236365706,842.299358581962,False,settled
b,blue_ramp,ramp,0.0,1.8,0.0,1.0705214061283777,966.4151203718814,False,settled
b,blue_ramp,ramp,0.0,1.8,0.0,0.9341378996705819,1018.265988616281,False,settled
b,blue_ramp,ramp,0.0,1.8,0.0,1.0114505937897738,980.0274863341555,False,settled
b,blue_ramp,ramp,0.0,1.8,0.0,0.8308388839284333,1052.9711440014157,False,settled
b,blue_ramp,ramp,0.0,1.8,0.0,1.244799198819052,910.0729746686027,False,settled
b,blue_ramp,ramp,0.0,1.8,0.0,1.0740057242678658,965.5260902081667,False,settled
b,blue_ramp,ramp,0.0,1.8,0.0,1.3853035456382923,866.3291864032766,False,settled
b,blue_ramp,ramp,0.0,1.8,0.0,0.9727058075746101,1000.4789842044814,False,settled
b,blue_ramp,ramp,0.0,1.8,0.0,1.182250058960866,928.2952208674102,False,settled
b,blue_ramp,ramp,0.0,1.8,0.0,1.6781774571389845,796.6434297571113,False,settled
b,blue_ramp,ramp,0.0,1.8,0.0,1.1092913307807166,948.301219995865,False,settled
b,blue_ramp,ramp,0.0,1.8,0.0,0.8362170885956152,1048.764638208951,False,settled
b,blue_ramp,ramp,0.0,1.8,0.0,0.7373435611197414,1088.2294358400952,False,settled
b,blue_ramp,ramp,0.0,1.8,0.0,0.7665188537370539,1075.1976208006054,False,settled
b,blue_ramp,ramp,0.0,1.8,0.0,0.835938589190467,1048.982433328803,False,settled
b,blue_ramp,ramp,0.0,1.8,0.0,1.4385869207822366,852.4717830067223,False,settled
b,blue_ramp,ramp,0.0,1.8,0.0,1.539953876926798,832.4052752421167,False,settled
b,blue_ramp,ramp,0.0,1.8,0.0,0.8834979889785781,1036.6524905978251,False,settled
b,blue_ramp,ramp,0.0,1.8,0.0,0.9023976643849126,1021.8436745832713,False,settled
b,blue_ramp,ramp,0.0,1.8,0.0,0.792873967652143,1072.4084971139876,False,settled
b,blue_ramp,ramp,0.0,1.8,0.0,1.0033839030082115,984.8534957545894,False,settled
b,blue_ramp,ramp,0.0,1.8,0.0,0.7981198181413663,1071.7169143226745,False,settled
b,blue_ramp,ramp,0.0,1.8,0.0,0.9054920719625303,1019.4517358264798,False,settled
b,blue_ramp,ramp,0.0,1.8,0.0,1.4620980066870635,847.6449073638222,False,settled
b,blue_ramp,ramp,0.0,1.8,0.0,0.9899564626890922,987.6980741062863,False,settled
b,blue_ramp,ramp,0.0,1.8,0.0,1.1595126825592963,931.7034690825366,False,settled
b,blue_ramp,ramp,0.0,1.8,0.0,1.5135300992079284,836.4409008692687,False,settled
b,blue_ramp,ramp,0.0,1.8,0.0,0.7031530453689071,1104.9261480631592,False,settled
b,blue_ramp,ramp,0.0,1.8,0.0,1.4794459975621534,845.7558410455932,False,settled
b,blue_ramp,ramp,0.0,1.8,0.0,1.0273337269510552,977.5309473309345,False,settled
b,blue_ramp,ramp,0.0,1.8,0.0,1.182682602487335,927.918928916567,False,settled
b,blue_ramp,ramp,0.0,1.8,0.0,1.4258897373169026,857.3095683760785,False,settled
b,blue_ramp,ramp,0.0,1.8,0.0,1.1607437534359943,938.6083433346952,False,settled
b,blue_ramp,ramp,0.0,1.8,0.0,1.595992164884503,818.500796126992,False,settled
b,blue_ramp,ramp,0.0,1.8,0.0,1.0475858612446542,971.1895662812474,False,settled
b,blue_ramp,ramp,0.0,1.8,0.0,1.2318345137156785,913.0880620523751,False,settled
b,blue_ramp,ramp,0.0,1.8,0.0,0.8543873336779755,1036.249805280681,False,settled
b,blue_ramp,ramp,0.0,1.8,0.0,0.7526455053973871,1081.192902978519,False,settled
b,blue_ramp,ramp,0.0,1.8,0.0,1.6446766832993747,805.599940871562,False,settled
b,blue_ramp,ramp,0.0,1.8,0.0,0.926455357751887,1019.709649002589,False,settled
b,blue_ramp,ramp,0.0,1.8,0.0,1.1193727828362439,948.8176981218371,False,settled
b,blue_ramp,ramp,0.0,1.8,0.0,0.9075049741188934,1017.911185506965,False,settled
b,blue_ramp,ramp,0.0,1.8,0.0,1.476855140896758,847.4941324081487,False,settled
b,blue_ramp,ramp,0.0,1.8,0.0,1.2868915040709836,898.5296505076216,False,settled
b,blue_ramp,ramp,0.0,1.8,0.0,0.9990669760823331,985.6769462802608,False,settled
b,blue_ramp,ramp,0.0,1.8,0.0,1.277309506239862,900.8696171500848,False,settled
b,blue_ramp,ramp,0.0,1.8,0.0,1.391841189485306,864.8876959112738,False,settled
b,blue_ramp,ramp,0.0,1.8,0.0,1.0441726436149168,973.6863843871599,False,settled
b,blue_ramp,ramp,0.0,1.8,0.0,1.3270809419962126,884.802892175537,False,settled
b,blue_ramp,ramp,0.0,1.8,0.0,0.9519825818405482,1005.8076751423118,False,settled
b,blue_ramp,ramp,0.0,1.8,0.0,1.2816386195504057,896.8287518480382,False,settled
b,blue_ramp,ramp,0.0,1.8,0.0,0.942278080932172,1013.6323837959559,False,settled
b,blue_ramp,ramp,0.0,1.8,0.0,1.343920470946588,880.0851746502167,False,settled
b,blue_ramp,ramp,0.0,1.8,0.0,1.3891050143003432,867.3992933321576,False,settled
b,blue_ramp,ramp,0.0,1.8,0.0,0.6898344602019295,1113.8867569043227,False,settled
b,blue_ramp,ramp,0.0,1.8,0.0,1.4606979986969446,844.9644957618171,False,settled
b,blue_ramp,ramp,0.0,1.8,0.0,1.3942692714628053,867.2052603429597,False,settled
b,blue_ramp,ramp,0.0,1.8,0.0,1.1069364310325618,950.3399094103136,False,settled
b,blue_ramp,ramp,0.0,1.8,0.0,1.1743608048232796,927.0894182943453,False,settled
b,blue_ramp,ramp,0.0,1.8,0.0,0.9861826690964827,990.1397006365212,False,settled
b,blue_ramp,ramp,0.0,1.8,0.0,0.8344597646447075,1050.1389056465464,False,settled
b,blue_ramp,ramp,0.0,1.8,0.0,0.7025414145176658,1101.0647600928912,False,settled
b,blue_ramp,ramp,0.0,1.8,0.0,1.6341680651165043,807.5655291243539,False,settled
b,blue_ramp,ramp,0.0,1.8,0.0,0.9765438318583615,997.4573359058917,False,settled
b,blue_ramp,ramp,0.0,1.8,0.0,1.4975944220850523,842.8116617653847,False,settled
b,blue_ramp,ramp,0.0,1.8,0.0,1.0111155575605468,980.3674115068975,False,settled
b,blue_ramp,ramp,0.0,1.8,0.0,1.3617908495706572,873.5936181438024,False,settled
b,blue_ramp,ramp,0.0,1.8,0.0,0.8580645349384023,1035.6592887074771,False,settled
b,blue_ramp,ramp,0.0,1.8,0.0,0.6925345337875154,1104.5583561611545,False,settled
b,blue_ramp,ramp,0.0,1.8,0.0,0.9942371297166683,986.6889866463849,False,settled
b,blue_ramp,ramp,0.0,1.8,0.0,0.7746880607430563,1069.4752183975131,False,settled
b,blue_ramp,ramp,0.0,1.8,0.0,1.5121775093113372,838.2562095973346,False,settled
b,blue_ramp,ramp,0.0,1.8,0.0,1.0605027849126705,970.396451839623,False,settled
b,blue_ramp,ramp,0.0,1.8,0.0,1.2859221266900873,899.4471733557183,False,settled
b,blue_ramp,ramp,0.0,1.8,0.0,0.826079594785537,1056.689931096502,False,settled
b,blue_ramp,ramp,0.0,1.8,0.0,1.1250297351674357,944.1899827255979,False,settled
b,blue_ramp,ramp,0.0,1.8,0.0,1.4810173731039484,846.5352411293218,False,settled
b,blue_ramp,ramp,0.0,1.8,0.0,1.5773965465255892,822.0535247012606,False,settled
b,blue_ramp,ramp,0.0,1.8,0.0,0.9897641843710849,987.7389182862064,False,settled
b,blue_ramp,ramp,0.0,1.8,0.0,0.8963652400366224,1026.6216029586888,False,settled
b,blue_ramp,ramp,0.0,1.8,0.0,1.0846677742672446,959.567229630997,False,settled
b,blue_ramp,ramp,0.0,1.8,0.0,1.3282265959131454,883.6846742721863,False,settled
b,blue_ramp,ramp,0.0,1.8,0.0,0.7838995041511383,1076.4867617359496,False,settled
b,blue_ramp,ramp,0.0,1.8,0.0,1.0210003195883222,982.4394256221949,False,settled
b,blue_ramp,ramp,0.0,1.8,0.0,1.581721208612487,820.4541141639589,False,settled
b,blue_ramp,ramp,0.0,1.8,0.0,1.6210851037069154,812.5106723119671,False,settled
b,blue_ramp,ramp,0.0,1.8,0.0,1.4538434151635014,848.5642833545819,False,settled
b,blue_ramp,ramp,0.0,1.8,0.0,1.110633252162066,947.2889780072815,False,settled
b,blue_ramp,ramp,0.0,1.8,0.0,1.451423228678208,847.0477425053161,False,settled
b,blue_ramp,ramp,0.0,1.8,0.0,0.6983797551148159,1100.5448416267475,False,settled
b,blue_ramp,ramp,0.0,1.8,0.0,1.2764794673505524,901.6444138577532,False,settled
b,blue_ramp,ramp,0.0,1.8,0.0,1.6200182581879063,812.3339043491671,False,settled
b,blue_ramp,ramp,0.0,1.8,0.0,0.9926017250913404,987.1308841022411,False,settled
b,blue_ramp,ramp,0.0,1.8,0.0,1.4587429262004625,847.2451427838464,False,settled
b,blue_ramp,ramp,0.0,1.8,0.0,0.869425853775636,1033.9691377639858,False,settled
b,blue_ramp,ramp,0.0,1.8,0.0,0.9917702345622483,987.3072472819048,False,settled
b,blue_ramp,ramp,0.0,1.8,0.0,1.146947188674469,938.0016374738087,False,settled
b,blue_ramp,ramp,0.0,1.8,0.0,1.4936450557492251,842.8032777861076,False,settled
b,blue_ramp,ramp,0.0,1.8,0.0,1.4980218865016628,842.4899168617505,False,settled
b,blue_ramp,ramp,0.0,1.8,0.0,0.9144950623132886,1024.6487265671012,False,settled
b,blue_ramp,ramp,0.0,1.8,0.0,1.0735238116212367,965.6476302808477,False,settled
b,blue_ramp,ramp,0.0,1.8,0.0,1.5814341515242976,820.999452322296,False,settled
b,blue_ramp,ramp,0.0,1.8,0.0,0.7915495170439412,1072.5830498147795,False,settled
b,blue_ramp,ramp,0.0,1.8,0.0,0.8622178066102979,1035.113087950838,False,settled
b,blue_ramp,ramp,0.0,1.8,0.0,1.6799275140313055,796.5418216039194,False,settled
b,blue_ramp,ramp,0.0,1.8,0.0,1.1259736464329833,943.2988974223992,False,settled
b,blue_ramp,ramp,0.0,1.8,0.0,0.6955754685763584,1103.4166640064905,False,settled
b,blue_ramp,ramp,0.0,1.8,0.0,1.4024415245649453,860.5436181169081,False,settled
b,blue_ramp,ramp,0.0,1.8,0.0,0.8036428026970373,1057.1592911688642,False,settled
b,blue_ramp,ramp,0.0,1.8,0.0,1.3522915881903512,877.5005539773626,False,settled
b,blue_ramp,ramp,0.0,1.8,0.0,1.4283324085030258,854.6736780582671,False,settled
b,blue_ramp,ramp,0.0,1.8,0.0,1.4249706208357302,858.0821664076026,False,settled
b,blue_ramp,ramp,0.0,1.8,0.0,1.2525119262271445,903.0998859199879,False,settled
b,blue_ramp,ramp,0.0,1.8,0.0,1.499219863885741,841.5882155583834,False,settled
b,blue_ramp,ramp,0.0,1.8,0.0,0.7527711870486645,1081.213756822615,False,settled
b,blue_ramp,ramp,0.0,1.8,0.0,1.4757836048384496,844.1330437930762,False,settled
b,blue_ramp,ramp,0.0,1.8,0.0,0.8333279345397,1051.0242409375035,False,settled
b,blue_ramp,ramp,0.0,1.8,0.0,1.5938503532248411,817.6705078314368,False,settled
b,blue_ramp,ramp,0.0,1.8,0.0,1.6371217274265668,807.176916073266,False,settled
b,blue_ramp,ramp,0.0,1.8,0.0,1.4215018162240085,857.3462708687877,False,settled
b,blue_ramp,ramp,0.0,1.8,0.0,1.6264196358405645,810.6650637184746,False,settled
b,blue_ramp,ramp,0.0,1.8,0.0,1.3340973094361623,883.9213222125936,False,settled
b,blue_ramp,ramp,0.0,1.8,0.0,0.7608728017681138,1078.0757736772957,False,settled
b,blue_ramp,ramp,0.0,1.8,0.0,1.0143961597977782,987.8627024461218,False,settled
b,blue_ramp,ramp,0.0,1.8,0.0,0.7893463486167133,1072.8734991473307,False,settled
b,blue_ramp,ramp,0.0,1.8,0.0,0.9840438016190776,991.5397801779267,False,settled
b,blue_ramp,ramp,0.0,1.8,0.0,0.8867285143602972,1034.3083338740682,False,settled
b,blue_ramp,ramp,0.0,1.8,0.0,1.333292340631124,884.718487167372,False,settled
b,blue_ramp,ramp,0.0,1.8,0.0,1.1240391231240259,944.9280036138152,False,settled
b,blue_ramp,ramp,0.0,1.8,0.0,1.2622327258297175,901.2757651022813,False,settled
b,blue_ramp,ramp,0.0,1.8,0.0,1.4480301766866497,850.8274004255212,False,settled
b,blue_ramp,ramp,0.0,1.8,0.0,1.1884908100344391,922.8882524049167,False,settled
b,blue_ramp,ramp,0.0,1.8,0.0,1.2526871557045673,903.0371952364129,False,settled
b,blue_ramp,ramp,0.0,1.8,0.0,0.7813112271702107,1078.5262503182616,False,settled
b,blue_ramp,ramp,0.0,1.8,0.0,1.2679196642269135,902.8275838366902,False,settled
b,blue_ramp,ramp,0.0,1.8,0.0,1.5160009649139339,836.7704320456343,False,settled
b,blue_ramp,ramp,0.0,1.8,0.0,1.2693032511470066,901.5448836826051,False,settled
b,blue_ramp,ramp,0.0,1.8,0.0,1.0488801139047836,970.161467901458,False,settled
b,blue_ramp,ramp,0.0,1.8,0.0,0.8116750396855887,1054.1766379320027,False,settled
b,blue_ramp,ramp,0.0,1.8,0.0,1.5923729847221533,819.6640525230222,False,settled
b,yellow_ramp,ramp,0.0,1.8,0.0,0.7345046609310203,918.9417176033555,False,settled
b,yellow_ramp,ramp,0.0,1.8,0.0,0.722907938499811,928.8701009473169,False,settled
b,yellow_ramp,ramp,0.0,1.8,0.0,0.6162943402891994,960.0364795781722,False,settled
b,yellow_ramp,ramp,0.0,1.8,0.0,0.974974881244063,852.6579503053938,False,settled
b,yellow_ramp,ramp,0.0,1.8,0.0,0.9577470593578926,857.7741559272441,False,settled
b,yellow_ramp,ramp,0.0,1.8,0.0,0.9795311680708725,851.9845769206743,False,settled
b,yellow_ramp,ramp,0.0,1.8,0.0,0.7145232412880629,928.4925387584868,False,settled
b,yellow_ramp,ramp,0.0,1.8,0.0,0.265848806299733,1086.4981436300986,False,settled
b,yellow_ramp,ramp,0.0,1.8,0.0,0.9752234154139671,852.3738613803381,False,settled
b,yellow_ramp,ramp,0.0,1.8,0.0,0.8463119227186247,888.9060410043303,False,settled
b,yellow_ramp,ramp,0.0,1.8,0.0,0.3519960606373671,1061.6356890093903,False,settled
b,yellow_ramp,ramp,0.0,1.8,0.0,0.480376552326186,1009.1089697510666,False,settled
b,yellow_ramp,ramp,0.0,1.8,0.0,1.1413243019519457,814.7428368633833,False,settled
b,yellow_ramp,ramp,0.0,1.8,0.0,0.46423181709917893,1018.7180618174096,False,settled
b,yellow_ramp,ramp,0.0,1.8,0.0,0.932046746717443,861.9525892022955,False,settled
b,yellow_ramp,ramp,0.0,1.8,0.0,0.7637949209108078,913.2768854853095,False,settled
b,yellow_ramp,ramp,0.0,1.8,0.0,0.8212963764630234,896.7887334992823,False,settled
b,yellow_ramp,ramp,0.0,1.8,0.0,0.2414135584528251,1101.3926191621906,False,settled
b,yellow_ramp,ramp,0.0,1.8,0.0,0.2705876207737226,1088.9537977966065,False,settled
b,yellow_ramp,ramp,0.0,1.8,0.0,1.0713585876750595,830.4852726385952,False,settled
b,yellow_ramp,ramp,0.0,1.8,0.0,0.6016575261470749,966.7640222900983,False,settled
b,yellow_ramp,ramp,0.0,1.8,0.0,0.9285524550649781,865.3178563673437,False,settled
b,yellow_ramp,ramp,0.0,1.8,0.0,0.9292457899733537,864.5899794037997,False,settled
b,yellow_ramp,ramp,0.0,1.8,0.0,1.1538596949360793,811.8494825644296,False,settled
b,yellow_ramp,ramp,0.0,1.8,0.0,0.23232027834919475,1111.577609110985,False,settled
b,yellow_ramp,ramp,0.0,1.8,0.0,0.647166929687337,952.5433558824443,False,settled
b,yellow_ramp,ramp,0.0,1.8,0.0,0.3103954935983776,1066.9482899845236,False,settled
b,yellow_ramp,ramp,0.0,1.8,0.0,0.8174921598672146,893.7354111824371,False,settled
b,yellow_ramp,ramp,0.0,1.8,0.0,0.6106685748064445,964.4761056691267,False,settled
b,yellow_ramp,ramp,0.0,1.8,0.0,0.7600389753950121,914.5914664351649,False,settled
b,yellow_ramp,ramp,0.0,1.8,0.0,0.7320397199890234,921.0803911329783,False,settled
b,yellow_ramp,ramp,0.0,1.8,0.0,0.27348993853454917,1087.308106187538,False,settled
b,yellow_ramp,ramp,0.0,1.8,0.0,0.44620514070077805,1025.2751048183104,False,settled
b,yellow_ramp,ramp,0.0,1.8,0.0,0.8470111286555233,888.6118048407388,False,settled
b,yellow_ramp,ramp,0.0,1.8,0.0,0.9678144683921741,851.536612002664,False,settled
b,yellow_ramp,ramp,0.0,1.8,0.0,1.0521331898630952,835.7449661579024,False,settled
b,yellow_ramp,ramp,0.0,1.8,0.0,1.010157877749519,846.479078804139,False,settled
b,yellow_ramp,ramp,0.0,1.8,0.0,0.3746443182988398,1044.151622090632,False,settled
b,yellow_ramp,ramp,0.0,1.8,0.0,0.5325880048047551,985.4639050426375,False,settled
b,yellow_ramp,ramp,0.0,1.8,0.0,0.5015672291236002,1003.433080265767,False,settled
b,yellow_ramp,ramp,0.0,1.8,0.0,0.654221666191907,946.8822736661198,False,settled
b,yellow_ramp,ramp,0.0,1.8,0.0,0.29228751068101827,1077.7896979573509,False,settled
b,yellow_ramp,ramp,0.0,1.8,0.0,0.46652056401797193,1018.288034628763,False,settled
b,yellow_ramp,ramp,0.0,1.8,0.0,0.7905987490818057,904.9702622501967,False,settled
b,yellow_ramp,ramp,0.0,1.8,0.0,0.972553196780213,850.828422909662,False,settled
b,yellow_ramp,ramp,0.0,1.8,0.0,1.0664242277967089,833.1059488423606,False,settled
b,yellow_ramp,ramp,0.0,1.8,0.0,0.27016224823323454,1088.5403585044912,False,settled
b,yellow_ramp,ramp,0.0,1.8,0.0,0.3282817128154331,1072.0249831538724,False,settled
b,yellow_ramp,ramp,0.0,1.8,0.0,0.2618860341810837,1094.9065102070754,False,settled
b,yellow_ramp,ramp,0.0,1.8,0.0,0.9661639490026587,853.4526658866175,False,settled
b,yellow_ramp,ramp,0.0,1.8,0.0,0.3829377185655103,1037.800056694886,False,settled
b,yellow_ramp,ramp,0.0,1.8,0.0,1.146340430044927,812.8486298830265,False,settled
b,yellow_ramp,ramp,0.0,1.8,0.0,0.907105005485332,871.5548699199682,False,settled
b,yellow_ramp,ramp,0.0,1.8,0.0,1.0870185399834131,826.9753105377412,False,settled
b,yellow_ramp,ramp,0.0,1.8,0.0,0.83331812754566,892.0867160921865,False,settled
b,yellow_ramp,ramp,0.0,1.8,0.0,0.2377860560207395,1099.6457427658925,False,settled
b,yellow_ramp,ramp,0.0,1.8,0.0,1.1756721320796266,805.6586802713575,False,settled
b,yellow_ramp,ramp,0.0,1.8,0.0,0.6934042871256549,938.468768018349,False,settled
b,yellow_ramp,ramp,0.0,1.8,0.0,0.42511306857372677,1029.6097683714206,False,settled
b,yellow_ramp,ramp,0.0,1.8,0.0,0.8347203032789245,890.7682965397651,False,settled
b,yellow_ramp,ramp,0.0,1.8,0.0,1.15723452354947,810.165191192374,False,settled
b,yellow_ramp,ramp,0.0,1.8,0.0,0.5014412288676108,1003.5353785913376,False,settled
b,yellow_ramp,ramp,0.0,1.8,0.0,0.8613132346300857,883.112206046844,False,settled
b,yellow_ramp,ramp,0.0,1.8,0.0,0.32716793161034347,1072.171774387377,False,settled
b,yellow_ramp,ramp,0.0,1.8,0.0,1.0094684711099784,847.3511476617447,False,settled
b,yellow_ramp,ramp,0.0,1.8,0.0,0.3385904552996313,1056.9489080797016,False,settled
b,yellow_ramp,ramp,0.0,1.8,0.0,1.0940161290646488,825.6591794989109,False,settled
b,yellow_ramp,ramp,0.0,1.8,0.0,0.7642349335879708,913.1229088167927,False,settled
b,yellow_ramp,ramp,0.0,1.8,0.0,0.8383618653276835,887.7387030898935,False,settled
b,yellow_ramp,ramp,0.0,1.8,0.0,0.7760421649248717,911.2220441623645,False,settled
b,yellow_ramp,ramp,0.0,1.8,0.0,0.8870780817325631,875.2086509759973,False,settled
b,yellow_ramp,ramp,0.0,1.8,0.0,0.5066355671139592,999.3234981331155,False,settled
b,yellow_ramp,ramp,0.0,1.8,0.0,0.6279738220214814,959.6282149938132,False,settled
b,yellow_ramp,ramp,0.0,1.8,0.0,0.3487344336015426,1064.2312072521997,False,settled
b,yellow_ramp,ramp,0.0,1.8,0.0,0.8133096418410535,897.6024013338293,False,settled
b,yellow_ramp,ramp,0.0,1.8,0.0,0.831304375563282,893.9805685801966,False,settled
b,yellow_ramp,ramp,0.0,1.8,0.0,0.8494131125067579,887.6010727376147,False,settled
b,yellow_ramp,ramp,0.0,1.8,0.0,1.1633388666719473,808.6213403068803,False,settled
b,yellow_ramp,ramp,0.0,1.8,0.0,0.6489071522775356,951.0676629537987,False,settled
b,yellow_ramp,ramp,0.0,1.8,0.0,0.32333320795182163,1072.677406429257,False,settled
b,yellow_ramp,ramp,0.0,1.8,0.0,0.8151117137657549,895.920583724941,False,settled
b,yellow_ramp,ramp,0.0,1.8,0.0,0.607649911278221,965.2375220960886,False,settled
b,yellow_ramp,ramp,0.0,1.8,0.0,0.8438730845932056,889.9358671663723,False,settled
b,yellow_ramp,ramp,0.0,1.8,0.0,0.672236552534674,940.6069469685067,False,settled
b,yellow_ramp,ramp,0.0,1.8,0.0,1.1618191914037075,808.0703628582626,False,settled
b,yellow_ramp,ramp,0.0,1.8,0.0,0.23781796942897324,1100.2931544053104,False,settled
b,yellow_ramp,ramp,0.0,1.8,0.0,0.24094844147257577,1098.6639090396413,False,settled
b,yellow_ramp,ramp,0.0,1.8,0.0,0.8273450988299063,891.2442723847096,False,settled
b,yellow_ramp,ramp,0.0,1.8,0.0,1.189629962364492,803.2832902514307,False,settled
b,yellow_ramp,ramp,0.0,1.8,0.0,1.204597603485044,799.5947589907639,False,settled
b,yellow_ramp,ramp,0.0,1.8,0.0,0.564299414888808,973.9234255572962,False,settled
b,yellow_ramp,ramp,0.0,1.8,0.0,0.904980246791992,868.6032313666864,False,settled
b,yellow_ramp,ramp,0.0,1.8,0.0,0.32378625315528864,1072.617728588086,False,settled
b,yellow_ramp,ramp,0.0,1.8,0.0,1.1839350988780304,804.7034803090285,False,settled
b,yellow_ramp,ramp,0.0,1.8,0.0,0.32301677137053025,1072.7190947642564,False,settled
b,yellow_ramp,ramp,0.0,1.8,0.0,0.7519570421819484,918.9826858780157,False,settled
b,yellow_ramp,ramp,0.0,1.8,0.0,1.1761412018033703,806.1932553061334,False,settled
b,yellow_ramp,ramp,0.0,1.8,0.0,1.1262865352551388,817.8351379858152,False,settled
b,yellow_ramp,ramp,0.0,1.8,0.0,0.27361682614485067,1087.653593182157,False,settled
b,yellow_ramp,ramp,0.0,1.8,0.0,0.4490359823023895,1023.0305182370482,False,settled
b,yellow_ramp,ramp,0.0,1.8,0.0,0.9521531111150175,859.1294398548813,False,settled
b,yellow_ramp,ramp,0.0,1.8,0.0,0.7946168075865119,901.3815779904448,False,settled
b,yellow_ramp,ramp,0.0,1.8,0.0,1.0435686325853664,838.4818047596643,False,settled
b,yellow_ramp,ramp,0.0,1.8,0.0,0.48593281102555513,1004.6418904651688,False,settled
b,yellow_ramp,ramp,0.0,1.8,0.0,0.43834239054647617,1019.2702603853792,False,settled
b,yellow_ramp,ramp,0.0,1.8,0.0,0.7595014893908681,914.7795815484627,False,settled
b,yellow_ramp,ramp,0.0,1.8,0.0,0.6256094424966607,952.6168009723998,False,settled
b,yellow_ramp,ramp,0.0,1.8,0.0,0.7528755351512009,918.1640373734375,False,settled
b,yellow_ramp,ramp,0.0,1.8,0.0,0.7725603970797013,907.204151134821,False,settled
b,yellow_ramp,ramp,0.0,1.8,0.0,0.4822764734108879,1007.5813059759307,False,settled
b,yellow_ramp,ramp,0.0,1.8,0.0,0.8565058697050192,887.8152985007115,False,settled
b,yellow_ramp,ramp,0.0,1.8,0.0,0.4918972708786236,999.8768551820954,False,settled
b,yellow_ramp,ramp,0.0,1.8,0.0,1.0250261676413093,844.2845418607525,False,settled
b,yellow_ramp,ramp,0.0,1.8,0.0,1.0450636328527938,837.7475365943545,False,settled
b,yellow_ramp,ramp,0.0,1.8,0.0,0.42619081829251776,1028.751348446045,False,settled
b,yellow_ramp,ramp,0.0,1.8,0.0,0.25022232332511524,1095.8960062553422,False,settled
b,yellow_ramp,ramp,0.0,1.8,0.0,0.5248153440873312,987.1916268882592,False,settled
b,yellow_ramp,ramp,0.0,1.8,0.0,1.1982956238808211,800.3132428626087,False,settled
b,yellow_ramp,ramp,0.0,1.8,0.0,1.0866503542541193,827.5718243383088,False,settled
b,yellow_ramp,ramp,0.0,1.8,0.0,1.215652701465563,794.6230070496075,False,settled
b,yellow_ramp,ramp,0.0,1.8,0.0,0.3559726382711098,1058.4921837250415,False,settled
b,yellow_ramp,ramp,0.0,1.8,0.0,0.44568872340379123,1025.6848556051789,False,settled
b,yellow_ramp,ramp,0.0,1.8,0.0,0.29815745318534925,1075.720510244293,False,settled
b,yellow_ramp,ramp,0.0,1.8,0.0,0.9375561083651571,863.8616954549695,False,settled
b,yellow_ramp,ramp,0.0,1.8,0.0,0.4945407560646613,998.0566825141797,False,settled
b,yellow_ramp,ramp,0.0,1.8,0.0,0.3209393941445004,1073.427109667617,False,settled
b,yellow_ramp,ramp,0.0,1.8,0.0,1.0115339606240488,846.2691276301917,False,settled
b,yellow_ramp,ramp,0.0,1.8,0.0,0.966153378729097,853.4645298777994,False,settled
b,yellow_ramp,ramp,0.0,1.8,0.0,0.2385613284412388,1103.7858131719372,False,settled
b,yellow_ramp,ramp,0.0,1.8,0.0,0.6562467488932705,945.1728433777569,False,settled
b,yellow_ramp,ramp,0.0,1.8,0.0,1.215529945086562,795.2629746901824,False,settled
b,yellow_ramp,ramp,0.0,1.8,0.0,0.6161148008979438,960.1867966298661,False,settled
b,yellow_ramp,ramp,0.0,1.8,0.0,0.31542703350391027,1077.253114192004,False,settled
b,yellow_ramp,ramp,0.0,1.8,0.0,0.7082669571134074,933.7232181758909,False,settled
b,yellow_ramp,ramp,0.0,1.8,0.0,1.1192202749075926,819.3289430827318,False,settled
b,yellow_ramp,ramp,0.0,1.8,0.0,0.9288940834336934,864.9590798569416,False,settled
b,yellow_ramp,ramp,0.0,1.8,0.0,0.8087781117074196,901.8323655678505,False,settled
b,yellow_ramp,ramp,0.0,1.8,0.0,1.0037737090928387,845.3203084162798,False,settled
b,yellow_ramp,ramp,0.0,1.8,0.0,0.8673268284054719,883.1988583248714,False,settled
b,yellow_ramp,ramp,0.0,1.8,0.0,0.44804063296375984,1023.8196826910901,False,settled
b,yellow_ramp,ramp,0.0,1.8,0.0,0.5326703603446915,985.4467212453255,False,settled
b,yellow_ramp,ramp,0.0,1.8,0.0,1.0237171074223872,843.5607922983625,False,settled
b,yellow_ramp,ramp,0.0,1.8,0.0,0.9325149798658064,861.7112962106272,False,settled
b,yellow_ramp,ramp,0.0,1.8,0.0,0.5720209604648641,977.5199201693185,False,settled
b,yellow_ramp,ramp,0.0,1.8,0.0,0.5066597760410071,999.3040000037992,False,settled
b,yellow_ramp,ramp,0.0,1.8,0.0,0.7113480635483088,931.2734003325905,False,settled
b,yellow_ramp,ramp,0.0,1.8,0.0,0.6585796623096712,943.2098623657815,False,settled
b,yellow_ramp,ramp,0.0,1.8,0.0,0.5225202314306917,987.6845288391567,False,settled
b,yellow_ramp,ramp,0.0,1.8,0.0,1.12206833896205,819.010689944141,False,settled
b,yellow_ramp,ramp,0.0,1.8,0.0,0.35219998994663954,1061.4745407953326,False,settled
b,yellow_ramp,ramp,0.0,1.8,0.0,1.0922109593003833,826.4506429611022,False,settled
b,yellow_ramp,ramp,0.0,1.8,0.0,0.9022802192548828,871.3752638123649,False,settled
b,yellow_ramp,ramp,0.0,1.8,0.0,0.9850005552962189,850.1271526433814,False,settled
b,yellow_ramp,ramp,0.0,1.8,0.0,1.0696058499964887,831.9392419817856,False,settled
b,yellow_ramp,ramp,0.0,1.8,0.0,0.7778246147235204,909.5926755119906,False,settled
b,yellow_ramp,ramp,0.0,1.8,0.0,0.5366427799378332,984.6951774098231,False,settled
b,yellow_ramp,ramp,0.0,1.8,0.0,0.7123783256940128,930.3696426077851,False,settled
b,yellow_ramp,ramp,0.0,1.8,0.0,0.7894289572929815,906.0471488296332,False,settled
b,yellow_ramp,ramp,0.0,1.8,0.0,0.7851148994921755,903.0960258865674,False,settled
b,yellow_ramp,ramp,0.0,1.8,0.0,0.5976291332030743,967.7947781182949,False,settled
b,yellow_ramp,ramp,0.0,1.8,0.0,0.4389560748781317,1018.7946500781732,False,settled
b,yellow_ramp,ramp,0.0,1.8,0.0,0.27593277812573586,1089.3467299810989,False,settled
b,yellow_ramp,ramp,0.0,1.8,0.0,0.2876613238872589,1077.095092473385,False,settled
b,yellow_ramp,ramp,0.0,1.8,0.0,0.5515211344238086,984.058690446535,False,settled
b,yellow_ramp,ramp,0.0,1.8,0.0,0.9786749132333854,848.5588021060595,False,settled
b,yellow_ramp,ramp,0.0,1.8,0.0,0.8960317648522709,872.1107500390054,False,settled
b,yellow_ramp,ramp,0.0,1.8,0.0,1.0309538398362044,842.1649091929828,False,settled
b,yellow_ramp,ramp,0.0,1.8,0.0,0.3185792450748582,1074.812375479863,False,settled
b,yellow_ramp,ramp,0.0,1.8,0.0,0.31124942544700146,1066.385739435938,False,settled
b,yellow_ramp,ramp,0.0,1.8,0.0,0.2390650267596192,1106.7127726731208,False,settled
b,yellow_ramp,ramp,0.0,1.8,0.0,0.6836584798398375,936.7657714813131,False,settled
b,yellow_ramp,ramp,0.0,1.8,0.0,0.8108961053169582,899.8551976096905,False,settled
b,yellow_ramp,ramp,0.0,1.8,0.0,0.2800057125427987,1086.1794585647888,False,settled
b,yellow_ramp,ramp,0.0,1.8,0.0,0.8277984496219606,890.829511340365,False,settled
b,yellow_ramp,ramp,0.0,1.8,0.0,0.35135673399299344,1062.1440910695956,False,settled
b,yellow_ramp,ramp,0.0,1.8,0.0,0.9098196233694631,869.1660102884797,False,settled
b,yellow_ramp,ramp,0.0,1.8,0.0,0.33041136298496054,1071.7443594509327,False,settled
b,yellow_ramp,ramp,0.0,1.8,0.0,0.8770955028907041,879.4126438278337,False,settled
b,yellow_ramp,ramp,0.0,1.8,0.0,1.0307205804324493,842.3404333264083,False,settled
b,yellow_ramp,ramp,0.0,1.8,0.0,1.012001145036686,845.6864109109167,False,settled
b,yellow_ramp,ramp,0.0,1.8,0.0,0.7558935484822517,916.0428042524252,False,settled
b,yellow_ramp,ramp,0.0,1.8,0.0,0.9736881398034908,853.8829952105657,False,settled
b,yellow_ramp,ramp,0.0,1.8,0.0,0.9839118848445502,847.0606819211449,False,settled
b,yellow_ramp,ramp,0.0,1.8,0.0,0.5978280678904367,967.7438791004555,False,settled
b,yellow_ramp,ramp,0.0,1.8,0.0,0.5906917929583638,972.2913775139937,False,settled
b,yellow_ramp,ramp,0.0,1.8,0.0,0.7441396740435836,918.3022488485702,False,settled
b,yellow_ramp,ramp,0.0,1.8,0.0,1.1198695850109963,820.1603255143805,False,settled
b,yellow_ramp,ramp,0.0,1.8,0.0,0.9490711508959297,857.9617136058555,False,settled
b,yellow_ramp,ramp,0.0,1.8,0.0,0.9979885623818454,848.3738988735034,False,settled
b,yellow_ramp,ramp,0.0,1.8,0.0,0.7661240674727242,912.4618309500114,False,settled
b,yellow_ramp,ramp,0.0,1.8,0.0,0.8784262025997588,878.086833132063,False,settled
b,yellow_ramp,ramp,0.0,1.8,0.0,0.337521420756758,1056.997591535739,False,settled
b,yellow_ramp,ramp,0.0,1.8,0.0,0.6422557390677895,947.915168285079,False,settled
b,yellow_ramp,ramp,0.0,1.8,0.0,0.8969273693737657,871.2149616779116,False,settled
b,yellow_ramp,ramp,0.0,1.8,0.0,0.9777913548752085,849.4557856195638,False,settled
b,yellow_ramp,ramp,0.0,1.8,0.0,0.348026182649376,1051.2429339435296,False,settled
b,yellow_ramp,ramp,0.0,1.8,0.0,0.6306863074667295,957.3372805559126,False,settled
b,yellow_ramp,ramp,0.0,1.8,0.0,0.4519629579971532,1021.0197319182664,False,settled
b,yellow_ramp,ramp,0.0,1.8,0.0,0.8714125547404399,879.4538148190366,False,settled
b,yellow_ramp,ramp,0.0,1.8,0.0,0.6585902328249728,943.2021647682442,False,settled
b,yellow_ramp,ramp,0.0,1.8,0.0,0.7309942025530871,921.9969868525302,False,settled
b,yellow_ramp,ramp,0.0,1.8,0.0,0.8242072413889874,894.1203058882979,False,settled
b,yellow_ramp,ramp,0.0,1.8,0.0,0.5792708707273306,971.5588007039908,False,settled
b,yellow_ramp,ramp,0.0,1.8,0.0,0.8055011933431647,898.2177831424352,False,settled
b,yellow_ramp,ramp,0.0,1.8,0.0,0.2878901352632384,1077.2963120321538,False,settled
b,yellow_ramp,ramp,0.0,1.8,0.0,0.7082290350456409,933.7564520099157,False,settled
b,yellow_ramp,ramp,0.0,1.8,0.0,0.3193764032870981,1074.387032829315,False,settled
b,yellow_ramp,ramp,0.0,1.8,0.0,0.9470145181147218,860.1247855990166,False,settled
b,yellow_ramp,ramp,0.0,1.8,0.0,1.1405456114087429,814.4598237372866,False,settled
b,yellow_ramp,ramp,0.0,1.8,0.0,0.62204800913555,955.6017680793003,False,settled
b,yellow_ramp,ramp,0.0,1.8,0.0,0.5120392588850794,995.0938879593631,False,settled
b,yellow_ramp,ramp,0.0,1.8,0.0,0.8510227695126632,886.9238010177797,False,settled
b,yellow_ramp,ramp,0.0,1.8,0.0,0.8805679534842437,876.2440701235005,False,settled
b,yellow_ramp,ramp,0.0,1.8,0.0,0.5241561308666034,987.3314492288475,False,settled
b,yellow_ramp,ramp,0.0,1.8,0.0,0.516212885196384,991.7999941170245,False,settled
b,yellow_ramp,ramp,0.0,1.8,0.0,0.8269615085480546,891.5993360063535,False,settled
b,yellow_ramp,ramp,0.0,1.8,0.0,0.23122566447878995,1103.6127109504312,False,settled
b,yellow_ramp,ramp,0.0,1.8,0.0,0.45575336635110647,1020.3113587901471,False,settled
b,yellow_ramp,ramp,0.0,1.8,0.0,0.7329813355998352,920.3453690932762,False,settled
b,yellow_ramp,ramp,0.0,1.8,0.0,0.2696758579899044,1088.0654322536357,False,settled
b,yellow_ramp,ramp,0.0,1.8,0.0,0.7384097571745077,923.2856779174617,False,settled
b,yellow_ramp,ramp,0.0,1.8,0.0,0.4010550839856276,1034.0957734632295,False,settled
b,yellow_ramp,ramp,0.0,1.8,0.0,0.26643283218518754,1098.139405061419,False,settled
b,yellow_ramp,ramp,0.0,1.8,0.0,0.6687122457794009,943.5797533887493,False,settled
b,yellow_ramp,ramp,0.0,1.8,0.0,1.0017579882061094,848.0725870509172,False,settled
b,yellow_ramp,ramp,0.0,1.8,0.0,1.2055802581177888,798.5020761099546,False,settled
b,yellow_ramp,ramp,0.0,1.8,0.0,0.36251824604639843,1053.6129006427916,False,settled
b,yellow_ramp,ramp,0.0,1.8,0.0,0.8669638759466352,883.5583027669392,False,settled
b,yellow_ramp,ramp,0.0,1.8,0.0,0.41629763928653757,1036.6597419152124,False,settled
b,yellow_ramp,ramp,0.0,1.8,0.0,0.45170007328058737,1021.0731954941845,False,settled
b,yellow_ramp,ramp,0.0,1.8,0.0,0.6104040188627011,964.5428710440488,False,settled
b,yellow_ramp,ramp,0.0,1.8,0.0,1.1414698931555578,814.4226025118725,False,settled
b,yellow_ramp,ramp,0.0,1.8,0.0,0.44202970614699644,1016.3595336778922,False,settled
b,yellow_ramp,ramp,0.0,1.8,0.0,0.7578069940365996,915.372833891028,False,settled
b,yellow_ramp,ramp,0.0,1.8,0.0,1.150565932637736,812.2679541666542,False,settled
b,yellow_ramp,ramp,0.0,1.8,0.0,1.0436976182815974,838.3019369355769,False,settled
b,yellow_ramp,ramp,0.0,1.8,0.0,0.35553625494251206,1058.8371915075172,False,settled
b,yellow_ramp,ramp,0.0,1.8,0.0,1.0272213852759202,841.4283453656266,False,settled
b,yellow_ramp,ramp,0.0,1.8,0.0,0.6680353850097283,944.1493345377932,False,settled
b,yellow_ramp,ramp,0.0,1.8,0.0,0.3021502433033213,1073.0884664021664,False,settled
b,yellow_ramp,ramp,0.0,1.8,0.0,0.9636658257046786,855.9144768972072,False,settled
b,yellow_ramp,ramp,0.0,1.8,0.0,0.43830073872162795,1019.3024990370866,False,settled
b,yellow_ramp,ramp,0.0,1.8,0.0,0.5482764629707274,986.7244055700804,False,settled
b,yellow_ramp,ramp,0.0,1.8,0.0,0.6460587492209013,953.487217287609,False,settled
b,yellow_ramp,ramp,0.0,1.8,0.0,0.5024073960920812,1002.7508164473392,False,settled
b,yellow_ramp,ramp,0.0,1.8,0.0,0.8113799654790919,899.4035194526152,False,settled
b,yellow_ramp,ramp,0.0,1.8,0.0,0.5549083799508141,981.2875214091171,False,settled
b,yellow_ramp,ramp,0.0,1.8,0.0,0.4268742634421684,1028.2071305162508,False,settled
b,yellow_ramp,ramp,0.0,1.8,0.0,0.3077628652945409,1068.9570869759696,False,settled
b,yellow_ramp,ramp,0.0,1.8,0.0,0.736862924275831,924.3717203188763,False,settled
b,yellow_ramp,ramp,0.0,1.8,0.0,1.1964963675362394,800.447902931476,False,settled
b,yellow_ramp,ramp,0.0,1.8,0.0,0.7190614193196955,924.6351147983522,False,settled
b,yellow_ramp,ramp,0.0,1.8,0.0,1.0123476727196614,848.0368688543143,False,settled
b,yellow_ramp,ramp,0.0,1.8,0.0,0.997078449162057,844.7943682231102,False,settled
b,yellow_ramp,ramp,0.0,1.8,0.0,0.4995411324371107,1005.0782143352029,False,settled
b,yellow_ramp,ramp,0.0,1.8,0.0,0.9765940106820115,850.8070102684118,False,settled
b,yellow_ramp,ramp,0.0,1.8,0.0,0.6422777265490064,947.8968927653732,False,settled
b,yellow_ramp,ramp,0.0,1.8,0.0,0.21896641292815452,1120.741201932372,False,settled
b,yellow_ramp,ramp,0.0,1.8,0.0,0.3621035625367228,1053.937132863415,False,settled
b,yellow_ramp,ramp,0.0,1.8,0.0,0.7273569726964789,925.1878796536861,False,settled
b,yellow_ramp,ramp,0.0,1.8,0.0,0.43098712068320877,1024.934597119926,False,settled
b,yellow_ramp,ramp,0.0,1.8,0.0,0.5955806865229291,968.3188950082183,False,settled
b,yellow_ramp,ramp,0.0,1.8,0.0,0.5920293415815643,971.1930463097544,False,settled
b,yellow_ramp,ramp,0.0,1.8,0.0,0.6364617200255862,952.7424609738952,False,settled
b,yellow_ramp,ramp,0.0,1.8,0.0,0.9848802715256105,850.2672795929338,False,settled
b,yellow_ramp,ramp,0.0,1.8,0.0,0.9161631600412147,867.7406665339066,False,settled
b,yellow_ramp,ramp,0.0,1.8,0.0,0.8820641313263612,880.2400123115541,False,settled
b,yellow_ramp,ramp,0.0,1.8,0.0,0.8397141715156328,892.3906184881031,False,settled
b,yellow_ramp,ramp,0.0,1.8,0.0,0.8705012712491241,880.0714480031864,False,settled
b,yellow_ramp,ramp,0.0,1.8,0.0,0.5827541267600449,969.1498025559637,False,settled
b,yellow_ramp,ramp,0.0,1.8,0.0,0.8189203705665313,898.9750066600835,False,settled
b,yellow_ramp,ramp,0.0,1.8,0.0,0.4133503765083384,1026.3578490774337,False,settled
b,yellow_ramp,ramp,0.0,1.8,0.0,0.6688734673895351,943.4440831759802,False,settled
b,yellow_ramp,ramp,0.0,1.8,0.0,0.44932242381566695,1022.8034232536671,False,settled
b,yellow_ramp,ramp,0.0,1.8,0.0,0.8030553339632072,900.3842485604978,False,settled
b,yellow_ramp,ramp,0.0,1.8,0.0,0.6224962199265262,955.1535024391148,False,settled
b,yellow_ramp,ramp,0.0,1.8,0.0,0.4879919469216309,1002.9915996316572,False,settled
b,yellow_ramp,ramp,0.0,1.8,0.0,0.5058641036647366,999.94484098221,False,settled
b,yellow_ramp,ramp,0.0,1.8,0.0,0.6855013741391034,936.2301121687949,False,settled
b,yellow_ramp,ramp,0.0,1.8,0.0,0.8083737499070146,902.212112277487,False,settled
b,yellow_ramp,ramp,0.0,1.8,0.0,0.4318513271272501,1024.2515804448685,False,settled
b,yellow_ramp,ramp,0.0,1.8,0.0,0.33987803608575584,1056.8003891377498,False,settled
b,yellow_ramp,ramp,0.0,1.8,0.0,0.6958054204015295,936.3811718465529,False,settled
b,yellow_ramp,ramp,0.0,1.8,0.0,0.5592043830858335,977.7776125385108,False,settled
b,yellow_ramp,ramp,0.0,1.8,0.0,1.1650870096497525,808.5100391441914,False,settled
b,yellow_ramp,ramp,0.0,1.8,0.0,1.0580559622264096,834.347705720513,False,settled
b,yellow_ramp,ramp,0.0,1.8,0.0,0.7260043082780326,926.3836694111903,False,settled
b,yellow_ramp,ramp,0.0,1.8,0.0,0.3132090487862273,1079.0005686962515,False,settled
b,yellow_ramp,ramp,0.0,1.8,0.0,0.25337730275443976,1102.3914860791754,False,settled
b,yellow_ramp,ramp,0.0,1.8,0.0,0.2195779298543929,1117.7835635029878,False,settled
b,yellow_ramp,ramp,0.0,1.8,0.0,0.8033882275545299,900.0756622515928,False,settled
b,yellow_ramp,ramp,0.0,1.8,0.0,1.2226505111188222,791.6288434762284,False,settled
b,yellow_ramp,ramp,0.0,1.8,0.0,0.9908662954027431,847.6892018236424,False,settled
b,yellow_ramp,ramp,0.0,1.8,0.0,0.2204526263003148,1105.910829346204,False,settled
b,yellow_ramp,ramp,0.0,1.8,0.0,0.8239985130364124,894.3122888474995,False,settled
b,yellow_ramp,ramp,0.0,1.8,0.0,0.6178565546876212,958.9945771861393,False,settled
b,yellow_ramp,ramp,0.0,1.8,0.0,0.7337795211019673,919.5730200091979,False,settled
b,yellow_ramp,ramp,0.0,1.8,0.0,1.0832539694962366,829.5983698674233,False,settled
b,yellow_ramp,ramp,0.0,1.8,0.0,0.6224399673385168,955.2002552752936,False,settled
b,yellow_ramp,ramp,0.0,1.8,0.0,0.7839996033245088,904.0007564734954,False,settled
b,yellow_ramp,ramp,0.0,1.8,0.0,0.390925236317328,1035.605824029629,False,settled
b,yellow_ramp,ramp,0.0,1.8,0.0,1.100514428285815,824.6196437553953,False,settled
b,yellow_ramp,ramp,0.0,1.8,0.0,0.6746587003534301,939.4072204558736,False,settled
b,yellow_ramp,ramp,0.0,1.8,0.0,0.4556516385921703,1020.3305049251625,False,settled
b,yellow_ramp,ramp,0.0,1.8,0.0,1.1978634470023566,799.9839701797314,False,settled
b,yellow_ramp,ramp,0.0,1.8,0.0,0.5022350102098435,1002.8907625926742,False,settled
b,yellow_ramp,ramp,0.0,1.8,0.0,0.5766383075000275,973.7144996871625,False,settled
b,yellow_ramp,ramp,0.0,1.8,0.0,0.6793063923081016,938.0429562639634,False,settled
b,yellow_ramp,ramp,0.0,1.8,0.0,0.21906910118798156,1110.79581051302,False,settled
b,yellow_ramp,ramp,0.0,1.8,0.0,0.54500022152048,989.4264728300075,False,settled
b,yellow_ramp,ramp,0.0,1.8,0.0,0.4590523926175472,1019.6914143564424,False,settled
b,yellow_ramp,ramp,0.0,1.8,0.0,1.2120518117909493,796.2844138916298,False,settled
b,yellow_ramp,ramp,0.0,1.8,0.0,0.9719929925680166,851.5333323971408,False,settled
b,yellow_ramp,ramp,0.0,1.8,0.0,0.88839846547668,874.1624681505793,False,settled
b,yellow_ramp,ramp,0.0,1.8,0.0,0.9302381907379204,863.8016521480376,False,settled
b,yellow_ramp,ramp,0.0,1.8,0.0,0.520030195702973,989.0827330743747,False,settled
b,yellow_ramp,ramp,0.0,1.8,0.0,0.8002066329476872,903.0250654374133,False,settled
b,yellow_ramp,ramp,0.0,1.8,0.0,0.9631247209213984,856.5223478965627,False,settled
b,yellow_ramp,ramp,0.0,1.8,0.0,0.9983792430839592,849.3713932724879,False,settled
b,yellow_ramp,ramp,0.0,1.8,0.0,1.2157579885458676,794.0834805597542,False,settled
b,yellow_ramp,ramp,0.0,1.8,0.0,0.7791577056678485,908.3740284021363,False,settled
b,yellow_ramp,ramp,0.0,1.8,0.0,1.0241300550151562,842.834553208646,False,settled
b,yellow_ramp,ramp,0.0,1.8,0.0,1.1782633090693275,805.3684219781752,False,settled
b,yellow_ramp,ramp,0.0,1.8,0.0,0.9766596991860289,850.7319319428468,False,settled
b,yellow_ramp,ramp,0.0,1.8,0.0,0.4512204026057017,1021.300671512006,False,settled
b,yellow_ramp,ramp,0.0,1.8,0.0,0.5956413782184155,968.303366585357,False,settled
b,yellow_ramp,ramp,0.0,1.8,0.0,1.0144863936924013,845.2906843792756,False,settled
b,yellow_ramp,ramp,0.0,1.8,0.0,0.5117128859093452,995.3519026363648,False,settled
b,yellow_ramp,ramp,0.0,1.8,0.0,0.6169324042791821,959.7629149305936,False,settled
b,yellow_ramp,ramp,0.0,1.8,0.0,0.8743557119427806,882.1426732062463,False,settled
b,yellow_ramp,ramp,0.0,1.8,0.0,0.4265996926352589,1028.4257704518961,False,settled
b,yellow_ramp,ramp,0.0,1.8,0.0,1.013366292095664,846.7293866053521,False,settled
b,yellow_ramp,ramp,0.0,1.8,0.0,0.6651175290352147,946.348167933877,False,settled
b,yellow_ramp,ramp,0.0,1.8,0.0,0.9155873290386044,868.3321668564793,False,settled
b,yellow_ramp,ramp,0.0,1.8,0.0,0.7473468461616795,915.521147173915,False,settled
b,yellow_ramp,ramp,0.0,1.8,0.0,0.7974498802245711,905.5810096176239,False,settled
b,yellow_ramp,ramp,0.0,1.8,0.0,1.1915370431566696,801.9240388443803,False,settled
b,yellow_ramp,ramp,0.0,1.8,0.0,0.4417747657969996,1016.555422689368,False,settled
b,yellow_ramp,ramp,0.0,1.8,0.0,1.1736127359159043,806.0648350893144,False,settled
b,yellow_ramp,ramp,0.0,1.8,0.0,0.7984330420302932,904.669451891166,False,settled
b,yellow_ramp,ramp,0.0,1.8,0.0,0.44155808164101595,1016.7219284909341,False,settled
b,yellow_ramp,ramp,0.0,1.8,0.0,0.8024798480007748,900.9177075778225,False,settled
b,yellow_ramp,ramp,0.0,1.8,0.0,0.9301463045007077,863.8983206150026,False,settled
b,yellow_ramp,ramp,0.0,1.8,0.0,1.162825712387291,808.1090957972933,False,settled
b,yellow_ramp,ramp,0.0,1.8,0.0,0.7214009340967399,922.537056357665,False,settled
b,yellow_ramp,ramp,0.0,1.8,0.0,0.37312294057702156,1045.3323597113176,False,settled
b,yellow_ramp,ramp,0.0,1.8,0.0,0.5556445001666358,980.6854572026749,False,settled
b,yellow_ramp,ramp,0.0,1.8,0.0,0.4175799669910597,1035.6308724001283,False,settled
b,yellow_ramp,ramp,0.0,1.8,0.0,0.22689754846279928,1103.6756725509317,False,settled
b,yellow_ramp,ramp,0.0,1.8,0.0,1.0000002694511017,845.5293034029205,False,settled
b,yellow_ramp,ramp,0.0,1.8,0.0,1.143318032697766,814.007414341681,False,settled
b,yellow_ramp,ramp,0.0,1.8,0.0,1.04158168626013,838.6846367136192,False,settled
b,yellow_ramp,ramp,0.0,1.8,0.0,1.216834127966125,794.513819025689,False,settled
b,yellow_ramp,ramp,0.0,1.8,0.0,0.6421515405919623,948.0017757920701,False,settled
b,yellow_ramp,ramp,0.0,1.8,0.0,0.5748324592227855,975.1990857997904,False,settled
b,yellow_ramp,ramp,0.0,1.8,0.0,0.6980124348171103,934.7129248373042,False,settled
b,yellow_ramp,ramp,0.0,1.8,0.0,1.0313199992036173,841.8893019210692,False,settled
b,yellow_ramp,ramp,0.0,1.8,0.0,0.9152628008587205,868.6664463103571,False,settled
b,yellow_ramp,ramp,0.0,1.8,0.0,0.679459031193448,937.9981621102937,False,settled
b,yellow_ramp,ramp,0.0,1.8,0.0,0.3804998943463643,1039.630542380912,False,settled
b,yellow_ramp,ramp,0.0,1.8,0.0,0.47549480440332653,1013.0515595898808,False,settled
b,yellow_ramp,ramp,0.0,1.8,0.0,0.775108125000217,912.0761154013552,False,settled
b,yellow_ramp,ramp,0.0,1.8,0.0,0.669792091447803,942.6691243962298,False,settled
b,yellow_ramp,ramp,0.0,1.8,0.0,0.8843866771996939,877.9065383770707,False,settled
b,yellow_ramp,ramp,0.0,1.8,0.0,1.0992346858470978,824.5884710096025,False,settled
b,yellow_ramp,ramp,0.0,1.8,0.0,1.172969883219916,807.3002512820981,False,settled
b,yellow_ramp,ramp,0.0,1.8,0.0,0.6243349350599003,953.6343377538713,False,settled
b,yellow_ramp,ramp,0.0,1.8,0.0,0.5800968980785055,971.1808440826189,False,settled
b,yellow_ramp,ramp,0.0,1.8,0.0,0.7067786674063122,927.1602318774037,False,settled
b,yellow_ramp,ramp,0.0,1.8,0.0,0.6007779698787706,966.9890264700772,False,settled
b,yellow_ramp,ramp,0.0,1.8,0.0,1.0652727069479,832.4000440437053,False,settled
b,yellow_ramp,ramp,0.0,1.8,0.0,0.5248444560493324,987.1854521027084,False,settled
b,yellow_ramp,ramp,0.0,1.8,0.0,0.26542795082793547,1085.8135700501275,False,settled
b,yellow_ramp,ramp,0.0,1.8,0.0,0.2941340791589191,1077.7992512040303,False,settled
b,yellow_ramp,ramp,0.0,1.8,0.0,0.44243981963785295,1016.049967687751,False,settled
b,yellow_ramp,ramp,0.0,1.8,0.0,0.6560025798340143,945.3785076417709,False,settled
b,yellow_ramp,ramp,0.0,1.8,0.0,0.7330845310000611,920.2549086103224,False,settled
b,yellow_ramp,ramp,0.0,1.8,0.0,1.1579833757430458,810.3228417646642,False,settled
b,yellow_ramp,ramp,0.0,1.8,0.0,0.6341010332607127,954.4644551558769,False,settled
b,yellow_ramp,ramp,0.0,1.8,0.0,0.5670272025053175,981.6442543448981,False,settled
b,yellow_ramp,ramp,0.0,1.8,0.0,1.0778181511708442,831.2081192567649,False,settled
b,yellow_ramp,ramp,0.0,1.8,0.0,1.1019837406956197,823.2293535738173,False,settled
b,yellow_ramp,ramp,0.0,1.8,0.0,0.6542555331636988,946.8536774558745,False,settled
b,yellow_ramp,ramp,0.0,1.8,0.0,0.44887122812393115,1023.1611399051908,False,settled
b,yellow_ramp,ramp,0.0,1.8,0.0,0.8458715041157545,889.0913680673784,False,settled
b,yellow_ramp,ramp,0.0,1.8,0.0,0.2877831309343355,1077.1618871025275,False,settled
b,yellow_ramp,ramp,0.0,1.8,0.0,1.2203117613107075,791.5006447809963,False,settled
b,yellow_ramp,ramp,0.0,1.8,0.0,0.9098931094743379,869.0928331501794,False,settled
b,yellow_ramp,ramp,0.0,1.8,0.0,1.0151460415146174,844.4482805135474,False,settled
b,yellow_ramp,ramp,0.0,1.8,0.0,1.1504426124963467,811.7359294828091,False,settled
b,yellow_ramp,ramp,0.0,1.8,0.0,0.24259000875520165,1105.6989714702747,False,settled
b,yellow_ramp,ramp,0.0,1.8,0.0,0.7006795619862896,932.3974701126972,False,settled
b,yellow_ramp,ramp,0.0,1.8,0.0,0.9345119023190923,860.6711952641394,False,settled
b,yellow_ramp,ramp,0.0,1.8,0.0,1.056181336326956,834.5656020247235,False,settled
b,yellow_ramp,ramp,0.0,1.8,0.0,0.7528118737105662,918.2207792375295,False,settled
b,yellow_ramp,ramp,0.0,1.8,0.0,0.6107536796967549,964.4546231066214,False,settled
b,yellow_ramp,ramp,0.0,1.8,0.0,1.0584377237046128,831.7616498339898,False,settled
b,yellow_ramp,ramp,0.0,1.8,0.0,0.2305921888576546,1114.5569718901093,False,settled
b,yellow_ramp,ramp,0.0,1.8,0.0,0.7809828479061586,906.7171670244954,False,settled
b,yellow_ramp,ramp,0.0,1.8,0.0,1.0333471478950613,840.3729694292526,False,settled
b,yellow_ramp,ramp,0.0,1.8,0.0,0.7797065012366288,907.8741500977527,False,settled
b,yellow_ramp,ramp,0.0,1.8,0.0,0.8445940138553176,889.6289258750426,False,settled
b,yellow_ramp,ramp,0.0,1.8,0.0,0.9353863223889294,860.3177288282909,False,settled
b,yellow_ramp,ramp,0.0,1.8,0.0,1.1460375544189916,813.5424111210202,False,settled
b,yellow_ramp,ramp,0.0,1.8,0.0,0.945860243465536,861.1343290765366,False,settled
b,yellow_ramp,ramp,0.0,1.8,0.0,0.37244977662577716,1045.8547852752881,False,settled
b,yellow_ramp,ramp,0.0,1.8,0.0,0.7109879313665347,931.5893079441936,False,settled
b,yellow_ramp,ramp,0.0,1.8,0.0,0.5082652642402138,998.0706575799761,False,settled
b,yellow_ramp,ramp,0.0,1.8,0.0,0.6802314780093659,937.7714760960755,False,settled
b,yellow_ramp,ramp,0.0,1.8,0.0,0.5683179296718655,980.5775300142228,False,settled
b,yellow_ramp,ramp,0.0,1.8,0.0,0.37029081277724857,1047.5339253218674,False,settled
b,yellow_ramp,ramp,0.0,1.8,0.0,0.6484479988590224,951.4555290569275,False,settled
b,yellow_ramp,ramp,0.0,1.8,0.0,0.24443178102351695,1096.6713714185294,False,settled
b,yellow_ramp,ramp,0.0,1.8,0.0,0.877642948549277,878.8672161186159,False,settled
b,yellow_ramp,ramp,0.0,1.8,0.0,0.28138484944040787,1087.8496119472766,False,settled
b,yellow_ramp,ramp,0.0,1.8,0.0,0.6719299291723606,940.8642552707022,False,settled
b,yellow_ramp,ramp,0.0,1.8,0.0,0.9012469834743567,872.0829482014586,False,settled
b,yellow_ramp,ramp,0.0,1.8,0.0,0.5337190147900193,985.2279151875796,False,settled
b,yellow_ramp,ramp,0.0,1.8,0.0,0.92265336860507,866.3050167305278,False,settled
b,yellow_ramp,ramp,0.0,1.8,0.0,0.6322198396367107,956.0421891205134,False,settled
b,yellow_ramp,ramp,0.0,1.8,0.0,0.8866194927575934,875.6682515234116,False,settled
b,yellow_ramp,ramp,0.0,1.8,0.0,0.32705716370973903,1072.1863677789397,False,settled
b,yellow_ramp,ramp,0.0,1.8,0.0,0.5588824808906846,978.0387607567524,False,settled
b,yellow_ramp,ramp,0.0,1.8,0.0,0.5773654746807858,973.1190670169749,False,settled
b,yellow_ramp,ramp,0.0,1.8,0.0,1.2205271246424683,792.2925759415583,False,settled
b,yellow_ramp,ramp,0.0,1.8,0.0,1.2176667747558567,794.09630949018,False,settled
b,yellow_ramp,ramp,0.0,1.8,0.0,0.6841254209263489,936.6287543270505,False,settled
b,yellow_ramp,ramp,0.0,1.8,0.0,1.0431468707735148,839.0555992948953,False,settled
b,yellow_ramp,ramp,0.0,1.8,0.0,0.6592648482365264,942.7057762128438,False,settled
b,yellow_ramp,ramp,0.0,1.8,0.0,0.3070883173419754,1069.5516393090654,False,settled
b,yellow_ramp,ramp,0.0,1.8,0.0,1.0057791862160927,847.5731545310524,False,settled
b,yellow_ramp,ramp,0.0,1.8,0.0,0.397914718253133,1034.5523942299274,False,settled
b,yellow_ramp,ramp,0.0,1.8,0.0,0.24417802331817193,1095.7499042712357,False,settled
b,yellow_ramp,ramp,0.0,1.8,0.0,1.125370722002109,818.6722810869426,False,settled
b,yellow_ramp,ramp,0.0,1.8,0.0,0.9065951049849276,872.0774972762312,False,settled
b,yellow_ramp,ramp,0.0,1.8,0.0,0.6591456002108254,942.7924309022827,False,settled
b,yellow_ramp,ramp,0.0,1.8,0.0,1.1049598616521692,823.560237680634,False,settled
b,yellow_ramp,ramp,0.0,1.8,0.0,0.7007039442828428,932.3764244085813,False,settled
b,yellow_ramp,ramp,0.0,1.8,0.0,0.37276090539887613,1045.6133285775848,False,settled
b,yellow_ramp,ramp,0.0,1.8,0.0,0.7435179175555813,918.8449413724127,False,settled
b,yellow_ramp,ramp,0.0,1.8,0.0,0.8667660971314426,883.7541682992727,False,settled
b,yellow_ramp,ramp,0.0,1.8,0.0,0.9008530673835136,872.48581463946,False,settled
b,yellow_ramp,ramp,0.0,1.8,0.0,0.8057533580956624,897.9156839721322,False,settled
b,yellow_ramp,ramp,0.0,1.8,0.0,0.59432235165378,969.3175526201312,False,settled
b,yellow_ramp,ramp,0.0,1.8,0.0,0.3228768906805004,1072.737527296171,False,settled
b,yellow_ramp,ramp,0.0,1.8,0.0,0.8659683434771294,884.5441923188541,False,settled
b,yellow_ramp,ramp,0.0,1.8,0.0,0.5101127431221356,996.6146167082028,False,settled
b,yellow_ramp,ramp,0.0,1.8,0.0,1.095205582885937,824.7876751766493,False,settled
b,yellow_ramp,ramp,0.0,1.8,0.0,0.34559680411513977,1053.079464683996,False,settled
b,yellow_ramp,ramp,0.0,1.8,0.0,0.5722888366697343,977.2987965436054,False,settled
b,yellow_ramp,ramp,0.0,1.8,0.0,1.1850743659042913,803.9175951716472,False,settled
b,yellow_ramp,ramp,0.0,1.8,0.0,0.9516246423988526,859.713867778107,False,settled
b,yellow_ramp,ramp,0.0,1.8,0.0,0.5302371531686738,985.9547035104897,False,settled
b,yellow_ramp,ramp,0.0,1.8,0.0,0.7810055865148205,906.6965537327873,False,settled
b,yellow_ramp,ramp,0.0,1.8,0.0,1.0284927563121284,841.3611144246878,False,settled
b,yellow_ramp,ramp,0.0,1.8,0.0,1.069564380098501,832.0028989023167,False,settled
b,yellow_ramp,ramp,0.0,1.8,0.0,0.6515375324217416,949.1011991129368,False,settled
b,yellow_ramp,ramp,0.0,1.8,0.0,1.0938183793333527,825.9816365571844,False,settled
b,yellow_ramp,ramp,0.0,1.8,0.0,0.3901954281673964,1035.713999273272,False,settled
b,yellow_ramp,ramp,0.0,1.8,0.0,0.46898392910902986,1006.3592478841018,False,settled
b,yellow_ramp,ramp,0.0,1.8,0.0,0.2633382502267562,1098.9617464123319,False,settled
b,yellow_ramp,ramp,0.0,1.8,0.0,1.0481307251401863,837.300557230884,False,settled
b,yellow_ramp,ramp,0.0,1.8,0.0,1.199048458774701,800.1013512968394,False,settled
b,yellow_ramp,ramp,0.0,1.8,0.0,0.5210531469054073,988.3760419772249,False,settled
b,yellow_ramp,ramp,0.0,1.8,0.0,0.30381375587930903,1071.9100403231057,False,settled
b,yellow_ramp,ramp,0.0,1.8,0.0,0.2651646795177177,1085.7349603313953,False,settled
b,yellow_ramp,ramp,0.0,1.8,0.0,0.35932163026618397,1056.1056077017788,False,settled
b,yellow_ramp,ramp,0.0,1.8,0.0,1.0015249867313363,843.7952908960107,False,settled
b,yellow_ramp,ramp,0.0,1.8,0.0,1.0707667775138212,831.3531372328648,False,settled
b,yellow_ramp,ramp,0.0,1.8,0.0,0.9658748089114945,853.6865357693637,False,settled
b,yellow_ramp,ramp,0.0,1.8,0.0,0.7661667771614018,912.4468852610014,False,settled
b,yellow_ramp,ramp,0.0,1.8,0.0,0.7915668339524523,904.079039870622,False,settled
b,yellow_ramp,ramp,0.0,1.8,0.0,1.16895534688032,808.3911485646514,False,settled
b,yellow_ramp,ramp,0.0,1.8,0.0,0.9720533493773347,851.4652514268297,False,settled
b,yellow_ramp,ramp,0.0,1.8,0.0,0.550731443935334,984.7047409147725,False,settled
b,yellow_ramp,ramp,0.0,1.8,0.0,0.4251664917014038,1029.567228361368,False,settled
b,yellow_ramp,ramp,0.0,1.8,0.0,0.7347507176271817,918.7261599984997,False,settled
b,yellow_ramp,ramp,0.0,1.8,0.0,1.1898186932364292,802.6368921263407,False,settled
b,yellow_ramp,ramp,0.0,1.8,0.0,0.7010273482664315,932.0972756614307,False,settled
b,yellow_ramp,ramp,0.0,1.8,0.0,0.42589686741778265,1028.9856259181245,False,settled
b,yellow_ramp,ramp,0.0,1.8,0.0,0.9195043674265371,864.6968157736826,False,settled
b,yellow_ramp,ramp,0.0,1.8,0.0,0.6578004129113979,943.9632883997432,False,settled
b,yellow_ramp,ramp,0.0,1.8,0.0,1.0590217106971187,834.2223497545132,False,settled
b,yellow_ramp,ramp,0.0,1.8,0.0,0.3683412876387138,1049.0585259632203,False,settled
b,yellow_ramp,ramp,0.0,1.8,0.0,0.39400643528742635,1035.1452886693053,False,settled
b,yellow_ramp,ramp,0.0,1.8,0.0,1.0782669062506394,830.4965317464631,False,settled
b,yellow_ramp,ramp,0.0,1.8,0.0,0.8861725459551107,876.1161778308266,False,settled
b,yellow_ramp,ramp,0.0,1.8,0.0,0.8994678809921611,873.9026583415892,False,settled
b,yellow_ramp,ramp,0.0,1.8,0.0,1.021730625109147,844.4294577600791,False,settled
b,yellow_ramp,ramp,0.0,1.8,0.0,0.799036298781756,904.1100206885,False,settled
b,yellow_ramp,ramp,0.0,1.8,0.0,0.3399353848496905,1056.7937732776293,False,settled
b,yellow_ramp,ramp,0.0,1.8,0.0,0.45952876813931226,1019.60189449021,False,settled
b,yellow_ramp,ramp,0.0,1.8,0.0,1.1820786265889915,804.4182244270975,False,settled
b,yellow_ramp,ramp,0.0,1.8,0.0,0.5886889695352869,973.9359454958129,False,settled
b,yellow_ramp,ramp,0.0,1.8,0.0,1.0187496964571445,844.0787984981158,False,settled
b,yellow_ramp,ramp,0.0,1.8,0.0,0.36595987812715686,1050.9210520866495,False,settled
b,yellow_ramp,ramp,0.0,1.8,0.0,0.265911721490986,1086.6935666006489,False,settled
b,yellow_ramp,ramp,0.0,1.8,0.0,0.33447134488213015,1057.360476572774,False,settled
b,yellow_ramp,ramp,0.0,1.8,0.0,1.1628668849327937,809.1054330776137,False,settled
b,yellow_ramp,ramp,0.0,1.8,0.0,1.1690987466266327,807.9980492961001,False,settled
b,yellow_ramp,ramp,0.0,1.8,0.0,0.3403338291491893,1056.7478078011113,False,settled
b,yellow_ramp,ramp,0.0,1.8,0.0,0.38947914175107845,1035.8257406316104,False,settled
b,yellow_ramp,ramp,0.0,1.8,0.0,0.8985175876086966,874.8745746864313,False,settled
b,yellow_ramp,ramp,0.0,1.8,0.0,1.1477092691425526,812.5159724625794,False,settled
b,yellow_ramp,ramp,0.0,1.8,0.0,1.1394878580188519,815.8819915428106,False,settled
b,yellow_ramp,ramp,0.0,1.8,0.0,0.7242788977145654,927.9089273091968,False,settled
b,yellow_ramp,ramp,0.0,1.8,0.0,0.8827457572404006,879.5514514174866,False,settled
b,yellow_ramp,ramp,0.0,1.8,0.0,0.5777013724886995,972.8440100670156,False,settled
b,yellow_ramp,ramp,0.0,1.8,0.0,0.23967323730684664,1109.5200335552754,False,settled
b,yellow_ramp,ramp,0.0,1.8,0.0,1.0930071516196742,824.8678843033036,False,settled
b,yellow_ramp,ramp,0.0,1.8,0.0,0.481919715291522,1007.8681101469818,False,settled
b,yellow_ramp,ramp,0.0,1.8,0.0,0.2203107924113907,1112.7764279653697,False,settled
b,yellow_ramp,ramp,0.0,1.8,0.0,0.3104424633920764,1066.912302489689,False,settled
b,yellow_ramp,ramp,0.0,1.8,0.0,1.1420137164972857,814.2457137914985,False,settled
b,yellow_ramp,ramp,0.0,1.8,0.0,0.5243265107126633,987.2953108358602,False,settled
b,yellow_ramp,ramp,0.0,1.8,0.0,0.37300147061512506,1045.4266303253241,False,settled
b,yellow_ramp,ramp,0.0,1.8,0.0,0.9817217725942182,849.4472895925663,False,settled
b,yellow_ramp,ramp,0.0,1.8,0.0,0.24456523541363231,1097.0349077119276,False,settled
b,yellow_ramp,ramp,0.0,1.8,0.0,1.1051660559024485,823.2031191518757,False,settled
b,yellow_ramp,ramp,0.0,1.8,0.0,0.8830580013509794,879.2384597430517,False,settled
b,yellow_ramp,ramp,0.0,1.8,0.0,0.5530514216311242,982.8066025220362,False,settled
b,yellow_ramp,ramp,0.0,1.8,0.0,0.33341490737829554,1057.5819686389304,False,settled
b,yellow_ramp,ramp,0.0,1.8,0.0,0.45510343579499934,1020.4334275680623,False,settled
b,yellow_ramp,ramp,0.0,1.8,0.0,0.25961483337037244,1095.581670249651,False,settled
b,yellow_ramp,ramp,0.0,1.8,0.0,0.6770419721636735,938.7076998912727,False,settled
b,yellow_ramp,ramp,0.0,1.8,0.0,0.3623556099605364,1053.7400623489511,False,settled
b,yellow_ramp,ramp,0.0,1.8,0.0,0.8316203930323878,893.6822922003713,False,settled
b,yellow_ramp,ramp,0.0,1.8,0.0,0.41546943929323943,1037.076123187251,False,settled
b,yellow_ramp,ramp,0.0,1.8,0.0,1.1454026947886944,814.1629748938753,False,settled
b,yellow_ramp,ramp,0.0,1.8,0.0,1.1778914423247413,805.9232325682715,False,settled
b,yellow_ramp,ramp,0.0,1.8,0.0,0.24637643906144466,1100.9991204212236,False,settled
b,yellow_ramp,ramp,0.0,1.8,0.0,0.9156161128663383,868.3025179366797,False,settled
b,yellow_ramp,ramp,0.0,1.8,0.0,0.5495925851881529,985.6390235176607,False,settled
b,yellow_ramp,ramp,0.0,1.8,0.0,0.5906364910200852,972.3367881968868,False,settled
b,yellow_ramp,ramp,0.0,1.8,0.0,0.5772561739395299,973.2085682514111,False,settled
b,yellow_ramp,ramp,0.0,1.8,0.0,0.5252534601263988,987.0987007099976,False,settled
b,yellow_ramp,ramp,0.0,1.8,0.0,0.38090877163002634,1039.3159279729016,False,settled
b,yellow_ramp,ramp,0.0,1.8,0.0,0.6432552679689204,947.187669322213,False,settled
b,yellow_ramp,ramp,0.0,1.8,0.0,0.7261420447714887,926.2619083731014,False,settled
b,yellow_ramp,ramp,0.0,1.8,0.0,0.2768092514706641,1085.0984414489496,False,settled
b,yellow_ramp,ramp,0.0,1.8,0.0,0.4097211117112949,1029.1525628191662,False,settled
b,yellow_ramp,ramp,0.0,1.8,0.0,0.9313933917143706,862.6776109987477,False,settled
b,yellow_ramp,ramp,0.0,1.8,0.0,0.7607101454300629,914.3565633862141,False,settled
b,yellow_ramp,ramp,0.0,1.8,0.0,0.9091123775691599,869.7549360330372,False,settled
b,yellow_ramp,ramp,0.0,1.8,0.0,0.9835587829522747,847.3564867289313,False,settled
b,yellow_ramp,ramp,0.0,1.8,0.0,0.7211318417861113,922.7708590478328,False,settled
b,yellow_ramp,ramp,0.0,1.8,0.0,0.7387415996148075,922.9972376857318,False,settled
b,yellow_ramp,ramp,0.0,1.8,0.0,0.46443799921177886,1018.6793229004364,False,settled
b,yellow_ramp,ramp,0.0,1.8,0.0,0.5081739513480535,998.1423141133437,False,settled
b,yellow_ramp,ramp,0.0,1.8,0.0,1.0013794149041333,843.9694440571649,False,settled
b,yellow_ramp,ramp,0.0,1.8,0.0,0.5178932682082588,990.7609437171936,False,settled
b,yellow_ramp,ramp,0.0,1.8,0.0,0.5345665646690267,985.1285443743856,False,settled
b,yellow_ramp,ramp,0.0,1.8,0.0,1.1526970474661167,811.9070663265039,False,settled
b,yellow_ramp,ramp,0.0,1.8,0.0,0.4200993764766981,1033.6096229622763,False,settled
b,yellow_ramp,ramp,0.0,1.8,0.0,0.7493271101207657,913.9011991376541,False,settled
b,yellow_ramp,ramp,0.0,1.8,0.0,0.946910521406295,859.9855977946961,False,settled
b,yellow_ramp,ramp,0.0,1.8,0.0,0.3969905284068893,1034.777226140849,False,settled
b,yellow_ramp,ramp,0.0,1.8,0.0,0.510456267668812,996.343763344134,False,settled
b,yellow_ramp,ramp,0.0,1.8,0.0,0.28326990959702114,1081.9138801011354,False,settled
b,yellow_ramp,ramp,0.0,1.8,0.0,0.2771712677447181,1084.514858714361,False,settled
b,yellow_ramp,ramp,0.0,1.8,0.0,0.7276076817193748,924.9662579509078,False,settled
b,yellow_ramp,ramp,0.0,1.8,0.0,0.6585662413333506,943.2196357043579,False,settled
b,yellow_ramp,ramp,0.0,1.8,0.0,0.9116394535966262,867.2656543417662,False,settled
b,yellow_ramp,ramp,0.0,1.8,0.0,0.27227047915071545,1084.3531720763222,False,settled
b,yellow_ramp,ramp,0.0,1.8,0.0,0.3712726888640329,1046.7682394494998,False,settled
b,yellow_ramp,ramp,0.0,1.8,0.0,0.9127386439224877,871.253691955442,False,settled
b,yellow_ramp,ramp,0.0,1.8,0.0,0.6046445737228733,965.9998883131454,False,settled
b,yellow_ramp,ramp,0.0,1.8,0.0,1.1561505090686413,811.6964124087854,False,settled
b,yellow_ramp,ramp,0.0,1.8,0.0,1.0693255332775766,832.3694164891264,False,settled
b,yellow_ramp,ramp,0.0,1.8,0.0,0.37121922325917356,1046.809731106799,False,settled
b,yellow_ramp,ramp,0.0,1.8,0.0,0.8255474924573416,892.8864858465644,False,settled
b,yellow_ramp,ramp,0.0,1.8,0.0,0.2820957691164057,1088.1548206671926,False,settled
b,yellow_ramp,ramp,0.0,1.8,0.0,1.0642159151753947,833.9392511454573,False,settled
b,yellow_ramp,ramp,0.0,1.8,0.0,0.6391633674590967,950.4770889648365,False,settled
b,yellow_ramp,ramp,0.0,1.8,0.0,0.4957122633039022,997.2264632058328,False,settled
b,yellow_ramp,ramp,0.0,1.8,0.0,0.6824546542649956,937.1190518666448,False,settled
b,yellow_ramp,ramp,0.0,1.8,0.0,0.252741606961912,1100.067231859274,False,settled
b,yellow_ramp,ramp,0.0,1.8,0.0,1.064817433171187,833.0193215512874,False,settled
b,yellow_ramp,ramp,0.0,1.8,0.0,0.8920343741193384,875.8757732699672,False,settled
b,yellow_ramp,ramp,0.0,1.8,0.0,0.581221176475772,970.2891003758428,False,settled
b,yellow_ramp,ramp,0.0,1.8,0.0,0.23202891582106427,1111.0726657478015,False,settled
b,yellow_ramp,ramp,0.0,1.8,0.0,0.3693898560721834,1048.2385104358716,False,settled
b,yellow_ramp,ramp,0.0,1.8,0.0,0.5463724453440236,988.2945910862011,False,settled
b,yellow_ramp,ramp,0.0,1.8,0.0,0.32632503756366554,1072.2828236707287,False,settled
b,yellow_ramp,ramp,0.0,1.8,0.0,0.7027054227588854,930.6486596757999,False,settled
b,yellow_ramp,ramp,0.0,1.8,0.0,0.6965925377693073,935.9487147030732,False,settled
b,yellow_ramp,ramp,0.0,1.8,0.0,0.22106060408533162,1117.4284002463703,False,settled
b,yellow_ramp,ramp,0.0,1.8,0.0,0.8968805266300002,871.262220850287,False,settled
b,yellow_ramp,ramp,0.0,1.8,0.0,0.5975356880245161,967.8186868068306,False,settled
b,yellow_ramp,ramp,0.0,1.8,0.0,0.5454973589264001,989.0164677067482,False,settled
b,yellow_ramp,ramp,0.0,1.8,0.0,0.5041195789268732,1001.3608227175197,False,settled
b,yellow_ramp,ramp,0.0,1.8,0.0,0.4616265859239293,1019.2075480924439,False,settled
b,yellow_ramp,ramp,0.0,1.8,0.0,0.8650769116855688,879.7750848307628,False,settled
b,yellow_ramp,ramp,0.0,1.8,0.0,1.1790217343405103,805.5259031883683,False,settled
b,yellow_ramp,ramp,0.0,1.8,0.0,0.828630888487567,890.1760814740153,False,settled
b,yellow_ramp,ramp,0.0,1.8,0.0,0.6791260343354546,938.0958849969965,False,settled
b,yellow_ramp,ramp,0.0,1.8,0.0,0.22667602251409902,1115.838993759197,False,settled
b,yellow_ramp,ramp,0.0,1.8,0.0,0.5544498408475997,981.6627580259415,False,settled
b,yellow_ramp,ramp,0.0,1.8,0.0,0.8370839103145894,888.5651831330667,False,settled
b,yellow_ramp,ramp,0.0,1.8,0.0,0.4849005142660156,1005.4717163769307,False,settled
b,yellow_ramp,ramp,0.0,1.8,0.0,0.30536909728714096,1070.8653242042544,False,settled
b,yellow_ramp,ramp,0.0,1.8,0.0,0.26941759275376304,1087.8120231172027,False,settled
b,yellow_ramp,ramp,0.0,1.8,0.0,1.0835501474250413,829.1172808433391,False,settled
b,yellow_ramp,ramp,0.0,1.8,0.0,0.8632078928148309,881.5411802887639,False,settled
b,yellow_ramp,ramp,0.0,1.8,0.0,0.9216063817881578,867.3978662112803,False,settled
b,yellow_ramp,ramp,0.0,1.8,0.0,0.27911104909138873,1084.2669597751435,False,settled
b,yellow_ramp,ramp,0.0,1.8,0.0,0.6295501834175938,958.2967413366923,False,settled
b,yellow_ramp,ramp,0.0,1.8,0.0,0.9722630495114266,851.1555832695385,False,settled
b,yellow_ramp,ramp,0.0,1.8,0.0,0.23899030163829343,1106.3755827839686,False,settled
b,yellow_ramp,ramp,0.0,1.8,0.0,0.8859991247576523,876.2901816236499,False,settled
b,yellow_ramp,ramp,0.0,1.8,0.0,0.5497467220241832,985.5119094033741,False,settled
b,yellow_ramp,ramp,0.0,1.8,0.0,0.6772009434124802,938.661039730207,False,settled
b,yellow_ramp,ramp,0.0,1.8,0.0,0.6475067407762776,952.2539291305904,False,settled
b,yellow_ramp,ramp,0.0,1.8,0.0,1.1284671650928295,818.551147270348,False,settled
b,yellow_ramp,ramp,0.0,1.8,0.0,1.0141736720116115,845.692170305624,False,settled
b,yellow_ramp,ramp,0.0,1.8,0.0,0.7136049925303157,929.2935720979793,False,settled
b,yellow_ramp,ramp,0.0,1.8,0.0,0.6379673205517107,951.4799027376149,False,settled
b,yellow_ramp,ramp,0.0,1.8,0.0,0.3025127227286023,1072.831932334207,False,settled
b,yellow_ramp,ramp,0.0,1.8,0.0,0.5590891077421831,977.8711316694223,False,settled
b,yellow_ramp,ramp,0.0,1.8,0.0,0.2577104144847442,1093.2619184394428,False,settled
b,yellow_ramp,ramp,0.0,1.8,0.0,0.9994838325977322,846.1469952391308,False,settled
b,yellow_ramp,ramp,0.0,1.8,0.0,0.28352143065717994,1082.0890110443534,False,settled
b,yellow_ramp,ramp,0.0,1.8,0.0,1.1156529411394234,820.9633975969974,False,settled
b,yellow_ramp,ramp,0.0,1.8,0.0,0.6040713766942124,966.1465212492053,False,settled
b,yellow_ramp,ramp,0.0,1.8,0.0,0.6397531089393501,950.0743749611019,False,settled
b,yellow_ramp,ramp,0.0,1.8,0.0,0.733111889857857,920.2309259443431,False,settled
b,yellow_ramp,ramp,0.0,1.8,0.0,0.6604351801840267,941.7896415941617,False,settled
b,yellow_ramp,ramp,0.0,1.8,0.0,0.8757500363837654,880.7533191624758,False,settled
b,yellow_ramp,ramp,0.0,1.8,0.0,0.7138473174973271,929.0810019014053,False,settled
b,yellow_ramp,ramp,0.0,1.8,0.0,0.8832318812431944,879.0641621520825,False,settled
b,yellow_ramp,ramp,0.0,1.8,0.0,0.2505857160039118,1097.4829391072606,False,settled
b,yellow_ramp,ramp,0.0,1.8,0.0,0.375130579815803,1043.7743327870683,False,settled
b,yellow_ramp,ramp,0.0,1.8,0.0,0.4289576984085595,1026.547968109296,False,settled
b,yellow_ramp,ramp,0.0,1.8,0.0,0.6275530781644508,959.9835602340083,False,settled
b,yellow_ramp,ramp,0.0,1.8,0.0,0.5711036210380126,978.277394720093,False,settled
b,yellow_ramp,ramp,0.0,1.8,0.0,0.2348662677830082,1099.5554735063033,False,settled
b,yellow_ramp,ramp,0.0,1.8,0.0,0.9743228957829048,853.403178309912,False,settled
b,yellow_ramp,ramp,0.0,1.8,0.0,0.6242202981860503,953.7245765597958,False,settled
b,yellow_ramp,ramp,0.0,1.8,0.0,0.4475598651597634,1024.2008807410646,False,settled
b,yellow_ramp,ramp,0.0,1.8,0.0,0.23954596333450065,1108.8659910192198,False,settled
b,yellow_ramp,ramp,0.0,1.8,0.0,1.1320165608472978,816.613646613624,False,settled
b,yellow_ramp,ramp,0.0,1.8,0.0,0.5356866771202659,984.8946413203743,False,settled
b,yellow_ramp,ramp,0.0,1.8,0.0,0.25788376788951056,1093.5469251086222,False,settled
b,yellow_ramp,ramp,0.0,1.8,0.0,0.4372958924530617,1019.9841023259363,False,settled
b,yellow_ramp,ramp,0.0,1.8,0.0,0.5593758111039862,977.6385381682587,False,settled
b,yellow_ramp,ramp,0.0,1.8,0.0,0.46839475153384874,1006.4680730418958,False,settled
b,yellow_ramp,ramp,0.0,1.8,0.0,0.2533023591405887,1102.247616597408,False,settled
b,yellow_ramp,ramp,0.0,1.8,0.0,1.196740346417621,801.1850794514037,False,settled
b,yellow_ramp,ramp,0.0,1.8,0.0,0.9761268298271735,851.3410548252737,False,settled
b,yellow_ramp,ramp,0.0,1.8,0.0,0.2412200716602968,1100.6246054523267,False,settled
b,yellow_ramp,ramp,0.0,1.8,0.0,0.4409345779830569,1017.1960750098951,False,settled
b,yellow_ramp,ramp,0.0,1.8,0.0,1.0973775880285344,824.4543555940015,False,settled
b,yellow_ramp,ramp,0.0,1.8,0.0,0.2861300573596779,1078.197522222725,False,settled
b,yellow_ramp,ramp,0.0,1.8,0.0,0.5012086003288468,1003.7242470472714,False,settled
b,yellow_ramp,ramp,0.0,1.8,0.0,0.41835934051849505,1035.0056447198756,False,settled
b,yellow_ramp,ramp,0.0,1.8,0.0,0.4806419755892768,1008.8955393217431,False,settled
b,yellow_ramp,ramp,0.0,1.8,0.0,0.9735720558736025,849.7312908026546,False,settled
b,yellow_ramp,ramp,0.0,1.8,0.0,0.6785861580410136,938.2543197386336,False,settled
b,yellow_ramp,ramp,0.0,1.8,0.0,0.7961445604189435,899.9266021070592,False,settled
b,yellow_ramp,ramp,0.0,1.8,0.0,0.3091863946105812,1067.8692104554013,False,settled
b,yellow_ramp,ramp,0.0,1.8,0.0,0.9560207015649842,855.1432968916702,False,settled
b,yellow_ramp,ramp,0.0,1.8,0.0,0.48120128398302286,1008.4456672904021,False,settled
b,yellow_ramp,ramp,0.0,1.8,0.0,1.1819934242066341,804.1661346740069,False,settled
b,yellow_ramp,ramp,0.0,1.8,0.0,0.6808090342105843,937.6019836284039,False,settled
b,yellow_ramp,ramp,0.0,1.8,0.0,0.6170937451786004,959.6287770832301,False,settled
b,yellow_ramp,ramp,0.0,1.8,0.0,1.1231455313749883,820.0002246719216,False,settled
b,yellow_ramp,ramp,0.0,1.8,0.0,0.2848749360103361,1081.1927218178014,False,settled
b,yellow_ramp,ramp,0.0,1.8,0.0,1.1975145365721636,800.8204071505429,False,settled
b,yellow_ramp,ramp,0.0,1.8,0.0,0.3586115655535415,1056.664757207638,False,settled
b,yellow_ramp,ramp,0.0,1.8,0.0,0.7648695366674337,912.9008377347949,False,settled
b,yellow_ramp,ramp,0.0,1.8,0.0,0.7498242615861619,913.4176070492688,False,settled
b,yellow_ramp,ramp,0.0,1.8,0.0,1.2011354043626956,800.2201475450572,False,settled
b,yellow_ramp,ramp,0.0,1.8,0.0,0.9532122416802499,858.2163623066668,False,settled
b,yellow_ramp,ramp,0.0,1.8,0.0,0.8422960857911995,890.607800604009,False,settled
b,yellow_ramp,ramp,0.0,1.8,0.0,0.9277699872195486,866.1460601645525,False,settled
b,yellow_ramp,ramp,0.0,1.8,0.0,0.9833632889552145,847.5757345591169,False,settled
b,yellow_ramp,ramp,0.0,1.8,0.0,0.34825303008738606,1051.067308543916,False,settled
b,yellow_ramp,ramp,0.0,1.8,0.0,0.31315029770102365,1079.0468395227483,False,settled
b,yellow_ramp,ramp,0.0,1.8,0.0,0.41115033244964977,1028.0381040907419,False,settled
b,yellow_ramp,ramp,0.0,1.8,0.0,0.647668097059652,952.1164971218013,False,settled
b,yellow_ramp,ramp,0.0,1.8,0.0,0.4789738490574562,1010.23685022846,False,settled
b,yellow_ramp,ramp,0.0,1.8,0.0,0.48874732053138,1002.38916663238,False,settled
b,yellow_ramp,ramp,0.0,1.8,0.0,0.4643967822600141,1018.6870670278686,False,settled
b,yellow_ramp,ramp,0.0,1.8,0.0,0.4369468995746043,1020.2490037070473,False,settled
b,yellow_ramp,ramp,0.0,1.8,0.0,0.6043517136720806,966.0748065827187,False,settled
b,yellow_ramp,ramp,0.0,1.8,0.0,0.32368912732881666,1072.630522599221,False,settled
b,yellow_ramp,ramp,0.0,1.8,0.0,0.3070999465913382,1069.5427294962622,False,settled
b,yellow_ramp,ramp,0.0,1.8,0.0,1.0549883045455035,835.1869622959726,False,settled
b,yellow_ramp,ramp,0.0,1.8,0.0,0.24584222433039638,1100.6983439211635,False,settled
b,yellow_ramp,ramp,0.0,1.8,0.0,0.784201653968939,903.8219604085856,False,settled
b,yellow_ramp,ramp,0.0,1.8,0.0,0.481313991923721,1008.3550599964854,False,settled
b,yellow_ramp,ramp,0.0,1.8,0.0,1.0995288565173174,824.1535389868017,False,settled
b,yellow_ramp,ramp,0.0,1.8,0.0,0.5087329646114814,997.7021639601836,False,settled
b,yellow_ramp,ramp,0.0,1.8,0.0,0.6105392566640983,964.5087487395571,False,settled
b,yellow_ramp,ramp,0.0,1.8,0.0,0.6613944651822659,941.0572140716747,False,settled
b,yellow_ramp,ramp,0.0,1.8,0.0,0.370275599649732,1047.545822654658,False,settled
b,yellow_ramp,ramp,0.0,1.8,0.0,0.8413445873276932,891.0132408547844,False,settled
b,yellow_ramp,ramp,0.0,1.8,0.0,0.26856259388310993,1086.9659476936622,False,settled
b,yellow_ramp,ramp,0.0,1.8,0.0,0.2586913691682949,1094.8075512202054,False,settled
b,yellow_ramp,ramp,0.0,1.8,0.0,0.2455360246874925,1099.9163514277107,False,settled
b,yellow_ramp,ramp,0.0,1.8,0.0,1.0823922473547203,828.6416417948517,False,settled
b,yellow_ramp,ramp,0.0,1.8,0.0,0.2524245345450052,1098.919692107102,False,settled
b,yellow_ramp,ramp,0.0,1.8,0.0,1.0467872873611719,837.88158816798,False,settled
b,yellow_ramp,ramp,0.0,1.8,0.0,0.7024136140736669,930.9004939000874,False,settled
b,yellow_ramp,ramp,0.0,1.8,0.0,0.83928364327373,892.8015429394844,False,settled
b,yellow_ramp,ramp,0.0,1.8,0.0,1.1937213960091124,801.355704664583,False,settled
b,yellow_ramp,ramp,0.0,1.8,0.0,0.3193777728978126,1074.3858212786424,False,settled
b,yellow_ramp,ramp,0.0,1.8,0.0,0.6243495861519553,953.6221648920339,False,settled
b,yellow_ramp,ramp,0.0,1.8,0.0,0.7084022921489977,933.6046052734845,False,settled
b,yellow_ramp,ramp,0.0,1.8,0.0,0.48277909155129256,1007.1772409489331,False,settled
b,yellow_ramp,ramp,0.0,1.8,0.0,0.2510027458497948,1098.4911850128938,False,settled
b,yellow_ramp,ramp,0.0,1.8,0.0,0.8688883725551024,881.6553381666007,False,settled
b,yellow_ramp,ramp,0.0,1.8,0.0,0.31660267683219445,1076.3264340785054,False,settled
b,yellow_ramp,ramp,0.0,1.8,0.0,0.3501802415630771,1063.0806101259639,False,settled
b,yellow_ramp,ramp,0.0,1.8,0.0,0.6480035733505197,951.8309520087765,False,settled
b,yellow_ramp,ramp,0.0,1.8,0.0,0.8433280173460298,890.1681075428944,False,settled
b,yellow_ramp,ramp,0.0,1.8,0.0,0.6828491672872582,937.0032761407773,False,settled
b,yellow_ramp,ramp,0.0,1.8,0.0,0.38879245495146,1036.0247325293053,False,settled
b,yellow_ramp,ramp,0.0,1.8,0.0,1.1322071423897833,816.3558107443492,False,settled
b,yellow_ramp,ramp,0.0,1.8,0.0,0.5240702124943715,987.3496729289241,False,settled
b,yellow_ramp,ramp,0.0,1.8,0.0,0.778860140641678,908.6460511648663,False,settled
b,yellow_ramp,ramp,0.0,1.8,0.0,1.0449566350756294,837.8617504412142,False,settled
b,yellow_ramp,ramp,0.0,1.8,0.0,0.6831089297851297,936.927044975502,False,settled
b,yellow_ramp,ramp,0.0,1.8,0.0,0.3477232458622923,1051.4691497905997,False,settled
b,yellow_ramp,ramp,0.0,1.8,0.0,0.3975023691477621,1034.6123529562226,False,settled
b,yellow_ramp,ramp,0.0,1.8,0.0,0.29366813892439914,1077.9696499358365,False,settled
b,yellow_ramp,ramp,0.0,1.8,0.0,0.6087289521494963,964.9653787186663,False,settled
b,yellow_ramp,ramp,0.0,1.8,0.0,0.7077378581915557,926.3778847468094,False,settled
b,yellow_ramp,ramp,0.0,1.8,0.0,0.5138411976810588,993.6711732620194,False,settled
b,yellow_ramp,ramp,0.0,1.8,0.0,0.7127750400242436,930.0216352463215,False,settled
b,yellow_ramp,ramp,0.0,1.8,0.0,1.2233590393372278,791.2944895634962,False,settled
b,yellow_ramp,ramp,0.0,1.8,0.0,0.787079488654467,908.2102457469814,False,settled
b,yellow_ramp,ramp,0.0,1.8,0.0,0.4617331870712886,1019.1875193287289,False,settled
b,yellow_ramp,ramp,0.0,1.8,0.0,0.23828878900509104,1101.9730247174189,False,settled
b,yellow_ramp,ramp,0.0,1.8,0.0,1.2185015461387612,793.5932052624511,False,settled
b,yellow_ramp,ramp,0.0,1.8,0.0,0.3381029260778277,1056.9304799544618,False,settled
b,yellow_ramp,ramp,0.0,1.8,0.0,0.5557158023716853,980.6271397409386,False,settled
b,yellow_ramp,ramp,0.0,1.8,0.0,1.1243935031592083,818.5301826119972,False,settled
b,yellow_ramp,ramp,0.0,1.8,0.0,0.7568820819281508,915.6966891315558,False,settled
b,yellow_ramp,ramp,0.0,1.8,0.0,0.675224650217465,939.2411073483765,False,settled
b,yellow_ramp,ramp,0.0,1.8,0.0,0.8757542514718885,880.7491193995306,False,settled
b,yellow_ramp,ramp,0.0,1.8,0.0,0.39694679619330225,1034.7835845341924,False,settled
b,yellow_ramp,ramp,0.0,1.8,0.0,0.7951685143322843,900.8074195445109,False,settled
b,yellow_ramp,ramp,0.0,1.8,0.0,0.5728914449158129,976.8013597803862,False,settled
b,yellow_ramp,ramp,0.0,1.8,0.0,0.6421138528941684,948.0331011330487,False,settled
b,yellow_ramp,ramp,0.0,1.8,0.0,1.1143613433079922,821.16674054225,False,settled
b,yellow_ramp,ramp,0.0,1.8,0.0,0.8996823302009226,873.6833251780678,False,settled
b,yellow_ramp,ramp,0.0,1.8,0.0,0.7362332423998849,924.8952073595557,False,settled
b,yellow_ramp,ramp,0.0,1.8,0.0,1.176768476311045,805.4022065323343,False,settled
b,yellow_ramp,ramp,0.0,1.8,0.0,0.4121123936884971,1027.2925062652894,False,settled
b,yellow_ramp,ramp,0.0,1.8,0.0,0.4250852815146864,1029.6318947150398,False,settled
b,yellow_ramp,ramp,0.0,1.8,0.0,0.7354432328957261,918.168593242706,False,settled
b,yellow_ramp,ramp,0.0,1.8,0.0,0.5169563635091352,991.5763311314436,False,settled
b,yellow_ramp,ramp,0.0,1.8,0.0,0.835792500133721,889.7602063208777,False,settled
b,yellow_ramp,ramp,0.0,1.8,0.0,0.4259783058787406,1028.9207742078015,False,settled
b,yellow_ramp,ramp,0.0,1.8,0.0,0.2707978216759481,1089.1570785776578,False,settled
b,yellow_ramp,ramp,0.0,1.8,0.0,0.5107919380516442,996.0789191954422,False,settled
b,yellow_ramp,ramp,0.0,1.8,0.0,0.5859644418182796,966.5140693455321,False,settled
b,yellow_ramp,ramp,0.0,1.8,0.0,0.5307934426225489,985.838556011027,False,settled
b,yellow_ramp,ramp,0.0,1.8,0.0,0.32983115552824616,1071.82075943342,False,settled
b,yellow_ramp,ramp,0.0,1.8,0.0,0.43918687070316403,1018.6157275014904,False,settled
b,yellow_ramp,ramp,0.0,1.8,0.0,0.2878819554746915,1077.291834441696,False,settled
b,yellow_ramp,ramp,0.0,1.8,0.0,0.3789050175860049,1040.8629221262029,False,settled
b,yellow_ramp,ramp,0.0,1.8,0.0,0.6233759728558093,954.4223426007472,False,settled
b,yellow_ramp,ramp,0.0,1.8,0.0,1.004702531294858,844.211587557855,False,settled
b,yellow_ramp,ramp,0.0,1.8,0.0,1.1087583935112357,821.8952929404431,False,settled
b,yellow_ramp,ramp,0.0,1.8,0.0,0.4107392277586215,1028.3548545850188,False,settled
b,yellow_ramp,ramp,0.0,1.8,0.0,0.7141682316708492,928.8013742080656,False,settled
b,yellow_ramp,ramp,0.0,1.8,0.0,0.4276152383542949,1027.6170744171777,False,settled
b,yellow_ramp,ramp,0.0,1.8,0.0,0.6813370882057953,937.4470182981349,False,settled
b,yellow_ramp,ramp,0.0,1.8,0.0,1.1059090581927042,822.9392577551057,False,settled
b,yellow_ramp,ramp,0.0,1.8,0.0,0.7650431740708836,912.840075575597,False,settled
b,yellow_ramp,ramp,0.0,1.8,0.0,0.9664009723708078,853.1866291543282,False,settled
b,yellow_ramp,ramp,0.0,1.8,0.0,0.8948659231990883,873.3638349374629,False,settled
b,yellow_ramp,ramp,0.0,1.8,0.0,0.9210250071392065,868.0047571108639,False,settled
b,yellow_ramp,ramp,0.0,1.8,0.0,0.2851165028367153,1081.327821584833,False,settled
b,yellow_ramp,ramp,0.0,1.8,0.0,0.8010253719140885,902.2659309937115,False,settled
b,yellow_ramp,ramp,0.0,1.8,0.0,0.39831328134003796,1034.494439376451,False,settled
b,yellow_ramp,ramp,0.0,1.8,0.0,0.3781681497000358,1041.5081549450824,False,settled
b,yellow_ramp,ramp,0.0,1.8,0.0,0.9325849941565821,861.6746467225719,False,settled
b,yellow_ramp,ramp,0.0,1.8,0.0,0.2823707702922814,1082.7397854987403,False,settled
b,yellow_ramp,ramp,0.0,1.8,0.0,1.2084753849295788,798.5017749903221,False,settled
b,yellow_ramp,ramp,0.0,1.8,0.0,1.0321096360859976,841.2944406978019,False,settled
b,yellow_ramp,ramp,0.0,1.8,0.0,1.1652505407775084,808.0738698172308,False,settled
b,yellow_ramp,ramp,0.0,1.8,0.0,0.34665459394779186,1052.3568531504436,False,settled
b,yellow_ramp,ramp,0.0,1.8,0.0,0.9226818479897064,866.2752971200907,False,settled
b,yellow_ramp,ramp,0.0,1.8,0.0,0.7380623883263864,923.5875661106977,False,settled
b,yellow_ramp,ramp,0.0,1.8,0.0,0.9201774830475474,868.8894542234608,False,settled
b,yellow_ramp,ramp,0.0,1.8,0.0,0.9589034732961229,856.735936961884,False,settled
b,yellow_ramp,ramp,0.0,1.8,0.0,0.5440463186887817,979.9506905341827,False,settled
b,yellow_ramp,ramp,0.0,1.8,0.0,0.5594945306647366,977.8064545246395,False,settled
b,yellow_ramp,ramp,0.0,1.8,0.0,0.7922871880490026,903.4193559874116,False,settled
b,yellow_ramp,ramp,0.0,1.8,0.0,0.9590883584104559,856.5294916090912,False,settled
b,yellow_ramp,ramp,0.0,1.8,0.0,0.6279740424413172,959.6280288346658,False,settled
b,yellow_ramp,ramp,0.0,1.8,0.0,0.23243525230095574,1113.2237269112472,False,settled
b,yellow_ramp,ramp,0.0,1.8,0.0,0.2614453099610628,1095.195870041998,False,settled
b,yellow_ramp,ramp,0.0,1.8,0.0,0.7776611616110994,909.7420937759704,False,settled
b,yellow_ramp,ramp,0.0,1.8,0.0,1.0303711533115807,842.6034199016445,False,settled
b,yellow_ramp,ramp,0.0,1.8,0.0,1.0277298360853595,842.4264273150329,False,settled
b,yellow_ramp,ramp,0.0,1.8,0.0,0.5482856748923682,986.7168087107187,False,settled
b,yellow_ramp,ramp,0.0,1.8,0.0,0.7303102328841129,922.5964963398602,False,settled
b,yellow_ramp,ramp,0.0,1.8,0.0,0.5646175971467727,973.6651678680528,False,settled
b,yellow_ramp,ramp,0.0,1.8,0.0,0.561480938787863,976.2854795562075,False,settled
b,yellow_ramp,ramp,0.0,1.8,0.0,0.45790507197590297,1019.9070167126936,False,settled
b,yellow_ramp,ramp,0.0,1.8,0.0,0.44354812375515534,1015.3002816183879,False,settled
b,yellow_ramp,ramp,0.0,1.8,0.0,1.2050589711689956,798.544947200455,False,settled
b,yellow_ramp,ramp,0.0,1.8,0.0,0.340798340323696,1056.6942201883392,False,settled
b,yellow_ramp,ramp,0.0,1.8,0.0,0.8102457466625722,900.4623891066956,False,settled
b,yellow_ramp,ramp,0.0,1.8,0.0,0.6372641788943005,952.0694357524343,False,settled
b,yellow_ramp,ramp,0.0,1.8,0.0,1.0058109836437787,847.5338204066668,False,settled
b,yellow_ramp,ramp,0.0,1.8,0.0,0.39159145107716264,1035.5071567847624,False,settled
b,yellow_ramp,ramp,0.0,1.8,0.0,0.35731818015980477,1057.6830406241868,False,settled
b,yellow_ramp,ramp,0.0,1.8,0.0,0.7464012028535557,916.4187137178035,False,settled
b,yellow_ramp,ramp,0.0,1.8,0.0,0.6845157432047295,936.5154044176957,False,settled
b,yellow_ramp,ramp,0.0,1.8,0.0,1.0848673508956606,828.1916980753882,False,settled
b,yellow_ramp,ramp,0.0,1.8,0.0,0.33021803870623884,1071.7698124223307,False,settled
b,yellow_ramp,ramp,0.0,1.8,0.0,0.9195412140118386,864.6652437549692,False,settled
b,yellow_ramp,ramp,0.0,1.8,0.0,0.8294898862517034,895.6931279708377,False,settled
b,yellow_ramp,ramp,0.0,1.8,0.0,0.31045321765111633,1066.9040626527678,False,settled
b,yellow_ramp,ramp,0.0,1.8,0.0,1.097702569678525,823.9397710233713,False,settled
b,yellow_ramp,ramp,0.0,1.8,0.0,0.8275537339146449,891.0552129624162,False,settled
b,yellow_ramp,ramp,0.0,1.8,0.0,0.8678994878123488,882.6317255937937,False,settled
b,yellow_ramp,ramp,0.0,1.8,0.0,0.6829256273053084,936.9808378121286,False,settled
b,yellow_ramp,ramp,0.0,1.8,0.0,0.23295125469140454,1102.0183942857357,False,settled
b,yellow_ramp,ramp,0.0,1.8,0.0,0.8110238240347319,899.7359029602194,False,settled
b,yellow_ramp,ramp,0.0,1.8,0.0,1.1392811591753196,814.3176585873423,False,settled
b,yellow_ramp,ramp,0.0,1.8,0.0,0.5596866917140377,977.6503746539472,False,settled
b,yellow_ramp,ramp,0.0,1.8,0.0,0.3516084513886926,1061.9436896997095,False,settled
b,yellow_ramp,ramp,0.0,1.8,0.0,0.7850662486374022,903.1399168324766,False,settled
b,yellow_ramp,ramp,0.0,1.8,0.0,0.4419143521951692,1016.448167789278,False,settled
b,yellow_ramp,ramp,0.0,1.8,0.0,0.32536082214911494,1072.41023422239,False,settled
b,yellow_ramp,ramp,0.0,1.8,0.0,0.2650787926190457,1086.0371434812569,False,settled
b,yellow_ramp,ramp,0.0,1.8,0.0,0.7751351343088695,912.0514243260002,False,settled
b,yellow_ramp,ramp,0.0,1.8,0.0,0.9645572145379171,855.1654827114081,False,settled
b,yellow_ramp,ramp,0.0,1.8,0.0,0.6578897763297812,943.8884460314633,False,settled
b,yellow_ramp,ramp,0.0,1.8,0.0,0.3095934042820582,1067.5574406862008,False,settled
b,yellow_ramp,ramp,0.0,1.8,0.0,0.9315358069201105,862.4533354155652,False,settled
b,yellow_ramp,ramp,0.0,1.8,0.0,0.42444533162499615,1030.1414540355536,False,settled
b,yellow_ramp,ramp,0.0,1.8,0.0,0.4544299040985173,1020.5598517326451,False,settled
b,yellow_ramp,ramp,0.0,1.8,0.0,0.40832683625276667,1030.3225977417928,False,settled
b,yellow_ramp,ramp,0.0,1.8,0.0,0.8903297538804553,877.6091386929467,False,settled
b,yellow_ramp,ramp,0.0,1.8,0.0,0.3442210513667464,1054.1410035847216,False,settled
b,yellow_ramp,ramp,0.0,1.8,0.0,0.5258504452298554,986.8789220147991,False,settled
b,yellow_ramp,ramp,0.0,1.8,0.0,0.5340514360656405,985.1585540025878,False,settled
b,yellow_ramp,ramp,0.0,1.8,0.0,0.5732140355335987,976.5350688040829,False,settled
b,yellow_ramp,ramp,0.0,1.8,0.0,0.7410077700306968,921.0260239306344,False,settled
b,yellow_ramp,ramp,0.0,1.8,0.0,0.9142672656703085,869.6883015076533,False,settled
b,yellow_ramp,ramp,0.0,1.8,0.0,0.32781654554651696,1072.0863133281143,False,settled
b,yellow_ramp,ramp,0.0,1.8,0.0,0.2452547508037031,1099.3018807837325,False,settled
b,yellow_ramp,ramp,0.0,1.8,0.0,1.0294762307205212,840.7258580354413,False,settled
b,yellow_ramp,ramp,0.0,1.8,0.0,1.066438794231942,833.0838276873683,False,settled
b,yellow_ramp,ramp,0.0,1.8,0.0,1.203962622155202,798.7843201175255,False,settled
b,yellow_ramp,ramp,0.0,1.8,0.0,0.968192855168708,851.159342756784,False,settled
b,yellow_ramp,ramp,0.0,1.8,0.0,0.7927808110934385,902.968752385583,False,settled
b,yellow_ramp,ramp,0.0,1.8,0.0,1.225023476010125,790.7262205674753,False,settled
b,yellow_ramp,ramp,0.0,1.8,0.0,0.827189831258263,891.3879794858403,False,settled
b,yellow_ramp,ramp,0.0,1.8,0.0,1.0111527797195217,846.8203917080398,False,settled
b,yellow_ramp,ramp,0.0,1.8,0.0,0.31787340387697444,1075.3247636092399,False,settled
b,yellow_ramp,ramp,0.0,1.8,0.0,0.5353621909258335,984.9623360599036,False,settled
b,yellow_ramp,ramp,0.0,1.8,0.0,0.5200383980830736,989.0762804469272,False,settled
b,yellow_ramp,ramp,0.0,1.8,0.0,0.5637259180019685,974.3853602402285,False,settled
b,yellow_ramp,ramp,0.0,1.8,0.0,0.24004752718387892,1111.2978845557764,False,settled
b,yellow_ramp,ramp,0.0,1.8,0.0,0.98372020526957,847.1773542544042,False,settled
b,yellow_ramp,ramp,0.0,1.8,0.0,0.36611235178685647,1050.8018069828954,False,settled
b,yellow_ramp,ramp,0.0,1.8,0.0,0.23827754376016225,1101.8540816554719,False,settled
b,yellow_ramp,ramp,0.0,1.8,0.0,0.9839152298837238,847.056866381442,False,settled
b,yellow_ramp,ramp,0.0,1.8,0.0,0.6926108235124614,931.1322831527204,False,settled
b,yellow_ramp,ramp,0.0,1.8,0.0,0.9551482883150724,856.1741130795193,False,settled
b,yellow_ramp,ramp,0.0,1.8,0.0,0.44136195489839436,1016.8726704732297,False,settled
b,yellow_ramp,ramp,0.0,1.8,0.0,0.9634321226473336,856.1761656662655,False,settled
b,yellow_ramp,ramp,0.0,1.8,0.0,0.4820893320244663,1007.7317523541875,False,settled
b,yellow_ramp,ramp,0.0,1.8,0.0,0.2506524139123535,1097.6446180288067,False,settled
b,yellow_ramp,ramp,0.0,1.8,0.0,0.8452641428363902,889.346941138086,False,settled
b,yellow_ramp,ramp,0.0,1.8,0.0,0.7371454832762798,924.1305098857929,False,settled
b,yellow_ramp,ramp,0.0,1.8,0.0,0.23684468115818083,1111.3832216721146,False,settled
b,yellow_ramp,ramp,0.0,1.8,0.0,0.9163005605899134,867.856161676703,False,settled
b,yellow_ramp,ramp,0.0,1.8,0.0,0.5378066670568488,984.4523642029657,False,settled
b,yellow_ramp,ramp,0.0,1.8,0.0,0.8583014101333504,886.0517324813654,False,settled
b,yellow_ramp,ramp,0.0,1.8,0.0,0.7073484319447915,926.7663142883176,False,settled
b,yellow_ramp,ramp,0.0,1.8,0.0,0.8930236028995643,874.8713559678547,False,settled
b,yellow_ramp,ramp,0.0,1.8,0.0,0.9814885223572773,849.7174503008133,False,settled
b,yellow_ramp,ramp,0.0,1.8,0.0,1.0935735760492966,826.3905575892095,False,settled
b,yellow_ramp,ramp,0.0,1.8,0.0,1.2234717834103452,790.6761958274733,False,settled
b,yellow_ramp,ramp,0.0,1.8,0.0,0.960312853334923,855.1621387495969,False,settled
b,yellow_ramp,ramp,0.0,1.8,0.0,0.7166728738910985,926.6222989559445,False,settled
b,yellow_ramp,ramp,0.0,1.8,0.0,0.9368157858826783,864.2573517341814,False,settled
b,yellow_ramp,ramp,0.0,1.8,0.0,0.7253986682289524,926.9190597427539,False,settled
b,yellow_ramp,ramp,0.0,1.8,0.0,0.27754138987882193,1084.4879687794926,False,settled
b,yellow_ramp,ramp,0.0,1.8,0.0,0.6592834725390259,942.6916321042063,False,settled
b,yellow_ramp,ramp,0.0,1.8,0.0,0.38497151276319386,1049.4225323099217,False,settled
b,yellow_ramp,ramp,0.0,1.8,0.0,0.4526292541733613,1020.898521091976,False,settled
b,yellow_ramp,ramp,0.0,1.8,0.0,1.1604457677769546,809.4246763435146,False,settled
b,yellow_ramp,ramp,0.0,1.8,0.0,0.45076738204782624,1021.6588046102344,False,settled
b,yellow_ramp,ramp,0.0,1.8,0.0,1.2159960389488669,794.8681535471993,False,settled
b,yellow_ramp,ramp,0.0,1.8,0.0,0.6857401803761246,936.1609893637674,False,settled
b,yellow_ramp,ramp,0.0,1.8,0.0,1.0230318700000636,842.7327906399521,False,settled
b,yellow_ramp,ramp,0.0,1.8,0.0,0.323429699672347,1072.6646959715886,False,settled
b,yellow_ramp,ramp,0.0,1.8,0.0,0.42577787860344646,1029.0803793754812,False,settled
b,yellow_ramp,ramp,0.0,1.8,0.0,0.5135258513819253,993.9201611890988,False,settled
b,yellow_ramp,ramp,0.0,1.8,0.0,1.171848128752566,806.615683310386,False,settled
b,yellow_ramp,ramp,0.0,1.8,0.0,0.5199255101238256,989.1650867680679,False,settled
b,yellow_ramp,ramp,0.0,1.8,0.0,1.0424763804801664,837.448577393612,False,settled
b,yellow_ramp,ramp,0.0,1.8,0.0,0.24083308025326214,1097.942492615302,False,settled
b,yellow_ramp,ramp,0.0,1.8,0.0,1.0644249342416399,833.6192812000627,False,settled
b,yellow_ramp,ramp,0.0,1.8,0.0,0.6390914686371066,950.5373723806464,False,settled
b,yellow_ramp,ramp,0.0,1.8,0.0,0.7921385152434136,903.5550687903702,False,settled
b,yellow_ramp,ramp,0.0,1.8,0.0,0.9718033455947033,851.7473835401418,False,settled
b,yellow_ramp,ramp,0.0,1.8,0.0,1.171568470346575,806.8295455437831,False,settled
b,yellow_ramp,ramp,0.0,1.8,0.0,0.8616119338073429,882.8205373715172,False,settled
b,yellow_ramp,ramp,0.0,1.8,0.0,0.7363277058286637,924.8161559179092,False,settled
b,yellow_ramp,ramp,0.0,1.8,0.0,0.6996517092027457,933.2861608752971,False,settled
b,yellow_ramp,ramp,0.0,1.8,0.0,0.95024468147162,856.6150058749078,False,settled
b,yellow_ramp,ramp,0.0,1.8,0.0,0.4133915127849656,1026.3337415642695,False,settled
b,yellow_ramp,ramp,0.0,1.8,0.0,0.8002803751286792,902.9567060012612,False,settled
b,yellow_ramp,ramp,0.0,1.8,0.0,0.32051753875936906,1073.7292336869102,False,settled
b,yellow_ramp,ramp,0.0,1.8,0.0,0.5631646355307363,974.8412595646339,False,settled
b,yellow_ramp,ramp,0.0,1.8,0.0,0.663532433054103,947.6806810576893,False,settled
b,yellow_ramp,ramp,0.0,1.8,0.0,0.45668498089112036,1020.1362929646654,False,settled
b,yellow_ramp,ramp,0.0,1.8,0.0,1.108259625020067,821.778875944211,False,settled
b,yellow_ramp,ramp,0.0,1.8,0.0,0.9745372065051188,853.1582222360671,False,settled
b,yellow_ramp,ramp,0.0,1.8,0.0,0.8273268413121984,891.2611703887001,False,settled
b,yellow_ramp,ramp,0.0,1.8,0.0,0.38915990055934163,1035.963538263837,False,settled
b,yellow_ramp,ramp,0.0,1.8,0.0,1.0227033396035266,843.1572003204122,False,settled
b,yellow_ramp,ramp,0.0,1.8,0.0,0.9242697026267077,864.9624600872008,False,settled
b,yellow_ramp,ramp,0.0,1.8,0.0,0.5501853015581973,985.1515372326423,False,settled
b,yellow_ramp,ramp,0.0,1.8,0.0,0.9825544562841284,848.5731307111844,False,settled
b,yellow_ramp,ramp,0.0,1.8,0.0,1.1220553195619853,819.0360958995446,False,settled
b,yellow_ramp,ramp,0.0,1.8,0.0,0.8115228537245591,899.2701623073553,False,settled
b,yellow_ramp,ramp,0.0,1.8,0.0,0.8971604810723124,871.0776164425837,False,settled
b,yellow_ramp,ramp,0.0,1.8,0.0,0.6570379877011691,944.6018109388466,False,settled
b,yellow_ramp,ramp,0.0,1.8,0.0,0.8140745386733405,896.888556378519,False,settled
b,yellow_ramp,ramp,0.0,1.8,0.0,0.2402673582166616,1111.1576995414289,False,settled
b,yellow_ramp,ramp,0.0,1.8,0.0,1.1910515901881538,802.9919171071137,False,settled
b,yellow_ramp,ramp,0.0,1.8,0.0,0.26991713643380666,1088.3012542122653,False,settled
b,yellow_ramp,ramp,0.0,1.8,0.0,1.1979021755623684,799.781840158393,False,settled
b,yellow_ramp,ramp,0.0,1.8,0.0,0.8347520145217826,890.738487477306,False,settled
b,yellow_ramp,ramp,0.0,1.8,0.0,0.42935744223782085,1026.2296027455552,False,settled
b,yellow_ramp,ramp,0.0,1.8,0.0,0.7002367919109234,932.7796476344392,False,settled
b,yellow_ramp,ramp,0.0,1.8,0.0,0.42178532240771893,1032.2598584663049,False,settled
b,yellow_ramp,ramp,0.0,1.8,0.0,0.24928639388957688,1094.2419420070462,False,settled
b,yellow_ramp,ramp,0.0,1.8,0.0,0.43838559693413476,1019.2368187287208,False,settled
b,yellow_ramp,ramp,0.0,1.8,0.0,1.101826762529252,823.541306547849,False,settled
