trial,element,model,block_noise_sd,ramp_noise_sd,block_noise_up,ramp_noise_up,final_position_up,ramp_valid,up_stop_reason
a,black_block,ramp,0.33,0.0,1.00200549652505,0.0,841.1534015890484,False,settled
a,black_block,ramp,0.33,0.0,0.7920697199366642,0.0,841.56653034774,False,settled
a,black_block,ramp,0.33,0.0,0.8187952341348692,0.0,842.1465112798613,False,settled
a,black_block,ramp,0.33,0.0,0.7896007841399649,0.0,838.400270487499,False,settled
a,black_block,ramp,0.33,0.0,0.8724248683948639,0.0,841.6877111220308,False,settled
a,black_block,ramp,0.33,0.0,0.8108420729723217,0.0,842.2961099386863,False,settled
a,black_block,ramp,0.33,0.0,0.8681226307289222,0.0,837.7714582889487,False,settled
a,black_block,ramp,0.33,0.0,0.8432687523107105,0.0,841.4688996235177,False,settled
a,black_block,ramp,0.33,0.0,1.1493944298085608,0.0,843.757592644634,False,settled
a,black_block,ramp,0.33,0.0,0.97176441608308,0.0,839.4270073527287,False,settled
a,black_block,ramp,0.33,0.0,1.0370170388421123,0.0,842.8189823452359,False,settled
a,black_block,ramp,0.33,0.0,0.8516891574570352,0.0,843.0270764889979,False,settled
a,black_block,ramp,0.33,0.0,0.9261364896045955,0.0,837.042053583971,False,settled
a,black_block,ramp,0.33,0.0,0.8831097118268666,0.0,842.039925527194,False,settled
a,black_block,ramp,0.33,0.0,0.7903092206437207,0.0,842.3770124429964,False,settled
a,black_block,ramp,0.33,0.0,0.9228761510242963,0.0,837.9824418873181,False,settled
a,black_block,ramp,0.33,0.0,1.0122976291969032,0.0,839.6061202589268,False,settled
a,black_block,ramp,0.33,0.0,1.0103710201353564,0.0,840.1744487574567,False,settled
a,black_block,ramp,0.33,0.0,0.8244346921282809,0.0,842.6744985166567,False,settled
a,black_block,ramp,0.33,0.0,1.0141980769280334,0.0,841.1496266188865,False,settled
a,black_block,ramp,0.33,0.0,0.9873623831177487,0.0,841.381013842626,False,settled
a,black_block,ramp,0.33,0.0,0.7988253539071528,0.0,842.2498074415423,False,settled
a,black_block,ramp,0.33,0.0,0.9676105017757889,0.0,839.8198334940178,False,settled
a,red_block,ramp,0.33,0.0,0.9645433897696655,0.0,838.0685563599689,False,settled
a,red_block,ramp,0.33,0.0,1.057656205296308,0.0,837.0916735569024,False,settled
a,red_block,ramp,0.33,0.0,0.9476065676098732,0.0,841.9174627008258,False,settled
a,red_block,ramp,0.33,0.0,1.2522176952050514,0.0,836.8992120571048,False,settled
a,red_block,ramp,0.33,0.0,1.2300256133992413,0.0,841.2711538699357,False,settled
a,red_block,ramp,0.33,0.0,1.1121967216626762,0.0,842.3433940480239,False,settled
a,red_block,ramp,0.33,0.0,0.9711953450025748,0.0,843.2674254833838,False,settled
a,red_block,ramp,0.33,0.0,0.9815926026505899,0.0,841.6943579718389,False,settled
a,red_block,ramp,0.33,0.0,0.9296856908514559,0.0,837.9035318009453,False,settled
a,red_block,ramp,0.33,0.0,1.3362753632544637,0.0,807.5797360132938,False,settled
a,red_block,ramp,0.33,0.0,0.9245179563573347,0.0,843.2017059625286,False,settled
a,red_block,ramp,0.33,0.0,0.9353353211723144,0.0,842.6503041293374,False,settled
a,red_block,ramp,0.33,0.0,0.9431104614465127,0.0,841.89157078555,False,settled
b,blue_ramp,ramp,0.0,1.7,0.0,1.392417034100905,864.2108001762498,False,settled
b,blue_ramp,ramp,0.0,1.7,0.0,1.4417629878952938,853.2218770032592,False,settled
b,blue_ramp,ramp,0.0,1.7,0.0,0.7319154998788354,1085.2264431892738,False,settled
b,blue_ramp,ramp,0.0,1.7,0.0,0.8259135296257969,1056.820688703882,False,settled
b,blue_ramp,ramp,0.0,1.7,0.0,1.3265068359676848,885.3632449266561,False,settled
b,blue_ramp,ramp,0.0,1.7,0.0,1.6079982555585304,814.7171470281864,False,settled
b,blue_ramp,ramp,0.0,1.7,0.0,1.3413575079184934,882.6392202658681,False,settled
b,blue_ramp,ramp,0.0,1.7,0.0,1.6313436622490616,808.0828651285256,False,settled
b,blue_ramp,ramp,0.0,1.7,0.0,1.4816381391961086,845.7377726866326,False,settled
b,blue_ramp,ramp,0.0,1.7,0.0,1.2119509166882658,918.0306554250724,False,settled
b,blue_ramp,ramp,0.0,1.7,0.0,1.4677806008321541,845.1939983764171,False,settled
b,blue_ramp,ramp,0.0,1.7,0.0,1.5440105023866262,829.6783917249693,False,settled
b,blue_ramp,ramp,0.0,1.7,0.0,0.9242401566384153,1020.1259245077782,False,settled
b,blue_ramp,ramp,0.0,1.7,0.0,0.8830989954537243,1036.9722855207992,False,settled
b,blue_ramp,ramp,0.0,1.7,0.0,1.3620584914751488,873.3237585055946,False,settled
b,blue_ramp,ramp,0.0,1.7,0.0,1.0446260300241517,973.3151364813829,False,settled
b,blue_ramp,ramp,0.0,1.7,0.0,0.85940114112303,1035.4612832025848,False,settled
b,blue_ramp,ramp,0.0,1.7,0.0,1.641058263185953,806.2206331112629,False,settled
b,blue_ramp,ramp,0.0,1.7,0.0,1.0040544254325086,984.7136101173227,False,settled
b,blue_ramp,ramp,0.0,1.7,0.0,1.1628790049199098,936.7518412277308,False,settled
b,blue_ramp,ramp,0.0,1.7,0.0,1.5430594618057858,831.1726943017516,False,settled
b,blue_ramp,ramp,0.0,1.7,0.0,0.8683359544833302,1034.1276403116874,False,settled
b,blue_ramp,ramp,0.0,1.7,0.0,1.2618613850734581,901.6147376085697,False,settled
b,blue_ramp,ramp,0.0,1.7,0.0,1.0840758142428484,959.8008233347273,False,settled
b,blue_ramp,ramp,0.0,1.7,0.0,1.654396348552661,803.1404427083522,False,settled
b,blue_ramp,ramp,0.0,1.7,0.0,1.3688903180235386,871.9363555699947,False,settled
b,blue_ramp,ramp,0.0,1.7,0.0,0.9175545158418936,1022.2230396310033,False,settled
b,blue_ramp,ramp,0.0,1.7,0.0,1.4781483949686252,845.8588456696676,False,settled
b,blue_ramp,ramp,0.0,1.7,0.0,0.7085369501667099,1099.3701645109365,False,settled
b,blue_ramp,ramp,0.0,1.7,0.0,0.8561395613848544,1036.0474634478906,False,settled
b,blue_ramp,ramp,0.0,1.7,0.0,0.7876278018705722,1073.9205904256853,False,settled
b,blue_ramp,ramp,0.0,1.7,0.0,1.4229363269833308,855.7828922767438,False,settled
b,blue_ramp,ramp,0.0,1.7,0.0,1.421268009195128,857.6039914761587,False,settled
b,blue_ramp,ramp,0.0,1.7,0.0,0.8436839516346356,1042.9568560900384,False,settled
b,blue_ramp,ramp,0.0,1.7,0.0,0.7202079764770862,1099.8284796461671,False,settled
b,blue_ramp,ramp,0.0,1.7,0.0,1.3142348079307822,888.7280864889157,False,settled
b,blue_ramp,ramp,0.0,1.7,0.0,0.9730768241116898,1000.1777788513557,False,settled
b,blue_ramp,ramp,0.0,1.7,0.0,1.642425051083599,805.2899171759534,False,settled
b,blue_ramp,ramp,0.0,1.7,0.0,1.202449202909213,918.5522934611201,False,settled
b,blue_ramp,ramp,0.0,1.7,0.0,0.7897234396908587,1072.8237051144008,False,settled
b,blue_ramp,ramp,0.0,1.7,0.0,1.30079889569689,892.1047977130041,False,settled
b,blue_ramp,ramp,0.0,1.7,0.0,0.8867527951767783,1034.2888534824015,False,settled
b,blue_ramp,ramp,0.0,1.7,0.0,0.6899741374657974,1115.9245982659652,False,settled
b,blue_ramp,ramp,0.0,1.7,0.0,1.51418703898835,838.0141387110687,False,settled
b,blue_ramp,ramp,0.0,1.7,0.0,1.0109682789852033,980.4857499867211,False,settled
b,blue_ramp,ramp,0.0,1.7,0.0,1.6932015386570387,790.3102582716851,False,settled
b,blue_ramp,ramp,0.0,1.7,0.0,0.8807192639517005,1026.53283046207,False,settled
b,blue_ramp,ramp,0.0,1.7,0.0,0.8836715442441976,1036.7608933061651,False,settled
b,blue_ramp,ramp,0.0,1.7,0.0,0.8712637778237549,1033.7019739714317,False,settled
b,blue_ramp,ramp,0.0,1.7,0.0,1.5430071998407016,831.2545908234997,False,settled
b,blue_ramp,ramp,0.0,1.7,0.0,1.5160930627259381,836.706799509717,False,settled
b,blue_ramp,ramp,0.0,1.7,0.0,0.7228231887779971,1090.7811709078262,False,settled
b,blue_ramp,ramp,0.0,1.7,0.0,0.7946422945445694,1072.1751520057433,False,settled
b,blue_ramp,ramp,0.0,1.7,0.0,0.9480916983279937,1008.9359699330911,False,settled
b,blue_ramp,ramp,0.0,1.7,0.0,0.9586997271479768,1000.4332628305735,False,settled
b,blue_ramp,ramp,0.0,1.7,0.0,1.1364370454080766,943.3905812301064,False,settled
b,blue_ramp,ramp,0.0,1.7,0.0,1.067578685499628,967.1679142268276,False,settled
b,blue_ramp,ramp,0.0,1.7,0.0,1.6302310228364494,807.6946088908044,False,settled
b,blue_ramp,ramp,0.0,1.7,0.0,0.9250469082274463,1019.9743219911048,False,settled
b,blue_ramp,ramp,0.0,1.7,0.0,1.1924923996160444,927.2782004207094,False,settled
b,blue_ramp,ramp,0.0,1.7,0.0,0.7688547233059062,1073.6510048954326,False,settled
b,blue_ramp,ramp,0.0,1.7,0.0,1.64171689698807,806.829686200509,False,settled
b,blue_ramp,ramp,0.0,1.7,0.0,1.4388629570354186,852.1578031966017,False,settled
b,blue_ramp,ramp,0.0,1.7,0.0,1.5546532946678937,826.754781575668,False,settled
b,blue_ramp,ramp,0.0,1.7,0.0,1.54712196737678,828.4057922870653,False,settled
b,blue_ramp,ramp,0.0,1.7,0.0,1.3753137913470108,870.8283504893716,False,settled
b,blue_ramp,ramp,0.0,1.7,0.0,0.6882418317626713,1113.9145093471616,False,settled
b,blue_ramp,ramp,0.0,1.7,0.0,0.86638188248327,1034.4117917280796,False,settled
b,blue_ramp,ramp,0.0,1.7,0.0,1.1362595006009997,943.5399878654588,False,settled
b,blue_ramp,ramp,0.0,1.7,0.0,0.9421925457279708,1013.7017002844252,False,settled
b,blue_ramp,ramp,0.0,1.7,0.0,0.7046690693554892,1097.6311907136392,False,settled
b,blue_ramp,ramp,0.0,1.7,0.0,0.7503932244734918,1082.5231046484146,False,settled
b,blue_ramp,ramp,0.0,1.7,0.0,1.2889002513696415,896.6952883589971,False,settled
b,blue_ramp,ramp,0.0,1.7,0.0,0.9015753107211737,1022.4936074192054,False,settled
b,blue_ramp,ramp,0.0,1.7,0.0,0.7046334499150548,1097.366604556726,False,settled
b,blue_ramp,ramp,0.0,1.7,0.0,0.8589774183001517,1035.5240481582246,False,settled
b,blue_ramp,ramp,0.0,1.7,0.0,1.2214141296551042,917.2383161491662,False,settled
b,blue_ramp,ramp,0.0,1.7,0.0,1.3249627078736268,886.8734884548803,False,settled
b,blue_ramp,ramp,0.0,1.7,0.0,1.3026503279838877,890.36406173279,False,settled
b,blue_ramp,ramp,0.0,1.7,0.0,1.4836136740381605,844.7243062963602,False,settled
b,blue_ramp,ramp,0.0,1.7,0.0,1.2974787499153178,895.2317375369188,False,settled
b,blue_ramp,ramp,0.0,1.7,0.0,0.7510676616790688,1081.7576766411848,False,settled
b,blue_ramp,ramp,0.0,1.7,0.0,1.0534108504492186,966.5567651356663,False,settled
b,blue_ramp,ramp,0.0,1.7,0.0,0.7878958800638982,1073.7890152575983,False,settled
b,blue_ramp,ramp,0.0,1.7,0.0,1.1183805804847158,949.4004610943783,False,settled
b,blue_ramp,ramp,0.0,1.7,0.0,1.3566982818786264,873.4014775245095,False,settled
b,blue_ramp,ramp,0.0,1.7,0.0,1.3803285958661684,871.1616809353798,False,settled
b,blue_ramp,ramp,0.0,1.7,0.0,1.5846307976958327,820.0525478003011,False,settled
b,blue_ramp,ramp,0.0,1.7,0.0,1.2408118325674637,906.6297340469298,False,settled
b,blue_ramp,ramp,0.0,1.7,0.0,0.722561074425897,1090.2985318197216,False,settled
b,blue_ramp,ramp,0.0,1.7,0.0,1.687009612070244,791.9987342481452,False,settled
b,blue_ramp,ramp,0.0,1.7,0.0,1.5107560467513395,838.9031133222563,False,settled
b,blue_ramp,ramp,0.0,1.7,0.0,1.3748568859297174,871.2966937893696,False,settled
b,blue_ramp,ramp,0.0,1.7,0.0,1.3845869457406184,867.1400222652586,False,settled
b,blue_ramp,ramp,0.0,1.7,0.0,1.1451912206897916,938.5169524584156,False,settled
b,blue_ramp,ramp,0.0,1.7,0.0,0.8774243252275158,1028.9926433283763,False,settled
b,blue_ramp,ramp,0.0,1.7,0.0,0.9223383933800694,1020.4832710606674,False,settled
b,blue_ramp,ramp,0.0,1.7,0.0,1.3257768418307985,886.0757104718962,False,settled
b,blue_ramp,ramp,0.0,1.7,0.0,0.738233287668612,1089.0947415685912,False,settled
b,blue_ramp,ramp,0.0,1.7,0.0,0.9174954066664033,1022.2698992659598,False,settled
b,blue_ramp,ramp,0.0,1.7,0.0,0.7155015497057778,1106.9111727241273,False,settled
b,blue_ramp,ramp,0.0,1.7,0.0,0.6979220838615213,1112.8471575631347,False,settled
b,blue_ramp,ramp,0.0,1.7,0.0,0.7044158748466648,1111.1768968676822,False,settled
b,blue_ramp,ramp,0.0,1.7,0.0,0.8826910991509214,1037.2992070017742,False,settled
b,blue_ramp,ramp,0.0,1.7,0.0,1.4373431261122602,853.8864731488102,False,settled
b,blue_ramp,ramp,0.0,1.7,0.0,1.5952103757805542,817.9656640091423,False,settled
b,blue_ramp,ramp,0.0,1.7,0.0,1.2558309279777138,907.0581461134391,False,settled
b,blue_ramp,ramp,0.0,1.7,0.0,0.7587710447838896,1077.1469811565123,False,settled
b,blue_ramp,ramp,0.0,1.7,0.0,1.4427095507046077,852.3897100569121,False,settled
b,blue_ramp,ramp,0.0,1.7,0.0,1.556809286123841,826.6650300001364,False,settled
b,blue_ramp,ramp,0.0,1.7,0.0,1.1371223237435908,942.8127747291095,False,settled
b,blue_ramp,ramp,0.0,1.7,0.0,1.0626237415209128,968.6608937948057,False,settled
b,blue_ramp,ramp,0.0,1.7,0.0,1.1054213010734506,951.5184869235137,False,settled
b,blue_ramp,ramp,0.0,1.7,0.0,1.6220498868001902,810.6744028647319,False,settled
b,blue_ramp,ramp,0.0,1.7,0.0,1.5783623621250966,821.2537667772414,False,settled
b,blue_ramp,ramp,0.0,1.7,0.0,0.8486759794357973,1039.1157558104726,False,settled
b,blue_ramp,ramp,0.0,1.7,0.0,0.7183233715160589,1098.0584439590198,False,settled
b,blue_ramp,ramp,0.0,1.7,0.0,1.4680631497789758,844.8558651850839,False,settled
b,blue_ramp,ramp,0.0,1.7,0.0,1.1015147104829819,954.5367577136371,False,settled
b,blue_ramp,ramp,0.0,1.7,0.0,1.2417820957722892,912.8313933337367,False,settled
b,blue_ramp,ramp,0.0,1.7,0.0,1.6863170619979553,791.8311968134831,False,settled
b,blue_ramp,ramp,0.0,1.7,0.0,1.5934702188523415,817.4843897469236,False,settled
b,blue_ramp,ramp,0.0,1.7,0.0,1.2276150593790645,914.5648377771148,False,settled
b,blue_ramp,ramp,0.0,1.7,0.0,1.6225367639197978,811.7160972502572,False,settled
b,blue_ramp,ramp,0.0,1.7,0.0,1.0456067012891974,972.5120890137496,False,settled
b,blue_ramp,ramp,0.0,1.7,0.0,1.6796433928356083,795.8189871958181,False,settled
b,blue_ramp,ramp,0.0,1.7,0.0,1.4458139565338644,848.8678717428287,False,settled
b,blue_ramp,ramp,0.0,1.7,0.0,1.4375818339532243,853.6149767752846,False,settled
b,blue_ramp,ramp,0.0,1.7,0.0,1.4681645048333478,844.7346417726039,False,settled
b,blue_ramp,ramp,0.0,1.7,0.0,1.548542493400184,829.6310094013483,False,settled
b,blue_ramp,ramp,0.0,1.7,0.0,1.5006080093798149,840.5529424385256,False,settled
b,blue_ramp,ramp,0.0,1.7,0.0,1.6663694784625545,800.3374590590876,False,settled
b,blue_ramp,ramp,0.0,1.7,0.0,1.0649198878630908,967.8483151931874,False,settled
b,blue_ramp,ramp,0.0,1.7,0.0,0.8949455743095247,1027.7521845221806,False,settled
b,blue_ramp,ramp,0.0,1.7,0.0,1.2274422027445133,914.6253359248784,False,settled
b,blue_ramp,ramp,0.0,1.7,0.0,1.1745461814602092,927.020392828919,False,settled
b,blue_ramp,ramp,0.0,1.7,0.0,1.5317487991681238,833.8888932154845,False,settled
b,blue_ramp,ramp,0.0,1.7,0.0,1.3141294993671226,888.7724025529479,False,settled
b,blue_ramp,ramp,0.0,1.7,0.0,0.8919095734098067,1030.169926350554,False,settled
b,blue_ramp,ramp,0.0,1.7,0.0,1.2034375154404864,917.8068247574153,False,settled
b,blue_ramp,ramp,0.0,1.7,0.0,1.2498534602443094,905.4746090389764,False,settled
b,blue_ramp,ramp,0.0,1.7,0.0,1.1699146987532727,930.8995578118202,False,settled
b,blue_ramp,ramp,0.0,1.7,0.0,0.7108512549345831,1106.9249082011108,False,settled
b,blue_ramp,ramp,0.0,1.7,0.0,0.9179773827440061,1021.8878434701529,False,settled
b,blue_ramp,ramp,0.0,1.7,0.0,1.4546324991665247,847.7359861467752,False,settled
b,blue_ramp,ramp,0.0,1.7,0.0,0.8320331894760615,1052.0368038097545,False,settled
b,blue_ramp,ramp,0.0,1.7,0.0,1.293673368595301,892.3986232573669,False,settled
b,blue_ramp,ramp,0.0,1.7,0.0,1.589922365414675,818.3196423667756,False,settled
b,blue_ramp,ramp,0.0,1.7,0.0,1.0045639138596556,984.6073194593579,False,settled
b,blue_ramp,ramp,0.0,1.7,0.0,0.9625500723772926,997.7486760743824,False,settled
b,blue_ramp,ramp,0.0,1.7,0.0,1.4847082846626631,846.0661984499967,False,settled
b,blue_ramp,ramp,0.0,1.7,0.0,1.4811298654786136,846.3906470720196,False,settled
b,blue_ramp,ramp,0.0,1.7,0.0,1.0740991493053154,965.5025280801609,False,settled
b,blue_ramp,ramp,0.0,1.7,0.0,0.8448511994146461,1042.1420135397627,False,settled
b,blue_ramp,ramp,0.0,1.7,0.0,0.7269284272511215,1095.2017105630237,False,settled
b,blue_ramp,ramp,0.0,1.7,0.0,0.8610079644184793,1035.2191064077729,False,settled
b,blue_ramp,ramp,0.0,1.7,0.0,1.1090257306825277,948.5181692590432,False,settled
b,blue_ramp,ramp,0.0,1.7,0.0,0.7986999875634013,1057.79140166328,False,settled
b,blue_ramp,ramp,0.0,1.7,0.0,0.9007304242715095,1023.1614800394568,False,settled
b,blue_ramp,ramp,0.0,1.7,0.0,1.3252775986318157,886.5635440063038,False,settled
b,blue_ramp,ramp,0.0,1.7,0.0,1.1633646561420965,936.329679953315,False,settled
b,blue_ramp,ramp,0.0,1.7,0.0,1.2601867992467837,903.0545722699216,False,settled
b,blue_ramp,ramp,0.0,1.7,0.0,0.8885080675349035,1032.8805136150856,False,settled
b,blue_ramp,ramp,0.0,1.7,0.0,1.5730217270490132,823.6253916114958,False,settled
b,blue_ramp,ramp,0.0,1.7,0.0,1.6421303828934737,806.2017650009412,False,settled
b,blue_ramp,ramp,0.0,1.7,0.0,0.746283831564458,1083.8342139850806,False,settled
b,blue_ramp,ramp,0.0,1.7,0.0,1.0561464191017027,973.9708839921219,False,settled
b,blue_ramp,ramp,0.0,1.7,0.0,1.0386325694397984,978.2534966413601,False,settled
b,blue_ramp,ramp,0.0,1.7,0.0,1.3019609073122715,891.0121315946767,False,settled
b,blue_ramp,ramp,0.0,1.7,0.0,1.1854239307946024,925.5341180780696,False,settled
b,blue_ramp,ramp,0.0,1.7,0.0,0.9025189908199794,1021.7477836861733,False,settled
b,blue_ramp,ramp,0.0,1.7,0.0,0.8674868511631896,1034.2511163046152,False,settled
b,blue_ramp,ramp,0.0,1.7,0.0,0.843170063799189,1043.3557494185873,False,settled
b,blue_ramp,ramp,0.0,1.7,0.0,1.202901468912121,918.1618137583963,False,settled
b,blue_ramp,ramp,0.0,1.7,0.0,0.9135851522278747,1025.370457296159,False,settled
b,blue_ramp,ramp,0.0,1.7,0.0,1.0573984184359049,972.9428449416489,False,settled
b,blue_ramp,ramp,0.0,1.7,0.0,1.403876798478693,864.4919620122315,False,settled
b,blue_ramp,ramp,0.0,1.7,0.0,1.6678329440131054,799.7015834117866,False,settled
b,blue_ramp,ramp,0.0,1.7,0.0,0.6871179969258104,1106.5681963077986,False,settled
b,blue_ramp,ramp,0.0,1.7,0.0,1.2424144299626387,912.2531849440571,False,settled
b,blue_ramp,ramp,0.0,1.7,0.0,0.7829920328941352,1077.2018982262105,False,settled
b,blue_ramp,ramp,0.0,1.7,0.0,0.870526334285157,1033.809345602427,False,settled
b,blue_ramp,ramp,0.0,1.7,0.0,0.8596289791274094,1035.423327178085,False,settled
b,blue_ramp,ramp,0.0,1.7,0.0,0.7880522007838041,1073.7121931414815,False,settled
b,blue_ramp,ramp,0.0,1.7,0.0,1.1247620205231559,944.4141900983628,False,settled
b,blue_ramp,ramp,0.0,1.7,0.0,0.9248753733217745,1020.0065563906959,False,settled
b,blue_ramp,ramp,0.0,1.7,0.0,0.9517915255305028,1005.9612571125687,False,settled
b,blue_ramp,ramp,0.0,1.7,0.0,1.64892186957609,805.4299512090423,False,settled
b,blue_ramp,ramp,0.0,1.7,0.0,1.0438916113647383,973.9165006037372,False,settled
b,blue_ramp,ramp,0.0,1.7,0.0,1.3144939618880818,888.6190289848004,False,settled
b,blue_ramp,ramp,0.0,1.7,0.0,0.719135731889588,1100.0078735888255,False,settled
b,blue_ramp,ramp,0.0,1.7,0.0,0.7917747874127794,1072.5533785648443,False,settled
b,blue_ramp,ramp,0.0,1.7,0.0,1.1753604207054251,934.0794774293457,False,settled
b,blue_ramp,ramp,0.0,1.7,0.0,1.2856514173299347,893.2390721171749,False,settled
b,blue_ramp,ramp,0.0,1.7,0.0,0.7163832195853933,1091.8390468898215,False,settled
b,blue_ramp,ramp,0.0,1.7,0.0,0.7932017114583947,1072.3651886670732,False,settled
b,blue_ramp,ramp,0.0,1.7,0.0,1.681044452050426,795.1040800667759,False,settled
b,blue_ramp,ramp,0.0,1.7,0.0,0.7470590746719384,1085.2260391253262,False,settled
b,blue_ramp,ramp,0.0,1.7,0.0,0.7825978695460638,1077.512462681225,False,settled
b,blue_ramp,ramp,0.0,1.7,0.0,0.8554312454994009,1036.1529074446191,False,settled
b,blue_ramp,ramp,0.0,1.7,0.0,0.827502582297326,1055.5756144803756,False,settled
b,blue_ramp,ramp,0.0,1.7,0.0,0.7367781191073993,1087.6747498672678,False,settled
b,blue_ramp,ramp,0.0,1.7,0.0,0.7309144758401623,1099.0580372509621,False,settled
b,blue_ramp,ramp,0.0,1.7,0.0,1.3528319092358385,876.9589235236754,False,settled
b,blue_ramp,ramp,0.0,1.7,0.0,0.7147337183197252,1103.8694667123614,False,settled
b,blue_ramp,ramp,0.0,1.7,0.0,1.6250929570939658,810.6019376883786,False,settled
b,blue_ramp,ramp,0.0,1.7,0.0,1.677393978496933,796.0367379661495,False,settled
b,blue_ramp,ramp,0.0,1.7,0.0,0.9831769895261677,992.2214006674444,False,settled
b,blue_ramp,ramp,0.0,1.7,0.0,1.2470625726048272,908.0046150891216,False,settled
b,blue_ramp,ramp,0.0,1.7,0.0,1.0599067020379977,970.8831716237374,False,settled
b,blue_ramp,ramp,0.0,1.7,0.0,1.4811363597914284,846.382298540669,False,settled
b,blue_ramp,ramp,0.0,1.7,0.0,1.349804070428474,879.9974409687346,False,settled
b,blue_ramp,ramp,0.0,1.7,0.0,1.624494532602103,810.0777249787567,False,settled
b,blue_ramp,ramp,0.0,1.7,0.0,1.5852924460738957,819.3823320806273,False,settled
b,blue_ramp,ramp,0.0,1.7,0.0,1.4424066184884186,852.7359771988034,False,settled
b,blue_ramp,ramp,0.0,1.7,0.0,0.8078217616840709,1056.7491999375843,False,settled
b,blue_ramp,ramp,0.0,1.7,0.0,1.4577100821231654,848.4628665018905,False,settled
b,blue_ramp,ramp,0.0,1.7,0.0,1.3035824323765328,889.5757576844383,False,settled
b,blue_ramp,ramp,0.0,1.7,0.0,1.3509150799402758,878.8805222884879,False,settled
b,blue_ramp,ramp,0.0,1.7,0.0,0.8468921142764224,1040.4850701566793,False,settled
b,blue_ramp,ramp,0.0,1.7,0.0,0.8415389367895822,1044.6213371991735,False,settled
b,blue_ramp,ramp,0.0,1.7,0.0,0.8132260558584402,1052.979371049212,False,settled
b,blue_ramp,ramp,0.0,1.7,0.0,1.346266438134864,877.7478390496528,False,settled
b,blue_ramp,ramp,0.0,1.7,0.0,1.407207338355298,862.7119934523223,False,settled
b,blue_ramp,ramp,0.0,1.7,0.0,1.1501163061663169,937.0716127062252,False,settled
b,blue_ramp,ramp,0.0,1.7,0.0,1.1394299717932546,940.8642195048408,False,settled
b,blue_ramp,ramp,0.0,1.7,0.0,1.4815032368398826,845.9108744614228,False,settled
b,blue_ramp,ramp,0.0,1.7,0.0,1.4470622087283134,851.9486260949011,False,settled
b,blue_ramp,ramp,0.0,1.7,0.0,1.4911150605260657,843.6968568779632,False,settled
b,blue_ramp,ramp,0.0,1.7,0.0,0.8458611215683003,1041.3584378456703,False,settled
b,blue_ramp,ramp,0.0,1.7,0.0,1.0698224111039212,966.593934308031,False,settled
b,blue_ramp,ramp,0.0,1.7,0.0,0.8435092471013764,1043.0923949334149,False,settled
b,blue_ramp,ramp,0.0,1.7,0.0,0.6870927359965682,1117.8483086829278,False,settled
b,blue_ramp,ramp,0.0,1.7,0.0,1.2436871743465918,911.0894911188674,False,settled
b,blue_ramp,ramp,0.0,1.7,0.0,0.8462102674792764,1041.0139949764778,False,settled
b,blue_ramp,ramp,0.0,1.7,0.0,1.089127803044269,955.9510618057249,False,settled
b,blue_ramp,ramp,0.0,1.7,0.0,0.9727384935433191,1000.4524484656256,False,settled
b,blue_ramp,ramp,0.0,1.7,0.0,0.7807499085262543,1078.968388134836,False,settled
b,blue_ramp,ramp,0.0,1.7,0.0,1.2899963532553405,895.6926639115853,False,settled
b,blue_ramp,ramp,0.0,1.7,0.0,1.1012178755388626,954.7853807020515,False,settled
b,blue_ramp,ramp,0.0,1.7,0.0,1.292721732280563,893.1879640640356,False,settled
b,blue_ramp,ramp,0.0,1.7,0.0,1.4238808253440876,854.7519162878375,False,settled
b,blue_ramp,ramp,0.0,1.7,0.0,1.6709959120072357,799.6992016678156,False,settled
b,blue_ramp,ramp,0.0,1.7,0.0,1.2786468305762226,899.6211024462017,False,settled
b,blue_ramp,ramp,0.0,1.7,0.0,1.1638606356289258,935.8983601223974,False,settled
b,blue_ramp,ramp,0.0,1.7,0.0,1.399086766137449,862.3997462959118,False,settled
b,blue_ramp,ramp,0.0,1.7,0.0,0.8123341548720932,1053.6700975493397,False,settled
b,blue_ramp,ramp,0.0,1.7,0.0,0.7740541508723576,1069.9608405016347,False,settled
b,blue_ramp,ramp,0.0,1.7,0.0,1.3726580530998256,873.5602076574902,False,settled
b,blue_ramp,ramp,0.0,1.7,0.0,1.4497427015534359,848.934179073416,False,settled
b,blue_ramp,ramp,0.0,1.7,0.0,0.8599539776989052,1035.3751873898295,False,settled
b,blue_ramp,ramp,0.0,1.7,0.0,0.8178859978663484,1062.9168384777602,False,settled
b,blue_ramp,ramp,0.0,1.7,0.0,1.652725049578323,803.9045651536619,False,settled
b,blue_ramp,ramp,0.0,1.7,0.0,1.3614933755102094,873.8935678626185,False,settled
b,blue_ramp,ramp,0.0,1.7,0.0,0.7465082225290715,1084.0483705895506,False,settled
b,blue_ramp,ramp,0.0,1.7,0.0,0.9603048378955422,999.4384403058544,False,settled
b,blue_ramp,ramp,0.0,1.7,0.0,1.4523022770667078,850.3587831822863,False,settled
b,blue_ramp,ramp,0.0,1.7,0.0,0.8408605185544885,1045.1479798000908,False,settled
b,blue_ramp,ramp,0.0,1.7,0.0,0.8332991516986729,1051.0467510379447,False,settled
b,blue_ramp,ramp,0.0,1.7,0.0,1.4357556601979722,855.4394478567093,False,settled
b,blue_ramp,ramp,0.0,1.7,0.0,1.4178829568842333,856.4697930234764,False,settled
b,blue_ramp,ramp,0.0,1.7,0.0,1.0888132345545247,956.2125424989567,False,settled
b,blue_ramp,ramp,0.0,1.7,0.0,1.3388535413320772,879.3216482129774,False,settled
b,blue_ramp,ramp,0.0,1.7,0.0,1.1139846440348304,953.1244747785164,False,settled
b,blue_ramp,ramp,0.0,1.7,0.0,1.1874876018361267,923.7564087810272,False,settled
b,blue_ramp,ramp,0.0,1.7,0.0,0.7831277485595652,1077.0949586294516,False,settled
b,blue_ramp,ramp,0.0,1.7,0.0,1.3704895813399003,870.6497282167946,False,settled
b,blue_ramp,ramp,0.0,1.7,0.0,1.1632448050145556,936.4338629874279,False,settled
b,blue_ramp,ramp,0.0,1.7,0.0,1.2496003059123548,905.7040494786731,False,settled
b,blue_ramp,ramp,0.0,1.7,0.0,1.3824721769796748,868.965798676198,False,settled
b,blue_ramp,ramp,0.0,1.7,0.0,1.6241044161310907,811.0874828562379,False,settled
b,blue_ramp,ramp,0.0,1.7,0.0,0.9662381757219108,1005.7302929279725,False,settled
b,blue_ramp,ramp,0.0,1.7,0.0,0.8448771113683333,1042.121908715052,False,settled
b,blue_ramp,ramp,0.0,1.7,0.0,1.1980926691224247,922.3489380414329,False,settled
b,blue_ramp,ramp,0.0,1.7,0.0,1.2473762569842537,907.7202733845669,False,settled
b,blue_ramp,ramp,0.0,1.7,0.0,1.3550369023561353,875.0994780315514,False,settled
b,blue_ramp,ramp,0.0,1.7,0.0,1.100762402148956,955.1668884698521,False,settled
b,blue_ramp,ramp,0.0,1.7,0.0,1.51295653938888,837.2838106327521,False,settled
b,blue_ramp,ramp,0.0,1.7,0.0,1.2012647839635568,919.5859349655,False,settled
b,blue_ramp,ramp,0.0,1.7,0.0,1.3113552155088293,889.9434807684844,False,settled
b,blue_ramp,ramp,0.0,1.7,0.0,1.0405330451464219,976.684472217073,False,settled
b,blue_ramp,ramp,0.0,1.7,0.0,1.5087461378799836,839.0839829196595,False,settled
b,blue_ramp,ramp,0.0,1.7,0.0,0.8168963614094108,1063.7044768150065,False,settled
b,blue_ramp,ramp,0.0,1.7,0.0,1.207702907942445,921.7270224717577,False,settled
b,blue_ramp,ramp,0.0,1.7,0.0,1.1160664091942973,951.3555030801788,False,settled
b,blue_ramp,ramp,0.0,1.7,0.0,1.025241843421302,978.9700424784642,False,settled
b,blue_ramp,ramp,0.0,1.7,0.0,0.8372759923245179,1047.9365367096325,False,settled
b,blue_ramp,ramp,0.0,1.7,0.0,1.4373137215636917,853.9199163439506,False,settled
b,blue_ramp,ramp,0.0,1.7,0.0,1.6352222789721311,807.2158777150681,False,settled
b,blue_ramp,ramp,0.0,1.7,0.0,0.9059916678113663,1019.1547029575447,False,settled
b,blue_ramp,ramp,0.0,1.7,0.0,1.1333074542526067,945.7680873504797,False,settled
b,blue_ramp,ramp,0.0,1.7,0.0,1.6134466075069527,813.7513420847542,False,settled
b,blue_ramp,ramp,0.0,1.7,0.0,1.0285642598336124,976.6240633126934,False,settled
b,blue_ramp,ramp,0.0,1.7,0.0,1.5535654957176335,828.5261692151727,False,settled
b,blue_ramp,ramp,0.0,1.7,0.0,1.373200925462308,872.9981216713971,False,settled
b,blue_ramp,ramp,0.0,1.7,0.0,0.8494185260799071,1038.6416983500437,False,settled
b,blue_ramp,ramp,0.0,1.7,0.0,1.1744435132570328,927.0181261326176,False,settled
b,blue_ramp,ramp,0.0,1.7,0.0,1.611239688939721,813.0293892912306,False,settled
b,blue_ramp,ramp,0.0,1.7,0.0,1.1473753561210742,937.8759853631045,False,settled
b,blue_ramp,ramp,0.0,1.7,0.0,1.0717521265736418,966.1002825495034,False,settled
b,blue_ramp,ramp,0.0,1.7,0.0,0.6941295893704185,1114.3917060259366,False,settled
b,blue_ramp,ramp,0.0,1.7,0.0,1.1336865571963575,945.4493607989294,False,settled
b,blue_ramp,ramp,0.0,1.7,0.0,1.0229818392175092,980.8184960564505,False,settled
b,blue_ramp,ramp,0.0,1.7,0.0,0.9359884054903851,1006.451994463536,False,settled
b,blue_ramp,ramp,0.0,1.7,0.0,0.8663693432187141,1034.4136150703282,False,settled
b,blue_ramp,ramp,0.0,1.7,0.0,0.8200018334143983,1061.2360076718976,False,settled
b,blue_ramp,ramp,0.0,1.7,0.0,0.9247893340929908,1020.0227246543052,False,settled
b,blue_ramp,ramp,0.0,1.7,0.0,0.7225028220225556,1090.19019210419,False,settled
b,blue_ramp,ramp,0.0,1.7,0.0,1.2772267509796467,900.9468669374065,False,settled
b,blue_ramp,ramp,0.0,1.7,0.0,1.0669902226794687,967.3184521035049,False,settled
b,blue_ramp,ramp,0.0,1.7,0.0,1.277288740058153,900.8890020187408,False,settled
b,blue_ramp,ramp,0.0,1.7,0.0,1.3751345646136204,871.0120651884424,False,settled
b,blue_ramp,ramp,0.0,1.7,0.0,1.5913332234971396,818.643697624997,False,settled
b,blue_ramp,ramp,0.0,1.7,0.0,1.2464755127076377,908.5405825413557,False,settled
b,blue_ramp,ramp,0.0,1.7,0.0,1.1942531175499764,925.7217070385649,False,settled
b,blue_ramp,ramp,0.0,1.7,0.0,0.9546567771918558,1003.6579973259013,False,settled
b,blue_ramp,ramp,0.0,1.7,0.0,1.449160395595151,849.5183795806377,False,settled
b,blue_ramp,ramp,0.0,1.7,0.0,1.5318636629535618,833.7129889685866,False,settled
b,blue_ramp,ramp,0.0,1.7,0.0,0.8599871115651905,1035.3702794981366,False,settled
b,blue_ramp,ramp,0.0,1.7,0.0,0.876006144986677,1030.1814766930038,False,settled
b,blue_ramp,ramp,0.0,1.7,0.0,1.1770312389735293,932.6153630608792,False,settled
b,blue_ramp,ramp,0.0,1.7,0.0,1.1499409593425791,937.1230708458139,False,settled
b,blue_ramp,ramp,0.0,1.7,0.0,0.7623246931782723,1077.5446679409813,False,settled
b,blue_ramp,ramp,0.0,1.7,0.0,0.8042581248440003,1057.086768311682,False,settled
b,blue_ramp,ramp,0.0,1.7,0.0,1.6915843395637176,790.7952116779295,False,settled
b,blue_ramp,ramp,0.0,1.7,0.0,0.7887733474734782,1073.1685643196597,False,settled
b,blue_ramp,ramp,0.0,1.7,0.0,1.4329810273071635,854.1284512252853,False,settled
b,blue_ramp,ramp,0.0,1.7,0.0,0.7882859309854044,1073.545947606969,False,settled
b,blue_ramp,ramp,0.0,1.7,0.0,1.1595655181238886,931.6582981982561,False,settled
b,blue_ramp,ramp,0.0,1.7,0.0,0.88052611229673,1026.6835412229077,False,settled
b,blue_ramp,ramp,0.0,1.7,0.0,1.1779957638911884,931.7701598154043,False,settled
b,blue_ramp,ramp,0.0,1.7,0.0,1.0434303273102041,974.294210172935,False,settled
b,blue_ramp,ramp,0.0,1.7,0.0,1.6533444334029737,803.7800989593177,False,settled
b,blue_ramp,ramp,0.0,1.7,0.0,0.7099113726634748,1104.9476437388983,False,settled
b,blue_ramp,ramp,0.0,1.7,0.0,1.0517472717559835,967.8765628548921,False,settled
b,blue_ramp,ramp,0.0,1.7,0.0,0.6963014199755544,1110.7338019002018,False,settled
b,blue_ramp,ramp,0.0,1.7,0.0,0.8236000285900464,1058.6440765265934,False,settled
b,blue_ramp,ramp,0.0,1.7,0.0,1.3158187464110414,888.0614304987092,False,settled
b,blue_ramp,ramp,0.0,1.7,0.0,1.4036323970962048,859.8706998896796,False,settled
b,blue_ramp,ramp,0.0,1.7,0.0,0.8163498095558175,1064.139401793518,False,settled
b,blue_ramp,ramp,0.0,1.7,0.0,0.7148439594367741,1104.3787041013543,False,settled
b,blue_ramp,ramp,0.0,1.7,0.0,1.4494647189889027,849.1658935307472,False,settled
b,blue_ramp,ramp,0.0,1.7,0.0,0.7296987001009768,1095.7642658247833,False,settled
b,blue_ramp,ramp,0.0,1.7,0.0,1.2668118510039021,903.8545233187256,False,settled
b,blue_ramp,ramp,0.0,1.7,0.0,1.0249193863072712,979.2337818993317,False,settled
b,blue_ramp,ramp,0.0,1.7,0.0,1.4470640702185467,851.9464701420783,False,settled
b,blue_ramp,ramp,0.0,1.7,0.0,1.1532172961903346,936.1676132239635,False,settled
b,blue_ramp,ramp,0.0,1.7,0.0,1.4905426168174334,842.7187334242924,False,settled
b,blue_ramp,ramp,0.0,1.7,0.0,0.9310201337397528,1018.8517775693002,False,settled
b,blue_ramp,ramp,0.0,1.7,0.0,1.3021816328838511,890.8046472705635,False,settled
b,blue_ramp,ramp,0.0,1.7,0.0,1.0005140388676599,985.3750113731951,False,settled
b,blue_ramp,ramp,0.0,1.7,0.0,0.973208841927954,1000.0706058972123,False,settled
b,blue_ramp,ramp,0.0,1.7,0.0,1.2016089071947007,919.2843721208425,False,settled
b,blue_ramp,ramp,0.0,1.7,0.0,1.3961958136847583,865.167156230151,False,settled
b,blue_ramp,ramp,0.0,1.7,0.0,1.270752696109994,900.2012977391746,False,settled
b,blue_ramp,ramp,0.0,1.7,0.0,1.5320804697538466,833.3812906666352,False,settled
b,blue_ramp,ramp,0.0,1.7,0.0,1.3665863222729517,874.2929028583442,False,settled
b,blue_ramp,ramp,0.0,1.7,0.0,1.6866117066552495,792.3039323701663,False,settled
b,blue_ramp,ramp,0.0,1.7,0.0,1.1763046049396666,933.2519672410808,False,settled
b,blue_ramp,ramp,0.0,1.7,0.0,1.6426087701554486,806.7356542210075,False,settled
b,blue_ramp,ramp,0.0,1.7,0.0,1.455038021031349,847.2639921105823,False,settled
b,blue_ramp,ramp,0.0,1.7,0.0,0.6912507078872338,1108.6285314242048,False,settled
b,blue_ramp,ramp,0.0,1.7,0.0,1.5774433155479464,821.9687708084853,False,settled
b,blue_ramp,ramp,0.0,1.7,0.0,0.8077146650083933,1056.7615548950093,False,settled
b,blue_ramp,ramp,0.0,1.7,0.0,1.0207253584149547,982.6643307924509,False,settled
b,blue_ramp,ramp,0.0,1.7,0.0,1.0054616375222272,984.4200337756115,False,settled
b,blue_ramp,ramp,0.0,1.7,0.0,1.1105120974752527,947.3835694958264,False,settled
b,blue_ramp,ramp,0.0,1.7,0.0,0.7592223017076578,1077.4330516587713,False,settled
b,blue_ramp,ramp,0.0,1.7,0.0,1.1421694090761354,939.404077316617,False,settled
b,blue_ramp,ramp,0.0,1.7,0.0,1.169199000485847,931.5175072930599,False,settled
b,blue_ramp,ramp,0.0,1.7,0.0,0.702714381122796,1101.1663216534641,False,settled
b,blue_ramp,ramp,0.0,1.7,0.0,1.3311578275754725,881.104998390817,False,settled
b,blue_ramp,ramp,0.0,1.7,0.0,1.37429932656599,871.8681795317939,False,settled
b,blue_ramp,ramp,0.0,1.7,0.0,1.4370164056802883,854.2580639736129,False,settled
b,blue_ramp,ramp,0.0,1.7,0.0,0.7276170456894077,1096.696526886023,False,settled
b,blue_ramp,ramp,0.0,1.7,0.0,1.3484709454028072,875.8501312075585,False,settled
b,blue_ramp,ramp,0.0,1.7,0.0,0.8153033835080773,1051.4071369799283,False,settled
b,blue_ramp,ramp,0.0,1.7,0.0,1.138398401034983,941.7329963318214,False,settled
b,blue_ramp,ramp,0.0,1.7,0.0,1.4628370774259731,846.7638272201713,False,settled
b,blue_ramp,ramp,0.0,1.7,0.0,0.8561414713639971,1036.0471794888201,False,settled
b,blue_ramp,ramp,0.0,1.7,0.0,0.8535884922365319,1049.2448839070178,False,settled
b,blue_ramp,ramp,0.0,1.7,0.0,0.9030825820723505,1021.3021569317281,False,settled
b,blue_ramp,ramp,0.0,1.7,0.0,1.063918020235156,968.1046535339259,False,settled
b,blue_ramp,ramp,0.0,1.7,0.0,0.8152968473527219,1051.4121948845443,False,settled
b,blue_ramp,ramp,0.0,1.7,0.0,0.8908919640495666,1030.9804763270713,False,settled
b,blue_ramp,ramp,0.0,1.7,0.0,0.7848641996693168,1075.7261932239123,False,settled
b,blue_ramp,ramp,0.0,1.7,0.0,1.0949496541617803,960.0709082070572,False,settled
b,blue_ramp,ramp,0.0,1.7,0.0,1.6208561052268908,810.8550205209691,False,settled
b,blue_ramp,ramp,0.0,1.7,0.0,1.0356918295755357,980.6816488579259,False,settled
b,blue_ramp,ramp,0.0,1.7,0.0,1.0349710711006508,981.2767652276408,False,settled
b,blue_ramp,ramp,0.0,1.7,0.0,1.0577726640139438,972.6355401702525,False,settled
b,blue_ramp,ramp,0.0,1.7,0.0,1.0763036447813523,964.9465402790643,False,settled
b,blue_ramp,ramp,0.0,1.7,0.0,0.710539914142494,1105.1421101466299,False,settled
b,blue_ramp,ramp,0.0,1.7,0.0,0.7152571719993049,1106.2187274400421,False,settled
b,blue_ramp,ramp,0.0,1.7,0.0,1.1078631882125303,949.5628195829328,False,settled
b,blue_ramp,ramp,0.0,1.7,0.0,1.6560898049932964,802.7230659942586,False,settled
b,blue_ramp,ramp,0.0,1.7,0.0,1.180191294061465,930.0950994531069,False,settled
b,blue_ramp,ramp,0.0,1.7,0.0,0.8081490869373638,1056.71143863692,False,settled
b,blue_ramp,ramp,0.0,1.7,0.0,1.0386296590269974,978.2558993053631,False,settled
b,blue_ramp,ramp,0.0,1.7,0.0,1.5435081173258094,830.4690612186621,False,settled
b,blue_ramp,ramp,0.0,1.7,0.0,1.4423219176676998,852.8327928790253,False,settled
b,blue_ramp,ramp,0.0,1.7,0.0,1.1528361416158828,936.27793896049,False,settled
b,blue_ramp,ramp,0.0,1.7,0.0,0.8877838911153615,1033.4615772007473,False,settled
b,blue_ramp,ramp,0.0,1.7,0.0,1.6881050981928896,791.7814681672704,False,settled
b,blue_ramp,ramp,0.0,1.7,0.0,1.5597610103445139,826.5622409753838,False,settled
b,blue_ramp,ramp,0.0,1.7,0.0,1.6728754129281893,798.9196917050493,False,settled
b,blue_ramp,ramp,0.0,1.7,0.0,1.0057663259156093,984.3564686674786,False,settled
b,blue_ramp,ramp,0.0,1.7,0.0,1.597022221593588,817.3176664920811,False,settled
b,blue_ramp,ramp,0.0,1.7,0.0,0.7882080778652176,1073.6062414761568,False,settled
b,blue_ramp,ramp,0.0,1.7,0.0,0.8455238195877659,1041.6201355686665,False,settled
b,blue_ramp,ramp,0.0,1.7,0.0,1.1336890495914669,945.4472659495144,False,settled
b,blue_ramp,ramp,0.0,1.7,0.0,1.6765872336248517,797.8343335446295,False,settled
b,blue_ramp,ramp,0.0,1.7,0.0,1.3741741223487431,871.9965082812924,False,settled
b,blue_ramp,ramp,0.0,1.7,0.0,0.976113098057517,997.796623366979,False,settled
b,blue_ramp,ramp,0.0,1.7,0.0,1.219059894310233,919.3366550151608,False,settled
b,blue_ramp,ramp,0.0,1.7,0.0,1.6681334082184045,800.0065719247293,False,settled
b,blue_ramp,ramp,0.0,1.7,0.0,1.4663190098392669,846.9423812611194,False,settled
b,blue_ramp,ramp,0.0,1.7,0.0,0.7745485399348162,1069.582114529982,False,settled
b,blue_ramp,ramp,0.0,1.7,0.0,1.1385881552214039,941.5724294526996,False,settled
b,blue_ramp,ramp,0.0,1.7,0.0,0.7533411045652735,1080.6666544413943,False,settled
b,blue_ramp,ramp,0.0,1.7,0.0,0.8979963802766291,1025.32252267649,False,settled
b,blue_ramp,ramp,0.0,1.7,0.0,1.1005261911719741,955.364741458769,False,settled
b,blue_ramp,ramp,0.0,1.7,0.0,1.095361902526053,959.7227383613566,False,settled
b,blue_ramp,ramp,0.0,1.7,0.0,0.9326895161435016,1018.5381224705928,False,settled
b,blue_ramp,ramp,0.0,1.7,0.0,1.0169263983096792,985.7760754456775,False,settled
b,blue_ramp,ramp,0.0,1.7,0.0,1.4282551237698493,854.7592626392244,False,settled
b,blue_ramp,ramp,0.0,1.7,0.0,0.8239758473567996,1058.3466935028373,False,settled
b,blue_ramp,ramp,0.0,1.7,0.0,1.4299936653158196,852.8801808877048,False,settled
b,blue_ramp,ramp,0.0,1.7,0.0,1.5544623691342006,827.0651813939504,False,settled
b,blue_ramp,ramp,0.0,1.7,0.0,1.5154686290704176,837.5325072989201,False,settled
b,blue_ramp,ramp,0.0,1.7,0.0,0.7258649188770072,1094.299753506379,False,settled
b,blue_ramp,ramp,0.0,1.7,0.0,1.5901162022057211,818.9400380612543,False,settled
b,blue_ramp,ramp,0.0,1.7,0.0,1.6622670959873822,801.7613855170173,False,settled
b,blue_ramp,ramp,0.0,1.7,0.0,1.4815166122750951,845.8937137341214,False,settled
b,blue_ramp,ramp,0.0,1.7,0.0,1.0628979770675058,968.4360967361678,False,settled
b,blue_ramp,ramp,0.0,1.7,0.0,1.5447356619419388,828.6229370609889,False,settled
b,blue_ramp,ramp,0.0,1.7,0.0,0.7792806790149277,1065.9854419541664,False,settled
b,blue_ramp,ramp,0.0,1.7,0.0,0.8270593895543121,1055.9183632000995,False,settled
b,blue_ramp,ramp,0.0,1.7,0.0,0.9925935547385502,987.132617073716,False,settled
b,blue_ramp,ramp,0.0,1.7,0.0,1.659645192761347,802.0778599719185,False,settled
b,blue_ramp,ramp,0.0,1.7,0.0,1.0038820091764873,984.7495799511538,False,settled
b,blue_ramp,ramp,0.0,1.7,0.0,0.8650632690138803,1034.603497672163,False,settled
b,blue_ramp,ramp,0.0,1.7,0.0,0.97471287862849,998.870308320949,False,settled
b,blue_ramp,ramp,0.0,1.7,0.0,1.4463173783623184,848.4080234682017,False,settled
b,blue_ramp,ramp,0.0,1.7,0.0,1.0738068587682879,965.5762447935324,False,settled
b,blue_ramp,ramp,0.0,1.7,0.0,0.7883909893387617,1073.4645912845026,False,settled
b,blue_ramp,ramp,0.0,1.7,0.0,0.7036385722201138,1105.3606963660668,False,settled
b,blue_ramp,ramp,0.0,1.7,0.0,1.6535177462367738,803.6795190885451,False,settled
b,blue_ramp,ramp,0.0,1.7,0.0,0.9842728333498174,991.3596775953538,False,settled
b,blue_ramp,ramp,0.0,1.7,0.0,1.524890607530123,835.5018416721225,False,settled
b,blue_ramp,ramp,0.0,1.7,0.0,1.2067010962988913,922.5978346246242,False,settled
b,blue_ramp,ramp,0.0,1.7,0.0,1.593348652345597,817.7241722313258,False,settled
b,blue_ramp,ramp,0.0,1.7,0.0,1.1347064553159425,944.5921246432993,False,settled
b,blue_ramp,ramp,0.0,1.7,0.0,1.4640825102138368,845.2902144332056,False,settled
b,blue_ramp,ramp,0.0,1.7,0.0,0.8910051577146818,1030.890331069972,False,settled
b,blue_ramp,ramp,0.0,1.7,0.0,1.2309726405739803,913.3896632445031,False,settled
b,blue_ramp,ramp,0.0,1.7,0.0,1.2625457787871137,900.9194115505699,False,settled
b,blue_ramp,ramp,0.0,1.7,0.0,0.9194435714054384,1021.0231967991348,False,settled
b,blue_ramp,ramp,0.0,1.7,0.0,1.2670455850450941,903.637854994546,False,settled
b,blue_ramp,ramp,0.0,1.7,0.0,1.2175176369348173,920.4641316030646,False,settled
b,blue_ramp,ramp,0.0,1.7,0.0,1.2158785402987842,914.625250748301,False,settled
b,blue_ramp,ramp,0.0,1.7,0.0,1.1677430300857354,932.774263169237,False,settled
b,blue_ramp,ramp,0.0,1.7,0.0,0.736610928668229,1087.5098146979483,False,settled
b,blue_ramp,ramp,0.0,1.7,0.0,1.1443150800736195,938.7742957159666,False,settled
b,blue_ramp,ramp,0.0,1.7,0.0,0.9423099050794322,1013.6065939563748,False,settled
b,blue_ramp,ramp,0.0,1.7,0.0,0.9890561484793442,987.9841180604504,False,settled
b,blue_ramp,ramp,0.0,1.7,0.0,1.1672540516104006,933.1970882830434,False,settled
b,blue_ramp,ramp,0.0,1.7,0.0,1.3726656375923656,873.5523389243957,False,settled
b,blue_ramp,ramp,0.0,1.7,0.0,0.6982344227854407,1114.367072010568,False,settled
b,blue_ramp,ramp,0.0,1.7,0.0,0.7684559997594111,1073.93288442049,False,settled
b,blue_ramp,ramp,0.0,1.7,0.0,1.2306299036021437,913.5095995149304,False,settled
b,blue_ramp,ramp,0.0,1.7,0.0,0.7236328991231759,1092.2564307623202,False,settled
b,blue_ramp,ramp,0.0,1.7,0.0,1.0487658641592885,970.253214636895,False,settled
b,blue_ramp,ramp,0.0,1.7,0.0,1.5002757580756378,840.8028192741677,False,settled
b,blue_ramp,ramp,0.0,1.7,0.0,1.2792081915950184,899.0971863205845,False,settled
b,blue_ramp,ramp,0.0,1.7,0.0,1.300338871121174,892.5373016318268,False,settled
b,blue_ramp,ramp,0.0,1.7,0.0,1.3867111542030577,864.9904744541054,False,settled
b,blue_ramp,ramp,0.0,1.7,0.0,1.4052837032995025,863.7400606508318,False,settled
b,blue_ramp,ramp,0.0,1.7,0.0,0.9186658521575881,1021.3437955566268,False,settled
b,blue_ramp,ramp,0.0,1.7,0.0,1.375749702461809,870.3814202614873,False,settled
b,blue_ramp,ramp,0.0,1.7,0.0,1.2784726675557405,899.7836771642678,False,settled
b,blue_ramp,ramp,0.0,1.7,0.0,0.7505544138690736,1082.180184695551,False,settled
b,blue_ramp,ramp,0.0,1.7,0.0,0.8905705155448249,1031.2364678076126,False,settled
b,blue_ramp,ramp,0.0,1.7,0.0,1.363800576414731,871.8427816275027,False,settled
b,blue_ramp,ramp,0.0,1.7,0.0,1.0939114156929326,960.9480160472717,False,settled
b,blue_ramp,ramp,0.0,1.7,0.0,0.7689189221461039,1073.6056303255516,False,settled
b,blue_ramp,ramp,0.0,1.7,0.0,0.9893025990058608,987.7656680538306,False,settled
b,blue_ramp,ramp,0.0,1.7,0.0,1.42170406344382,857.123483047984,False,settled
b,blue_ramp,ramp,0.0,1.7,0.0,1.288860208022667,896.7312889452635,False,settled
b,blue_ramp,ramp,0.0,1.7,0.0,0.8684481808489574,1034.1113198336327,False,settled
b,blue_ramp,ramp,0.0,1.7,0.0,1.551819028765369,827.8714379890396,False,settled
b,blue_ramp,ramp,0.0,1.7,0.0,1.243803672423246,910.9829999458484,False,settled
b,blue_ramp,ramp,0.0,1.7,0.0,0.8498362140381509,1038.3205380332402,False,settled
b,blue_ramp,ramp,0.0,1.7,0.0,1.103485125049472,953.1420810563972,False,settled
b,blue_ramp,ramp,0.0,1.7,0.0,0.8260056586851313,1056.7481479966991,False,settled
b,blue_ramp,ramp,0.0,1.7,0.0,0.7411551973247068,1087.746448200037,False,settled
b,blue_ramp,ramp,0.0,1.7,0.0,0.969664292487799,1002.9481725284319,False,settled
b,blue_ramp,ramp,0.0,1.7,0.0,1.1767342584031653,932.8755484899256,False,settled
b,blue_ramp,ramp,0.0,1.7,0.0,0.9704445282575147,1002.3147610078389,False,settled
b,blue_ramp,ramp,0.0,1.7,0.0,1.4046162457368903,864.0967749426402,False,settled
b,blue_ramp,ramp,0.0,1.7,0.0,1.5520416062331035,827.5133705427995,False,settled
b,blue_ramp,ramp,0.0,1.7,0.0,1.682323078137484,794.811393041675,False,settled
b,blue_ramp,ramp,0.0,1.7,0.0,1.6548112913011117,803.6515017692121,False,settled
b,blue_ramp,ramp,0.0,1.7,0.0,1.4137457795885822,860.7127081791622,False,settled
b,blue_ramp,ramp,0.0,1.7,0.0,0.8212688604689051,1060.2345764346642,False,settled
b,blue_ramp,ramp,0.0,1.7,0.0,1.1211039389765616,947.4038606565881,False,settled
b,blue_ramp,ramp,0.0,1.7,0.0,1.0387327179430965,978.170819942584,False,settled
b,blue_ramp,ramp,0.0,1.7,0.0,1.1997550796262015,920.8916385136836,False,settled
b,blue_ramp,ramp,0.0,1.7,0.0,1.3337228069901321,884.2921965105033,False,settled
b,blue_ramp,ramp,0.0,1.7,0.0,1.6654033827692878,799.3367695712237,False,settled
b,blue_ramp,ramp,0.0,1.7,0.0,1.3041135977135292,889.0763489224133,False,settled
b,blue_ramp,ramp,0.0,1.7,0.0,1.0459180954937786,972.2570393330185,False,settled
b,blue_ramp,ramp,0.0,1.7,0.0,1.0220830815811492,981.5535779000452,False,settled
b,blue_ramp,ramp,0.0,1.7,0.0,1.297401912753949,895.3042571339139,False,settled
b,blue_ramp,ramp,0.0,1.7,0.0,1.4541682306393602,848.1861437055968,False,settled
b,blue_ramp,ramp,0.0,1.7,0.0,1.3820518506246242,869.3954848545579,False,settled
b,blue_ramp,ramp,0.0,1.7,0.0,1.6420257921873658,805.9364710405705,False,settled
b,blue_ramp,ramp,0.0,1.7,0.0,1.2986890806381859,894.0893900818619,False,settled
b,blue_ramp,ramp,0.0,1.7,0.0,1.0344091917803035,981.742479029823,False,settled
b,blue_ramp,ramp,0.0,1.7,0.0,1.468323975214132,844.5439088972256,False,settled
b,blue_ramp,ramp,0.0,1.7,0.0,1.0288789838792756,976.3683681009554,False,settled
b,blue_ramp,ramp,0.0,1.7,0.0,1.4438421937383144,851.0948197407603,False,settled
b,blue_ramp,ramp,0.0,1.7,0.0,1.6131125346407493,813.689803953134,False,settled
b,blue_ramp,ramp,0.0,1.7,0.0,0.9203952065255495,1020.8485231651175,False,settled
b,blue_ramp,ramp,0.0,1.7,0.0,0.841707166562691,1044.4908078579865,False,settled
b,blue_ramp,ramp,0.0,1.7,0.0,0.8674494611301831,1034.2565534478197,False,settled
b,blue_ramp,ramp,0.0,1.7,0.0,1.6345245100364365,808.5137895567025,False,settled
b,blue_ramp,ramp,0.0,1.7,0.0,1.2861837823819753,899.1992130507554,False,settled
b,blue_ramp,ramp,0.0,1.7,0.0,1.617043656555814,811.5631386614659,False,settled
b,blue_ramp,ramp,0.0,1.7,0.0,1.17450359108253,926.9663683185837,False,settled
b,blue_ramp,ramp,0.0,1.7,0.0,1.5798105167631145,820.7973952824774,False,settled
b,blue_ramp,ramp,0.0,1.7,0.0,0.9981792046318445,985.8624095683911,False,settled
b,blue_ramp,ramp,0.0,1.7,0.0,1.2459223484251374,909.0462610563302,False,settled
b,blue_ramp,ramp,0.0,1.7,0.0,1.4902609665659425,843.0817596005393,False,settled
b,blue_ramp,ramp,0.0,1.7,0.0,0.7826508983889559,1077.470682888954,False,settled
b,blue_ramp,ramp,0.0,1.7,0.0,0.8567048108805815,1035.9568696943436,False,settled
b,blue_ramp,ramp,0.0,1.7,0.0,1.0032774868760854,984.8756964542509,False,settled
b,blue_ramp,ramp,0.0,1.7,0.0,1.0025380073678483,985.0301701463084,False,settled
b,blue_ramp,ramp,0.0,1.7,0.0,1.4790181779118192,846.2891687701953,False,settled
b,blue_ramp,ramp,0.0,1.7,0.0,0.8370751164142785,1048.093629703215,False,settled
b,blue_ramp,ramp,0.0,1.7,0.0,0.8224909158650423,1059.2682942447818,False,settled
b,blue_ramp,ramp,0.0,1.7,0.0,0.8910092312224465,1030.8870869933735,False,settled
b,blue_ramp,ramp,0.0,1.7,0.0,1.3579599630934482,877.4767372574241,False,settled
b,blue_ramp,ramp,0.0,1.7,0.0,0.7090253740316075,1101.8279456101502,False,settled
b,blue_ramp,ramp,0.0,1.7,0.0,1.043726034198806,974.0520790322422,False,settled
b,blue_ramp,ramp,0.0,1.7,0.0,1.393323424773727,863.2746813043957,False,settled
b,blue_ramp,ramp,0.0,1.7,0.0,0.7692376396748781,1073.3803079939175,False,settled
b,blue_ramp,ramp,0.0,1.7,0.0,1.2626595064316237,900.8156383062017,False,settled
b,blue_ramp,ramp,0.0,1.7,0.0,0.8398333176373214,1045.945143187924,False,settled
b,blue_ramp,ramp,0.0,1.7,0.0,1.6854443970092334,792.6646919467903,False,settled
b,blue_ramp,ramp,0.0,1.7,0.0,1.552958425467363,827.557088940067,False,settled
b,blue_ramp,ramp,0.0,1.7,0.0,0.9802969578861171,994.49475791503,False,settled
b,blue_ramp,ramp,0.0,1.7,0.0,1.2122292359993234,917.7877890471264,False,settled
b,blue_ramp,ramp,0.0,1.7,0.0,1.1469255880468587,938.0079764995935,False,settled
b,blue_ramp,ramp,0.0,1.7,0.0,1.6862353898595468,792.3780123267298,False,settled
b,blue_ramp,ramp,0.0,1.7,0.0,0.9847674898838729,991.3314074012598,False,settled
b,blue_ramp,ramp,0.0,1.7,0.0,1.589164810690549,819.7989615491916,False,settled
b,blue_ramp,ramp,0.0,1.7,0.0,1.3562314569810596,873.8282190823321,False,settled
b,blue_ramp,ramp,0.0,1.7,0.0,1.1714810460766507,929.638392462237,False,settled
b,blue_ramp,ramp,0.0,1.7,0.0,0.6890271751224869,1111.920706574524,False,settled
b,blue_ramp,ramp,0.0,1.7,0.0,1.13239986606238,946.5311551696102,False,settled
b,blue_ramp,ramp,0.0,1.7,0.0,1.4874654003594066,844.0609558673693,False,settled
b,blue_ramp,ramp,0.0,1.7,0.0,1.2248037071623115,915.5490657714176,False,settled
b,blue_ramp,ramp,0.0,1.7,0.0,0.7554432544156413,1077.3253794401367,False,settled
b,blue_ramp,ramp,0.0,1.7,0.0,0.741853529921925,1088.5984626409006,False,settled
b,blue_ramp,ramp,0.0,1.7,0.0,1.425247171821739,857.7740306182063,False,settled
b,blue_ramp,ramp,0.0,1.7,0.0,0.7585057615865043,1076.9782626104427,False,settled
b,blue_ramp,ramp,0.0,1.7,0.0,1.245203341984096,909.7035352629516,False,settled
b,blue_ramp,ramp,0.0,1.7,0.0,1.3002242484488693,892.6450646429786,False,settled
b,blue_ramp,ramp,0.0,1.7,0.0,0.7978567439740513,1071.7515505638014,False,settled
b,blue_ramp,ramp,0.0,1.7,0.0,0.9974698916831388,986.0104997955672,False,settled
b,blue_ramp,ramp,0.0,1.7,0.0,1.5237132183930695,834.5196583027083,False,settled
b,blue_ramp,ramp,0.0,1.7,0.0,0.7731555956326267,1070.6475960825703,False,settled
b,blue_ramp,ramp,0.0,1.7,0.0,1.0674100185134603,967.2110618407473,False,settled
b,blue_ramp,ramp,0.0,1.7,0.0,0.7495123044869324,1088.11927459662,False,settled
b,blue_ramp,ramp,0.0,1.7,0.0,1.5478566559158589,830.7314958463941,False,settled
b,blue_ramp,ramp,0.0,1.7,0.0,0.9676763446026898,1004.5623191898487,False,settled
b,blue_ramp,ramp,0.0,1.7,0.0,0.9488850116634966,1008.2979663154013,False,settled
b,blue_ramp,ramp,0.0,1.7,0.0,0.8001447650784103,1057.6792718331947,False,settled
b,blue_ramp,ramp,0.0,1.7,0.0,1.3856666878248907,865.956205641733,False,settled
b,blue_ramp,ramp,0.0,1.7,0.0,0.7296449307106306,1095.4986932042646,False,settled
b,blue_ramp,ramp,0.0,1.7,0.0,1.191044427407453,928.3081651435107,False,settled
b,blue_ramp,ramp,0.0,1.7,0.0,1.251827970366741,903.7075600662434,False,settled
b,blue_ramp,ramp,0.0,1.7,0.0,1.1322139809623881,946.6874253112659,False,settled
b,blue_ramp,ramp,0.0,1.7,0.0,1.1151309018898092,952.1481773903993,False,settled
b,blue_ramp,ramp,0.0,1.7,0.0,0.7174404650247106,1094.7600212916648,False,settled
b,blue_ramp,ramp,0.0,1.7,0.0,1.425903694290786,857.2939844500128,False,settled
b,blue_ramp,ramp,0.0,1.7,0.0,1.4439780770836925,850.9395150474433,False,settled
b,blue_ramp,ramp,0.0,1.7,0.0,1.026634148141785,977.8345918865098,False,settled
b,blue_ramp,ramp,0.0,1.7,0.0,0.8855637801366789,1035.2427530463178,False,settled
b,blue_ramp,ramp,0.0,1.7,0.0,1.2661900450983683,904.4311518884554,False,settled
b,blue_ramp,ramp,0.0,1.7,0.0,1.3436880091584347,880.3167718113988,False,settled
b,blue_ramp,ramp,0.0,1.7,0.0,1.5247250834889845,835.7448974909164,False,settled
b,blue_ramp,ramp,0.0,1.7,0.0,0.8967769622495907,1026.2936995538012,False,settled
b,blue_ramp,ramp,0.0,1.7,0.0,1.2883867167930132,897.1573106316595,False,settled
b,blue_ramp,ramp,0.0,1.7,0.0,1.6293607220884105,809.0718145860068,False,settled
b,blue_ramp,ramp,0.0,1.7,0.0,1.6516598988263311,804.4855027491336,False,settled
b,blue_ramp,ramp,0.0,1.7,0.0,1.0504422811392866,968.9985714960802,False,settled
b,blue_ramp,ramp,0.0,1.7,0.0,1.0683515728315935,966.9701976931266,False,settled
b,blue_ramp,ramp,0.0,1.7,0.0,0.9804235886361912,994.3949338154484,False,settled
b,blue_ramp,ramp,0.0,1.7,0.0,1.6805761877083292,795.3701101695938,False,settled
b,blue_ramp,ramp,0.0,1.7,0.0,1.5241478593996463,835.2976465361268,False,settled
b,blue_ramp,ramp,0.0,1.7,0.0,1.6251975525878646,811.0592163872544,False,settled
b,blue_ramp,ramp,0.0,1.7,0.0,1.5784472303027246,821.083664342126,False,settled
b,blue_ramp,ramp,0.0,1.7,0.0,1.4061302400294244,863.2876396919987,False,settled
b,blue_ramp,ramp,0.0,1.7,0.0,1.4954299528456836,841.9795010967571,False,settled
b,blue_ramp,ramp,0.0,1.7,0.0,1.6418355268665785,806.4866582285125,False,settled
b,blue_ramp,ramp,0.0,1.7,0.0,0.7217027403015015,1103.0416109928185,False,settled
b,blue_ramp,ramp,0.0,1.7,0.0,0.971487261068437,1001.4682424479777,False,settled
b,blue_ramp,ramp,0.0,1.7,0.0,0.9699998701862754,1002.6757441307452,False,settled
b,blue_ramp,ramp,0.0,1.7,0.0,0.865571482292337,1034.5295992848096,False,settled
b,blue_ramp,ramp,0.0,1.7,0.0,1.0936126507176132,961.2004015022459,False,settled
b,blue_ramp,ramp,0.0,1.7,0.0,0.8303247093074346,1053.3732835467872,False,settled
b,blue_ramp,ramp,0.0,1.7,0.0,0.8707927022832208,1033.77057426991,False,settled
b,blue_ramp,ramp,0.0,1.7,0.0,1.0767990105381666,964.8215974962066,False,settled
b,blue_ramp,ramp,0.0,1.7,0.0,1.030484581831427,974.9874665393729,False,settled
b,blue_ramp,ramp,0.0,1.7,0.0,0.7451458694456974,1084.2521098410987,False,settled
b,blue_ramp,ramp,0.0,1.7,0.0,1.4147826418728993,859.8309521798598,False,settled
b,blue_ramp,ramp,0.0,1.7,0.0,0.9790138921729862,995.5097336738212,False,settled
b,blue_ramp,ramp,0.0,1.7,0.0,0.6983246670700911,1114.8439807237683,False,settled
b,blue_ramp,ramp,0.0,1.7,0.0,1.3399725766866943,878.4148166050667,False,settled
b,blue_ramp,ramp,0.0,1.7,0.0,1.4731805670307645,847.6951341017689,False,settled
b,blue_ramp,ramp,0.0,1.7,0.0,0.7865819458249315,1074.647503157493,False,settled
b,blue_ramp,ramp,0.0,1.7,0.0,1.67449387311261,798.6089547339807,False,settled
b,blue_ramp,ramp,0.0,1.7,0.0,1.511240880015809,838.2415976791488,False,settled
b,blue_ramp,ramp,0.0,1.7,0.0,1.307740431851805,891.888164464312,False,settled
b,blue_ramp,ramp,0.0,1.7,0.0,1.1650428152862145,935.1216561966745,False,settled
b,blue_ramp,ramp,0.0,1.7,0.0,1.3805862129706425,870.8979861499417,False,settled
b,blue_ramp,ramp,0.0,1.7,0.0,1.4701750292356015,848.4999110615166,False,settled
b,blue_ramp,ramp,0.0,1.7,0.0,0.9634547664775343,997.0331247459089,False,settled
b,blue_ramp,ramp,0.0,1.7,0.0,0.7493114377238945,1088.033484674963,False,settled
b,blue_ramp,ramp,0.0,1.7,0.0,1.3643069093490867,871.3364981584909,False,settled
b,blue_ramp,ramp,0.0,1.7,0.0,0.8765357742206673,1029.7646297227648,False,settled
b,blue_ramp,ramp,0.0,1.7,0.0,1.6812146862214858,794.2076913354673,False,settled
b,blue_ramp,ramp,0.0,1.7,0.0,1.1772504904345236,932.4232756736108,False,settled
b,blue_ramp,ramp,0.0,1.7,0.0,1.0749145375933633,965.2968842047901,False,settled
b,blue_ramp,ramp,0.0,1.7,0.0,0.7936705591187426,1072.303235063149,False,settled
b,blue_ramp,ramp,0.0,1.7,0.0,0.7613710552267935,1077.8955119177854,False,settled
b,blue_ramp,ramp,0.0,1.7,0.0,1.0401735876846607,976.9811953449905,False,settled
b,blue_ramp,ramp,0.0,1.7,0.0,0.8843407583725019,1036.2240491863718,False,settled
b,blue_ramp,ramp,0.0,1.7,0.0,1.6653847957990666,799.8601475508019,False,settled
b,blue_ramp,ramp,0.0,1.7,0.0,1.4126485397943245,861.9126283170905,False,settled
b,blue_ramp,ramp,0.0,1.7,0.0,1.134503289291035,944.7628836490162,False,settled
b,blue_ramp,ramp,0.0,1.7,0.0,0.7506541097017649,1082.2417941071662,False,settled
b,blue_ramp,ramp,0.0,1.7,0.0,1.5183983090289868,835.9743310436236,False,settled
b,blue_ramp,ramp,0.0,1.7,0.0,1.4689931453772833,843.8333842003195,False,settled
b,blue_ramp,ramp,0.0,1.7,0.0,0.8183687381547277,1062.5325751140426,False,settled
b,blue_ramp,ramp,0.0,1.7,0.0,1.0673056423353098,967.2377628735969,False,settled
b,blue_ramp,ramp,0.0,1.7,0.0,1.2915337846237513,894.2798802746532,False,settled
b,blue_ramp,ramp,0.0,1.7,0.0,1.6597220598452225,801.8019367731135,False,settled
b,blue_ramp,ramp,0.0,1.7,0.0,1.5080445812240653,838.7261758999454,False,settled
b,blue_ramp,ramp,0.0,1.7,0.0,1.065653620340003,967.6605837962998,False,settled
b,blue_ramp,ramp,0.0,1.7,0.0,0.7117199926965864,1095.8898199336877,False,settled
b,blue_ramp,ramp,0.0,1.7,0.0,1.5947828440506517,817.9083607163761,False,settled
b,blue_ramp,ramp,0.0,1.7,0.0,0.9119783559640685,1026.644823285798,False,settled
b,blue_ramp,ramp,0.0,1.7,0.0,1.1132882839456248,953.7175766886655,False,settled
b,blue_ramp,ramp,0.0,1.7,0.0,0.6872491601109244,1113.0916230116936,False,settled
b,blue_ramp,ramp,0.0,1.7,0.0,0.865409876950283,1034.5530981995746,False,settled
b,blue_ramp,ramp,0.0,1.7,0.0,1.3118775507960523,889.7209273065533,False,settled
b,blue_ramp,ramp,0.0,1.7,0.0,1.5991606766559014,817.0955533508089,False,settled
b,blue_ramp,ramp,0.0,1.7,0.0,0.9285490850774151,1019.3160517416958,False,settled
b,blue_ramp,ramp,0.0,1.7,0.0,1.537220057153178,832.9740557236141,False,settled
b,blue_ramp,ramp,0.0,1.7,0.0,1.48672896516868,843.4638695571556,False,settled
b,blue_ramp,ramp,0.0,1.7,0.0,0.8918494242097692,1030.217819716212,False,settled
b,blue_ramp,ramp,0.0,1.7,0.0,1.3664795898259867,874.4020640466853,False,settled
b,blue_ramp,ramp,0.0,1.7,0.0,1.1073951377249964,949.9552830971451,False,settled
b,blue_ramp,ramp,0.0,1.7,0.0,1.4836898640807126,844.6346763754686,False,settled
b,blue_ramp,ramp,0.0,1.7,0.0,1.3471413761931468,877.1573875550557,False,settled
b,blue_ramp,ramp,0.0,1.7,0.0,0.7659945481633657,1075.5134804741297,False,settled
b,blue_ramp,ramp,0.0,1.7,0.0,1.4718137955341002,844.6762641190081,False,settled
b,blue_ramp,ramp,0.0,1.7,0.0,1.3953591165935182,866.0517195926224,False,settled
b,blue_ramp,ramp,0.0,1.7,0.0,0.9786192760784755,995.8208485537237,False,settled
b,blue_ramp,ramp,0.0,1.7,0.0,1.3886693346091632,867.8540614192849,False,settled
b,blue_ramp,ramp,0.0,1.7,0.0,1.3940545273427143,862.5596050794026,False,settled
b,blue_ramp,ramp,0.0,1.7,0.0,1.440700616233127,850.1077713477416,False,settled
b,blue_ramp,ramp,0.0,1.7,0.0,1.1144310148612429,952.7442906384233,False,settled
b,blue_ramp,ramp,0.0,1.7,0.0,1.6639066718118993,800.8127316107326,False,settled
b,blue_ramp,ramp,0.0,1.7,0.0,0.6892960746114458,1107.4650609641046,False,settled
b,blue_ramp,ramp,0.0,1.7,0.0,0.7739837624518158,1070.014752695972,False,settled
b,blue_ramp,ramp,0.0,1.7,0.0,0.9773966769984032,996.784973775618,False,settled
b,blue_ramp,ramp,0.0,1.7,0.0,1.1824031921782177,928.162003562228,False,settled
b,blue_ramp,ramp,0.0,1.7,0.0,1.346861132530324,877.1581878710991,False,settled
b,blue_ramp,ramp,0.0,1.7,0.0,1.0158276139971123,986.6822224901471,False,settled
b,blue_ramp,ramp,0.0,1.7,0.0,0.9166231478934488,1022.9614115860543,False,settled
b,blue_ramp,ramp,0.0,1.7,0.0,0.7567143289977435,1076.771149929412,False,settled
b,blue_ramp,ramp,0.0,1.7,0.0,1.0154841920608428,986.9654343140846,False,settled
b,blue_ramp,ramp,0.0,1.7,0.0,1.6625323067255875,801.1122155173144,False,settled
b,blue_ramp,ramp,0.0,1.7,0.0,0.7716064340288807,1071.7024890572693,False,settled
b,blue_ramp,ramp,0.0,1.7,0.0,0.967394740424947,1004.7909479027886,False,settled
b,blue_ramp,ramp,0.0,1.7,0.0,1.2610777411457197,902.2412352938885,False,settled
b,blue_ramp,ramp,0.0,1.7,0.0,1.6181244447650844,812.0970268774407,False,settled
b,blue_ramp,ramp,0.0,1.7,0.0,0.7145414205138059,1104.153834545259,False,settled
b,blue_ramp,ramp,0.0,1.7,0.0,0.690910981980014,1114.502326001598,False,settled
b,blue_ramp,ramp,0.0,1.7,0.0,0.7402329089303776,1084.8475074596763,False,settled
b,blue_ramp,ramp,0.0,1.7,0.0,0.7540418702681816,1077.866642038033,False,settled
b,blue_ramp,ramp,0.0,1.7,0.0,1.382955946816816,868.4674973522303,False,settled
b,blue_ramp,ramp,0.0,1.7,0.0,0.9746806454617584,998.8933747487573,False,settled
b,blue_ramp,ramp,0.0,1.7,0.0,0.9923212881760101,987.1903661188135,False,settled
b,blue_ramp,ramp,0.0,1.7,0.0,1.6424172186053845,805.4469874553581,False,settled
b,blue_ramp,ramp,0.0,1.7,0.0,1.219133186371307,919.2713317323288,False,settled
b,blue_ramp,ramp,0.0,1.7,0.0,1.2625781826608231,900.889841720483,False,settled
b,blue_ramp,ramp,0.0,1.7,0.0,1.4373357288222846,853.8948864459426,False,settled
b,blue_ramp,ramp,0.0,1.7,0.0,0.7151377982671359,1105.8794242115978,False,settled
b,blue_ramp,ramp,0.0,1.7,0.0,1.6098456561549401,813.3813743156473,False,settled
b,blue_ramp,ramp,0.0,1.7,0.0,1.1029742023780411,953.5704810632959,False,settled
b,blue_ramp,ramp,0.0,1.7,0.0,1.6316764225036615,808.3024388613829,False,settled
b,blue_ramp,ramp,0.0,1.7,0.0,1.305234965292366,887.9578389175816,False,settled
b,blue_ramp,ramp,0.0,1.7,0.0,1.6063739897724443,814.3241107688674,False,settled
b,blue_ramp,ramp,0.0,1.7,0.0,1.0530402730109805,966.8520393290776,False,settled
b,blue_ramp,ramp,0.0,1.7,0.0,0.8231857456423632,1058.719008895871,False,settled
b,blue_ramp,ramp,0.0,1.7,0.0,0.7138280021333642,1100.8822337771835,False,settled
b,blue_ramp,ramp,0.0,1.7,0.0,0.6906988966777343,1109.942197756865,False,settled
b,blue_ramp,ramp,0.0,1.7,0.0,1.032900245191893,973.1278202322297,False,settled
b,blue_ramp,ramp,0.0,1.7,0.0,1.2640590710467283,899.6507151402952,False,settled
b,blue_ramp,ramp,0.0,1.7,0.0,1.6479863319012957,803.8773040804784,False,settled
b,blue_ramp,ramp,0.0,1.7,0.0,0.9177546674021821,1022.0643687099869,False,settled
b,blue_ramp,ramp,0.0,1.7,0.0,1.1050803384792518,951.8043598353917,False,settled
b,blue_ramp,ramp,0.0,1.7,0.0,0.9104479863237366,1015.7555819068996,False,settled
b,blue_ramp,ramp,0.0,1.7,0.0,0.884547639469537,1036.0578937137086,False,settled
b,blue_ramp,ramp,0.0,1.7,0.0,1.651745750367951,804.2106390800882,False,settled
b,blue_ramp,ramp,0.0,1.7,0.0,1.1160051027175852,951.4072911452084,False,settled
b,blue_ramp,ramp,0.0,1.7,0.0,1.2024601110667619,918.5427382687132,False,settled
b,blue_ramp,ramp,0.0,1.7,0.0,1.331505038796829,880.765728954904,False,settled
b,blue_ramp,ramp,0.0,1.7,0.0,0.9861098062376481,990.1970430134974,False,settled
b,blue_ramp,ramp,0.0,1.7,0.0,1.6615530147111086,802.0979624860952,False,settled
b,blue_ramp,ramp,0.0,1.7,0.0,0.8273871483999784,1055.6620756188688,False,settled
b,blue_ramp,ramp,0.0,1.7,0.0,1.594278103629187,818.9142801133726,False,settled
b,blue_ramp,ramp,0.0,1.7,0.0,1.4626331294905055,847.0056883808678,False,settled
b,blue_ramp,ramp,0.0,1.7,0.0,1.4986508150060107,842.0166582668481,False,settled
b,blue_ramp,ramp,0.0,1.7,0.0,0.7000250827806045,1099.3197930567533,False,settled
b,blue_ramp,ramp,0.0,1.7,0.0,0.7682074642701965,1074.1084808089086,False,settled
b,blue_ramp,ramp,0.0,1.7,0.0,1.4234030296636242,855.2728506935491,False,settled
b,blue_ramp,ramp,0.0,1.7,0.0,1.578026655750524,821.8793790757096,False,settled
b,blue_ramp,ramp,0.0,1.7,0.0,1.5549044300857757,827.5491416726785,False,settled
b,blue_ramp,ramp,0.0,1.7,0.0,1.0412006152173277,976.1334071652454,False,settled
b,blue_ramp,ramp,0.0,1.7,0.0,1.3822560976015565,869.1871624836606,False,settled
b,blue_ramp,ramp,0.0,1.7,0.0,1.0158809802355835,986.6382125544174,False,settled
b,blue_ramp,ramp,0.0,1.7,0.0,1.335506332257479,882.5259111936729,False,settled
b,blue_ramp,ramp,0.0,1.7,0.0,0.9812358916063751,993.7545819090561,False,settled
b,blue_ramp,ramp,0.0,1.7,0.0,0.8181904239582172,1062.6745182855436,False,settled
b,blue_ramp,ramp,0.0,1.7,0.0,1.672847718235172,799.0462515960334,False,settled
b,blue_ramp,ramp,0.0,1.7,0.0,1.197901999456805,922.5160621431957,False,settled
b,blue_ramp,ramp,0.0,1.7,0.0,0.7231067857232525,1091.38247185496,False,settled
b,blue_ramp,ramp,0.0,1.7,0.0,0.8081969058319919,1056.705922068008,False,settled
b,blue_ramp,ramp,0.0,1.7,0.0,1.3012531684896256,891.6776803110035,False,settled
b,blue_ramp,ramp,0.0,1.7,0.0,0.7366067944609688,1087.5057309874608,False,settled
b,blue_ramp,ramp,0.0,1.7,0.0,1.0747201291070447,965.3459147345882,False,settled
b,blue_ramp,ramp,0.0,1.7,0.0,1.2767086734766409,901.4304644010509,False,settled
b,blue_ramp,ramp,0.0,1.7,0.0,1.5716809216372454,822.7643185727012,False,settled
b,blue_ramp,ramp,0.0,1.7,0.0,1.2824049076803867,896.113593318531,False,settled
b,blue_ramp,ramp,0.0,1.7,0.0,1.2665803196018919,904.0691485458836,False,settled
b,blue_ramp,ramp,0.0,1.7,0.0,0.7881625261279656,1073.6415213050195,False,settled
b,blue_ramp,ramp,0.0,1.7,0.0,0.9338791693062194,1018.3146010476821,False,settled
b,blue_ramp,ramp,0.0,1.7,0.0,1.244297912154098,910.5312108861606,False,settled
b,blue_ramp,ramp,0.0,1.7,0.0,1.5204076007082896,833.3749494116489,False,settled
b,blue_ramp,ramp,0.0,1.7,0.0,1.4887342742298917,845.0773010821475,False,settled
b,blue_ramp,ramp,0.0,1.7,0.0,0.8906102690753935,1031.2048096611773,False,settled
b,blue_ramp,ramp,0.0,1.7,0.0,0.8591720183938168,1035.4952225595614,False,settled
b,blue_ramp,ramp,0.0,1.7,0.0,1.2994976464746752,893.3262545032931,False,settled
b,blue_ramp,ramp,0.0,1.7,0.0,1.310435148400415,890.3354995951613,False,settled
b,blue_ramp,ramp,0.0,1.7,0.0,0.8639269700474487,1034.8600516969723,False,settled
b,blue_ramp,ramp,0.0,1.7,0.0,1.0883671044166987,956.4915781990718,False,settled
b,blue_ramp,ramp,0.0,1.7,0.0,1.434623571689852,852.3022684691958,False,settled
b,blue_ramp,ramp,0.0,1.7,0.0,1.4855257994607076,845.0127586522427,False,settled
b,blue_ramp,ramp,0.0,1.7,0.0,1.0670364606836225,967.3066236956757,False,settled
b,blue_ramp,ramp,0.0,1.7,0.0,1.378484697241626,867.923152730111,False,settled
b,blue_ramp,ramp,0.0,1.7,0.0,1.42139152091625,857.4678605507603,False,settled
b,blue_ramp,ramp,0.0,1.7,0.0,0.9240820940865802,1020.1556271312288,False,settled
b,blue_ramp,ramp,0.0,1.7,0.0,1.0258670289877427,978.458698205199,False,settled
b,blue_ramp,ramp,0.0,1.7,0.0,0.9625393636015502,997.7572173702642,False,settled
b,blue_ramp,ramp,0.0,1.7,0.0,0.7742491407566024,1069.811481257391,False,settled
b,blue_ramp,ramp,0.0,1.7,0.0,1.6919697801362739,790.3750305436695,False,settled
b,blue_ramp,ramp,0.0,1.7,0.0,1.315790733492229,888.0732144391574,False,settled
b,blue_ramp,ramp,0.0,1.7,0.0,0.9742349586716871,999.2434470819196,False,settled
b,blue_ramp,ramp,0.0,1.7,0.0,1.2855449106725554,893.3311309169234,False,settled
b,blue_ramp,ramp,0.0,1.7,0.0,1.1359025888901035,943.8403322589818,False,settled
b,blue_ramp,ramp,0.0,1.7,0.0,1.5385639264411641,830.9848607897665,False,settled
b,blue_ramp,ramp,0.0,1.7,0.0,1.4151531903447419,859.4248644976146,False,settled
b,blue_ramp,ramp,0.0,1.7,0.0,0.891396370481852,1030.578760928122,False,settled
b,blue_ramp,ramp,0.0,1.7,0.0,1.6182869752152191,811.649174179794,False,settled
b,blue_ramp,ramp,0.0,1.7,0.0,1.4800815233368543,847.7369329917417,False,settled
b,blue_ramp,ramp,0.0,1.7,0.0,1.129952669721881,948.6618853016389,False,settled
b,blue_ramp,ramp,0.0,1.7,0.0,1.4171454163890886,857.2620934031155,False,settled
b,blue_ramp,ramp,0.0,1.7,0.0,1.3332447794011215,884.7655866796699,False,settled
b,blue_ramp,ramp,0.0,1.7,0.0,1.2265854609438342,914.9251881827117,False,settled
b,blue_ramp,ramp,0.0,1.7,0.0,1.5711433796235486,823.6344028097143,False,settled
b,blue_ramp,ramp,0.0,1.7,0.0,1.0906963844177942,954.5715861310807,False,settled
b,blue_ramp,ramp,0.0,1.7,0.0,1.1063081258125596,950.7749398842191,False,settled
b,blue_ramp,ramp,0.0,1.7,0.0,0.7879215222998295,1073.7764186410932,False,settled
b,blue_ramp,ramp,0.0,1.7,0.0,1.633061411324249,807.9315634812496,False,settled
b,blue_ramp,ramp,0.0,1.7,0.0,1.1492572863824155,937.3237048725468,False,settled
b,blue_ramp,ramp,0.0,1.7,0.0,1.0596402538340062,971.1019691932395,False,settled
b,blue_ramp,ramp,0.0,1.7,0.0,0.7035618566618576,1104.532393344155,False,settled
b,blue_ramp,ramp,0.0,1.7,0.0,1.2908935422478285,894.8681477472134,False,settled
b,blue_ramp,ramp,0.0,1.7,0.0,0.9958280134147296,986.3568319340496,False,settled
b,blue_ramp,ramp,0.0,1.7,0.0,1.2874414733396655,898.0105105772499,False,settled
b,blue_ramp,ramp,0.0,1.7,0.0,1.164839948226653,935.2982195182562,False,settled
b,blue_ramp,ramp,0.0,1.7,0.0,0.9608995823123988,998.9638093764619,False,settled
b,blue_ramp,ramp,0.0,1.7,0.0,1.6408114103301845,806.928424745751,False,settled
b,blue_ramp,ramp,0.0,1.7,0.0,0.9176018363401455,1022.1855257853645,False,settled
b,blue_ramp,ramp,0.0,1.7,0.0,1.4694803726901096,848.1549744743224,False,settled
b,blue_ramp,ramp,0.0,1.7,0.0,1.0463550793629628,971.8991972498247,False,settled
b,blue_ramp,ramp,0.0,1.7,0.0,1.2151156949362232,915.2865834256712,False,settled
b,blue_ramp,ramp,0.0,1.7,0.0,0.8662547786430596,1034.43024115602,False,settled
b,blue_ramp,ramp,0.0,1.7,0.0,1.5975685643876931,816.2111042385891,False,settled
b,blue_ramp,ramp,0.0,1.7,0.0,1.1653429380952638,934.8604460197488,False,settled
b,blue_ramp,ramp,0.0,1.7,0.0,1.1195436347919894,948.6732183297282,False,settled
b,blue_ramp,ramp,0.0,1.7,0.0,1.2218366446980313,916.8617138167414,False,settled
b,blue_ramp,ramp,0.0,1.7,0.0,0.9812317990963368,993.757808131026,False,settled
b,blue_ramp,ramp,0.0,1.7,0.0,0.80149428572955,1057.4221190455619,False,settled
b,blue_ramp,ramp,0.0,1.7,0.0,0.840279046485724,1045.5992496136714,False,settled
b,blue_ramp,ramp,0.0,1.7,0.0,0.7338460075578565,1098.3173542986945,False,settled
b,blue_ramp,ramp,0.0,1.7,0.0,0.8924658302673337,1029.7270111498638,False,settled
b,blue_ramp,ramp,0.0,1.7,0.0,1.4664440205986193,846.7928204245992,False,settled
b,blue_ramp,ramp,0.0,1.7,0.0,1.0141346788852978,988.0783366959178,False,settled
b,blue_ramp,ramp,0.0,1.7,0.0,0.8494360723708009,1038.6282030800264,False,settled
b,blue_ramp,ramp,0.0,1.7,0.0,0.9087973807275623,1016.9223030987326,False,settled
b,blue_ramp,ramp,0.0,1.7,0.0,1.4657178795396086,849.5626864992454,False,settled
b,blue_ramp,ramp,0.0,1.7,0.0,1.1984133908325738,922.0678203312779,False,settled
b,blue_ramp,ramp,0.0,1.7,0.0,0.8643746084910161,1034.7940801725356,False,settled
b,blue_ramp,ramp,0.0,1.7,0.0,1.0911385595743426,954.2079409039203,False,settled
b,blue_ramp,ramp,0.0,1.7,0.0,1.2660211312577927,904.5877750980517,False,settled
b,blue_ramp,ramp,0.0,1.7,0.0,1.2054606283067923,923.6759924654186,False,settled
b,blue_ramp,ramp,0.0,1.7,0.0,1.260453423637817,902.8111799109903,False,settled
b,blue_ramp,ramp,0.0,1.7,0.0,0.8684805880296185,1034.1066070270792,False,settled
b,blue_ramp,ramp,0.0,1.7,0.0,1.3792243012085892,867.184842996271,False,settled
b,blue_ramp,ramp,0.0,1.7,0.0,1.2250531853815512,915.4617138227868,False,settled
b,blue_ramp,ramp,0.0,1.7,0.0,0.8545746516983138,1036.2220491889705,False,settled
b,blue_ramp,ramp,0.0,1.7,0.0,1.0265240976561574,977.9238721381206,False,settled
b,blue_ramp,ramp,0.0,1.7,0.0,0.796277527784077,1071.9595763805817,False,settled
b,blue_ramp,ramp,0.0,1.7,0.0,1.1111187258658461,946.8929875435099,False,settled
b,blue_ramp,ramp,0.0,1.7,0.0,1.0429925177898614,974.6542128996846,False,settled
b,blue_ramp,ramp,0.0,1.7,0.0,1.5428191022944142,831.5499574059626,False,settled
b,blue_ramp,ramp,0.0,1.7,0.0,1.4061190502957954,863.2936199256034,False,settled
b,blue_ramp,ramp,0.0,1.7,0.0,1.3530138330739871,876.7765880810819,False,settled
b,blue_ramp,ramp,0.0,1.7,0.0,1.2585774798495568,904.529543534954,False,settled
b,blue_ramp,ramp,0.0,1.7,0.0,0.9880985449953821,988.7338047089777,False,settled
b,blue_ramp,ramp,0.0,1.7,0.0,0.932203585385002,1018.6294226958263,False,settled
b,blue_ramp,ramp,0.0,1.7,0.0,1.1354803988203646,944.1956051801362,False,settled
b,blue_ramp,ramp,0.0,1.7,0.0,1.3030163036237483,890.020029475157,False,settled
b,blue_ramp,ramp,0.0,1.7,0.0,1.618948230045479,812.1282433356588,False,settled
b,blue_ramp,ramp,0.0,1.7,0.0,1.6134574424486299,813.7264569652094,False,settled
b,blue_ramp,ramp,0.0,1.7,0.0,0.9355813965360508,1006.5218830932258,False,settled
b,blue_ramp,ramp,0.0,1.7,0.0,1.1345211382175062,944.7478818346956,False,settled
b,blue_ramp,ramp,0.0,1.7,0.0,0.9801400332366047,994.6184625711585,False,settled
b,blue_ramp,ramp,0.0,1.7,0.0,0.8659080242839831,1034.4806628127776,False,settled
b,blue_ramp,ramp,0.0,1.7,0.0,0.8963731639602787,1026.6152922772417,False,settled
b,blue_ramp,ramp,0.0,1.7,0.0,0.749198316970328,1087.9850192753058,False,settled
b,blue_ramp,ramp,0.0,1.7,0.0,0.9819979448612193,993.1505769281216,False,settled
b,blue_ramp,ramp,0.0,1.7,0.0,0.9911514635823941,987.44444600883,False,settled
b,blue_ramp,ramp,0.0,1.7,0.0,1.6648648200776703,801.0570013046663,False,settled
b,blue_ramp,ramp,0.0,1.7,0.0,1.6509417137444136,804.3936129555121,False,settled
b,blue_ramp,ramp,0.0,1.7,0.0,1.0150387465303368,987.3327812055134,False,settled
b,blue_ramp,ramp,0.0,1.7,0.0,1.277014851396339,901.1446645968686,False,settled
b,blue_ramp,ramp,0.0,1.7,0.0,1.4522131374141136,850.4633955089727,False,settled
b,blue_ramp,ramp,0.0,1.7,0.0,0.7105030591775179,1105.1616117484689,False,settled
b,blue_ramp,ramp,0.0,1.7,0.0,1.6161772840185453,813.0743161067676,False,settled
b,blue_ramp,ramp,0.0,1.7,0.0,1.1157735505571689,951.6028923219524,False,settled
b,blue_ramp,ramp,0.0,1.7,0.0,0.6898061612932278,1112.674301683723,False,settled
b,blue_ramp,ramp,0.0,1.7,0.0,1.1719577121575064,929.2270085065959,False,settled
b,blue_ramp,ramp,0.0,1.7,0.0,1.42318485822054,855.5091921070917,False,settled
b,blue_ramp,ramp,0.0,1.7,0.0,1.1462869884864855,938.1953830519299,False,settled
b,blue_ramp,ramp,0.0,1.7,0.0,1.020429220253586,982.9065570997998,False,settled
b,blue_ramp,ramp,0.0,1.7,0.0,1.628647650394118,810.3203797774822,False,settled
b,blue_ramp,ramp,0.0,1.7,0.0,1.4808658959298096,846.7298956209563,False,settled
b,blue_ramp,ramp,0.0,1.7,0.0,0.9094968564237554,1016.3847741986672,False,settled
b,blue_ramp,ramp,0.0,1.7,0.0,1.0746325660335319,965.3679984597715,False,settled
b,blue_ramp,ramp,0.0,1.7,0.0,1.052284576880333,967.4492226344565,False,settled
b,blue_ramp,ramp,0.0,1.7,0.0,1.0895029299733345,955.6392400328157,False,settled
b,blue_ramp,ramp,0.0,1.7,0.0,1.0601648077030967,970.6717285019288,False,settled
b,blue_ramp,ramp,0.0,1.7,0.0,1.0653135450401539,967.7475948870671,False,settled
b,blue_ramp,ramp,0.0,1.7,0.0,0.903061730462925,1021.318636153617,False,settled
b,blue_ramp,ramp,0.0,1.7,0.0,0.7072996818822097,1110.1205698951362,False,settled
b,blue_ramp,ramp,0.0,1.7,0.0,1.2424427633729147,912.2272835375226,False,settled
b,blue_ramp,ramp,0.0,1.7,0.0,0.9064688106694743,1018.7847765441621,False,settled
b,blue_ramp,ramp,0.0,1.7,0.0,0.9249860240941269,1019.9857631836248,False,settled
b,blue_ramp,ramp,0.0,1.7,0.0,1.3353309637863187,882.6995888268817,False,settled
b,blue_ramp,ramp,0.0,1.7,0.0,1.2672329306259356,903.464187215595,False,settled
b,blue_ramp,ramp,0.0,1.7,0.0,0.8256337241635707,1057.040993897632,False,settled
b,blue_ramp,ramp,0.0,1.7,0.0,1.4008888702109576,861.25386883128,False,settled
b,blue_ramp,ramp,0.0,1.7,0.0,0.8694731172454871,1033.9622640621776,False,settled
b,blue_ramp,ramp,0.0,1.7,0.0,0.8441104595533601,1042.7167475769363,False,settled
b,blue_ramp,ramp,0.0,1.7,0.0,1.5246145542302618,834.654981429546,False,settled
b,blue_ramp,ramp,0.0,1.7,0.0,0.8797214854772054,1027.207357366268,False,settled
b,blue_ramp,ramp,0.0,1.7,0.0,1.0186579662332742,984.3558036120936,False,settled
b,blue_ramp,ramp,0.0,1.7,0.0,1.1633798822730883,936.3164443178654,False,settled
b,blue_ramp,ramp,0.0,1.7,0.0,0.9011459763141589,1022.8329117292851,False,settled
b,blue_ramp,ramp,0.0,1.7,0.0,1.6437619908528374,805.8380718519956,False,settled
b,blue_ramp,ramp,0.0,1.7,0.0,1.3806149617382983,870.8685818976326,False,settled
b,blue_ramp,ramp,0.0,1.7,0.0,1.2180865075232903,920.2044194165334,False,settled
b,blue_ramp,ramp,0.0,1.7,0.0,0.934502980412767,1018.1973941128296,False,settled
b,blue_ramp,ramp,0.0,1.7,0.0,1.4390782942594549,852.0033740251031,False,settled
b,blue_ramp,ramp,0.0,1.7,0.0,1.6126411251504522,812.7334827939262,False,settled
b,blue_ramp,ramp,0.0,1.7,0.0,0.9552399288639489,1003.1925894639861,False,settled
b,blue_ramp,ramp,0.0,1.7,0.0,1.1781994905794306,931.842326264294,False,settled
b,blue_ramp,ramp,0.0,1.7,0.0,1.0709652310790552,966.3015829275582,False,settled
b,blue_ramp,ramp,0.0,1.7,0.0,0.9764709779912171,997.5147057557921,False,settled
b,blue_ramp,ramp,0.0,1.7,0.0,1.5144948205459243,837.588717081026,False,settled
b,blue_ramp,ramp,0.0,1.7,0.0,1.269991746008458,900.9066785426996,False,settled
b,blue_ramp,ramp,0.0,1.7,0.0,1.480248370693252,847.5228507536026,False,settled
b,blue_ramp,ramp,0.0,1.7,0.0,0.829169314681871,1054.2766618193311,False,settled
b,blue_ramp,ramp,0.0,1.7,0.0,0.9197165494514729,1020.9749033252951,False,settled
b,blue_ramp,ramp,0.0,1.7,0.0,1.5067299139700563,838.0531039693345,False,settled
b,blue_ramp,ramp,0.0,1.7,0.0,0.98178986765413,993.3155180395572,False,settled
b,blue_ramp,ramp,0.0,1.7,0.0,1.1674166658998546,933.0559627326618,False,settled
b,blue_ramp,ramp,0.0,1.7,0.0,1.0890103545471703,956.0486894828925,False,settled
b,blue_ramp,ramp,0.0,1.7,0.0,0.9264850241984128,1019.7040741292218,False,settled
b,blue_ramp,ramp,0.0,1.7,0.0,1.3024856642470648,890.5188510890803,False,settled
b,blue_ramp,ramp,0.0,1.7,0.0,1.4327717188642979,854.3633396270054,False,settled
b,blue_ramp,ramp,0.0,1.7,0.0,1.2056908100275125,923.4759711005136,False,settled
b,blue_ramp,ramp,0.0,1.7,0.0,1.588164146972259,818.6247690825714,False,settled
b,blue_ramp,ramp,0.0,1.7,0.0,1.283771559393171,894.9300312987276,False,settled
b,blue_ramp,ramp,0.0,1.7,0.0,0.9901104613517281,987.6653628884084,False,settled
b,blue_ramp,ramp,0.0,1.7,0.0,0.7439393525630131,1089.6610794044564,False,settled
b,blue_ramp,ramp,0.0,1.7,0.0,1.5477411372098142,829.7453543905856,False,settled
b,blue_ramp,ramp,0.0,1.7,0.0,1.2766784504308075,901.4586757820908,False,settled
b,blue_ramp,ramp,0.0,1.7,0.0,0.9589217872786312,1000.2561944745647,False,settled
b,blue_ramp,ramp,0.0,1.7,0.0,0.7376361994828692,1088.514957153494,False,settled
b,blue_ramp,ramp,0.0,1.7,0.0,1.1667099589057597,933.6706479307783,False,settled
b,blue_ramp,ramp,0.0,1.7,0.0,1.275540164662332,902.5261409310033,False,settled
b,blue_ramp,ramp,0.0,1.7,0.0,0.9173507446760791,1022.3845830196162,False,settled
b,blue_ramp,ramp,0.0,1.7,0.0,0.7155823927889178,1107.1396963455807,False,settled
b,blue_ramp,ramp,0.0,1.7,0.0,0.7857700226891762,1075.0120526139049,False,settled
b,blue_ramp,ramp,0.0,1.7,0.0,0.7844889105620882,1076.022015941687,False,settled
b,blue_ramp,ramp,0.0,1.7,0.0,1.0994205191395785,956.2949713258954,False,settled
b,blue_ramp,ramp,0.0,1.7,0.0,1.6626213667094074,800.7663674814993,False,settled
b,blue_ramp,ramp,0.0,1.7,0.0,1.2447074055024083,910.1568851974165,False,settled
b,blue_ramp,ramp,0.0,1.7,0.0,0.8402861472896014,1045.5937388103025,False,settled
b,blue_ramp,ramp,0.0,1.7,0.0,1.4955082579264856,841.87433765946,False,settled
b,blue_ramp,ramp,0.0,1.7,0.0,1.0728872454876521,965.8099015299453,False,settled
b,blue_ramp,ramp,0.0,1.7,0.0,0.7871723254050247,1074.1436545792985,False,settled
b,blue_ramp,ramp,0.0,1.7,0.0,0.979140756361601,995.409277169008,False,settled
b,blue_ramp,ramp,0.0,1.7,0.0,1.0573002428905576,973.0234595750933,False,settled
b,blue_ramp,ramp,0.0,1.7,0.0,1.3587957629532827,876.6268518790449,False,settled
b,blue_ramp,ramp,0.0,1.7,0.0,0.8532783788180801,1049.2951681243756,False,settled
b,blue_ramp,ramp,0.0,1.7,0.0,1.2943515648252117,891.7705809306786,False,settled
b,blue_ramp,ramp,0.0,1.7,0.0,0.7666238183885028,1075.1328097942462,False,settled
b,blue_ramp,ramp,0.0,1.7,0.0,1.6437038737541978,806.0089479765264,False,settled
b,blue_ramp,ramp,0.0,1.7,0.0,0.8869989762386152,1034.091341503945,False,settled
b,blue_ramp,ramp,0.0,1.7,0.0,1.3807354451629572,870.7453509988645,False,settled
b,blue_ramp,ramp,0.0,1.7,0.0,1.564940118953924,824.3294593684706,False,settled
b,blue_ramp,ramp,0.0,1.7,0.0,1.6764973535453094,798.2980260811543,False,settled
b,blue_ramp,ramp,0.0,1.7,0.0,1.4145544416165532,860.0810342617604,False,settled
b,blue_ramp,ramp,0.0,1.7,0.0,0.8778090784886201,1028.690721842198,False,settled
b,blue_ramp,ramp,0.0,1.7,0.0,0.8567815208348326,1035.945479299556,False,settled
b,blue_ramp,ramp,0.0,1.7,0.0,0.6931751250721443,1113.8804435686138,False,settled
b,blue_ramp,ramp,0.0,1.7,0.0,0.9675445195137954,1004.6693453705788,False,settled
b,blue_ramp,ramp,0.0,1.7,0.0,0.9921150800809542,987.2341038468414,False,settled
b,blue_ramp,ramp,0.0,1.7,0.0,1.4792114552033584,846.0440103768157,False,settled
b,blue_ramp,ramp,0.0,1.7,0.0,0.7931043986034579,1072.3780474700827,False,settled
b,blue_ramp,ramp,0.0,1.7,0.0,1.380074004870232,871.422098801891,False,settled
b,blue_ramp,ramp,0.0,1.7,0.0,1.2243161355930716,915.7197788750893,False,settled
b,blue_ramp,ramp,0.0,1.7,0.0,1.0903283341885919,954.8774737853804,False,settled
b,blue_ramp,ramp,0.0,1.7,0.0,1.3013831243850673,891.5554893128302,False,settled
b,blue_ramp,ramp,0.0,1.7,0.0,0.9052662276315795,1019.6265299532995,False,settled
b,blue_ramp,ramp,0.0,1.7,0.0,0.9576663991916966,1001.2572233697914,False,settled
b,blue_ramp,ramp,0.0,1.7,0.0,1.0194362714776142,983.7190514346877,False,settled
b,blue_ramp,ramp,0.0,1.7,0.0,0.8209995591166548,1060.4474500295996,False,settled
b,blue_ramp,ramp,0.0,1.7,0.0,1.1419609908486117,939.4653428201984,False,settled
b,blue_ramp,ramp,0.0,1.7,0.0,1.3836966674697193,867.7063335505054,False,settled
b,blue_ramp,ramp,0.0,1.7,0.0,1.5640431400687185,824.770338932762,False,settled
b,blue_ramp,ramp,0.0,1.7,0.0,0.9251023059953991,1019.9639117802886,False,settled
b,blue_ramp,ramp,0.0,1.7,0.0,0.9581258387394554,1000.8908738433678,False,settled
b,blue_ramp,ramp,0.0,1.7,0.0,0.8439884268507154,1042.720639315833,False,settled
b,blue_ramp,ramp,0.0,1.7,0.0,0.7870745612947883,1074.2117409379687,False,settled
b,blue_ramp,ramp,0.0,1.7,0.0,1.3014237221817895,891.5173151792422,False,settled
b,blue_ramp,ramp,0.0,1.7,0.0,0.8782179437769212,1028.3714738974709,False,settled
b,blue_ramp,ramp,0.0,1.7,0.0,1.1438897203471503,938.8991444118637,False,settled
b,blue_ramp,ramp,0.0,1.7,0.0,1.122282527356955,946.4086982175713,False,settled
b,blue_ramp,ramp,0.0,1.7,0.0,0.9244620105778664,1020.0842343760472,False,settled
b,blue_ramp,ramp,0.0,1.7,0.0,0.8186396818926356,1062.316886627008,False,settled
b,blue_ramp,ramp,0.0,1.7,0.0,0.825798459708663,1056.9112906886326,False,settled
b,blue_ramp,ramp,0.0,1.7,0.0,1.5308957864504493,831.9388900238101,False,settled
b,blue_ramp,ramp,0.0,1.7,0.0,0.9739789368056314,999.4496497662294,False,settled
b,blue_ramp,ramp,0.0,1.7,0.0,0.9647401888963887,1006.9467070578538,False,settled
b,blue_ramp,ramp,0.0,1.7,0.0,1.212796309571459,917.2927491169565,False,settled
b,blue_ramp,ramp,0.0,1.7,0.0,1.6669156441731812,800.4392713041591,False,settled
b,blue_ramp,ramp,0.0,1.7,0.0,1.5531498481237547,829.2032104838812,False,settled
b,blue_ramp,ramp,0.0,1.7,0.0,0.9309587027084895,1018.8633196192658,False,settled
b,blue_ramp,ramp,0.0,1.7,0.0,1.657056128399765,803.0784117271378,False,settled
b,blue_ramp,ramp,0.0,1.7,0.0,0.7112403470670775,1108.818748696219,False,settled
b,blue_ramp,ramp,0.0,1.7,0.0,1.3903518549352398,866.0978859412845,False,settled
b,blue_ramp,ramp,0.0,1.7,0.0,1.140725768070187,939.8281207729578,False,settled
b,blue_ramp,ramp,0.0,1.7,0.0,0.8679606631474613,1034.1822138860286,False,settled
b,blue_ramp,ramp,0.0,1.7,0.0,1.5606770237263359,827.0571101063567,False,settled
b,blue_ramp,ramp,0.0,1.7,0.0,1.1137412743217938,953.3317574843287,False,settled
b,blue_ramp,ramp,0.0,1.7,0.0,1.534261196769451,832.5940450821513,False,settled
b,blue_ramp,ramp,0.0,1.7,0.0,1.4002342077700698,861.5965345021741,False,settled
b,blue_ramp,ramp,0.0,1.7,0.0,0.9106231270442361,1015.620607277376,False,settled
b,blue_ramp,ramp,0.0,1.7,0.0,1.3589224095842471,876.4980688218263,False,settled
b,blue_ramp,ramp,0.0,1.7,0.0,1.2212464746522331,917.3877525056906,False,settled
b,blue_ramp,ramp,0.0,1.7,0.0,0.8035269081462354,1057.1729536328232,False,settled
b,blue_ramp,ramp,0.0,1.7,0.0,0.930494130988343,1018.9506062027458,False,settled
b,blue_ramp,ramp,0.0,1.7,0.0,1.01790092052922,984.9751407118669,False,settled
b,blue_ramp,ramp,0.0,1.7,0.0,1.561128257527377,826.2992442239328,False,settled
b,blue_ramp,ramp,0.0,1.7,0.0,1.004569533987097,984.6061469742082,False,settled
b,blue_ramp,ramp,0.0,1.7,0.0,1.3501786914471536,879.6187494251316,False,settled
b,blue_ramp,ramp,0.0,1.7,0.0,1.4286456263171872,854.2532924928029,False,settled
b,blue_ramp,ramp,0.0,1.7,0.0,1.5960039646959694,818.4770292103442,False,settled
b,blue_ramp,ramp,0.0,1.7,0.0,1.2327775432459183,912.758061112108,False,settled
b,blue_ramp,ramp,0.0,1.7,0.0,1.479389130824038,845.8274486364095,False,settled
b,yellow_ramp,ramp,0.0,1.7,0.0,0.23663738717545746,1110.185370385397,False,settled
b,yellow_ramp,ramp,0.0,1.7,0.0,0.9787556963560323,848.4728702738314,False,settled
b,yellow_ramp,ramp,0.0,1.7,0.0,0.8024326654229558,900.9614441375472,False,settled
b,yellow_ramp,ramp,0.0,1.7,0.0,1.0468111000633353,837.8479704794012,False,settled
b,yellow_ramp,ramp,0.0,1.7,0.0,1.1606899275085205,807.6491768074097,False,settled
b,yellow_ramp,ramp,0.0,1.7,0.0,1.1414519376948518,814.4620776359558,False,settled
b,yellow_ramp,ramp,0.0,1.7,0.0,0.41483391993900426,1037.585626951226,False,settled
b,yellow_ramp,ramp,0.0,1.7,0.0,0.4555944581945065,1020.3413087536258,False,settled
b,yellow_ramp,ramp,0.0,1.7,0.0,0.4861599157312929,1004.4593283143867,False,settled
b,yellow_ramp,ramp,0.0,1.7,0.0,0.323458073093871,1072.660958456125,False,settled
b,yellow_ramp,ramp,0.0,1.7,0.0,0.46507780336678745,1018.5591118984531,False,settled
b,yellow_ramp,ramp,0.0,1.7,0.0,0.9603213474647094,855.152653248915,False,settled
b,yellow_ramp,ramp,0.0,1.7,0.0,0.8647151534418106,880.182060677398,False,settled
b,yellow_ramp,ramp,0.0,1.7,0.0,0.3581150906898803,1057.0556645360743,False,settled
b,yellow_ramp,ramp,0.0,1.7,0.0,0.4018325835236837,1033.9827023958662,False,settled
b,yellow_ramp,ramp,0.0,1.7,0.0,1.114435723843902,821.0263737149186,False,settled
b,yellow_ramp,ramp,0.0,1.7,0.0,0.718518614588753,925.1072751164446,False,settled
b,yellow_ramp,ramp,0.0,1.7,0.0,0.5889516269812591,973.7202747334311,False,settled
b,yellow_ramp,ramp,0.0,1.7,0.0,0.5473696620700162,987.4722201936497,False,settled
b,yellow_ramp,ramp,0.0,1.7,0.0,0.7762021165334182,911.0758324465842,False,settled
b,yellow_ramp,ramp,0.0,1.7,0.0,0.7780000646946195,909.432289845939,False,settled
b,yellow_ramp,ramp,0.0,1.7,0.0,0.6603044195461353,941.8944347352808,False,settled
b,yellow_ramp,ramp,0.0,1.7,0.0,0.6022739587729076,966.6063291747778,False,settled
b,yellow_ramp,ramp,0.0,1.7,0.0,0.8162991883391469,894.9044602977409,False,settled
b,yellow_ramp,ramp,0.0,1.7,0.0,0.9123411088642892,866.6732928970163,False,settled
b,yellow_ramp,ramp,0.0,1.7,0.0,0.7411570466638283,920.8952619669369,False,settled
b,yellow_ramp,ramp,0.0,1.7,0.0,1.0808285793590875,829.9744480250678,False,settled
b,yellow_ramp,ramp,0.0,1.7,0.0,1.0808022674896194,830.0166751327988,False,settled
b,yellow_ramp,ramp,0.0,1.7,0.0,1.1172533708427463,818.9620222698118,False,settled
b,yellow_ramp,ramp,0.0,1.7,0.0,0.590727359855697,972.2621720535502,False,settled
b,yellow_ramp,ramp,0.0,1.7,0.0,1.0949874230342878,825.145688995145,False,settled
b,yellow_ramp,ramp,0.0,1.7,0.0,0.5325505730652517,985.4717153165856,False,settled
b,yellow_ramp,ramp,0.0,1.7,0.0,0.4605474464011567,1019.4103018497839,False,settled
b,yellow_ramp,ramp,0.0,1.7,0.0,0.6399118581908607,949.9412628717415,False,settled
b,yellow_ramp,ramp,0.0,1.7,0.0,0.5125593570143525,994.6820599632238,False,settled
b,yellow_ramp,ramp,0.0,1.7,0.0,0.9363598609282889,864.5010140163472,False,settled
b,yellow_ramp,ramp,0.0,1.7,0.0,0.2890255761219793,1076.859815846112,False,settled
b,yellow_ramp,ramp,0.0,1.7,0.0,1.0193619190340213,843.2923433837183,False,settled
b,yellow_ramp,ramp,0.0,1.7,0.0,0.7249984110542831,927.2728863431388,False,settled
b,yellow_ramp,ramp,0.0,1.7,0.0,0.9984937946738391,847.7648392316947,False,settled
b,yellow_ramp,ramp,0.0,1.7,0.0,1.0048404830723434,844.0467643118492,False,settled
b,yellow_ramp,ramp,0.0,1.7,0.0,1.1650511577790834,808.605775245632,False,settled
b,yellow_ramp,ramp,0.0,1.7,0.0,0.9002484016871375,873.1042088675307,False,settled
b,yellow_ramp,ramp,0.0,1.7,0.0,0.7571757055328718,915.5938828988913,False,settled
b,yellow_ramp,ramp,0.0,1.7,0.0,0.4286009644667186,1026.8320724597017,False,settled
b,yellow_ramp,ramp,0.0,1.7,0.0,0.8902365156559144,877.7039463314916,False,settled
b,yellow_ramp,ramp,0.0,1.7,0.0,0.653113698116185,947.7681892180118,False,settled
b,yellow_ramp,ramp,0.0,1.7,0.0,0.6519779120592698,948.7287963611479,False,settled
b,yellow_ramp,ramp,0.0,1.7,0.0,0.514660567000574,993.0216689232199,False,settled
b,yellow_ramp,ramp,0.0,1.7,0.0,0.5485070807512458,986.5342202111037,False,settled
b,yellow_ramp,ramp,0.0,1.7,0.0,0.33859003023194334,1056.9489571250551,False,settled
b,yellow_ramp,ramp,0.0,1.7,0.0,0.6754241880806143,939.18254058149,False,settled
b,yellow_ramp,ramp,0.0,1.7,0.0,0.8134003922865284,897.5177086210796,False,settled
b,yellow_ramp,ramp,0.0,1.7,0.0,1.0856293992475783,829.2364953653745,False,settled
b,yellow_ramp,ramp,0.0,1.7,0.0,1.0997653417994335,823.6834142913159,False,settled
b,yellow_ramp,ramp,0.0,1.7,0.0,0.5680753267743621,980.7778432548605,False,settled
b,yellow_ramp,ramp,0.0,1.7,0.0,0.9710033613821586,852.5668271851235,False,settled
b,yellow_ramp,ramp,0.0,1.7,0.0,1.0168119196459937,846.5793720940385,False,settled
b,yellow_ramp,ramp,0.0,1.7,0.0,0.22645244567739348,1109.2477523971409,False,settled
b,yellow_ramp,ramp,0.0,1.7,0.0,1.1499400518488394,812.912951072602,False,settled
b,yellow_ramp,ramp,0.0,1.7,0.0,0.5819029762347264,969.7414846434893,False,settled
b,yellow_ramp,ramp,0.0,1.7,0.0,0.6575451638806756,944.1770611283672,False,settled
b,yellow_ramp,ramp,0.0,1.7,0.0,0.8828380232243574,879.4589648706341,False,settled
b,yellow_ramp,ramp,0.0,1.7,0.0,0.9374236460509138,863.9324884958079,False,settled
b,yellow_ramp,ramp,0.0,1.7,0.0,0.9733509490457184,850.0350900214172,False,settled
b,yellow_ramp,ramp,0.0,1.7,0.0,0.832023421925063,893.3020435052975,False,settled
b,yellow_ramp,ramp,0.0,1.7,0.0,1.064414553841675,833.6351579637882,False,settled
b,yellow_ramp,ramp,0.0,1.7,0.0,0.3526756900528574,1061.0986104680449,False,settled
b,yellow_ramp,ramp,0.0,1.7,0.0,0.28445869961973025,1081.3723303370957,False,settled
b,yellow_ramp,ramp,0.0,1.7,0.0,0.2646537829564002,1085.5796152351554,False,settled
b,yellow_ramp,ramp,0.0,1.7,0.0,0.3101174562277521,1067.155984381904,False,settled
b,yellow_ramp,ramp,0.0,1.7,0.0,1.1465452874252993,812.3743446048275,False,settled
b,yellow_ramp,ramp,0.0,1.7,0.0,0.3515333653462477,1062.0034692036147,False,settled
b,yellow_ramp,ramp,0.0,1.7,0.0,0.6937995328872387,938.1251158266613,False,settled
b,yellow_ramp,ramp,0.0,1.7,0.0,0.7216620986706219,922.406859031988,False,settled
b,yellow_ramp,ramp,0.0,1.7,0.0,1.1272592164512663,817.9554561300465,False,settled
b,yellow_ramp,ramp,0.0,1.7,0.0,0.9914391955558151,847.013730280274,False,settled
b,yellow_ramp,ramp,0.0,1.7,0.0,0.9078561258854057,870.7849557004097,False,settled
b,yellow_ramp,ramp,0.0,1.7,0.0,0.5593188952731487,977.6847123152929,False,settled
b,yellow_ramp,ramp,0.0,1.7,0.0,0.45663895878044214,1020.1449412966865,False,settled
b,yellow_ramp,ramp,0.0,1.7,0.0,1.2168186971445756,794.5945046411823,False,settled
b,yellow_ramp,ramp,0.0,1.7,0.0,0.9032961215288905,870.2630304006702,False,settled
b,yellow_ramp,ramp,0.0,1.7,0.0,0.6978350573183062,934.8673050286487,False,settled
b,yellow_ramp,ramp,0.0,1.7,0.0,0.4422359603072089,1016.2065646128364,False,settled
b,yellow_ramp,ramp,0.0,1.7,0.0,0.9681281267178958,851.2948496145685,False,settled
b,yellow_ramp,ramp,0.0,1.7,0.0,0.3220993294667222,1072.8401018108993,False,settled
b,yellow_ramp,ramp,0.0,1.7,0.0,0.7040116407684768,929.611988069093,False,settled
b,yellow_ramp,ramp,0.0,1.7,0.0,0.4919513344004716,999.8337496094842,False,settled
b,yellow_ramp,ramp,0.0,1.7,0.0,0.4906723166317591,1000.853813064298,False,settled
b,yellow_ramp,ramp,0.0,1.7,0.0,0.273143263596395,1086.1861692704454,False,settled
b,yellow_ramp,ramp,0.0,1.7,0.0,0.6401796557372176,949.7167119709035,False,settled
b,yellow_ramp,ramp,0.0,1.7,0.0,0.28566052237928297,1080.6841690486012,False,settled
b,yellow_ramp,ramp,0.0,1.7,0.0,0.3502164527324647,1063.0517883506695,False,settled
b,yellow_ramp,ramp,0.0,1.7,0.0,0.639383800357042,950.3840400219658,False,settled
b,yellow_ramp,ramp,0.0,1.7,0.0,0.7930682275292965,902.7063760288825,False,settled
b,yellow_ramp,ramp,0.0,1.7,0.0,1.057335110275425,835.5833476274269,False,settled
b,yellow_ramp,ramp,0.0,1.7,0.0,0.9077057771402246,870.9390695833295,False,settled
b,yellow_ramp,ramp,0.0,1.7,0.0,1.0535711843430158,835.9487114119346,False,settled
b,yellow_ramp,ramp,0.0,1.7,0.0,0.4180876287139475,1035.2236211262023,False,settled
b,yellow_ramp,ramp,0.0,1.7,0.0,0.3650945969439961,1051.597755506441,False,settled
b,yellow_ramp,ramp,0.0,1.7,0.0,0.3862903215263476,1049.2115250824324,False,settled
b,yellow_ramp,ramp,0.0,1.7,0.0,0.3735498933543667,1045.0010022397273,False,settled
b,yellow_ramp,ramp,0.0,1.7,0.0,0.27497643445822284,1089.0045913621743,False,settled
b,yellow_ramp,ramp,0.0,1.7,0.0,1.1458893011091091,813.0721724166342,False,settled
b,yellow_ramp,ramp,0.0,1.7,0.0,1.1435657556195877,813.4875571872411,False,settled
b,yellow_ramp,ramp,0.0,1.7,0.0,0.546927684673457,987.8367049379117,False,settled
b,yellow_ramp,ramp,0.0,1.7,0.0,0.5733136580998323,976.4528325513692,False,settled
b,yellow_ramp,ramp,0.0,1.7,0.0,0.6676605011636416,944.4647963002993,False,settled
b,yellow_ramp,ramp,0.0,1.7,0.0,0.728277718176333,924.378513907437,False,settled
b,yellow_ramp,ramp,0.0,1.7,0.0,0.8283566752140088,890.3272906819058,False,settled
b,yellow_ramp,ramp,0.0,1.7,0.0,1.0314125414411173,841.8196305811299,False,settled
b,yellow_ramp,ramp,0.0,1.7,0.0,0.938492776374594,863.3611056358066,False,settled
b,yellow_ramp,ramp,0.0,1.7,0.0,0.6692626323306701,943.116593032409,False,settled
b,yellow_ramp,ramp,0.0,1.7,0.0,0.749004177844798,914.0854852317269,False,settled
b,yellow_ramp,ramp,0.0,1.7,0.0,0.2847777846148351,1081.2770271650625,False,settled
b,yellow_ramp,ramp,0.0,1.7,0.0,0.762570297652772,913.7054261050288,False,settled
b,yellow_ramp,ramp,0.0,1.7,0.0,0.8345321795731278,890.9451350996022,False,settled
b,yellow_ramp,ramp,0.0,1.7,0.0,0.5250346958719208,987.1451013242171,False,settled
b,yellow_ramp,ramp,0.0,1.7,0.0,0.9746674217355467,853.0093850096018,False,settled
b,yellow_ramp,ramp,0.0,1.7,0.0,0.43164581703600025,1024.4140065552124,False,settled
b,yellow_ramp,ramp,0.0,1.7,0.0,0.6696593135055073,942.7814755921934,False,settled
b,yellow_ramp,ramp,0.0,1.7,0.0,0.8452173789151476,889.3666190271069,False,settled
b,yellow_ramp,ramp,0.0,1.7,0.0,0.5069278038869018,999.0881272386608,False,settled
b,yellow_ramp,ramp,0.0,1.7,0.0,0.6776877131943314,938.5179817853221,False,settled
b,yellow_ramp,ramp,0.0,1.7,0.0,1.2197689547421733,792.5997190572702,False,settled
b,yellow_ramp,ramp,0.0,1.7,0.0,0.549226618113834,985.9408311411509,False,settled
b,yellow_ramp,ramp,0.0,1.7,0.0,0.877998256975499,878.5132124347165,False,settled
b,yellow_ramp,ramp,0.0,1.7,0.0,0.37307074579227656,1045.3728671283613,False,settled
b,yellow_ramp,ramp,0.0,1.7,0.0,0.9853810867547955,849.6843020512706,False,settled
b,yellow_ramp,ramp,0.0,1.7,0.0,0.9921489888544124,846.2668698037093,False,settled
b,yellow_ramp,ramp,0.0,1.7,0.0,0.9058434999772853,872.8507365718773,False,settled
b,yellow_ramp,ramp,0.0,1.7,0.0,0.59713531126829,967.9211263567477,False,settled
b,yellow_ramp,ramp,0.0,1.7,0.0,0.27242264362533825,1084.3821666883293,False,settled
b,yellow_ramp,ramp,0.0,1.7,0.0,0.9029391216571536,870.700998210934,False,settled
b,yellow_ramp,ramp,0.0,1.7,0.0,0.5280816210253374,986.4082672326349,False,settled
b,yellow_ramp,ramp,0.0,1.7,0.0,0.6481122062635235,951.7391858691286,False,settled
b,yellow_ramp,ramp,0.0,1.7,0.0,0.5626993792442464,975.2190557076663,False,settled
b,yellow_ramp,ramp,0.0,1.7,0.0,0.5284972647415057,986.3214992268255,False,settled
b,yellow_ramp,ramp,0.0,1.7,0.0,0.8109361225031572,899.8178471848312,False,settled
b,yellow_ramp,ramp,0.0,1.7,0.0,0.3009303588134464,1073.951008078489,False,settled
b,yellow_ramp,ramp,0.0,1.7,0.0,0.7580424301307352,915.2903560196256,False,settled
b,yellow_ramp,ramp,0.0,1.7,0.0,0.979070400317041,852.2681537500738,False,settled
b,yellow_ramp,ramp,0.0,1.7,0.0,0.8421446214124565,890.6723428563212,False,settled
b,yellow_ramp,ramp,0.0,1.7,0.0,1.0753959510515452,831.42887535861,False,settled
b,yellow_ramp,ramp,0.0,1.7,0.0,1.1896525651898393,803.2058629480731,False,settled
b,yellow_ramp,ramp,0.0,1.7,0.0,0.3936409548255328,1035.1994138323887,False,settled
b,yellow_ramp,ramp,0.0,1.7,0.0,1.1565225870619589,811.2905146758598,False,settled
b,yellow_ramp,ramp,0.0,1.7,0.0,1.056945379213509,834.8660984550177,False,settled
b,yellow_ramp,ramp,0.0,1.7,0.0,0.45144886463241307,1021.120419576227,False,settled
b,yellow_ramp,ramp,0.0,1.7,0.0,0.23232862212650357,1111.5230980980357,False,settled
b,yellow_ramp,ramp,0.0,1.7,0.0,0.8883153246780304,874.2422792172583,False,settled
b,yellow_ramp,ramp,0.0,1.7,0.0,1.0707433932598873,831.3894097013373,False,settled
b,yellow_ramp,ramp,0.0,1.7,0.0,1.1953487551381077,801.8835004100177,False,settled
b,yellow_ramp,ramp,0.0,1.7,0.0,1.1950356590146567,801.099976440492,False,settled
b,yellow_ramp,ramp,0.0,1.7,0.0,0.8339505869849884,891.4920541590584,False,settled
b,yellow_ramp,ramp,0.0,1.7,0.0,1.0841659534468973,828.1189039033954,False,settled
b,yellow_ramp,ramp,0.0,1.7,0.0,0.3488787310906039,1064.116388379295,False,settled
b,yellow_ramp,ramp,0.0,1.7,0.0,0.24152465382834565,1101.8251446176914,False,settled
b,yellow_ramp,ramp,0.0,1.7,0.0,0.8330800066709666,892.3105955293673,False,settled
b,yellow_ramp,ramp,0.0,1.7,0.0,0.5656719869303046,972.9134048571021,False,settled
b,yellow_ramp,ramp,0.0,1.7,0.0,0.9224646753585974,866.5021280660004,False,settled
b,yellow_ramp,ramp,0.0,1.7,0.0,1.0016585963557056,843.6354457880067,False,settled
b,yellow_ramp,ramp,0.0,1.7,0.0,1.189886743652456,802.8275712522833,False,settled
b,yellow_ramp,ramp,0.0,1.7,0.0,0.48406921594345903,1006.1399619548711,False,settled
b,yellow_ramp,ramp,0.0,1.7,0.0,0.549890382840196,985.393439511112,False,settled
b,yellow_ramp,ramp,0.0,1.7,0.0,0.8383692212519718,887.7318186385311,False,settled
b,yellow_ramp,ramp,0.0,1.7,0.0,1.0912708330465855,826.8374652458443,False,settled
b,yellow_ramp,ramp,0.0,1.7,0.0,0.9501508430730066,856.7169181503256,False,settled
b,yellow_ramp,ramp,0.0,1.7,0.0,0.7822578750506305,905.5612405893654,False,settled
b,yellow_ramp,ramp,0.0,1.7,0.0,0.7509765729267243,919.8565489147746,False,settled
b,yellow_ramp,ramp,0.0,1.7,0.0,0.709401701387305,932.7288513882704,False,settled
b,yellow_ramp,ramp,0.0,1.7,0.0,1.193044141424592,801.5238308735399,False,settled
b,yellow_ramp,ramp,0.0,1.7,0.0,0.908175604318826,870.4574025958133,False,settled
b,yellow_ramp,ramp,0.0,1.7,0.0,0.36331082911045426,1052.9930885553204,False,settled
b,yellow_ramp,ramp,0.0,1.7,0.0,0.3299836152883153,1071.8006780646447,False,settled
b,yellow_ramp,ramp,0.0,1.7,0.0,0.40829794862810564,1030.3453328987493,False,settled
b,yellow_ramp,ramp,0.0,1.7,0.0,0.7258430811350667,926.5261960747717,False,settled
b,yellow_ramp,ramp,0.0,1.7,0.0,0.259804585635882,1095.7994935246954,False,settled
b,yellow_ramp,ramp,0.0,1.7,0.0,0.6240790465511304,953.8419310875588,False,settled
b,yellow_ramp,ramp,0.0,1.7,0.0,1.0496848060113015,834.1210940342261,False,settled
b,yellow_ramp,ramp,0.0,1.7,0.0,0.506782706770223,999.2049902156309,False,settled
b,yellow_ramp,ramp,0.0,1.7,0.0,1.0844788875666354,827.6126335059854,False,settled
b,yellow_ramp,ramp,0.0,1.7,0.0,0.4661678948481487,1018.3542970310822,False,settled
b,yellow_ramp,ramp,0.0,1.7,0.0,0.7020418819883502,931.2215195431903,False,settled
b,yellow_ramp,ramp,0.0,1.7,0.0,0.3300367175633517,1071.793685040171,False,settled
b,yellow_ramp,ramp,0.0,1.7,0.0,1.1231755640726337,819.9409823491866,False,settled
b,yellow_ramp,ramp,0.0,1.7,0.0,0.7564199846497914,915.8584804357974,False,settled
b,yellow_ramp,ramp,0.0,1.7,0.0,1.021574301448342,844.6336684010009,False,settled
b,yellow_ramp,ramp,0.0,1.7,0.0,0.7997309443493895,903.4660284816243,False,settled
b,yellow_ramp,ramp,0.0,1.7,0.0,0.28266467407631257,1082.4003501937702,False,settled
b,yellow_ramp,ramp,0.0,1.7,0.0,0.22450488995346907,1109.9571914444502,False,settled
b,yellow_ramp,ramp,0.0,1.7,0.0,0.31423310079913264,1078.1938818459394,False,settled
b,yellow_ramp,ramp,0.0,1.7,0.0,0.4258013146747931,1029.0617167675189,False,settled
b,yellow_ramp,ramp,0.0,1.7,0.0,0.6426547950265914,947.5885405535204,False,settled
b,yellow_ramp,ramp,0.0,1.7,0.0,0.7370993238032776,924.1696463260934,False,settled
b,yellow_ramp,ramp,0.0,1.7,0.0,1.2044412796077777,798.7369485837385,False,settled
b,yellow_ramp,ramp,0.0,1.7,0.0,0.2555194551709808,1091.2211878648618,False,settled
b,yellow_ramp,ramp,0.0,1.7,0.0,1.1088318755479791,821.7182166646737,False,settled
b,yellow_ramp,ramp,0.0,1.7,0.0,0.42234787867093937,1031.8119135276477,False,settled
b,yellow_ramp,ramp,0.0,1.7,0.0,0.5832551033664948,968.7471349420025,False,settled
b,yellow_ramp,ramp,0.0,1.7,0.0,0.4588713106108188,1019.7254430098031,False,settled
b,yellow_ramp,ramp,0.0,1.7,0.0,0.5209463877475241,988.4602395942109,False,settled
b,yellow_ramp,ramp,0.0,1.7,0.0,0.36960235776952277,1048.0723258911712,False,settled
b,yellow_ramp,ramp,0.0,1.7,0.0,0.508196602755754,998.1247414053752,False,settled
b,yellow_ramp,ramp,0.0,1.7,0.0,0.6410297266930693,948.9305543578765,False,settled
b,yellow_ramp,ramp,0.0,1.7,0.0,0.4993687523897131,1005.2182158033658,False,settled
b,yellow_ramp,ramp,0.0,1.7,0.0,0.6431419791818158,947.2817287642496,False,settled
b,yellow_ramp,ramp,0.0,1.7,0.0,0.3124456862159817,1065.4083345356828,False,settled
b,yellow_ramp,ramp,0.0,1.7,0.0,0.328426623751304,1072.0058643640305,False,settled
b,yellow_ramp,ramp,0.0,1.7,0.0,0.4637515861747316,1018.8082908013171,False,settled
b,yellow_ramp,ramp,0.0,1.7,0.0,0.45671896129083484,1020.129907472613,False,settled
b,yellow_ramp,ramp,0.0,1.7,0.0,0.5768315416740023,973.5562744234916,False,settled
b,yellow_ramp,ramp,0.0,1.7,0.0,0.5379518543155389,984.422074779604,False,settled
b,yellow_ramp,ramp,0.0,1.7,0.0,1.092971287664095,824.9701722666422,False,settled
b,yellow_ramp,ramp,0.0,1.7,0.0,1.1452019150003758,812.5779714479283,False,settled
b,yellow_ramp,ramp,0.0,1.7,0.0,0.578109337367993,972.5099302549013,False,settled
b,yellow_ramp,ramp,0.0,1.7,0.0,0.7648439696785913,912.9097845708038,False,settled
b,yellow_ramp,ramp,0.0,1.7,0.0,0.32879641757158173,1071.9570719583198,False,settled
b,yellow_ramp,ramp,0.0,1.7,0.0,0.8094417946011156,901.2128592022991,False,settled
b,yellow_ramp,ramp,0.0,1.7,0.0,1.1928687732689802,801.7941495288081,False,settled
b,yellow_ramp,ramp,0.0,1.7,0.0,1.0975626745543263,824.1514667382831,False,settled
b,yellow_ramp,ramp,0.0,1.7,0.0,0.7726978765872315,907.0805208872412,False,settled
b,yellow_ramp,ramp,0.0,1.7,0.0,0.47889415017371,1010.3009325455987,False,settled
b,yellow_ramp,ramp,0.0,1.7,0.0,1.1039549113748732,823.1505356458372,False,settled
b,yellow_ramp,ramp,0.0,1.7,0.0,0.9481276623670527,858.9048719461985,False,settled
b,yellow_ramp,ramp,0.0,1.7,0.0,0.7012078757999389,931.9414473351602,False,settled
b,yellow_ramp,ramp,0.0,1.7,0.0,0.3593638961133739,1056.0723223896669,False,settled
b,yellow_ramp,ramp,0.0,1.7,0.0,0.8456385484141422,889.1893941313665,False,settled
b,yellow_ramp,ramp,0.0,1.7,0.0,0.6931182450215763,938.717464878263,False,settled
b,yellow_ramp,ramp,0.0,1.7,0.0,1.1850092520624615,804.1278760131039,False,settled
b,yellow_ramp,ramp,0.0,1.7,0.0,0.3894734337020133,1035.8265882871574,False,settled
b,yellow_ramp,ramp,0.0,1.7,0.0,0.2511569410739357,1098.862172331168,False,settled
b,yellow_ramp,ramp,0.0,1.7,0.0,0.4113770565952795,1027.8610866312406,False,settled
b,yellow_ramp,ramp,0.0,1.7,0.0,0.9472834814409333,859.8300320999701,False,settled
b,yellow_ramp,ramp,0.0,1.7,0.0,0.5646464478825518,973.6417506713126,False,settled
b,yellow_ramp,ramp,0.0,1.7,0.0,0.42162317134333355,1032.3889706194534,False,settled
b,yellow_ramp,ramp,0.0,1.7,0.0,0.7251981121750157,927.0963512945871,False,settled
b,yellow_ramp,ramp,0.0,1.7,0.0,0.22049270493766482,1112.1441487445356,False,settled
b,yellow_ramp,ramp,0.0,1.7,0.0,0.6513005346892674,949.3016127657742,False,settled
b,yellow_ramp,ramp,0.0,1.7,0.0,0.2531300395882891,1101.875577449508,False,settled
b,yellow_ramp,ramp,0.0,1.7,0.0,0.48157526143314244,1008.1450219200317,False,settled
b,yellow_ramp,ramp,0.0,1.7,0.0,0.9131855255508243,870.7964090435025,False,settled
b,yellow_ramp,ramp,0.0,1.7,0.0,0.6423745435025148,947.8164185638865,False,settled
b,yellow_ramp,ramp,0.0,1.7,0.0,1.0755573811459052,831.1759550431057,False,settled
b,yellow_ramp,ramp,0.0,1.7,0.0,0.6003920718062614,967.0877451714472,False,settled
b,yellow_ramp,ramp,0.0,1.7,0.0,0.706020387792242,927.8090564018407,False,settled
b,yellow_ramp,ramp,0.0,1.7,0.0,0.4190405176303528,1034.4591616165915,False,settled
b,yellow_ramp,ramp,0.0,1.7,0.0,1.1915994249912354,801.7074076548472,False,settled
b,yellow_ramp,ramp,0.0,1.7,0.0,1.1664919336841595,808.1571538659458,False,settled
b,yellow_ramp,ramp,0.0,1.7,0.0,0.24476004823351963,1097.6783571882384,False,settled
b,yellow_ramp,ramp,0.0,1.7,0.0,1.2004722827912002,800.395597849517,False,settled
b,yellow_ramp,ramp,0.0,1.7,0.0,0.8420082460617103,890.7304553168726,False,settled
b,yellow_ramp,ramp,0.0,1.7,0.0,1.1121022283809248,821.1973762866592,False,settled
b,yellow_ramp,ramp,0.0,1.7,0.0,0.5603762706535126,977.0902601180186,False,settled
b,yellow_ramp,ramp,0.0,1.7,0.0,0.4359867794640981,1020.982712013346,False,settled
b,yellow_ramp,ramp,0.0,1.7,0.0,0.9841970618397123,850.8200888737008,False,settled
b,yellow_ramp,ramp,0.0,1.7,0.0,0.47998740217035124,1009.4218853910611,False,settled
b,yellow_ramp,ramp,0.0,1.7,0.0,0.6663282835814458,945.3302400915181,False,settled
b,yellow_ramp,ramp,0.0,1.7,0.0,0.5190158072088912,989.8775450980215,False,settled
b,yellow_ramp,ramp,0.0,1.7,0.0,0.9275320699170795,866.3978861733433,False,settled
b,yellow_ramp,ramp,0.0,1.7,0.0,0.5066740635184247,999.2924927144884,False,settled
b,yellow_ramp,ramp,0.0,1.7,0.0,0.29262971148638584,1078.0047175110587,False,settled
b,yellow_ramp,ramp,0.0,1.7,0.0,0.2979499713394568,1075.8478572909596,False,settled
b,yellow_ramp,ramp,0.0,1.7,0.0,0.37634103581014794,1042.8349875852673,False,settled
b,yellow_ramp,ramp,0.0,1.7,0.0,0.7091045675708069,932.9891706489394,False,settled
b,yellow_ramp,ramp,0.0,1.7,0.0,0.7539345421724928,917.2201217581277,False,settled
b,yellow_ramp,ramp,0.0,1.7,0.0,0.8603118584558298,884.0893875745529,False,settled
b,yellow_ramp,ramp,0.0,1.7,0.0,0.4589858766811921,1019.7039139319476,False,settled
b,yellow_ramp,ramp,0.0,1.7,0.0,0.9559145511794855,855.2601643016671,False,settled
b,yellow_ramp,ramp,0.0,1.7,0.0,0.26296025344705004,1098.4829099748492,False,settled
b,yellow_ramp,ramp,0.0,1.7,0.0,1.1624585685852187,809.5606525760808,False,settled
b,yellow_ramp,ramp,0.0,1.7,0.0,0.5965920594595269,968.060122846262,False,settled
b,yellow_ramp,ramp,0.0,1.7,0.0,0.29503417786793157,1077.4595535521535,False,settled
b,yellow_ramp,ramp,0.0,1.7,0.0,0.5930229224498071,970.3800501006262,False,settled
b,yellow_ramp,ramp,0.0,1.7,0.0,0.3050322030169718,1071.0293397194719,False,settled
b,yellow_ramp,ramp,0.0,1.7,0.0,1.1915599335924334,801.8425917196729,False,settled
b,yellow_ramp,ramp,0.0,1.7,0.0,0.7529514201521379,918.0964004293435,False,settled
b,yellow_ramp,ramp,0.0,1.7,0.0,0.796497997389209,899.6998817959725,False,settled
b,yellow_ramp,ramp,0.0,1.7,0.0,0.7863726122210755,908.8612630681932,False,settled
b,yellow_ramp,ramp,0.0,1.7,0.0,0.37265095662556913,1045.6986566622948,False,settled
b,yellow_ramp,ramp,0.0,1.7,0.0,0.33387107386105136,1057.5280759779157,False,settled
b,yellow_ramp,ramp,0.0,1.7,0.0,0.8455440544758379,889.2291564744894,False,settled
b,yellow_ramp,ramp,0.0,1.7,0.0,0.6975284105945447,935.1341931994735,False,settled
b,yellow_ramp,ramp,0.0,1.7,0.0,1.013944690408267,845.9859841640553,False,settled
b,yellow_ramp,ramp,0.0,1.7,0.0,1.0212890826105085,845.0058226898934,False,settled
b,yellow_ramp,ramp,0.0,1.7,0.0,0.8102415239307739,900.4663310731522,False,settled
b,yellow_ramp,ramp,0.0,1.7,0.0,0.7382634820716689,923.4128205605194,False,settled
b,yellow_ramp,ramp,0.0,1.7,0.0,0.6962299777609489,936.0119265923894,False,settled
b,yellow_ramp,ramp,0.0,1.7,0.0,0.4855597797161691,1004.9417575894329,False,settled
b,yellow_ramp,ramp,0.0,1.7,0.0,0.2767116180824259,1085.0308993969904,False,settled
b,yellow_ramp,ramp,0.0,1.7,0.0,0.9201685275607447,868.8988019466597,False,settled
b,yellow_ramp,ramp,0.0,1.7,0.0,0.7537350970345761,917.3978937195609,False,settled
b,yellow_ramp,ramp,0.0,1.7,0.0,1.1823229392316597,805.0242598753345,False,settled
b,yellow_ramp,ramp,0.0,1.7,0.0,0.4204520525565383,1033.3266507144906,False,settled
b,yellow_ramp,ramp,0.0,1.7,0.0,0.35279934450566697,1061.0008848020118,False,settled
b,yellow_ramp,ramp,0.0,1.7,0.0,1.08559038698034,829.2999898661901,False,settled
b,yellow_ramp,ramp,0.0,1.7,0.0,0.6078901454602414,965.1769341450005,False,settled
b,yellow_ramp,ramp,0.0,1.7,0.0,1.1267338248052288,819.0030589193317,False,settled
b,yellow_ramp,ramp,0.0,1.7,0.0,0.5925924033177079,970.7307258059352,False,settled
b,yellow_ramp,ramp,0.0,1.7,0.0,0.5455761307207655,988.9515019132697,False,settled
b,yellow_ramp,ramp,0.0,1.7,0.0,0.8629052365317924,881.6458744374694,False,settled
b,yellow_ramp,ramp,0.0,1.7,0.0,0.672490385132981,940.3939334666712,False,settled
b,yellow_ramp,ramp,0.0,1.7,0.0,0.7601968340686819,914.53621742614,False,settled
b,yellow_ramp,ramp,0.0,1.7,0.0,0.4923193032580721,999.6289267081218,False,settled
b,yellow_ramp,ramp,0.0,1.7,0.0,0.3176213737399606,1075.523457668068,False,settled
b,yellow_ramp,ramp,0.0,1.7,0.0,0.22133379008698045,1116.301483297668,False,settled
b,yellow_ramp,ramp,0.0,1.7,0.0,0.7064519198481826,927.4368307698485,False,settled
b,yellow_ramp,ramp,0.0,1.7,0.0,1.1767633998457712,805.4161679703934,False,settled
b,yellow_ramp,ramp,0.0,1.7,0.0,1.0888353225859972,827.4455554586788,False,settled
b,yellow_ramp,ramp,0.0,1.7,0.0,0.6029478004415991,966.4339498687168,False,settled
b,yellow_ramp,ramp,0.0,1.7,0.0,0.24894786783861728,1092.1292991580096,False,settled
b,yellow_ramp,ramp,0.0,1.7,0.0,0.27189405700601327,1084.7134580126933,False,settled
b,yellow_ramp,ramp,0.0,1.7,0.0,0.351920852352581,1061.6951182049927,False,settled
b,yellow_ramp,ramp,0.0,1.7,0.0,0.5590607964881597,977.8940996341232,False,settled
b,yellow_ramp,ramp,0.0,1.7,0.0,1.1117443178674298,821.890184426316,False,settled
b,yellow_ramp,ramp,0.0,1.7,0.0,0.922030384114163,866.9553701003617,False,settled
b,yellow_ramp,ramp,0.0,1.7,0.0,1.1445941593721531,813.9887112554072,False,settled
b,yellow_ramp,ramp,0.0,1.7,0.0,1.0882653134744242,828.3855778262554,False,settled
b,yellow_ramp,ramp,0.0,1.7,0.0,1.1169032178503642,819.5955565088691,False,settled
b,yellow_ramp,ramp,0.0,1.7,0.0,1.05109637822239,836.9526580369144,False,settled
b,yellow_ramp,ramp,0.0,1.7,0.0,0.7005212193414685,932.5341441346293,False,settled
b,yellow_ramp,ramp,0.0,1.7,0.0,0.9716358273885168,851.9379229176207,False,settled
b,yellow_ramp,ramp,0.0,1.7,0.0,0.7812612086925931,906.464818464036,False,settled
b,yellow_ramp,ramp,0.0,1.7,0.0,0.6575857413822727,944.1430775240653,False,settled
b,yellow_ramp,ramp,0.0,1.7,0.0,0.5591589569131237,977.8144653386121,False,settled
b,yellow_ramp,ramp,0.0,1.7,0.0,0.8312102941052826,894.0693677136264,False,settled
b,yellow_ramp,ramp,0.0,1.7,0.0,1.0247479928586913,842.0629413161441,False,settled
b,yellow_ramp,ramp,0.0,1.7,0.0,0.7303085811832953,922.5979440685543,False,settled
b,yellow_ramp,ramp,0.0,1.7,0.0,0.9678573792182942,851.4943296208181,False,settled
b,yellow_ramp,ramp,0.0,1.7,0.0,0.5776890491165624,972.8541013334948,False,settled
b,yellow_ramp,ramp,0.0,1.7,0.0,0.8903953527570251,877.5424354565367,False,settled
b,yellow_ramp,ramp,0.0,1.7,0.0,0.5074713913757583,998.6841876712726,False,settled
b,yellow_ramp,ramp,0.0,1.7,0.0,0.804641960712868,898.9188220558511,False,settled
b,yellow_ramp,ramp,0.0,1.7,0.0,0.24707987222934355,1104.2644423918478,False,settled
b,yellow_ramp,ramp,0.0,1.7,0.0,0.4902659221402843,1001.1778655221198,False,settled
b,yellow_ramp,ramp,0.0,1.7,0.0,0.3987048933108775,1034.4374950102924,False,settled
b,yellow_ramp,ramp,0.0,1.7,0.0,0.6792183737006553,938.0687866350638,False,settled
b,yellow_ramp,ramp,0.0,1.7,0.0,0.9690720183297851,854.5128026309316,False,settled
b,yellow_ramp,ramp,0.0,1.7,0.0,0.700301172992466,932.7240772312547,False,settled
b,yellow_ramp,ramp,0.0,1.7,0.0,1.0994665484328754,824.4304677821624,False,settled
b,yellow_ramp,ramp,0.0,1.7,0.0,0.9018528564248615,871.463298638628,False,settled
b,yellow_ramp,ramp,0.0,1.7,0.0,0.5722899525942567,977.2978753808128,False,settled
b,yellow_ramp,ramp,0.0,1.7,0.0,0.27814982974057906,1084.0013090339653,False,settled
b,yellow_ramp,ramp,0.0,1.7,0.0,0.24667907051581808,1102.5209223959075,False,settled
b,yellow_ramp,ramp,0.0,1.7,0.0,1.0500157522593496,837.1934896727795,False,settled
b,yellow_ramp,ramp,0.0,1.7,0.0,1.1145596276474667,819.1492429065455,False,settled
b,yellow_ramp,ramp,0.0,1.7,0.0,1.0717680389866655,832.2645418005602,False,settled
b,yellow_ramp,ramp,0.0,1.7,0.0,0.36741953859099685,1049.7793553904187,False,settled
b,yellow_ramp,ramp,0.0,1.7,0.0,0.48461357689931805,1005.7023736989987,False,settled
b,yellow_ramp,ramp,0.0,1.7,0.0,1.1637895290904543,807.5676261611558,False,settled
b,yellow_ramp,ramp,0.0,1.7,0.0,0.6330385551993333,955.3543852216985,False,settled
b,yellow_ramp,ramp,0.0,1.7,0.0,0.28673580801416937,1077.9396345889943,False,settled
b,yellow_ramp,ramp,0.0,1.7,0.0,0.9297160919877945,864.3509001824311,False,settled
b,yellow_ramp,ramp,0.0,1.7,0.0,0.23704785019789124,1112.2996322402585,False,settled
b,yellow_ramp,ramp,0.0,1.7,0.0,0.8242526454925053,894.0785912267562,False,settled
b,yellow_ramp,ramp,0.0,1.7,0.0,0.775016553917898,912.1598267344623,False,settled
b,yellow_ramp,ramp,0.0,1.7,0.0,0.9860840531440621,848.8661661590146,False,settled
b,yellow_ramp,ramp,0.0,1.7,0.0,1.0562723639731981,834.4461543429564,False,settled
b,yellow_ramp,ramp,0.0,1.7,0.0,0.23852358628157094,1103.316194371056,False,settled
b,yellow_ramp,ramp,0.0,1.7,0.0,0.2789050453303784,1083.925912824394,False,settled
b,yellow_ramp,ramp,0.0,1.7,0.0,0.5565281125838709,979.9627555349479,False,settled
b,yellow_ramp,ramp,0.0,1.7,0.0,1.0784047304620374,830.2778723664688,False,settled
b,yellow_ramp,ramp,0.0,1.7,0.0,0.33429834682051757,1057.3808909514798,False,settled
b,yellow_ramp,ramp,0.0,1.7,0.0,0.9538368892760124,857.5280601267781,False,settled
b,yellow_ramp,ramp,0.0,1.7,0.0,0.7111888357051979,931.4130751319553,False,settled
b,yellow_ramp,ramp,0.0,1.7,0.0,0.3126701293803702,1065.2448464389258,False,settled
b,yellow_ramp,ramp,0.0,1.7,0.0,0.8094386172792669,901.2158250590652,False,settled
b,yellow_ramp,ramp,0.0,1.7,0.0,0.3180098887994028,1075.217156846608,False,settled
b,yellow_ramp,ramp,0.0,1.7,0.0,0.32297852575717134,1072.724134514715,False,settled
b,yellow_ramp,ramp,0.0,1.7,0.0,0.3258142852978171,1072.3503131074938,False,settled
b,yellow_ramp,ramp,0.0,1.7,0.0,1.0837110542361885,828.8557211833811,False,settled
b,yellow_ramp,ramp,0.0,1.7,0.0,0.5959213935604011,968.2317225662956,False,settled
b,yellow_ramp,ramp,0.0,1.7,0.0,0.9523924829261843,858.8663041316813,False,settled
b,yellow_ramp,ramp,0.0,1.7,0.0,1.1647221909977759,808.8297130907506,False,settled
b,yellow_ramp,ramp,0.0,1.7,0.0,1.069656755148214,831.8610948203074,False,settled
b,yellow_ramp,ramp,0.0,1.7,0.0,0.45713631505539026,1020.0514795738663,False,settled
b,yellow_ramp,ramp,0.0,1.7,0.0,0.3948334668873964,1035.0959626337374,False,settled
b,yellow_ramp,ramp,0.0,1.7,0.0,0.8356162758917054,889.9260506713612,False,settled
b,yellow_ramp,ramp,0.0,1.7,0.0,0.5618998815030727,975.9452643275595,False,settled
b,yellow_ramp,ramp,0.0,1.7,0.0,0.37344058424990384,1045.085840194958,False,settled
b,yellow_ramp,ramp,0.0,1.7,0.0,1.0731326275959219,831.3438360974488,False,settled
b,yellow_ramp,ramp,0.0,1.7,0.0,0.9679941349512158,851.4383896407129,False,settled
b,yellow_ramp,ramp,0.0,1.7,0.0,0.3692529894368145,1048.345545253251,False,settled
b,yellow_ramp,ramp,0.0,1.7,0.0,0.8001083671388289,903.1161582215057,False,settled
b,yellow_ramp,ramp,0.0,1.7,0.0,0.30596372255686244,1070.4129933927397,False,settled
b,yellow_ramp,ramp,0.0,1.7,0.0,0.347363549860044,1051.814614458579,False,settled
b,yellow_ramp,ramp,0.0,1.7,0.0,0.6925595115828196,931.1760748440179,False,settled
b,yellow_ramp,ramp,0.0,1.7,0.0,0.31262179707315557,1065.2818661398535,False,settled
b,yellow_ramp,ramp,0.0,1.7,0.0,0.35056613156024535,1062.7734555957784,False,settled
b,yellow_ramp,ramp,0.0,1.7,0.0,0.6725566078834708,940.3383598649965,False,settled
b,yellow_ramp,ramp,0.0,1.7,0.0,0.37186964886171725,1046.3049716365015,False,settled
b,yellow_ramp,ramp,0.0,1.7,0.0,1.0081003102833468,844.3531617400356,False,settled
b,yellow_ramp,ramp,0.0,1.7,0.0,0.7292313074740835,923.5425253554549,False,settled
b,yellow_ramp,ramp,0.0,1.7,0.0,0.26575605192241375,1086.3226322647101,False,settled
b,yellow_ramp,ramp,0.0,1.7,0.0,0.9871817133278064,847.678706534548,False,settled
b,yellow_ramp,ramp,0.0,1.7,0.0,0.4258381367443247,1029.0323945640646,False,settled
b,yellow_ramp,ramp,0.0,1.7,0.0,0.69945703365431,933.4556010510548,False,settled
b,yellow_ramp,ramp,0.0,1.7,0.0,0.625712990283966,952.5316797317735,False,settled
b,yellow_ramp,ramp,0.0,1.7,0.0,0.7158351054512421,927.351257212348,False,settled
b,yellow_ramp,ramp,0.0,1.7,0.0,0.35998044301320464,1055.5925061633632,False,settled
b,yellow_ramp,ramp,0.0,1.7,0.0,0.9927818743960999,845.4482205751683,False,settled
b,yellow_ramp,ramp,0.0,1.7,0.0,0.3277844336936836,1072.0905446084569,False,settled
b,yellow_ramp,ramp,0.0,1.7,0.0,0.4647995455703729,1018.611393007006,False,settled
b,yellow_ramp,ramp,0.0,1.7,0.0,0.5685030186626886,980.4247041133366,False,settled
b,yellow_ramp,ramp,0.0,1.7,0.0,1.077355301558229,828.4692699196247,False,settled
b,yellow_ramp,ramp,0.0,1.7,0.0,0.6630410769966367,948.0949798433229,False,settled
b,yellow_ramp,ramp,0.0,1.7,0.0,1.1021598433145554,822.9209029213922,False,settled
b,yellow_ramp,ramp,0.0,1.7,0.0,0.5850289960856351,967.2557393831542,False,settled
b,yellow_ramp,ramp,0.0,1.7,0.0,0.6416496963388318,948.4151060749208,False,settled
b,yellow_ramp,ramp,0.0,1.7,0.0,1.0219531708536223,844.1384520771937,False,settled
b,yellow_ramp,ramp,0.0,1.7,0.0,0.6444241212832074,954.8794442743139,False,settled
b,yellow_ramp,ramp,0.0,1.7,0.0,0.48336482674608855,1006.7061871618332,False,settled
b,yellow_ramp,ramp,0.0,1.7,0.0,0.2585595657200328,1094.6028199206726,False,settled
b,yellow_ramp,ramp,0.0,1.7,0.0,0.5748439803046975,975.1895752568482,False,settled
b,yellow_ramp,ramp,0.0,1.7,0.0,0.5014301953577237,1003.544336580525,False,settled
b,yellow_ramp,ramp,0.0,1.7,0.0,0.4562582524305988,1020.216482394979,False,settled
b,yellow_ramp,ramp,0.0,1.7,0.0,0.4571705455454057,1020.0450470749839,False,settled
b,yellow_ramp,ramp,0.0,1.7,0.0,1.2042771500300817,799.1593329009823,False,settled
b,yellow_ramp,ramp,0.0,1.7,0.0,0.6242937309772241,953.6635671455851,False,settled
b,yellow_ramp,ramp,0.0,1.7,0.0,0.8416345519494087,890.8896942613984,False,settled
b,yellow_ramp,ramp,0.0,1.7,0.0,0.5984721942790434,967.5788796861124,False,settled
b,yellow_ramp,ramp,0.0,1.7,0.0,0.8060236816326346,897.6672305972795,False,settled
b,yellow_ramp,ramp,0.0,1.7,0.0,0.36980301311620734,1047.9154053484986,False,settled
b,yellow_ramp,ramp,0.0,1.7,0.0,0.4231909092850459,1031.1405906999144,False,settled
b,yellow_ramp,ramp,0.0,1.7,0.0,0.8824035905523572,879.8968285703002,False,settled
b,yellow_ramp,ramp,0.0,1.7,0.0,0.6219056034024946,955.7201423833673,False,settled
b,yellow_ramp,ramp,0.0,1.7,0.0,0.7491699139177973,913.9416020931487,False,settled
b,yellow_ramp,ramp,0.0,1.7,0.0,0.627878641158605,959.7086014936112,False,settled
b,yellow_ramp,ramp,0.0,1.7,0.0,1.0541825288522155,836.3590046357534,False,settled
b,yellow_ramp,ramp,0.0,1.7,0.0,0.39829549706645195,1034.4970253844542,False,settled
b,yellow_ramp,ramp,0.0,1.7,0.0,0.6602568453161646,941.9324887792668,False,settled
b,yellow_ramp,ramp,0.0,1.7,0.0,0.7487803057868253,914.2801217161034,False,settled
b,yellow_ramp,ramp,0.0,1.7,0.0,1.1013165986948614,824.3153857721751,False,settled
b,yellow_ramp,ramp,0.0,1.7,0.0,0.9665778533306227,852.9879132835655,False,settled
b,yellow_ramp,ramp,0.0,1.7,0.0,1.1694376791684953,807.6902842784383,False,settled
b,yellow_ramp,ramp,0.0,1.7,0.0,0.6195650323436338,957.5739525508538,False,settled
b,yellow_ramp,ramp,0.0,1.7,0.0,0.9209748670331676,868.0571052135471,False,settled
b,yellow_ramp,ramp,0.0,1.7,0.0,0.505735470466762,1000.0489895515034,False,settled
b,yellow_ramp,ramp,0.0,1.7,0.0,0.6330637309127582,955.3332977798162,False,settled
b,yellow_ramp,ramp,0.0,1.7,0.0,1.109582548070261,822.8701469003446,False,settled
b,yellow_ramp,ramp,0.0,1.7,0.0,1.139423662402347,815.1696365970843,False,settled
b,yellow_ramp,ramp,0.0,1.7,0.0,0.5155643197584889,992.3099977199241,False,settled
b,yellow_ramp,ramp,0.0,1.7,0.0,0.9723159743753155,851.0959019282575,False,settled
b,yellow_ramp,ramp,0.0,1.7,0.0,0.5511096902730348,984.3952981773558,False,settled
b,yellow_ramp,ramp,0.0,1.7,0.0,0.5263069533993084,986.7788082445736,False,settled
b,yellow_ramp,ramp,0.0,1.7,0.0,0.44520643052508235,1026.06736245695,False,settled
b,yellow_ramp,ramp,0.0,1.7,0.0,0.7943872274880518,901.5911467068344,False,settled
b,yellow_ramp,ramp,0.0,1.7,0.0,0.32434686958744435,1072.5438843425466,False,settled
b,yellow_ramp,ramp,0.0,1.7,0.0,1.054846907744757,835.3928421562272,False,settled
b,yellow_ramp,ramp,0.0,1.7,0.0,0.30910022493273587,1067.935210436423,False,settled
b,yellow_ramp,ramp,0.0,1.7,0.0,0.5614624353511425,976.3005057649725,False,settled
b,yellow_ramp,ramp,0.0,1.7,0.0,0.5665495214759663,972.1472161345242,False,settled
b,yellow_ramp,ramp,0.0,1.7,0.0,1.017222312720278,846.0480952798501,False,settled
b,yellow_ramp,ramp,0.0,1.7,0.0,0.834257500420083,891.203422190389,False,settled
b,yellow_ramp,ramp,0.0,1.7,0.0,0.2871047698600367,1077.6619320554837,False,settled
b,yellow_ramp,ramp,0.0,1.7,0.0,0.5087586143249172,997.6819338306703,False,settled
b,yellow_ramp,ramp,0.0,1.7,0.0,0.44051040498575306,1017.5226446386124,False,settled
b,yellow_ramp,ramp,0.0,1.7,0.0,0.8237307004844201,894.558361633377,False,settled
b,yellow_ramp,ramp,0.0,1.7,0.0,0.7088028924565712,933.2534675408248,False,settled
b,yellow_ramp,ramp,0.0,1.7,0.0,0.7835986024590782,904.3640655025426,False,settled
b,yellow_ramp,ramp,0.0,1.7,0.0,0.23516518832710284,1100.571300920844,False,settled
b,yellow_ramp,ramp,0.0,1.7,0.0,1.0414697129567683,838.7720471086477,False,settled
b,yellow_ramp,ramp,0.0,1.7,0.0,0.865968942881864,884.5435987293176,False,settled
b,yellow_ramp,ramp,0.0,1.7,0.0,0.5681892717940249,980.6837607761215,False,settled
b,yellow_ramp,ramp,0.0,1.7,0.0,0.5655686634799769,972.9972071427632,False,settled
b,yellow_ramp,ramp,0.0,1.7,0.0,0.33443370942929346,1057.3649176893614,False,settled
b,yellow_ramp,ramp,0.0,1.7,0.0,0.2470797953603794,1104.2642213456477,False,settled
b,yellow_ramp,ramp,0.0,1.7,0.0,0.7575021574708974,915.4795820351202,False,settled
b,yellow_ramp,ramp,0.0,1.7,0.0,1.1101144988880796,821.6410363491956,False,settled
b,yellow_ramp,ramp,0.0,1.7,0.0,0.6038055938340834,966.2145127330625,False,settled
b,yellow_ramp,ramp,0.0,1.7,0.0,0.6659374516879915,945.6587325586419,False,settled
b,yellow_ramp,ramp,0.0,1.7,0.0,0.35370096711484494,1060.288245764698,False,settled
b,yellow_ramp,ramp,0.0,1.7,0.0,1.1056128122876143,823.4639743105363,False,settled
b,yellow_ramp,ramp,0.0,1.7,0.0,1.1673912339976587,808.1557099930841,False,settled
b,yellow_ramp,ramp,0.0,1.7,0.0,1.087354423223253,827.6326429088745,False,settled
b,yellow_ramp,ramp,0.0,1.7,0.0,0.5111730648127558,995.7784417541524,False,settled
b,yellow_ramp,ramp,0.0,1.7,0.0,1.1274145147305432,817.6461948123482,False,settled
b,yellow_ramp,ramp,0.0,1.7,0.0,0.6009078778510771,966.9557939953672,False,settled
b,yellow_ramp,ramp,0.0,1.7,0.0,0.5972112770745134,967.9016899077652,False,settled
b,yellow_ramp,ramp,0.0,1.7,0.0,0.2425600361721881,1105.5849435928437,False,settled
b,yellow_ramp,ramp,0.0,1.7,0.0,0.8032758814044834,900.1798053709147,False,settled
b,yellow_ramp,ramp,0.0,1.7,0.0,0.4923971997722752,999.5668083912516,False,settled
b,yellow_ramp,ramp,0.0,1.7,0.0,0.7296274737670647,923.195199032227,False,settled
b,yellow_ramp,ramp,0.0,1.7,0.0,0.7953017056820711,900.6858962935933,False,settled
b,yellow_ramp,ramp,0.0,1.7,0.0,0.3857326112721426,1049.3025892259286,False,settled
b,yellow_ramp,ramp,0.0,1.7,0.0,0.9315389363044434,862.4500445345268,False,settled
b,yellow_ramp,ramp,0.0,1.7,0.0,0.8330917327708823,892.2995707339293,False,settled
b,yellow_ramp,ramp,0.0,1.7,0.0,0.7979887204068105,905.0814238680988,False,settled
b,yellow_ramp,ramp,0.0,1.7,0.0,0.9139248511240426,870.0402116318432,False,settled
b,yellow_ramp,ramp,0.0,1.7,0.0,0.22739189613997327,1109.313641963581,False,settled
b,yellow_ramp,ramp,0.0,1.7,0.0,1.191976148394058,802.4703152957845,False,settled
b,yellow_ramp,ramp,0.0,1.7,0.0,0.6319797496620637,956.244949972475,False,settled
b,yellow_ramp,ramp,0.0,1.7,0.0,0.4291283013051956,1026.4120969611915,False,settled
b,yellow_ramp,ramp,0.0,1.7,0.0,0.9564351840547801,854.6921425718052,False,settled
b,yellow_ramp,ramp,0.0,1.7,0.0,1.0842485224715412,827.9854783933131,False,settled
b,yellow_ramp,ramp,0.0,1.7,0.0,0.9394484315731512,862.8503644820811,False,settled
b,yellow_ramp,ramp,0.0,1.7,0.0,0.27831973519739495,1084.00514487402,False,settled
b,yellow_ramp,ramp,0.0,1.7,0.0,0.8201136094525205,897.848022411191,False,settled
b,yellow_ramp,ramp,0.0,1.7,0.0,0.6039539693920798,966.1765559059712,False,settled
b,yellow_ramp,ramp,0.0,1.7,0.0,0.5322918939334008,985.5256896752443,False,settled
b,yellow_ramp,ramp,0.0,1.7,0.0,1.0546092637488393,835.7387090116371,False,settled
b,yellow_ramp,ramp,0.0,1.7,0.0,0.25553622191695746,1091.2521717516915,False,settled
b,yellow_ramp,ramp,0.0,1.7,0.0,0.6102675137942037,964.5773094641639,False,settled
b,yellow_ramp,ramp,0.0,1.7,0.0,1.1643037581739681,808.6220723880779,False,settled
b,yellow_ramp,ramp,0.0,1.7,0.0,0.7102233049649201,932.0088410527155,False,settled
b,yellow_ramp,ramp,0.0,1.7,0.0,1.0938265283979793,825.9680189861494,False,settled
b,yellow_ramp,ramp,0.0,1.7,0.0,0.28645811050073444,1078.3017722766199,False,settled
b,yellow_ramp,ramp,0.0,1.7,0.0,0.6280928279753365,959.5277065214184,False,settled
b,yellow_ramp,ramp,0.0,1.7,0.0,1.0074465356779427,847.0572094825327,False,settled
b,yellow_ramp,ramp,0.0,1.7,0.0,0.7760064831242715,911.2546608080811,False,settled
b,yellow_ramp,ramp,0.0,1.7,0.0,0.9311372648119085,862.9470085387603,False,settled
b,yellow_ramp,ramp,0.0,1.7,0.0,0.42005900077783337,1033.642018231369,False,settled
b,yellow_ramp,ramp,0.0,1.7,0.0,0.720999552811644,922.8806526303772,False,settled
b,yellow_ramp,ramp,0.0,1.7,0.0,0.6509397093277778,949.3505225203222,False,settled
b,yellow_ramp,ramp,0.0,1.7,0.0,0.5023247434136143,1002.8179154927755,False,settled
b,yellow_ramp,ramp,0.0,1.7,0.0,1.079789148605007,829.2650666844755,False,settled
b,yellow_ramp,ramp,0.0,1.7,0.0,0.8479538069056887,888.2150407005668,False,settled
b,yellow_ramp,ramp,0.0,1.7,0.0,0.7058197426364469,927.9781204522485,False,settled
b,yellow_ramp,ramp,0.0,1.7,0.0,0.8620686666883427,882.3748715959,False,settled
b,yellow_ramp,ramp,0.0,1.7,0.0,0.6366037948385753,952.6233320662941,False,settled
b,yellow_ramp,ramp,0.0,1.7,0.0,1.0595467720728247,833.4617643561696,False,settled
b,yellow_ramp,ramp,0.0,1.7,0.0,1.073308273407318,831.0690741173435,False,settled
b,yellow_ramp,ramp,0.0,1.7,0.0,0.8450023861863102,889.4570862371252,False,settled
b,yellow_ramp,ramp,0.0,1.7,0.0,1.1718258919387396,806.6934212204886,False,settled
b,yellow_ramp,ramp,0.0,1.7,0.0,1.0714864485210174,830.3016529475786,False,settled
b,yellow_ramp,ramp,0.0,1.7,0.0,1.0629570858391086,834.6159829728167,False,settled
b,yellow_ramp,ramp,0.0,1.7,0.0,0.9196424716243325,864.4926302646579,False,settled
b,yellow_ramp,ramp,0.0,1.7,0.0,0.9175540062112507,866.6603529473215,False,settled
b,yellow_ramp,ramp,0.0,1.7,0.0,0.7064107419084308,927.4723460343712,False,settled
b,yellow_ramp,ramp,0.0,1.7,0.0,0.8663526759080539,884.1635862440497,False,settled
b,yellow_ramp,ramp,0.0,1.7,0.0,1.012203325775366,845.5230763568559,False,settled
b,yellow_ramp,ramp,0.0,1.7,0.0,0.9939727955498148,848.391732637339,False,settled
b,yellow_ramp,ramp,0.0,1.7,0.0,0.5176491591802395,991.0309010912479,False,settled
b,yellow_ramp,ramp,0.0,1.7,0.0,0.6006499596296927,967.0217734756864,False,settled
b,yellow_ramp,ramp,0.0,1.7,0.0,1.0929619473885432,824.9851800949251,False,settled
b,yellow_ramp,ramp,0.0,1.7,0.0,0.6620425830891812,949.0000098786631,False,settled
b,yellow_ramp,ramp,0.0,1.7,0.0,0.8764601856646871,880.0456074783566,False,settled
b,yellow_ramp,ramp,0.0,1.7,0.0,0.32008499264227663,1073.9415818486316,False,settled
b,yellow_ramp,ramp,0.0,1.7,0.0,0.8949973681511778,873.2309558829895,False,settled
b,yellow_ramp,ramp,0.0,1.7,0.0,1.1540915737673707,811.2904751812641,False,settled
b,yellow_ramp,ramp,0.0,1.7,0.0,0.7624300038548377,913.7545200228413,False,settled
b,yellow_ramp,ramp,0.0,1.7,0.0,0.5119838804275475,995.1374656299879,False,settled
b,yellow_ramp,ramp,0.0,1.7,0.0,0.7219536794658803,922.1625233003673,False,settled
b,yellow_ramp,ramp,0.0,1.7,0.0,0.4343157887563616,1022.3035530866064,False,settled
b,yellow_ramp,ramp,0.0,1.7,0.0,0.2647396682461866,1085.6851452249496,False,settled
b,yellow_ramp,ramp,0.0,1.7,0.0,0.529809376602349,986.0440105499907,False,settled
b,yellow_ramp,ramp,0.0,1.7,0.0,0.992108988586074,846.3140435239972,False,settled
b,yellow_ramp,ramp,0.0,1.7,0.0,0.8022276013023757,901.1515306327138,False,settled
b,yellow_ramp,ramp,0.0,1.7,0.0,0.7813734660076268,906.3630508390779,False,settled
b,yellow_ramp,ramp,0.0,1.7,0.0,0.9193057348267747,864.8936195409115,False,settled
b,yellow_ramp,ramp,0.0,1.7,0.0,0.32974602575534634,1071.8319723929344,False,settled
b,yellow_ramp,ramp,0.0,1.7,0.0,0.3334870088063299,1057.5734504043342,False,settled
b,yellow_ramp,ramp,0.0,1.7,0.0,1.0265372117832592,842.2870535285127,False,settled
b,yellow_ramp,ramp,0.0,1.7,0.0,0.5155774420206548,992.2996791463954,False,settled
b,yellow_ramp,ramp,0.0,1.7,0.0,1.0682318642515607,831.624064034974,False,settled
b,yellow_ramp,ramp,0.0,1.7,0.0,0.3086656477240338,1068.2640344848512,False,settled
b,yellow_ramp,ramp,0.0,1.7,0.0,0.34046616046297157,1056.7325416700714,False,settled
b,yellow_ramp,ramp,0.0,1.7,0.0,0.6924245147255739,931.35852593051,False,settled
b,yellow_ramp,ramp,0.0,1.7,0.0,0.3180048877407424,1075.2210998251699,False,settled
b,yellow_ramp,ramp,0.0,1.7,0.0,1.0233277536771395,842.3456525787683,False,settled
b,yellow_ramp,ramp,0.0,1.7,0.0,0.5552548307570934,981.0041638041807,False,settled
b,yellow_ramp,ramp,0.0,1.7,0.0,0.7115988526746447,931.0534069825791,False,settled
b,yellow_ramp,ramp,0.0,1.7,0.0,0.6684978190844837,943.7601954869641,False,settled
b,yellow_ramp,ramp,0.0,1.7,0.0,1.125182950805622,819.0463110079098,False,settled
b,yellow_ramp,ramp,0.0,1.7,0.0,0.6087959428158254,964.9484828135725,False,settled
b,yellow_ramp,ramp,0.0,1.7,0.0,0.916799747759782,867.3435461631102,False,settled
b,yellow_ramp,ramp,0.0,1.7,0.0,0.5742379507401629,975.6898454648991,False,settled
b,yellow_ramp,ramp,0.0,1.7,0.0,0.5479150726578177,987.0224353172224,False,settled
b,yellow_ramp,ramp,0.0,1.7,0.0,1.0284666740137773,841.3807367849483,False,settled
b,yellow_ramp,ramp,0.0,1.7,0.0,0.2476481218479029,1105.9087982812055,False,settled
b,yellow_ramp,ramp,0.0,1.7,0.0,0.30805152393811214,1068.7344265203355,False,settled
b,yellow_ramp,ramp,0.0,1.7,0.0,1.188017699132671,803.6317233771626,False,settled
b,yellow_ramp,ramp,0.0,1.7,0.0,1.152487789750958,812.4065819710713,False,settled
b,yellow_ramp,ramp,0.0,1.7,0.0,0.4911549115436311,1000.4689982735017,False,settled
b,yellow_ramp,ramp,0.0,1.7,0.0,0.7885730576699284,906.8350530005565,False,settled
b,yellow_ramp,ramp,0.0,1.7,0.0,0.5661059786016989,972.4913598149354,False,settled
b,yellow_ramp,ramp,0.0,1.7,0.0,0.46519909896769535,1018.5363219778659,False,settled
b,yellow_ramp,ramp,0.0,1.7,0.0,0.45266600165198284,1020.8916126505768,False,settled
b,yellow_ramp,ramp,0.0,1.7,0.0,0.7140521694506987,928.9023403670622,False,settled
b,yellow_ramp,ramp,0.0,1.7,0.0,0.5236914499036243,987.4359604990709,False,settled
b,yellow_ramp,ramp,0.0,1.7,0.0,0.25190776772202034,1100.4125498257413,False,settled
b,yellow_ramp,ramp,0.0,1.7,0.0,0.4503020657192047,1022.0267940017155,False,settled
b,yellow_ramp,ramp,0.0,1.7,0.0,1.1189245401555372,819.8096990629542,False,settled
b,yellow_ramp,ramp,0.0,1.7,0.0,0.6188382873398375,958.178324657076,False,settled
b,yellow_ramp,ramp,0.0,1.7,0.0,0.9355524512498637,860.2370656803721,False,settled
b,yellow_ramp,ramp,0.0,1.7,0.0,0.8110186649958707,899.7407178205586,False,settled
b,yellow_ramp,ramp,0.0,1.7,0.0,0.728250506933103,924.4023687756857,False,settled
b,yellow_ramp,ramp,0.0,1.7,0.0,0.7112869896465283,931.3269744645349,False,settled
b,yellow_ramp,ramp,0.0,1.7,0.0,0.5526122312948869,983.1659644238077,False,settled
b,yellow_ramp,ramp,0.0,1.7,0.0,0.5201615016825321,988.9794374974675,False,settled
b,yellow_ramp,ramp,0.0,1.7,0.0,0.8683071938594417,882.2279485514193,False,settled
b,yellow_ramp,ramp,0.0,1.7,0.0,0.2403846720857625,1097.2246435213353,False,settled
b,yellow_ramp,ramp,0.0,1.7,0.0,0.34636887087558926,1052.5781159067471,False,settled
b,yellow_ramp,ramp,0.0,1.7,0.0,0.6939356078930662,938.0068024942572,False,settled
b,yellow_ramp,ramp,0.0,1.7,0.0,0.5852244392590348,967.0999987459414,False,settled
b,yellow_ramp,ramp,0.0,1.7,0.0,0.8595124907906825,884.8697045040336,False,settled
b,yellow_ramp,ramp,0.0,1.7,0.0,0.955076083681019,856.2536614265738,False,settled
b,yellow_ramp,ramp,0.0,1.7,0.0,0.47476438433872803,1013.6434833198203,False,settled
b,yellow_ramp,ramp,0.0,1.7,0.0,0.2833960863379741,1082.0017946103735,False,settled
b,yellow_ramp,ramp,0.0,1.7,0.0,0.5769835371840514,973.4318162689805,False,settled
b,yellow_ramp,ramp,0.0,1.7,0.0,1.1460618169657113,813.4866531324398,False,settled
b,yellow_ramp,ramp,0.0,1.7,0.0,1.0292361727792243,840.8220945849376,False,settled
b,yellow_ramp,ramp,0.0,1.7,0.0,0.5240003852862273,987.3644836149117,False,settled
b,yellow_ramp,ramp,0.0,1.7,0.0,0.2965603239198777,1076.6988793194348,False,settled
b,yellow_ramp,ramp,0.0,1.7,0.0,0.7378410806206166,923.779875341992,False,settled
b,yellow_ramp,ramp,0.0,1.7,0.0,1.0603438056827128,834.7542898330729,False,settled
b,yellow_ramp,ramp,0.0,1.7,0.0,0.2407293263928057,1097.596703194391,False,settled
b,yellow_ramp,ramp,0.0,1.7,0.0,0.6540440087460868,947.0322818136661,False,settled
b,yellow_ramp,ramp,0.0,1.7,0.0,0.3072846149312158,1069.4012367549856,False,settled
b,yellow_ramp,ramp,0.0,1.7,0.0,0.38435315569334816,1049.6114956144472,False,settled
b,yellow_ramp,ramp,0.0,1.7,0.0,0.594627755480037,969.067319172259,False,settled
b,yellow_ramp,ramp,0.0,1.7,0.0,0.7984242006859775,904.6776496216735,False,settled
b,yellow_ramp,ramp,0.0,1.7,0.0,0.22264667723084863,1108.9557858807557,False,settled
b,yellow_ramp,ramp,0.0,1.7,0.0,0.508392005257683,997.9708224398424,False,settled
b,yellow_ramp,ramp,0.0,1.7,0.0,0.7875015928831928,907.8216523191181,False,settled
b,yellow_ramp,ramp,0.0,1.7,0.0,1.0177942662135624,845.3111515950985,False,settled
b,yellow_ramp,ramp,0.0,1.7,0.0,0.9470190699854221,860.1197973040445,False,settled
b,yellow_ramp,ramp,0.0,1.7,0.0,1.0884221764657713,828.1270616786052,False,settled
b,yellow_ramp,ramp,0.0,1.7,0.0,0.6014993141428042,966.804495389801,False,settled
b,yellow_ramp,ramp,0.0,1.7,0.0,0.26980271833256725,1088.189533089459,False,settled
b,yellow_ramp,ramp,0.0,1.7,0.0,1.2046062020418322,799.5573849959306,False,settled
b,yellow_ramp,ramp,0.0,1.7,0.0,0.8973362482673851,870.9072432242817,False,settled
b,yellow_ramp,ramp,0.0,1.7,0.0,0.655740036981992,945.6001949352224,False,settled
b,yellow_ramp,ramp,0.0,1.7,0.0,0.6640771306089388,947.222792465836,False,settled
b,yellow_ramp,ramp,0.0,1.7,0.0,0.8734108311824685,877.5331221698543,False,settled
b,yellow_ramp,ramp,0.0,1.7,0.0,0.26446932853618027,1085.2928527419022,False,settled
b,yellow_ramp,ramp,0.0,1.7,0.0,0.5449561744973473,989.4627997273687,False,settled
b,yellow_ramp,ramp,0.0,1.7,0.0,1.1940059832971135,802.0676291448282,False,settled
b,yellow_ramp,ramp,0.0,1.7,0.0,0.6518422433965078,948.8435235461017,False,settled
b,yellow_ramp,ramp,0.0,1.7,0.0,1.1413040129002057,814.7874220087277,False,settled
b,yellow_ramp,ramp,0.0,1.7,0.0,0.5456953660372778,988.853164378096,False,settled
b,yellow_ramp,ramp,0.0,1.7,0.0,0.7291606396479723,923.6044808467998,False,settled
b,yellow_ramp,ramp,0.0,1.7,0.0,0.461120684567376,1019.3025992960571,False,settled
b,yellow_ramp,ramp,0.0,1.7,0.0,0.5637687785171249,974.3505636609843,False,settled
b,yellow_ramp,ramp,0.0,1.7,0.0,1.188936656994651,803.3237110070712,False,settled
b,yellow_ramp,ramp,0.0,1.7,0.0,0.2276145983451457,1111.6884852641208,False,settled
b,yellow_ramp,ramp,0.0,1.7,0.0,1.0043774407938666,844.6001866613375,False,settled
b,yellow_ramp,ramp,0.0,1.7,0.0,0.6279881722731493,959.6160952551471,False,settled
b,yellow_ramp,ramp,0.0,1.7,0.0,0.6935110798953714,938.3759168077648,False,settled
b,yellow_ramp,ramp,0.0,1.7,0.0,0.41025764089649575,1028.7308882467773,False,settled
b,yellow_ramp,ramp,0.0,1.7,0.0,1.1659694525669557,808.7623129113437,False,settled
b,yellow_ramp,ramp,0.0,1.7,0.0,0.6012977101463907,966.8560688337316,False,settled
b,yellow_ramp,ramp,0.0,1.7,0.0,0.6472868076118314,952.4412525635282,False,settled
b,yellow_ramp,ramp,0.0,1.7,0.0,0.8578052799482744,886.536304537224,False,settled
b,yellow_ramp,ramp,0.0,1.7,0.0,0.8015369309709083,901.7917480769527,False,settled
b,yellow_ramp,ramp,0.0,1.7,0.0,1.0319599526973262,841.4071884646162,False,settled
b,yellow_ramp,ramp,0.0,1.7,0.0,0.3659612968207921,1050.9199425703266,False,settled
b,yellow_ramp,ramp,0.0,1.7,0.0,0.3692403096530577,1048.3554613098681,False,settled
b,yellow_ramp,ramp,0.0,1.7,0.0,0.7580715742846328,915.2801443579747,False,settled
b,yellow_ramp,ramp,0.0,1.7,0.0,0.6534364872724798,947.5452501220306,False,settled
b,yellow_ramp,ramp,0.0,1.7,0.0,0.5972968715538929,967.8797898861824,False,settled
b,yellow_ramp,ramp,0.0,1.7,0.0,0.9772588553830108,850.1374747460208,False,settled
b,yellow_ramp,ramp,0.0,1.7,0.0,1.0774832695658028,830.5627475724143,False,settled
b,yellow_ramp,ramp,0.0,1.7,0.0,0.9187735006237009,865.3371854799266,False,settled
b,yellow_ramp,ramp,0.0,1.7,0.0,0.2670639140837871,1097.9647300844356,False,settled
b,yellow_ramp,ramp,0.0,1.7,0.0,0.9111553297917633,867.7507861961153,False,settled
b,yellow_ramp,ramp,0.0,1.7,0.0,0.3847656760446044,1049.4594452306812,False,settled
b,yellow_ramp,ramp,0.0,1.7,0.0,1.1144091820329578,821.076471666902,False,settled
b,yellow_ramp,ramp,0.0,1.7,0.0,0.6531204863297457,947.7624492607032,False,settled
b,yellow_ramp,ramp,0.0,1.7,0.0,1.160849861355073,807.9364513276441,False,settled
b,yellow_ramp,ramp,0.0,1.7,0.0,0.826142828863531,892.4269048120599,False,settled
b,yellow_ramp,ramp,0.0,1.7,0.0,0.2851315147989547,1081.1724929244344,False,settled
b,yellow_ramp,ramp,0.0,1.7,0.0,1.0862341082104907,828.2512506880987,False,settled
b,yellow_ramp,ramp,0.0,1.7,0.0,0.6222256316571741,955.4541247143267,False,settled
b,yellow_ramp,ramp,0.0,1.7,0.0,0.335215868120436,1057.27264022044,False,settled
b,yellow_ramp,ramp,0.0,1.7,0.0,0.4180558844156261,1035.2490871818707,False,settled
b,yellow_ramp,ramp,0.0,1.7,0.0,0.599891877893986,967.2157024905133,False,settled
b,yellow_ramp,ramp,0.0,1.7,0.0,0.42891538748188823,1026.5816650443703,False,settled
b,yellow_ramp,ramp,0.0,1.7,0.0,0.5209198424081776,988.481116568914,False,settled
b,yellow_ramp,ramp,0.0,1.7,0.0,1.1202148839252761,819.4923865863489,False,settled
b,yellow_ramp,ramp,0.0,1.7,0.0,0.9638697931153981,855.937022261393,False,settled
b,yellow_ramp,ramp,0.0,1.7,0.0,0.46279829710755266,1018.987400628567,False,settled
b,yellow_ramp,ramp,0.0,1.7,0.0,0.706563293831119,927.3407725365859,False,settled
b,yellow_ramp,ramp,0.0,1.7,0.0,1.0117247354793004,846.0271719614786,False,settled
b,yellow_ramp,ramp,0.0,1.7,0.0,0.2871975777668682,1077.7021634877333,False,settled
b,yellow_ramp,ramp,0.0,1.7,0.0,0.28381303867308394,1081.6143608834984,False,settled
b,yellow_ramp,ramp,0.0,1.7,0.0,0.9807277586105917,850.5985686052645,False,settled
b,yellow_ramp,ramp,0.0,1.7,0.0,0.733142277674328,920.2042880798914,False,settled
b,yellow_ramp,ramp,0.0,1.7,0.0,0.38853735490070523,1036.062658602088,False,settled
b,yellow_ramp,ramp,0.0,1.7,0.0,0.7306328373177621,922.3137300836961,False,settled
b,yellow_ramp,ramp,0.0,1.7,0.0,0.650490446388183,949.7300628680476,False,settled
b,yellow_ramp,ramp,0.0,1.7,0.0,0.5179969665192073,990.6793358617044,False,settled
b,yellow_ramp,ramp,0.0,1.7,0.0,0.5691662599878793,979.8770532857264,False,settled
b,yellow_ramp,ramp,0.0,1.7,0.0,0.41031019185128237,1028.6898524415376,False,settled
b,yellow_ramp,ramp,0.0,1.7,0.0,0.5331757005644611,985.3412800045318,False,settled
b,yellow_ramp,ramp,0.0,1.7,0.0,0.3149405120498514,1077.6364360204038,False,settled
b,yellow_ramp,ramp,0.0,1.7,0.0,0.42341222996550604,1030.9643369943244,False,settled
b,yellow_ramp,ramp,0.0,1.7,0.0,0.46099532845055524,1019.3261517847958,False,settled
b,yellow_ramp,ramp,0.0,1.7,0.0,0.33604119858323744,1057.1712689762498,False,settled
b,yellow_ramp,ramp,0.0,1.7,0.0,1.080647059346887,830.2656895494632,False,settled
b,yellow_ramp,ramp,0.0,1.7,0.0,0.49312780494951425,999.1806899752512,False,settled
b,yellow_ramp,ramp,0.0,1.7,0.0,0.952652556048193,858.5804365126716,False,settled
b,yellow_ramp,ramp,0.0,1.7,0.0,1.052896574170232,833.3905971476592,False,settled
b,yellow_ramp,ramp,0.0,1.7,0.0,0.41752614703227175,1035.674046373839,False,settled
b,yellow_ramp,ramp,0.0,1.7,0.0,0.5293974943640448,986.1335616216405,False,settled
b,yellow_ramp,ramp,0.0,1.7,0.0,0.989430256211877,849.3825068887054,False,settled
b,yellow_ramp,ramp,0.0,1.7,0.0,1.151342735509512,812.3776686125224,False,settled
b,yellow_ramp,ramp,0.0,1.7,0.0,0.8646396412289982,880.2490003103378,False,settled
b,yellow_ramp,ramp,0.0,1.7,0.0,0.7501425054760332,920.3529896995617,False,settled
b,yellow_ramp,ramp,0.0,1.7,0.0,0.91439807346583,869.553621774513,False,settled
b,yellow_ramp,ramp,0.0,1.7,0.0,1.0125191489415946,847.8169476827017,False,settled
b,yellow_ramp,ramp,0.0,1.7,0.0,1.005671770076332,847.7060137613909,False,settled
b,yellow_ramp,ramp,0.0,1.7,0.0,0.22121271855068794,1111.651955767962,False,settled
b,yellow_ramp,ramp,0.0,1.7,0.0,0.6261878308589228,961.1368922133906,False,settled
b,yellow_ramp,ramp,0.0,1.7,0.0,0.5499488332165763,985.3452542880979,False,settled
b,yellow_ramp,ramp,0.0,1.7,0.0,0.701767875416936,931.4580534852605,False,settled
b,yellow_ramp,ramp,0.0,1.7,0.0,0.3757611826213769,1043.285050843429,False,settled
b,yellow_ramp,ramp,0.0,1.7,0.0,0.27154516408839263,1084.917223703826,False,settled
b,yellow_ramp,ramp,0.0,1.7,0.0,0.9321495698635364,861.8987640031634,False,settled
b,yellow_ramp,ramp,0.0,1.7,0.0,0.3222872370069326,1072.8152765265168,False,settled
b,yellow_ramp,ramp,0.0,1.7,0.0,0.48051222692857354,1008.9998735709827,False,settled
b,yellow_ramp,ramp,0.0,1.7,0.0,0.8909335931890933,876.9951281343717,False,settled
b,yellow_ramp,ramp,0.0,1.7,0.0,0.9739971236608654,853.5276272685543,False,settled
b,yellow_ramp,ramp,0.0,1.7,0.0,0.3954403172580214,1035.0061181964222,False,settled
b,yellow_ramp,ramp,0.0,1.7,0.0,0.5170951568035717,991.4670733668698,False,settled
b,yellow_ramp,ramp,0.0,1.7,0.0,0.5059296839309205,999.892022266972,False,settled
b,yellow_ramp,ramp,0.0,1.7,0.0,1.1282420258109038,816.8729483535419,False,settled
b,yellow_ramp,ramp,0.0,1.7,0.0,0.682943563019717,936.9755743101864,False,settled
b,yellow_ramp,ramp,0.0,1.7,0.0,0.4301309738212755,1025.6135210862617,False,settled
b,yellow_ramp,ramp,0.0,1.7,0.0,0.9147843092091059,869.1583878264661,False,settled
b,yellow_ramp,ramp,0.0,1.7,0.0,0.41237518132232936,1027.1773629725785,False,settled
b,yellow_ramp,ramp,0.0,1.7,0.0,0.521347367630697,988.1492075802449,False,settled
b,yellow_ramp,ramp,0.0,1.7,0.0,0.871760472625564,879.1116038068151,False,settled
b,yellow_ramp,ramp,0.0,1.7,0.0,0.522022728194662,987.7970384781364,False,settled
b,yellow_ramp,ramp,0.0,1.7,0.0,1.218570033624865,793.2334844781078,False,settled
b,yellow_ramp,ramp,0.0,1.7,0.0,0.9072585910468838,871.3974459157014,False,settled
b,yellow_ramp,ramp,0.0,1.7,0.0,0.24981130265672938,1094.3717528524037,False,settled
b,yellow_ramp,ramp,0.0,1.7,0.0,0.8993560124592596,874.0170739768233,False,settled
b,yellow_ramp,ramp,0.0,1.7,0.0,0.3103501421506328,1066.9777212183924,False,settled
b,yellow_ramp,ramp,0.0,1.7,0.0,0.7544100924975348,916.7962522482818,False,settled
b,yellow_ramp,ramp,0.0,1.7,0.0,1.1624836473691809,809.4808335994908,False,settled
b,yellow_ramp,ramp,0.0,1.7,0.0,1.0768289582213653,829.2404248750781,False,settled
b,yellow_ramp,ramp,0.0,1.7,0.0,0.22080448142592088,1116.779782912484,False,settled
b,yellow_ramp,ramp,0.0,1.7,0.0,0.5922843941338557,970.9836061992165,False,settled
b,yellow_ramp,ramp,0.0,1.7,0.0,0.29754350632282983,1076.0975635395976,False,settled
b,yellow_ramp,ramp,0.0,1.7,0.0,0.7531223282705599,917.9440680207853,False,settled
b,yellow_ramp,ramp,0.0,1.7,0.0,1.0032250295009395,848.2337546342372,False,settled
b,yellow_ramp,ramp,0.0,1.7,0.0,0.7163913415018763,926.8672663168034,False,settled
b,yellow_ramp,ramp,0.0,1.7,0.0,0.8984513303622298,874.9423383614986,False,settled
b,yellow_ramp,ramp,0.0,1.7,0.0,0.9618478052019105,853.4799726039547,False,settled
b,yellow_ramp,ramp,0.0,1.7,0.0,0.9762937280372972,851.150212118277,False,settled
b,yellow_ramp,ramp,0.0,1.7,0.0,0.6354223405394298,953.6139661338032,False,settled
b,yellow_ramp,ramp,0.0,1.7,0.0,0.7776671957288276,909.7365777861922,False,settled
b,yellow_ramp,ramp,0.0,1.7,0.0,0.8192796775920652,898.6352074698394,False,settled
b,yellow_ramp,ramp,0.0,1.7,0.0,0.43691595298585023,1020.2710252578146,False,settled
b,yellow_ramp,ramp,0.0,1.7,0.0,0.7420057282683084,920.1604670027124,False,settled
b,yellow_ramp,ramp,0.0,1.7,0.0,0.5291078919598358,986.1940226556476,False,settled
b,yellow_ramp,ramp,0.0,1.7,0.0,0.7457887238297903,916.8630907347905,False,settled
b,yellow_ramp,ramp,0.0,1.7,0.0,0.46696353238882704,1018.2048059501919,False,settled
b,yellow_ramp,ramp,0.0,1.7,0.0,0.5312454331421806,985.7441468905553,False,settled
b,yellow_ramp,ramp,0.0,1.7,0.0,0.3747289416369433,1044.0859629582696,False,settled
b,yellow_ramp,ramp,0.0,1.7,0.0,0.5026368051671211,1002.5645774705222,False,settled
b,yellow_ramp,ramp,0.0,1.7,0.0,0.5619954237851527,975.8676758606331,False,settled
b,yellow_ramp,ramp,0.0,1.7,0.0,0.3549751099769309,1059.2807886400572,False,settled
b,yellow_ramp,ramp,0.0,1.7,0.0,1.2056361373072284,798.2979163917742,False,settled
b,yellow_ramp,ramp,0.0,1.7,0.0,0.8034925580113893,899.9789492942867,False,settled
b,yellow_ramp,ramp,0.0,1.7,0.0,0.36448651804152876,1052.073302903248,False,settled
b,yellow_ramp,ramp,0.0,1.7,0.0,0.4423923881411276,1016.0864043684313,False,settled
b,yellow_ramp,ramp,0.0,1.7,0.0,0.6219177622736737,955.710035377721,False,settled
b,yellow_ramp,ramp,0.0,1.7,0.0,0.9188839684492193,865.2286828692584,False,settled
b,yellow_ramp,ramp,0.0,1.7,0.0,0.5031403340642053,1002.155801152105,False,settled
b,yellow_ramp,ramp,0.0,1.7,0.0,0.2313820096359475,1105.7939344011747,False,settled
b,yellow_ramp,ramp,0.0,1.7,0.0,1.1544131231685633,811.0234115209583,False,settled
b,yellow_ramp,ramp,0.0,1.7,0.0,0.8868453810412504,875.4418657936241,False,settled
b,yellow_ramp,ramp,0.0,1.7,0.0,1.0557273881206268,835.2697255198169,False,settled
b,yellow_ramp,ramp,0.0,1.7,0.0,0.6041622136267922,966.1232837147286,False,settled
b,yellow_ramp,ramp,0.0,1.7,0.0,0.429354784541164,1026.2317194245188,False,settled
b,yellow_ramp,ramp,0.0,1.7,0.0,0.5658177896688422,972.7952203791674,False,settled
b,yellow_ramp,ramp,0.0,1.7,0.0,0.9209333241110588,868.1004769912704,False,settled
b,yellow_ramp,ramp,0.0,1.7,0.0,1.0151584169575423,844.4326713370724,False,settled
b,yellow_ramp,ramp,0.0,1.7,0.0,0.3558811645495891,1058.5645121902494,False,settled
b,yellow_ramp,ramp,0.0,1.7,0.0,0.7042060441587269,929.4442098993936,False,settled
b,yellow_ramp,ramp,0.0,1.7,0.0,0.2676369785036601,1084.7895895279057,False,settled
b,yellow_ramp,ramp,0.0,1.7,0.0,0.789833997587828,905.6742804543057,False,settled
b,yellow_ramp,ramp,0.0,1.7,0.0,1.1164812125184955,820.3336587651487,False,settled
b,yellow_ramp,ramp,0.0,1.7,0.0,0.6644235888817566,946.9315468320257,False,settled
b,yellow_ramp,ramp,0.0,1.7,0.0,0.5827547821204612,969.1492758050238,False,settled
b,yellow_ramp,ramp,0.0,1.7,0.0,0.43396324226411515,1022.5821763073468,False,settled
b,yellow_ramp,ramp,0.0,1.7,0.0,0.477607855426613,1011.3391483573199,False,settled
b,yellow_ramp,ramp,0.0,1.7,0.0,0.5988526070085628,967.481564178533,False,settled
b,yellow_ramp,ramp,0.0,1.7,0.0,1.0909700592251368,827.3395507326518,False,settled
b,yellow_ramp,ramp,0.0,1.7,0.0,0.5338498532836816,985.2006151579741,False,settled
b,yellow_ramp,ramp,0.0,1.7,0.0,0.507694727592021,998.5112568971085,False,settled
b,yellow_ramp,ramp,0.0,1.7,0.0,0.8871496889312097,875.1368852274719,False,settled
b,yellow_ramp,ramp,0.0,1.7,0.0,0.6353116435107112,953.7067831595322,False,settled
b,yellow_ramp,ramp,0.0,1.7,0.0,0.6919533547298978,931.7481245723288,False,settled
b,yellow_ramp,ramp,0.0,1.7,0.0,0.9383210437237759,863.4528861524408,False,settled
b,yellow_ramp,ramp,0.0,1.7,0.0,0.4342718876349166,1022.338249174724,False,settled
b,yellow_ramp,ramp,0.0,1.7,0.0,0.8237185270845809,894.5695468003245,False,settled
b,yellow_ramp,ramp,0.0,1.7,0.0,0.35552721351774114,1058.844339271113,False,settled
b,yellow_ramp,ramp,0.0,1.7,0.0,0.8788897686949977,877.6249585445028,False,settled
b,yellow_ramp,ramp,0.0,1.7,0.0,1.2195369442530926,791.8607525761087,False,settled
b,yellow_ramp,ramp,0.0,1.7,0.0,1.1807750298756392,805.0188955937831,False,settled
b,yellow_ramp,ramp,0.0,1.7,0.0,0.9264548537166436,862.7314678238894,False,settled
b,yellow_ramp,ramp,0.0,1.7,0.0,0.4628986127547201,1018.9685527357639,False,settled
b,yellow_ramp,ramp,0.0,1.7,0.0,0.3339965579722879,1057.4218509809782,False,settled
b,yellow_ramp,ramp,0.0,1.7,0.0,0.5189843761592299,989.9022787225788,False,settled
b,yellow_ramp,ramp,0.0,1.7,0.0,0.704389869517534,929.2855600815939,False,settled
b,yellow_ramp,ramp,0.0,1.7,0.0,1.0518933993478603,835.8727368919047,False,settled
b,yellow_ramp,ramp,0.0,1.7,0.0,1.0169519263281677,846.3972634610632,False,settled
b,yellow_ramp,ramp,0.0,1.7,0.0,0.814892642430938,896.1250402943126,False,settled
b,yellow_ramp,ramp,0.0,1.7,0.0,0.736661144446869,924.5441711154434,False,settled
b,yellow_ramp,ramp,0.0,1.7,0.0,0.3395979030977226,1056.8327056963099,False,settled
b,yellow_ramp,ramp,0.0,1.7,0.0,0.6165666596933687,959.8084872163263,False,settled
b,yellow_ramp,ramp,0.0,1.7,0.0,0.2200283042984606,1116.1167623042813,False,settled
b,yellow_ramp,ramp,0.0,1.7,0.0,1.057191084830173,834.5445296775198,False,settled
b,yellow_ramp,ramp,0.0,1.7,0.0,0.32170523230117415,1072.8921268984068,False,settled
b,yellow_ramp,ramp,0.0,1.7,0.0,0.43228556331241097,1023.9083648673881,False,settled
b,yellow_ramp,ramp,0.0,1.7,0.0,0.37022100299309163,1047.5885196230058,False,settled
b,yellow_ramp,ramp,0.0,1.7,0.0,0.3285723468268882,1071.9866500067792,False,settled
b,yellow_ramp,ramp,0.0,1.7,0.0,0.6710136707202258,941.6354569298942,False,settled
b,yellow_ramp,ramp,0.0,1.7,0.0,0.2907962951370585,1076.9374115205178,False,settled
b,yellow_ramp,ramp,0.0,1.7,0.0,0.45236604313555506,1020.9477860424264,False,settled
b,yellow_ramp,ramp,0.0,1.7,0.0,1.1755601114601029,805.9840613304561,False,settled
b,yellow_ramp,ramp,0.0,1.7,0.0,0.6371057258003187,952.2022861765604,False,settled
b,yellow_ramp,ramp,0.0,1.7,0.0,0.25799527010531514,1093.721847172557,False,settled
b,yellow_ramp,ramp,0.0,1.7,0.0,0.7931812555920469,902.6031939830167,False,settled
b,yellow_ramp,ramp,0.0,1.7,0.0,0.5786485407152191,972.0682854120206,False,settled
b,yellow_ramp,ramp,0.0,1.7,0.0,0.48423061011524526,1006.0102243517841,False,settled
b,yellow_ramp,ramp,0.0,1.7,0.0,1.0944056818581906,826.1047912015702,False,settled
b,yellow_ramp,ramp,0.0,1.7,0.0,0.6405656735123064,949.3930399363473,False,settled
b,yellow_ramp,ramp,0.0,1.7,0.0,0.32574500866162015,1072.359467488966,False,settled
b,yellow_ramp,ramp,0.0,1.7,0.0,0.40264498415407224,1033.8648225041773,False,settled
b,yellow_ramp,ramp,0.0,1.7,0.0,0.5647276315119568,973.5758565457365,False,settled
b,yellow_ramp,ramp,0.0,1.7,0.0,0.7643933917783354,913.0674584430649,False,settled
b,yellow_ramp,ramp,0.0,1.7,0.0,1.0511252127485309,836.9108884927836,False,settled
b,yellow_ramp,ramp,0.0,1.7,0.0,0.4132594164558578,1026.5015247211904,False,settled
b,yellow_ramp,ramp,0.0,1.7,0.0,0.4224351566159649,1031.7424153662569,False,settled
b,yellow_ramp,ramp,0.0,1.7,0.0,0.7947183406398994,901.2888962642025,False,settled
b,yellow_ramp,ramp,0.0,1.7,0.0,0.42642081556792033,1028.568207579012,False,settled
b,yellow_ramp,ramp,0.0,1.7,0.0,0.9540905131915136,857.2485660348195,False,settled
b,yellow_ramp,ramp,0.0,1.7,0.0,0.6204052493988057,956.8755073322368,False,settled
b,yellow_ramp,ramp,0.0,1.7,0.0,1.01569375431259,845.3294299162134,False,settled
b,yellow_ramp,ramp,0.0,1.7,0.0,0.8887758672797836,873.7836481144587,False,settled
b,yellow_ramp,ramp,0.0,1.7,0.0,1.151853523772581,811.1758821623105,False,settled
b,yellow_ramp,ramp,0.0,1.7,0.0,0.9164754673407928,867.6765515051269,False,settled
b,yellow_ramp,ramp,0.0,1.7,0.0,0.3444614429968946,1053.954833233251,False,settled
b,yellow_ramp,ramp,0.0,1.7,0.0,0.34500424657986556,1053.538373330207,False,settled
b,yellow_ramp,ramp,0.0,1.7,0.0,0.4824633451909066,1007.4310761123625,False,settled
b,yellow_ramp,ramp,0.0,1.7,0.0,0.7102882634075358,931.9519358103848,False,settled
b,yellow_ramp,ramp,0.0,1.7,0.0,0.9074208618953847,871.2311177093331,False,settled
b,yellow_ramp,ramp,0.0,1.7,0.0,1.1621812388203812,808.331980311215,False,settled
b,yellow_ramp,ramp,0.0,1.7,0.0,0.43426202112057927,1022.3460469004496,False,settled
b,yellow_ramp,ramp,0.0,1.7,0.0,0.4081915611153534,1030.4290615366867,False,settled
b,yellow_ramp,ramp,0.0,1.7,0.0,0.8715071323825724,879.3607803860599,False,settled
b,yellow_ramp,ramp,0.0,1.7,0.0,0.6208532841399395,956.5030667148193,False,settled
b,yellow_ramp,ramp,0.0,1.7,0.0,0.5158069540929623,992.1192018548554,False,settled
b,yellow_ramp,ramp,0.0,1.7,0.0,0.5447009055022699,989.6733274079129,False,settled
b,yellow_ramp,ramp,0.0,1.7,0.0,0.9148008862819735,869.1414798915761,False,settled
b,yellow_ramp,ramp,0.0,1.7,0.0,0.5616810562120664,976.122968479865,False,settled
b,yellow_ramp,ramp,0.0,1.7,0.0,1.0576939899863642,834.8812538288822,False,settled
b,yellow_ramp,ramp,0.0,1.7,0.0,0.6328759712583871,955.490567102465,False,settled
b,yellow_ramp,ramp,0.0,1.7,0.0,0.8437642921860316,889.9822210855081,False,settled
b,yellow_ramp,ramp,0.0,1.7,0.0,0.8645877181173792,880.2995578169472,False,settled
b,yellow_ramp,ramp,0.0,1.7,0.0,0.6578676833758946,943.9069486101878,False,settled
b,yellow_ramp,ramp,0.0,1.7,0.0,1.101764222586895,823.8161850227024,False,settled
b,yellow_ramp,ramp,0.0,1.7,0.0,0.2915062671281531,1077.2962445366818,False,settled
b,yellow_ramp,ramp,0.0,1.7,0.0,0.8956315830090481,872.5149086642192,False,settled
b,yellow_ramp,ramp,0.0,1.7,0.0,0.9176836119648427,866.5272473408327,False,settled
b,yellow_ramp,ramp,0.0,1.7,0.0,0.9290680536072164,864.7765034720451,False,settled
b,yellow_ramp,ramp,0.0,1.7,0.0,0.4464479224547574,1025.0825842373688,False,settled
b,yellow_ramp,ramp,0.0,1.7,0.0,0.8631637547451464,881.5843217975081,False,settled
b,yellow_ramp,ramp,0.0,1.7,0.0,1.1508095338202193,811.5994209312112,False,settled
b,yellow_ramp,ramp,0.0,1.7,0.0,1.0618023948372393,833.8014095378205,False,settled
b,yellow_ramp,ramp,0.0,1.7,0.0,1.0774008802109427,828.4780315727334,False,settled
b,yellow_ramp,ramp,0.0,1.7,0.0,0.29038088451744837,1076.6740414542019,False,settled
b,yellow_ramp,ramp,0.0,1.7,0.0,0.4286430435356848,1026.7985608605563,False,settled
b,yellow_ramp,ramp,0.0,1.7,0.0,0.4805559703314633,1008.9646994002177,False,settled
b,yellow_ramp,ramp,0.0,1.7,0.0,0.8058405004914014,897.8355963312987,False,settled
b,yellow_ramp,ramp,0.0,1.7,0.0,0.3143900136342777,1078.0702152280874,False,settled
b,yellow_ramp,ramp,0.0,1.7,0.0,0.3557749127770293,1058.648514696135,False,settled
b,yellow_ramp,ramp,0.0,1.7,0.0,0.22965356649607127,1105.4443686045306,False,settled
b,yellow_ramp,ramp,0.0,1.7,0.0,1.0250344898748112,844.2735370899469,False,settled
b,yellow_ramp,ramp,0.0,1.7,0.0,0.9985472867562255,847.7709357001488,False,settled
b,yellow_ramp,ramp,0.0,1.7,0.0,0.322445446204991,1072.7943800047549,False,settled
b,yellow_ramp,ramp,0.0,1.7,0.0,0.7183425274788804,925.1698512847007,False,settled
b,yellow_ramp,ramp,0.0,1.7,0.0,1.0518907845018928,835.8764991329012,False,settled
b,yellow_ramp,ramp,0.0,1.7,0.0,0.5959315089358266,968.2291344716772,False,settled
b,yellow_ramp,ramp,0.0,1.7,0.0,0.46355478898927016,1018.8452663210952,False,settled
b,yellow_ramp,ramp,0.0,1.7,0.0,0.6521906401580015,948.5489039032101,False,settled
b,yellow_ramp,ramp,0.0,1.7,0.0,0.3973291385722903,1034.727994208511,False,settled
b,yellow_ramp,ramp,0.0,1.7,0.0,0.3309474743134577,1071.6737751622247,False,settled
b,yellow_ramp,ramp,0.0,1.7,0.0,0.5118940916043534,995.2081209214191,False,settled
b,yellow_ramp,ramp,0.0,1.7,0.0,0.3934603568598896,1035.2261557766226,False,settled
b,yellow_ramp,ramp,0.0,1.7,0.0,0.8453412024180895,889.3145150685216,False,settled
b,yellow_ramp,ramp,0.0,1.7,0.0,0.5060239224659471,999.816121969677,False,settled
b,yellow_ramp,ramp,0.0,1.7,0.0,1.1548196245143605,810.6758776792094,False,settled
b,yellow_ramp,ramp,0.0,1.7,0.0,0.27348234733230353,1087.2855631021012,False,settled
b,yellow_ramp,ramp,0.0,1.7,0.0,0.8797387712665982,877.0610008134205,False,settled
b,yellow_ramp,ramp,0.0,1.7,0.0,0.4679440441144181,1006.55717896432,False,settled
b,yellow_ramp,ramp,0.0,1.7,0.0,1.0658172739061502,831.6301788648971,False,settled
b,yellow_ramp,ramp,0.0,1.7,0.0,0.22194397466332916,1114.5601715244575,False,settled
b,yellow_ramp,ramp,0.0,1.7,0.0,1.095836767012429,825.9554557580723,False,settled
b,yellow_ramp,ramp,0.0,1.7,0.0,0.9527679497726446,858.7058515173261,False,settled
b,yellow_ramp,ramp,0.0,1.7,0.0,0.7792150246672587,908.3216294547867,False,settled
b,yellow_ramp,ramp,0.0,1.7,0.0,0.6711040054689739,941.559017275291,False,settled
b,yellow_ramp,ramp,0.0,1.7,0.0,0.9843954449089946,850.8362366644172,False,settled
b,yellow_ramp,ramp,0.0,1.7,0.0,0.619513707885582,957.6166166100323,False,settled
b,yellow_ramp,ramp,0.0,1.7,0.0,0.5925056800773507,970.8018996932832,False,settled
b,yellow_ramp,ramp,0.0,1.7,0.0,0.926879226041216,867.0888820089951,False,settled
b,yellow_ramp,ramp,0.0,1.7,0.0,0.2206049429606012,1120.2400058306353,False,settled
b,yellow_ramp,ramp,0.0,1.7,0.0,0.7656883257021053,912.614313089754,False,settled
b,yellow_ramp,ramp,0.0,1.7,0.0,0.7233831678847983,928.4505364867139,False,settled
b,yellow_ramp,ramp,0.0,1.7,0.0,1.163467499270508,809.5604283374328,False,settled
b,yellow_ramp,ramp,0.0,1.7,0.0,0.7196260495916792,924.070828558639,False,settled
b,yellow_ramp,ramp,0.0,1.7,0.0,1.0561238274048512,834.6491650471798,False,settled
b,yellow_ramp,ramp,0.0,1.7,0.0,0.44869652361108686,1023.2996521981934,False,settled
b,yellow_ramp,ramp,0.0,1.7,0.0,0.6172920093015574,959.4639410168954,False,settled
b,yellow_ramp,ramp,0.0,1.7,0.0,0.26182440066823487,1094.8119765036884,False,settled
b,yellow_ramp,ramp,0.0,1.7,0.0,0.31955637836220874,1074.2278258756355,False,settled
b,yellow_ramp,ramp,0.0,1.7,0.0,0.559504889560694,977.7980406776229,False,settled
b,yellow_ramp,ramp,0.0,1.7,0.0,0.49548566349344203,997.4012487448066,False,settled
b,yellow_ramp,ramp,0.0,1.7,0.0,0.5702777593101852,978.9591742516673,False,settled
b,yellow_ramp,ramp,0.0,1.7,0.0,1.0488295700581747,836.5934622968676,False,settled
b,yellow_ramp,ramp,0.0,1.7,0.0,0.2437498091390873,1108.7453202333436,False,settled
b,yellow_ramp,ramp,0.0,1.7,0.0,0.9766210339142259,850.7761242648468,False,settled
b,yellow_ramp,ramp,0.0,1.7,0.0,1.0820831544866525,828.0215919286399,False,settled
b,yellow_ramp,ramp,0.0,1.7,0.0,1.14514063936652,812.7345594085706,False,settled
b,yellow_ramp,ramp,0.0,1.7,0.0,0.8855375099349512,876.7528575728495,False,settled
b,yellow_ramp,ramp,0.0,1.7,0.0,0.26290105463160496,1098.4076851150683,False,settled
b,yellow_ramp,ramp,0.0,1.7,0.0,0.4342300341709238,1022.371326866766,False,settled
b,yellow_ramp,ramp,0.0,1.7,0.0,1.1555167889820253,811.054825068832,False,settled
b,yellow_ramp,ramp,0.0,1.7,0.0,0.8028619906893094,900.563473095789,False,settled
b,yellow_ramp,ramp,0.0,1.7,0.0,0.3746867630334304,1044.1186892761925,False,settled
b,yellow_ramp,ramp,0.0,1.7,0.0,1.224110607414157,790.6459815261978,False,settled
b,yellow_ramp,ramp,0.0,1.7,0.0,0.2821127954205595,1088.1620645271555,False,settled
b,yellow_ramp,ramp,0.0,1.7,0.0,0.8197996718564695,898.1443638779276,False,settled
b,yellow_ramp,ramp,0.0,1.7,0.0,0.487828635505267,1003.1218440519038,False,settled
b,yellow_ramp,ramp,0.0,1.7,0.0,0.9127566870365242,871.2352358480792,False,settled
b,yellow_ramp,ramp,0.0,1.7,0.0,1.1450470498729262,812.98088073034,False,settled
b,yellow_ramp,ramp,0.0,1.7,0.0,0.3848349946030017,1049.4482052577473,False,settled
b,yellow_ramp,ramp,0.0,1.7,0.0,0.3369499544451826,1057.064171303318,False,settled
b,yellow_ramp,ramp,0.0,1.7,0.0,0.8160975235604282,895.0911034427337,False,settled
b,yellow_ramp,ramp,0.0,1.7,0.0,1.108824578268057,821.7311979180544,False,settled
b,yellow_ramp,ramp,0.0,1.7,0.0,0.30252220750821196,1072.825218402344,False,settled
b,yellow_ramp,ramp,0.0,1.7,0.0,1.2269275068293568,790.0057558477838,False,settled
b,yellow_ramp,ramp,0.0,1.7,0.0,0.5896153812006732,973.1752541472875,False,settled
b,yellow_ramp,ramp,0.0,1.7,0.0,0.9396866571962904,862.7230463722027,False,settled
b,yellow_ramp,ramp,0.0,1.7,0.0,0.3249329379722825,1072.4666895522143,False,settled
b,yellow_ramp,ramp,0.0,1.7,0.0,0.8173324854747471,893.8830518333251,False,settled
b,yellow_ramp,ramp,0.0,1.7,0.0,0.631888588273337,956.3219375640741,False,settled
b,yellow_ramp,ramp,0.0,1.7,0.0,0.3829959411829846,1037.7552841865622,False,settled
b,yellow_ramp,ramp,0.0,1.7,0.0,0.9910916737766214,847.4234754690772,False,settled
b,yellow_ramp,ramp,0.0,1.7,0.0,1.1491796915193593,811.967795524732,False,settled
