trial,element,model,block_noise_sd,ramp_noise_sd,block_noise_up,ramp_noise_up,final_position_up,ramp_valid,up_stop_reason
a,black_block,ramp,0.19,0.0,0.9609484737772881,0.0,837.2771808025252,False,settled
b,blue_ramp,ramp,0.0,0.7,0.0,0.6883101739849296,1117.5524077655932,False,settled
b,blue_ramp,ramp,0.0,0.7,0.0,0.7300125376333502,1097.3160494796741,False,settled
b,blue_ramp,ramp,0.0,0.7,0.0,1.4339599896849151,853.1201877831106,False,settled
b,blue_ramp,ramp,0.0,0.7,0.0,1.3109797893382393,890.1034410829039,False,settled
b,blue_ramp,ramp,0.0,0.7,0.0,0.7999277051938228,1057.7049946310065,False,settled
b,blue_ramp,ramp,0.0,0.7,0.0,0.8380575047682465,1047.3253604378299,False,settled
b,blue_ramp,ramp,0.0,0.7,0.0,1.1733588999232238,927.9443380767432,False,settled
b,blue_ramp,ramp,0.0,0.7,0.0,0.8484314041158978,1039.2985133278169,False,settled
b,blue_ramp,ramp,0.0,0.7,0.0,0.7190401775923002,1099.779968134934,False,settled
b,blue_ramp,ramp,0.0,0.7,0.0,0.823807917135854,1058.4795728783242,False,settled
b,blue_ramp,ramp,0.0,0.7,0.0,0.7933820968762084,1072.3413522865342,False,settled
b,blue_ramp,ramp,0.0,0.7,0.0,0.7233100785776083,1091.7569857495664,False,settled
b,blue_ramp,ramp,0.0,0.7,0.0,0.8300948672796743,1053.5529921268565,False,settled
b,blue_ramp,ramp,0.0,0.7,0.0,0.7011091231645348,1107.1295087032336,False,settled
b,blue_ramp,ramp,0.0,0.7,0.0,1.0039308847395103,984.7393834330452,False,settled
b,blue_ramp,ramp,0.0,0.7,0.0,1.0915013236701185,953.9065046519311,False,settled
b,blue_ramp,ramp,0.0,0.7,0.0,0.7678540906638409,1074.3580105548176,False,settled
b,blue_ramp,ramp,0.0,0.7,0.0,1.2818315783488958,896.6486692916037,False,settled
b,blue_ramp,ramp,0.0,0.7,0.0,1.225681505564177,915.2416588836638,False,settled
b,blue_ramp,ramp,0.0,0.7,0.0,0.8255529969180179,1057.1045522363966,False,settled
b,blue_ramp,ramp,0.0,0.7,0.0,0.7583018393802331,1076.9409479076382,False,settled
b,blue_ramp,ramp,0.0,0.7,0.0,1.1494891204744717,937.2556696998507,False,settled
b,blue_ramp,ramp,0.0,0.7,0.0,1.189046033174003,922.5075649282643,False,settled
b,blue_ramp,ramp,0.0,0.7,0.0,0.7905789075848842,1072.7109068673778,False,settled
b,blue_ramp,ramp,0.0,0.7,0.0,1.1722456456983879,928.9785073362425,False,settled
b,blue_ramp,ramp,0.0,0.7,0.0,0.7071211329167,1109.2721370554927,False,settled
b,blue_ramp,ramp,0.0,0.7,0.0,1.358415652735386,877.0133709628534,False,settled
b,blue_ramp,ramp,0.0,0.7,0.0,0.9047387229461601,1020.0276775510879,False,settled
b,blue_ramp,ramp,0.0,0.7,0.0,0.7737025111947565,1070.2301472061451,False,settled
b,blue_ramp,ramp,0.0,0.7,0.0,0.9037064623107026,1020.8090893314152,False,settled
b,blue_ramp,ramp,0.0,0.7,0.0,0.7290882143674083,1095.0364571640507,False,settled
b,blue_ramp,ramp,0.0,0.7,0.0,0.9659399127637114,1005.972498466515,False,settled
b,blue_ramp,ramp,0.0,0.7,0.0,1.402768682619497,860.379048284147,False,settled
b,blue_ramp,ramp,0.0,0.7,0.0,1.18575073200177,925.2496890237818,False,settled
b,blue_ramp,ramp,0.0,0.7,0.0,1.57345035281561,822.8665756018855,False,settled
b,blue_ramp,ramp,0.0,0.7,0.0,0.8611581204992983,1035.1968717163877,False,settled
b,blue_ramp,ramp,0.0,0.7,0.0,0.785344874482541,1075.3472561188535,False,settled
b,blue_ramp,ramp,0.0,0.7,0.0,1.0934510116513698,961.3369477862815,False,settled
b,blue_ramp,ramp,0.0,0.7,0.0,0.8878865176474622,1033.3792336845356,False,settled
b,blue_ramp,ramp,0.0,0.7,0.0,0.805651878505,1056.9995119630496,False,settled
b,blue_ramp,ramp,0.0,0.7,0.0,0.8879405497699662,1033.3358801754548,False,settled
b,blue_ramp,ramp,0.0,0.7,0.0,1.178082122357751,931.6945073403239,False,settled
b,blue_ramp,ramp,0.0,0.7,0.0,1.0989303922846596,956.7088920140901,False,settled
b,blue_ramp,ramp,0.0,0.7,0.0,1.580692135365405,820.1734412895609,False,settled
b,blue_ramp,ramp,0.0,0.7,0.0,1.1056876856683582,951.2951412505433,False,settled
b,blue_ramp,ramp,0.0,0.7,0.0,0.745928487436357,1083.950242845415,False,settled
b,blue_ramp,ramp,0.0,0.7,0.0,0.8081756561517732,1056.7083735122783,False,settled
b,blue_ramp,ramp,0.0,0.7,0.0,0.8495311168955837,1038.5551021639174,False,settled
b,blue_ramp,ramp,0.0,0.7,0.0,0.9970131856740747,986.1094084247337,False,settled
b,blue_ramp,ramp,0.0,0.7,0.0,0.7830829527699669,1077.130256735272,False,settled
b,blue_ramp,ramp,0.0,0.7,0.0,1.1441551495117463,938.8212374476461,False,settled
b,blue_ramp,ramp,0.0,0.7,0.0,1.2937187589391324,892.3565890950297,False,settled
b,blue_ramp,ramp,0.0,0.7,0.0,0.7856736211832166,1075.0880626413484,False,settled
b,blue_ramp,ramp,0.0,0.7,0.0,0.7356070929844016,1086.4323972211012,False,settled
b,blue_ramp,ramp,0.0,0.7,0.0,0.7672610799400529,1074.7389925864222,False,settled
b,blue_ramp,ramp,0.0,0.7,0.0,0.966172636643873,1005.7835150962725,False,settled
b,blue_ramp,ramp,0.0,0.7,0.0,0.7710439428496454,1072.1013064774297,False,settled
b,blue_ramp,ramp,0.0,0.7,0.0,0.7832350926862554,1077.0103719628507,False,settled
b,blue_ramp,ramp,0.0,0.7,0.0,0.7940101758081433,1072.2584321236538,False,settled
b,blue_ramp,ramp,0.0,0.7,0.0,0.7683588262269386,1074.0015521676453,False,settled
b,blue_ramp,ramp,0.0,0.7,0.0,0.6922767806862785,1112.1176193965155,False,settled
b,blue_ramp,ramp,0.0,0.7,0.0,0.8051756479747744,1056.9797922019116,False,settled
b,blue_ramp,ramp,0.0,0.7,0.0,1.5508883057084801,829.3802222529945,False,settled
b,blue_ramp,ramp,0.0,0.7,0.0,1.5289498990017019,832.2510683058487,False,settled
b,blue_ramp,ramp,0.0,0.7,0.0,0.9666700415676128,1005.3795878798603,False,settled
b,blue_ramp,ramp,0.0,0.7,0.0,1.2582518615138254,904.8293077702954,False,settled
b,blue_ramp,ramp,0.0,0.7,0.0,0.8303823020695338,1053.3282523586317,False,settled
b,blue_ramp,ramp,0.0,0.7,0.0,1.2420714836057953,912.5666930230584,False,settled
b,blue_ramp,ramp,0.0,0.7,0.0,0.7102015040408811,1106.1226867718601,False,settled
b,blue_ramp,ramp,0.0,0.7,0.0,1.5067394303426653,837.8069043905515,False,settled
b,blue_ramp,ramp,0.0,0.7,0.0,0.7959464106798491,1072.0032537840314,False,settled
b,blue_ramp,ramp,0.0,0.7,0.0,0.7161846064734995,1093.393710256946,False,settled
b,blue_ramp,ramp,0.0,0.7,0.0,0.784862050913577,1075.7278870725788,False,settled
b,blue_ramp,ramp,0.0,0.7,0.0,0.8595755789888194,1035.4312369684121,False,settled
b,blue_ramp,ramp,0.0,0.7,0.0,1.6171250020023533,812.8574995017862,False,settled
b,blue_ramp,ramp,0.0,0.7,0.0,0.7659176630744475,1075.5607142157935,False,settled
b,blue_ramp,ramp,0.0,0.7,0.0,0.7999039320523454,1057.7078184647155,False,settled
b,blue_ramp,ramp,0.0,0.7,0.0,1.2468969809741286,908.1552970878414,False,settled
b,blue_ramp,ramp,0.0,0.7,0.0,0.7336840913999934,1098.82299455236,False,settled
b,blue_ramp,ramp,0.0,0.7,0.0,1.0684432373709278,966.9467484812576,False,settled
b,blue_ramp,ramp,0.0,0.7,0.0,0.8487427549220022,1039.0643736369016,False,settled
b,blue_ramp,ramp,0.0,0.7,0.0,0.7259891964511022,1094.4933534132817,False,settled
b,blue_ramp,ramp,0.0,0.7,0.0,0.8472826256069808,1040.1821701704664,False,settled
b,blue_ramp,ramp,0.0,0.7,0.0,1.4585945020701439,847.4201408161604,False,settled
b,blue_ramp,ramp,0.0,0.7,0.0,0.8806737619685567,1026.568340922876,False,settled
b,blue_ramp,ramp,0.0,0.7,0.0,0.9077471347133582,1017.7250301481505,False,settled
b,blue_ramp,ramp,0.0,0.7,0.0,0.7161959226641789,1093.421245217032,False,settled
b,blue_ramp,ramp,0.0,0.7,0.0,0.7598519831254155,1077.8302614505187,False,settled
b,blue_ramp,ramp,0.0,0.7,0.0,1.0412288911919618,976.1100658659947,False,settled
b,blue_ramp,ramp,0.0,0.7,0.0,0.7341759341843853,1098.0857969357594,False,settled
b,blue_ramp,ramp,0.0,0.7,0.0,0.7891409982394805,1072.900605917482,False,settled
b,blue_ramp,ramp,0.0,0.7,0.0,0.6874455165910178,1119.9111722707278,False,settled
b,blue_ramp,ramp,0.0,0.7,0.0,0.700790673189817,1104.0692671981524,False,settled
b,blue_ramp,ramp,0.0,0.7,0.0,1.0982505493635946,957.2830276998761,False,settled
b,blue_ramp,ramp,0.0,0.7,0.0,0.8037160785306686,1057.1506529823093,False,settled
b,blue_ramp,ramp,0.0,0.7,0.0,1.3378374162532933,880.2323843471836,False,settled
b,blue_ramp,ramp,0.0,0.7,0.0,1.4697443914872,847.8218506534595,False,settled
b,blue_ramp,ramp,0.0,0.7,0.0,0.981113590674699,993.8509944873216,False,settled
b,blue_ramp,ramp,0.0,0.7,0.0,0.9354138404076738,1006.5623596565964,False,settled
b,blue_ramp,ramp,0.0,0.7,0.0,0.8568342745128273,1035.93764607884,False,settled
b,blue_ramp,ramp,0.0,0.7,0.0,1.1345428314807062,944.7296488926299,False,settled
b,blue_ramp,ramp,0.0,0.7,0.0,1.0483939146275687,970.5519009571519,False,settled
b,blue_ramp,ramp,0.0,0.7,0.0,0.8869777770410499,1034.1083498418893,False,settled
b,blue_ramp,ramp,0.0,0.7,0.0,1.3639082414333958,871.7340828799495,False,settled
b,blue_ramp,ramp,0.0,0.7,0.0,0.8043514598917874,1057.075773701425,False,settled
b,blue_ramp,ramp,0.0,0.7,0.0,0.8151895650024894,1051.4952126878618,False,settled
b,blue_ramp,ramp,0.0,0.7,0.0,1.147480851930987,937.8450260477576,False,settled
b,blue_ramp,ramp,0.0,0.7,0.0,0.8018263329185478,1057.3775884944469,False,settled
b,blue_ramp,ramp,0.0,0.7,0.0,0.8632044170694081,1034.9670195149465,False,settled
b,blue_ramp,ramp,0.0,0.7,0.0,0.8777959062568859,1028.701007744805,False,settled
b,blue_ramp,ramp,0.0,0.7,0.0,0.8200730795019846,1061.179703133852,False,settled
b,blue_ramp,ramp,0.0,0.7,0.0,0.7355952010255297,1086.439201531033,False,settled
b,blue_ramp,ramp,0.0,0.7,0.0,1.4428543256049386,852.2242186322361,False,settled
b,blue_ramp,ramp,0.0,0.7,0.0,0.8924282699328513,1029.7569194674243,False,settled
b,blue_ramp,ramp,0.0,0.7,0.0,1.1105479151700404,947.3598620581112,False,settled
b,blue_ramp,ramp,0.0,0.7,0.0,0.6926133663490567,1106.043012268662,False,settled
b,blue_ramp,ramp,0.0,0.7,0.0,0.7245054696038636,1089.8981251000127,False,settled
b,blue_ramp,ramp,0.0,0.7,0.0,0.9664280116304188,1005.5761331504998,False,settled
b,blue_ramp,ramp,0.0,0.7,0.0,1.3393143713998843,879.0585980532353,False,settled
b,blue_ramp,ramp,0.0,0.7,0.0,1.0593767714931634,971.3183310786907,False,settled
b,blue_ramp,ramp,0.0,0.7,0.0,0.7418442685747313,1088.5914290271417,False,settled
b,blue_ramp,ramp,0.0,0.7,0.0,1.6657784838015524,800.3891689312991,False,settled
b,blue_ramp,ramp,0.0,0.7,0.0,0.7639885093007344,1076.7391913671777,False,settled
b,blue_ramp,ramp,0.0,0.7,0.0,0.7445168073405138,1084.803273802531,False,settled
b,blue_ramp,ramp,0.0,0.7,0.0,1.4979378184214307,842.553250304629,False,settled
b,blue_ramp,ramp,0.0,0.7,0.0,0.7893572902377612,1072.872054815229,False,settled
b,blue_ramp,ramp,0.0,0.7,0.0,1.075059792676747,965.2602503395292,False,settled
b,blue_ramp,ramp,0.0,0.7,0.0,0.8328841342525646,1051.3713208301224,False,settled
b,blue_ramp,ramp,0.0,0.7,0.0,1.3471064196178004,877.2677912371577,False,settled
b,blue_ramp,ramp,0.0,0.7,0.0,1.3483068428295268,876.0077325111947,False,settled
b,blue_ramp,ramp,0.0,0.7,0.0,0.7253845272945082,1093.5481173807455,False,settled
b,blue_ramp,ramp,0.0,0.7,0.0,0.8908987635097172,1030.9750613881088,False,settled
b,blue_ramp,ramp,0.0,0.7,0.0,0.7668265669239744,1075.0075779560557,False,settled
b,blue_ramp,ramp,0.0,0.7,0.0,0.7740509878472094,1069.9632631876054,False,settled
b,blue_ramp,ramp,0.0,0.7,0.0,0.8856664383343088,1035.1603978463954,False,settled
b,blue_ramp,ramp,0.0,0.7,0.0,1.2087768150276932,920.7909891630269,False,settled
b,blue_ramp,ramp,0.0,0.7,0.0,0.8435292802072997,1043.076852889244,False,settled
b,blue_ramp,ramp,0.0,0.7,0.0,0.9312150389194472,1018.8151575364988,False,settled
b,blue_ramp,ramp,0.0,0.7,0.0,1.0849184437624895,959.3588235957161,False,settled
b,blue_ramp,ramp,0.0,0.7,0.0,1.2513639211988035,904.1236801158759,False,settled
b,blue_ramp,ramp,0.0,0.7,0.0,0.7491236226698346,1087.9529575020347,False,settled
b,blue_ramp,ramp,0.0,0.7,0.0,1.5237325767242547,834.4919606261324,False,settled
b,blue_ramp,ramp,0.0,0.7,0.0,0.7609002676646028,1078.0665895366544,False,settled
b,blue_ramp,ramp,0.0,0.7,0.0,0.7277135380770141,1096.9269211642456,False,settled
b,blue_ramp,ramp,0.0,0.7,0.0,0.7338600974433265,1098.3439183518087,False,settled
b,blue_ramp,ramp,0.0,0.7,0.0,1.1254185148092242,943.8643778924462,False,settled
b,blue_ramp,ramp,0.0,0.7,0.0,0.8558106616502307,1036.0963612334654,False,settled
b,blue_ramp,ramp,0.0,0.7,0.0,1.1664156676691648,933.9267894544327,False,settled
b,blue_ramp,ramp,0.0,0.7,0.0,0.8143589758874215,1052.205176788475,False,settled
b,blue_ramp,ramp,0.0,0.7,0.0,1.0625748062787053,968.701002589038,False,settled
b,blue_ramp,ramp,0.0,0.7,0.0,0.7971273126644858,1071.8476088372527,False,settled
b,blue_ramp,ramp,0.0,0.7,0.0,1.2153531355473906,915.0794286293296,False,settled
b,blue_ramp,ramp,0.0,0.7,0.0,0.9635698176516364,996.9414795635932,False,settled
b,blue_ramp,ramp,0.0,0.7,0.0,1.0361139229525511,980.3331293130163,False,settled
b,blue_ramp,ramp,0.0,0.7,0.0,0.7982076452463291,1071.7053510282663,False,settled
b,blue_ramp,ramp,0.0,0.7,0.0,1.5629877799778749,826.5445952897408,False,settled
b,blue_ramp,ramp,0.0,0.7,0.0,0.7468839455167315,1084.8514638891593,False,settled
b,blue_ramp,ramp,0.0,0.7,0.0,1.6154900946508772,811.8612727873721,False,settled
b,blue_ramp,ramp,0.0,0.7,0.0,1.0958900848537936,959.2766526811174,False,settled
b,blue_ramp,ramp,0.0,0.7,0.0,0.8279229993893096,1055.2513665699857,False,settled
b,blue_ramp,ramp,0.0,0.7,0.0,1.2656529773917142,904.9291280571559,False,settled
b,blue_ramp,ramp,0.0,0.7,0.0,0.8467744924239093,1040.5763118417635,False,settled
b,blue_ramp,ramp,0.0,0.7,0.0,0.745983348664737,1083.8297366691904,False,settled
b,blue_ramp,ramp,0.0,0.7,0.0,1.5857956047272055,820.0405402912324,False,settled
b,blue_ramp,ramp,0.0,0.7,0.0,0.8937298118836783,1028.7202990600358,False,settled
b,blue_ramp,ramp,0.0,0.7,0.0,0.6947407162165886,1108.615769573192,False,settled
b,blue_ramp,ramp,0.0,0.7,0.0,1.6316186811577613,808.4542677897151,False,settled
b,blue_ramp,ramp,0.0,0.7,0.0,0.8195616317916263,1061.5838743205873,False,settled
b,blue_ramp,ramp,0.0,0.7,0.0,1.1036135628904813,953.0343875317565,False,settled
b,blue_ramp,ramp,0.0,0.7,0.0,1.0587182961776473,971.8590416661151,False,settled
b,blue_ramp,ramp,0.0,0.7,0.0,0.966280473765393,1005.6959440373133,False,settled
b,blue_ramp,ramp,0.0,0.7,0.0,1.2928116659294138,893.104734359405,False,settled
b,blue_ramp,ramp,0.0,0.7,0.0,0.9961471033857574,986.2902181651175,False,settled
b,blue_ramp,ramp,0.0,0.7,0.0,0.8648235849290877,1034.728801677219,False,settled
b,blue_ramp,ramp,0.0,0.7,0.0,1.2142394455024879,916.1235242578798,False,settled
b,blue_ramp,ramp,0.0,0.7,0.0,1.116533888392607,950.960603309921,False,settled
b,blue_ramp,ramp,0.0,0.7,0.0,0.7345178233189953,1097.7971201043736,False,settled
b,blue_ramp,ramp,0.0,0.7,0.0,0.9705494690853746,1002.2295675565426,False,settled
b,blue_ramp,ramp,0.0,0.7,0.0,0.7096178488095697,1103.8947966089265,False,settled
b,blue_ramp,ramp,0.0,0.7,0.0,0.8915540735945665,1030.4531356173832,False,settled
b,blue_ramp,ramp,0.0,0.7,0.0,1.1933351398674812,926.5332162349509,False,settled
b,blue_ramp,ramp,0.0,0.7,0.0,0.7056945384258051,1101.4100054957485,False,settled
b,blue_ramp,ramp,0.0,0.7,0.0,0.9645235054305643,996.1348615184303,False,settled
b,blue_ramp,ramp,0.0,0.7,0.0,1.0107912362595468,980.628046896632,False,settled
b,blue_ramp,ramp,0.0,0.7,0.0,0.9023571882773231,1021.8756649059634,False,settled
b,blue_ramp,ramp,0.0,0.7,0.0,0.8499091490290285,1038.2644861690205,False,settled
b,blue_ramp,ramp,0.0,0.7,0.0,0.9295792293425531,1019.1225030994859,False,settled
b,blue_ramp,ramp,0.0,0.7,0.0,0.9692396711689889,1003.2928871317374,False,settled
b,blue_ramp,ramp,0.0,0.7,0.0,1.5140023957438524,838.2678708972716,False,settled
b,blue_ramp,ramp,0.0,0.7,0.0,1.2208637058095035,917.7289240811942,False,settled
b,blue_ramp,ramp,0.0,0.7,0.0,0.9189765020058873,1021.1152240981789,False,settled
b,blue_ramp,ramp,0.0,0.7,0.0,0.8492869837853744,1038.736268287383,False,settled
b,blue_ramp,ramp,0.0,0.7,0.0,1.3633391422345258,872.3052775684674,False,settled
b,blue_ramp,ramp,0.0,0.7,0.0,1.5785781879250338,820.8241533910807,False,settled
b,blue_ramp,ramp,0.0,0.7,0.0,1.4130979038557643,861.4212189620475,False,settled
b,blue_ramp,ramp,0.0,0.7,0.0,1.0452969434980801,972.7657495876953,False,settled
b,blue_ramp,ramp,0.0,0.7,0.0,1.303804873326839,889.3666171662869,False,settled
b,blue_ramp,ramp,0.0,0.7,0.0,1.025423335742487,978.8215986001799,False,settled
b,blue_ramp,ramp,0.0,0.7,0.0,0.8791741445383241,1027.6291475539024,False,settled
b,blue_ramp,ramp,0.0,0.7,0.0,1.2815536424041618,896.9080581436168,False,settled
b,blue_ramp,ramp,0.0,0.7,0.0,0.957366730789417,1001.4963354796486,False,settled
b,blue_ramp,ramp,0.0,0.7,0.0,0.9021470013986223,1022.041785040421,False,settled
b,blue_ramp,ramp,0.0,0.7,0.0,0.8063626336079808,1056.9175266524194,False,settled
b,blue_ramp,ramp,0.0,0.7,0.0,0.889366531566373,1032.1951954212789,False,settled
b,blue_ramp,ramp,0.0,0.7,0.0,0.949846979405485,1007.5246248602801,False,settled
b,blue_ramp,ramp,0.0,0.7,0.0,1.106602698327534,950.527956875042,False,settled
b,blue_ramp,ramp,0.0,0.7,0.0,1.5745680280990149,823.106043100646,False,settled
b,blue_ramp,ramp,0.0,0.7,0.0,0.9450044898958573,1011.4229162018385,False,settled
b,blue_ramp,ramp,0.0,0.7,0.0,1.294833157556349,891.2553244721992,False,settled
b,blue_ramp,ramp,0.0,0.7,0.0,1.317143058312622,887.5043431997457,False,settled
b,blue_ramp,ramp,0.0,0.7,0.0,0.8345967217642896,1050.0318033695355,False,settled
b,blue_ramp,ramp,0.0,0.7,0.0,0.9964357303470918,986.2299635131823,False,settled
b,blue_ramp,ramp,0.0,0.7,0.0,0.8387329189790809,1046.7991026277252,False,settled
b,blue_ramp,ramp,0.0,0.7,0.0,0.7006127328867598,1103.7479097004689,False,settled
b,blue_ramp,ramp,0.0,0.7,0.0,0.7127190445249073,1099.1852487662857,False,settled
b,blue_ramp,ramp,0.0,0.7,0.0,0.7684888145044074,1073.9096892139617,False,settled
b,blue_ramp,ramp,0.0,0.7,0.0,0.8794989209976961,1027.3810735885174,False,settled
b,blue_ramp,ramp,0.0,0.7,0.0,0.9880875084171377,988.7424845245472,False,settled
b,blue_ramp,ramp,0.0,0.7,0.0,1.645221869082216,805.0282836692428,False,settled
b,blue_ramp,ramp,0.0,0.7,0.0,1.608562734951221,815.3173556207872,False,settled
b,blue_ramp,ramp,0.0,0.7,0.0,1.0357553217836246,980.6292243675225,False,settled
b,blue_ramp,ramp,0.0,0.7,0.0,0.7238335078233061,1092.622815363894,False,settled
b,blue_ramp,ramp,0.0,0.7,0.0,1.2943577350521436,891.764867160067,False,settled
b,blue_ramp,ramp,0.0,0.7,0.0,0.782030356411845,1077.9596148442808,False,settled
b,blue_ramp,ramp,0.0,0.7,0.0,0.7110966985009772,1108.8132014373307,False,settled
b,blue_ramp,ramp,0.0,0.7,0.0,0.8497440946586314,1038.3913335481143,False,settled
b,blue_ramp,ramp,0.0,0.7,0.0,1.0929460935767452,952.8198320718078,False,settled
b,blue_ramp,ramp,0.0,0.7,0.0,0.9536136060340343,1004.4965552137741,False,settled
b,blue_ramp,ramp,0.0,0.7,0.0,0.8766948546983453,1029.6394264457726,False,settled
b,blue_ramp,ramp,0.0,0.7,0.0,0.9737301392883264,999.6500334588427,False,settled
b,blue_ramp,ramp,0.0,0.7,0.0,1.1440150306823964,938.8623641740838,False,settled
b,blue_ramp,ramp,0.0,0.7,0.0,0.77754295951465,1067.21305414274,False,settled
b,blue_ramp,ramp,0.0,0.7,0.0,0.7319719375540347,1085.296070421896,False,settled
b,blue_ramp,ramp,0.0,0.7,0.0,0.7093594219038514,1103.122872385984,False,settled
b,blue_ramp,ramp,0.0,0.7,0.0,1.239838128492733,907.4040433146282,False,settled
b,blue_ramp,ramp,0.0,0.7,0.0,0.6942143325227462,1116.820072215137,False,settled
b,blue_ramp,ramp,0.0,0.7,0.0,1.641742403986691,806.7559317720027,False,settled
b,blue_ramp,ramp,0.0,0.7,0.0,1.3676361697562054,873.2189875623017,False,settled
b,blue_ramp,ramp,0.0,0.7,0.0,1.385358975200993,866.2722585423444,False,settled
b,blue_ramp,ramp,0.0,0.7,0.0,0.995886522697887,986.3446179013631,False,settled
b,blue_ramp,ramp,0.0,0.7,0.0,0.7058400746619726,1102.429797203482,False,settled
b,blue_ramp,ramp,0.0,0.7,0.0,0.8348191442544276,1049.8578655257995,False,settled
b,blue_ramp,ramp,0.0,0.7,0.0,1.0972302675329006,958.1446604395699,False,settled
b,blue_ramp,ramp,0.0,0.7,0.0,0.9743771974076597,999.1288863268007,False,settled
b,blue_ramp,ramp,0.0,0.7,0.0,0.7220749930691005,1104.1574085092022,False,settled
b,blue_ramp,ramp,0.0,0.7,0.0,0.8136034534864759,1052.6924669063446,False,settled
b,blue_ramp,ramp,0.0,0.7,0.0,1.032141252380627,973.6459676904293,False,settled
b,blue_ramp,ramp,0.0,0.7,0.0,0.7623701295746715,1077.526774278507,False,settled
b,blue_ramp,ramp,0.0,0.7,0.0,1.0962350071772768,958.9851533781044,False,settled
b,blue_ramp,ramp,0.0,0.7,0.0,1.0924522555994984,953.2198213013886,False,settled
b,blue_ramp,ramp,0.0,0.7,0.0,0.7518752179718072,1081.543919803482,False,settled
b,blue_ramp,ramp,0.0,0.7,0.0,0.8927933040667749,1029.4662490135393,False,settled
b,blue_ramp,ramp,0.0,0.7,0.0,0.8126754548126004,1053.4057791757523,False,settled
b,blue_ramp,ramp,0.0,0.7,0.0,1.0331998982942818,972.8907668420552,False,settled
b,blue_ramp,ramp,0.0,0.7,0.0,0.7188602251912056,1099.3497657491562,False,settled
b,blue_ramp,ramp,0.0,0.7,0.0,1.3319876079784385,880.3971740132346,False,settled
b,blue_ramp,ramp,0.0,0.7,0.0,0.9245009717167332,1020.0769129113427,False,settled
b,blue_ramp,ramp,0.0,0.7,0.0,0.7163834745646555,1091.840848164473,False,settled
b,blue_ramp,ramp,0.0,0.7,0.0,1.251275391581862,904.2038849430195,False,settled
b,blue_ramp,ramp,0.0,0.7,0.0,0.9933474318071366,986.8795511908561,False,settled
b,blue_ramp,ramp,0.0,0.7,0.0,0.9195407747317077,1021.0058243776735,False,settled
b,blue_ramp,ramp,0.0,0.7,0.0,0.854568518126394,1036.2229580289352,False,settled
b,blue_ramp,ramp,0.0,0.7,0.0,1.1028922087600255,953.6392309854951,False,settled
b,blue_ramp,ramp,0.0,0.7,0.0,0.932524350540895,1018.5691550101366,False,settled
b,blue_ramp,ramp,0.0,0.7,0.0,0.9861835539869711,990.1390042352263,False,settled
b,blue_ramp,ramp,0.0,0.7,0.0,1.1419676822350937,939.4633785789304,False,settled
b,blue_ramp,ramp,0.0,0.7,0.0,0.9279861359486542,1019.4218211186196,False,settled
b,blue_ramp,ramp,0.0,0.7,0.0,1.0148789756981553,987.464539523768,False,settled
b,blue_ramp,ramp,0.0,0.7,0.0,0.8462686524472338,1040.9687041555385,False,settled
b,blue_ramp,ramp,0.0,0.7,0.0,0.8848072811450587,1035.8496171258475,False,settled
b,blue_ramp,ramp,0.0,0.7,0.0,0.9825966250064259,992.67776362482,False,settled
b,blue_ramp,ramp,0.0,0.7,0.0,1.091743551552379,953.7052572084501,False,settled
b,blue_ramp,ramp,0.0,0.7,0.0,0.7704682808564004,1072.5093633583188,False,settled
b,blue_ramp,ramp,0.0,0.7,0.0,0.7716802041455194,1071.6501628366218,False,settled
b,blue_ramp,ramp,0.0,0.7,0.0,0.7262749634073584,1094.9371939929424,False,settled
b,blue_ramp,ramp,0.0,0.7,0.0,0.9800692039964239,994.6742975534565,False,settled
b,blue_ramp,ramp,0.0,0.7,0.0,1.1807719985348577,929.5856873584158,False,settled
b,blue_ramp,ramp,0.0,0.7,0.0,0.7719256549172278,1071.476024876155,False,settled
b,blue_ramp,ramp,0.0,0.7,0.0,1.1830352236327168,927.6121546457804,False,settled
b,blue_ramp,ramp,0.0,0.7,0.0,0.8774852944264422,1028.9446630483608,False,settled
b,blue_ramp,ramp,0.0,0.7,0.0,1.1794527678420945,930.7429491026368,False,settled
b,blue_ramp,ramp,0.0,0.7,0.0,1.2560271329281787,906.8773288595496,False,settled
b,blue_ramp,ramp,0.0,0.7,0.0,1.1346834757806965,944.6114387488115,False,settled
b,blue_ramp,ramp,0.0,0.7,0.0,1.1383991462938337,941.7323657063747,False,settled
b,blue_ramp,ramp,0.0,0.7,0.0,1.1436256618265062,938.9766490734914,False,settled
b,blue_ramp,ramp,0.0,0.7,0.0,1.2210333198848857,917.5777432294867,False,settled
b,blue_ramp,ramp,0.0,0.7,0.0,0.6895187002678682,1116.7270498131388,False,settled
b,blue_ramp,ramp,0.0,0.7,0.0,0.8076312390519248,1056.771179117695,False,settled
b,blue_ramp,ramp,0.0,0.7,0.0,1.0287837392366774,976.4457331565404,False,settled
b,blue_ramp,ramp,0.0,0.7,0.0,1.2511252842140286,904.3398890108889,False,settled
b,blue_ramp,ramp,0.0,0.7,0.0,1.6798003083920374,795.0546340004594,False,settled
b,blue_ramp,ramp,0.0,0.7,0.0,1.392193715233171,864.5190101279197,False,settled
b,blue_ramp,ramp,0.0,0.7,0.0,0.9712510903892122,1001.6599728136807,False,settled
b,blue_ramp,ramp,0.0,0.7,0.0,1.2144530383993295,915.937116317166,False,settled
b,blue_ramp,ramp,0.0,0.7,0.0,1.2215033783299947,917.1587656107234,False,settled
b,blue_ramp,ramp,0.0,0.7,0.0,0.7112290104742531,1108.7612740514826,False,settled
b,blue_ramp,ramp,0.0,0.7,0.0,1.2409771086541446,906.4880318110768,False,settled
b,blue_ramp,ramp,0.0,0.7,0.0,0.9589474604208256,1000.2357229677802,False,settled
b,blue_ramp,ramp,0.0,0.7,0.0,0.7406040025226057,1086.0581697866485,False,settled
b,blue_ramp,ramp,0.0,0.7,0.0,0.8931536655233215,1029.1792922165419,False,settled
b,blue_ramp,ramp,0.0,0.7,0.0,1.2777702515569778,900.4395135102756,False,settled
b,blue_ramp,ramp,0.0,0.7,0.0,0.9874627142112559,989.1358192029463,False,settled
b,blue_ramp,ramp,0.0,0.7,0.0,1.1396637383194312,940.6680507849687,False,settled
b,blue_ramp,ramp,0.0,0.7,0.0,1.4068514628570576,862.9021887046288,False,settled
b,blue_ramp,ramp,0.0,0.7,0.0,0.9886130336750104,988.3345965815606,False,settled
b,blue_ramp,ramp,0.0,0.7,0.0,0.763291676686465,1077.1049768434398,False,settled
b,blue_ramp,ramp,0.0,0.7,0.0,1.6542366761073317,803.6695713116617,False,settled
b,blue_ramp,ramp,0.0,0.7,0.0,1.4563034869312195,850.5085147403353,False,settled
b,blue_ramp,ramp,0.0,0.7,0.0,1.2098933313781193,919.8236481933732,False,settled
b,blue_ramp,ramp,0.0,0.7,0.0,1.433509811310743,853.5716607235034,False,settled
b,blue_ramp,ramp,0.0,0.7,0.0,0.7566297603609443,1076.7039298541367,False,settled
b,blue_ramp,ramp,0.0,0.7,0.0,1.203057538992256,918.1227259216583,False,settled
b,blue_ramp,ramp,0.0,0.7,0.0,1.3564753874934135,873.5881950157598,False,settled
b,blue_ramp,ramp,0.0,0.7,0.0,0.7401384227956729,1084.6317195666982,False,settled
b,blue_ramp,ramp,0.0,0.7,0.0,0.9316492791624084,1018.7335696058877,False,settled
b,blue_ramp,ramp,0.0,0.7,0.0,1.1028487301896261,953.6756868133248,False,settled
b,blue_ramp,ramp,0.0,0.7,0.0,0.8493169858085385,1038.7131928359045,False,settled
b,blue_ramp,ramp,0.0,0.7,0.0,1.1187095879427187,949.3785203288476,False,settled
b,blue_ramp,ramp,0.0,0.7,0.0,0.8225456771401516,1059.225005734756,False,settled
b,blue_ramp,ramp,0.0,0.7,0.0,0.71061570685401,1105.3221871011037,False,settled
b,blue_ramp,ramp,0.0,0.7,0.0,1.1815110150521881,928.938141809915,False,settled
b,blue_ramp,ramp,0.0,0.7,0.0,1.2286467217449366,914.2035870992302,False,settled
b,blue_ramp,ramp,0.0,0.7,0.0,1.5242391717409105,835.1648931446431,False,settled
b,blue_ramp,ramp,0.0,0.7,0.0,1.1608174396503266,938.5442769099689,False,settled
b,blue_ramp,ramp,0.0,0.7,0.0,1.216641601169103,913.9661800836477,False,settled
b,blue_ramp,ramp,0.0,0.7,0.0,0.9958257777804684,986.3572986310306,False,settled
b,blue_ramp,ramp,0.0,0.7,0.0,1.5350299730462666,832.631141375645,False,settled
b,blue_ramp,ramp,0.0,0.7,0.0,1.04487593532963,973.1105011088009,False,settled
b,blue_ramp,ramp,0.0,0.7,0.0,1.138964827065729,941.2545492624694,False,settled
b,blue_ramp,ramp,0.0,0.7,0.0,0.6924932593797682,1103.7753908040975,False,settled
b,blue_ramp,ramp,0.0,0.7,0.0,0.7766544636714767,1067.8936675674554,False,settled
b,blue_ramp,ramp,0.0,0.7,0.0,0.8022275238048763,1057.3302465384743,False,settled
b,blue_ramp,ramp,0.0,0.7,0.0,0.779061389235672,1066.1533852438502,False,settled
b,blue_ramp,ramp,0.0,0.7,0.0,0.7510301982440659,1082.0951072524429,False,settled
b,blue_ramp,ramp,0.0,0.7,0.0,1.2299543277245746,913.7460082137153,False,settled
b,blue_ramp,ramp,0.0,0.7,0.0,0.7338228258803193,1098.2736414285546,False,settled
b,blue_ramp,ramp,0.0,0.7,0.0,0.6978839561335644,1112.4634369061077,False,settled
b,blue_ramp,ramp,0.0,0.7,0.0,0.850226474266488,1037.9543562339802,False,settled
b,blue_ramp,ramp,0.0,0.7,0.0,1.0559603876984314,974.1238407780116,False,settled
b,blue_ramp,ramp,0.0,0.7,0.0,0.7352081723389476,1085.0757821148159,False,settled
b,blue_ramp,ramp,0.0,0.7,0.0,0.9249998058729318,1019.9831733467922,False,settled
b,blue_ramp,ramp,0.0,0.7,0.0,0.8757979994175653,1030.3452929264508,False,settled
b,blue_ramp,ramp,0.0,0.7,0.0,0.9333662915794879,1018.4109646812914,False,settled
b,blue_ramp,ramp,0.0,0.7,0.0,1.1070818095275166,950.2180098049953,False,settled
b,blue_ramp,ramp,0.0,0.7,0.0,1.1108314730492241,947.1244210507962,False,settled
b,blue_ramp,ramp,0.0,0.7,0.0,0.9332122808508758,1018.4399014326965,False,settled
b,blue_ramp,ramp,0.0,0.7,0.0,1.5400406194552265,832.2695959940118,False,settled
b,blue_ramp,ramp,0.0,0.7,0.0,1.1236218143466161,945.2778389661015,False,settled
b,blue_ramp,ramp,0.0,0.7,0.0,0.7191897015374502,1099.89528886447,False,settled
b,blue_ramp,ramp,0.0,0.7,0.0,0.8501478743620577,1038.014770031054,False,settled
b,blue_ramp,ramp,0.0,0.7,0.0,1.0192981607610208,983.8320458051086,False,settled
b,blue_ramp,ramp,0.0,0.7,0.0,0.8464430779603795,1040.8333977291186,False,settled
b,blue_ramp,ramp,0.0,0.7,0.0,1.3365048237087935,881.5409890639294,False,settled
b,blue_ramp,ramp,0.0,0.7,0.0,0.8670883209526222,1034.309067628148,False,settled
b,blue_ramp,ramp,0.0,0.7,0.0,0.9509521656817197,1006.63597969074,False,settled
b,blue_ramp,ramp,0.0,0.7,0.0,0.9937764475577199,986.7899762678535,False,settled
b,blue_ramp,ramp,0.0,0.7,0.0,0.9577374047043707,1001.200604829964,False,settled
b,blue_ramp,ramp,0.0,0.7,0.0,0.8071835529425654,1056.8228250211503,False,settled
b,blue_ramp,ramp,0.0,0.7,0.0,0.7313214310819427,1099.5707979111567,False,settled
b,blue_ramp,ramp,0.0,0.7,0.0,1.6585874348872647,802.8671446777016,False,settled
b,blue_ramp,ramp,0.0,0.7,0.0,0.9331528840014482,1018.4510613772599,False,settled
b,blue_ramp,ramp,0.0,0.7,0.0,1.087853187081431,956.9187853188589,False,settled
b,blue_ramp,ramp,0.0,0.7,0.0,0.9868649332259217,989.6063471556886,False,settled
b,blue_ramp,ramp,0.0,0.7,0.0,1.3185846684201925,886.897766235299,False,settled
b,blue_ramp,ramp,0.0,0.7,0.0,0.907060876498073,1018.325807749952,False,settled
b,blue_ramp,ramp,0.0,0.7,0.0,0.6951079179954196,1111.4927297846764,False,settled
b,blue_ramp,ramp,0.0,0.7,0.0,1.0855709147827173,958.8163541371033,False,settled
b,blue_ramp,ramp,0.0,0.7,0.0,1.436139385295489,855.0039767720426,False,settled
b,blue_ramp,ramp,0.0,0.7,0.0,0.8328086968853994,1051.4303172917066,False,settled
b,blue_ramp,ramp,0.0,0.7,0.0,0.7191855154387345,1099.8853415793455,False,settled
b,blue_ramp,ramp,0.0,0.7,0.0,0.7791617144332862,1066.0765525926438,False,settled
b,blue_ramp,ramp,0.0,0.7,0.0,0.9344310115820199,1018.2109162410234,False,settled
b,blue_ramp,ramp,0.0,0.7,0.0,0.7595263881692479,1077.6251611879275,False,settled
b,blue_ramp,ramp,0.0,0.7,0.0,1.1878936401202025,923.4033392389409,False,settled
b,blue_ramp,ramp,0.0,0.7,0.0,1.473949988564023,846.8138849085979,False,settled
b,blue_ramp,ramp,0.0,0.7,0.0,1.3765802917298076,869.5301878483418,False,settled
b,blue_ramp,ramp,0.0,0.7,0.0,1.3300876603973137,881.8684464353767,False,settled
b,blue_ramp,ramp,0.0,0.7,0.0,1.3619341796983442,873.4490986438689,False,settled
b,blue_ramp,ramp,0.0,0.7,0.0,1.3954113196110607,865.9964642099663,False,settled
b,blue_ramp,ramp,0.0,0.7,0.0,0.7143186956671477,1103.4592100483458,False,settled
b,blue_ramp,ramp,0.0,0.7,0.0,1.3105145690509883,890.3016603716504,False,settled
b,blue_ramp,ramp,0.0,0.7,0.0,0.818001838750236,1062.824632001625,False,settled
b,blue_ramp,ramp,0.0,0.7,0.0,0.877111067364663,1029.2391616864152,False,settled
b,blue_ramp,ramp,0.0,0.7,0.0,0.9868750468629939,989.598388690038,False,settled
b,blue_ramp,ramp,0.0,0.7,0.0,0.7237653429559514,1092.4984560263247,False,settled
b,blue_ramp,ramp,0.0,0.7,0.0,1.1366978259285838,943.1711291683794,False,settled
b,blue_ramp,ramp,0.0,0.7,0.0,0.7065179406288286,1106.5002336765272,False,settled
b,blue_ramp,ramp,0.0,0.7,0.0,0.8762817068945146,1029.9645970682118,False,settled
b,blue_ramp,ramp,0.0,0.7,0.0,0.7867000441810341,1074.5430373143458,False,settled
b,blue_ramp,ramp,0.0,0.7,0.0,0.7315898906788416,1099.9075594351793,False,settled
b,blue_ramp,ramp,0.0,0.7,0.0,1.3083045009132175,891.3498302649023,False,settled
b,blue_ramp,ramp,0.0,0.7,0.0,0.9748057483586136,998.8038492266866,False,settled
b,blue_ramp,ramp,0.0,0.7,0.0,1.2838647370582863,894.7739218186568,False,settled
b,blue_ramp,ramp,0.0,0.7,0.0,0.9707560368621942,1002.0618707187929,False,settled
b,blue_ramp,ramp,0.0,0.7,0.0,0.8973712033348664,1025.8204194001864,False,settled
b,blue_ramp,ramp,0.0,0.7,0.0,1.5608317039681117,826.7967731524826,False,settled
b,blue_ramp,ramp,0.0,0.7,0.0,1.231618264828107,913.1637355230602,False,settled
b,blue_ramp,ramp,0.0,0.7,0.0,1.5589353605719125,826.5626148944781,False,settled
b,blue_ramp,ramp,0.0,0.7,0.0,1.3920816338025956,864.6362279300962,False,settled
b,blue_ramp,ramp,0.0,0.7,0.0,1.1330355333787683,945.9967401277293,False,settled
b,blue_ramp,ramp,0.0,0.7,0.0,1.4261437019643366,857.0259969917528,False,settled
b,blue_ramp,ramp,0.0,0.7,0.0,0.8380879186994045,1047.3015755460779,False,settled
b,blue_ramp,ramp,0.0,0.7,0.0,0.7644517678800223,1076.4630145214849,False,settled
b,blue_ramp,ramp,0.0,0.7,0.0,1.0489838383383097,970.0781730282876,False,settled
b,blue_ramp,ramp,0.0,0.7,0.0,1.049442317619142,969.7098648597469,False,settled
b,blue_ramp,ramp,0.0,0.7,0.0,0.8178885958660485,1062.9147705577268,False,settled
b,blue_ramp,ramp,0.0,0.7,0.0,1.4169270111170693,857.4993948931932,False,settled
b,blue_ramp,ramp,0.0,0.7,0.0,0.9230182828473377,1020.3556294660552,False,settled
b,blue_ramp,ramp,0.0,0.7,0.0,0.8385620303008461,1046.9317196816605,False,settled
b,blue_ramp,ramp,0.0,0.7,0.0,1.0616983336745776,969.4191666269628,False,settled
b,blue_ramp,ramp,0.0,0.7,0.0,0.7749928131454263,1069.165409933092,False,settled
b,blue_ramp,ramp,0.0,0.7,0.0,0.8621319426267899,1035.1258014468845,False,settled
b,blue_ramp,ramp,0.0,0.7,0.0,1.163275423708504,936.4072470784772,False,settled
b,blue_ramp,ramp,0.0,0.7,0.0,0.9816556101335357,993.4219426415222,False,settled
b,blue_ramp,ramp,0.0,0.7,0.0,0.8540903331673095,1049.1625055134898,False,settled
b,blue_ramp,ramp,0.0,0.7,0.0,1.333817004519017,884.1989119685686,False,settled
b,blue_ramp,ramp,0.0,0.7,0.0,0.7478630686404272,1086.923909205551,False,settled
b,blue_ramp,ramp,0.0,0.7,0.0,1.1544024240133333,935.8245697262798,False,settled
b,blue_ramp,ramp,0.0,0.7,0.0,0.7886677244500119,1073.2503280662802,False,settled
b,blue_ramp,ramp,0.0,0.7,0.0,1.2824428320703176,896.0781990242164,False,settled
b,blue_ramp,ramp,0.0,0.7,0.0,0.7050150258815904,1099.2832437328473,False,settled
b,blue_ramp,ramp,0.0,0.7,0.0,0.7938568288935035,1072.2786352335395,False,settled
b,blue_ramp,ramp,0.0,0.7,0.0,0.7536661111968187,1078.2090064549445,False,settled
b,blue_ramp,ramp,0.0,0.7,0.0,1.3487126651010055,875.7032384741353,False,settled
b,blue_ramp,ramp,0.0,0.7,0.0,0.7058094539743963,1102.0720849286554,False,settled
b,blue_ramp,ramp,0.0,0.7,0.0,1.2193880638512404,919.0441650422998,False,settled
b,blue_ramp,ramp,0.0,0.7,0.0,1.1712536848549273,929.7437742412747,False,settled
b,blue_ramp,ramp,0.0,0.7,0.0,1.6304437866186259,808.9041707365593,False,settled
b,blue_ramp,ramp,0.0,0.7,0.0,0.6897671284907169,1111.4969363264604,False,settled
b,blue_ramp,ramp,0.0,0.7,0.0,0.7612071171865922,1077.9554171099924,False,settled
b,blue_ramp,ramp,0.0,0.7,0.0,1.0467251776179132,971.5962080649849,False,settled
b,blue_ramp,ramp,0.0,0.7,0.0,0.7067748543243644,1107.6927228103195,False,settled
b,blue_ramp,ramp,0.0,0.7,0.0,0.6953316500111765,1116.2267618187257,False,settled
b,blue_ramp,ramp,0.0,0.7,0.0,0.9828050712169332,992.5138549646451,False,settled
b,blue_ramp,ramp,0.0,0.7,0.0,1.5374736772273627,832.5812410952924,False,settled
b,blue_ramp,ramp,0.0,0.7,0.0,0.8650350852063878,1034.6075958038803,False,settled
b,blue_ramp,ramp,0.0,0.7,0.0,1.0989239185722657,956.7143591631128,False,settled
b,blue_ramp,ramp,0.0,0.7,0.0,0.8379798805103171,1047.3860660562882,False,settled
b,blue_ramp,ramp,0.0,0.7,0.0,1.2299008273534493,913.7647299446357,False,settled
b,blue_ramp,ramp,0.0,0.7,0.0,0.8406010394313852,1045.3493567895337,False,settled
b,blue_ramp,ramp,0.0,0.7,0.0,0.7202583742395013,1100.1862343010646,False,settled
b,blue_ramp,ramp,0.0,0.7,0.0,0.8832328362635598,1036.8650126676634,False,settled
b,blue_ramp,ramp,0.0,0.7,0.0,0.8430233496387497,1043.4695841882883,False,settled
b,blue_ramp,ramp,0.0,0.7,0.0,0.8763922565322174,1029.8775879642724,False,settled
b,blue_ramp,ramp,0.0,0.7,0.0,0.6986748975428455,1103.585431942532,False,settled
b,blue_ramp,ramp,0.0,0.7,0.0,1.1220145581160517,946.6349644242217,False,settled
b,blue_ramp,ramp,0.0,0.7,0.0,0.8461838789146376,1041.034465322206,False,settled
b,blue_ramp,ramp,0.0,0.7,0.0,1.0573619499404032,972.9727902423112,False,settled
b,blue_ramp,ramp,0.0,0.7,0.0,0.9068187574252148,1018.5134871951606,False,settled
b,blue_ramp,ramp,0.0,0.7,0.0,0.7439985406143738,1089.6976544450015,False,settled
b,blue_ramp,ramp,0.0,0.7,0.0,1.0463010415550145,971.9434367189124,False,settled
b,blue_ramp,ramp,0.0,0.7,0.0,1.0040678432023231,984.7108108736313,False,settled
b,blue_ramp,ramp,0.0,0.7,0.0,0.9953915809842455,986.4479387333514,False,settled
b,blue_ramp,ramp,0.0,0.7,0.0,0.9932144956262255,986.9435544632252,False,settled
b,blue_ramp,ramp,0.0,0.7,0.0,1.2283071602441824,914.322411971689,False,settled
b,blue_ramp,ramp,0.0,0.7,0.0,0.7419213272989068,1088.6499210077639,False,settled
b,blue_ramp,ramp,0.0,0.7,0.0,0.8021537399267544,1057.3389533041889,False,settled
b,blue_ramp,ramp,0.0,0.7,0.0,1.4064923887120107,863.0940929032137,False,settled
b,blue_ramp,ramp,0.0,0.7,0.0,1.217448294340317,920.5258513224601,False,settled
b,blue_ramp,ramp,0.0,0.7,0.0,0.8207910876861712,1060.6122314405854,False,settled
b,blue_ramp,ramp,0.0,0.7,0.0,0.8795339646545768,1027.3537215357362,False,settled
b,blue_ramp,ramp,0.0,0.7,0.0,0.9433226381852968,1012.7858858457348,False,settled
b,blue_ramp,ramp,0.0,0.7,0.0,0.9222613494641223,1020.4977489902451,False,settled
b,blue_ramp,ramp,0.0,0.7,0.0,1.3540962894376958,875.6915058500107,False,settled
b,blue_ramp,ramp,0.0,0.7,0.0,1.3518562570823918,877.9370342958301,False,settled
b,blue_ramp,ramp,0.0,0.7,0.0,1.6195184829533065,811.5307583455561,False,settled
b,blue_ramp,ramp,0.0,0.7,0.0,0.7630863912457828,1077.2053278425815,False,settled
b,blue_ramp,ramp,0.0,0.7,0.0,1.2328684800475878,912.7262389513365,False,settled
b,blue_ramp,ramp,0.0,0.7,0.0,1.4493556055581576,849.2922762983106,False,settled
b,blue_ramp,ramp,0.0,0.7,0.0,0.8399215957950096,1045.8766555204998,False,settled
b,blue_ramp,ramp,0.0,0.7,0.0,0.8841712749475467,1036.3600115879244,False,settled
b,blue_ramp,ramp,0.0,0.7,0.0,0.9628412464552618,997.5164359006831,False,settled
b,blue_ramp,ramp,0.0,0.7,0.0,1.4610853905887777,849.2615613671018,False,settled
b,blue_ramp,ramp,0.0,0.7,0.0,1.6829130440706097,793.8375882075796,False,settled
b,blue_ramp,ramp,0.0,0.7,0.0,0.7063083735012655,1105.5543062111399,False,settled
b,blue_ramp,ramp,0.0,0.7,0.0,0.9320346669377241,1018.661160291472,False,settled
b,blue_ramp,ramp,0.0,0.7,0.0,1.103138151690716,953.4330127365108,False,settled
b,blue_ramp,ramp,0.0,0.7,0.0,1.4692666102709675,848.1332154943356,False,settled
b,blue_ramp,ramp,0.0,0.7,0.0,0.7526766452198339,1081.238323744349,False,settled
b,blue_ramp,ramp,0.0,0.7,0.0,1.0465331045656558,971.7534520900311,False,settled
b,blue_ramp,ramp,0.0,0.7,0.0,0.9277173666032275,1019.4723186169432,False,settled
b,blue_ramp,ramp,0.0,0.7,0.0,1.3963774828029838,864.9765016402728,False,settled
b,blue_ramp,ramp,0.0,0.7,0.0,0.7996913099288059,1057.740622491673,False,settled
b,blue_ramp,ramp,0.0,0.7,0.0,0.7040236796343738,1109.5456979717417,False,settled
b,blue_ramp,ramp,0.0,0.7,0.0,1.1853495076896639,925.5988527975095,False,settled
b,blue_ramp,ramp,0.0,0.7,0.0,0.736760414124067,1087.6573034173798,False,settled
b,blue_ramp,ramp,0.0,0.7,0.0,0.7775290474101656,1067.223711640676,False,settled
b,blue_ramp,ramp,0.0,0.7,0.0,0.7633488751217204,1077.076230963743,False,settled
b,blue_ramp,ramp,0.0,0.7,0.0,0.909661620261483,1016.2636841364548,False,settled
b,blue_ramp,ramp,0.0,0.7,0.0,1.2520661550373018,903.4918552298616,False,settled
b,blue_ramp,ramp,0.0,0.7,0.0,1.0420058458376784,975.4687015962041,False,settled
b,blue_ramp,ramp,0.0,0.7,0.0,1.2610441934146401,902.2718617382783,False,settled
b,blue_ramp,ramp,0.0,0.7,0.0,1.4918040154898722,842.5477694977071,False,settled
b,blue_ramp,ramp,0.0,0.7,0.0,0.7641990326409015,1076.617501558211,False,settled
b,blue_ramp,ramp,0.0,0.7,0.0,0.8434633746080873,1043.1279836479516,False,settled
b,blue_ramp,ramp,0.0,0.7,0.0,1.2250209002848298,915.4730189489114,False,settled
b,blue_ramp,ramp,0.0,0.7,0.0,1.1016142053080409,954.453422449029,False,settled
b,blue_ramp,ramp,0.0,0.7,0.0,1.1163360995793548,951.1276842688882,False,settled
b,blue_ramp,ramp,0.0,0.7,0.0,1.0052172215086412,984.4710246069154,False,settled
b,blue_ramp,ramp,0.0,0.7,0.0,0.8842421641195465,1036.303143342643,False,settled
b,blue_ramp,ramp,0.0,0.7,0.0,1.6758096158827251,797.0942536631917,False,settled
b,blue_ramp,ramp,0.0,0.7,0.0,0.8863350910712975,1034.6239706818433,False,settled
b,blue_ramp,ramp,0.0,0.7,0.0,1.0574547140733133,972.896618977595,False,settled
b,blue_ramp,ramp,0.0,0.7,0.0,1.0601822404767496,970.6575298514465,False,settled
b,blue_ramp,ramp,0.0,0.7,0.0,0.8460072889421991,1041.1714512861895,False,settled
b,blue_ramp,ramp,0.0,0.7,0.0,0.6980156483446646,1113.7876437296632,False,settled
b,blue_ramp,ramp,0.0,0.7,0.0,1.0152483109874129,987.1599592497577,False,settled
b,blue_ramp,ramp,0.0,0.7,0.0,0.9169572440716077,1022.6965374609115,False,settled
b,blue_ramp,ramp,0.0,0.7,0.0,1.6384878593678336,807.8525687272567,False,settled
b,blue_ramp,ramp,0.0,0.7,0.0,0.710606477933698,1105.2309434473145,False,settled
b,blue_ramp,ramp,0.0,0.7,0.0,0.705665761736186,1101.369217138521,False,settled
b,blue_ramp,ramp,0.0,0.7,0.0,1.133707045008457,945.4321408609177,False,settled
b,blue_ramp,ramp,0.0,0.7,0.0,0.9008806576963418,1023.0426857757192,False,settled
b,blue_ramp,ramp,0.0,0.7,0.0,0.7494085106777061,1088.074987477069,False,settled
b,blue_ramp,ramp,0.0,0.7,0.0,1.1245508468520258,944.591041810133,False,settled
b,blue_ramp,ramp,0.0,0.7,0.0,0.8241636287938255,1058.1984666881538,False,settled
b,blue_ramp,ramp,0.0,0.7,0.0,1.1666141813710906,933.7540097394864,False,settled
b,blue_ramp,ramp,0.0,0.7,0.0,1.366699735751121,874.1769081704512,False,settled
b,blue_ramp,ramp,0.0,0.7,0.0,1.2300615694866381,913.7084804088548,False,settled
b,blue_ramp,ramp,0.0,0.7,0.0,1.0300289799176683,975.3574223560306,False,settled
b,blue_ramp,ramp,0.0,0.7,0.0,1.2775982389952614,900.6000888717477,False,settled
b,blue_ramp,ramp,0.0,0.7,0.0,1.2116116718526508,918.3266837132176,False,settled
b,blue_ramp,ramp,0.0,0.7,0.0,0.9968967620590727,986.1337145069406,False,settled
b,blue_ramp,ramp,0.0,0.7,0.0,1.203373530493064,917.8622557883451,False,settled
b,blue_ramp,ramp,0.0,0.7,0.0,0.8614036208183223,1035.1605148051315,False,settled
b,blue_ramp,ramp,0.0,0.7,0.0,0.717719788813144,1095.8847104210586,False,settled
b,blue_ramp,ramp,0.0,0.7,0.0,1.2957899527374666,890.3825897025545,False,settled
b,blue_ramp,ramp,0.0,0.7,0.0,0.7148928239487267,1104.6176056887875,False,settled
b,blue_ramp,ramp,0.0,0.7,0.0,1.3168802311929373,887.6149046626856,False,settled
b,blue_ramp,ramp,0.0,0.7,0.0,1.1814304498194543,929.0082278306305,False,settled
b,blue_ramp,ramp,0.0,0.7,0.0,0.8357869844508462,1049.100992588952,False,settled
b,blue_ramp,ramp,0.0,0.7,0.0,1.2547741994335235,908.0309935414286,False,settled
b,blue_ramp,ramp,0.0,0.7,0.0,0.958074655812337,1000.9316863315206,False,settled
b,blue_ramp,ramp,0.0,0.7,0.0,0.9198550441813441,1020.9497811446745,False,settled
b,blue_ramp,ramp,0.0,0.7,0.0,1.025170147321682,979.0286831727946,False,settled
b,blue_ramp,ramp,0.0,0.7,0.0,0.8430638183955339,1043.4381846754438,False,settled
b,blue_ramp,ramp,0.0,0.7,0.0,1.1850204626177039,925.885061707964,False,settled
b,blue_ramp,ramp,0.0,0.7,0.0,1.0782682899877503,964.4509381866494,False,settled
b,blue_ramp,ramp,0.0,0.7,0.0,0.8016991362422238,1057.3979520821658,False,settled
b,blue_ramp,ramp,0.0,0.7,0.0,0.8836020453741088,1036.816643739361,False,settled
b,blue_ramp,ramp,0.0,0.7,0.0,0.8025196545251861,1057.2957740329596,False,settled
b,blue_ramp,ramp,0.0,0.7,0.0,1.6403744423992566,806.2104192608193,False,settled
b,blue_ramp,ramp,0.0,0.7,0.0,1.2600658925877313,903.1649432074063,False,settled
b,blue_ramp,ramp,0.0,0.7,0.0,0.7013205534020039,1106.2812610370436,False,settled
b,blue_ramp,ramp,0.0,0.7,0.0,1.1221432262324824,946.5263205493934,False,settled
b,blue_ramp,ramp,0.0,0.7,0.0,1.138944771592323,941.2713788621202,False,settled
b,blue_ramp,ramp,0.0,0.7,0.0,1.1496380598418279,937.2119612210854,False,settled
b,blue_ramp,ramp,0.0,0.7,0.0,0.8166262496102102,1063.9194275486152,False,settled
b,blue_ramp,ramp,0.0,0.7,0.0,0.718388606698089,1098.2159465700322,False,settled
b,blue_ramp,ramp,0.0,0.7,0.0,0.9146926658288033,1024.492039899465,False,settled
b,blue_ramp,ramp,0.0,0.7,0.0,0.7246559677008395,1090.4246586235265,False,settled
b,blue_ramp,ramp,0.0,0.7,0.0,0.7908959713351659,1072.66913886756,False,settled
b,blue_ramp,ramp,0.0,0.7,0.0,0.9247940873372225,1020.0218314373938,False,settled
b,blue_ramp,ramp,0.0,0.7,0.0,1.040217135402708,976.9452478488539,False,settled
b,blue_ramp,ramp,0.0,0.7,0.0,0.9975072099875779,986.0027088437624,False,settled
b,blue_ramp,ramp,0.0,0.7,0.0,0.7332181176434603,1086.2491611723594,False,settled
b,blue_ramp,ramp,0.0,0.7,0.0,0.9129493362809259,1025.8747121023707,False,settled
b,blue_ramp,ramp,0.0,0.7,0.0,1.6825475587423326,793.6521955890263,False,settled
b,blue_ramp,ramp,0.0,0.7,0.0,1.3713722339786292,869.6814993796954,False,settled
b,blue_ramp,ramp,0.0,0.7,0.0,1.379999037574676,866.4505550210375,False,settled
b,blue_ramp,ramp,0.0,0.7,0.0,1.0231785736625965,980.6575887873732,False,settled
b,blue_ramp,ramp,0.0,0.7,0.0,1.6308152333721049,808.6549513779539,False,settled
b,blue_ramp,ramp,0.0,0.7,0.0,1.403190353461346,860.1651505351955,False,settled
b,blue_ramp,ramp,0.0,0.7,0.0,0.866923529072572,1034.3330302990464,False,settled
b,blue_ramp,ramp,0.0,0.7,0.0,1.6000938857597313,815.8732795050244,False,settled
b,blue_ramp,ramp,0.0,0.7,0.0,0.9100343128950193,1015.9773691622124,False,settled
b,blue_ramp,ramp,0.0,0.7,0.0,0.820882294195723,1060.540140714124,False,settled
b,blue_ramp,ramp,0.0,0.7,0.0,1.083994518899708,959.8688830764168,False,settled
b,blue_ramp,ramp,0.0,0.7,0.0,0.7099590851763778,1105.2004159720839,False,settled
b,blue_ramp,ramp,0.0,0.7,0.0,1.0999943205831662,955.8104163367774,False,settled
b,blue_ramp,ramp,0.0,0.7,0.0,0.7005135242048737,1102.9287959216886,False,settled
b,blue_ramp,ramp,0.0,0.7,0.0,0.7656880198410533,1075.7017440784316,False,settled
b,blue_ramp,ramp,0.0,0.7,0.0,0.7261374877556231,1094.7239045045676,False,settled
b,blue_ramp,ramp,0.0,0.7,0.0,1.315725672070178,888.1005832339209,False,settled
b,blue_ramp,ramp,0.0,0.7,0.0,1.2558745958071122,907.0177460225107,False,settled
b,blue_ramp,ramp,0.0,0.7,0.0,0.7810251566601879,1078.7515911279934,False,settled
b,blue_ramp,ramp,0.0,0.7,0.0,0.9938476357484205,986.7703137276974,False,settled
b,blue_ramp,ramp,0.0,0.7,0.0,1.0148413961914498,987.4955302121589,False,settled
b,blue_ramp,ramp,0.0,0.7,0.0,0.7248535090685916,1091.6312175224484,False,settled
b,blue_ramp,ramp,0.0,0.7,0.0,0.7599460100336826,1077.8893756606508,False,settled
b,blue_ramp,ramp,0.0,0.7,0.0,1.1453704762373813,938.4643472420757,False,settled
b,blue_ramp,ramp,0.0,0.7,0.0,1.386478732638672,865.1314881648864,False,settled
b,blue_ramp,ramp,0.0,0.7,0.0,0.7656175613999529,1075.7449995195118,False,settled
b,blue_ramp,ramp,0.0,0.7,0.0,1.0201261552829348,983.1545674462076,False,settled
b,blue_ramp,ramp,0.0,0.7,0.0,1.0737989368382128,965.578242732332,False,settled
b,blue_ramp,ramp,0.0,0.7,0.0,0.8414881842604062,1044.6607159269995,False,settled
b,blue_ramp,ramp,0.0,0.7,0.0,0.737724592310246,1088.6011258380256,False,settled
b,blue_ramp,ramp,0.0,0.7,0.0,0.7137899557229829,1100.6772410220105,False,settled
b,blue_ramp,ramp,0.0,0.7,0.0,0.833259936246891,1051.0774201139202,False,settled
b,blue_ramp,ramp,0.0,0.7,0.0,0.690433293042624,1115.271491112801,False,settled
b,blue_ramp,ramp,0.0,0.7,0.0,1.4362449684215803,854.8841542889378,False,settled
b,blue_ramp,ramp,0.0,0.7,0.0,1.0759786743587902,965.0285022536717,False,settled
b,blue_ramp,ramp,0.0,0.7,0.0,1.3424357625255214,881.5646218885161,False,settled
b,blue_ramp,ramp,0.0,0.7,0.0,1.3908410179845174,865.8423741716839,False,settled
b,blue_ramp,ramp,0.0,0.7,0.0,1.2101052993824877,919.639445928604,False,settled
b,blue_ramp,ramp,0.0,0.7,0.0,0.723985988095166,1090.5991892544414,False,settled
b,blue_ramp,ramp,0.0,0.7,0.0,0.9157503981945577,1023.6533651972732,False,settled
b,blue_ramp,ramp,0.0,0.7,0.0,1.0125275341962647,989.4039472418974,False,settled
b,blue_ramp,ramp,0.0,0.7,0.0,0.8314093837514759,1052.5248930366736,False,settled
b,blue_ramp,ramp,0.0,0.7,0.0,1.3586281768509731,876.7972641829555,False,settled
b,blue_ramp,ramp,0.0,0.7,0.0,1.3070850885560705,892.5138209145478,False,settled
b,blue_ramp,ramp,0.0,0.7,0.0,0.8165609579048642,1063.9713838674118,False,settled
b,blue_ramp,ramp,0.0,0.7,0.0,0.7736540729306123,1070.267239676853,False,settled
b,blue_ramp,ramp,0.0,0.7,0.0,1.0900905129619338,955.0751332179435,False,settled
b,blue_ramp,ramp,0.0,0.7,0.0,0.7372878836712748,1088.175033634094,False,settled
b,blue_ramp,ramp,0.0,0.7,0.0,0.982257685273133,992.9446917019189,False,settled
b,blue_ramp,ramp,0.0,0.7,0.0,1.3658044879662483,875.0926347232551,False,settled
b,blue_ramp,ramp,0.0,0.7,0.0,0.9034582914977585,1021.0052268421931,False,settled
b,blue_ramp,ramp,0.0,0.7,0.0,0.9893880719183128,987.7475136448647,False,settled
b,blue_ramp,ramp,0.0,0.7,0.0,1.340827893779919,877.6841984817321,False,settled
b,blue_ramp,ramp,0.0,0.7,0.0,0.690989268467693,1114.6213951313316,False,settled
b,blue_ramp,ramp,0.0,0.7,0.0,1.104691116986976,952.1306924433806,False,settled
b,blue_ramp,ramp,0.0,0.7,0.0,0.9422039831556575,1013.6924315617797,False,settled
b,blue_ramp,ramp,0.0,0.7,0.0,0.9458268327229813,1010.7570859972286,False,settled
b,blue_ramp,ramp,0.0,0.7,0.0,0.7205674610996083,1101.729946844089,False,settled
b,blue_ramp,ramp,0.0,0.7,0.0,0.7403835960289338,1085.3394919702996,False,settled
b,blue_ramp,ramp,0.0,0.7,0.0,1.3332477436131158,884.7626512458899,False,settled
b,blue_ramp,ramp,0.0,0.7,0.0,0.9506090593495202,1006.9117856978728,False,settled
b,blue_ramp,ramp,0.0,0.7,0.0,1.3659033492966077,874.9914622479529,False,settled
b,blue_ramp,ramp,0.0,0.7,0.0,0.8687886548888026,1034.0618063833194,False,settled
b,blue_ramp,ramp,0.0,0.7,0.0,1.1627060601611041,936.9021760404742,False,settled
b,blue_ramp,ramp,0.0,0.7,0.0,0.7365648806057097,1087.4643147697273,False,settled
b,blue_ramp,ramp,0.0,0.7,0.0,1.2697052680614904,901.1722326228322,False,settled
b,blue_ramp,ramp,0.0,0.7,0.0,1.0021847897476897,985.1038747930378,False,settled
b,blue_ramp,ramp,0.0,0.7,0.0,1.0658163662578417,967.6189438870265,False,settled
b,blue_ramp,ramp,0.0,0.7,0.0,1.2046125665576837,924.1584075098201,False,settled
b,blue_ramp,ramp,0.0,0.7,0.0,1.282501257324536,896.0236714980599,False,settled
b,blue_ramp,ramp,0.0,0.7,0.0,1.1517803804375182,936.583530483419,False,settled
b,blue_ramp,ramp,0.0,0.7,0.0,0.976960332529722,997.1290062743454,False,settled
b,blue_ramp,ramp,0.0,0.7,0.0,1.0346399900314738,981.5503972155972,False,settled
b,blue_ramp,ramp,0.0,0.7,0.0,1.1045724931305587,952.2301491054851,False,settled
b,blue_ramp,ramp,0.0,0.7,0.0,0.7657900662766897,1075.6390838990928,False,settled
b,blue_ramp,ramp,0.0,0.7,0.0,1.5317798981426067,833.841265063161,False,settled
b,blue_ramp,ramp,0.0,0.7,0.0,1.2196240252834674,918.8338562761493,False,settled
b,blue_ramp,ramp,0.0,0.7,0.0,1.1860071586474266,925.1172400129994,False,settled
b,blue_ramp,ramp,0.0,0.7,0.0,1.1788277075456854,931.2912566605679,False,settled
b,blue_ramp,ramp,0.0,0.7,0.0,0.7164620010316953,1092.0746368994207,False,settled
b,blue_ramp,ramp,0.0,0.7,0.0,1.6110795146100576,813.4410247889055,False,settled
b,blue_ramp,ramp,0.0,0.7,0.0,0.8132395061024382,1052.9689548980255,False,settled
b,blue_ramp,ramp,0.0,0.7,0.0,0.817348751653417,1063.3444451140795,False,settled
b,blue_ramp,ramp,0.0,0.7,0.0,0.6902903715647841,1113.6804485311995,False,settled
b,blue_ramp,ramp,0.0,0.7,0.0,0.8043408925446247,1057.0770185062422,False,settled
b,blue_ramp,ramp,0.0,0.7,0.0,0.6988785401107386,1105.7647971137349,False,settled
b,blue_ramp,ramp,0.0,0.7,0.0,0.7542652579758474,1077.9507020439453,False,settled
b,blue_ramp,ramp,0.0,0.7,0.0,1.5238799383605532,834.3077282297478,False,settled
b,blue_ramp,ramp,0.0,0.7,0.0,1.0128688539830022,989.1224500270694,False,settled
b,blue_ramp,ramp,0.0,0.7,0.0,0.9214771579698806,1020.6447489532318,False,settled
b,blue_ramp,ramp,0.0,0.7,0.0,1.351279714431189,878.5150037058489,False,settled
b,blue_ramp,ramp,0.0,0.7,0.0,0.8044286471947861,1057.0666812421862,False,settled
b,blue_ramp,ramp,0.0,0.7,0.0,1.1611210201432474,938.2803272583534,False,settled
b,blue_ramp,ramp,0.0,0.7,0.0,0.8704234044779395,1033.8243206856641,False,settled
b,blue_ramp,ramp,0.0,0.7,0.0,1.064808235029574,967.8768824513787,False,settled
b,blue_ramp,ramp,0.0,0.7,0.0,1.3002082266942285,892.660127532538,False,settled
b,blue_ramp,ramp,0.0,0.7,0.0,0.7953113386300721,1072.0869994275001,False,settled
b,blue_ramp,ramp,0.0,0.7,0.0,0.9003280436210765,1023.479571790461,False,settled
b,blue_ramp,ramp,0.0,0.7,0.0,0.796833843053437,1071.8862636694294,False,settled
b,blue_ramp,ramp,0.0,0.7,0.0,1.0397873467928376,977.3000263930392,False,settled
b,blue_ramp,ramp,0.0,0.7,0.0,1.3327149116057229,885.2905155999895,False,settled
b,blue_ramp,ramp,0.0,0.7,0.0,0.7293068032748605,1094.9229724419893,False,settled
b,blue_ramp,ramp,0.0,0.7,0.0,1.3359917018353846,882.0452292270172,False,settled
b,blue_ramp,ramp,0.0,0.7,0.0,1.5523804804835246,828.1701357749225,False,settled
b,blue_ramp,ramp,0.0,0.7,0.0,1.199148234897595,921.4237068052063,False,settled
b,blue_ramp,ramp,0.0,0.7,0.0,0.7916522043843847,1072.5695244031265,False,settled
b,blue_ramp,ramp,0.0,0.7,0.0,0.9640113558142742,996.52785542597,False,settled
b,blue_ramp,ramp,0.0,0.7,0.0,0.6904973265497039,1117.2407624233729,False,settled
b,blue_ramp,ramp,0.0,0.7,0.0,1.1778000853465238,931.9415794871593,False,settled
b,blue_ramp,ramp,0.0,0.7,0.0,1.2269146919029659,914.8099599787973,False,settled
b,blue_ramp,ramp,0.0,0.7,0.0,1.6766547479187224,797.4918349281445,False,settled
b,blue_ramp,ramp,0.0,0.7,0.0,0.9099047888185271,1016.0768782024454,False,settled
b,blue_ramp,ramp,0.0,0.7,0.0,0.7282494689052267,1097.738419299117,False,settled
b,blue_ramp,ramp,0.0,0.7,0.0,0.9984225121931392,985.8116018772091,False,settled
b,blue_ramp,ramp,0.0,0.7,0.0,1.5313139852378284,833.3222534575984,False,settled
b,blue_ramp,ramp,0.0,0.7,0.0,0.7254725072713201,1093.6861598569544,False,settled
b,blue_ramp,ramp,0.0,0.7,0.0,1.0883016594469255,956.5459812529576,False,settled
b,blue_ramp,ramp,0.0,0.7,0.0,0.7932459509515826,1072.359342977679,False,settled
b,blue_ramp,ramp,0.0,0.7,0.0,0.9545092101410529,1003.7766060562897,False,settled
b,blue_ramp,ramp,0.0,0.7,0.0,1.1257276121942918,943.5306661423901,False,settled
b,blue_ramp,ramp,0.0,0.7,0.0,1.3987205514219105,862.8594049886067,False,settled
b,blue_ramp,ramp,0.0,0.7,0.0,1.4586871988064947,847.3108478586922,False,settled
b,blue_ramp,ramp,0.0,0.7,0.0,1.3267355099843923,885.140052354562,False,settled
b,blue_ramp,ramp,0.0,0.7,0.0,0.7865286053774653,1074.694685771509,False,settled
b,blue_ramp,ramp,0.0,0.7,0.0,0.862083050321028,1035.1330407084783,False,settled
b,blue_ramp,ramp,0.0,0.7,0.0,0.8774428820989406,1028.9780398520625,False,settled
b,blue_ramp,ramp,0.0,0.7,0.0,0.957466159022075,1001.4169994512717,False,settled
b,blue_ramp,ramp,0.0,0.7,0.0,0.8641950491033178,1034.820390277813,False,settled
b,blue_ramp,ramp,0.0,0.7,0.0,0.783979762114136,1076.4235053391164,False,settled
b,blue_ramp,ramp,0.0,0.7,0.0,0.7323897758860782,1085.862812946843,False,settled
b,blue_ramp,ramp,0.0,0.7,0.0,1.1963083536177315,923.9133270705448,False,settled
b,yellow_ramp,ramp,0.0,0.7,0.0,0.2491237479811042,1093.464151613447,False,settled
b,yellow_ramp,ramp,0.0,0.7,0.0,0.3468582651882308,1052.2057269804307,False,settled
b,yellow_ramp,ramp,0.0,0.7,0.0,0.7870434430540499,908.2434295016163,False,settled
b,yellow_ramp,ramp,0.0,0.7,0.0,0.5330826285336958,985.3606998628811,False,settled
b,yellow_ramp,ramp,0.0,0.7,0.0,1.0774305453119386,830.6454764200759,False,settled
b,yellow_ramp,ramp,0.0,0.7,0.0,0.7554008841176487,916.215302497698,False,settled
b,yellow_ramp,ramp,0.0,0.7,0.0,0.3580829853565218,1057.0809418019626,False,settled
b,yellow_ramp,ramp,0.0,0.7,0.0,0.7456949014091013,916.9449564205653,False,settled
b,yellow_ramp,ramp,0.0,0.7,0.0,0.610926228684519,964.4110892465017,False,settled
b,yellow_ramp,ramp,0.0,0.7,0.0,0.7252377311292026,927.0613281982494,False,settled
b,yellow_ramp,ramp,0.0,0.7,0.0,0.813502589683317,897.4223328223401,False,settled
b,yellow_ramp,ramp,0.0,0.7,0.0,0.5251718416848999,987.1160121423487,False,settled
b,yellow_ramp,ramp,0.0,0.7,0.0,0.22034737893905887,1115.4685588256561,False,settled
b,yellow_ramp,ramp,0.0,0.7,0.0,1.0332092021081447,840.4767909463295,False,settled
b,yellow_ramp,ramp,0.0,0.7,0.0,0.5690749389916184,979.9524597059196,False,settled
b,yellow_ramp,ramp,0.0,0.7,0.0,0.3947679366834927,1035.1056654100803,False,settled
b,yellow_ramp,ramp,0.0,0.7,0.0,0.6471836777128436,952.5290911373335,False,settled
b,yellow_ramp,ramp,0.0,0.7,0.0,0.708245169972409,933.742311815692,False,settled
b,yellow_ramp,ramp,0.0,0.7,0.0,0.5629227939770841,975.0376393582219,False,settled
b,yellow_ramp,ramp,0.0,0.7,0.0,0.5786593474419138,972.0594382160567,False,settled
b,yellow_ramp,ramp,0.0,0.7,0.0,0.8645945558115409,880.2928915473116,False,settled
b,yellow_ramp,ramp,0.0,0.7,0.0,0.8699797604522099,880.5836205999788,False,settled
b,yellow_ramp,ramp,0.0,0.7,0.0,0.6608473281482707,941.557372978965,False,settled
b,yellow_ramp,ramp,0.0,0.7,0.0,1.2044867362710263,798.668088344314,False,settled
b,yellow_ramp,ramp,0.0,0.7,0.0,0.40138982239641025,1034.0470940546381,False,settled
b,yellow_ramp,ramp,0.0,0.7,0.0,0.957615749257928,857.9204633605619,False,settled
b,yellow_ramp,ramp,0.0,0.7,0.0,0.5238845231791543,987.3890585218213,False,settled
b,yellow_ramp,ramp,0.0,0.7,0.0,0.8274155801064241,891.1790392930359,False,settled
b,yellow_ramp,ramp,0.0,0.7,0.0,0.4458583685912229,1025.5503129517979,False,settled
b,yellow_ramp,ramp,0.0,0.7,0.0,0.2605150580911809,1097.3843449023088,False,settled
b,yellow_ramp,ramp,0.0,0.7,0.0,0.25831065994453656,1094.2151195030742,False,settled
b,yellow_ramp,ramp,0.0,0.7,0.0,0.8851172728854236,877.1740441219304,False,settled
b,yellow_ramp,ramp,0.0,0.7,0.0,0.3480454252017942,1051.2280366803102,False,settled
b,yellow_ramp,ramp,0.0,0.7,0.0,0.5233766676653927,987.5027605237375,False,settled
b,yellow_ramp,ramp,0.0,0.7,0.0,1.0566573590139767,835.283836854326,False,settled
b,yellow_ramp,ramp,0.0,0.7,0.0,0.22341711183318294,1114.306866763421,False,settled
b,yellow_ramp,ramp,0.0,0.7,0.0,0.8241635338942067,894.1606624901025,False,settled
b,yellow_ramp,ramp,0.0,0.7,0.0,0.22464449507405784,1112.4441469201731,False,settled
b,yellow_ramp,ramp,0.0,0.7,0.0,0.4773642555494155,1011.5365625713827,False,settled
b,yellow_ramp,ramp,0.0,0.7,0.0,0.5253663407317698,987.0747585070302,False,settled
b,yellow_ramp,ramp,0.0,0.7,0.0,0.3552872518562135,1059.0340384949734,False,settled
b,yellow_ramp,ramp,0.0,0.7,0.0,0.6986563275171366,934.1525094848532,False,settled
b,yellow_ramp,ramp,0.0,0.7,0.0,0.7281149822969969,924.5211769028703,False,settled
b,yellow_ramp,ramp,0.0,0.7,0.0,0.7063908436091306,927.4895079687527,False,settled
b,yellow_ramp,ramp,0.0,0.7,0.0,0.6309838443153933,957.0860077173733,False,settled
b,yellow_ramp,ramp,0.0,0.7,0.0,0.3577168069437504,1057.3692305735278,False,settled
b,yellow_ramp,ramp,0.0,0.7,0.0,0.39730138292009726,1034.7320297248218,False,settled
b,yellow_ramp,ramp,0.0,0.7,0.0,0.3078235585228623,1068.9102645265868,False,settled
b,yellow_ramp,ramp,0.0,0.7,0.0,0.34865451833149325,1064.2947951006304,False,settled
b,yellow_ramp,ramp,0.0,0.7,0.0,0.3359580972280853,1057.1810655425547,False,settled
b,yellow_ramp,ramp,0.0,0.7,0.0,0.456766245170042,1020.1210220303524,False,settled
b,yellow_ramp,ramp,0.0,0.7,0.0,0.6005353272692859,967.0510982083101,False,settled
b,yellow_ramp,ramp,0.0,0.7,0.0,0.40045467770123544,1034.1830842877096,False,settled
b,yellow_ramp,ramp,0.0,0.7,0.0,0.45518293356482925,1020.4185660447805,False,settled
b,yellow_ramp,ramp,0.0,0.7,0.0,0.27982072363221394,1085.7848977550127,False,settled
b,yellow_ramp,ramp,0.0,0.7,0.0,0.5589654024281292,977.9714895180174,False,settled
b,yellow_ramp,ramp,0.0,0.7,0.0,0.22101751853465293,1116.3049800376334,False,settled
b,yellow_ramp,ramp,0.0,0.7,0.0,0.5129144127555997,994.4021672495952,False,settled
b,yellow_ramp,ramp,0.0,0.7,0.0,0.30478806603200526,1071.2147652709828,False,settled
b,yellow_ramp,ramp,0.0,0.7,0.0,0.24269309861625404,1106.0907877201746,False,settled
b,yellow_ramp,ramp,0.0,0.7,0.0,1.126152676974311,818.0416252634186,False,settled
b,yellow_ramp,ramp,0.0,0.7,0.0,0.4171496375537486,1035.9760744793332,False,settled
b,yellow_ramp,ramp,0.0,0.7,0.0,0.3347610278620828,1057.3262929372381,False,settled
b,yellow_ramp,ramp,0.0,0.7,0.0,0.9261357462254037,863.0484777320113,False,settled
b,yellow_ramp,ramp,0.0,0.7,0.0,0.4484043783900249,1023.5312798483013,False,settled
b,yellow_ramp,ramp,0.0,0.7,0.0,1.0290579226031387,840.9457459862368,False,settled
b,yellow_ramp,ramp,0.0,0.7,0.0,0.49712528392742106,1007.0400122158311,False,settled
b,yellow_ramp,ramp,0.0,0.7,0.0,0.5797259589042535,971.4571081050098,False,settled
b,yellow_ramp,ramp,0.0,0.7,0.0,0.4319340483124935,1024.1862000530016,False,settled
b,yellow_ramp,ramp,0.0,0.7,0.0,0.791479101735531,904.1598072677003,False,settled
b,yellow_ramp,ramp,0.0,0.7,0.0,0.4745698812423091,1013.8011057192696,False,settled
b,yellow_ramp,ramp,0.0,0.7,0.0,0.7159608845405552,927.2418281285329,False,settled
b,yellow_ramp,ramp,0.0,0.7,0.0,0.6222401369015876,955.4420676916336,False,settled
b,yellow_ramp,ramp,0.0,0.7,0.0,0.6477278512806929,952.0656029349229,False,settled
b,yellow_ramp,ramp,0.0,0.7,0.0,0.49007814527663546,1001.3276702064055,False,settled
b,yellow_ramp,ramp,0.0,0.7,0.0,1.0287370208049489,841.186162449329,False,settled
b,yellow_ramp,ramp,0.0,0.7,0.0,0.8761698694117633,880.334844016784,False,settled
b,yellow_ramp,ramp,0.0,0.7,0.0,0.824712376936642,893.6562129679501,False,settled
b,yellow_ramp,ramp,0.0,0.7,0.0,0.32651289994150756,1072.2580732253205,False,settled
b,yellow_ramp,ramp,0.0,0.7,0.0,0.5025817833131505,1002.6092453693027,False,settled
b,yellow_ramp,ramp,0.0,0.7,0.0,0.6587673516313785,943.0732235905742,False,settled
b,yellow_ramp,ramp,0.0,0.7,0.0,0.5846900453407152,967.5236237370818,False,settled
b,yellow_ramp,ramp,0.0,0.7,0.0,1.0867950401830269,827.3353842280036,False,settled
b,yellow_ramp,ramp,0.0,0.7,0.0,0.5138626941049157,993.6541333756065,False,settled
b,yellow_ramp,ramp,0.0,0.7,0.0,0.7139698964070385,928.9739121201014,False,settled
b,yellow_ramp,ramp,0.0,0.7,0.0,0.34865633550997477,1064.2933492001428,False,settled
b,yellow_ramp,ramp,0.0,0.7,0.0,0.7538751754013179,917.2730374083067,False,settled
b,yellow_ramp,ramp,0.0,0.7,0.0,0.7077227462264795,926.3908855293478,False,settled
b,yellow_ramp,ramp,0.0,0.7,0.0,0.7537121746178123,917.4183251513144,False,settled
b,yellow_ramp,ramp,0.0,0.7,0.0,0.5341841378190849,985.2083438765247,False,settled
b,yellow_ramp,ramp,0.0,0.7,0.0,0.6823809109555,937.1406929403315,False,settled
b,yellow_ramp,ramp,0.0,0.7,0.0,0.42050042670682064,1033.2878367877454,False,settled
b,yellow_ramp,ramp,0.0,0.7,0.0,0.3620335568685593,1053.9918687945287,False,settled
b,yellow_ramp,ramp,0.0,0.7,0.0,0.3889449206129681,1035.9954597663877,False,settled
b,yellow_ramp,ramp,0.0,0.7,0.0,0.8649778954453585,879.86482072221,False,settled
b,yellow_ramp,ramp,0.0,0.7,0.0,0.4650274661686362,1018.5685696230419,False,settled
b,yellow_ramp,ramp,0.0,0.7,0.0,0.6700806992820443,942.4249150881312,False,settled
b,yellow_ramp,ramp,0.0,0.7,0.0,0.9998783915938905,845.6750794769941,False,settled
b,yellow_ramp,ramp,0.0,0.7,0.0,1.192092443416568,802.0579451820139,False,settled
b,yellow_ramp,ramp,0.0,0.7,0.0,0.4606347866172862,1019.3938919936699,False,settled
b,yellow_ramp,ramp,0.0,0.7,0.0,0.2643381700028432,1100.217704884234,False,settled
b,yellow_ramp,ramp,0.0,0.7,0.0,0.9650487444873608,854.6137457095272,False,settled
b,yellow_ramp,ramp,0.0,0.7,0.0,0.44148186439742515,1016.7805079437934,False,settled
b,yellow_ramp,ramp,0.0,0.7,0.0,0.3305322845850804,1071.7284389623496,False,settled
b,yellow_ramp,ramp,0.0,0.7,0.0,0.3857772424952123,1049.2953523765134,False,settled
b,yellow_ramp,ramp,0.0,0.7,0.0,0.3293817166204575,1071.8799579127183,False,settled
b,yellow_ramp,ramp,0.0,0.7,0.0,0.5591378456892017,977.8315921874012,False,settled
b,yellow_ramp,ramp,0.0,0.7,0.0,0.35679265586094067,1058.0967076964696,False,settled
b,yellow_ramp,ramp,0.0,0.7,0.0,0.49547490436083186,997.4098302445168,False,settled
b,yellow_ramp,ramp,0.0,0.7,0.0,0.6470102248332662,952.6768255159128,False,settled
b,yellow_ramp,ramp,0.0,0.7,0.0,0.24374388598974886,1108.8366874982876,False,settled
b,yellow_ramp,ramp,0.0,0.7,0.0,0.48786074456509226,1003.0962363890421,False,settled
b,yellow_ramp,ramp,0.0,0.7,0.0,0.45415960746734896,1020.6106383051838,False,settled
b,yellow_ramp,ramp,0.0,0.7,0.0,0.3407075544153271,1056.7046936063878,False,settled
b,yellow_ramp,ramp,0.0,0.7,0.0,0.3681798794137068,1049.1847516623345,False,settled
b,yellow_ramp,ramp,0.0,0.7,0.0,0.23148929559705927,1104.5278030005716,False,settled
b,yellow_ramp,ramp,0.0,0.7,0.0,0.660614709935209,941.737630101987,False,settled
b,yellow_ramp,ramp,0.0,0.7,0.0,0.9317721552088157,862.2047883530695,False,settled
b,yellow_ramp,ramp,0.0,0.7,0.0,0.6079058294341614,965.1729785883961,False,settled
b,yellow_ramp,ramp,0.0,0.7,0.0,0.7804839419506965,907.1694264801876,False,settled
b,yellow_ramp,ramp,0.0,0.7,0.0,0.2329752790618998,1102.3430581129955,False,settled
b,yellow_ramp,ramp,0.0,0.7,0.0,0.36569245386145677,1051.1301957422445,False,settled
b,yellow_ramp,ramp,0.0,0.7,0.0,0.9772972487642098,850.0935875490769,False,settled
b,yellow_ramp,ramp,0.0,0.7,0.0,0.3880834264997811,1036.1302263775613,False,settled
b,yellow_ramp,ramp,0.0,0.7,0.0,0.4306130251116794,1025.2302482721088,False,settled
b,yellow_ramp,ramp,0.0,0.7,0.0,0.3682150949060342,1049.1572121956854,False,settled
b,yellow_ramp,ramp,0.0,0.7,0.0,1.1591933137028154,809.9567602650002,False,settled
b,yellow_ramp,ramp,0.0,0.7,0.0,0.8713010131918721,879.3732352276717,False,settled
b,yellow_ramp,ramp,0.0,0.7,0.0,0.7195112159933966,924.243863391217,False,settled
b,yellow_ramp,ramp,0.0,0.7,0.0,0.39798929657236054,1034.5415498560474,False,settled
b,yellow_ramp,ramp,0.0,0.7,0.0,0.34871172181623944,1064.2492789196153,False,settled
b,yellow_ramp,ramp,0.0,0.7,0.0,0.35983577755851165,1055.7008105800744,False,settled
b,yellow_ramp,ramp,0.0,0.7,0.0,0.7147449650229954,928.2996523004234,False,settled
b,yellow_ramp,ramp,0.0,0.7,0.0,1.2070041800734193,798.6568319793766,False,settled
b,yellow_ramp,ramp,0.0,0.7,0.0,0.8679401852006949,882.5914205938604,False,settled
b,yellow_ramp,ramp,0.0,0.7,0.0,0.23664058395910734,1110.203359195781,False,settled
b,yellow_ramp,ramp,0.0,0.7,0.0,0.2808724536805459,1087.4138383525556,False,settled
b,yellow_ramp,ramp,0.0,0.7,0.0,0.6040581698299721,966.14989977539,False,settled
b,yellow_ramp,ramp,0.0,0.7,0.0,0.8270128020692726,891.5518541283838,False,settled
b,yellow_ramp,ramp,0.0,0.7,0.0,0.3728015928757672,1045.5817517746978,False,settled
b,yellow_ramp,ramp,0.0,0.7,0.0,0.9027521551173512,870.8916176637329,False,settled
b,yellow_ramp,ramp,0.0,0.7,0.0,0.5027590325347615,1002.4653506473065,False,settled
b,yellow_ramp,ramp,0.0,0.7,0.0,0.8719860404130887,878.889576022246,False,settled
b,yellow_ramp,ramp,0.0,0.7,0.0,0.593482269396128,970.0058478469091,False,settled
b,yellow_ramp,ramp,0.0,0.7,0.0,0.41812952639610296,1035.190009682114,False,settled
b,yellow_ramp,ramp,0.0,0.7,0.0,0.8866918536169325,875.5957314875836,False,settled
b,yellow_ramp,ramp,0.0,0.7,0.0,0.6540678257468104,947.0121715387259,False,settled
b,yellow_ramp,ramp,0.0,0.7,0.0,1.0094321031899256,847.3971095662705,False,settled
b,yellow_ramp,ramp,0.0,0.7,0.0,0.5183577889114677,990.3953766308439,False,settled
b,yellow_ramp,ramp,0.0,0.7,0.0,1.0262480114239916,842.6672296315777,False,settled
b,yellow_ramp,ramp,0.0,0.7,0.0,0.6714900096374898,941.2334172334503,False,settled
b,yellow_ramp,ramp,0.0,0.7,0.0,1.1175216350973654,820.5718418363689,False,settled
b,yellow_ramp,ramp,0.0,0.7,0.0,0.6401723538765662,949.7228346743548,False,settled
b,yellow_ramp,ramp,0.0,0.7,0.0,1.1641287591769602,808.4277001018946,False,settled
b,yellow_ramp,ramp,0.0,0.7,0.0,0.4909461787052844,1000.6354392522428,False,settled
b,yellow_ramp,ramp,0.0,0.7,0.0,1.108762012945324,821.888824838842,False,settled
b,yellow_ramp,ramp,0.0,0.7,0.0,0.9113999619875046,867.5074523968242,False,settled
b,yellow_ramp,ramp,0.0,0.7,0.0,0.8452399382374141,889.3571262426507,False,settled
b,yellow_ramp,ramp,0.0,0.7,0.0,0.8198210426208824,898.1241910069072,False,settled
b,yellow_ramp,ramp,0.0,0.7,0.0,1.2195853872094897,791.6480580833379,False,settled
b,yellow_ramp,ramp,0.0,0.7,0.0,0.5120556617680481,995.0809804124773,False,settled
b,yellow_ramp,ramp,0.0,0.7,0.0,1.0235874870503034,843.7336179801789,False,settled
b,yellow_ramp,ramp,0.0,0.7,0.0,0.7662823151929891,912.4064544308509,False,settled
b,yellow_ramp,ramp,0.0,0.7,0.0,0.5903192127762662,972.5973173610638,False,settled
b,yellow_ramp,ramp,0.0,0.7,0.0,1.0871368411166809,826.7817116316178,False,settled
b,yellow_ramp,ramp,0.0,0.7,0.0,0.2338995931385301,1107.3328172401689,False,settled
b,yellow_ramp,ramp,0.0,0.7,0.0,0.22369708136054886,1107.2771085069594,False,settled
b,yellow_ramp,ramp,0.0,0.7,0.0,0.40190949225899925,1033.9715172795127,False,settled
b,yellow_ramp,ramp,0.0,0.7,0.0,0.3155456460607174,1077.1596532642839,False,settled
b,yellow_ramp,ramp,0.0,0.7,0.0,0.29476116989544904,1077.568945577352,False,settled
b,yellow_ramp,ramp,0.0,0.7,0.0,1.148240199068899,813.2892820687596,False,settled
b,yellow_ramp,ramp,0.0,0.7,0.0,0.7437437909901123,918.6476966385766,False,settled
b,yellow_ramp,ramp,0.0,0.7,0.0,0.7653193416823443,912.7434342885975,False,settled
b,yellow_ramp,ramp,0.0,0.7,0.0,0.2529414228162174,1101.442048729211,False,settled
b,yellow_ramp,ramp,0.0,0.7,0.0,0.9981173841895695,848.2180168086741,False,settled
b,yellow_ramp,ramp,0.0,0.7,0.0,0.4238671370591025,1030.6020450495246,False,settled
b,yellow_ramp,ramp,0.0,0.7,0.0,0.37308604439069026,1045.3609941661482,False,settled
b,yellow_ramp,ramp,0.0,0.7,0.0,0.8985675953301512,874.8234298835814,False,settled
b,yellow_ramp,ramp,0.0,0.7,0.0,0.44807999502592855,1023.7884733242098,False,settled
b,yellow_ramp,ramp,0.0,0.7,0.0,0.9954142037577555,846.6724650643378,False,settled
b,yellow_ramp,ramp,0.0,0.7,0.0,0.2714502122769827,1085.0855364052402,False,settled
b,yellow_ramp,ramp,0.0,0.7,0.0,0.5471757060882586,987.6321697257276,False,settled
b,yellow_ramp,ramp,0.0,0.7,0.0,0.6400977968640079,949.7853516150224,False,settled
b,yellow_ramp,ramp,0.0,0.7,0.0,0.43007356484313264,1025.6592456613803,False,settled
b,yellow_ramp,ramp,0.0,0.7,0.0,0.254525152162559,1103.9958381341867,False,settled
b,yellow_ramp,ramp,0.0,0.7,0.0,0.7265556726493412,925.896253284652,False,settled
b,yellow_ramp,ramp,0.0,0.7,0.0,0.7238587442024079,928.03066415176,False,settled
b,yellow_ramp,ramp,0.0,0.7,0.0,0.24250692203363908,1105.3827493741908,False,settled
b,yellow_ramp,ramp,0.0,0.7,0.0,0.42585020101695154,1029.0227875091873,False,settled
b,yellow_ramp,ramp,0.0,0.7,0.0,0.28347451478306634,1082.0563800762773,False,settled
b,yellow_ramp,ramp,0.0,0.7,0.0,0.675634888458613,939.1206974827654,False,settled
b,yellow_ramp,ramp,0.0,0.7,0.0,0.46095847286753966,1019.3330763805661,False,settled
b,yellow_ramp,ramp,0.0,0.7,0.0,1.1452156939902143,812.5486900534155,False,settled
b,yellow_ramp,ramp,0.0,0.7,0.0,0.3385651761176353,1056.9518248531547,False,settled
b,yellow_ramp,ramp,0.0,0.7,0.0,0.42243478291751596,1031.7427129378366,False,settled
b,yellow_ramp,ramp,0.0,0.7,0.0,0.7893757554470096,906.0961246332788,False,settled
b,yellow_ramp,ramp,0.0,0.7,0.0,0.5354207636648367,984.9501165435747,False,settled
b,yellow_ramp,ramp,0.0,0.7,0.0,0.7123804619363768,930.3677686520043,False,settled
b,yellow_ramp,ramp,0.0,0.7,0.0,0.24884827787015204,1106.9784295827808,False,settled
b,yellow_ramp,ramp,0.0,0.7,0.0,0.4292206594368295,1026.3385406979594,False,settled
b,yellow_ramp,ramp,0.0,0.7,0.0,0.26142769963062124,1095.1508005393393,False,settled
b,yellow_ramp,ramp,0.0,0.7,0.0,0.7776499967929582,909.752299909302,False,settled
b,yellow_ramp,ramp,0.0,0.7,0.0,0.6860001712651472,936.0857346263988,False,settled
b,yellow_ramp,ramp,0.0,0.7,0.0,0.6109242505140681,964.4115904387884,False,settled
b,yellow_ramp,ramp,0.0,0.7,0.0,0.49885967419348554,1005.6316278649423,False,settled
b,yellow_ramp,ramp,0.0,0.7,0.0,0.24116689293891364,1100.4163003217786,False,settled
b,yellow_ramp,ramp,0.0,0.7,0.0,0.43331674939017845,1023.093213463338,False,settled
b,yellow_ramp,ramp,0.0,0.7,0.0,0.5145914136970006,993.0764852445085,False,settled
b,yellow_ramp,ramp,0.0,0.7,0.0,0.4505601871947671,1021.8225279685627,False,settled
b,yellow_ramp,ramp,0.0,0.7,0.0,0.8323003758063279,893.0428647927058,False,settled
b,yellow_ramp,ramp,0.0,0.7,0.0,0.663207789768253,947.953705630171,False,settled
b,yellow_ramp,ramp,0.0,0.7,0.0,1.18724836369945,803.8598796062669,False,settled
b,yellow_ramp,ramp,0.0,0.7,0.0,0.5690263987232004,979.992540799638,False,settled
b,yellow_ramp,ramp,0.0,0.7,0.0,0.24071163732754886,1097.492436722668,False,settled
b,yellow_ramp,ramp,0.0,0.7,0.0,0.2887272803250388,1076.90049156614,False,settled
b,yellow_ramp,ramp,0.0,0.7,0.0,0.32567415701730995,1072.3688296580008,False,settled
b,yellow_ramp,ramp,0.0,0.7,0.0,0.2729172340393756,1085.4492460678089,False,settled
b,yellow_ramp,ramp,0.0,0.7,0.0,1.0552512140241408,834.6343278069019,False,settled
b,yellow_ramp,ramp,0.0,0.7,0.0,1.199543581709781,799.6915468912512,False,settled
b,yellow_ramp,ramp,0.0,0.7,0.0,0.3476477452454225,1051.5275733574358,False,settled
b,yellow_ramp,ramp,0.0,0.7,0.0,0.5849370627698809,967.3289968630766,False,settled
b,yellow_ramp,ramp,0.0,0.7,0.0,0.6173024418538186,959.4552674166404,False,settled
b,yellow_ramp,ramp,0.0,0.7,0.0,1.1143534184118615,821.1816932322439,False,settled
b,yellow_ramp,ramp,0.0,0.7,0.0,0.5281824790434321,986.3872127656563,False,settled
b,yellow_ramp,ramp,0.0,0.7,0.0,1.0036305315550105,845.4885393969737,False,settled
b,yellow_ramp,ramp,0.0,0.7,0.0,0.5784934537119246,972.1952511517633,False,settled
b,yellow_ramp,ramp,0.0,0.7,0.0,0.7231010841296746,928.6995793105791,False,settled
b,yellow_ramp,ramp,0.0,0.7,0.0,0.43269937766655764,1023.581274591999,False,settled
b,yellow_ramp,ramp,0.0,0.7,0.0,0.6074714937556523,965.2825196518871,False,settled
b,yellow_ramp,ramp,0.0,0.7,0.0,0.4904015906853757,1001.0696857121612,False,settled
b,yellow_ramp,ramp,0.0,0.7,0.0,0.5913150976678326,971.779553042608,False,settled
b,yellow_ramp,ramp,0.0,0.7,0.0,0.5026872502110029,1002.523625104215,False,settled
b,yellow_ramp,ramp,0.0,0.7,0.0,0.778860523736401,908.6457009551552,False,settled
b,yellow_ramp,ramp,0.0,0.7,0.0,0.9298656698255588,864.1935477495931,False,settled
b,yellow_ramp,ramp,0.0,0.7,0.0,0.39007650301794705,1035.7370734858714,False,settled
b,yellow_ramp,ramp,0.0,0.7,0.0,0.4758697947352673,1012.7476705151549,False,settled
b,yellow_ramp,ramp,0.0,0.7,0.0,0.5132517172958995,994.1362659146296,False,settled
b,yellow_ramp,ramp,0.0,0.7,0.0,0.550295880478165,985.0610733593201,False,settled
b,yellow_ramp,ramp,0.0,0.7,0.0,0.23273855832058132,1100.9764919318245,False,settled
b,yellow_ramp,ramp,0.0,0.7,0.0,0.7107518658569161,931.7963831331417,False,settled
b,yellow_ramp,ramp,0.0,0.7,0.0,1.172978768366195,807.2750596568923,False,settled
b,yellow_ramp,ramp,0.0,0.7,0.0,0.49245522410351017,999.5205370416153,False,settled
b,yellow_ramp,ramp,0.0,0.7,0.0,0.2471235651411427,1104.390041095963,False,settled
b,yellow_ramp,ramp,0.0,0.7,0.0,0.8714067588264655,879.4595154266757,False,settled
b,yellow_ramp,ramp,0.0,0.7,0.0,0.5173218424165942,991.2886181326693,False,settled
b,yellow_ramp,ramp,0.0,0.7,0.0,0.34849943449912096,1064.4181908544867,False,settled
b,yellow_ramp,ramp,0.0,0.7,0.0,0.4177512052623127,1035.4935051326956,False,settled
b,yellow_ramp,ramp,0.0,0.7,0.0,0.33536907239139735,1057.254578674382,False,settled
b,yellow_ramp,ramp,0.0,0.7,0.0,0.2764546835223073,1089.6705507229858,False,settled
b,yellow_ramp,ramp,0.0,0.7,0.0,0.3824033281686428,1038.2689596032899,False,settled
b,yellow_ramp,ramp,0.0,0.7,0.0,0.42683779112501774,1028.23617354735,False,settled
b,yellow_ramp,ramp,0.0,0.7,0.0,0.2990121595344286,1075.2017536502328,False,settled
b,yellow_ramp,ramp,0.0,0.7,0.0,0.4198248794146484,1033.829862593058,False,settled
b,yellow_ramp,ramp,0.0,0.7,0.0,0.3062185693317745,1070.217850160655,False,settled
b,yellow_ramp,ramp,0.0,0.7,0.0,0.23232965214210236,1111.5444016251295,False,settled
b,yellow_ramp,ramp,0.0,0.7,0.0,0.4556692744624698,1020.327172752752,False,settled
b,yellow_ramp,ramp,0.0,0.7,0.0,0.46678679270613094,1018.2380133236862,False,settled
b,yellow_ramp,ramp,0.0,0.7,0.0,0.9112891856740123,867.6193392845565,False,settled
b,yellow_ramp,ramp,0.0,0.7,0.0,0.2683257689688837,1086.7296782404526,False,settled
b,yellow_ramp,ramp,0.0,0.7,0.0,0.36586013712601073,1050.9990563524857,False,settled
b,yellow_ramp,ramp,0.0,0.7,0.0,0.4961502026682773,996.8057339882206,False,settled
b,yellow_ramp,ramp,0.0,0.7,0.0,0.46155068013742667,1019.2218096514586,False,settled
b,yellow_ramp,ramp,0.0,0.7,0.0,0.8228994379682079,895.3221318129785,False,settled
b,yellow_ramp,ramp,0.0,0.7,0.0,0.7540138914227603,917.1493949078291,False,settled
b,yellow_ramp,ramp,0.0,0.7,0.0,0.8606533016554889,883.7561973793049,False,settled
b,yellow_ramp,ramp,0.0,0.7,0.0,0.6314849729022358,956.6627978337686,False,settled
b,yellow_ramp,ramp,0.0,0.7,0.0,0.45574425162557425,1020.3130715953165,False,settled
b,yellow_ramp,ramp,0.0,0.7,0.0,0.6829000254030657,936.9883510708282,False,settled
b,yellow_ramp,ramp,0.0,0.7,0.0,0.8743466282329359,882.1517301301224,False,settled
b,yellow_ramp,ramp,0.0,0.7,0.0,0.7937605067947446,902.0743798516528,False,settled
b,yellow_ramp,ramp,0.0,0.7,0.0,0.28613357311499854,1078.1986423883543,False,settled
b,yellow_ramp,ramp,0.0,0.7,0.0,0.308960822671384,1068.0379731571913,False,settled
b,yellow_ramp,ramp,0.0,0.7,0.0,0.5995090949723945,967.3136242745385,False,settled
b,yellow_ramp,ramp,0.0,0.7,0.0,1.1911524828709241,802.6406675019074,False,settled
b,yellow_ramp,ramp,0.0,0.7,0.0,0.6217212773271034,955.873362204165,False,settled
b,yellow_ramp,ramp,0.0,0.7,0.0,0.5013151684641345,1003.6377256406282,False,settled
b,yellow_ramp,ramp,0.0,0.7,0.0,0.581080799284673,970.4018276622282,False,settled
b,yellow_ramp,ramp,0.0,0.7,0.0,0.38290288696172103,1037.8268418112143,False,settled
b,yellow_ramp,ramp,0.0,0.7,0.0,0.3283960406744626,1072.009899331008,False,settled
b,yellow_ramp,ramp,0.0,0.7,0.0,0.8099858189798379,900.7050327297571,False,settled
b,yellow_ramp,ramp,0.0,0.7,0.0,0.28707628462356377,1077.6495753909321,False,settled
b,yellow_ramp,ramp,0.0,0.7,0.0,0.6284461449052182,959.2293060292,False,settled
b,yellow_ramp,ramp,0.0,0.7,0.0,0.31944959808630613,1074.322284768093,False,settled
b,yellow_ramp,ramp,0.0,0.7,0.0,0.3020111832461426,1073.1868442078141,False,settled
b,yellow_ramp,ramp,0.0,0.7,0.0,0.7544848745141107,916.7297121944476,False,settled
b,yellow_ramp,ramp,0.0,0.7,0.0,1.164132748776753,808.4171825617036,False,settled
b,yellow_ramp,ramp,0.0,0.7,0.0,0.48881008143108357,1002.339112104876,False,settled
b,yellow_ramp,ramp,0.0,0.7,0.0,0.30893839663559725,1068.0551490877392,False,settled
b,yellow_ramp,ramp,0.0,0.7,0.0,0.8445022868045181,889.6677996685631,False,settled
b,yellow_ramp,ramp,0.0,0.7,0.0,0.24972758855419008,1094.423902203417,False,settled
b,yellow_ramp,ramp,0.0,0.7,0.0,0.8393259432578117,892.7611704783699,False,settled
b,yellow_ramp,ramp,0.0,0.7,0.0,0.5805574347728156,970.8174379411091,False,settled
b,yellow_ramp,ramp,0.0,0.7,0.0,0.29764137278728847,1076.0371547168702,False,settled
b,yellow_ramp,ramp,0.0,0.7,0.0,0.35163831690100034,1061.9199121487668,False,settled
b,yellow_ramp,ramp,0.0,0.7,0.0,0.7766301811116655,910.6845359700192,False,settled
b,yellow_ramp,ramp,0.0,0.7,0.0,1.0166626571161739,846.7734837614227,False,settled
b,yellow_ramp,ramp,0.0,0.7,0.0,0.22982671303743196,1106.428712024325,False,settled
b,yellow_ramp,ramp,0.0,0.7,0.0,0.4240549529831237,1030.4524349582732,False,settled
b,yellow_ramp,ramp,0.0,0.7,0.0,0.8481570931091378,888.1294317144658,False,settled
b,yellow_ramp,ramp,0.0,0.7,0.0,1.1466781808179687,812.1207249910774,False,settled
b,yellow_ramp,ramp,0.0,0.7,0.0,0.2679108924815939,1085.9486490726792,False,settled
b,yellow_ramp,ramp,0.0,0.7,0.0,0.546350633254299,988.3125786933927,False,settled
b,yellow_ramp,ramp,0.0,0.7,0.0,0.6199635378415697,957.2426889939499,False,settled
b,yellow_ramp,ramp,0.0,0.7,0.0,0.31548022508403095,1077.2112022059496,False,settled
b,yellow_ramp,ramp,0.0,0.7,0.0,0.8802551106051768,876.5500211999139,False,settled
b,yellow_ramp,ramp,0.0,0.7,0.0,0.5948157018815645,968.9133240857047,False,settled
b,yellow_ramp,ramp,0.0,0.7,0.0,0.4846850937551876,1005.644884246128,False,settled
b,yellow_ramp,ramp,0.0,0.7,0.0,0.7578198767142329,915.368322066551,False,settled
b,yellow_ramp,ramp,0.0,0.7,0.0,0.8284809367787449,890.3013467080555,False,settled
b,yellow_ramp,ramp,0.0,0.7,0.0,1.170366169295268,807.66568101223,False,settled
b,yellow_ramp,ramp,0.0,0.7,0.0,0.4383779155779683,1019.2427640655982,False,settled
b,yellow_ramp,ramp,0.0,0.7,0.0,0.5549309167710873,981.2690888642563,False,settled
b,yellow_ramp,ramp,0.0,0.7,0.0,0.227825419770249,1116.145069388149,False,settled
b,yellow_ramp,ramp,0.0,0.7,0.0,0.30020699201747286,1074.461844025721,False,settled
b,yellow_ramp,ramp,0.0,0.7,0.0,0.47433426644571497,1013.9920440896054,False,settled
b,yellow_ramp,ramp,0.0,0.7,0.0,0.7413955727922547,920.6889596647296,False,settled
b,yellow_ramp,ramp,0.0,0.7,0.0,0.5182256093588087,990.4993992736123,False,settled
b,yellow_ramp,ramp,0.0,0.7,0.0,0.35602634504695546,1058.702377264048,False,settled
b,yellow_ramp,ramp,0.0,0.7,0.0,0.28595153823806874,1080.6558257012757,False,settled
b,yellow_ramp,ramp,0.0,0.7,0.0,0.2302554743471383,1111.1682248309228,False,settled
b,yellow_ramp,ramp,0.0,0.7,0.0,0.9902624998163166,848.4010683349525,False,settled
b,yellow_ramp,ramp,0.0,0.7,0.0,0.3330422130941352,1057.6325944531611,False,settled
b,yellow_ramp,ramp,0.0,0.7,0.0,0.7006708870780667,932.4049579017444,False,settled
b,yellow_ramp,ramp,0.0,0.7,0.0,0.5328014679651885,985.4193651332486,False,settled
b,yellow_ramp,ramp,0.0,0.7,0.0,0.8274883698067225,891.1115624470092,False,settled
b,yellow_ramp,ramp,0.0,0.7,0.0,1.1539684550438993,811.5873903435105,False,settled
b,yellow_ramp,ramp,0.0,0.7,0.0,0.3586210016913139,1056.6573271299826,False,settled
b,yellow_ramp,ramp,0.0,0.7,0.0,1.1686784328424762,807.2467340611189,False,settled
b,yellow_ramp,ramp,0.0,0.7,0.0,0.8935843662539957,874.3059639648991,False,settled
b,yellow_ramp,ramp,0.0,0.7,0.0,0.9263896723483435,862.7926285128484,False,settled
b,yellow_ramp,ramp,0.0,0.7,0.0,0.32270361797648806,1072.760359973788,False,settled
b,yellow_ramp,ramp,0.0,0.7,0.0,0.992493089896501,845.8610633648666,False,settled
b,yellow_ramp,ramp,0.0,0.7,0.0,0.32793614931169884,1072.0705509092077,False,settled
b,yellow_ramp,ramp,0.0,0.7,0.0,0.5035201165305958,1001.8474838771026,False,settled
b,yellow_ramp,ramp,0.0,0.7,0.0,0.568114461457303,980.7455304196466,False,settled
b,yellow_ramp,ramp,0.0,0.7,0.0,0.4636520080646777,1018.8270001798297,False,settled
b,yellow_ramp,ramp,0.0,0.7,0.0,0.2596425079199733,1095.6472400841049,False,settled
b,yellow_ramp,ramp,0.0,0.7,0.0,0.22095873460372967,1112.830318107393,False,settled
b,yellow_ramp,ramp,0.0,0.7,0.0,0.5140294925908098,993.5219145369539,False,settled
b,yellow_ramp,ramp,0.0,0.7,0.0,0.59098216964626,972.0529365138733,False,settled
b,yellow_ramp,ramp,0.0,0.7,0.0,0.6534701777819379,947.5168032429208,False,settled
b,yellow_ramp,ramp,0.0,0.7,0.0,0.8063933605111424,897.3274133669977,False,settled
b,yellow_ramp,ramp,0.0,0.7,0.0,0.4690418266217768,1006.3492995968744,False,settled
b,yellow_ramp,ramp,0.0,0.7,0.0,0.8764858818725917,880.020006709363,False,settled
b,yellow_ramp,ramp,0.0,0.7,0.0,0.5790782217090548,971.716515678795,False,settled
b,yellow_ramp,ramp,0.0,0.7,0.0,1.2097619717300065,796.7294977648767,False,settled
b,yellow_ramp,ramp,0.0,0.7,0.0,0.33154851096752125,1057.7501220393574,False,settled
b,yellow_ramp,ramp,0.0,0.7,0.0,0.5791108892393093,971.6897719148523,False,settled
b,yellow_ramp,ramp,0.0,0.7,0.0,1.1989952058040623,800.3120237810089,False,settled
b,yellow_ramp,ramp,0.0,0.7,0.0,0.5319148898127611,985.6043529180429,False,settled
b,yellow_ramp,ramp,0.0,0.7,0.0,0.8931426143341405,874.7513630631737,False,settled
b,yellow_ramp,ramp,0.0,0.7,0.0,0.3149419035848925,1077.635339731155,False,settled
b,yellow_ramp,ramp,0.0,0.7,0.0,0.5446610205325274,989.706221643981,False,settled
b,yellow_ramp,ramp,0.0,0.7,0.0,0.25586340752752146,1091.7623739959504,False,settled
b,yellow_ramp,ramp,0.0,0.7,0.0,0.3162066613678878,1076.638747590656,False,settled
b,yellow_ramp,ramp,0.0,0.7,0.0,0.23067839681676475,1114.1848608304324,False,settled
b,yellow_ramp,ramp,0.0,0.7,0.0,0.5954941935021918,968.3572799720359,False,settled
b,yellow_ramp,ramp,0.0,0.7,0.0,0.37678534494973287,1042.5810551903862,False,settled
b,yellow_ramp,ramp,0.0,0.7,0.0,0.3446298030625887,1053.8242554297558,False,settled
b,yellow_ramp,ramp,0.0,0.7,0.0,0.790464867359098,905.0935126106822,False,settled
b,yellow_ramp,ramp,0.0,0.7,0.0,0.5800859103103143,971.1895275056039,False,settled
b,yellow_ramp,ramp,0.0,0.7,0.0,0.5189439256557281,989.934109883889,False,settled
b,yellow_ramp,ramp,0.0,0.7,0.0,0.26723747400886855,1098.2309482074209,False,settled
b,yellow_ramp,ramp,0.0,0.7,0.0,0.336724753069923,1057.0907000306133,False,settled
b,yellow_ramp,ramp,0.0,0.7,0.0,0.42484351317971353,1029.8244087818452,False,settled
b,yellow_ramp,ramp,0.0,0.7,0.0,0.532128429569461,985.559797101962,False,settled
b,yellow_ramp,ramp,0.0,0.7,0.0,0.8407519629317148,891.3999717273663,False,settled
b,yellow_ramp,ramp,0.0,0.7,0.0,0.5345644585373956,985.1289838528451,False,settled
b,yellow_ramp,ramp,0.0,0.7,0.0,1.0067916265651775,847.9397759195166,False,settled
b,yellow_ramp,ramp,0.0,0.7,0.0,0.7222128694856619,921.8798550167239,False,settled
b,yellow_ramp,ramp,0.0,0.7,0.0,1.1777794643101234,806.258201513728,False,settled
b,yellow_ramp,ramp,0.0,0.7,0.0,0.5118252899505458,995.2624920631674,False,settled
b,yellow_ramp,ramp,0.0,0.7,0.0,0.33307174149795915,1057.6225176308446,False,settled
b,yellow_ramp,ramp,0.0,0.7,0.0,0.44685140199072054,1024.7626412004138,False,settled
b,yellow_ramp,ramp,0.0,0.7,0.0,0.3008048263551045,1074.0397043972634,False,settled
b,yellow_ramp,ramp,0.0,0.7,0.0,0.7506212981600068,920.1734092493303,False,settled
b,yellow_ramp,ramp,0.0,0.7,0.0,0.30931190101886435,1067.773077703518,False,settled
b,yellow_ramp,ramp,0.0,0.7,0.0,0.5610848993129461,976.6072956964522,False,settled
b,yellow_ramp,ramp,0.0,0.7,0.0,0.3782087227519261,1041.476676344905,False,settled
b,yellow_ramp,ramp,0.0,0.7,0.0,0.5468036745324325,987.9389719002802,False,settled
b,yellow_ramp,ramp,0.0,0.7,0.0,0.31539202875786504,1077.2806956222978,False,settled
b,yellow_ramp,ramp,0.0,0.7,0.0,0.43360821207803696,1022.8627565044749,False,settled
b,yellow_ramp,ramp,0.0,0.7,0.0,0.7002766853228227,932.745213723079,False,settled
b,yellow_ramp,ramp,0.0,0.7,0.0,0.510728185486172,996.1291809590163,False,settled
b,yellow_ramp,ramp,0.0,0.7,0.0,0.6379687864737029,951.4786736617783,False,settled
b,yellow_ramp,ramp,0.0,0.7,0.0,0.2953462330590959,1077.3189243579632,False,settled
b,yellow_ramp,ramp,0.0,0.7,0.0,1.158391564365374,809.9945768743829,False,settled
b,yellow_ramp,ramp,0.0,0.7,0.0,0.7771780645501848,910.1837064446179,False,settled
b,yellow_ramp,ramp,0.0,0.7,0.0,0.39325812868257265,1035.256100191464,False,settled
b,yellow_ramp,ramp,0.0,0.7,0.0,0.6433264309254197,947.1286037920256,False,settled
b,yellow_ramp,ramp,0.0,0.7,0.0,0.9180409609901965,866.0852722366229,False,settled
b,yellow_ramp,ramp,0.0,0.7,0.0,1.191999909601472,802.386056159242,False,settled
b,yellow_ramp,ramp,0.0,0.7,0.0,0.4588191561408012,1019.7352437937444,False,settled
b,yellow_ramp,ramp,0.0,0.7,0.0,0.5257335403679003,986.9395221386799,False,settled
b,yellow_ramp,ramp,0.0,0.7,0.0,0.3577375953451926,1057.3528646507043,False,settled
b,yellow_ramp,ramp,0.0,0.7,0.0,0.4657528348108353,1018.4322818361621,False,settled
b,yellow_ramp,ramp,0.0,0.7,0.0,0.2703111052838396,1088.6853523795933,False,settled
b,yellow_ramp,ramp,0.0,0.7,0.0,0.7820840980173085,905.7187390624459,False,settled
b,yellow_ramp,ramp,0.0,0.7,0.0,0.23167009599321256,1107.6513943046828,False,settled
b,yellow_ramp,ramp,0.0,0.7,0.0,0.7976125987025111,905.4301472325802,False,settled
b,yellow_ramp,ramp,0.0,0.7,0.0,1.074568948170826,829.223007808798,False,settled
b,yellow_ramp,ramp,0.0,0.7,0.0,0.7182008882950479,925.2930397793085,False,settled
b,yellow_ramp,ramp,0.0,0.7,0.0,0.7559955234662523,916.0070992436534,False,settled
b,yellow_ramp,ramp,0.0,0.7,0.0,0.8929352648131229,874.9604222604808,False,settled
b,yellow_ramp,ramp,0.0,0.7,0.0,0.45904700330290465,1019.692427108522,False,settled
b,yellow_ramp,ramp,0.0,0.7,0.0,0.3956844410922212,1034.9699768644853,False,settled
b,yellow_ramp,ramp,0.0,0.7,0.0,1.1646710429244158,808.9641574634211,False,settled
b,yellow_ramp,ramp,0.0,0.7,0.0,0.2568773098020361,1089.9688284415017,False,settled
b,yellow_ramp,ramp,0.0,0.7,0.0,1.0288580739538904,841.0951392529967,False,settled
b,yellow_ramp,ramp,0.0,0.7,0.0,0.9984868583866772,847.7730192200968,False,settled
b,yellow_ramp,ramp,0.0,0.7,0.0,0.5639046140144973,974.2439387187189,False,settled
b,yellow_ramp,ramp,0.0,0.7,0.0,0.6735907110999522,939.7209614640036,False,settled
b,yellow_ramp,ramp,0.0,0.7,0.0,0.4992923688898998,1005.2802485883188,False,settled
b,yellow_ramp,ramp,0.0,0.7,0.0,0.6563424921966213,945.0926661869222,False,settled
b,yellow_ramp,ramp,0.0,0.7,0.0,1.1943615546341488,801.3066216389745,False,settled
b,yellow_ramp,ramp,0.0,0.7,0.0,1.0585800896860498,832.7081752252802,False,settled
b,yellow_ramp,ramp,0.0,0.7,0.0,0.7414523884564143,920.6401469623144,False,settled
b,yellow_ramp,ramp,0.0,0.7,0.0,0.774758614841765,912.3956253275763,False,settled
b,yellow_ramp,ramp,0.0,0.7,0.0,0.735991502667957,917.6873256965429,False,settled
b,yellow_ramp,ramp,0.0,0.7,0.0,1.006288028830082,846.9434107009512,False,settled
b,yellow_ramp,ramp,0.0,0.7,0.0,0.6085753456090442,965.0041202558047,False,settled
b,yellow_ramp,ramp,0.0,0.7,0.0,0.5829871060930478,968.962542808348,False,settled
b,yellow_ramp,ramp,0.0,0.7,0.0,1.0731143155331044,831.3724675690247,False,settled
b,yellow_ramp,ramp,0.0,0.7,0.0,0.5306973076995747,985.858629726629,False,settled
b,yellow_ramp,ramp,0.0,0.7,0.0,0.499960995022401,1004.7371571899567,False,settled
b,yellow_ramp,ramp,0.0,0.7,0.0,0.8251806836623319,893.225949400909,False,settled
b,yellow_ramp,ramp,0.0,0.7,0.0,0.28893563411611506,1076.7930356861766,False,settled
b,yellow_ramp,ramp,0.0,0.7,0.0,0.6514978254246693,949.1347768092301,False,settled
b,yellow_ramp,ramp,0.0,0.7,0.0,1.0910332355653571,827.2341297155309,False,settled
b,yellow_ramp,ramp,0.0,0.7,0.0,1.061881543180524,833.7481232180523,False,settled
b,yellow_ramp,ramp,0.0,0.7,0.0,0.47460698060890255,1013.7710409669625,False,settled
b,yellow_ramp,ramp,0.0,0.7,0.0,0.5924651423924956,970.8351851657784,False,settled
b,yellow_ramp,ramp,0.0,0.7,0.0,0.9955571624185248,846.5031179137833,False,settled
b,yellow_ramp,ramp,0.0,0.7,0.0,0.2830221313718433,1082.160219663453,False,settled
b,yellow_ramp,ramp,0.0,0.7,0.0,0.9715487793382176,852.036950957397,False,settled
b,yellow_ramp,ramp,0.0,0.7,0.0,0.4284744391216989,1026.9328361778203,False,settled
b,yellow_ramp,ramp,0.0,0.7,0.0,0.2706756141702088,1089.0389771069063,False,settled
b,yellow_ramp,ramp,0.0,0.7,0.0,0.4677296762394645,1006.5939483999526,False,settled
b,yellow_ramp,ramp,0.0,0.7,0.0,0.3563876163103112,1058.4165092177213,False,settled
b,yellow_ramp,ramp,0.0,0.7,0.0,0.5639333429649263,974.2206154732721,False,settled
b,yellow_ramp,ramp,0.0,0.7,0.0,0.8768270667402277,879.6800870801638,False,settled
b,yellow_ramp,ramp,0.0,0.7,0.0,0.5732661295339544,976.4920663541919,False,settled
b,yellow_ramp,ramp,0.0,0.7,0.0,0.954301509196913,857.0161394777184,False,settled
b,yellow_ramp,ramp,0.0,0.7,0.0,1.0853964581262971,827.372726641555,False,settled
b,yellow_ramp,ramp,0.0,0.7,0.0,0.30989849172533196,1067.323722588577,False,settled
b,yellow_ramp,ramp,0.0,0.7,0.0,0.2320050804716615,1110.8634338159466,False,settled
b,yellow_ramp,ramp,0.0,0.7,0.0,0.5749431128030698,975.1077422895721,False,settled
b,yellow_ramp,ramp,0.0,0.7,0.0,0.3775617510122809,1041.9786487770969,False,settled
b,yellow_ramp,ramp,0.0,0.7,0.0,0.42666993680785115,1028.3698356034192,False,settled
b,yellow_ramp,ramp,0.0,0.7,0.0,0.33791643396694226,1056.952003074059,False,settled
b,yellow_ramp,ramp,0.0,0.7,0.0,0.32431460349482866,1072.5481342468433,False,settled
b,yellow_ramp,ramp,0.0,0.7,0.0,0.7249178138214935,927.3441337874381,False,settled
b,yellow_ramp,ramp,0.0,0.7,0.0,0.9276887420000037,866.232055294064,False,settled
b,yellow_ramp,ramp,0.0,0.7,0.0,0.4688528446883094,1006.3817709931944,False,settled
b,yellow_ramp,ramp,0.0,0.7,0.0,0.3045427260733491,1071.3929478177604,False,settled
b,yellow_ramp,ramp,0.0,0.7,0.0,0.4907958395928962,1000.7553176293613,False,settled
b,yellow_ramp,ramp,0.0,0.7,0.0,0.49329717853011124,999.0455269307656,False,settled
b,yellow_ramp,ramp,0.0,0.7,0.0,0.9782712015756033,848.9116738262655,False,settled
b,yellow_ramp,ramp,0.0,0.7,0.0,0.3532882194935899,1060.6144984447203,False,settled
b,yellow_ramp,ramp,0.0,0.7,0.0,0.5248502687270256,987.1842192060959,False,settled
b,yellow_ramp,ramp,0.0,0.7,0.0,0.5945210766708919,969.1547268983849,False,settled
b,yellow_ramp,ramp,0.0,0.7,0.0,0.7491982484279109,913.9230410988397,False,settled
b,yellow_ramp,ramp,0.0,0.7,0.0,0.9632213728555864,856.4131935515286,False,settled
b,yellow_ramp,ramp,0.0,0.7,0.0,0.2853008772402418,1081.259251471671,False,settled
b,yellow_ramp,ramp,0.0,0.7,0.0,1.2003921669769642,799.6567423973797,False,settled
b,yellow_ramp,ramp,0.0,0.7,0.0,0.4222511021171007,1031.8889747853996,False,settled
b,yellow_ramp,ramp,0.0,0.7,0.0,0.4375648163630954,1019.7801153032556,False,settled
b,yellow_ramp,ramp,0.0,0.7,0.0,1.076013173331642,830.4611256436687,False,settled
b,yellow_ramp,ramp,0.0,0.7,0.0,0.36955114449012105,1048.1123766869505,False,settled
b,yellow_ramp,ramp,0.0,0.7,0.0,0.5467204156507341,988.0076326134549,False,settled
b,yellow_ramp,ramp,0.0,0.7,0.0,1.2002695224487314,799.954845715597,False,settled
b,yellow_ramp,ramp,0.0,0.7,0.0,0.6098124135634085,964.692104603623,False,settled
b,yellow_ramp,ramp,0.0,0.7,0.0,0.445167882853283,1026.0979352013203,False,settled
b,yellow_ramp,ramp,0.0,0.7,0.0,0.6264715558554003,960.8972094059559,False,settled
b,yellow_ramp,ramp,0.0,0.7,0.0,0.26057004616702506,1097.4675321002985,False,settled
b,yellow_ramp,ramp,0.0,0.7,0.0,0.7886570223642599,906.7577594729642,False,settled
b,yellow_ramp,ramp,0.0,0.7,0.0,0.3798494130862532,1040.1303677834303,False,settled
b,yellow_ramp,ramp,0.0,0.7,0.0,0.7388771750116273,922.8793935963082,False,settled
b,yellow_ramp,ramp,0.0,0.7,0.0,0.8651697306720968,885.335261632126,False,settled
b,yellow_ramp,ramp,0.0,0.7,0.0,0.536067858138783,984.8151187272737,False,settled
b,yellow_ramp,ramp,0.0,0.7,0.0,0.28556920256217916,1081.5747650622022,False,settled
b,yellow_ramp,ramp,0.0,0.7,0.0,0.9046336750506406,869.0109102471372,False,settled
b,yellow_ramp,ramp,0.0,0.7,0.0,0.6622622333779579,948.8189040144159,False,settled
b,yellow_ramp,ramp,0.0,0.7,0.0,1.0023561645666965,848.9670380905346,False,settled
b,yellow_ramp,ramp,0.0,0.7,0.0,0.5796233505507273,971.2731448837617,False,settled
b,yellow_ramp,ramp,0.0,0.7,0.0,0.752908111355451,918.1350019452688,False,settled
b,yellow_ramp,ramp,0.0,0.7,0.0,1.0092613049923334,847.612342317272,False,settled
b,yellow_ramp,ramp,0.0,0.7,0.0,0.27553546107454635,1089.3574736077885,False,settled
b,yellow_ramp,ramp,0.0,0.7,0.0,0.43410958636627844,1022.4665188958004,False,settled
b,yellow_ramp,ramp,0.0,0.7,0.0,0.7762783863214336,911.0061140580023,False,settled
b,yellow_ramp,ramp,0.0,0.7,0.0,1.0032657391881157,848.0024072200948,False,settled
b,yellow_ramp,ramp,0.0,0.7,0.0,0.33029294999649017,1071.759949645369,False,settled
b,yellow_ramp,ramp,0.0,0.7,0.0,0.7019898383767567,931.2664475381496,False,settled
b,yellow_ramp,ramp,0.0,0.7,0.0,1.048821401069766,836.6052593292482,False,settled
b,yellow_ramp,ramp,0.0,0.7,0.0,0.9667533669339268,852.7175971081296,False,settled
b,yellow_ramp,ramp,0.0,0.7,0.0,0.32878095501514587,1071.9591219956444,False,settled
b,yellow_ramp,ramp,0.0,0.7,0.0,0.6315343229332172,956.6211209422526,False,settled
b,yellow_ramp,ramp,0.0,0.7,0.0,0.9657008888391971,853.8817164168888,False,settled
b,yellow_ramp,ramp,0.0,0.7,0.0,0.35978313272539775,1055.7421487829192,False,settled
b,yellow_ramp,ramp,0.0,0.7,0.0,0.9387384371683265,863.2298148590684,False,settled
b,yellow_ramp,ramp,0.0,0.7,0.0,0.9083041524214935,870.3255702800456,False,settled
b,yellow_ramp,ramp,0.0,0.7,0.0,0.5890334546497918,973.6530849498591,False,settled
b,yellow_ramp,ramp,0.0,0.7,0.0,0.5057911785116657,1000.0037858922166,False,settled
b,yellow_ramp,ramp,0.0,0.7,0.0,0.27681500416851346,1085.1024186705988,False,settled
b,yellow_ramp,ramp,0.0,0.7,0.0,0.6869448170546005,935.8122980242297,False,settled
b,yellow_ramp,ramp,0.0,0.7,0.0,0.5437360004456888,980.2706709149836,False,settled
b,yellow_ramp,ramp,0.0,0.7,0.0,0.42105412807875575,1032.8435548404022,False,settled
b,yellow_ramp,ramp,0.0,0.7,0.0,0.887189514403168,875.4483124443439,False,settled
b,yellow_ramp,ramp,0.0,0.7,0.0,0.5944832957845818,969.1856827845072,False,settled
b,yellow_ramp,ramp,0.0,0.7,0.0,0.8212948807549517,896.7900864829909,False,settled
b,yellow_ramp,ramp,0.0,0.7,0.0,0.3286086712732671,1071.9818644896159,False,settled
b,yellow_ramp,ramp,0.0,0.7,0.0,0.4798695257071871,1009.5166683570438,False,settled
b,yellow_ramp,ramp,0.0,0.7,0.0,0.9597682931195564,855.7702448322509,False,settled
b,yellow_ramp,ramp,0.0,0.7,0.0,0.6475246349900803,952.2386881014983,False,settled
b,yellow_ramp,ramp,0.0,0.7,0.0,0.4996722698486631,1004.9716809383358,False,settled
b,yellow_ramp,ramp,0.0,0.7,0.0,0.34707999975014603,1052.0340656631363,False,settled
b,yellow_ramp,ramp,0.0,0.7,0.0,1.2174089835288913,793.4919814348303,False,settled
b,yellow_ramp,ramp,0.0,0.7,0.0,0.48213570963937746,1007.6944685637714,False,settled
b,yellow_ramp,ramp,0.0,0.7,0.0,0.6584272717389242,943.3427785479511,False,settled
b,yellow_ramp,ramp,0.0,0.7,0.0,0.5208373857096177,988.5459657815828,False,settled
b,yellow_ramp,ramp,0.0,0.7,0.0,0.5081168258145863,998.18621551424,False,settled
b,yellow_ramp,ramp,0.0,0.7,0.0,0.5830432657355832,968.9174036180299,False,settled
b,yellow_ramp,ramp,0.0,0.7,0.0,0.7073874389778996,926.7393368398034,False,settled
b,yellow_ramp,ramp,0.0,0.7,0.0,0.5511704651172009,984.3455782717201,False,settled
b,yellow_ramp,ramp,0.0,0.7,0.0,0.5307482964809478,985.8479834885071,False,settled
b,yellow_ramp,ramp,0.0,0.7,0.0,0.5984264044186868,967.5905934449981,False,settled
b,yellow_ramp,ramp,0.0,0.7,0.0,1.1391110403250595,814.6432915994098,False,settled
b,yellow_ramp,ramp,0.0,0.7,0.0,0.3781127113917776,1041.5511667739418,False,settled
b,yellow_ramp,ramp,0.0,0.7,0.0,0.9525521447442248,858.6908057039894,False,settled
b,yellow_ramp,ramp,0.0,0.7,0.0,0.38508012268263075,1049.4061655421585,False,settled
b,yellow_ramp,ramp,0.0,0.7,0.0,0.3962650967332935,1034.884013983071,False,settled
b,yellow_ramp,ramp,0.0,0.7,0.0,0.23365064644412692,1107.428851302142,False,settled
b,yellow_ramp,ramp,0.0,0.7,0.0,0.4275036588438499,1027.7059297093535,False,settled
b,yellow_ramp,ramp,0.0,0.7,0.0,0.4870139270214484,1003.772814309634,False,settled
b,yellow_ramp,ramp,0.0,0.7,0.0,0.5050063382069749,1000.6409210263295,False,settled
b,yellow_ramp,ramp,0.0,0.7,0.0,0.2636674538899073,1099.3769701461695,False,settled
b,yellow_ramp,ramp,0.0,0.7,0.0,0.7853028675415655,902.9327511560945,False,settled
b,yellow_ramp,ramp,0.0,0.7,0.0,0.6422404668709221,947.9278622046894,False,settled
b,yellow_ramp,ramp,0.0,0.7,0.0,0.40276323113036216,1033.8476228404413,False,settled
b,yellow_ramp,ramp,0.0,0.7,0.0,0.4937066511876779,998.7222357096707,False,settled
b,yellow_ramp,ramp,0.0,0.7,0.0,0.46325020243191845,1018.9024939481104,False,settled
b,yellow_ramp,ramp,0.0,0.7,0.0,0.5293102042140796,986.1517854192826,False,settled
b,yellow_ramp,ramp,0.0,0.7,0.0,0.7356791583430576,918.0239479020269,False,settled
b,yellow_ramp,ramp,0.0,0.7,0.0,0.9105794334764312,868.3325771563811,False,settled
b,yellow_ramp,ramp,0.0,0.7,0.0,0.4254797752585481,1029.3177623822205,False,settled
b,yellow_ramp,ramp,0.0,0.7,0.0,0.28097748323029986,1087.5413779957064,False,settled
b,yellow_ramp,ramp,0.0,0.7,0.0,1.204171376381624,799.4445747611774,False,settled
b,yellow_ramp,ramp,0.0,0.7,0.0,0.2831096128445081,1082.2143050370407,False,settled
b,yellow_ramp,ramp,0.0,0.7,0.0,0.32294877938739713,1072.7280542907934,False,settled
b,yellow_ramp,ramp,0.0,0.7,0.0,0.5748263798268564,975.2041042825773,False,settled
b,yellow_ramp,ramp,0.0,0.7,0.0,0.6635777318739704,947.6426017545897,False,settled
b,yellow_ramp,ramp,0.0,0.7,0.0,1.065047342414467,832.9431079728621,False,settled
b,yellow_ramp,ramp,0.0,0.7,0.0,0.2628116339185634,1098.293936028628,False,settled
b,yellow_ramp,ramp,0.0,0.7,0.0,0.2929217742058883,1078.1876857798732,False,settled
b,yellow_ramp,ramp,0.0,0.7,0.0,0.7265002518787227,925.9452465070817,False,settled
b,yellow_ramp,ramp,0.0,0.7,0.0,0.515243227723066,992.5624847686335,False,settled
b,yellow_ramp,ramp,0.0,0.7,0.0,0.500067083830817,1004.6510258566769,False,settled
b,yellow_ramp,ramp,0.0,0.7,0.0,0.34830996237169026,1064.5689429390384,False,settled
b,yellow_ramp,ramp,0.0,0.7,0.0,0.8753453079415198,881.1565734678479,False,settled
b,yellow_ramp,ramp,0.0,0.7,0.0,1.1726776108030696,806.2212004906637,False,settled
b,yellow_ramp,ramp,0.0,0.7,0.0,0.4205610509814856,1033.2391935439082,False,settled
b,yellow_ramp,ramp,0.0,0.7,0.0,1.1450612034959742,812.9494063101743,False,settled
b,yellow_ramp,ramp,0.0,0.7,0.0,0.635483474767982,953.562706353691,False,settled
b,yellow_ramp,ramp,0.0,0.7,0.0,0.8984917876301762,874.9009612732467,False,settled
b,yellow_ramp,ramp,0.0,0.7,0.0,0.39694345251813967,1034.7840706837462,False,settled
b,yellow_ramp,ramp,0.0,0.7,0.0,0.5816386667650029,969.9538389841906,False,settled
b,yellow_ramp,ramp,0.0,0.7,0.0,0.6603339403487342,941.8708213839662,False,settled
b,yellow_ramp,ramp,0.0,0.7,0.0,1.045031639053631,837.755711020332,False,settled
b,yellow_ramp,ramp,0.0,0.7,0.0,0.5295244486248414,986.1070570263379,False,settled
b,yellow_ramp,ramp,0.0,0.7,0.0,0.9723684877130164,851.0366844587799,False,settled
b,yellow_ramp,ramp,0.0,0.7,0.0,0.44679183247907106,1024.8098768476455,False,settled
b,yellow_ramp,ramp,0.0,0.7,0.0,0.7084490646385064,933.5636014116243,False,settled
b,yellow_ramp,ramp,0.0,0.7,0.0,1.0610521044282921,831.6808362246852,False,settled
b,yellow_ramp,ramp,0.0,0.7,0.0,0.5484290585905854,986.5985633985794,False,settled
b,yellow_ramp,ramp,0.0,0.7,0.0,0.793775818325058,902.0604005605941,False,settled
b,yellow_ramp,ramp,0.0,0.7,0.0,0.28639401113520285,1078.2814458041967,False,settled
b,yellow_ramp,ramp,0.0,0.7,0.0,0.5349424401330471,985.05011182504,False,settled
b,yellow_ramp,ramp,0.0,0.7,0.0,0.4312233121084553,1024.747929305858,False,settled
b,yellow_ramp,ramp,0.0,0.7,0.0,0.30146703568532074,1073.5716219552708,False,settled
b,yellow_ramp,ramp,0.0,0.7,0.0,0.49125547436492584,1000.3888106291507,False,settled
b,yellow_ramp,ramp,0.0,0.7,0.0,0.7475925698819613,915.3067595172356,False,settled
b,yellow_ramp,ramp,0.0,0.7,0.0,0.8366349649822605,889.0562603561075,False,settled
b,yellow_ramp,ramp,0.0,0.7,0.0,0.8920476509532148,875.8622721597799,False,settled
b,yellow_ramp,ramp,0.0,0.7,0.0,0.5555702427549637,980.7461916625455,False,settled
b,yellow_ramp,ramp,0.0,0.7,0.0,0.5481104215100221,986.8613360230806,False,settled
b,yellow_ramp,ramp,0.0,0.7,0.0,0.2709014282510743,1089.2570233099377,False,settled
b,yellow_ramp,ramp,0.0,0.7,0.0,0.28817278922997974,1077.128289084961,False,settled
b,yellow_ramp,ramp,0.0,0.7,0.0,1.1272890715702544,817.8959478239278,False,settled
b,yellow_ramp,ramp,0.0,0.7,0.0,0.9487713230835609,858.2903545334514,False,settled
b,yellow_ramp,ramp,0.0,0.7,0.0,0.28340256500150796,1082.006305445851,False,settled
b,yellow_ramp,ramp,0.0,0.7,0.0,0.7315715500341952,921.4909239103202,False,settled
b,yellow_ramp,ramp,0.0,0.7,0.0,1.0404126417125878,838.9079470111105,False,settled
b,yellow_ramp,ramp,0.0,0.7,0.0,0.8832934132529621,879.0024820888545,False,settled
b,yellow_ramp,ramp,0.0,0.7,0.0,0.4942618600363227,998.2791936555845,False,settled
b,yellow_ramp,ramp,0.0,0.7,0.0,0.5749482337165525,975.1035150205405,False,settled
b,yellow_ramp,ramp,0.0,0.7,0.0,0.7205253182246308,923.2929212780126,False,settled
b,yellow_ramp,ramp,0.0,0.7,0.0,0.6106562138697341,964.479225872771,False,settled
b,yellow_ramp,ramp,0.0,0.7,0.0,0.28153609633951854,1087.915327291191,False,settled
b,yellow_ramp,ramp,0.0,0.7,0.0,0.49767707672769346,1006.5919444673395,False,settled
b,yellow_ramp,ramp,0.0,0.7,0.0,0.8044510630319792,899.0942863530687,False,settled
b,yellow_ramp,ramp,0.0,0.7,0.0,0.35528935346271456,1059.0323771267683,False,settled
b,yellow_ramp,ramp,0.0,0.7,0.0,0.5486658566640001,986.4032810085918,False,settled
b,yellow_ramp,ramp,0.0,0.7,0.0,0.22699735688599207,1104.8908446462913,False,settled
b,yellow_ramp,ramp,0.0,0.7,0.0,1.018052738713151,844.9780304161366,False,settled
b,yellow_ramp,ramp,0.0,0.7,0.0,0.6526356737717534,948.1723939294009,False,settled
b,yellow_ramp,ramp,0.0,0.7,0.0,0.7410396685939294,920.9980798868565,False,settled
b,yellow_ramp,ramp,0.0,0.7,0.0,0.3928869829071417,1035.311056596914,False,settled
b,yellow_ramp,ramp,0.0,0.7,0.0,1.0728497486454585,831.7860206506151,False,settled
b,yellow_ramp,ramp,0.0,0.7,0.0,0.36662709405422267,1050.399057388785,False,settled
b,yellow_ramp,ramp,0.0,0.7,0.0,1.1977034835822482,800.3535307320075,False,settled
b,yellow_ramp,ramp,0.0,0.7,0.0,0.8421567461834399,890.6671762300969,False,settled
b,yellow_ramp,ramp,0.0,0.7,0.0,0.7132887632984846,929.5709806968326,False,settled
b,yellow_ramp,ramp,0.0,0.7,0.0,0.6457929265335786,953.7136225315119,False,settled
b,yellow_ramp,ramp,0.0,0.7,0.0,1.121077695930685,818.8312336151408,False,settled
b,yellow_ramp,ramp,0.0,0.7,0.0,0.6169773001279975,959.7255888283875,False,settled
b,yellow_ramp,ramp,0.0,0.7,0.0,0.4833794622551449,1006.6944223999764,False,settled
b,yellow_ramp,ramp,0.0,0.7,0.0,0.9242079771653187,865.027014938131,False,settled
b,yellow_ramp,ramp,0.0,0.7,0.0,0.23769558743664593,1100.4204153760113,False,settled
b,yellow_ramp,ramp,0.0,0.7,0.0,0.8898480853270055,872.7652176339077,False,settled
b,yellow_ramp,ramp,0.0,0.7,0.0,0.4761153970926534,1012.548635885021,False,settled
b,yellow_ramp,ramp,0.0,0.7,0.0,0.3911120585137957,1035.5781380254507,False,settled
b,yellow_ramp,ramp,0.0,0.7,0.0,0.7038836354655493,929.7224613913907,False,settled
b,yellow_ramp,ramp,0.0,0.7,0.0,0.5172508870603836,991.3444780325498,False,settled
b,yellow_ramp,ramp,0.0,0.7,0.0,0.7569068073359051,915.6880320418984,False,settled
b,yellow_ramp,ramp,0.0,0.7,0.0,0.280046822647292,1086.267078768568,False,settled
b,yellow_ramp,ramp,0.0,0.7,0.0,0.9137752031067045,870.1932766487499,False,settled
b,yellow_ramp,ramp,0.0,0.7,0.0,0.9272610606634156,866.6847355099598,False,settled
b,yellow_ramp,ramp,0.0,0.7,0.0,0.709090874917671,933.0011667736309,False,settled
b,yellow_ramp,ramp,0.0,0.7,0.0,0.7432330334939775,919.0936301092194,False,settled
b,yellow_ramp,ramp,0.0,0.7,0.0,0.5301336022539032,985.9763218858955,False,settled
b,yellow_ramp,ramp,0.0,0.7,0.0,1.2222354928245465,790.2947943350466,False,settled
b,yellow_ramp,ramp,0.0,0.7,0.0,0.24460345777971074,1097.1613330268187,False,settled
b,yellow_ramp,ramp,0.0,0.7,0.0,0.3878583019681998,1036.1712190080832,False,settled
b,yellow_ramp,ramp,0.0,0.7,0.0,0.35614303379600465,1058.6100375047527,False,settled
b,yellow_ramp,ramp,0.0,0.7,0.0,0.8771407547454405,879.3675591301986,False,settled
b,yellow_ramp,ramp,0.0,0.7,0.0,0.5564880152568756,979.9955510399287,False,settled
b,yellow_ramp,ramp,0.0,0.7,0.0,1.1111324364972268,820.775530301885,False,settled
b,yellow_ramp,ramp,0.0,0.7,0.0,0.5624314997594564,975.5135491434772,False,settled
b,yellow_ramp,ramp,0.0,0.7,0.0,0.28813040858594324,1077.027860504355,False,settled
b,yellow_ramp,ramp,0.0,0.7,0.0,0.4982427707351417,1006.1325864395988,False,settled
b,yellow_ramp,ramp,0.0,0.7,0.0,0.31011793377135993,1067.1556185450142,False,settled
b,yellow_ramp,ramp,0.0,0.7,0.0,0.8596435888510705,884.7417444396899,False,settled
b,yellow_ramp,ramp,0.0,0.7,0.0,0.33277115343349106,1057.6646764267878,False,settled
b,yellow_ramp,ramp,0.0,0.7,0.0,0.4926656953148492,999.3526970497974,False,settled
b,yellow_ramp,ramp,0.0,0.7,0.0,0.32275763571069077,1072.7532418940166,False,settled
b,yellow_ramp,ramp,0.0,0.7,0.0,0.5344612664159026,985.1505165556138,False,settled
b,yellow_ramp,ramp,0.0,0.7,0.0,0.24067249248965114,1097.476419469987,False,settled
b,yellow_ramp,ramp,0.0,0.7,0.0,0.5789521008921429,971.819767973899,False,settled
b,yellow_ramp,ramp,0.0,0.7,0.0,0.31033830130303514,1066.986792955537,False,settled
b,yellow_ramp,ramp,0.0,0.7,0.0,0.7202704401539213,923.5104643499178,False,settled
b,yellow_ramp,ramp,0.0,0.7,0.0,0.8997527212724592,873.6111339532164,False,settled
b,yellow_ramp,ramp,0.0,0.7,0.0,0.8364860372526137,889.1962838629256,False,settled
b,yellow_ramp,ramp,0.0,0.7,0.0,0.33507787375379144,1057.2889086270814,False,settled
b,yellow_ramp,ramp,0.0,0.7,0.0,0.8802618145972869,876.5433870959536,False,settled
b,yellow_ramp,ramp,0.0,0.7,0.0,1.069038427561318,832.8104872372207,False,settled
b,yellow_ramp,ramp,0.0,0.7,0.0,0.5507590874007154,984.6821258755521,False,settled
b,yellow_ramp,ramp,0.0,0.7,0.0,0.32967748945104103,1071.8409997354488,False,settled
b,yellow_ramp,ramp,0.0,0.7,0.0,0.5726367212839777,977.0116275776986,False,settled
b,yellow_ramp,ramp,0.0,0.7,0.0,0.22799992530715327,1102.581218258329,False,settled
b,yellow_ramp,ramp,0.0,0.7,0.0,0.5483612809325767,986.6544581287537,False,settled
b,yellow_ramp,ramp,0.0,0.7,0.0,0.6086970392050658,964.9734275722858,False,settled
b,yellow_ramp,ramp,0.0,0.7,0.0,0.5974485995944911,967.8409690699795,False,settled
b,yellow_ramp,ramp,0.0,0.7,0.0,0.39472478591757026,1035.1120545555461,False,settled
b,yellow_ramp,ramp,0.0,0.7,0.0,0.6069798225952648,965.4065209074042,False,settled
b,yellow_ramp,ramp,0.0,0.7,0.0,0.46016833586486183,1019.4815307098715,False,settled
b,yellow_ramp,ramp,0.0,0.7,0.0,0.27682015243683655,1085.1059777785272,False,settled
b,yellow_ramp,ramp,0.0,0.7,0.0,0.6484989695929555,951.4124720421721,False,settled
b,yellow_ramp,ramp,0.0,0.7,0.0,0.8664882912380514,884.0292846998998,False,settled
b,yellow_ramp,ramp,0.0,0.7,0.0,0.7424035214525521,919.8147929175497,False,settled
b,yellow_ramp,ramp,0.0,0.7,0.0,0.6053740688386396,965.8132722802491,False,settled
b,yellow_ramp,ramp,0.0,0.7,0.0,0.3618738290895842,1054.116756494029,False,settled
b,yellow_ramp,ramp,0.0,0.7,0.0,0.5700880230985569,979.1158077790573,False,settled
b,yellow_ramp,ramp,0.0,0.7,0.0,0.3068658475796052,1069.7220773867373,False,settled
b,yellow_ramp,ramp,0.0,0.7,0.0,1.0284432934309307,841.3983261842001,False,settled
b,yellow_ramp,ramp,0.0,0.7,0.0,0.5845592353498127,967.6274657822788,False,settled
b,yellow_ramp,ramp,0.0,0.7,0.0,0.7244725363658777,927.7377540649925,False,settled
b,yellow_ramp,ramp,0.0,0.7,0.0,0.3887974556920152,1036.0173936764475,False,settled
b,yellow_ramp,ramp,0.0,0.7,0.0,0.42954000252630903,1026.084204732245,False,settled
b,yellow_ramp,ramp,0.0,0.7,0.0,0.3460252928898188,1052.7530029642555,False,settled
b,yellow_ramp,ramp,0.0,0.7,0.0,0.31502944058306176,1077.5663748042166,False,settled
b,yellow_ramp,ramp,0.0,0.7,0.0,0.9720563664565275,851.4618482257979,False,settled
b,yellow_ramp,ramp,0.0,0.7,0.0,0.5808840169798444,970.559848998495,False,settled
b,yellow_ramp,ramp,0.0,0.7,0.0,0.4277207363321836,1027.5330614952122,False,settled
b,yellow_ramp,ramp,0.0,0.7,0.0,1.014712272141,845.0004869855861,False,settled
b,yellow_ramp,ramp,0.0,0.7,0.0,0.25459564693557457,1104.2243282429458,False,settled
b,yellow_ramp,ramp,0.0,0.7,0.0,0.9524585421280798,858.7936903142098,False,settled
b,yellow_ramp,ramp,0.0,0.7,0.0,0.32462950664800494,1072.5066565638551,False,settled
b,yellow_ramp,ramp,0.0,0.7,0.0,1.2180377606257375,794.0982250003696,False,settled
b,yellow_ramp,ramp,0.0,0.7,0.0,0.8753871900978649,881.1148441000308,False,settled
b,yellow_ramp,ramp,0.0,0.7,0.0,0.6091866836657763,964.8499290966314,False,settled
b,yellow_ramp,ramp,0.0,0.7,0.0,0.9240007277925076,865.2437614394441,False,settled
b,yellow_ramp,ramp,0.0,0.7,0.0,1.2085351087077953,798.2965626120952,False,settled
b,yellow_ramp,ramp,0.0,0.7,0.0,0.9063506817625022,872.3280179129003,False,settled
b,yellow_ramp,ramp,0.0,0.7,0.0,0.36943482589660276,1048.2033423226978,False,settled
b,yellow_ramp,ramp,0.0,0.7,0.0,0.46501135334784793,1018.5715970184556,False,settled
b,yellow_ramp,ramp,0.0,0.7,0.0,0.9729632399361529,850.3701437106635,False,settled
b,yellow_ramp,ramp,0.0,0.7,0.0,0.5448073984436994,989.5854996779583,False,settled
b,yellow_ramp,ramp,0.0,0.7,0.0,0.22598887837967177,1105.58331499201,False,settled
b,yellow_ramp,ramp,0.0,0.7,0.0,0.6575648738636597,944.1605540013139,False,settled
b,yellow_ramp,ramp,0.0,0.7,0.0,0.35302729759908813,1060.820724625005,False,settled
b,yellow_ramp,ramp,0.0,0.7,0.0,0.7470105457257835,915.8869279236213,False,settled
b,yellow_ramp,ramp,0.0,0.7,0.0,0.7946466981351561,901.3542932389761,False,settled
b,yellow_ramp,ramp,0.0,0.7,0.0,0.260257031349246,1096.9930360470078,False,settled
b,yellow_ramp,ramp,0.0,0.7,0.0,1.0426185150551914,837.265047246045,False,settled
b,yellow_ramp,ramp,0.0,0.7,0.0,0.7983664608526698,904.7311861846139,False,settled
b,yellow_ramp,ramp,0.0,0.7,0.0,0.9108900983441298,868.0187135646255,False,settled
b,yellow_ramp,ramp,0.0,0.7,0.0,0.36314543192453386,1053.122461122723,False,settled
b,yellow_ramp,ramp,0.0,0.7,0.0,0.9621747590362316,853.1232824555492,False,settled
b,yellow_ramp,ramp,0.0,0.7,0.0,0.9245228216628725,864.6977347846791,False,settled
b,yellow_ramp,ramp,0.0,0.7,0.0,0.22377626497647973,1108.9573187162446,False,settled
b,yellow_ramp,ramp,0.0,0.7,0.0,0.44905101734925745,1023.0185981148991,False,settled
b,yellow_ramp,ramp,0.0,0.7,0.0,0.7986608739452715,904.4582014864143,False,settled
b,yellow_ramp,ramp,0.0,0.7,0.0,0.48575530586664994,1004.7845809090112,False,settled
b,yellow_ramp,ramp,0.0,0.7,0.0,0.5535673371788568,982.3846083330071,False,settled
b,yellow_ramp,ramp,0.0,0.7,0.0,0.634939194602277,954.0192451933126,False,settled
b,yellow_ramp,ramp,0.0,0.7,0.0,0.7395534486902655,922.291559689166,False,settled
b,yellow_ramp,ramp,0.0,0.7,0.0,0.450503296808911,1021.8673147598549,False,settled
b,yellow_ramp,ramp,0.0,0.7,0.0,0.5599279150810468,977.454443817228,False,settled
b,yellow_ramp,ramp,0.0,0.7,0.0,1.0424048241966424,837.5481743968664,False,settled
b,yellow_ramp,ramp,0.0,0.7,0.0,0.8014042288424049,901.9147551520597,False,settled
b,yellow_ramp,ramp,0.0,0.7,0.0,0.27816429233046985,1084.0219223242837,False,settled
b,yellow_ramp,ramp,0.0,0.7,0.0,0.3000599775697203,1074.5540781822094,False,settled
b,yellow_ramp,ramp,0.0,0.7,0.0,0.4313910668165754,1024.6153470183754,False,settled
b,yellow_ramp,ramp,0.0,0.7,0.0,1.1020052171448804,823.1926661608385,False,settled
b,yellow_ramp,ramp,0.0,0.7,0.0,0.5240961691316632,987.3441674015705,False,settled
b,yellow_ramp,ramp,0.0,0.7,0.0,1.0826491157287041,828.2574399516933,False,settled
b,yellow_ramp,ramp,0.0,0.7,0.0,0.3463084018285248,1052.6249410654193,False,settled
b,yellow_ramp,ramp,0.0,0.7,0.0,0.4410604271070991,1017.0995170631179,False,settled
b,yellow_ramp,ramp,0.0,0.7,0.0,0.5600197062467852,977.379885368203,False,settled
b,yellow_ramp,ramp,0.0,0.7,0.0,1.0333505736611999,840.3703909356882,False,settled
b,yellow_ramp,ramp,0.0,0.7,0.0,0.6393648280064844,950.3999482473388,False,settled
b,yellow_ramp,ramp,0.0,0.7,0.0,0.8084624361465199,902.1286253497724,False,settled
b,yellow_ramp,ramp,0.0,0.7,0.0,0.5747411314888589,975.2744759342548,False,settled
b,yellow_ramp,ramp,0.0,0.7,0.0,0.4281255052404818,1027.2107198797112,False,settled
b,yellow_ramp,ramp,0.0,0.7,0.0,0.5981802488810951,967.6537706607758,False,settled
b,yellow_ramp,ramp,0.0,0.7,0.0,0.2192113575582313,1106.4366155890646,False,settled
b,yellow_ramp,ramp,0.0,0.7,0.0,0.9602671959268853,855.2131248554251,False,settled
b,yellow_ramp,ramp,0.0,0.7,0.0,1.0458987918209444,836.6166581619693,False,settled
b,yellow_ramp,ramp,0.0,0.7,0.0,0.705276083758787,928.4471864982039,False,settled
b,yellow_ramp,ramp,0.0,0.7,0.0,0.5255859023178495,987.0282030634775,False,settled
b,yellow_ramp,ramp,0.0,0.7,0.0,0.5665232110392161,972.1685368635289,False,settled
b,yellow_ramp,ramp,0.0,0.7,0.0,0.3863894904850559,1049.1950570247109,False,settled
b,yellow_ramp,ramp,0.0,0.7,0.0,0.2224686985389826,1116.1720618722866,False,settled
b,yellow_ramp,ramp,0.0,0.7,0.0,0.33858861089697206,1056.9491208914035,False,settled
b,yellow_ramp,ramp,0.0,0.7,0.0,0.2732469826045165,1086.5240032902127,False,settled
b,yellow_ramp,ramp,0.0,0.7,0.0,0.43017244026117935,1025.5804942304217,False,settled
b,yellow_ramp,ramp,0.0,0.7,0.0,1.1274222719757754,817.6307467806474,False,settled
b,yellow_ramp,ramp,0.0,0.7,0.0,0.9731742464191334,850.1374517817752,False,settled
b,yellow_ramp,ramp,0.0,0.7,0.0,0.3814022240280454,1038.9417039651446,False,settled
b,yellow_ramp,ramp,0.0,0.7,0.0,0.24214043508347607,1103.9814874695883,False,settled
b,yellow_ramp,ramp,0.0,0.7,0.0,1.0574411245586544,835.4276393265435,False,settled
b,yellow_ramp,ramp,0.0,0.7,0.0,0.43489231292763514,1021.8479041160072,False,settled
b,yellow_ramp,ramp,0.0,0.7,0.0,0.5778600407615115,972.7140809302523,False,settled
b,yellow_ramp,ramp,0.0,0.7,0.0,1.0498523777675097,836.1174589419709,False,settled
b,yellow_ramp,ramp,0.0,0.7,0.0,0.5620895508690374,975.7912364959766,False,settled
b,yellow_ramp,ramp,0.0,0.7,0.0,0.3898991871192557,1035.7633749019483,False,settled
b,yellow_ramp,ramp,0.0,0.7,0.0,0.23638310067433385,1108.7798849195951,False,settled
b,yellow_ramp,ramp,0.0,0.7,0.0,0.8953579741251029,872.8667085871878,False,settled
b,yellow_ramp,ramp,0.0,0.7,0.0,0.5171678170517863,991.4098750913611,False,settled
b,yellow_ramp,ramp,0.0,0.7,0.0,0.7787366401527541,908.7589501544171,False,settled
b,yellow_ramp,ramp,0.0,0.7,0.0,1.1901919209188188,801.9652836054975,False,settled
b,yellow_ramp,ramp,0.0,0.7,0.0,0.22217740289709245,1107.6011688890212,False,settled
b,yellow_ramp,ramp,0.0,0.7,0.0,0.5338075823715435,985.2094351714803,False,settled
b,yellow_ramp,ramp,0.0,0.7,0.0,0.5510371838482176,984.4546156537666,False,settled
b,yellow_ramp,ramp,0.0,0.7,0.0,0.23428902146942518,1111.514048151865,False,settled
b,yellow_ramp,ramp,0.0,0.7,0.0,0.5480478658744046,986.9129241169804,False,settled
b,yellow_ramp,ramp,0.0,0.7,0.0,1.0954117303537974,824.2020692264136,False,settled
b,yellow_ramp,ramp,0.0,0.7,0.0,0.8004118532303097,902.8348247082905,False,settled
b,yellow_ramp,ramp,0.0,0.7,0.0,0.662593231606652,948.5459889415265,False,settled
b,yellow_ramp,ramp,0.0,0.7,0.0,0.3477418147659918,1051.4547807349493,False,settled
b,yellow_ramp,ramp,0.0,0.7,0.0,0.23245924028772078,1113.72424081391,False,settled
b,yellow_ramp,ramp,0.0,0.7,0.0,0.9469716623950004,860.1717501678655,False,settled
b,yellow_ramp,ramp,0.0,0.7,0.0,0.31672515895878106,1076.2299007520157,False,settled
b,yellow_ramp,ramp,0.0,0.7,0.0,0.4791100168876306,1010.1273636542423,False,settled
b,yellow_ramp,ramp,0.0,0.7,0.0,0.31559449689842967,1077.1211602568437,False,settled
b,yellow_ramp,ramp,0.0,0.7,0.0,0.7667667677937271,912.2372128579672,False,settled
b,yellow_ramp,ramp,0.0,0.7,0.0,0.25079019952504533,1097.9782710865607,False,settled
b,yellow_ramp,ramp,0.0,0.7,0.0,1.205457099157042,798.8027296426548,False,settled
b,yellow_ramp,ramp,0.0,0.7,0.0,0.8713024360040955,879.3718379092096,False,settled
b,yellow_ramp,ramp,0.0,0.7,0.0,0.6179447611367792,958.9212418374257,False,settled
b,yellow_ramp,ramp,0.0,0.7,0.0,0.6655236793463475,946.006707491891,False,settled
b,yellow_ramp,ramp,0.0,0.7,0.0,0.22546011497783613,1111.8978610834195,False,settled
b,yellow_ramp,ramp,0.0,0.7,0.0,0.4906413912444485,1000.8784725090295,False,settled
b,yellow_ramp,ramp,0.0,0.7,0.0,0.3114043972773999,1066.273610250545,False,settled
b,yellow_ramp,ramp,0.0,0.7,0.0,0.39499135724537887,1035.0725844594367,False,settled
b,yellow_ramp,ramp,0.0,0.7,0.0,0.32948600150235297,1071.8662218489587,False,settled
b,yellow_ramp,ramp,0.0,0.7,0.0,0.4660805207108678,1018.3707135938585,False,settled
b,yellow_ramp,ramp,0.0,0.7,0.0,0.9198302498651607,869.2505753637796,False,settled
b,yellow_ramp,ramp,0.0,0.7,0.0,0.3782864082163661,1041.4164041169497,False,settled
b,yellow_ramp,ramp,0.0,0.7,0.0,1.007696914950912,846.7610667784362,False,settled
b,yellow_ramp,ramp,0.0,0.7,0.0,0.22860884835708442,1109.427832901412,False,settled
b,yellow_ramp,ramp,0.0,0.7,0.0,0.35949779162920653,1055.9668747712942,False,settled
b,yellow_ramp,ramp,0.0,0.7,0.0,0.6866319459551886,935.9028627663479,False,settled
b,yellow_ramp,ramp,0.0,0.7,0.0,1.0674744542168157,832.7162291691096,False,settled
b,yellow_ramp,ramp,0.0,0.7,0.0,0.25422196849178236,1103.0976545725584,False,settled
b,yellow_ramp,ramp,0.0,0.7,0.0,0.5326619839565405,985.4484690108019,False,settled
b,yellow_ramp,ramp,0.0,0.7,0.0,0.25118709721866805,1098.9346151222321,False,settled
b,yellow_ramp,ramp,0.0,0.7,0.0,1.1016397431653,823.8432633186138,False,settled
b,yellow_ramp,ramp,0.0,0.7,0.0,0.6428328315835047,947.4406110102673,False,settled
b,yellow_ramp,ramp,0.0,0.7,0.0,0.34041864313437714,1056.7380234138466,False,settled
b,yellow_ramp,ramp,0.0,0.7,0.0,0.4519688343259607,1021.0186816736624,False,settled
b,yellow_ramp,ramp,0.0,0.7,0.0,0.2469130531599984,1103.784071426856,False,settled
b,yellow_ramp,ramp,0.0,0.7,0.0,0.779825343972681,907.7664240337056,False,settled
b,yellow_ramp,ramp,0.0,0.7,0.0,0.314043821445661,1078.343015309613,False,settled
b,yellow_ramp,ramp,0.0,0.7,0.0,0.28314272798973356,1082.2347641181457,False,settled
b,yellow_ramp,ramp,0.0,0.7,0.0,0.8578639397619607,886.4786888903895,False,settled
b,yellow_ramp,ramp,0.0,0.7,0.0,0.7277970491653265,924.7998927295386,False,settled
b,yellow_ramp,ramp,0.0,0.7,0.0,0.5762128651751292,974.0628621255569,False,settled
b,yellow_ramp,ramp,0.0,0.7,0.0,1.2184139047271023,792.1206371865951,False,settled
b,yellow_ramp,ramp,0.0,0.7,0.0,1.1745706451999092,806.3755219045253,False,settled
b,yellow_ramp,ramp,0.0,0.7,0.0,0.3509640843164771,1062.456674802175,False,settled
b,yellow_ramp,ramp,0.0,0.7,0.0,0.24161844131485283,1102.1895778858152,False,settled
b,yellow_ramp,ramp,0.0,0.7,0.0,0.5107976714109499,996.0743990793728,False,settled
b,yellow_ramp,ramp,0.0,0.7,0.0,0.550471374541935,984.9175026520402,False,settled
b,yellow_ramp,ramp,0.0,0.7,0.0,0.25373831304819755,1103.1171476426275,False,settled
b,yellow_ramp,ramp,0.0,0.7,0.0,0.22494369688412355,1117.8734102339754,False,settled
b,yellow_ramp,ramp,0.0,0.7,0.0,0.2680319769204994,1086.3307491869484,False,settled
b,yellow_ramp,ramp,0.0,0.7,0.0,0.97017723427703,853.5064711384937,False,settled
b,yellow_ramp,ramp,0.0,0.7,0.0,0.2871959985720038,1077.7014792767113,False,settled
b,yellow_ramp,ramp,0.0,0.7,0.0,0.6418093310527376,948.286255299087,False,settled
b,yellow_ramp,ramp,0.0,0.7,0.0,0.8371465826030905,888.5062827887285,False,settled
b,yellow_ramp,ramp,0.0,0.7,0.0,0.5025262874398677,1002.6542980658816,False,settled
b,yellow_ramp,ramp,0.0,0.7,0.0,1.182523012878495,804.4007954011973,False,settled
b,yellow_ramp,ramp,0.0,0.7,0.0,0.4941857654069935,998.339911803753,False,settled
b,yellow_ramp,ramp,0.0,0.7,0.0,0.4350573630626034,1021.7174558683296,False,settled
b,yellow_ramp,ramp,0.0,0.7,0.0,0.33780401431218016,1056.9649774435866,False,settled
b,yellow_ramp,ramp,0.0,0.7,0.0,0.8502467364872315,887.250201413461,False,settled
b,yellow_ramp,ramp,0.0,0.7,0.0,0.6257683301912272,952.4935502051062,False,settled
b,yellow_ramp,ramp,0.0,0.7,0.0,0.29363285419841767,1077.982530549307,False,settled
b,yellow_ramp,ramp,0.0,0.7,0.0,0.315774806179796,1076.9790772621263,False,settled
b,yellow_ramp,ramp,0.0,0.7,0.0,0.7461201362539952,916.5739116842472,False,settled
b,yellow_ramp,ramp,0.0,0.7,0.0,0.5187892929005503,990.0557926731537,False,settled
b,yellow_ramp,ramp,0.0,0.7,0.0,0.37017872004689295,1047.6215867202384,False,settled
b,yellow_ramp,ramp,0.0,0.7,0.0,0.8129914299574966,897.899370518919,False,settled
b,yellow_ramp,ramp,0.0,0.7,0.0,0.22184656692584218,1110.508518076528,False,settled
b,yellow_ramp,ramp,0.0,0.7,0.0,0.5020879840987933,1003.0101210309749,False,settled
b,yellow_ramp,ramp,0.0,0.7,0.0,1.1233143927964613,819.6670645976548,False,settled
b,yellow_ramp,ramp,0.0,0.7,0.0,0.9738187019690744,853.7328338609336,False,settled
b,yellow_ramp,ramp,0.0,0.7,0.0,0.3084405139458533,1068.4364496952558,False,settled
b,yellow_ramp,ramp,0.0,0.7,0.0,0.4502196445204478,1022.0921329576756,False,settled
b,yellow_ramp,ramp,0.0,0.7,0.0,0.6160725777720835,960.2221473821384,False,settled
b,yellow_ramp,ramp,0.0,0.7,0.0,0.257456818433477,1092.2695786698255,False,settled
b,yellow_ramp,ramp,0.0,0.7,0.0,0.6922638237565015,931.4890018860864,False,settled
b,yellow_ramp,ramp,0.0,0.7,0.0,0.351529953212925,1062.0061857578792,False,settled
b,yellow_ramp,ramp,0.0,0.7,0.0,0.9535340174761686,857.8618337526739,False,settled
b,yellow_ramp,ramp,0.0,0.7,0.0,0.23584853185617735,1104.1825993308598,False,settled
b,yellow_ramp,ramp,0.0,0.7,0.0,0.6561160721811836,945.2826840472712,False,settled
b,yellow_ramp,ramp,0.0,0.7,0.0,0.9456776096539455,861.3340544553906,False,settled
b,yellow_ramp,ramp,0.0,0.7,0.0,0.602645312276113,966.5113311108043,False,settled
b,yellow_ramp,ramp,0.0,0.7,0.0,0.39941921476457304,1034.3336576493632,False,settled
b,yellow_ramp,ramp,0.0,0.7,0.0,0.4215762054721126,1032.4263667282428,False,settled
b,yellow_ramp,ramp,0.0,0.7,0.0,0.536139421848978,984.8001889791483,False,settled
b,yellow_ramp,ramp,0.0,0.7,0.0,0.5062337162732263,999.6471525269498,False,settled
b,yellow_ramp,ramp,0.0,0.7,0.0,0.7417400987035926,920.3912907865746,False,settled
b,yellow_ramp,ramp,0.0,0.7,0.0,0.8347366165704624,890.7529617954855,False,settled
b,yellow_ramp,ramp,0.0,0.7,0.0,0.2294987364151125,1102.8723430067341,False,settled
b,yellow_ramp,ramp,0.0,0.7,0.0,0.8438447482358878,889.9479406309686,False,settled
b,yellow_ramp,ramp,0.0,0.7,0.0,0.7252761178875746,927.0273943333704,False,settled
b,yellow_ramp,ramp,0.0,0.7,0.0,0.5913467889485677,971.7535296877248,False,settled
b,yellow_ramp,ramp,0.0,0.7,0.0,0.8372057707290577,888.4506593674699,False,settled
b,yellow_ramp,ramp,0.0,0.7,0.0,0.9309546824124891,863.139052097955,False,settled
b,yellow_ramp,ramp,0.0,0.7,0.0,0.5657150633886137,972.8784669158588,False,settled
b,yellow_ramp,ramp,0.0,0.7,0.0,0.2543214585447156,1103.3450837891871,False,settled
b,yellow_ramp,ramp,0.0,0.7,0.0,1.0609054952088621,831.8933126285436,False,settled
b,yellow_ramp,ramp,0.0,0.7,0.0,0.8737051336171953,882.7910706801097,False,settled
b,yellow_ramp,ramp,0.0,0.7,0.0,0.33417164836015456,1057.4011949300839,False,settled
b,yellow_ramp,ramp,0.0,0.7,0.0,0.24415849317249402,1095.6845616278663,False,settled
b,yellow_ramp,ramp,0.0,0.7,0.0,1.0233278964412085,842.3454657285406,False,settled
b,yellow_ramp,ramp,0.0,0.7,0.0,1.0673994544885392,832.8311461147175,False,settled
b,yellow_ramp,ramp,0.0,0.7,0.0,0.39467769247647394,1035.1190274725825,False,settled
b,yellow_ramp,ramp,0.0,0.7,0.0,0.5571974740805926,979.4152846685434,False,settled
b,yellow_ramp,ramp,0.0,0.7,0.0,0.8809096570588077,875.9107543089716,False,settled
b,yellow_ramp,ramp,0.0,0.7,0.0,0.9221189004979727,866.8629918782204,False,settled
b,yellow_ramp,ramp,0.0,0.7,0.0,0.7181004243573095,925.3804165300303,False,settled
b,yellow_ramp,ramp,0.0,0.7,0.0,0.4412138184464879,1016.9865308704219,False,settled
b,yellow_ramp,ramp,0.0,0.7,0.0,0.6358559467534601,953.2503952123267,False,settled
b,yellow_ramp,ramp,0.0,0.7,0.0,0.41659090117382724,1036.4244881268673,False,settled
b,yellow_ramp,ramp,0.0,0.7,0.0,0.9541445255572353,857.1890680169553,False,settled
b,yellow_ramp,ramp,0.0,0.7,0.0,0.5871139559359415,965.6997296848276,False,settled
b,yellow_ramp,ramp,0.0,0.7,0.0,0.3271528042326903,1072.1737673809716,False,settled
b,yellow_ramp,ramp,0.0,0.7,0.0,0.7006387157888095,932.4327266948529,False,settled
b,yellow_ramp,ramp,0.0,0.7,0.0,0.9310735324328231,863.0140438313281,False,settled
b,yellow_ramp,ramp,0.0,0.7,0.0,0.9063955254282594,872.2820557300886,False,settled
b,yellow_ramp,ramp,0.0,0.7,0.0,0.27196810651003017,1084.6501108326243,False,settled
b,yellow_ramp,ramp,0.0,0.7,0.0,0.3630561890031245,1053.1922649824503,False,settled
b,yellow_ramp,ramp,0.0,0.7,0.0,0.37139614617817995,1046.6724311125542,False,settled
b,yellow_ramp,ramp,0.0,0.7,0.0,0.766367368064746,912.3766916578006,False,settled
b,yellow_ramp,ramp,0.0,0.7,0.0,0.42883414555308086,1026.646366843556,False,settled
b,yellow_ramp,ramp,0.0,0.7,0.0,0.6241977426184129,953.7433161633304,False,settled
b,yellow_ramp,ramp,0.0,0.7,0.0,0.2560239968334401,1092.0570938567457,False,settled
b,yellow_ramp,ramp,0.0,0.7,0.0,0.7840072131302096,903.993862225552,False,settled
b,yellow_ramp,ramp,0.0,0.7,0.0,0.25380745929030984,1102.749835073817,False,settled
b,yellow_ramp,ramp,0.0,0.7,0.0,0.9029713948317636,870.6682067983035,False,settled
b,yellow_ramp,ramp,0.0,0.7,0.0,0.8842334511784147,878.0601459029375,False,settled
b,yellow_ramp,ramp,0.0,0.7,0.0,0.537883477611912,984.4363397449932,False,settled
b,yellow_ramp,ramp,0.0,0.7,0.0,1.092340602418012,826.247944326001,False,settled
b,yellow_ramp,ramp,0.0,0.7,0.0,0.4088461582186342,1029.9138701724094,False,settled
b,yellow_ramp,ramp,0.0,0.7,0.0,0.36606243129037724,1050.8408483547917,False,settled
b,yellow_ramp,ramp,0.0,0.7,0.0,0.44521475514909775,1026.0607600819076,False,settled
b,yellow_ramp,ramp,0.0,0.7,0.0,0.8571179798732236,887.2128052897222,False,settled
b,yellow_ramp,ramp,0.0,0.7,0.0,0.8163038838380801,894.9001145409067,False,settled
b,yellow_ramp,ramp,0.0,0.7,0.0,0.6494061392017155,950.6461412301065,False,settled
b,yellow_ramp,ramp,0.0,0.7,0.0,0.572266797578808,977.3169891613542,False,settled
b,yellow_ramp,ramp,0.0,0.7,0.0,0.9965411818883049,845.3390200790114,False,settled
b,yellow_ramp,ramp,0.0,0.7,0.0,1.0750820674497858,830.745992948514,False,settled
b,yellow_ramp,ramp,0.0,0.7,0.0,0.8033569108147031,900.1046924074979,False,settled
b,yellow_ramp,ramp,0.0,0.7,0.0,0.9603876309155917,855.1154104359418,False,settled
b,yellow_ramp,ramp,0.0,0.7,0.0,0.6724173915518417,940.4551890070466,False,settled
b,yellow_ramp,ramp,0.0,0.7,0.0,0.3995897268121012,1034.308863199498,False,settled
b,yellow_ramp,ramp,0.0,0.7,0.0,0.24455466520269337,1096.9999299211024,False,settled
b,yellow_ramp,ramp,0.0,0.7,0.0,1.044756463951328,838.1446576460954,False,settled
b,yellow_ramp,ramp,0.0,0.7,0.0,0.5583646776697355,978.4606213586478,False,settled
b,yellow_ramp,ramp,0.0,0.7,0.0,0.5851389779310148,967.1680994378719,False,settled
b,yellow_ramp,ramp,0.0,0.7,0.0,0.4287262013786292,1026.7323340244523,False,settled
b,yellow_ramp,ramp,0.0,0.7,0.0,0.5728727852122171,976.8167629023731,False,settled
b,yellow_ramp,ramp,0.0,0.7,0.0,1.0714343885417419,830.3810034252257,False,settled
b,yellow_ramp,ramp,0.0,0.7,0.0,1.168915480124938,808.5014209041633,False,settled
b,yellow_ramp,ramp,0.0,0.7,0.0,0.39786530654115854,1034.5595791153628,False,settled
b,yellow_ramp,ramp,0.0,0.7,0.0,0.6716284341016766,941.1172576950967,False,settled
b,yellow_ramp,ramp,0.0,0.7,0.0,0.3781632094426023,1041.511987844411,False,settled
b,yellow_ramp,ramp,0.0,0.7,0.0,1.1663530005302976,808.3707929188528,False,settled
b,yellow_ramp,ramp,0.0,0.7,0.0,0.6229427574973319,954.7823733495946,False,settled
b,yellow_ramp,ramp,0.0,0.7,0.0,0.26104730524533454,1098.1864502333653,False,settled
b,yellow_ramp,ramp,0.0,0.7,0.0,0.5660586696588723,972.5296572233922,False,settled
b,yellow_ramp,ramp,0.0,0.7,0.0,1.011158438938309,846.813146037649,False,settled
b,yellow_ramp,ramp,0.0,0.7,0.0,1.1497457323928775,812.5824310622389,False,settled
b,yellow_ramp,ramp,0.0,0.7,0.0,1.0896971921940908,826.0598263838584,False,settled
b,yellow_ramp,ramp,0.0,0.7,0.0,1.006277238954263,846.9567705776433,False,settled
b,yellow_ramp,ramp,0.0,0.7,0.0,0.4655544801217549,1018.4695502623641,False,settled
b,yellow_ramp,ramp,0.0,0.7,0.0,0.9050058962242893,868.5773064263211,False,settled
b,yellow_ramp,ramp,0.0,0.7,0.0,0.6003288526199246,967.1039176162938,False,settled
b,yellow_ramp,ramp,0.0,0.7,0.0,0.393379595077386,1035.2381143710502,False,settled
b,yellow_ramp,ramp,0.0,0.7,0.0,1.024852466983792,842.0091826345747,False,settled
b,yellow_ramp,ramp,0.0,0.7,0.0,0.6269724719599444,960.4739168528772,False,settled
b,yellow_ramp,ramp,0.0,0.7,0.0,0.9303641967378876,863.669076075451,False,settled
b,yellow_ramp,ramp,0.0,0.7,0.0,0.35229078906303174,1061.4027878443655,False,settled
b,yellow_ramp,ramp,0.0,0.7,0.0,0.32148738908323843,1073.0029169437116,False,settled
b,yellow_ramp,ramp,0.0,0.7,0.0,0.8467826544302498,888.7079516688503,False,settled
b,yellow_ramp,ramp,0.0,0.7,0.0,0.2504993206210134,1097.27325692314,False,settled
b,yellow_ramp,ramp,0.0,0.7,0.0,0.7394751578201239,922.3596126642999,False,settled
b,yellow_ramp,ramp,0.0,0.7,0.0,0.4473650776009322,1024.3553304510472,False,settled
b,yellow_ramp,ramp,0.0,0.7,0.0,0.2582257063131953,1094.0824708821553,False,settled
b,yellow_ramp,ramp,0.0,0.7,0.0,0.2742889232490912,1088.5493753449662,False,settled
b,yellow_ramp,ramp,0.0,0.7,0.0,0.3456330012149009,1053.0514336436067,False,settled
b,yellow_ramp,ramp,0.0,0.7,0.0,0.9301279351595647,863.9176452649245,False,settled
b,yellow_ramp,ramp,0.0,0.7,0.0,0.6048605948309753,965.9446266631311,False,settled
b,yellow_ramp,ramp,0.0,0.7,0.0,0.7235253144964668,928.3250393924634,False,settled
b,yellow_ramp,ramp,0.0,0.7,0.0,0.48677617955137137,1003.9639321484527,False,settled
b,yellow_ramp,ramp,0.0,0.7,0.0,0.8579256867906894,886.418426207879,False,settled
b,yellow_ramp,ramp,0.0,0.7,0.0,0.49358205164648083,998.8216634454591,False,settled
b,yellow_ramp,ramp,0.0,0.7,0.0,0.9273679713543571,866.5715764558121,False,settled
b,yellow_ramp,ramp,0.0,0.7,0.0,0.6254062558784015,952.8525640718607,False,settled
b,yellow_ramp,ramp,0.0,0.7,0.0,0.2594125146336198,1095.1661386144192,False,settled
b,yellow_ramp,ramp,0.0,0.7,0.0,0.6278001172970288,959.7749199979812,False,settled
b,yellow_ramp,ramp,0.0,0.7,0.0,0.5326109395294388,985.4591196252724,False,settled
b,yellow_ramp,ramp,0.0,0.7,0.0,0.2256016489644489,1111.0201508558434,False,settled
b,yellow_ramp,ramp,0.0,0.7,0.0,0.3954448215849111,1035.0054513539105,False,settled
b,yellow_ramp,ramp,0.0,0.7,0.0,1.2119418746965092,796.855633975902,False,settled
b,yellow_ramp,ramp,0.0,0.7,0.0,0.36013061901745175,1055.4771589399031,False,settled
b,yellow_ramp,ramp,0.0,0.7,0.0,1.1405451542479628,814.4608290114261,False,settled
b,yellow_ramp,ramp,0.0,0.7,0.0,0.325738096443252,1072.3603808487007,False,settled
b,yellow_ramp,ramp,0.0,0.7,0.0,0.49104063058128566,1000.5601245303446,False,settled
b,yellow_ramp,ramp,0.0,0.7,0.0,0.5187429414747253,990.0922672148566,False,settled
b,yellow_ramp,ramp,0.0,0.7,0.0,1.0195134872370764,844.8413016172987,False,settled
b,yellow_ramp,ramp,0.0,0.7,0.0,0.533582108637025,985.2564812514944,False,settled
b,yellow_ramp,ramp,0.0,0.7,0.0,0.2933336786135401,1078.0888517880517,False,settled
b,yellow_ramp,ramp,0.0,0.7,0.0,0.6677818692678837,944.3626663652528,False,settled
b,yellow_ramp,ramp,0.0,0.7,0.0,0.42150581353021427,1032.482415374777,False,settled
b,yellow_ramp,ramp,0.0,0.7,0.0,0.31256326386552197,1065.3266983700955,False,settled
b,yellow_ramp,ramp,0.0,0.7,0.0,0.3053520706271909,1070.8782621489042,False,settled
b,yellow_ramp,ramp,0.0,0.7,0.0,0.7274586917451061,925.0979567462716,False,settled
b,yellow_ramp,ramp,0.0,0.7,0.0,0.3173484246982729,1075.738628497012,False,settled
b,yellow_ramp,ramp,0.0,0.7,0.0,0.24131762011677962,1100.8320411051957,False,settled
b,yellow_ramp,ramp,0.0,0.7,0.0,1.0771270307993757,828.7732176409597,False,settled
b,yellow_ramp,ramp,0.0,0.7,0.0,0.2850798313206399,1081.277070210021,False,settled
b,yellow_ramp,ramp,0.0,0.7,0.0,0.8332608037587236,892.140611394552,False,settled
b,yellow_ramp,ramp,0.0,0.7,0.0,0.4233461202433342,1031.0169852478634,False,settled
b,yellow_ramp,ramp,0.0,0.7,0.0,0.5258677919926649,986.8753001637027,False,settled
b,yellow_ramp,ramp,0.0,0.7,0.0,0.2977888006844007,1075.9467377634776,False,settled
b,yellow_ramp,ramp,0.0,0.7,0.0,0.4957563322006747,997.1913283967942,False,settled
b,yellow_ramp,ramp,0.0,0.7,0.0,0.5214999672988807,988.0285264343938,False,settled
b,yellow_ramp,ramp,0.0,0.7,0.0,0.6857592317943473,936.155474903565,False,settled
b,yellow_ramp,ramp,0.0,0.7,0.0,0.6726890293252289,940.2272293702116,False,settled
b,yellow_ramp,ramp,0.0,0.7,0.0,1.0315873016144919,841.6880441786452,False,settled
b,yellow_ramp,ramp,0.0,0.7,0.0,0.2448453061351656,1097.9592323889174,False,settled
b,yellow_ramp,ramp,0.0,0.7,0.0,0.5132116170268477,994.167877554303,False,settled
b,yellow_ramp,ramp,0.0,0.7,0.0,0.4082238995004019,1030.4036108097994,False,settled
b,yellow_ramp,ramp,0.0,0.7,0.0,0.5037767328289979,1001.6391555385859,False,settled
b,yellow_ramp,ramp,0.0,0.7,0.0,0.7413552216095429,920.7236270003119,False,settled
b,yellow_ramp,ramp,0.0,0.7,0.0,0.9075563955885095,871.0921912707755,False,settled
b,yellow_ramp,ramp,0.0,0.7,0.0,0.6786359289541326,938.2397137225067,False,settled
b,yellow_ramp,ramp,0.0,0.7,0.0,0.6016169790868279,966.7743948611725,False,settled
b,yellow_ramp,ramp,0.0,0.7,0.0,0.7181773413086803,925.3135193739569,False,settled
b,yellow_ramp,ramp,0.0,0.7,0.0,0.3524100074514962,1061.3085749981792,False,settled
b,yellow_ramp,ramp,0.0,0.7,0.0,0.23333838101106474,1104.8314739800007,False,settled
b,yellow_ramp,ramp,0.0,0.7,0.0,0.2811947502120649,1087.7674141118484,False,settled
b,yellow_ramp,ramp,0.0,0.7,0.0,0.31809867799684916,1075.1471520188354,False,settled
b,yellow_ramp,ramp,0.0,0.7,0.0,0.7081680091686386,933.8099333389857,False,settled
b,yellow_ramp,ramp,0.0,0.7,0.0,0.2805844477794199,1087.2935082157662,False,settled
b,yellow_ramp,ramp,0.0,0.7,0.0,0.48442467687013663,1005.8542224884383,False,settled
b,yellow_ramp,ramp,0.0,0.7,0.0,0.8911142360301998,876.8114400609996,False,settled
b,yellow_ramp,ramp,0.0,0.7,0.0,0.2218517163069411,1110.7357075128837,False,settled
b,yellow_ramp,ramp,0.0,0.7,0.0,0.8891491244674342,873.4139076735149,False,settled
b,yellow_ramp,ramp,0.0,0.7,0.0,0.2920727432032775,1077.6543991906287,False,settled
b,yellow_ramp,ramp,0.0,0.7,0.0,0.8440050581582971,889.8796363437599,False,settled
b,yellow_ramp,ramp,0.0,0.7,0.0,0.8189164571291041,898.9787153003614,False,settled
b,yellow_ramp,ramp,0.0,0.7,0.0,0.9576184671130538,857.9174350989791,False,settled
b,yellow_ramp,ramp,0.0,0.7,0.0,0.4946488294079254,997.9704584042876,False,settled
b,yellow_ramp,ramp,0.0,0.7,0.0,0.8378042789725754,888.1934276172074,False,settled
b,yellow_ramp,ramp,0.0,0.7,0.0,0.8160708670786131,895.1157746108985,False,settled
b,yellow_ramp,ramp,0.0,0.7,0.0,0.4989502018280356,1005.558113171832,False,settled
b,yellow_ramp,ramp,0.0,0.7,0.0,0.572575646085049,977.0620435056568,False,settled
b,yellow_ramp,ramp,0.0,0.7,0.0,0.5875368669898582,965.368452844632,False,settled
b,yellow_ramp,ramp,0.0,0.7,0.0,0.2592284396890542,1094.8838255270427,False,settled
b,yellow_ramp,ramp,0.0,0.7,0.0,0.5511843300417254,984.334235371782,False,settled
b,yellow_ramp,ramp,0.0,0.7,0.0,0.314696342116303,1077.828792851753,False,settled
b,yellow_ramp,ramp,0.0,0.7,0.0,0.30930381535534157,1067.7792711168875,False,settled
b,yellow_ramp,ramp,0.0,0.7,0.0,0.2835725745199401,1081.7614894606952,False,settled
b,yellow_ramp,ramp,0.0,0.7,0.0,0.9301788526225242,863.8640797606398,False,settled
b,yellow_ramp,ramp,0.0,0.7,0.0,1.0263368766954963,842.5504329253432,False,settled
b,yellow_ramp,ramp,0.0,0.7,0.0,0.4299876295936753,1025.727690267901,False,settled
b,yellow_ramp,ramp,0.0,0.7,0.0,0.737404581906266,923.9109173176399,False,settled
b,yellow_ramp,ramp,0.0,0.7,0.0,0.29137717966389387,1077.2143697139843,False,settled
b,yellow_ramp,ramp,0.0,0.7,0.0,0.7343443499649825,919.0780692138934,False,settled
b,yellow_ramp,ramp,0.0,0.7,0.0,0.5483066503851727,986.6995107031379,False,settled
b,yellow_ramp,ramp,0.0,0.7,0.0,1.091736748164188,826.0669630458937,False,settled
b,yellow_ramp,ramp,0.0,0.7,0.0,0.2767806615839651,1085.078671314446,False,settled
b,yellow_ramp,ramp,0.0,0.7,0.0,0.5807839759333849,970.6396684998336,False,settled
b,yellow_ramp,ramp,0.0,0.7,0.0,0.8485894579543053,887.9475526831462,False,settled
b,yellow_ramp,ramp,0.0,0.7,0.0,1.0037503076779903,845.347804801907,False,settled
b,yellow_ramp,ramp,0.0,0.7,0.0,0.5618841187141139,975.9580650384987,False,settled
b,yellow_ramp,ramp,0.0,0.7,0.0,0.9836512412991725,847.2505402917321,False,settled
b,yellow_ramp,ramp,0.0,0.7,0.0,0.9186780763085498,865.4351003891134,False,settled
b,yellow_ramp,ramp,0.0,0.7,0.0,0.3176120371182069,1075.5308181624257,False,settled
b,yellow_ramp,ramp,0.0,0.7,0.0,0.7605652348583275,914.4072806970483,False,settled
b,yellow_ramp,ramp,0.0,0.7,0.0,1.1921812622890833,801.9494788203369,False,settled
b,yellow_ramp,ramp,0.0,0.7,0.0,0.5127856296473774,994.5036880487481,False,settled
b,yellow_ramp,ramp,0.0,0.7,0.0,1.0316880589779809,841.6121681051193,False,settled
b,yellow_ramp,ramp,0.0,0.7,0.0,0.5935753786859429,969.9295633879866,False,settled
b,yellow_ramp,ramp,0.0,0.7,0.0,0.31427566011568775,1078.160346413758,False,settled
b,yellow_ramp,ramp,0.0,0.7,0.0,0.7615461331991442,914.0638185355573,False,settled
b,yellow_ramp,ramp,0.0,0.7,0.0,0.7993108863140702,903.855417570584,False,settled
b,yellow_ramp,ramp,0.0,0.7,0.0,0.4013296646490747,1034.0558425233496,False,settled
b,yellow_ramp,ramp,0.0,0.7,0.0,0.22035795717996592,1116.8017386855786,False,settled
b,yellow_ramp,ramp,0.0,0.7,0.0,0.35567038738884793,1058.7311507887168,False,settled
b,yellow_ramp,ramp,0.0,0.7,0.0,1.0160967650608368,844.7460569906449,False,settled
b,yellow_ramp,ramp,0.0,0.7,0.0,0.45501236332383665,1020.4505569908704,False,settled
b,yellow_ramp,ramp,0.0,0.7,0.0,0.6447425381544428,954.60824781474,False,settled
b,yellow_ramp,ramp,0.0,0.7,0.0,0.46113924929198535,1019.299111268556,False,settled
b,yellow_ramp,ramp,0.0,0.7,0.0,0.5155423090578151,992.3273056318236,False,settled
b,yellow_ramp,ramp,0.0,0.7,0.0,0.3379483994752664,1056.948313926829,False,settled
b,yellow_ramp,ramp,0.0,0.7,0.0,0.23194437072593013,1110.330517057525,False,settled
b,yellow_ramp,ramp,0.0,0.7,0.0,0.4422047611204851,1016.2305322234297,False,settled
b,yellow_ramp,ramp,0.0,0.7,0.0,0.2936547196877194,1077.974548994136,False,settled
b,yellow_ramp,ramp,0.0,0.7,0.0,0.6965398098317263,935.7426234617095,False,settled
b,yellow_ramp,ramp,0.0,0.7,0.0,0.6864908045475687,935.9437183018097,False,settled
b,yellow_ramp,ramp,0.0,0.7,0.0,0.5454568232551334,989.0498988429032,False,settled
b,yellow_ramp,ramp,0.0,0.7,0.0,0.2606721377607828,1097.6217429257524,False,settled
b,yellow_ramp,ramp,0.0,0.7,0.0,0.9137847825315899,870.1834785203711,False,settled
b,yellow_ramp,ramp,0.0,0.7,0.0,0.9630843489737639,856.5679425276722,False,settled
b,yellow_ramp,ramp,0.0,0.7,0.0,1.0613957722390892,832.3310272785851,False,settled
b,yellow_ramp,ramp,0.0,0.7,0.0,0.34648643199741475,1052.487078779598,False,settled
b,yellow_ramp,ramp,0.0,0.7,0.0,0.9309933000788109,863.0984336072739,False,settled
b,yellow_ramp,ramp,0.0,0.7,0.0,0.7974116905340706,905.6164166153005,False,settled
b,yellow_ramp,ramp,0.0,0.7,0.0,0.5928997459379116,970.4803755223155,False,settled
b,yellow_ramp,ramp,0.0,0.7,0.0,0.49753354942637024,1006.7084919597016,False,settled
b,yellow_ramp,ramp,0.0,0.7,0.0,0.3292176386416251,1071.901556349956,False,settled
b,yellow_ramp,ramp,0.0,0.7,0.0,0.9921991279122979,846.2077387313605,False,settled
b,yellow_ramp,ramp,0.0,0.7,0.0,0.37089007780181,1047.0653087234577,False,settled
b,yellow_ramp,ramp,0.0,0.7,0.0,1.0474576832897327,836.9403138026584,False,settled
b,yellow_ramp,ramp,0.0,0.7,0.0,0.6258595645470357,952.418497543949,False,settled
b,yellow_ramp,ramp,0.0,0.7,0.0,0.670922415418539,941.7126757602315,False,settled
b,yellow_ramp,ramp,0.0,0.7,0.0,0.9567274097034129,854.4743080387034,False,settled
b,yellow_ramp,ramp,0.0,0.7,0.0,0.46201899088148046,1019.1338210220952,False,settled
b,yellow_ramp,ramp,0.0,0.7,0.0,0.6647943708686332,946.6198436904152,False,settled
b,yellow_ramp,ramp,0.0,0.7,0.0,1.058320356468935,831.9308557313603,False,settled
b,yellow_ramp,ramp,0.0,0.7,0.0,0.5210478643170471,988.3802229718631,False,settled
b,yellow_ramp,ramp,0.0,0.7,0.0,0.8012580045288773,902.0502960210836,False,settled
b,yellow_ramp,ramp,0.0,0.7,0.0,0.6383804966185276,951.1334815500694,False,settled
b,yellow_ramp,ramp,0.0,0.7,0.0,0.3446953071446207,1053.7735292544382,False,settled
b,yellow_ramp,ramp,0.0,0.7,0.0,0.3618714271488861,1054.1186345192386,False,settled
b,yellow_ramp,ramp,0.0,0.7,0.0,1.0497046179236946,836.2383549897706,False,settled
b,yellow_ramp,ramp,0.0,0.7,0.0,0.27026294492943614,1088.6384789717722,False,settled
b,yellow_ramp,ramp,0.0,0.7,0.0,0.22258557603947088,1106.2081153000943,False,settled
b,yellow_ramp,ramp,0.0,0.7,0.0,0.3101646774053369,1067.1198088679228,False,settled
b,yellow_ramp,ramp,0.0,0.7,0.0,0.6064768747114834,965.5333661690682,False,settled
b,yellow_ramp,ramp,0.0,0.7,0.0,0.8990712164063875,874.3083524895401,False,settled
b,yellow_ramp,ramp,0.0,0.7,0.0,0.24808514090476608,1107.14746479995,False,settled
b,yellow_ramp,ramp,0.0,0.7,0.0,0.6240005820851526,953.9071207737759,False,settled
b,yellow_ramp,ramp,0.0,0.7,0.0,1.097839442061336,825.8973429749764,False,settled
b,yellow_ramp,ramp,0.0,0.7,0.0,1.0043573033362785,844.6242577325798,False,settled
b,yellow_ramp,ramp,0.0,0.7,0.0,0.25886619932171595,1095.1187880460564,False,settled
b,yellow_ramp,ramp,0.0,0.7,0.0,0.5140881881347704,993.4753872981394,False,settled
b,yellow_ramp,ramp,0.0,0.7,0.0,0.25888111903975164,1095.1418775741756,False,settled
b,yellow_ramp,ramp,0.0,0.7,0.0,0.3902161176815175,1035.7109325858737,False,settled
b,yellow_ramp,ramp,0.0,0.7,0.0,0.4422650438141782,1016.1842244720738,False,settled
b,yellow_ramp,ramp,0.0,0.7,0.0,0.7354993536704867,918.1731638688252,False,settled
b,yellow_ramp,ramp,0.0,0.7,0.0,0.26688428764279626,1097.936182247118,False,settled
b,yellow_ramp,ramp,0.0,0.7,0.0,0.863215017668933,881.5342165905056,False,settled
b,yellow_ramp,ramp,0.0,0.7,0.0,0.370154861061749,1047.640245476361,False,settled
b,yellow_ramp,ramp,0.0,0.7,0.0,0.23964930217856817,1109.4061873828,False,settled
b,yellow_ramp,ramp,0.0,0.7,0.0,0.7421614573884716,920.0251423314087,False,settled
b,yellow_ramp,ramp,0.0,0.7,0.0,0.6303090954244643,957.6558387491237,False,settled
b,yellow_ramp,ramp,0.0,0.7,0.0,0.8607599801744318,883.6520966876509,False,settled
b,yellow_ramp,ramp,0.0,0.7,0.0,0.4569845303572187,1020.0800025242701,False,settled
b,yellow_ramp,ramp,0.0,0.7,0.0,0.686321553777383,935.9927099852075,False,settled
b,yellow_ramp,ramp,0.0,0.7,0.0,1.0606320241166112,832.2905414430413,False,settled
b,yellow_ramp,ramp,0.0,0.7,0.0,0.6569995962407745,944.6339625417768,False,settled
b,yellow_ramp,ramp,0.0,0.7,0.0,0.311909397883395,1065.8869088209083,False,settled
b,yellow_ramp,ramp,0.0,0.7,0.0,0.3011589501876245,1073.7894430755605,False,settled
b,yellow_ramp,ramp,0.0,0.7,0.0,0.33535587714257176,1057.2561342883084,False,settled
b,yellow_ramp,ramp,0.0,0.7,0.0,0.4165280554539173,1036.4749032263994,False,settled
b,yellow_ramp,ramp,0.0,0.7,0.0,0.7401553587036265,921.7683546319257,False,settled
b,yellow_ramp,ramp,0.0,0.7,0.0,0.46153090759174303,1019.2255246156369,False,settled
b,yellow_ramp,ramp,0.0,0.7,0.0,0.8160477597811524,895.1371621176768,False,settled
b,yellow_ramp,ramp,0.0,0.7,0.0,0.844267573450398,889.7677842227858,False,settled
b,yellow_ramp,ramp,0.0,0.7,0.0,0.7832953381559606,904.7101529139271,False,settled
b,yellow_ramp,ramp,0.0,0.7,0.0,0.33087901355347793,1071.682788702377,False,settled
b,yellow_ramp,ramp,0.0,0.7,0.0,1.1218801590611462,819.3783506835441,False,settled
b,yellow_ramp,ramp,0.0,0.7,0.0,0.5953502975387273,968.4751539027098,False,settled
b,yellow_ramp,ramp,0.0,0.7,0.0,0.8888134278346849,873.7459516162315,False,settled
b,yellow_ramp,ramp,0.0,0.7,0.0,0.5587323456448728,978.1605628596785,False,settled
b,yellow_ramp,ramp,0.0,0.7,0.0,1.0484212558043235,836.8846019694648,False,settled
b,yellow_ramp,ramp,0.0,0.7,0.0,0.5595005077413718,977.8015997401611,False,settled
b,yellow_ramp,ramp,0.0,0.7,0.0,0.33726089616778215,1057.027658558006,False,settled
b,yellow_ramp,ramp,0.0,0.7,0.0,0.34432212383755545,1054.0627252132017,False,settled
b,yellow_ramp,ramp,0.0,0.7,0.0,0.9943980100853789,847.8838107054455,False,settled
b,yellow_ramp,ramp,0.0,0.7,0.0,0.6280018195895897,959.6045691901343,False,settled
b,yellow_ramp,ramp,0.0,0.7,0.0,0.38329447922873716,1050.4480797773351,False,settled
b,yellow_ramp,ramp,0.0,0.7,0.0,0.6256016388559681,952.6232159366764,False,settled
b,yellow_ramp,ramp,0.0,0.7,0.0,1.1463938788369268,812.9168394881982,False,settled
b,yellow_ramp,ramp,0.0,0.7,0.0,0.45284163327446936,1020.8585946532006,False,settled
b,yellow_ramp,ramp,0.0,0.7,0.0,0.4956472927120623,997.2782622813318,False,settled
b,yellow_ramp,ramp,0.0,0.7,0.0,0.4983947280215775,1006.009190808725,False,settled
b,yellow_ramp,ramp,0.0,0.7,0.0,1.0728236220456282,831.8269089689575,False,settled
b,yellow_ramp,ramp,0.0,0.7,0.0,0.989398610166248,849.4198175492764,False,settled
b,yellow_ramp,ramp,0.0,0.7,0.0,0.6586366914912654,943.1683328772868,False,settled
b,yellow_ramp,ramp,0.0,0.7,0.0,0.5186001499182925,990.2046424271853,False,settled
b,yellow_ramp,ramp,0.0,0.7,0.0,0.444950133600654,1026.2706369839013,False,settled
b,yellow_ramp,ramp,0.0,0.7,0.0,0.4461803432385469,1025.2947688457132,False,settled
b,yellow_ramp,ramp,0.0,0.7,0.0,0.7078640618189593,934.0762866859155,False,settled
b,yellow_ramp,ramp,0.0,0.7,0.0,1.162381525949896,809.7587443499663,False,settled
b,yellow_ramp,ramp,0.0,0.7,0.0,0.38661389977542826,1049.1586933713074,False,settled
b,yellow_ramp,ramp,0.0,0.7,0.0,0.7099151893351309,932.2789817286308,False,settled
b,yellow_ramp,ramp,0.0,0.7,0.0,1.1667442883351857,807.5356672668835,False,settled
b,yellow_ramp,ramp,0.0,0.7,0.0,0.8229137249482428,895.309005013247,False,settled
b,yellow_ramp,ramp,0.0,0.7,0.0,0.27013253821842254,1088.511386152773,False,settled
b,yellow_ramp,ramp,0.0,0.7,0.0,0.8883313889933688,874.2261517041018,False,settled
b,yellow_ramp,ramp,0.0,0.7,0.0,0.3253077996201934,1072.4172409262035,False,settled
b,yellow_ramp,ramp,0.0,0.7,0.0,0.7424627567703886,919.763316779813,False,settled
b,yellow_ramp,ramp,0.0,0.7,0.0,0.22981447513701495,1106.2266980364684,False,settled
b,yellow_ramp,ramp,0.0,0.7,0.0,0.49971464246473496,1004.937262455455,False,settled
b,yellow_ramp,ramp,0.0,0.7,0.0,0.40833780329580155,1030.3139664364144,False,settled
b,yellow_ramp,ramp,0.0,0.7,0.0,0.5558397398213505,980.5257722747052,False,settled
b,yellow_ramp,ramp,0.0,0.7,0.0,0.7020146173852096,931.245056423278,False,settled
b,yellow_ramp,ramp,0.0,0.7,0.0,1.1826659720999468,804.4573900907934,False,settled
b,yellow_ramp,ramp,0.0,0.7,0.0,0.8302169654831049,895.0069062816862,False,settled
b,yellow_ramp,ramp,0.0,0.7,0.0,0.6633636283255152,947.822582146456,False,settled
b,yellow_ramp,ramp,0.0,0.7,0.0,0.8254375307763825,892.9882514402545,False,settled
b,yellow_ramp,ramp,0.0,0.7,0.0,0.5824835023982995,969.3673178295741,False,settled
b,yellow_ramp,ramp,0.0,0.7,0.0,0.6212815734458371,956.2388602411211,False,settled
b,yellow_ramp,ramp,0.0,0.7,0.0,1.1249001376802996,819.6099221876078,False,settled
b,yellow_ramp,ramp,0.0,0.7,0.0,1.0619730840396113,833.8225845016327,False,settled
b,yellow_ramp,ramp,0.0,0.7,0.0,1.0432447814887769,838.9188490984163,False,settled
b,yellow_ramp,ramp,0.0,0.7,0.0,0.7113320823131791,931.2874191060159,False,settled
b,yellow_ramp,ramp,0.0,0.7,0.0,1.2042832710146962,799.1324005634549,False,settled
b,yellow_ramp,ramp,0.0,0.7,0.0,0.36328881762372944,1053.010305986906,False,settled
b,yellow_ramp,ramp,0.0,0.7,0.0,0.5931381187161131,970.2862242443776,False,settled
b,yellow_ramp,ramp,0.0,0.7,0.0,0.8636056938911206,881.1559515262052,False,settled
b,yellow_ramp,ramp,0.0,0.7,0.0,0.583879405872723,968.2460459678799,False,settled
b,yellow_ramp,ramp,0.0,0.7,0.0,0.6397792032821721,950.0524947542875,False,settled
b,yellow_ramp,ramp,0.0,0.7,0.0,0.5365438188695132,984.7158228809693,False,settled
b,yellow_ramp,ramp,0.0,0.7,0.0,0.7932136668346256,902.573605650895,False,settled
b,yellow_ramp,ramp,0.0,0.7,0.0,0.6731494781079516,939.8505220196997,False,settled
b,yellow_ramp,ramp,0.0,0.7,0.0,0.4300009932082477,1025.7170466118707,False,settled
b,yellow_ramp,ramp,0.0,0.7,0.0,1.1852511555250698,803.8184756306975,False,settled
b,yellow_ramp,ramp,0.0,0.7,0.0,0.4804509583024984,1009.0491397929875,False,settled
b,yellow_ramp,ramp,0.0,0.7,0.0,0.22087727869401086,1104.8370561068932,False,settled
b,yellow_ramp,ramp,0.0,0.7,0.0,0.24239565315096787,1104.8523749828403,False,settled
b,yellow_ramp,ramp,0.0,0.7,0.0,0.25230208976491925,1099.6779572702187,False,settled
b,yellow_ramp,ramp,0.0,0.7,0.0,0.2964514238245026,1076.7598543127774,False,settled
b,yellow_ramp,ramp,0.0,0.7,0.0,0.4168191332001579,1036.2413973567125,False,settled
b,yellow_ramp,ramp,0.0,0.7,0.0,0.3762084489930399,1042.9378506237888,False,settled
b,yellow_ramp,ramp,0.0,0.7,0.0,0.7395398376816154,922.303390832678,False,settled
b,yellow_ramp,ramp,0.0,0.7,0.0,0.23538580378332327,1103.2471296220824,False,settled
b,yellow_ramp,ramp,0.0,0.7,0.0,0.6101645572218876,964.6032805925907,False,settled
b,yellow_ramp,ramp,0.0,0.7,0.0,0.8787842775966087,877.7300646470769,False,settled
b,yellow_ramp,ramp,0.0,0.7,0.0,0.28969790685500313,1076.5816535251527,False,settled
b,yellow_ramp,ramp,0.0,0.7,0.0,1.0191817279527546,843.5248022599417,False,settled
b,yellow_ramp,ramp,0.0,0.7,0.0,0.9080276549730039,870.6091144740028,False,settled
b,yellow_ramp,ramp,0.0,0.7,0.0,0.23630825003431893,1107.9344769075785,False,settled
b,yellow_ramp,ramp,0.0,0.7,0.0,0.37339926478010094,1045.117909432168,False,settled
b,yellow_ramp,ramp,0.0,0.7,0.0,0.7732246136424396,906.6185759219817,False,settled
b,yellow_ramp,ramp,0.0,0.7,0.0,0.582244416547222,969.4670581606633,False,settled
b,yellow_ramp,ramp,0.0,0.7,0.0,0.6922091280550096,931.535647789135,False,settled
b,yellow_ramp,ramp,0.0,0.7,0.0,0.2616034288733058,1094.833165877377,False,settled
b,yellow_ramp,ramp,0.0,0.7,0.0,0.35991198081511616,1055.643514719807,False,settled
b,yellow_ramp,ramp,0.0,0.7,0.0,0.26230548538406245,1096.29134996377,False,settled
b,yellow_ramp,ramp,0.0,0.7,0.0,0.3788141471640256,1040.9334126823258,False,settled
b,yellow_ramp,ramp,0.0,0.7,0.0,0.4588292592450804,1019.7333452348175,False,settled
b,yellow_ramp,ramp,0.0,0.7,0.0,0.4280619480822955,1027.2613348001717,False,settled
b,yellow_ramp,ramp,0.0,0.7,0.0,0.2868637449536853,1077.987680339023,False,settled
b,yellow_ramp,ramp,0.0,0.7,0.0,0.42655697317660474,1028.4597874716853,False,settled
b,yellow_ramp,ramp,0.0,0.7,0.0,0.6279582506058488,959.6413660842628,False,settled
b,yellow_ramp,ramp,0.0,0.7,0.0,0.981974562262982,849.1907226776661,False,settled
b,yellow_ramp,ramp,0.0,0.7,0.0,0.3749095562796873,1043.9458243845518,False,settled
b,yellow_ramp,ramp,0.0,0.7,0.0,0.545315014519417,989.166853193754,False,settled
b,yellow_ramp,ramp,0.0,0.7,0.0,0.5499303644593815,985.3604744279395,False,settled
b,yellow_ramp,ramp,0.0,0.7,0.0,0.6236137132903118,954.2285884542921,False,settled
b,yellow_ramp,ramp,0.0,0.7,0.0,0.2762429950129717,1089.539551220259,False,settled
b,yellow_ramp,ramp,0.0,0.7,0.0,0.5336925539685002,985.2334363537726,False,settled
b,yellow_ramp,ramp,0.0,0.7,0.0,0.6012681135902842,966.8636400935704,False,settled
b,yellow_ramp,ramp,0.0,0.7,0.0,0.24463423919144253,1097.263082611147,False,settled
b,yellow_ramp,ramp,0.0,0.7,0.0,0.3877404668031616,1036.188742067659,False,settled
b,yellow_ramp,ramp,0.0,0.7,0.0,0.8616739074063212,882.7600658056004,False,settled
b,yellow_ramp,ramp,0.0,0.7,0.0,0.7012326793239015,931.9200373799208,False,settled
b,yellow_ramp,ramp,0.0,0.7,0.0,0.3155328282112946,1077.1697532594255,False,settled
b,yellow_ramp,ramp,0.0,0.7,0.0,0.24502582175064183,1098.5526030720578,False,settled
b,yellow_ramp,ramp,0.0,0.7,0.0,0.48137290036323666,1008.3077027475765,False,settled
b,yellow_ramp,ramp,0.0,0.7,0.0,0.26542656718331314,1085.8112604502116,False,settled
b,yellow_ramp,ramp,0.0,0.7,0.0,0.6052147953414327,965.8540166254875,False,settled
b,yellow_ramp,ramp,0.0,0.7,0.0,0.45386690930322343,1020.6654528612253,False,settled
b,yellow_ramp,ramp,0.0,0.7,0.0,0.7028455424853874,930.5277342533648,False,settled
b,yellow_ramp,ramp,0.0,0.7,0.0,0.7301504296242415,922.7365649192362,False,settled
b,yellow_ramp,ramp,0.0,0.7,0.0,0.4148141170992009,1037.6015085672993,False,settled
b,yellow_ramp,ramp,0.0,0.7,0.0,0.809494410651025,901.1637449511431,False,settled
b,yellow_ramp,ramp,0.0,0.7,0.0,0.7057787115235094,928.0135194226559,False,settled
b,yellow_ramp,ramp,0.0,0.7,0.0,0.4332528181919431,1023.1437707869547,False,settled
b,yellow_ramp,ramp,0.0,0.7,0.0,0.7327203908172957,920.574110386392,False,settled
b,yellow_ramp,ramp,0.0,0.7,0.0,0.8353814752512044,890.1467742189699,False,settled
b,yellow_ramp,ramp,0.0,0.7,0.0,0.8641224859938977,880.655694264181,False,settled
b,yellow_ramp,ramp,0.0,0.7,0.0,0.7648380393023368,912.9118598290106,False,settled
b,yellow_ramp,ramp,0.0,0.7,0.0,0.49361331877600917,998.7967129646033,False,settled
b,yellow_ramp,ramp,0.0,0.7,0.0,0.8816554951300508,875.2088403566722,False,settled
b,yellow_ramp,ramp,0.0,0.7,0.0,0.6517930368788631,948.8851346015722,False,settled
b,yellow_ramp,ramp,0.0,0.7,0.0,1.0650018647959736,832.8058310359584,False,settled
b,yellow_ramp,ramp,0.0,0.7,0.0,0.3281203094495353,1072.0462733912414,False,settled
b,yellow_ramp,ramp,0.0,0.7,0.0,0.9557181528882731,855.4725297146653,False,settled
b,yellow_ramp,ramp,0.0,0.7,0.0,0.2593574228361435,1095.0429143375761,False,settled
b,yellow_ramp,ramp,0.0,0.7,0.0,0.3392077096848728,1056.877718699613,False,settled
b,yellow_ramp,ramp,0.0,0.7,0.0,0.6467003849876399,952.9407235580733,False,settled
b,yellow_ramp,ramp,0.0,0.7,0.0,0.5858248629700303,966.6252705052452,False,settled
b,yellow_ramp,ramp,0.0,0.7,0.0,0.6801421801800763,937.7976818726014,False,settled
b,yellow_ramp,ramp,0.0,0.7,0.0,0.32071567267277196,1073.6003594382898,False,settled
b,yellow_ramp,ramp,0.0,0.7,0.0,1.2048922302111704,798.8399962198397,False,settled
b,yellow_ramp,ramp,0.0,0.7,0.0,0.35065549333350177,1062.7023234677927,False,settled
b,yellow_ramp,ramp,0.0,0.7,0.0,0.6006268637491402,967.0276817596525,False,settled
b,yellow_ramp,ramp,0.0,0.7,0.0,0.6316913840050028,956.4884802069427,False,settled
b,yellow_ramp,ramp,0.0,0.7,0.0,0.959789562082462,855.7464943616235,False,settled
b,yellow_ramp,ramp,0.0,0.7,0.0,0.4145556737455131,1037.808712441951,False,settled
b,yellow_ramp,ramp,0.0,0.7,0.0,0.8505983522672663,887.1023114916846,False,settled
b,yellow_ramp,ramp,0.0,0.7,0.0,0.8702902225689565,880.2787341518223,False,settled
b,yellow_ramp,ramp,0.0,0.7,0.0,1.0728875084327767,831.7269459658256,False,settled
b,yellow_ramp,ramp,0.0,0.7,0.0,0.6051349785413432,965.874435013512,False,settled
b,yellow_ramp,ramp,0.0,0.7,0.0,0.5746014046191341,975.3898189475422,False,settled
b,yellow_ramp,ramp,0.0,0.7,0.0,1.190866175841673,801.9720082162423,False,settled
b,yellow_ramp,ramp,0.0,0.7,0.0,0.2842242146109981,1081.3916453679683,False,settled
b,yellow_ramp,ramp,0.0,0.7,0.0,0.49888190543896976,1005.6135745630863,False,settled
b,yellow_ramp,ramp,0.0,0.7,0.0,0.8567849526522072,887.5406016725735,False,settled
b,yellow_ramp,ramp,0.0,0.7,0.0,0.5647614558615209,973.5532827855845,False,settled
b,yellow_ramp,ramp,0.0,0.7,0.0,0.9756022684919649,851.9407869705625,False,settled
b,yellow_ramp,ramp,0.0,0.7,0.0,0.24926704924790538,1094.185265141578,False,settled
b,yellow_ramp,ramp,0.0,0.7,0.0,1.1052740706973327,823.0160354592676,False,settled
b,yellow_ramp,ramp,0.0,0.7,0.0,1.0519270151449247,835.8243684288549,False,settled
b,yellow_ramp,ramp,0.0,0.7,0.0,0.44643715791142696,1025.0911202128157,False,settled
b,yellow_ramp,ramp,0.0,0.7,0.0,0.5599878123316699,977.4057915815544,False,settled
b,yellow_ramp,ramp,0.0,0.7,0.0,0.3172993443309609,1075.7773177861318,False,settled
b,yellow_ramp,ramp,0.0,0.7,0.0,0.9906452233566426,847.9498464798891,False,settled
b,yellow_ramp,ramp,0.0,0.7,0.0,0.3518324979990543,1061.7653212182947,False,settled
b,yellow_ramp,ramp,0.0,0.7,0.0,1.0535889830432463,835.9231549760075,False,settled
b,yellow_ramp,ramp,0.0,0.7,0.0,0.8495488250342969,887.5439835972184,False,settled
b,yellow_ramp,ramp,0.0,0.7,0.0,0.26667450893122085,1098.082246530983,False,settled
b,yellow_ramp,ramp,0.0,0.7,0.0,1.1662218536388782,808.0822544384052,False,settled
b,yellow_ramp,ramp,0.0,0.7,0.0,0.7329108776143483,920.407131973541,False,settled
b,yellow_ramp,ramp,0.0,0.7,0.0,0.7914470000381802,904.1893604564818,False,settled
b,yellow_ramp,ramp,0.0,0.7,0.0,0.9493610375232568,857.6450305495862,False,settled
b,yellow_ramp,ramp,0.0,0.7,0.0,0.6965265812778736,935.7541216173989,False,settled
b,yellow_ramp,ramp,0.0,0.7,0.0,0.3248386347707495,1072.4791110310543,False,settled
b,yellow_ramp,ramp,0.0,0.7,0.0,0.34605705326458763,1052.728404408396,False,settled
b,yellow_ramp,ramp,0.0,0.7,0.0,0.5697131718402709,979.425419523558,False,settled
b,yellow_ramp,ramp,0.0,0.7,0.0,0.5038375216061043,1001.5898054312288,False,settled
b,yellow_ramp,ramp,0.0,0.7,0.0,0.41682881501668545,1036.2336304024673,False,settled
b,yellow_ramp,ramp,0.0,0.7,0.0,0.24010616940731497,1095.9302462235767,False,settled
b,yellow_ramp,ramp,0.0,0.7,0.0,0.6403201993668698,949.5988648639816,False,settled
b,yellow_ramp,ramp,0.0,0.7,0.0,0.4211412188112809,1032.7736746656076,False,settled
b,yellow_ramp,ramp,0.0,0.7,0.0,0.5734851794352431,976.311245252938,False,settled
b,yellow_ramp,ramp,0.0,0.7,0.0,0.7777751828887745,909.6378629599152,False,settled
b,yellow_ramp,ramp,0.0,0.7,0.0,0.35776702561511053,1057.329695190253,False,settled
b,yellow_ramp,ramp,0.0,0.7,0.0,1.018375998762994,844.561151016198,False,settled
b,yellow_ramp,ramp,0.0,0.7,0.0,0.6026013234540204,966.5225841442121,False,settled
b,yellow_ramp,ramp,0.0,0.7,0.0,0.7375151128345677,924.0633281781345,False,settled
b,yellow_ramp,ramp,0.0,0.7,0.0,0.3022416140284637,1073.0238163221059,False,settled
b,yellow_ramp,ramp,0.0,0.7,0.0,0.22308043708359895,1106.747761473966,False,settled
b,yellow_ramp,ramp,0.0,0.7,0.0,0.8231600458160543,895.0826857247201,False,settled
b,yellow_ramp,ramp,0.0,0.7,0.0,0.36252773846221403,1053.6054787242495,False,settled
b,yellow_ramp,ramp,0.0,0.7,0.0,0.8482806985516531,888.0774357463637,False,settled
b,yellow_ramp,ramp,0.0,0.7,0.0,0.531465124729121,985.6982843523216,False,settled
b,yellow_ramp,ramp,0.0,0.7,0.0,0.9830533261755069,847.9275255377406,False,settled
b,yellow_ramp,ramp,0.0,0.7,0.0,0.4007350635201892,1034.142311716529,False,settled
b,yellow_ramp,ramp,0.0,0.7,0.0,0.7131692343429619,929.6758357439841,False,settled
b,yellow_ramp,ramp,0.0,0.7,0.0,0.6735238281146698,939.7406005154694,False,settled
b,yellow_ramp,ramp,0.0,0.7,0.0,0.8309342281115139,894.3299318941396,False,settled
b,yellow_ramp,ramp,0.0,0.7,0.0,0.60808391227491,965.1280654309293,False,settled
b,yellow_ramp,ramp,0.0,0.7,0.0,0.5604011704409968,977.0700345287783,False,settled
b,yellow_ramp,ramp,0.0,0.7,0.0,0.8882859584204414,874.2717609752293,False,settled
b,yellow_ramp,ramp,0.0,0.7,0.0,0.5610239482414425,976.6568096530129,False,settled
b,yellow_ramp,ramp,0.0,0.7,0.0,0.7971232227424283,905.8838640585309,False,settled
