trial,element,model,block_noise_sd,ramp_noise_sd,block_noise_up,ramp_noise_up,final_position_up,ramp_valid,up_stop_reason
b,blue_ramp,ramp,0.0,1.5,0.0,1.544171276898059,829.6776071466052,False,settled
b,blue_ramp,ramp,0.0,1.5,0.0,1.1379418975920053,942.1192798642323,False,settled
b,blue_ramp,ramp,0.0,1.5,0.0,1.189900258072971,929.3184053989025,False,settled
b,blue_ramp,ramp,0.0,1.5,0.0,1.1293484094485455,949.1601094454863,False,settled
b,blue_ramp,ramp,0.0,1.5,0.0,1.0974861831879008,957.9285393620748,False,settled
b,blue_ramp,ramp,0.0,1.5,0.0,0.9761584208999211,997.7609272762423,False,settled
b,blue_ramp,ramp,0.0,1.5,0.0,1.1753162640794368,926.3108883334511,False,settled
b,blue_ramp,ramp,0.0,1.5,0.0,1.029238301191961,976.0764809256775,False,settled
b,blue_ramp,ramp,0.0,1.5,0.0,1.665864222864445,799.5310182703394,False,settled
b,blue_ramp,ramp,0.0,1.5,0.0,1.1506142842469815,936.9254736291118,False,settled
b,blue_ramp,ramp,0.0,1.5,0.0,1.4979615172468685,842.5354219976887,False,settled
b,blue_ramp,ramp,0.0,1.5,0.0,1.5759386481732887,822.453397152363,False,settled
b,blue_ramp,ramp,0.0,1.5,0.0,1.0489631388075016,970.0947956068658,False,settled
b,blue_ramp,ramp,0.0,1.5,0.0,0.9907759924477162,987.5241248329897,False,settled
b,blue_ramp,ramp,0.0,1.5,0.0,1.5647490735568417,824.6940220226036,False,settled
b,blue_ramp,ramp,0.0,1.5,0.0,0.8848544000546892,1035.8118193328053,False,settled
b,blue_ramp,ramp,0.0,1.5,0.0,1.3814324574343915,870.032431616209,False,settled
b,blue_ramp,ramp,0.0,1.5,0.0,0.9836993184777003,991.8106622046838,False,settled
b,blue_ramp,ramp,0.0,1.5,0.0,1.1032962080685729,953.3004851678958,False,settled
b,blue_ramp,ramp,0.0,1.5,0.0,0.924828461217502,1020.0153719895027,False,settled
b,blue_ramp,ramp,0.0,1.5,0.0,1.3376653584988754,880.4013575453516,False,settled
b,blue_ramp,ramp,0.0,1.5,0.0,1.2940725620311575,892.0289429273824,False,settled
b,blue_ramp,ramp,0.0,1.5,0.0,1.0147881697206698,987.5394244625112,False,settled
b,blue_ramp,ramp,0.0,1.5,0.0,1.5395576426315274,831.8189703029572,False,settled
b,blue_ramp,ramp,0.0,1.5,0.0,1.3172922684801893,887.4415760711379,False,settled
b,blue_ramp,ramp,0.0,1.5,0.0,1.5620863384190242,825.7960120253199,False,settled
b,blue_ramp,ramp,0.0,1.5,0.0,1.2284213138055442,914.2824655065269,False,settled
b,blue_ramp,ramp,0.0,1.5,0.0,1.2471507238364614,907.9247099174072,False,settled
b,blue_ramp,ramp,0.0,1.5,0.0,0.7227160144949256,1090.5824898940905,False,settled
b,blue_ramp,ramp,0.0,1.5,0.0,0.7417712521710166,1088.535940487206,False,settled
b,blue_ramp,ramp,0.0,1.5,0.0,1.1848892781521645,925.9991676337121,False,settled
b,blue_ramp,ramp,0.0,1.5,0.0,0.9641655295964452,996.4060662526025,False,settled
b,blue_ramp,ramp,0.0,1.5,0.0,0.8366870881365436,1048.3970824763194,False,settled
b,blue_ramp,ramp,0.0,1.5,0.0,1.357014819101478,873.1533030685813,False,settled
b,blue_ramp,ramp,0.0,1.5,0.0,1.3112282754758047,889.9975669669653,False,settled
b,blue_ramp,ramp,0.0,1.5,0.0,0.8214157473024823,1060.1184608829876,False,settled
b,blue_ramp,ramp,0.0,1.5,0.0,0.7703999915127195,1072.5577297387283,False,settled
b,blue_ramp,ramp,0.0,1.5,0.0,1.1920769991479399,927.6454104684796,False,settled
b,blue_ramp,ramp,0.0,1.5,0.0,1.5613000638642043,826.0122415491434,False,settled
b,blue_ramp,ramp,0.0,1.5,0.0,1.2960498536280904,890.2443409658256,False,settled
b,blue_ramp,ramp,0.0,1.5,0.0,1.232658253256838,912.7998051030405,False,settled
b,blue_ramp,ramp,0.0,1.5,0.0,1.3280270171009214,883.8794299113696,False,settled
b,blue_ramp,ramp,0.0,1.5,0.0,1.0357966586334277,980.5950931812081,False,settled
b,blue_ramp,ramp,0.0,1.5,0.0,1.0521267332021267,967.5736925748316,False,settled
b,blue_ramp,ramp,0.0,1.5,0.0,1.4209370264750976,857.9686980186236,False,settled
b,blue_ramp,ramp,0.0,1.5,0.0,0.7836646838451964,1076.6718303951068,False,settled
b,blue_ramp,ramp,0.0,1.5,0.0,0.9852636735729607,990.8629310391852,False,settled
b,blue_ramp,ramp,0.0,1.5,0.0,0.9475824737118888,1009.3454384558779,False,settled
b,blue_ramp,ramp,0.0,1.5,0.0,1.3493976090175128,880.4083603472583,False,settled
b,blue_ramp,ramp,0.0,1.5,0.0,1.3493280369767395,875.050615525982,False,settled
b,blue_ramp,ramp,0.0,1.5,0.0,1.1439255888400268,938.8886165356687,False,settled
b,blue_ramp,ramp,0.0,1.5,0.0,1.1710551436109446,929.9153185055351,False,settled
b,blue_ramp,ramp,0.0,1.5,0.0,0.7927379591193497,1072.4264702994064,False,settled
b,blue_ramp,ramp,0.0,1.5,0.0,1.0233685088840179,980.5022422681543,False,settled
b,blue_ramp,ramp,0.0,1.5,0.0,1.428082829186248,854.9513611796065,False,settled
b,blue_ramp,ramp,0.0,1.5,0.0,0.6970728674920464,1104.6637315246817,False,settled
b,blue_ramp,ramp,0.0,1.5,0.0,1.1609498811928212,938.4291265657135,False,settled
b,blue_ramp,ramp,0.0,1.5,0.0,0.9470502228519372,1009.7734125336773,False,settled
b,blue_ramp,ramp,0.0,1.5,0.0,1.3250159800732395,886.8210521849782,False,settled
b,blue_ramp,ramp,0.0,1.5,0.0,0.9975195977532239,986.0001226464354,False,settled
b,blue_ramp,ramp,0.0,1.5,0.0,1.2918671872605627,893.9733565956952,False,settled
b,blue_ramp,ramp,0.0,1.5,0.0,1.101125197386219,954.8630061111157,False,settled
b,blue_ramp,ramp,0.0,1.5,0.0,0.8589645654047664,1035.5259520234138,False,settled
b,blue_ramp,ramp,0.0,1.5,0.0,1.1892439719180576,922.3361622809655,False,settled
b,blue_ramp,ramp,0.0,1.5,0.0,1.5491884134891445,828.5921158849548,False,settled
b,blue_ramp,ramp,0.0,1.5,0.0,0.8869576270654782,1034.1245163530903,False,settled
b,blue_ramp,ramp,0.0,1.5,0.0,0.8193596309612521,1061.743732636964,False,settled
b,blue_ramp,ramp,0.0,1.5,0.0,0.955861335829635,1002.6970032864592,False,settled
b,blue_ramp,ramp,0.0,1.5,0.0,1.2604006811525212,902.8593273021428,False,settled
b,blue_ramp,ramp,0.0,1.5,0.0,0.9506108234744479,1006.9103676080919,False,settled
b,blue_ramp,ramp,0.0,1.5,0.0,1.2420084982454167,912.6242714788175,False,settled
b,blue_ramp,ramp,0.0,1.5,0.0,1.1890976479883397,922.4627610057398,False,settled
b,blue_ramp,ramp,0.0,1.5,0.0,1.6496053149076488,804.3082926511644,False,settled
b,blue_ramp,ramp,0.0,1.5,0.0,0.9212972545937245,1020.6785335134957,False,settled
b,blue_ramp,ramp,0.0,1.5,0.0,0.8713994217610224,1033.6822526040721,False,settled
b,blue_ramp,ramp,0.0,1.5,0.0,1.037558943131412,979.1398142299421,False,settled
b,blue_ramp,ramp,0.0,1.5,0.0,0.7198410380340459,1099.3499190140683,False,settled
b,blue_ramp,ramp,0.0,1.5,0.0,0.7493152386699788,1088.0351112545818,False,settled
b,blue_ramp,ramp,0.0,1.5,0.0,1.2716370049538581,899.3829525084465,False,settled
b,blue_ramp,ramp,0.0,1.5,0.0,0.9435125107832543,1012.6320143617903,False,settled
b,blue_ramp,ramp,0.0,1.5,0.0,1.678222680030363,796.4142793382966,False,settled
b,blue_ramp,ramp,0.0,1.5,0.0,1.1156938547514534,951.6702143741035,False,settled
b,blue_ramp,ramp,0.0,1.5,0.0,0.9535504342118113,1004.5473370193644,False,settled
b,blue_ramp,ramp,0.0,1.5,0.0,0.6934931873131287,1105.6552178781265,False,settled
b,blue_ramp,ramp,0.0,1.5,0.0,0.8198427919825428,1061.3616925768629,False,settled
b,blue_ramp,ramp,0.0,1.5,0.0,1.3888231476878747,867.6934497365695,False,settled
b,blue_ramp,ramp,0.0,1.5,0.0,0.9915966400557445,987.3440675163105,False,settled
b,blue_ramp,ramp,0.0,1.5,0.0,1.3086324296636096,891.1036358084144,False,settled
b,blue_ramp,ramp,0.0,1.5,0.0,1.277720866158127,900.4856153241975,False,settled
b,blue_ramp,ramp,0.0,1.5,0.0,0.7584509236839092,1076.9433360635987,False,settled
b,blue_ramp,ramp,0.0,1.5,0.0,1.6756475872358907,797.8867445373514,False,settled
b,blue_ramp,ramp,0.0,1.5,0.0,1.3298743082375655,882.0766327378975,False,settled
b,blue_ramp,ramp,0.0,1.5,0.0,1.0956337787170103,959.4931208565627,False,settled
b,blue_ramp,ramp,0.0,1.5,0.0,1.164068667579538,935.9694895343243,False,settled
b,blue_ramp,ramp,0.0,1.5,0.0,1.118361969424962,949.4161794699883,False,settled
b,blue_ramp,ramp,0.0,1.5,0.0,0.6870038381828152,1116.7563039428849,False,settled
b,blue_ramp,ramp,0.0,1.5,0.0,1.212877973950772,917.2214929178978,False,settled
b,blue_ramp,ramp,0.0,1.5,0.0,0.8712301964180618,1033.7068555779238,False,settled
b,blue_ramp,ramp,0.0,1.5,0.0,1.323916449714145,887.9033126524963,False,settled
b,blue_ramp,ramp,0.0,1.5,0.0,1.6100772176365346,814.8318676055928,False,settled
b,blue_ramp,ramp,0.0,1.5,0.0,0.8316320595298845,1052.3506973493938,False,settled
b,blue_ramp,ramp,0.0,1.5,0.0,1.5359553916050208,831.2642150426925,False,settled
b,blue_ramp,ramp,0.0,1.5,0.0,0.7482278316235048,1087.2316950769196,False,settled
b,blue_ramp,ramp,0.0,1.5,0.0,1.3882677409630115,868.2733290207125,False,settled
b,blue_ramp,ramp,0.0,1.5,0.0,0.7808481292265411,1078.8910277155321,False,settled
b,blue_ramp,ramp,0.0,1.5,0.0,0.7273112292911815,1095.8161874817054,False,settled
b,blue_ramp,ramp,0.0,1.5,0.0,0.7033577392305843,1104.2927325421806,False,settled
b,blue_ramp,ramp,0.0,1.5,0.0,0.7214896062581012,1102.7159790040903,False,settled
b,blue_ramp,ramp,0.0,1.5,0.0,0.7016310711620575,1108.683573436844,False,settled
b,blue_ramp,ramp,0.0,1.5,0.0,1.1737706039839997,927.5932124492697,False,settled
b,blue_ramp,ramp,0.0,1.5,0.0,1.4623210447999297,847.3784756846027,False,settled
b,blue_ramp,ramp,0.0,1.5,0.0,1.2337188003277444,912.4286804436213,False,settled
b,blue_ramp,ramp,0.0,1.5,0.0,0.8549936227498162,1036.15183724705,False,settled
b,blue_ramp,ramp,0.0,1.5,0.0,0.8917114088013478,1030.3278067635335,False,settled
b,blue_ramp,ramp,0.0,1.5,0.0,1.6220977627677708,810.6044750486341,False,settled
b,blue_ramp,ramp,0.0,1.5,0.0,1.1453832464626137,938.4605996288686,False,settled
b,blue_ramp,ramp,0.0,1.5,0.0,1.6735530963863985,798.5869459686966,False,settled
b,blue_ramp,ramp,0.0,1.5,0.0,0.9316714248285072,1018.7294087281037,False,settled
b,blue_ramp,ramp,0.0,1.5,0.0,1.247890438106416,907.2541852281703,False,settled
b,blue_ramp,ramp,0.0,1.5,0.0,0.7359096697176724,1086.8134760361004,False,settled
b,blue_ramp,ramp,0.0,1.5,0.0,1.435484966952723,851.448600982883,False,settled
b,blue_ramp,ramp,0.0,1.5,0.0,1.187633869014339,923.6292157574125,False,settled
b,blue_ramp,ramp,0.0,1.5,0.0,0.9163148084762534,1023.2058713249319,False,settled
b,blue_ramp,ramp,0.0,1.5,0.0,1.586172510679763,819.3191706671458,False,settled
b,blue_ramp,ramp,0.0,1.5,0.0,0.7455203970381955,1084.092927079219,False,settled
b,blue_ramp,ramp,0.0,1.5,0.0,1.4307386375917939,856.3936969485117,False,settled
b,blue_ramp,ramp,0.0,1.5,0.0,1.5475395501937217,828.9351521785329,False,settled
b,blue_ramp,ramp,0.0,1.5,0.0,0.9167413468649571,1022.8677017490397,False,settled
b,blue_ramp,ramp,0.0,1.5,0.0,1.2528551549433868,902.8918747063018,False,settled
b,blue_ramp,ramp,0.0,1.5,0.0,0.7219345741031695,1103.7019093502854,False,settled
b,blue_ramp,ramp,0.0,1.5,0.0,1.3576579299450797,877.7838545876915,False,settled
b,blue_ramp,ramp,0.0,1.5,0.0,1.3374472165280058,880.6155796403992,False,settled
b,blue_ramp,ramp,0.0,1.5,0.0,0.852128908037322,1049.4816220909693,False,settled
b,blue_ramp,ramp,0.0,1.5,0.0,0.7649291148877817,1076.1682432677972,False,settled
b,blue_ramp,ramp,0.0,1.5,0.0,1.637161865341369,807.0666085150112,False,settled
b,blue_ramp,ramp,0.0,1.5,0.0,1.530946958277012,831.8638668403185,False,settled
b,blue_ramp,ramp,0.0,1.5,0.0,1.6892687912973754,791.0256421186418,False,settled
b,blue_ramp,ramp,0.0,1.5,0.0,1.3481314633707078,876.1812399447615,False,settled
b,blue_ramp,ramp,0.0,1.5,0.0,0.9012892775139381,1022.7196613168408,False,settled
b,blue_ramp,ramp,0.0,1.5,0.0,1.1196058500824986,948.6206062875943,False,settled
b,blue_ramp,ramp,0.0,1.5,0.0,0.9005008186237619,1023.3429979399829,False,settled
b,blue_ramp,ramp,0.0,1.5,0.0,0.9961457974653812,986.2904907956654,False,settled
b,blue_ramp,ramp,0.0,1.5,0.0,1.364986149866102,870.6931328443508,False,settled
b,blue_ramp,ramp,0.0,1.5,0.0,0.725864327388825,1094.298831250842,False,settled
b,blue_ramp,ramp,0.0,1.5,0.0,1.5342638972083136,832.5899413056806,False,settled
b,blue_ramp,ramp,0.0,1.5,0.0,1.624733402937537,810.1678656939869,False,settled
b,blue_ramp,ramp,0.0,1.5,0.0,1.4768094532672271,847.5516900958016,False,settled
b,blue_ramp,ramp,0.0,1.5,0.0,0.9818398862116177,993.2758687806207,False,settled
b,blue_ramp,ramp,0.0,1.5,0.0,0.8080756323896571,1056.7199126220553,False,settled
b,blue_ramp,ramp,0.0,1.5,0.0,0.8796675051807061,1027.2494904386438,False,settled
b,blue_ramp,ramp,0.0,1.5,0.0,0.7964257203690691,1071.9400074918585,False,settled
b,blue_ramp,ramp,0.0,1.5,0.0,0.7832125048526004,1077.028171284222,False,settled
b,blue_ramp,ramp,0.0,1.5,0.0,1.0887979478778544,956.2252492838784,False,settled
b,blue_ramp,ramp,0.0,1.5,0.0,1.4337658866787337,853.3382511468998,False,settled
b,blue_ramp,ramp,0.0,1.5,0.0,1.1463263324673845,938.1838369745611,False,settled
b,blue_ramp,ramp,0.0,1.5,0.0,1.0036600402918738,984.7958875222932,False,settled
b,blue_ramp,ramp,0.0,1.5,0.0,1.111523178448147,955.2211326102375,False,settled
b,blue_ramp,ramp,0.0,1.5,0.0,1.1289601938928429,941.0044939118426,False,settled
b,blue_ramp,ramp,0.0,1.5,0.0,1.0895530163279168,955.5976058591301,False,settled
b,blue_ramp,ramp,0.0,1.5,0.0,0.7135309474972671,1100.4757193018604,False,settled
b,blue_ramp,ramp,0.0,1.5,0.0,1.344207215455039,879.7994943287941,False,settled
b,blue_ramp,ramp,0.0,1.5,0.0,1.2568340734903725,906.1344955750928,False,settled
b,blue_ramp,ramp,0.0,1.5,0.0,0.8117225982276314,1054.139805591332,False,settled
b,blue_ramp,ramp,0.0,1.5,0.0,0.7211949474664506,1103.0345626698293,False,settled
b,blue_ramp,ramp,0.0,1.5,0.0,1.2855738275129616,893.3044840022739,False,settled
b,blue_ramp,ramp,0.0,1.5,0.0,0.8407932509656276,1045.2001849399103,False,settled
b,blue_ramp,ramp,0.0,1.5,0.0,0.7578260611411879,1076.638238698395,False,settled
b,blue_ramp,ramp,0.0,1.5,0.0,0.9295923797107377,1019.120032338003,False,settled
b,blue_ramp,ramp,0.0,1.5,0.0,1.0650326313594913,967.8194688787513,False,settled
b,blue_ramp,ramp,0.0,1.5,0.0,0.8124507367016681,1053.579813579023,False,settled
b,blue_ramp,ramp,0.0,1.5,0.0,0.7301612686154481,1097.955021733025,False,settled
b,blue_ramp,ramp,0.0,1.5,0.0,1.3016981781075865,891.2591948023304,False,settled
b,blue_ramp,ramp,0.0,1.5,0.0,1.0266215968138073,977.8447743661152,False,settled
b,blue_ramp,ramp,0.0,1.5,0.0,1.1445926076269592,938.6928377140713,False,settled
b,blue_ramp,ramp,0.0,1.5,0.0,1.629009548471275,809.3567330303096,False,settled
b,blue_ramp,ramp,0.0,1.5,0.0,1.549111184100516,828.7166328298007,False,settled
b,blue_ramp,ramp,0.0,1.5,0.0,1.6077515639676276,814.2201609386302,False,settled
b,blue_ramp,ramp,0.0,1.5,0.0,1.5825889512991214,819.7827508670711,False,settled
b,blue_ramp,ramp,0.0,1.5,0.0,0.856565050505636,1035.9776221817845,False,settled
b,blue_ramp,ramp,0.0,1.5,0.0,1.04144411108591,975.9324055801967,False,settled
b,blue_ramp,ramp,0.0,1.5,0.0,1.059291665554059,971.3882166808675,False,settled
b,blue_ramp,ramp,0.0,1.5,0.0,0.8068541579273881,1056.860824360598,False,settled
b,blue_ramp,ramp,0.0,1.5,0.0,1.6656422473108976,800.6447501538405,False,settled
b,blue_ramp,ramp,0.0,1.5,0.0,1.262449345260644,901.0074108826987,False,settled
b,blue_ramp,ramp,0.0,1.5,0.0,1.6087868466530395,814.8251420279075,False,settled
b,blue_ramp,ramp,0.0,1.5,0.0,1.0303068647227018,975.1317758368823,False,settled
b,blue_ramp,ramp,0.0,1.5,0.0,1.1667774720739492,933.6118864607699,False,settled
b,blue_ramp,ramp,0.0,1.5,0.0,0.7823635486553054,1077.697069188439,False,settled
b,blue_ramp,ramp,0.0,1.5,0.0,1.1455114278148257,938.4229828979137,False,settled
b,blue_ramp,ramp,0.0,1.5,0.0,1.1613858340139793,938.0500794841123,False,settled
b,blue_ramp,ramp,0.0,1.5,0.0,0.6983354416078188,1115.0349805185515,False,settled
b,blue_ramp,ramp,0.0,1.5,0.0,1.2944598740835653,891.6008490117978,False,settled
b,blue_ramp,ramp,0.0,1.5,0.0,1.1862432061736092,924.9119144478406,False,settled
b,blue_ramp,ramp,0.0,1.5,0.0,1.2632804237019342,900.253273696812,False,settled
b,blue_ramp,ramp,0.0,1.5,0.0,1.4166204591535987,857.9076662864546,False,settled
b,blue_ramp,ramp,0.0,1.5,0.0,1.3174413377687793,887.3788681386607,False,settled
b,blue_ramp,ramp,0.0,1.5,0.0,0.8249895888262548,1057.5481061812532,False,settled
b,blue_ramp,ramp,0.0,1.5,0.0,1.679469867380015,796.7100229737097,False,settled
b,blue_ramp,ramp,0.0,1.5,0.0,1.6328172570995716,807.8971144100929,False,settled
b,blue_ramp,ramp,0.0,1.5,0.0,1.2649052339819424,905.6224027071137,False,settled
b,blue_ramp,ramp,0.0,1.5,0.0,1.0685232158319045,966.9262887487557,False,settled
b,blue_ramp,ramp,0.0,1.5,0.0,1.479965034439397,847.8863585010437,False,settled
b,blue_ramp,ramp,0.0,1.5,0.0,1.4193274857222675,859.4889858555964,False,settled
b,blue_ramp,ramp,0.0,1.5,0.0,1.0119004683064436,979.6817888886576,False,settled
b,blue_ramp,ramp,0.0,1.5,0.0,1.47471123320155,847.3424918366788,False,settled
b,blue_ramp,ramp,0.0,1.5,0.0,0.9898625182032348,987.7180295989898,False,settled
b,blue_ramp,ramp,0.0,1.5,0.0,1.2797554604600438,898.5864149645171,False,settled
b,blue_ramp,ramp,0.0,1.5,0.0,0.7658512269805309,1075.6015219889766,False,settled
b,blue_ramp,ramp,0.0,1.5,0.0,1.5554005110487366,826.7207039424388,False,settled
b,blue_ramp,ramp,0.0,1.5,0.0,1.4734725201397112,847.333957660874,False,settled
b,blue_ramp,ramp,0.0,1.5,0.0,1.463040133604006,846.5232901472845,False,settled
b,blue_ramp,ramp,0.0,1.5,0.0,1.4521106447002596,850.5836807907997,False,settled
b,blue_ramp,ramp,0.0,1.5,0.0,0.8850239494526266,1035.675809252203,False,settled
b,blue_ramp,ramp,0.0,1.5,0.0,1.2829667902867596,895.5891928766116,False,settled
b,blue_ramp,ramp,0.0,1.5,0.0,1.4492129202370343,849.4575428660992,False,settled
b,blue_ramp,ramp,0.0,1.5,0.0,0.702535910329995,1101.0866365233528,False,settled
b,blue_ramp,ramp,0.0,1.5,0.0,0.718019005550354,1097.3210577207462,False,settled
b,blue_ramp,ramp,0.0,1.5,0.0,1.073099544555042,965.7555941507063,False,settled
b,blue_ramp,ramp,0.0,1.5,0.0,1.2870056757600066,898.4218794958189,False,settled
b,blue_ramp,ramp,0.0,1.5,0.0,0.8631315794146537,1034.9778027841653,False,settled
b,blue_ramp,ramp,0.0,1.5,0.0,0.9444197344046159,1011.896803121956,False,settled
b,blue_ramp,ramp,0.0,1.5,0.0,1.1842565675955803,926.5495026286317,False,settled
b,blue_ramp,ramp,0.0,1.5,0.0,1.551860881727368,827.803697179357,False,settled
b,blue_ramp,ramp,0.0,1.5,0.0,1.1005935449335007,955.308325235775,False,settled
b,blue_ramp,ramp,0.0,1.5,0.0,0.9313571370428779,1018.7884592149733,False,settled
b,blue_ramp,ramp,0.0,1.5,0.0,1.4864317321880218,843.8437221737224,False,settled
b,blue_ramp,ramp,0.0,1.5,0.0,0.6889240096174862,1119.7192436373787,False,settled
b,blue_ramp,ramp,0.0,1.5,0.0,0.8540176506817074,1049.1742627201309,False,settled
b,blue_ramp,ramp,0.0,1.5,0.0,1.6928437776579162,790.634903592739,False,settled
b,blue_ramp,ramp,0.0,1.5,0.0,1.4895478200403556,844.0147324702635,False,settled
b,blue_ramp,ramp,0.0,1.5,0.0,1.5516652221173675,828.1200846582944,False,settled
b,blue_ramp,ramp,0.0,1.5,0.0,1.1929765929475624,926.8501740900526,False,settled
b,blue_ramp,ramp,0.0,1.5,0.0,0.9842588798876424,991.3706501445802,False,settled
b,blue_ramp,ramp,0.0,1.5,0.0,1.0746194743741333,965.3713002237427,False,settled
b,blue_ramp,ramp,0.0,1.5,0.0,1.679582983739921,796.1259379095233,False,settled
b,blue_ramp,ramp,0.0,1.5,0.0,1.3443373975052673,879.6697945684824,False,settled
b,blue_ramp,ramp,0.0,1.5,0.0,1.462804074729592,846.8029213186445,False,settled
b,blue_ramp,ramp,0.0,1.5,0.0,1.122535918136558,946.1947408569928,False,settled
b,blue_ramp,ramp,0.0,1.5,0.0,0.7024259482909531,1100.3511666723605,False,settled
b,blue_ramp,ramp,0.0,1.5,0.0,1.065671787505026,967.6559355748026,False,settled
b,blue_ramp,ramp,0.0,1.5,0.0,1.307285638412931,892.3224071102258,False,settled
b,blue_ramp,ramp,0.0,1.5,0.0,0.8313036223177923,1052.607621862136,False,settled
b,blue_ramp,ramp,0.0,1.5,0.0,0.9472575846344862,1009.6066775977108,False,settled
b,blue_ramp,ramp,0.0,1.5,0.0,1.1977384092600916,922.6594502628566,False,settled
b,blue_ramp,ramp,0.0,1.5,0.0,1.355790257030589,874.2674454604814,False,settled
b,blue_ramp,ramp,0.0,1.5,0.0,0.7309374774839659,1099.087073769371,False,settled
b,blue_ramp,ramp,0.0,1.5,0.0,0.922276262286833,1020.4949466043922,False,settled
b,blue_ramp,ramp,0.0,1.5,0.0,0.8008195574680251,1057.5932334987235,False,settled
b,blue_ramp,ramp,0.0,1.5,0.0,1.0665176107273404,967.4393536483412,False,settled
b,blue_ramp,ramp,0.0,1.5,0.0,1.6390973484576896,806.7483243734731,False,settled
b,blue_ramp,ramp,0.0,1.5,0.0,0.9944173062655912,986.6513653888655,False,settled
b,blue_ramp,ramp,0.0,1.5,0.0,1.3705581714762394,870.504772268143,False,settled
b,blue_ramp,ramp,0.0,1.5,0.0,1.3992775530254296,862.1991118968382,False,settled
b,blue_ramp,ramp,0.0,1.5,0.0,1.0988055437465536,956.8143284458837,False,settled
b,blue_ramp,ramp,0.0,1.5,0.0,0.8896442250287827,1031.9740782774459,False,settled
b,blue_ramp,ramp,0.0,1.5,0.0,0.863994932759017,1034.8499919534152,False,settled
b,blue_ramp,ramp,0.0,1.5,0.0,1.5348548810330616,832.8994313735012,False,settled
b,blue_ramp,ramp,0.0,1.5,0.0,0.7886847656794016,1073.2371357123577,False,settled
b,blue_ramp,ramp,0.0,1.5,0.0,0.8768078906929131,1029.5504613996613,False,settled
b,blue_ramp,ramp,0.0,1.5,0.0,1.4285988044288893,854.3051273961066,False,settled
b,blue_ramp,ramp,0.0,1.5,0.0,1.0376733508948623,979.0453668921734,False,settled
b,blue_ramp,ramp,0.0,1.5,0.0,1.3182060353275342,887.0570198688717,False,settled
b,blue_ramp,ramp,0.0,1.5,0.0,1.1361055674138587,943.6695243780404,False,settled
b,blue_ramp,ramp,0.0,1.5,0.0,1.2056510563836809,923.510516005309,False,settled
b,blue_ramp,ramp,0.0,1.5,0.0,0.9244094795273721,1020.0941058577035,False,settled
b,blue_ramp,ramp,0.0,1.5,0.0,0.9977971249825155,985.942183159432,False,settled
b,blue_ramp,ramp,0.0,1.5,0.0,1.5763868242949666,821.5945309930189,False,settled
b,blue_ramp,ramp,0.0,1.5,0.0,0.8706718291552484,1033.7881711788061,False,settled
b,blue_ramp,ramp,0.0,1.5,0.0,0.7314356475434628,1099.7142884610064,False,settled
b,blue_ramp,ramp,0.0,1.5,0.0,0.7978163205524818,1071.7568726906234,False,settled
b,blue_ramp,ramp,0.0,1.5,0.0,1.098151039142158,957.3670649554572,False,settled
b,blue_ramp,ramp,0.0,1.5,0.0,0.7445385383147549,1084.8206505292428,False,settled
b,blue_ramp,ramp,0.0,1.5,0.0,1.1728007173097996,928.4259314861602,False,settled
b,blue_ramp,ramp,0.0,1.5,0.0,1.1815921302613286,928.8675772335282,False,settled
b,blue_ramp,ramp,0.0,1.5,0.0,0.9439595273335641,1012.2697541979277,False,settled
b,blue_ramp,ramp,0.0,1.5,0.0,0.8769041365903626,1029.4747102900367,False,settled
b,blue_ramp,ramp,0.0,1.5,0.0,0.8015621883175177,1057.4141083330787,False,settled
b,blue_ramp,ramp,0.0,1.5,0.0,1.445410506049932,849.3196591240157,False,settled
b,blue_ramp,ramp,0.0,1.5,0.0,1.2153770532143475,915.058563929582,False,settled
b,blue_ramp,ramp,0.0,1.5,0.0,1.5688035453528217,824.3371115404732,False,settled
b,blue_ramp,ramp,0.0,1.5,0.0,1.6090353248594393,814.2787277125877,False,settled
b,blue_ramp,ramp,0.0,1.5,0.0,1.3668752835689233,873.9973641200476,False,settled
b,blue_ramp,ramp,0.0,1.5,0.0,1.2233612129741571,916.0541260437503,False,settled
b,blue_ramp,ramp,0.0,1.5,0.0,0.9187894500779071,1021.2460872711866,False,settled
b,blue_ramp,ramp,0.0,1.5,0.0,1.0670737664125862,967.297080303946,False,settled
b,blue_ramp,ramp,0.0,1.5,0.0,1.5374227977627408,832.6600677758826,False,settled
b,blue_ramp,ramp,0.0,1.5,0.0,1.153191381185855,936.1751143588828,False,settled
b,blue_ramp,ramp,0.0,1.5,0.0,1.242828946145516,911.8742470584478,False,settled
b,blue_ramp,ramp,0.0,1.5,0.0,0.7906724755325141,1072.6985790350686,False,settled
b,blue_ramp,ramp,0.0,1.5,0.0,1.5441274535996914,829.5594262362808,False,settled
b,blue_ramp,ramp,0.0,1.5,0.0,0.8074439840602847,1056.7927812560756,False,settled
b,blue_ramp,ramp,0.0,1.5,0.0,1.132879535835948,946.1278984430579,False,settled
b,blue_ramp,ramp,0.0,1.5,0.0,1.0537202457528096,966.310266492216,False,settled
b,blue_ramp,ramp,0.0,1.5,0.0,1.6205302857900812,811.1154798196069,False,settled
b,blue_ramp,ramp,0.0,1.5,0.0,1.6652280215889244,800.2386517679822,False,settled
b,blue_ramp,ramp,0.0,1.5,0.0,1.5153018420948017,837.7710762529794,False,settled
b,blue_ramp,ramp,0.0,1.5,0.0,1.0970322792291802,958.3118613940601,False,settled
b,blue_ramp,ramp,0.0,1.5,0.0,0.9237175972731495,1020.2241221739649,False,settled
b,blue_ramp,ramp,0.0,1.5,0.0,0.9470163690733454,1009.8006329796804,False,settled
b,blue_ramp,ramp,0.0,1.5,0.0,0.795538175678962,1072.057102554285,False,settled
b,blue_ramp,ramp,0.0,1.5,0.0,1.0852255593543543,959.1034872683741,False,settled
b,blue_ramp,ramp,0.0,1.5,0.0,0.8950914270999131,1027.636036340205,False,settled
b,blue_ramp,ramp,0.0,1.5,0.0,1.0206523212841119,982.7240715988255,False,settled
b,blue_ramp,ramp,0.0,1.5,0.0,0.8712964905982284,1033.697218875131,False,settled
b,blue_ramp,ramp,0.0,1.5,0.0,1.0236920359937307,980.2376313832422,False,settled
b,blue_ramp,ramp,0.0,1.5,0.0,0.9183745909696737,1021.5740502312784,False,settled
b,blue_ramp,ramp,0.0,1.5,0.0,1.5086814844465724,839.1741580329648,False,settled
b,blue_ramp,ramp,0.0,1.5,0.0,0.7056160720052033,1101.1587898010266,False,settled
b,blue_ramp,ramp,0.0,1.5,0.0,1.6080441901318758,814.4629490522074,False,settled
b,blue_ramp,ramp,0.0,1.5,0.0,0.7167017101061944,1093.9170594470716,False,settled
b,blue_ramp,ramp,0.0,1.5,0.0,0.8320039471767111,1052.0596725657551,False,settled
b,blue_ramp,ramp,0.0,1.5,0.0,1.1419368661199139,939.4724249929777,False,settled
b,blue_ramp,ramp,0.0,1.5,0.0,1.0045595262854874,984.6082348061211,False,settled
b,blue_ramp,ramp,0.0,1.5,0.0,0.8604867558563012,1035.296282993532,False,settled
b,blue_ramp,ramp,0.0,1.5,0.0,1.598598170172481,816.9578632250858,False,settled
b,blue_ramp,ramp,0.0,1.5,0.0,1.6186638478830868,812.8005010813005,False,settled
b,blue_ramp,ramp,0.0,1.5,0.0,1.2979304027402354,894.8054595056997,False,settled
b,blue_ramp,ramp,0.0,1.5,0.0,1.1492339857041256,937.3305428042204,False,settled
b,blue_ramp,ramp,0.0,1.5,0.0,0.8460316308944673,1041.1525685075464,False,settled
b,blue_ramp,ramp,0.0,1.5,0.0,1.1742522378167735,927.1830177523135,False,settled
b,blue_ramp,ramp,0.0,1.5,0.0,1.291288911499901,894.504876106155,False,settled
b,blue_ramp,ramp,0.0,1.5,0.0,1.131214747347955,947.527422952081,False,settled
b,blue_ramp,ramp,0.0,1.5,0.0,1.1330102762156438,946.0179773994107,False,settled
b,blue_ramp,ramp,0.0,1.5,0.0,1.0131056414047146,988.9271634304127,False,settled
b,blue_ramp,ramp,0.0,1.5,0.0,0.921499185825978,1020.6406122795423,False,settled
b,blue_ramp,ramp,0.0,1.5,0.0,1.4293444532205748,853.4836818925112,False,settled
b,blue_ramp,ramp,0.0,1.5,0.0,0.7239136739965415,1092.7688867757765,False,settled
b,blue_ramp,ramp,0.0,1.5,0.0,1.1946146672552662,925.4020861818519,False,settled
b,blue_ramp,ramp,0.0,1.5,0.0,1.1506440172482149,936.9167480381047,False,settled
b,blue_ramp,ramp,0.0,1.5,0.0,0.9163409428644367,1023.185151068183,False,settled
b,blue_ramp,ramp,0.0,1.5,0.0,1.0681028152062806,967.0338337493224,False,settled
b,blue_ramp,ramp,0.0,1.5,0.0,1.4887252132172064,845.0891172158455,False,settled
b,blue_ramp,ramp,0.0,1.5,0.0,1.658934259308607,802.0766419893362,False,settled
b,blue_ramp,ramp,0.0,1.5,0.0,1.3827300099108044,868.7002222829195,False,settled
b,blue_ramp,ramp,0.0,1.5,0.0,1.0771777113710845,964.7260798186084,False,settled
b,blue_ramp,ramp,0.0,1.5,0.0,0.6968698885985235,1101.7121125724682,False,settled
b,blue_ramp,ramp,0.0,1.5,0.0,1.136393550303886,943.4271830840718,False,settled
b,blue_ramp,ramp,0.0,1.5,0.0,0.8176167636936338,1063.131133944077,False,settled
b,blue_ramp,ramp,0.0,1.5,0.0,0.9976252861191309,985.9780580488755,False,settled
b,blue_ramp,ramp,0.0,1.5,0.0,1.307198942839155,892.4051534328868,False,settled
b,blue_ramp,ramp,0.0,1.5,0.0,0.987296070467081,989.2669136825314,False,settled
b,blue_ramp,ramp,0.0,1.5,0.0,0.8188267035640746,1062.1679987715534,False,settled
b,blue_ramp,ramp,0.0,1.5,0.0,1.5622110531647293,825.8397535975323,False,settled
b,blue_ramp,ramp,0.0,1.5,0.0,0.7032492245121854,1105.4315581687936,False,settled
b,blue_ramp,ramp,0.0,1.5,0.0,1.6526193049264273,803.7723953486848,False,settled
b,blue_ramp,ramp,0.0,1.5,0.0,0.9215943726689582,1020.6228953965298,False,settled
b,blue_ramp,ramp,0.0,1.5,0.0,1.662353455259451,801.4367991932781,False,settled
b,blue_ramp,ramp,0.0,1.5,0.0,0.8617682249520899,1035.1065193186498,False,settled
b,blue_ramp,ramp,0.0,1.5,0.0,0.9357373778733729,1006.4950976295148,False,settled
b,blue_ramp,ramp,0.0,1.5,0.0,1.2689079310988955,901.911323383432,False,settled
b,blue_ramp,ramp,0.0,1.5,0.0,1.4057665167794813,863.4820274161552,False,settled
b,blue_ramp,ramp,0.0,1.5,0.0,0.870630118807485,1033.7942434362706,False,settled
b,blue_ramp,ramp,0.0,1.5,0.0,0.7599334097503014,1077.8814569475342,False,settled
b,blue_ramp,ramp,0.0,1.5,0.0,0.9589980202544652,1000.1954070501985,False,settled
b,blue_ramp,ramp,0.0,1.5,0.0,0.7753347344325052,1068.9016426351402,False,settled
b,blue_ramp,ramp,0.0,1.5,0.0,1.1511215474886956,936.7766098135705,False,settled
b,blue_ramp,ramp,0.0,1.5,0.0,1.137999326709656,942.070684800638,False,settled
b,blue_ramp,ramp,0.0,1.5,0.0,0.7886964682050044,1073.2280764258767,False,settled
b,blue_ramp,ramp,0.0,1.5,0.0,0.7879798541835672,1073.747756123612,False,settled
b,blue_ramp,ramp,0.0,1.5,0.0,1.608885807152972,814.6076577263009,False,settled
b,blue_ramp,ramp,0.0,1.5,0.0,0.9446713938303486,1011.6928581344177,False,settled
b,blue_ramp,ramp,0.0,1.5,0.0,0.9970142115314002,986.1091942535779,False,settled
b,blue_ramp,ramp,0.0,1.5,0.0,1.027678991297377,977.2505049109636,False,settled
b,blue_ramp,ramp,0.0,1.5,0.0,0.8451164134929072,1041.9362367765357,False,settled
b,blue_ramp,ramp,0.0,1.5,0.0,0.880143759633498,1026.9743903753697,False,settled
b,blue_ramp,ramp,0.0,1.5,0.0,0.8685191615145443,1034.1009974847366,False,settled
b,blue_ramp,ramp,0.0,1.5,0.0,0.888318253927773,1033.032818658097,False,settled
b,blue_ramp,ramp,0.0,1.5,0.0,1.2771792102835131,900.9912438954435,False,settled
b,blue_ramp,ramp,0.0,1.5,0.0,1.5703823571852231,823.8948242381612,False,settled
b,blue_ramp,ramp,0.0,1.5,0.0,1.1021762842810903,954.2397669879214,False,settled
b,blue_ramp,ramp,0.0,1.5,0.0,1.209750714135274,919.947580161398,False,settled
b,blue_ramp,ramp,0.0,1.5,0.0,1.5992086358156925,817.0306803713389,False,settled
b,blue_ramp,ramp,0.0,1.5,0.0,1.5708229949478973,824.1965111338767,False,settled
b,blue_ramp,ramp,0.0,1.5,0.0,0.7314421466682077,1099.7224459919235,False,settled
b,blue_ramp,ramp,0.0,1.5,0.0,1.5478329987900006,829.6006207909581,False,settled
b,blue_ramp,ramp,0.0,1.5,0.0,1.2269415523741205,914.8005590277065,False,settled
b,blue_ramp,ramp,0.0,1.5,0.0,1.3518894663486243,877.9037422765721,False,settled
b,blue_ramp,ramp,0.0,1.5,0.0,0.6956641891747704,1104.622117935525,False,settled
b,blue_ramp,ramp,0.0,1.5,0.0,1.4146287069103813,859.9996481682435,False,settled
b,blue_ramp,ramp,0.0,1.5,0.0,0.9608249219298495,999.0233878858743,False,settled
b,blue_ramp,ramp,0.0,1.5,0.0,1.0776628132400032,964.6037205176511,False,settled
b,blue_ramp,ramp,0.0,1.5,0.0,1.6570797971680573,803.455106405217,False,settled
b,blue_ramp,ramp,0.0,1.5,0.0,1.0673501571681998,967.2263752943697,False,settled
b,blue_ramp,ramp,0.0,1.5,0.0,1.152752008565601,936.3022913918642,False,settled
b,blue_ramp,ramp,0.0,1.5,0.0,1.1002955548467692,955.5579245797422,False,settled
b,blue_ramp,ramp,0.0,1.5,0.0,1.064370445190738,967.9888944203149,False,settled
b,blue_ramp,ramp,0.0,1.5,0.0,1.424765156462497,858.3110944734287,False,settled
b,blue_ramp,ramp,0.0,1.5,0.0,0.8672404850876557,1034.2869411373417,False,settled
b,blue_ramp,ramp,0.0,1.5,0.0,0.7791048131897897,1066.1201299259405,False,settled
b,blue_ramp,ramp,0.0,1.5,0.0,1.5415800366980112,829.9270217917104,False,settled
b,blue_ramp,ramp,0.0,1.5,0.0,0.9649591466603065,1006.7689086723404,False,settled
b,blue_ramp,ramp,0.0,1.5,0.0,1.6070142010031052,815.8247519283216,False,settled
b,blue_ramp,ramp,0.0,1.5,0.0,0.8068565088047623,1056.8605531618743,False,settled
b,blue_ramp,ramp,0.0,1.5,0.0,1.2852600912658245,893.4931691799326,False,settled
b,blue_ramp,ramp,0.0,1.5,0.0,0.765421329208329,1075.8654323236901,False,settled
b,blue_ramp,ramp,0.0,1.5,0.0,1.3116646619607273,889.8116323426975,False,settled
b,blue_ramp,ramp,0.0,1.5,0.0,0.7422810614876217,1088.8804778407164,False,settled
b,blue_ramp,ramp,0.0,1.5,0.0,1.039474717425882,977.558092328519,False,settled
b,blue_ramp,ramp,0.0,1.5,0.0,1.3634171231353727,872.2265200615501,False,settled
b,blue_ramp,ramp,0.0,1.5,0.0,1.0994225237958717,956.2932783543249,False,settled
b,blue_ramp,ramp,0.0,1.5,0.0,1.0728062066835764,965.8306322611472,False,settled
b,blue_ramp,ramp,0.0,1.5,0.0,1.5264892167308768,834.2709180968052,False,settled
b,blue_ramp,ramp,0.0,1.5,0.0,1.2407934847338444,906.6461707261542,False,settled
b,blue_ramp,ramp,0.0,1.5,0.0,1.2671550204449873,903.5364093996312,False,settled
b,blue_ramp,ramp,0.0,1.5,0.0,1.1838928086361964,926.8659901171535,False,settled
b,blue_ramp,ramp,0.0,1.5,0.0,0.7883015501703836,1073.5338517416283,False,settled
b,blue_ramp,ramp,0.0,1.5,0.0,1.1098268721394817,947.8560430964757,False,settled
b,blue_ramp,ramp,0.0,1.5,0.0,0.7338735340933973,1098.3692474614188,False,settled
b,blue_ramp,ramp,0.0,1.5,0.0,1.4835665987376867,844.7848985708921,False,settled
b,blue_ramp,ramp,0.0,1.5,0.0,1.3165756065682839,887.7430486619221,False,settled
b,blue_ramp,ramp,0.0,1.5,0.0,1.4683830009402095,844.4733111948588,False,settled
b,blue_ramp,ramp,0.0,1.5,0.0,0.7167459625349543,1094.123485203313,False,settled
b,blue_ramp,ramp,0.0,1.5,0.0,1.3031495004395586,889.8946189906138,False,settled
b,blue_ramp,ramp,0.0,1.5,0.0,0.8912445916096775,1030.6996463279,False,settled
b,blue_ramp,ramp,0.0,1.5,0.0,1.5171906974609026,834.1131665870603,False,settled
b,blue_ramp,ramp,0.0,1.5,0.0,1.211608346899372,918.3295850842217,False,settled
b,blue_ramp,ramp,0.0,1.5,0.0,1.107512180724126,949.8571416147648,False,settled
b,blue_ramp,ramp,0.0,1.5,0.0,1.5388449673557927,830.5062541242718,False,settled
b,blue_ramp,ramp,0.0,1.5,0.0,1.6559384104696684,802.6779211346825,False,settled
b,blue_ramp,ramp,0.0,1.5,0.0,1.0414604739523943,975.918898303216,False,settled
b,blue_ramp,ramp,0.0,1.5,0.0,1.3027862248797537,890.2363135145006,False,settled
b,blue_ramp,ramp,0.0,1.5,0.0,1.2829200701343972,895.6327966630025,False,settled
b,blue_ramp,ramp,0.0,1.5,0.0,1.3518463779195673,877.9469380692557,False,settled
b,blue_ramp,ramp,0.0,1.5,0.0,1.5127179064976164,837.5608650586497,False,settled
b,blue_ramp,ramp,0.0,1.5,0.0,1.3750135373155703,871.1361224623773,False,settled
b,blue_ramp,ramp,0.0,1.5,0.0,1.399291975372908,862.1839450476647,False,settled
b,blue_ramp,ramp,0.0,1.5,0.0,1.2784880732017103,899.7692687098344,False,settled
b,blue_ramp,ramp,0.0,1.5,0.0,0.8174750952749912,1063.2438894832017,False,settled
b,blue_ramp,ramp,0.0,1.5,0.0,1.1330233699661212,946.0069676316373,False,settled
b,blue_ramp,ramp,0.0,1.5,0.0,1.2166759181039515,913.9363899238367,False,settled
b,blue_ramp,ramp,0.0,1.5,0.0,1.2193885803428766,919.0437047029214,False,settled
b,blue_ramp,ramp,0.0,1.5,0.0,0.7952168124114929,1072.099454858435,False,settled
b,blue_ramp,ramp,0.0,1.5,0.0,1.6117022002657406,814.0460894669899,False,settled
b,blue_ramp,ramp,0.0,1.5,0.0,1.1954592629383987,924.6576883860452,False,settled
b,blue_ramp,ramp,0.0,1.5,0.0,1.590542489378074,820.2037875587623,False,settled
b,blue_ramp,ramp,0.0,1.5,0.0,0.901923860103723,1022.2181413755335,False,settled
b,blue_ramp,ramp,0.0,1.5,0.0,1.3367984733249427,881.252638284554,False,settled
b,blue_ramp,ramp,0.0,1.5,0.0,1.3089126832473124,890.9842269141417,False,settled
b,blue_ramp,ramp,0.0,1.5,0.0,1.3165955316394569,887.7346669451749,False,settled
b,blue_ramp,ramp,0.0,1.5,0.0,0.893335014442852,1029.0348809225131,False,settled
b,blue_ramp,ramp,0.0,1.5,0.0,1.5648358031594132,824.5256378405466,False,settled
b,blue_ramp,ramp,0.0,1.5,0.0,1.308966430967914,890.9613263725915,False,settled
b,blue_ramp,ramp,0.0,1.5,0.0,1.4014014531633017,860.9905133693775,False,settled
b,blue_ramp,ramp,0.0,1.5,0.0,1.0108727347524544,980.562544274525,False,settled
b,blue_ramp,ramp,0.0,1.5,0.0,1.3333647701893192,884.6467606095931,False,settled
b,blue_ramp,ramp,0.0,1.5,0.0,0.7508615637921364,1081.9777526372238,False,settled
b,blue_ramp,ramp,0.0,1.5,0.0,0.7565396544515234,1076.8702645087892,False,settled
b,blue_ramp,ramp,0.0,1.5,0.0,0.8377903946751891,1047.534252296029,False,settled
b,blue_ramp,ramp,0.0,1.5,0.0,1.0913777545857732,954.0091679565144,False,settled
b,blue_ramp,ramp,0.0,1.5,0.0,0.9995108882876962,985.5843225039031,False,settled
b,blue_ramp,ramp,0.0,1.5,0.0,0.8075603722135216,1056.7793544776505,False,settled
b,blue_ramp,ramp,0.0,1.5,0.0,1.2907726881976322,894.979189416291,False,settled
b,blue_ramp,ramp,0.0,1.5,0.0,0.6976590818362699,1109.6520594825943,False,settled
b,blue_ramp,ramp,0.0,1.5,0.0,0.844218594509909,1042.6328463861653,False,settled
b,blue_ramp,ramp,0.0,1.5,0.0,1.061388743682241,969.6728223426786,False,settled
b,blue_ramp,ramp,0.0,1.5,0.0,0.7980852027285246,1071.721471777459,False,settled
b,blue_ramp,ramp,0.0,1.5,0.0,0.8488675777857654,1038.9683543078186,False,settled
b,blue_ramp,ramp,0.0,1.5,0.0,1.6245443933715076,809.9546641134928,False,settled
b,blue_ramp,ramp,0.0,1.5,0.0,0.9671945800013009,1004.9535554913464,False,settled
b,blue_ramp,ramp,0.0,1.5,0.0,1.6150843732613573,812.804815657008,False,settled
b,blue_ramp,ramp,0.0,1.5,0.0,1.5075747565168975,839.3645861067405,False,settled
b,blue_ramp,ramp,0.0,1.5,0.0,1.1064865799199963,950.6253159772897,False,settled
b,blue_ramp,ramp,0.0,1.5,0.0,1.3739043515216312,872.2730094826876,False,settled
b,blue_ramp,ramp,0.0,1.5,0.0,0.863653926306857,1034.9004720703763,False,settled
b,blue_ramp,ramp,0.0,1.5,0.0,0.9304626027687029,1018.9565299125913,False,settled
b,blue_ramp,ramp,0.0,1.5,0.0,0.7885623601655816,1073.331900207436,False,settled
b,blue_ramp,ramp,0.0,1.5,0.0,0.9627388800214005,997.5980833535467,False,settled
b,blue_ramp,ramp,0.0,1.5,0.0,1.172312385417971,928.920910018913,False,settled
b,blue_ramp,ramp,0.0,1.5,0.0,0.796399802324365,1071.9434213957368,False,settled
b,blue_ramp,ramp,0.0,1.5,0.0,1.1155329562723035,951.8061312058653,False,settled
b,blue_ramp,ramp,0.0,1.5,0.0,1.2991480498085317,893.656187921137,False,settled
b,blue_ramp,ramp,0.0,1.5,0.0,1.2894167939050747,896.2253097091591,False,settled
b,blue_ramp,ramp,0.0,1.5,0.0,0.9774996326669653,996.7037986191233,False,settled
b,blue_ramp,ramp,0.0,1.5,0.0,0.7382669700838069,1089.1272853238959,False,settled
b,blue_ramp,ramp,0.0,1.5,0.0,0.779323407773095,1065.9527195654416,False,settled
b,blue_ramp,ramp,0.0,1.5,0.0,1.3649039630829427,870.8453971296091,False,settled
b,blue_ramp,ramp,0.0,1.5,0.0,0.8493910111502423,1038.6628607444295,False,settled
b,blue_ramp,ramp,0.0,1.5,0.0,1.2897705511270474,895.9002016944445,False,settled
b,blue_ramp,ramp,0.0,1.5,0.0,0.8198304667599725,1061.3714326115853,False,settled
b,blue_ramp,ramp,0.0,1.5,0.0,1.1504442881353012,936.9753615142406,False,settled
b,blue_ramp,ramp,0.0,1.5,0.0,1.4457752515380222,848.9070513276822,False,settled
b,blue_ramp,ramp,0.0,1.5,0.0,1.1718769010831376,929.2967524719925,False,settled
b,blue_ramp,ramp,0.0,1.5,0.0,1.4651060066985258,844.0993788614604,False,settled
b,blue_ramp,ramp,0.0,1.5,0.0,0.7081473043827622,1097.5918654175882,False,settled
b,blue_ramp,ramp,0.0,1.5,0.0,1.1652996829542603,934.8980929797209,False,settled
b,blue_ramp,ramp,0.0,1.5,0.0,1.244995391083574,909.8936298738257,False,settled
b,blue_ramp,ramp,0.0,1.5,0.0,1.1166195355997304,950.8882532131504,False,settled
b,blue_ramp,ramp,0.0,1.5,0.0,1.440335832054332,850.5137506310559,False,settled
b,blue_ramp,ramp,0.0,1.5,0.0,0.6886917206518854,1110.472185825248,False,settled
b,blue_ramp,ramp,0.0,1.5,0.0,1.4439956718556104,850.9194054046936,False,settled
b,blue_ramp,ramp,0.0,1.5,0.0,1.5606078817435343,827.1734383467096,False,settled
b,blue_ramp,ramp,0.0,1.5,0.0,1.1723109644827752,928.9221363071139,False,settled
b,blue_ramp,ramp,0.0,1.5,0.0,1.1446608451803568,938.6728090909312,False,settled
b,blue_ramp,ramp,0.0,1.5,0.0,1.2152424092114684,915.1760278354413,False,settled
b,blue_ramp,ramp,0.0,1.5,0.0,1.142388390405789,939.3398036559689,False,settled
b,blue_ramp,ramp,0.0,1.5,0.0,0.9285665734710526,1019.3127659411754,False,settled
b,blue_ramp,ramp,0.0,1.5,0.0,1.0447167591355617,973.2408429449957,False,settled
b,blue_ramp,ramp,0.0,1.5,0.0,0.8905707252330975,1031.2363008203627,False,settled
b,blue_ramp,ramp,0.0,1.5,0.0,0.917539971405934,1022.2345699192068,False,settled
b,blue_ramp,ramp,0.0,1.5,0.0,1.1188517491044951,949.2583041169592,False,settled
b,blue_ramp,ramp,0.0,1.5,0.0,0.9974442754086936,986.0158477106465,False,settled
b,blue_ramp,ramp,0.0,1.5,0.0,1.1276222007886023,942.0402113814047,False,settled
b,blue_ramp,ramp,0.0,1.5,0.0,1.3362865295883257,881.7553424387025,False,settled
b,blue_ramp,ramp,0.0,1.5,0.0,1.3577089500938277,877.731975827986,False,settled
b,blue_ramp,ramp,0.0,1.5,0.0,1.3618637409035697,873.520119068457,False,settled
b,blue_ramp,ramp,0.0,1.5,0.0,0.7146487147036594,1104.462294109136,False,settled
b,blue_ramp,ramp,0.0,1.5,0.0,1.509477990054755,838.1934135368763,False,settled
b,blue_ramp,ramp,0.0,1.5,0.0,1.0474997780077056,971.2553697287987,False,settled
b,blue_ramp,ramp,0.0,1.5,0.0,1.0859181723098041,958.527631229526,False,settled
b,blue_ramp,ramp,0.0,1.5,0.0,1.0367707308104275,979.7907885876157,False,settled
b,blue_ramp,ramp,0.0,1.5,0.0,1.205212005362946,923.8920368470879,False,settled
b,blue_ramp,ramp,0.0,1.5,0.0,1.5301117416238565,832.6622206112495,False,settled
b,blue_ramp,ramp,0.0,1.5,0.0,0.9139627065649991,1025.070860870784,False,settled
b,blue_ramp,ramp,0.0,1.5,0.0,0.8790899840195168,1027.6948539834536,False,settled
b,blue_ramp,ramp,0.0,1.5,0.0,0.766175765037824,1075.4021183749664,False,settled
b,blue_ramp,ramp,0.0,1.5,0.0,0.98303606051509,992.3322191145669,False,settled
b,blue_ramp,ramp,0.0,1.5,0.0,1.3017981843308961,891.1650918925396,False,settled
b,blue_ramp,ramp,0.0,1.5,0.0,1.1266501093638248,942.7890063169592,False,settled
b,blue_ramp,ramp,0.0,1.5,0.0,1.4927672795949656,843.9656327917044,False,settled
b,blue_ramp,ramp,0.0,1.5,0.0,1.5312839928145605,833.3673721963104,False,settled
b,blue_ramp,ramp,0.0,1.5,0.0,1.2273629315233494,914.6530800828214,False,settled
b,blue_ramp,ramp,0.0,1.5,0.0,1.0911833522743875,954.1707176341422,False,settled
b,blue_ramp,ramp,0.0,1.5,0.0,0.7205494164494707,1101.6879478552935,False,settled
b,blue_ramp,ramp,0.0,1.5,0.0,1.1438423008160732,938.9130626702537,False,settled
b,blue_ramp,ramp,0.0,1.5,0.0,1.6200622085503558,812.2290514675599,False,settled
b,blue_ramp,ramp,0.0,1.5,0.0,0.7774160082917667,1067.3103044467903,False,settled
b,blue_ramp,ramp,0.0,1.5,0.0,1.4959244214454266,841.4125234583144,False,settled
b,blue_ramp,ramp,0.0,1.5,0.0,0.7708058881872717,1072.2700033166086,False,settled
b,blue_ramp,ramp,0.0,1.5,0.0,1.1677499235135689,932.7683131232461,False,settled
b,blue_ramp,ramp,0.0,1.5,0.0,1.1864445909368846,924.7367390076281,False,settled
b,blue_ramp,ramp,0.0,1.5,0.0,0.7337905378904944,1098.5919068227322,False,settled
b,blue_ramp,ramp,0.0,1.5,0.0,0.7266880600858641,1094.9756138525263,False,settled
b,blue_ramp,ramp,0.0,1.5,0.0,1.1337281734962774,945.4143824293363,False,settled
b,blue_ramp,ramp,0.0,1.5,0.0,1.1624865681568592,937.0929722818706,False,settled
b,blue_ramp,ramp,0.0,1.5,0.0,1.6623032364396777,801.6251313091028,False,settled
b,blue_ramp,ramp,0.0,1.5,0.0,1.6863274050242674,791.8581598757919,False,settled
b,blue_ramp,ramp,0.0,1.5,0.0,0.715982187464297,1092.9292497499696,False,settled
b,blue_ramp,ramp,0.0,1.5,0.0,0.9844054089985319,991.616442291264,False,settled
b,blue_ramp,ramp,0.0,1.5,0.0,0.7597677560510643,1077.7772642510477,False,settled
b,blue_ramp,ramp,0.0,1.5,0.0,0.9298720420053632,1019.0674878626895,False,settled
b,blue_ramp,ramp,0.0,1.5,0.0,1.6836965816266907,793.8335536613415,False,settled
b,blue_ramp,ramp,0.0,1.5,0.0,0.9760712557618094,997.8295950245913,False,settled
b,blue_ramp,ramp,0.0,1.5,0.0,1.0277959937320167,977.1554673914128,False,settled
b,blue_ramp,ramp,0.0,1.5,0.0,0.9220052617657044,1020.545692256662,False,settled
b,blue_ramp,ramp,0.0,1.5,0.0,0.804124750508991,1057.1024823663984,False,settled
b,blue_ramp,ramp,0.0,1.5,0.0,1.0259798187691311,978.3664478240746,False,settled
b,blue_ramp,ramp,0.0,1.5,0.0,0.9987259528375346,985.7482167437794,False,settled
b,blue_ramp,ramp,0.0,1.5,0.0,0.6867148255874345,1107.8594098828532,False,settled
b,blue_ramp,ramp,0.0,1.5,0.0,1.5496979112402967,827.8590803468197,False,settled
b,blue_ramp,ramp,0.0,1.5,0.0,1.650073340384754,804.7527318615282,False,settled
b,blue_ramp,ramp,0.0,1.5,0.0,0.705331087133953,1100.4269316249197,False,settled
b,blue_ramp,ramp,0.0,1.5,0.0,0.8131484029555238,1053.039506462745,False,settled
b,blue_ramp,ramp,0.0,1.5,0.0,1.456507097658186,850.6235718799664,False,settled
b,blue_ramp,ramp,0.0,1.5,0.0,0.9260287460950027,1019.7898171472144,False,settled
b,blue_ramp,ramp,0.0,1.5,0.0,1.4182549031512888,856.1633322487311,False,settled
b,blue_ramp,ramp,0.0,1.5,0.0,1.1032224508531911,953.3623293742602,False,settled
b,blue_ramp,ramp,0.0,1.5,0.0,0.9714390323423181,1001.5073959900107,False,settled
b,blue_ramp,ramp,0.0,1.5,0.0,0.8496325294831765,1038.4771041488978,False,settled
b,blue_ramp,ramp,0.0,1.5,0.0,0.8940408235548956,1028.4726472066839,False,settled
b,blue_ramp,ramp,0.0,1.5,0.0,0.7786057350411411,1066.4959040859096,False,settled
b,blue_ramp,ramp,0.0,1.5,0.0,1.5205367847389286,835.3098427625343,False,settled
b,blue_ramp,ramp,0.0,1.5,0.0,1.344379561171901,879.6277869932981,False,settled
b,blue_ramp,ramp,0.0,1.5,0.0,0.8923671775567037,1029.8055655727485,False,settled
b,blue_ramp,ramp,0.0,1.5,0.0,1.0648761692136726,967.8595009546825,False,settled
b,blue_ramp,ramp,0.0,1.5,0.0,1.1750261783687894,926.620041843768,False,settled
b,blue_ramp,ramp,0.0,1.5,0.0,0.7703621410778383,1072.5845356713448,False,settled
b,blue_ramp,ramp,0.0,1.5,0.0,1.4278234577937885,855.1502966172848,False,settled
b,blue_ramp,ramp,0.0,1.5,0.0,0.7145920897571618,1104.2995718173781,False,settled
b,blue_ramp,ramp,0.0,1.5,0.0,0.8419152015033323,1044.3293936087866,False,settled
b,blue_ramp,ramp,0.0,1.5,0.0,1.1488858044727568,937.432721782318,False,settled
b,blue_ramp,ramp,0.0,1.5,0.0,0.7309409095433533,1099.0914054523842,False,settled
b,blue_ramp,ramp,0.0,1.5,0.0,0.7831190935834429,1077.1017785971655,False,settled
b,blue_ramp,ramp,0.0,1.5,0.0,1.3367389841122692,881.3110542377761,False,settled
b,blue_ramp,ramp,0.0,1.5,0.0,1.4356303397468162,851.2923828036064,False,settled
b,blue_ramp,ramp,0.0,1.5,0.0,1.0604095842537844,970.4723623707152,False,settled
b,blue_ramp,ramp,0.0,1.5,0.0,0.7671403541037476,1074.8136431177552,False,settled
b,blue_ramp,ramp,0.0,1.5,0.0,0.9859934729509698,990.2885957106407,False,settled
b,blue_ramp,ramp,0.0,1.5,0.0,0.9996863394454851,985.5477139999117,False,settled
b,blue_ramp,ramp,0.0,1.5,0.0,0.6950990427113601,1111.22555832894,False,settled
b,blue_ramp,ramp,0.0,1.5,0.0,1.6434520611908994,806.7495373864634,False,settled
b,blue_ramp,ramp,0.0,1.5,0.0,0.8282401449883325,1055.0046226405348,False,settled
b,blue_ramp,ramp,0.0,1.5,0.0,1.2471516847227329,907.9238389158043,False,settled
b,blue_ramp,ramp,0.0,1.5,0.0,0.8975509761239111,1025.6772368712009,False,settled
b,blue_ramp,ramp,0.0,1.5,0.0,1.414350162183468,860.0516019337756,False,settled
b,blue_ramp,ramp,0.0,1.5,0.0,0.9253410400521307,1019.9190494457544,False,settled
b,blue_ramp,ramp,0.0,1.5,0.0,1.4062120410741943,863.243921981062,False,settled
b,blue_ramp,ramp,0.0,1.5,0.0,0.8685738319246232,1034.0930470452931,False,settled
b,blue_ramp,ramp,0.0,1.5,0.0,1.271984949052915,899.0631399535982,False,settled
b,blue_ramp,ramp,0.0,1.5,0.0,1.552196785970192,827.3297754227859,False,settled
b,blue_ramp,ramp,0.0,1.5,0.0,1.5558362935312295,828.2686163673529,False,settled
b,blue_ramp,ramp,0.0,1.5,0.0,0.984136692175511,991.4667344125254,False,settled
b,blue_ramp,ramp,0.0,1.5,0.0,0.6899350622332675,1116.3565586982338,False,settled
b,blue_ramp,ramp,0.0,1.5,0.0,0.8490137463885492,1038.9464953786983,False,settled
b,blue_ramp,ramp,0.0,1.5,0.0,0.9614764289749819,998.5069584600786,False,settled
b,blue_ramp,ramp,0.0,1.5,0.0,1.4157096011293386,858.8150704439445,False,settled
b,blue_ramp,ramp,0.0,1.5,0.0,1.4536090901050076,848.837025283097,False,settled
b,blue_ramp,ramp,0.0,1.5,0.0,0.8601104952350066,1035.3520035215652,False,settled
b,blue_ramp,ramp,0.0,1.5,0.0,1.4721770215718235,844.2420811843236,False,settled
b,blue_ramp,ramp,0.0,1.5,0.0,1.211127395772221,918.7493581008017,False,settled
b,blue_ramp,ramp,0.0,1.5,0.0,1.4064597505804541,863.1115360539816,False,settled
b,blue_ramp,ramp,0.0,1.5,0.0,0.9293851862269902,1019.1589609436442,False,settled
b,blue_ramp,ramp,0.0,1.5,0.0,0.7557751312181864,1077.1879854909628,False,settled
b,blue_ramp,ramp,0.0,1.5,0.0,1.3269396983046846,884.9407540217858,False,settled
b,blue_ramp,ramp,0.0,1.5,0.0,1.5794393580102928,821.5153789030513,False,settled
b,blue_ramp,ramp,0.0,1.5,0.0,1.111813335746223,954.9738003717357,False,settled
b,blue_ramp,ramp,0.0,1.5,0.0,0.8634904463248501,1034.9246742228397,False,settled
b,blue_ramp,ramp,0.0,1.5,0.0,1.5302044759010043,832.5430254851813,False,settled
b,blue_ramp,ramp,0.0,1.5,0.0,0.8183334297061634,1062.5606820415337,False,settled
b,blue_ramp,ramp,0.0,1.5,0.0,0.900547138143053,1023.3063822640457,False,settled
b,blue_ramp,ramp,0.0,1.5,0.0,1.242266438341391,912.3884733883259,False,settled
b,blue_ramp,ramp,0.0,1.5,0.0,1.6455980849657548,805.8680630003158,False,settled
b,blue_ramp,ramp,0.0,1.5,0.0,1.4629072387258757,846.6807157106606,False,settled
b,blue_ramp,ramp,0.0,1.5,0.0,0.862136473130209,1035.1251306357638,False,settled
b,blue_ramp,ramp,0.0,1.5,0.0,0.786356221572104,1074.7692221700472,False,settled
b,blue_ramp,ramp,0.0,1.5,0.0,0.9229402227739769,1020.3703004250384,False,settled
b,blue_ramp,ramp,0.0,1.5,0.0,0.9260792342061924,1019.78032951286,False,settled
b,blue_ramp,ramp,0.0,1.5,0.0,1.4132546114850193,861.2498466799966,False,settled
b,blue_ramp,ramp,0.0,1.5,0.0,0.9241350037443532,1020.1456845147087,False,settled
b,blue_ramp,ramp,0.0,1.5,0.0,0.8879683870993977,1033.3135443963668,False,settled
b,blue_ramp,ramp,0.0,1.5,0.0,1.453571278180709,848.8810349735822,False,settled
b,blue_ramp,ramp,0.0,1.5,0.0,1.0263071868680989,978.0998439714049,False,settled
b,blue_ramp,ramp,0.0,1.5,0.0,1.016844796429087,985.8433713147737,False,settled
b,blue_ramp,ramp,0.0,1.5,0.0,1.0835138627421932,960.271305737319,False,settled
b,blue_ramp,ramp,0.0,1.5,0.0,1.1876302862833188,923.6323310121992,False,settled
b,blue_ramp,ramp,0.0,1.5,0.0,0.7258280277948153,1094.2422173892774,False,settled
b,blue_ramp,ramp,0.0,1.5,0.0,1.3714409170842234,869.6117392157244,False,settled
b,blue_ramp,ramp,0.0,1.5,0.0,1.4272499034648194,855.7907800308949,False,settled
b,blue_ramp,ramp,0.0,1.5,0.0,1.6401232481402002,806.3747911196008,False,settled
b,blue_ramp,ramp,0.0,1.5,0.0,1.5857615963646046,820.105650297248,False,settled
b,blue_ramp,ramp,0.0,1.5,0.0,0.6986651812400515,1103.487258230783,False,settled
b,blue_ramp,ramp,0.0,1.5,0.0,0.7881253687549435,1073.6703007752337,False,settled
b,blue_ramp,ramp,0.0,1.5,0.0,1.1651261296207072,935.0491441939002,False,settled
b,blue_ramp,ramp,0.0,1.5,0.0,1.0431110809494382,974.5563439318607,False,settled
b,blue_ramp,ramp,0.0,1.5,0.0,1.2463488919976384,908.6563342191805,False,settled
b,blue_ramp,ramp,0.0,1.5,0.0,1.6822127921355627,795.3819330108199,False,settled
b,blue_ramp,ramp,0.0,1.5,0.0,0.8655883391527113,1034.5271481384177,False,settled
b,blue_ramp,ramp,0.0,1.5,0.0,0.9745768181863632,998.9713104205173,False,settled
b,blue_ramp,ramp,0.0,1.5,0.0,0.6974065239509071,1107.9235788365459,False,settled
b,blue_ramp,ramp,0.0,1.5,0.0,1.4167088506103944,857.8107925292837,False,settled
b,blue_ramp,ramp,0.0,1.5,0.0,0.7797312822186812,1065.572476263359,False,settled
b,blue_ramp,ramp,0.0,1.5,0.0,1.5599386946385547,826.05838366035,False,settled
b,blue_ramp,ramp,0.0,1.5,0.0,1.3821229259374113,869.3229915537397,False,settled
b,blue_ramp,ramp,0.0,1.5,0.0,1.0555496991157975,964.8968372420704,False,settled
b,blue_ramp,ramp,0.0,1.5,0.0,0.9105584924157855,1015.6704282490238,False,settled
b,blue_ramp,ramp,0.0,1.5,0.0,0.749655940377116,1088.180409460511,False,settled
b,blue_ramp,ramp,0.0,1.5,0.0,1.2303520735783289,913.6068224198751,False,settled
b,blue_ramp,ramp,0.0,1.5,0.0,1.3173666405179216,887.4102905152239,False,settled
b,blue_ramp,ramp,0.0,1.5,0.0,1.0195272520235756,983.6446162236693,False,settled
b,blue_ramp,ramp,0.0,1.5,0.0,1.4472474497011039,851.7338921084737,False,settled
b,blue_ramp,ramp,0.0,1.5,0.0,1.1113177914505596,946.6595671308132,False,settled
b,blue_ramp,ramp,0.0,1.5,0.0,1.1638882949645444,935.8743188902727,False,settled
b,blue_ramp,ramp,0.0,1.5,0.0,1.6285153617910892,809.9593042210053,False,settled
b,blue_ramp,ramp,0.0,1.5,0.0,1.1272436419942626,942.3380505719782,False,settled
b,blue_ramp,ramp,0.0,1.5,0.0,0.9747945063586844,998.8118942199259,False,settled
b,blue_ramp,ramp,0.0,1.5,0.0,0.8626189706357109,1035.053691904289,False,settled
b,blue_ramp,ramp,0.0,1.5,0.0,0.8419388509955955,1044.3110439817797,False,settled
b,blue_ramp,ramp,0.0,1.5,0.0,1.4736570402875866,847.1055813509454,False,settled
b,blue_ramp,ramp,0.0,1.5,0.0,1.315179760552886,888.3304104751479,False,settled
b,blue_ramp,ramp,0.0,1.5,0.0,1.5623703612795938,825.365993678081,False,settled
b,blue_ramp,ramp,0.0,1.5,0.0,1.3976750016208823,863.8681310447812,False,settled
b,blue_ramp,ramp,0.0,1.5,0.0,0.9929447535786076,987.0581269820846,False,settled
b,blue_ramp,ramp,0.0,1.5,0.0,1.4324156907419647,854.7631103598895,False,settled
b,blue_ramp,ramp,0.0,1.5,0.0,1.6428737014236088,805.9629447325212,False,settled
b,blue_ramp,ramp,0.0,1.5,0.0,1.0017065320586511,985.2036709616998,False,settled
b,blue_ramp,ramp,0.0,1.5,0.0,1.16128216031285,938.1402207697272,False,settled
b,blue_ramp,ramp,0.0,1.5,0.0,1.3165277554949066,887.7631777797944,False,settled
b,blue_ramp,ramp,0.0,1.5,0.0,1.508892509414278,838.8797812650475,False,settled
b,blue_ramp,ramp,0.0,1.5,0.0,1.425975261117684,857.2140749097772,False,settled
b,blue_ramp,ramp,0.0,1.5,0.0,0.9320043931251476,1018.6668483479706,False,settled
b,blue_ramp,ramp,0.0,1.5,0.0,1.334923219811693,883.1033978839283,False,settled
b,blue_ramp,ramp,0.0,1.5,0.0,0.84609766379541,1041.1013448485667,False,settled
b,blue_ramp,ramp,0.0,1.5,0.0,0.7337397041913539,1098.5067170410837,False,settled
b,blue_ramp,ramp,0.0,1.5,0.0,0.8030939243502657,1057.228070413583,False,settled
b,blue_ramp,ramp,0.0,1.5,0.0,1.1827032737030336,927.900945450574,False,settled
b,blue_ramp,ramp,0.0,1.5,0.0,1.476143702648932,843.7004851317413,False,settled
b,blue_ramp,ramp,0.0,1.5,0.0,1.2838683286886456,894.7705988724921,False,settled
b,blue_ramp,ramp,0.0,1.5,0.0,1.105904696008266,951.1131918670351,False,settled
b,blue_ramp,ramp,0.0,1.5,0.0,0.8198580587176663,1061.3496279734254,False,settled
b,blue_ramp,ramp,0.0,1.5,0.0,0.8011250682264814,1057.5571397245196,False,settled
b,blue_ramp,ramp,0.0,1.5,0.0,1.0283449070962827,976.7095941571191,False,settled
b,blue_ramp,ramp,0.0,1.5,0.0,0.8320560116686938,1052.0189558462862,False,settled
b,blue_ramp,ramp,0.0,1.5,0.0,1.684000356891917,794.2595500908182,False,settled
b,blue_ramp,ramp,0.0,1.5,0.0,1.18958411524756,922.0570724691977,False,settled
b,blue_ramp,ramp,0.0,1.5,0.0,1.1746784029097876,926.912564167047,False,settled
b,blue_ramp,ramp,0.0,1.5,0.0,1.3960702785576211,865.2990045299447,False,settled
b,blue_ramp,ramp,0.0,1.5,0.0,0.7343763821120284,1097.911952347827,False,settled
b,blue_ramp,ramp,0.0,1.5,0.0,0.7531016549878238,1081.625050727584,False,settled
b,blue_ramp,ramp,0.0,1.5,0.0,0.8600640993901567,1035.3588758201543,False,settled
b,blue_ramp,ramp,0.0,1.5,0.0,0.8041073644642112,1057.1045307943764,False,settled
b,blue_ramp,ramp,0.0,1.5,0.0,0.9256286855787168,1019.8649957323723,False,settled
b,blue_ramp,ramp,0.0,1.5,0.0,1.3434547416632554,880.5491699773091,False,settled
b,blue_ramp,ramp,0.0,1.5,0.0,1.5403329612379733,831.8122934468377,False,settled
b,blue_ramp,ramp,0.0,1.5,0.0,1.3801104527434396,871.3848169167155,False,settled
b,blue_ramp,ramp,0.0,1.5,0.0,1.0149917826413644,987.3715109672659,False,settled
b,blue_ramp,ramp,0.0,1.5,0.0,0.7694100259869721,1073.258396164951,False,settled
b,blue_ramp,ramp,0.0,1.5,0.0,1.2576389136200163,905.3935811289685,False,settled
b,blue_ramp,ramp,0.0,1.5,0.0,1.0169028305276244,985.7955114536273,False,settled
b,blue_ramp,ramp,0.0,1.5,0.0,1.4310429090909715,856.0521068038038,False,settled
b,blue_ramp,ramp,0.0,1.5,0.0,1.5810183018429873,821.7893533273567,False,settled
b,blue_ramp,ramp,0.0,1.5,0.0,1.567193740072399,823.8253945317363,False,settled
b,blue_ramp,ramp,0.0,1.5,0.0,1.0765949168418076,964.8730749458998,False,settled
b,blue_ramp,ramp,0.0,1.5,0.0,0.8809131964768692,1026.3168293877013,False,settled
b,blue_ramp,ramp,0.0,1.5,0.0,1.5105184252935744,839.234954695402,False,settled
b,blue_ramp,ramp,0.0,1.5,0.0,1.1444334832310612,938.7395428257093,False,settled
b,blue_ramp,ramp,0.0,1.5,0.0,1.130187388811676,948.4683541732853,False,settled
b,blue_ramp,ramp,0.0,1.5,0.0,1.3095506740312293,890.7123758525546,False,settled
b,blue_ramp,ramp,0.0,1.5,0.0,1.1216434742236578,946.9482964602165,False,settled
b,blue_ramp,ramp,0.0,1.5,0.0,1.42851717492352,854.4690753912654,False,settled
b,blue_ramp,ramp,0.0,1.5,0.0,0.9440202506347274,1012.2205442114719,False,settled
b,blue_ramp,ramp,0.0,1.5,0.0,0.8838859953116744,1036.5888635520707,False,settled
b,blue_ramp,ramp,0.0,1.5,0.0,1.2817546706252203,896.7204450285732,False,settled
b,blue_ramp,ramp,0.0,1.5,0.0,0.9020224709351821,1022.1402060889104,False,settled
b,blue_ramp,ramp,0.0,1.5,0.0,1.4241034325461523,854.603902877527,False,settled
b,blue_ramp,ramp,0.0,1.5,0.0,0.734993349688916,1084.316714539322,False,settled
b,blue_ramp,ramp,0.0,1.5,0.0,0.7633724621760358,1077.064398386432,False,settled
b,blue_ramp,ramp,0.0,1.5,0.0,1.5554152197542126,826.6979393747341,False,settled
b,blue_ramp,ramp,0.0,1.5,0.0,1.2753519209876387,902.7033475838753,False,settled
b,blue_ramp,ramp,0.0,1.5,0.0,0.7820947816484054,1077.9087980322668,False,settled
b,blue_ramp,ramp,0.0,1.5,0.0,1.0728385106516902,965.822368505539,False,settled
b,blue_ramp,ramp,0.0,1.5,0.0,1.227591262401295,914.5731664891197,False,settled
b,blue_ramp,ramp,0.0,1.5,0.0,0.8388097350792914,1046.7394899534086,False,settled
b,blue_ramp,ramp,0.0,1.5,0.0,1.5810322464107007,821.7635267681758,False,settled
b,blue_ramp,ramp,0.0,1.5,0.0,1.4958186316319955,841.4920991547141,False,settled
b,blue_ramp,ramp,0.0,1.5,0.0,1.3760863576006943,870.0363676476946,False,settled
b,blue_ramp,ramp,0.0,1.5,0.0,0.9307959974502671,1018.8938896977824,False,settled
b,blue_ramp,ramp,0.0,1.5,0.0,1.5454612942765844,830.9812927830646,False,settled
b,blue_ramp,ramp,0.0,1.5,0.0,1.3053465103627444,888.2108956452339,False,settled
b,blue_ramp,ramp,0.0,1.5,0.0,1.3927541828407926,863.8582810944149,False,settled
b,blue_ramp,ramp,0.0,1.5,0.0,1.0193355752806474,983.801435377204,False,settled
b,blue_ramp,ramp,0.0,1.5,0.0,1.1457225787769532,938.361017497126,False,settled
b,blue_ramp,ramp,0.0,1.5,0.0,1.1946174741564772,925.3996047870887,False,settled
b,blue_ramp,ramp,0.0,1.5,0.0,0.9937831924257831,986.7885679900775,False,settled
b,blue_ramp,ramp,0.0,1.5,0.0,0.7583109767103138,1076.9467757602617,False,settled
b,blue_ramp,ramp,0.0,1.5,0.0,1.4587392928160339,847.2494267140701,False,settled
b,blue_ramp,ramp,0.0,1.5,0.0,0.8408853552039879,1045.1287045333784,False,settled
b,blue_ramp,ramp,0.0,1.5,0.0,1.4222199218619291,856.6460506930767,False,settled
b,blue_ramp,ramp,0.0,1.5,0.0,0.9106079635665161,1015.6322954059337,False,settled
b,blue_ramp,ramp,0.0,1.5,0.0,1.1542353089519066,935.8729431627531,False,settled
b,blue_ramp,ramp,0.0,1.5,0.0,0.8299650519043498,1053.6544920142571,False,settled
b,blue_ramp,ramp,0.0,1.5,0.0,1.353936105385184,875.8520415630676,False,settled
b,blue_ramp,ramp,0.0,1.5,0.0,1.1842470121788233,926.5578138841072,False,settled
b,blue_ramp,ramp,0.0,1.5,0.0,0.6949726278988123,1107.6548023566795,False,settled
b,blue_ramp,ramp,0.0,1.5,0.0,0.8823515531641652,1037.571485316836,False,settled
b,blue_ramp,ramp,0.0,1.5,0.0,1.1178144337415383,949.8788076092345,False,settled
b,blue_ramp,ramp,0.0,1.5,0.0,1.4807896498724806,846.8278534906602,False,settled
b,blue_ramp,ramp,0.0,1.5,0.0,0.7206215709407028,1101.8558714080157,False,settled
b,blue_ramp,ramp,0.0,1.5,0.0,0.8890042629498841,1032.4836500004967,False,settled
b,blue_ramp,ramp,0.0,1.5,0.0,0.9077815888759989,1017.6985433421089,False,settled
b,blue_ramp,ramp,0.0,1.5,0.0,1.1163967065084042,951.076486953806,False,settled
b,blue_ramp,ramp,0.0,1.5,0.0,1.6272656679113113,809.103685754628,False,settled
b,blue_ramp,ramp,0.0,1.5,0.0,1.3511066334833242,878.6885062747311,False,settled
b,blue_ramp,ramp,0.0,1.5,0.0,1.4678374347372969,845.1258230746045,False,settled
b,blue_ramp,ramp,0.0,1.5,0.0,1.4749614412394276,847.038651316989,False,settled
b,blue_ramp,ramp,0.0,1.5,0.0,0.9770325501018471,997.0720671300552,False,settled
b,blue_ramp,ramp,0.0,1.5,0.0,1.0143668368745118,987.8868840711588,False,settled
b,blue_ramp,ramp,0.0,1.5,0.0,1.0111020503560124,980.3782601144534,False,settled
b,blue_ramp,ramp,0.0,1.5,0.0,1.0371957072567515,979.4398470716866,False,settled
b,blue_ramp,ramp,0.0,1.5,0.0,0.7762429444053727,1068.2048386937056,False,settled
b,blue_ramp,ramp,0.0,1.5,0.0,1.0016483778800789,985.2158057567276,False,settled
b,blue_ramp,ramp,0.0,1.5,0.0,1.5411634341424025,830.5118131844861,False,settled
b,blue_ramp,ramp,0.0,1.5,0.0,1.3737517576920455,872.4294091525603,False,settled
b,blue_ramp,ramp,0.0,1.5,0.0,1.5913438504703088,818.6227368361988,False,settled
b,blue_ramp,ramp,0.0,1.5,0.0,1.3884157791414373,868.1187925844331,False,settled
b,blue_ramp,ramp,0.0,1.5,0.0,1.1310659372487173,947.6525166104395,False,settled
b,blue_ramp,ramp,0.0,1.5,0.0,0.815340567234323,1051.3783627827884,False,settled
b,blue_ramp,ramp,0.0,1.5,0.0,1.2840680133552376,894.5858518962256,False,settled
b,blue_ramp,ramp,0.0,1.5,0.0,0.9523653639345366,1005.4999723325772,False,settled
b,blue_ramp,ramp,0.0,1.5,0.0,1.547571881624731,828.8860836763579,False,settled
b,blue_ramp,ramp,0.0,1.5,0.0,0.7294443804169027,1094.8682519024833,False,settled
b,blue_ramp,ramp,0.0,1.5,0.0,1.5122436264697359,838.1627966450559,False,settled
b,blue_ramp,ramp,0.0,1.5,0.0,1.2230091068830005,916.1774106564121,False,settled
b,blue_ramp,ramp,0.0,1.5,0.0,0.9343333451207956,1018.2292666572445,False,settled
b,blue_ramp,ramp,0.0,1.5,0.0,0.6961591356381186,1107.2217369161253,False,settled
b,blue_ramp,ramp,0.0,1.5,0.0,1.1189916520790968,949.1399972151015,False,settled
b,blue_ramp,ramp,0.0,1.5,0.0,0.8551378036283521,1036.2039727461106,False,settled
b,blue_ramp,ramp,0.0,1.5,0.0,0.7067113023447169,1107.3724326104382,False,settled
b,blue_ramp,ramp,0.0,1.5,0.0,0.8003327479026741,1057.6573862567036,False,settled
b,blue_ramp,ramp,0.0,1.5,0.0,1.2875667702827172,897.892236385984,False,settled
b,blue_ramp,ramp,0.0,1.5,0.0,1.3907841725980408,865.9018196905,False,settled
b,blue_ramp,ramp,0.0,1.5,0.0,1.1905869336433499,928.7120723031287,False,settled
b,blue_ramp,ramp,0.0,1.5,0.0,0.7973394738943254,1071.8196637715923,False,settled
b,blue_ramp,ramp,0.0,1.5,0.0,1.4135715617984739,860.9032329295907,False,settled
b,blue_ramp,ramp,0.0,1.5,0.0,0.6903079634960193,1111.3001978275274,False,settled
b,blue_ramp,ramp,0.0,1.5,0.0,1.42716196762946,855.8889751019716,False,settled
b,blue_ramp,ramp,0.0,1.5,0.0,1.2558660368305004,907.0256249230858,False,settled
b,blue_ramp,ramp,0.0,1.5,0.0,0.9822250913092437,992.9705250587426,False,settled
b,blue_ramp,ramp,0.0,1.5,0.0,0.6945537458119767,1105.9910128591093,False,settled
b,blue_ramp,ramp,0.0,1.5,0.0,0.8241715316605718,1058.1922458866939,False,settled
b,blue_ramp,ramp,0.0,1.5,0.0,1.5076734063961181,839.2373966046953,False,settled
b,blue_ramp,ramp,0.0,1.5,0.0,1.6625680777304348,800.9743416826293,False,settled
b,blue_ramp,ramp,0.0,1.5,0.0,1.1979744270683619,922.4525786061781,False,settled
b,blue_ramp,ramp,0.0,1.5,0.0,1.3380426151226636,880.0308288345542,False,settled
b,blue_ramp,ramp,0.0,1.5,0.0,0.9418096620586649,1014.0119830604735,False,settled
b,blue_ramp,ramp,0.0,1.5,0.0,1.4165192848392938,858.0185642733878,False,settled
b,blue_ramp,ramp,0.0,1.5,0.0,1.1783340764742212,931.7242686065027,False,settled
b,blue_ramp,ramp,0.0,1.5,0.0,0.6901503623173022,1109.0834411754088,False,settled
b,blue_ramp,ramp,0.0,1.5,0.0,1.3847326798473287,866.9903580366886,False,settled
b,blue_ramp,ramp,0.0,1.5,0.0,0.9215697536904218,1020.6275211031164,False,settled
b,blue_ramp,ramp,0.0,1.5,0.0,1.3646479227969526,871.0902650376128,False,settled
b,blue_ramp,ramp,0.0,1.5,0.0,1.0567277261331105,973.4935656151788,False,settled
b,blue_ramp,ramp,0.0,1.5,0.0,1.0377303504980435,978.9983118231667,False,settled
b,blue_ramp,ramp,0.0,1.5,0.0,0.8460616712499187,1041.1292653163764,False,settled
b,blue_ramp,ramp,0.0,1.5,0.0,0.934965470617902,1018.1104973617657,False,settled
b,blue_ramp,ramp,0.0,1.5,0.0,1.2538848258394608,908.8500164270763,False,settled
b,blue_ramp,ramp,0.0,1.5,0.0,0.8046100774070679,1057.0453237074792,False,settled
b,blue_ramp,ramp,0.0,1.5,0.0,1.3036502870285145,889.5119605201413,False,settled
b,blue_ramp,ramp,0.0,1.5,0.0,0.8313754169760066,1052.5514630828554,False,settled
b,blue_ramp,ramp,0.0,1.5,0.0,1.2247259626716374,915.5762863998023,False,settled
b,blue_ramp,ramp,0.0,1.5,0.0,1.2334367542768483,912.5273787146814,False,settled
b,blue_ramp,ramp,0.0,1.5,0.0,0.7090611433030796,1101.9670102435973,False,settled
b,blue_ramp,ramp,0.0,1.5,0.0,0.7371930773675959,1088.0822912815117,False,settled
b,blue_ramp,ramp,0.0,1.5,0.0,1.365173180504227,875.7385136816936,False,settled
b,blue_ramp,ramp,0.0,1.5,0.0,1.4547202705786948,847.633830103897,False,settled
b,blue_ramp,ramp,0.0,1.5,0.0,0.8535670286305103,1049.24836418982,False,settled
b,blue_ramp,ramp,0.0,1.5,0.0,0.8503893973300005,1037.8372147445145,False,settled
b,blue_ramp,ramp,0.0,1.5,0.0,1.3866811260521745,864.9239808354029,False,settled
b,blue_ramp,ramp,0.0,1.5,0.0,1.151733176375884,936.5971937610599,False,settled
b,blue_ramp,ramp,0.0,1.5,0.0,0.7345945762492805,1097.9138062064646,False,settled
b,blue_ramp,ramp,0.0,1.5,0.0,1.2511427015812635,904.3241070273172,False,settled
b,blue_ramp,ramp,0.0,1.5,0.0,1.439181725742158,851.8857076228087,False,settled
b,blue_ramp,ramp,0.0,1.5,0.0,1.0709260742979232,966.3115998526837,False,settled
b,blue_ramp,ramp,0.0,1.5,0.0,1.0167112905509772,985.9534715370872,False,settled
b,blue_ramp,ramp,0.0,1.5,0.0,1.1345309499254068,944.7396352063465,False,settled
b,blue_ramp,ramp,0.0,1.5,0.0,0.8829331903051751,1037.105176117919,False,settled
b,blue_ramp,ramp,0.0,1.5,0.0,1.1292863493166199,949.211279048866,False,settled
b,blue_ramp,ramp,0.0,1.5,0.0,1.4863588508350696,843.9378612053804,False,settled
b,blue_ramp,ramp,0.0,1.5,0.0,0.9590533904790286,1000.1512553556624,False,settled
b,blue_ramp,ramp,0.0,1.5,0.0,0.9730651237689432,1000.1872775958111,False,settled
b,blue_ramp,ramp,0.0,1.5,0.0,0.7418115440941517,1088.5665679872402,False,settled
b,blue_ramp,ramp,0.0,1.5,0.0,1.0042299026814492,984.6770016691802,False,settled
b,blue_ramp,ramp,0.0,1.5,0.0,1.0524912100347188,967.2858494695677,False,settled
b,blue_ramp,ramp,0.0,1.5,0.0,1.61508758625029,812.797361531995,False,settled
b,blue_ramp,ramp,0.0,1.5,0.0,1.2711422960599508,899.840143770684,False,settled
b,blue_ramp,ramp,0.0,1.5,0.0,0.8499790513411811,1038.2182112489104,False,settled
b,blue_ramp,ramp,0.0,1.5,0.0,0.7903394165401052,1072.7424653816631,False,settled
b,blue_ramp,ramp,0.0,1.5,0.0,1.0160530295239498,986.4963272308974,False,settled
b,blue_ramp,ramp,0.0,1.5,0.0,1.075311331870772,965.1968112251659,False,settled
b,blue_ramp,ramp,0.0,1.5,0.0,1.5610214169738028,826.4776442292298,False,settled
b,blue_ramp,ramp,0.0,1.5,0.0,0.7151708022805582,1105.9733134712708,False,settled
b,blue_ramp,ramp,0.0,1.5,0.0,1.550699071950354,829.6874897114578,False,settled
b,blue_ramp,ramp,0.0,1.5,0.0,1.362358700662362,873.3711356750821,False,settled
b,blue_ramp,ramp,0.0,1.5,0.0,1.2502782893557352,905.178850881863,False,settled
b,blue_ramp,ramp,0.0,1.5,0.0,0.8815662098525217,1038.2010755913361,False,settled
b,blue_ramp,ramp,0.0,1.5,0.0,1.0224985029924019,981.2138110322057,False,settled
b,blue_ramp,ramp,0.0,1.5,0.0,0.7454636616698337,1084.0178177326325,False,settled
b,blue_ramp,ramp,0.0,1.5,0.0,1.1930304304195134,926.8025815598662,False,settled
b,blue_ramp,ramp,0.0,1.5,0.0,1.2214301395440814,917.2240459758156,False,settled
b,blue_ramp,ramp,0.0,1.5,0.0,1.6588849585156709,802.2491943525968,False,settled
b,blue_ramp,ramp,0.0,1.5,0.0,0.7768608073014234,1067.735616357193,False,settled
b,blue_ramp,ramp,0.0,1.5,0.0,1.3248550491782178,886.9794575976254,False,settled
b,blue_ramp,ramp,0.0,1.5,0.0,0.7028607534672152,1103.089255435944,False,settled
b,blue_ramp,ramp,0.0,1.5,0.0,1.6385021238918391,807.8127927297204,False,settled
b,blue_ramp,ramp,0.0,1.5,0.0,0.6888353194800553,1116.465205760851,False,settled
b,blue_ramp,ramp,0.0,1.5,0.0,0.8649292421770973,1034.6229861413324,False,settled
b,blue_ramp,ramp,0.0,1.5,0.0,1.1424369087182513,939.3255629463587,False,settled
b,blue_ramp,ramp,0.0,1.5,0.0,1.6684095829560839,799.5929803494538,False,settled
b,blue_ramp,ramp,0.0,1.5,0.0,0.7253346421921643,1093.4697696179885,False,settled
b,blue_ramp,ramp,0.0,1.5,0.0,0.9687495578535884,1003.6909941273703,False,settled
b,blue_ramp,ramp,0.0,1.5,0.0,0.9792252322625491,995.3420818761465,False,settled
b,blue_ramp,ramp,0.0,1.5,0.0,1.0046690497793698,984.5853857347491,False,settled
b,blue_ramp,ramp,0.0,1.5,0.0,1.130516659694778,948.1156765704623,False,settled
b,blue_ramp,ramp,0.0,1.5,0.0,1.0905422954372588,954.6996444388764,False,settled
b,blue_ramp,ramp,0.0,1.5,0.0,0.7551342226654699,1077.5179376434535,False,settled
b,blue_ramp,ramp,0.0,1.5,0.0,1.445441932028928,849.2877347129396,False,settled
b,blue_ramp,ramp,0.0,1.5,0.0,1.371988238029785,869.060873022755,False,settled
b,blue_ramp,ramp,0.0,1.5,0.0,1.0220354328924424,981.5925489574179,False,settled
b,blue_ramp,ramp,0.0,1.5,0.0,1.4598075256868093,846.0798995138823,False,settled
b,blue_ramp,ramp,0.0,1.5,0.0,1.071105923264926,966.2655916353069,False,settled
b,blue_ramp,ramp,0.0,1.5,0.0,1.5316715721247536,834.0071507714194,False,settled
b,blue_ramp,ramp,0.0,1.5,0.0,0.6982953959930845,1114.617230918271,False,settled
b,blue_ramp,ramp,0.0,1.5,0.0,1.259880927542248,903.3337876361305,False,settled
b,blue_ramp,ramp,0.0,1.5,0.0,1.4035148561111974,859.9320749913907,False,settled
b,blue_ramp,ramp,0.0,1.5,0.0,1.6533108290115532,803.8894932819228,False,settled
b,blue_ramp,ramp,0.0,1.5,0.0,1.1079466346794649,949.4928512954627,False,settled
b,blue_ramp,ramp,0.0,1.5,0.0,1.2576270356592345,905.4045157706793,False,settled
b,blue_ramp,ramp,0.0,1.5,0.0,0.9741603423611036,999.3035438834751,False,settled
b,blue_ramp,ramp,0.0,1.5,0.0,1.4677063697647292,845.2827870536014,False,settled
b,blue_ramp,ramp,0.0,1.5,0.0,1.4173706595656839,857.0173915046752,False,settled
b,blue_ramp,ramp,0.0,1.5,0.0,1.4524075796146163,850.2353528799143,False,settled
b,blue_ramp,ramp,0.0,1.5,0.0,0.7291864448871893,1094.8806000732775,False,settled
b,blue_ramp,ramp,0.0,1.5,0.0,1.6659920342448915,800.3244441784539,False,settled
b,blue_ramp,ramp,0.0,1.5,0.0,0.8806053983781165,1026.6217025938545,False,settled
b,blue_ramp,ramp,0.0,1.5,0.0,1.0572815481204723,973.0388103455874,False,settled
b,blue_ramp,ramp,0.0,1.5,0.0,1.0285729718850738,976.6169855994394,False,settled
b,blue_ramp,ramp,0.0,1.5,0.0,0.8622526313433869,1035.1079316052642,False,settled
b,blue_ramp,ramp,0.0,1.5,0.0,1.6356108149599136,808.1390534985069,False,settled
b,blue_ramp,ramp,0.0,1.5,0.0,1.676582395684865,797.8588796164457,False,settled
b,blue_ramp,ramp,0.0,1.5,0.0,1.6057939496859,815.5723306212478,False,settled
b,blue_ramp,ramp,0.0,1.5,0.0,1.275787927767285,902.2929032848527,False,settled
b,blue_ramp,ramp,0.0,1.5,0.0,1.2553175805007397,907.5307482369376,False,settled
b,blue_ramp,ramp,0.0,1.5,0.0,1.1374853054364105,942.5056340419392,False,settled
b,blue_ramp,ramp,0.0,1.5,0.0,1.5288461697834541,832.4042967206858,False,settled
b,blue_ramp,ramp,0.0,1.5,0.0,0.7740913804694567,1069.9323245392975,False,settled
b,blue_ramp,ramp,0.0,1.5,0.0,0.9976808700407225,985.9664537684171,False,settled
b,blue_ramp,ramp,0.0,1.5,0.0,1.1336334924246483,945.4939615288421,False,settled
b,blue_ramp,ramp,0.0,1.5,0.0,0.8798655338242233,1027.184893832501,False,settled
b,blue_ramp,ramp,0.0,1.5,0.0,1.3303828376932278,881.6677376525986,False,settled
b,blue_ramp,ramp,0.0,1.5,0.0,0.8255393281872796,1057.1153138241905,False,settled
b,blue_ramp,ramp,0.0,1.5,0.0,1.2327015092467772,912.7846682283247,False,settled
b,blue_ramp,ramp,0.0,1.5,0.0,0.8189697295319686,1062.0541322675779,False,settled
b,blue_ramp,ramp,0.0,1.5,0.0,0.8545177477978452,1036.2304809314487,False,settled
b,blue_ramp,ramp,0.0,1.5,0.0,0.7316101895603607,1099.932960004973,False,settled
b,blue_ramp,ramp,0.0,1.5,0.0,1.2535923655565209,909.1193210788522,False,settled
b,blue_ramp,ramp,0.0,1.5,0.0,1.5873155219637107,820.2649014098375,False,settled
b,blue_ramp,ramp,0.0,1.5,0.0,0.8917125368327867,1030.3269085203822,False,settled
b,blue_ramp,ramp,0.0,1.5,0.0,1.5865772952069057,819.4796650525283,False,settled
b,blue_ramp,ramp,0.0,1.5,0.0,0.7338314715604954,1098.28994539852,False,settled
b,blue_ramp,ramp,0.0,1.5,0.0,1.0987258175375898,956.881658332268,False,settled
b,blue_ramp,ramp,0.0,1.5,0.0,1.4946217616643573,841.5262592937703,False,settled
b,blue_ramp,ramp,0.0,1.5,0.0,0.6895032203761922,1115.425029157248,False,settled
b,blue_ramp,ramp,0.0,1.5,0.0,1.0555379281858783,964.9062459207053,False,settled
b,blue_ramp,ramp,0.0,1.5,0.0,0.9079725287064383,1017.5517608425441,False,settled
b,blue_ramp,ramp,0.0,1.5,0.0,1.2944102136797158,891.6468190524643,False,settled
b,blue_ramp,ramp,0.0,1.5,0.0,1.228187551854976,914.3644709211119,False,settled
b,blue_ramp,ramp,0.0,1.5,0.0,1.5221649648008109,835.6576590370737,False,settled
b,blue_ramp,ramp,0.0,1.5,0.0,1.4009954981864268,861.1980575531785,False,settled
b,blue_ramp,ramp,0.0,1.5,0.0,1.5713684128585477,823.2394810829875,False,settled
b,blue_ramp,ramp,0.0,1.5,0.0,1.1259985601377338,943.275322286258,False,settled
b,blue_ramp,ramp,0.0,1.5,0.0,0.9298388134521984,1019.0737310270835,False,settled
b,blue_ramp,ramp,0.0,1.5,0.0,0.8559007967551159,1036.0829608079644,False,settled
b,blue_ramp,ramp,0.0,1.5,0.0,0.8649065863501282,1034.6632395336226,False,settled
b,blue_ramp,ramp,0.0,1.5,0.0,1.5227236164821913,834.6737393869093,False,settled
b,blue_ramp,ramp,0.0,1.5,0.0,1.6314648633352649,808.8607267652778,False,settled
b,blue_ramp,ramp,0.0,1.5,0.0,0.9496452673590348,1007.6867849410203,False,settled
b,blue_ramp,ramp,0.0,1.5,0.0,1.6167597012002866,811.7613268174758,False,settled
b,blue_ramp,ramp,0.0,1.5,0.0,1.6262727466225793,810.3293803461135,False,settled
b,blue_ramp,ramp,0.0,1.5,0.0,0.7853210415534588,1075.3660458148215,False,settled
b,blue_ramp,ramp,0.0,1.5,0.0,1.48290235111826,844.1922550150138,False,settled
b,blue_ramp,ramp,0.0,1.5,0.0,0.8414448456262786,1044.6944272549265,False,settled
b,blue_ramp,ramp,0.0,1.5,0.0,0.9765157179370945,997.4794746439751,False,settled
b,blue_ramp,ramp,0.0,1.5,0.0,0.9183796018794395,1021.5700888532668,False,settled
b,blue_ramp,ramp,0.0,1.5,0.0,1.2582821601109844,904.8014149825749,False,settled
b,blue_ramp,ramp,0.0,1.5,0.0,0.8015833750361001,1057.4116088589074,False,settled
b,blue_ramp,ramp,0.0,1.5,0.0,0.9570566509971676,1001.7436753005936,False,settled
b,blue_ramp,ramp,0.0,1.5,0.0,0.8861502886228293,1034.772231306946,False,settled
b,blue_ramp,ramp,0.0,1.5,0.0,0.8061488571019451,1056.94217077151,False,settled
b,blue_ramp,ramp,0.0,1.5,0.0,1.5394942117079018,831.9165872916518,False,settled
b,blue_ramp,ramp,0.0,1.5,0.0,1.1688626672303233,931.8078337449319,False,settled
b,blue_ramp,ramp,0.0,1.5,0.0,1.1769703650709773,932.6686949206658,False,settled
b,blue_ramp,ramp,0.0,1.5,0.0,1.214218957110176,916.1414049082867,False,settled
b,blue_ramp,ramp,0.0,1.5,0.0,0.8858084687976637,1035.0464560796688,False,settled
b,blue_ramp,ramp,0.0,1.5,0.0,1.4060082009934916,863.3528621214111,False,settled
b,blue_ramp,ramp,0.0,1.5,0.0,1.396423168242393,864.9285563337983,False,settled
b,blue_ramp,ramp,0.0,1.5,0.0,1.639787622277939,807.3284766175533,False,settled
b,blue_ramp,ramp,0.0,1.5,0.0,0.984787104019866,991.3159660951735,False,settled
b,blue_ramp,ramp,0.0,1.5,0.0,1.4579135509836911,848.2229842230763,False,settled
b,blue_ramp,ramp,0.0,1.5,0.0,1.5489868599574392,828.9167973189506,False,settled
b,blue_ramp,ramp,0.0,1.5,0.0,1.1016645932197062,954.4112175607247,False,settled
b,blue_ramp,ramp,0.0,1.5,0.0,1.2145587497868278,915.844860475479,False,settled
b,blue_ramp,ramp,0.0,1.5,0.0,0.9948790175786595,986.5549589081768,False,settled
b,blue_ramp,ramp,0.0,1.5,0.0,0.7596429810647811,1077.6986771706563,False,settled
b,blue_ramp,ramp,0.0,1.5,0.0,1.0130019748043488,989.012660835618,False,settled
b,blue_ramp,ramp,0.0,1.5,0.0,1.1378836335254674,942.1685813677608,False,settled
b,blue_ramp,ramp,0.0,1.5,0.0,1.5177196245284077,836.9044122713705,False,settled
b,blue_ramp,ramp,0.0,1.5,0.0,1.0722974148165212,965.9607891206238,False,settled
b,blue_ramp,ramp,0.0,1.5,0.0,1.6779415420642023,797.8550251946056,False,settled
b,blue_ramp,ramp,0.0,1.5,0.0,1.339145282658652,879.2249008388418,False,settled
b,blue_ramp,ramp,0.0,1.5,0.0,1.3907150772053691,865.9740752474215,False,settled
b,blue_ramp,ramp,0.0,1.5,0.0,1.111902178519179,954.8981329467292,False,settled
b,blue_ramp,ramp,0.0,1.5,0.0,1.6471627892199696,805.4624834118691,False,settled
b,blue_ramp,ramp,0.0,1.5,0.0,1.3082320599439816,891.41896681642,False,settled
b,blue_ramp,ramp,0.0,1.5,0.0,1.1992500926918843,921.3342345638927,False,settled
b,blue_ramp,ramp,0.0,1.5,0.0,0.9625655637032282,997.7363202252944,False,settled
b,blue_ramp,ramp,0.0,1.5,0.0,1.2667866869534814,903.8778499788947,False,settled
b,blue_ramp,ramp,0.0,1.5,0.0,1.2400328536971936,907.2289198537445,False,settled
b,blue_ramp,ramp,0.0,1.5,0.0,0.8002519050665504,1057.6669546157254,False,settled
b,blue_ramp,ramp,0.0,1.5,0.0,0.7183353895426573,1098.0874795528348,False,settled
b,blue_ramp,ramp,0.0,1.5,0.0,0.7401966744332251,1084.7291317500465,False,settled
b,blue_ramp,ramp,0.0,1.5,0.0,1.3868167102302094,864.8823831636788,False,settled
b,blue_ramp,ramp,0.0,1.5,0.0,1.2996001033688491,893.2302838093613,False,settled
b,blue_ramp,ramp,0.0,1.5,0.0,1.1414385206342392,939.6188182152409,False,settled
b,blue_ramp,ramp,0.0,1.5,0.0,0.7246789204029163,1090.6442510182478,False,settled
b,blue_ramp,ramp,0.0,1.5,0.0,1.201747792948628,919.1626758250966,False,settled
b,blue_ramp,ramp,0.0,1.5,0.0,0.9245834680451375,1020.061410436092,False,settled
b,blue_ramp,ramp,0.0,1.5,0.0,1.1058748604820434,951.138207098772,False,settled
b,blue_ramp,ramp,0.0,1.5,0.0,1.2160108068033604,914.5099024298664,False,settled
b,blue_ramp,ramp,0.0,1.5,0.0,1.2710234741990007,899.9502903655092,False,settled
b,blue_ramp,ramp,0.0,1.5,0.0,1.2950445383454894,891.0637502901885,False,settled
b,blue_ramp,ramp,0.0,1.5,0.0,1.1125908125060175,954.3116205592376,False,settled
b,blue_ramp,ramp,0.0,1.5,0.0,1.3422933412940639,881.7065212760562,False,settled
b,blue_ramp,ramp,0.0,1.5,0.0,1.1642732047778657,935.7914753102743,False,settled
b,blue_ramp,ramp,0.0,1.5,0.0,0.9597789889687024,999.6610751807925,False,settled
b,blue_ramp,ramp,0.0,1.5,0.0,1.6815732172760927,794.5094325999081,False,settled
b,blue_ramp,ramp,0.0,1.5,0.0,1.1686931566164511,931.954152705768,False,settled
b,blue_ramp,ramp,0.0,1.5,0.0,0.9243022347242753,1020.1142589821317,False,settled
b,blue_ramp,ramp,0.0,1.5,0.0,1.4758944758588504,844.0002848886231,False,settled
b,blue_ramp,ramp,0.0,1.5,0.0,0.8050094523645954,1056.998972804288,False,settled
b,blue_ramp,ramp,0.0,1.5,0.0,1.2812517256967948,897.1898253992725,False,settled
b,blue_ramp,ramp,0.0,1.5,0.0,1.5091001812864158,838.6588146360957,False,settled
b,blue_ramp,ramp,0.0,1.5,0.0,1.1073490736736031,949.993908088663,False,settled
b,blue_ramp,ramp,0.0,1.5,0.0,1.057665287284598,972.7237108041838,False,settled
b,blue_ramp,ramp,0.0,1.5,0.0,1.1749501402802511,926.6854225988277,False,settled
b,blue_ramp,ramp,0.0,1.5,0.0,1.2720079860164146,899.0419654745928,False,settled
b,blue_ramp,ramp,0.0,1.5,0.0,0.9212144324441918,1020.6940869140527,False,settled
b,blue_ramp,ramp,0.0,1.5,0.0,0.6994321242419037,1110.222948139311,False,settled
b,blue_ramp,ramp,0.0,1.5,0.0,0.6914207678983652,1110.4025492810533,False,settled
b,blue_ramp,ramp,0.0,1.5,0.0,1.3473813133370371,876.9199337301324,False,settled
b,blue_ramp,ramp,0.0,1.5,0.0,1.111358848311926,946.6327684783336,False,settled
b,blue_ramp,ramp,0.0,1.5,0.0,1.1118272602662884,954.9619408574357,False,settled
b,blue_ramp,ramp,0.0,1.5,0.0,1.0545149244494119,965.7789780676027,False,settled
b,blue_ramp,ramp,0.0,1.5,0.0,1.3625746353992538,873.1529084996075,False,settled
b,blue_ramp,ramp,0.0,1.5,0.0,1.6544167874495874,803.0730992452981,False,settled
b,blue_ramp,ramp,0.0,1.5,0.0,1.1644785729438,935.6127371545094,False,settled
b,blue_ramp,ramp,0.0,1.5,0.0,0.7381404827003815,1089.0049834551412,False,settled
b,blue_ramp,ramp,0.0,1.5,0.0,1.4694663681092006,848.172642447004,False,settled
b,blue_ramp,ramp,0.0,1.5,0.0,1.0667077220989178,967.3907201834858,False,settled
b,blue_ramp,ramp,0.0,1.5,0.0,1.1385470484949913,941.6072131559597,False,settled
b,blue_ramp,ramp,0.0,1.5,0.0,0.7202963379937575,1100.4555929803055,False,settled
b,blue_ramp,ramp,0.0,1.5,0.0,1.1123771038114754,954.4936376122716,False,settled
b,blue_ramp,ramp,0.0,1.5,0.0,1.3602617247132542,875.1361324260615,False,settled
b,blue_ramp,ramp,0.0,1.5,0.0,0.8524930612722392,1049.419284616948,False,settled
b,blue_ramp,ramp,0.0,1.5,0.0,0.9847258246761421,991.3642084704672,False,settled
b,blue_ramp,ramp,0.0,1.5,0.0,1.0169086561368463,985.7907071586106,False,settled
b,blue_ramp,ramp,0.0,1.5,0.0,0.8493905492941881,1038.663215969104,False,settled
b,blue_ramp,ramp,0.0,1.5,0.0,1.3975597590935718,863.9893666990993,False,settled
b,blue_ramp,ramp,0.0,1.5,0.0,1.6859634585920147,793.7932153976692,False,settled
b,blue_ramp,ramp,0.0,1.5,0.0,1.246744536942142,908.2946505194714,False,settled
b,blue_ramp,ramp,0.0,1.5,0.0,1.1772824420645458,932.3952826338079,False,settled
b,blue_ramp,ramp,0.0,1.5,0.0,1.144969707558265,938.581958864441,False,settled
b,blue_ramp,ramp,0.0,1.5,0.0,1.1294682412656452,949.0613060487389,False,settled
b,blue_ramp,ramp,0.0,1.5,0.0,0.807064366756558,1056.8365744869038,False,settled
b,blue_ramp,ramp,0.0,1.5,0.0,1.327380879754346,884.510099232153,False,settled
b,blue_ramp,ramp,0.0,1.5,0.0,1.0325485565020682,973.4131922829898,False,settled
b,blue_ramp,ramp,0.0,1.5,0.0,1.0314503521801355,974.2068067473507,False,settled
b,blue_ramp,ramp,0.0,1.5,0.0,1.6070185040121343,815.8154015094541,False,settled
b,blue_ramp,ramp,0.0,1.5,0.0,1.2961091915832794,890.1898975258928,False,settled
b,blue_ramp,ramp,0.0,1.5,0.0,1.1356654604505718,944.039876334607,False,settled
b,blue_ramp,ramp,0.0,1.5,0.0,1.2924477605656135,893.4399517120578,False,settled
b,blue_ramp,ramp,0.0,1.5,0.0,1.4787437319823802,846.7039325225445,False,settled
b,blue_ramp,ramp,0.0,1.5,0.0,1.521017078532392,836.0263934683085,False,settled
b,blue_ramp,ramp,0.0,1.5,0.0,1.344106758595363,879.8995786594373,False,settled
b,blue_ramp,ramp,0.0,1.5,0.0,0.9369927190544672,1006.2718457705965,False,settled
b,blue_ramp,ramp,0.0,1.5,0.0,1.3033482696399434,889.7077855574183,False,settled
b,blue_ramp,ramp,0.0,1.5,0.0,1.4809487089064903,846.6234845199248,False,settled
b,blue_ramp,ramp,0.0,1.5,0.0,1.0770959282164334,964.7467075460764,False,settled
b,blue_ramp,ramp,0.0,1.5,0.0,1.5092179784945183,838.4943240009934,False,settled
b,blue_ramp,ramp,0.0,1.5,0.0,1.0434168679389408,974.3052309786317,False,settled
b,blue_ramp,ramp,0.0,1.5,0.0,0.9672903533783683,1004.8757785316399,False,settled
b,blue_ramp,ramp,0.0,1.5,0.0,1.5781390818063343,821.7147764175829,False,settled
b,blue_ramp,ramp,0.0,1.5,0.0,1.3000839099275618,892.7770039456836,False,settled
b,blue_ramp,ramp,0.0,1.5,0.0,0.769758601511636,1073.011795819561,False,settled
b,blue_ramp,ramp,0.0,1.5,0.0,1.393196309459023,863.4015282366521,False,settled
b,blue_ramp,ramp,0.0,1.5,0.0,1.2818722961162832,896.6106685291415,False,settled
b,blue_ramp,ramp,0.0,1.5,0.0,1.3676949201653155,873.1589040449065,False,settled
b,blue_ramp,ramp,0.0,1.5,0.0,0.813801265352704,1052.6304672657823,False,settled
b,blue_ramp,ramp,0.0,1.5,0.0,1.5475529900284228,828.9147555880087,False,settled
b,blue_ramp,ramp,0.0,1.5,0.0,0.8405615314024852,1045.380018247627,False,settled
b,blue_ramp,ramp,0.0,1.5,0.0,0.8148748031352904,1051.8059083419678,False,settled
b,blue_ramp,ramp,0.0,1.5,0.0,1.387546906403936,869.0253626940524,False,settled
b,blue_ramp,ramp,0.0,1.5,0.0,0.7839655219519603,1076.4347290181877,False,settled
b,blue_ramp,ramp,0.0,1.5,0.0,1.0268433138684714,977.6649022304232,False,settled
b,blue_ramp,ramp,0.0,1.5,0.0,0.8021676575810099,1057.337310970587,False,settled
b,blue_ramp,ramp,0.0,1.5,0.0,0.9548701442229698,1003.4874999521704,False,settled
b,blue_ramp,ramp,0.0,1.5,0.0,1.3724850764234764,868.5983498597699,False,settled
b,blue_ramp,ramp,0.0,1.5,0.0,1.0056604766155728,984.3785513094066,False,settled
b,blue_ramp,ramp,0.0,1.5,0.0,0.7432563678838736,1089.2366237314943,False,settled
b,blue_ramp,ramp,0.0,1.5,0.0,0.9105615049224498,1015.668106175766,False,settled
b,blue_ramp,ramp,0.0,1.5,0.0,0.9938026044830117,986.7797163011658,False,settled
b,blue_ramp,ramp,0.0,1.5,0.0,1.0107046540369709,980.6916777312334,False,settled
b,blue_ramp,ramp,0.0,1.5,0.0,0.8167799965465207,1063.7970796128561,False,settled
b,blue_ramp,ramp,0.0,1.5,0.0,1.1611391241848812,938.2645863573659,False,settled
b,blue_ramp,ramp,0.0,1.5,0.0,1.470876247969825,845.7879272061507,False,settled
b,blue_ramp,ramp,0.0,1.5,0.0,1.0413979337082977,975.9705242341544,False,settled
b,blue_ramp,ramp,0.0,1.5,0.0,0.8185329738426138,1062.4018344099507,False,settled
b,blue_ramp,ramp,0.0,1.5,0.0,0.7203941580928067,1101.1493406364302,False,settled
b,blue_ramp,ramp,0.0,1.5,0.0,1.0936150833586566,961.1983465015638,False,settled
b,blue_ramp,ramp,0.0,1.5,0.0,0.9477022212516305,1009.2491494902448,False,settled
b,blue_ramp,ramp,0.0,1.5,0.0,1.685952345027188,793.8515710502384,False,settled
b,blue_ramp,ramp,0.0,1.5,0.0,0.7382660717604781,1089.126417596486,False,settled
b,blue_ramp,ramp,0.0,1.5,0.0,0.8965225505071464,1026.4963189330665,False,settled
b,blue_ramp,ramp,0.0,1.5,0.0,1.3462351938395916,877.7789694745337,False,settled
b,blue_ramp,ramp,0.0,1.5,0.0,1.544585142851018,828.8230373333416,False,settled
b,blue_ramp,ramp,0.0,1.5,0.0,0.9655612127269919,1006.2800164361266,False,settled
b,blue_ramp,ramp,0.0,1.5,0.0,0.7233294644293065,1091.792630883528,False,settled
b,blue_ramp,ramp,0.0,1.5,0.0,1.2323640675135545,912.9027515942394,False,settled
b,blue_ramp,ramp,0.0,1.5,0.0,1.4381967689973307,852.9155542744622,False,settled
b,blue_ramp,ramp,0.0,1.5,0.0,1.424517388317222,858.5871546772205,False,settled
b,blue_ramp,ramp,0.0,1.5,0.0,1.0512878568878445,968.3189526242915,False,settled
b,blue_ramp,ramp,0.0,1.5,0.0,1.6771076453020077,797.5138023097946,False,settled
b,blue_ramp,ramp,0.0,1.5,0.0,1.1326216446372852,946.3447079776165,False,settled
b,blue_ramp,ramp,0.0,1.5,0.0,0.79689061806219,1071.8787854431037,False,settled
b,blue_ramp,ramp,0.0,1.5,0.0,0.7042376979711669,1110.7493087125545,False,settled
b,blue_ramp,ramp,0.0,1.5,0.0,0.846270109613448,1040.9675737922275,False,settled
b,blue_ramp,ramp,0.0,1.5,0.0,1.176516100625552,933.0666764465307,False,settled
b,blue_ramp,ramp,0.0,1.5,0.0,0.8658824805066536,1034.4843771328804,False,settled
b,blue_ramp,ramp,0.0,1.5,0.0,1.0941181862348177,960.7733303401816,False,settled
b,blue_ramp,ramp,0.0,1.5,0.0,1.16738106386787,933.0866923344855,False,settled
b,blue_ramp,ramp,0.0,1.5,0.0,1.1423388705987274,939.3543383163617,False,settled
b,blue_ramp,ramp,0.0,1.5,0.0,1.403041644530394,860.2367674697489,False,settled
b,blue_ramp,ramp,0.0,1.5,0.0,0.8900111936583555,1031.681867818854,False,settled
b,blue_ramp,ramp,0.0,1.5,0.0,0.9468563119194473,1009.9293283235739,False,settled
b,blue_ramp,ramp,0.0,1.5,0.0,1.6144721057841291,813.408450579123,False,settled
b,blue_ramp,ramp,0.0,1.5,0.0,1.0708996806306514,966.3183517709175,False,settled
b,blue_ramp,ramp,0.0,1.5,0.0,1.0334563378183124,972.6897471600882,False,settled
b,blue_ramp,ramp,0.0,1.5,0.0,1.5158060438173493,837.0495860564802,False,settled
b,blue_ramp,ramp,0.0,1.5,0.0,1.1443441206402734,938.765771926174,False,settled
b,blue_ramp,ramp,0.0,1.5,0.0,0.9315981091457928,1018.7431837739975,False,settled
b,blue_ramp,ramp,0.0,1.5,0.0,0.7045154168065786,1112.0057306760675,False,settled
b,blue_ramp,ramp,0.0,1.5,0.0,0.9256794200790983,1019.8554618109691,False,settled
b,blue_ramp,ramp,0.0,1.5,0.0,0.8255232541039688,1057.1279691416198,False,settled
b,blue_ramp,ramp,0.0,1.5,0.0,0.9881599847474452,988.6854848286888,False,settled
b,blue_ramp,ramp,0.0,1.5,0.0,0.9950437122975633,986.5205701858672,False,settled
b,blue_ramp,ramp,0.0,1.5,0.0,0.7628077632581551,1077.3367474825354,False,settled
b,blue_ramp,ramp,0.0,1.5,0.0,0.8375667379896707,1047.7091614918825,False,settled
b,blue_ramp,ramp,0.0,1.5,0.0,1.4147545552057923,859.8617322388006,False,settled
b,blue_ramp,ramp,0.0,1.5,0.0,1.5104143201452374,838.0665285733669,False,settled
b,blue_ramp,ramp,0.0,1.5,0.0,0.7063990180816246,1105.9637738037168,False,settled
b,blue_ramp,ramp,0.0,1.5,0.0,1.4040314952738986,864.4092867135441,False,settled
b,blue_ramp,ramp,0.0,1.5,0.0,1.067436659904323,967.204246562706,False,settled
b,blue_ramp,ramp,0.0,1.5,0.0,1.2907965737406686,894.9572432245069,False,settled
b,blue_ramp,ramp,0.0,1.5,0.0,1.1636827632502071,936.0529649132903,False,settled
b,yellow_ramp,ramp,0.0,1.5,0.0,0.23011178504325303,1108.6591574307988,False,settled
b,yellow_ramp,ramp,0.0,1.5,0.0,1.2228037336111375,790.7982166368106,False,settled
b,yellow_ramp,ramp,0.0,1.5,0.0,0.9978203999387634,848.581540512696,False,settled
b,yellow_ramp,ramp,0.0,1.5,0.0,0.7115780401116876,931.0716638990242,False,settled
b,yellow_ramp,ramp,0.0,1.5,0.0,0.3963295643284758,1034.8744699487074,False,settled
b,yellow_ramp,ramp,0.0,1.5,0.0,1.168324225518492,807.5560302262315,False,settled
b,yellow_ramp,ramp,0.0,1.5,0.0,0.6026682128463304,966.5054727842183,False,settled
b,yellow_ramp,ramp,0.0,1.5,0.0,0.7661765535278324,912.44346415121,False,settled
b,yellow_ramp,ramp,0.0,1.5,0.0,0.9689087124527035,854.6983280470225,False,settled
b,yellow_ramp,ramp,0.0,1.5,0.0,0.24375307492662968,1108.7629475173183,False,settled
b,yellow_ramp,ramp,0.0,1.5,0.0,0.7983137481112992,904.7800615417449,False,settled
b,yellow_ramp,ramp,0.0,1.5,0.0,0.7649912169608906,912.8582572934536,False,settled
b,yellow_ramp,ramp,0.0,1.5,0.0,0.47981026425035994,1009.5643191400907,False,settled
b,yellow_ramp,ramp,0.0,1.5,0.0,0.7353009264644979,918.2495483880565,False,settled
b,yellow_ramp,ramp,0.0,1.5,0.0,0.703658560592855,929.826066436361,False,settled
b,yellow_ramp,ramp,0.0,1.5,0.0,0.8624890441111791,881.9646751032441,False,settled
b,yellow_ramp,ramp,0.0,1.5,0.0,0.9032478913633085,870.3120293526134,False,settled
b,yellow_ramp,ramp,0.0,1.5,0.0,0.601623494081752,966.7727282237655,False,settled
b,yellow_ramp,ramp,0.0,1.5,0.0,0.9472447783019029,859.872446693136,False,settled
b,yellow_ramp,ramp,0.0,1.5,0.0,0.30490907423425784,1071.1228627187777,False,settled
b,yellow_ramp,ramp,0.0,1.5,0.0,0.8674598334911572,883.0671377512315,False,settled
b,yellow_ramp,ramp,0.0,1.5,0.0,0.7758222904731427,911.4232419475275,False,settled
b,yellow_ramp,ramp,0.0,1.5,0.0,1.0737209058759385,830.421540612223,False,settled
b,yellow_ramp,ramp,0.0,1.5,0.0,0.8817376602484506,875.1339704484958,False,settled
b,yellow_ramp,ramp,0.0,1.5,0.0,0.7070514796510309,927.0158278534082,False,settled
b,yellow_ramp,ramp,0.0,1.5,0.0,0.5946817654067755,969.0230658500459,False,settled
b,yellow_ramp,ramp,0.0,1.5,0.0,0.35202034480037986,1061.616499605813,False,settled
b,yellow_ramp,ramp,0.0,1.5,0.0,0.756127265893919,915.960971501308,False,settled
b,yellow_ramp,ramp,0.0,1.5,0.0,0.3496351521916401,1063.5144409338557,False,settled
b,yellow_ramp,ramp,0.0,1.5,0.0,0.2965835704380357,1076.6854707795244,False,settled
b,yellow_ramp,ramp,0.0,1.5,0.0,0.4927454130429858,999.3295980637497,False,settled
b,yellow_ramp,ramp,0.0,1.5,0.0,1.1798358038916832,805.4827509827713,False,settled
b,yellow_ramp,ramp,0.0,1.5,0.0,1.1923244226789107,801.4378004581736,False,settled
b,yellow_ramp,ramp,0.0,1.5,0.0,0.7907883154343609,904.795748409838,False,settled
b,yellow_ramp,ramp,0.0,1.5,0.0,0.8345926350968051,890.8883062974969,False,settled
b,yellow_ramp,ramp,0.0,1.5,0.0,0.3215756159095806,1072.9348542951527,False,settled
b,yellow_ramp,ramp,0.0,1.5,0.0,1.1991239495943633,800.0640202741132,False,settled
b,yellow_ramp,ramp,0.0,1.5,0.0,0.7301062189504373,922.7754089583443,False,settled
b,yellow_ramp,ramp,0.0,1.5,0.0,0.4669319765317225,1018.2107349379297,False,settled
b,yellow_ramp,ramp,0.0,1.5,0.0,0.8572890170057543,887.0444533380319,False,settled
b,yellow_ramp,ramp,0.0,1.5,0.0,1.2114707574584838,797.0667703114468,False,settled
b,yellow_ramp,ramp,0.0,1.5,0.0,0.4154850978267881,1037.0635731209056,False,settled
b,yellow_ramp,ramp,0.0,1.5,0.0,1.1958314554601253,800.7450065806332,False,settled
b,yellow_ramp,ramp,0.0,1.5,0.0,1.1747463761697963,806.012522780822,False,settled
b,yellow_ramp,ramp,0.0,1.5,0.0,0.9201583768200714,868.9093972695945,False,settled
b,yellow_ramp,ramp,0.0,1.5,0.0,1.199254442221887,800.788755236246,False,settled
b,yellow_ramp,ramp,0.0,1.5,0.0,0.41179680234516847,1027.5333850956747,False,settled
b,yellow_ramp,ramp,0.0,1.5,0.0,0.7815449533603223,906.2075754533207,False,settled
b,yellow_ramp,ramp,0.0,1.5,0.0,1.0879580319901005,826.6468210577141,False,settled
b,yellow_ramp,ramp,0.0,1.5,0.0,0.949963600809109,856.920299811703,False,settled
b,yellow_ramp,ramp,0.0,1.5,0.0,0.3001759514776696,1074.4822965998435,False,settled
b,yellow_ramp,ramp,0.0,1.5,0.0,0.6275685641529029,959.9704813496506,False,settled
b,yellow_ramp,ramp,0.0,1.5,0.0,0.6687043253943523,943.5864184867744,False,settled
b,yellow_ramp,ramp,0.0,1.5,0.0,0.7761010777777424,911.1681920075943,False,settled
b,yellow_ramp,ramp,0.0,1.5,0.0,0.2768604147679164,1085.1338044449958,False,settled
b,yellow_ramp,ramp,0.0,1.5,0.0,1.0527809764495513,835.690599693348,False,settled
b,yellow_ramp,ramp,0.0,1.5,0.0,0.33235917178153485,1057.7131352023243,False,settled
b,yellow_ramp,ramp,0.0,1.5,0.0,0.9118048171514549,867.1035888807371,False,settled
b,yellow_ramp,ramp,0.0,1.5,0.0,0.8202025487081998,897.7640684079668,False,settled
b,yellow_ramp,ramp,0.0,1.5,0.0,0.393267157988226,1035.2547632007388,False,settled
b,yellow_ramp,ramp,0.0,1.5,0.0,0.4244965806876385,1030.1006470812347,False,settled
b,yellow_ramp,ramp,0.0,1.5,0.0,0.2634825997213092,1099.1440075604498,False,settled
b,yellow_ramp,ramp,0.0,1.5,0.0,0.7105559595054594,931.7174267523733,False,settled
b,yellow_ramp,ramp,0.0,1.5,0.0,0.6529303488060083,947.9232249259226,False,settled
b,yellow_ramp,ramp,0.0,1.5,0.0,0.6221322439536211,955.5317501733716,False,settled
b,yellow_ramp,ramp,0.0,1.5,0.0,0.9272843219678569,866.6601147506288,False,settled
b,yellow_ramp,ramp,0.0,1.5,0.0,0.3696135527571272,1048.0635709686503,False,settled
b,yellow_ramp,ramp,0.0,1.5,0.0,0.9501280499595374,856.7416716358387,False,settled
b,yellow_ramp,ramp,0.0,1.5,0.0,0.6291470490069875,958.6371869748218,False,settled
b,yellow_ramp,ramp,0.0,1.5,0.0,0.22884459162579956,1111.7686205928367,False,settled
b,yellow_ramp,ramp,0.0,1.5,0.0,0.2756016314515882,1089.3990210742054,False,settled
b,yellow_ramp,ramp,0.0,1.5,0.0,1.05375495304413,835.684796134987,False,settled
b,yellow_ramp,ramp,0.0,1.5,0.0,0.9888083982723181,850.5028182215602,False,settled
b,yellow_ramp,ramp,0.0,1.5,0.0,0.6558174960549955,945.5347894905178,False,settled
b,yellow_ramp,ramp,0.0,1.5,0.0,1.1905327655095037,802.4902235046748,False,settled
b,yellow_ramp,ramp,0.0,1.5,0.0,0.8791305307669735,877.3859710991976,False,settled
b,yellow_ramp,ramp,0.0,1.5,0.0,0.6191312481067344,957.9347163992776,False,settled
b,yellow_ramp,ramp,0.0,1.5,0.0,0.3373613313260359,1057.0160673934083,False,settled
b,yellow_ramp,ramp,0.0,1.5,0.0,0.6373253345524043,952.018161462879,False,settled
b,yellow_ramp,ramp,0.0,1.5,0.0,0.24696732953646702,1103.9405104513783,False,settled
b,yellow_ramp,ramp,0.0,1.5,0.0,0.49394619496902337,998.5310846172687,False,settled
b,yellow_ramp,ramp,0.0,1.5,0.0,1.046906670078156,837.7130335499211,False,settled
b,yellow_ramp,ramp,0.0,1.5,0.0,0.8366591162119497,889.0335544082849,False,settled
b,yellow_ramp,ramp,0.0,1.5,0.0,0.6360665078243036,953.0738426432882,False,settled
b,yellow_ramp,ramp,0.0,1.5,0.0,0.7021783995711466,931.1036575422426,False,settled
b,yellow_ramp,ramp,0.0,1.5,0.0,1.1002058193725388,825.1528838883253,False,settled
b,yellow_ramp,ramp,0.0,1.5,0.0,0.7857893691973066,909.3983224650881,False,settled
b,yellow_ramp,ramp,0.0,1.5,0.0,1.140576052804663,814.3745365316962,False,settled
b,yellow_ramp,ramp,0.0,1.5,0.0,0.7515827875042161,919.3162509298763,False,settled
b,yellow_ramp,ramp,0.0,1.5,0.0,0.7256712368516834,926.678107883597,False,settled
b,yellow_ramp,ramp,0.0,1.5,0.0,0.31267788702031196,1065.2389044908127,False,settled
b,yellow_ramp,ramp,0.0,1.5,0.0,0.5587454853310627,978.1499024311404,False,settled
b,yellow_ramp,ramp,0.0,1.5,0.0,0.7271306881388458,925.387923181768,False,settled
b,yellow_ramp,ramp,0.0,1.5,0.0,0.5238840042891313,987.3891685808652,False,settled
b,yellow_ramp,ramp,0.0,1.5,0.0,0.32223322764648554,1072.8224119808938,False,settled
b,yellow_ramp,ramp,0.0,1.5,0.0,0.5024279985061695,1002.7340910011885,False,settled
b,yellow_ramp,ramp,0.0,1.5,0.0,1.1762034786711988,806.0101094762557,False,settled
b,yellow_ramp,ramp,0.0,1.5,0.0,0.6811254761867379,937.5091190046215,False,settled
b,yellow_ramp,ramp,0.0,1.5,0.0,0.3662408005687058,1050.7013507418717,False,settled
b,yellow_ramp,ramp,0.0,1.5,0.0,0.5725130012129136,977.1137551260462,False,settled
b,yellow_ramp,ramp,0.0,1.5,0.0,0.3063244514253185,1070.1367645021626,False,settled
b,yellow_ramp,ramp,0.0,1.5,0.0,0.22251602460258776,1117.4016598023652,False,settled
b,yellow_ramp,ramp,0.0,1.5,0.0,1.061931836877509,833.8855537740828,False,settled
b,yellow_ramp,ramp,0.0,1.5,0.0,0.4947494189385031,997.8949303752811,False,settled
b,yellow_ramp,ramp,0.0,1.5,0.0,0.23737313071939428,1098.637399191749,False,settled
b,yellow_ramp,ramp,0.0,1.5,0.0,0.40228149697948207,1033.9174151947275,False,settled
b,yellow_ramp,ramp,0.0,1.5,0.0,0.4892044995254877,1002.024539936913,False,settled
b,yellow_ramp,ramp,0.0,1.5,0.0,0.2685984392796613,1087.001637442196,False,settled
b,yellow_ramp,ramp,0.0,1.5,0.0,0.6462694445908674,953.3077643481672,False,settled
b,yellow_ramp,ramp,0.0,1.5,0.0,1.0544266955738175,836.004419590803,False,settled
b,yellow_ramp,ramp,0.0,1.5,0.0,0.8772451838441033,879.2635155415995,False,settled
b,yellow_ramp,ramp,0.0,1.5,0.0,0.8920644039110315,875.8452361974217,False,settled
b,yellow_ramp,ramp,0.0,1.5,0.0,0.8770885539240871,879.4195671198128,False,settled
b,yellow_ramp,ramp,0.0,1.5,0.0,0.8349522598051202,890.5502522644808,False,settled
b,yellow_ramp,ramp,0.0,1.5,0.0,0.9110843051919804,867.8225327539183,False,settled
b,yellow_ramp,ramp,0.0,1.5,0.0,0.22603300412597183,1105.977728186704,False,settled
b,yellow_ramp,ramp,0.0,1.5,0.0,1.0586838429832612,832.6321548657379,False,settled
b,yellow_ramp,ramp,0.0,1.5,0.0,0.7949756026240977,900.9834500375758,False,settled
b,yellow_ramp,ramp,0.0,1.5,0.0,0.6685792828129148,943.6916431114786,False,settled
b,yellow_ramp,ramp,0.0,1.5,0.0,0.6977102602834004,934.9759215862424,False,settled
b,yellow_ramp,ramp,0.0,1.5,0.0,0.9133639503669708,870.6139146854875,False,settled
b,yellow_ramp,ramp,0.0,1.5,0.0,0.8368383853040707,888.8650125241601,False,settled
b,yellow_ramp,ramp,0.0,1.5,0.0,0.2734610161073608,1087.2200566538584,False,settled
b,yellow_ramp,ramp,0.0,1.5,0.0,0.7535811569205385,917.535104863586,False,settled
b,yellow_ramp,ramp,0.0,1.5,0.0,0.9184253855807702,865.6944330382469,False,settled
b,yellow_ramp,ramp,0.0,1.5,0.0,1.0198075957089372,844.2688669299498,False,settled
b,yellow_ramp,ramp,0.0,1.5,0.0,0.3038468117995039,1071.886602857004,False,settled
b,yellow_ramp,ramp,0.0,1.5,0.0,0.5268309233807019,986.6694023282389,False,settled
b,yellow_ramp,ramp,0.0,1.5,0.0,0.594404776653518,969.2500176101566,False,settled
b,yellow_ramp,ramp,0.0,1.5,0.0,0.2748977014158639,1088.9546237818356,False,settled
b,yellow_ramp,ramp,0.0,1.5,0.0,1.095792410658437,826.0303722729992,False,settled
b,yellow_ramp,ramp,0.0,1.5,0.0,0.36988570749481325,1047.850734940921,False,settled
b,yellow_ramp,ramp,0.0,1.5,0.0,0.9461777737933681,860.7870795439582,False,settled
b,yellow_ramp,ramp,0.0,1.5,0.0,0.5967349749251556,968.023555655323,False,settled
b,yellow_ramp,ramp,0.0,1.5,0.0,0.4943738015755195,998.1898835910233,False,settled
b,yellow_ramp,ramp,0.0,1.5,0.0,0.7004461427319816,932.5989466323755,False,settled
b,yellow_ramp,ramp,0.0,1.5,0.0,0.7143132785472357,928.6751930563863,False,settled
b,yellow_ramp,ramp,0.0,1.5,0.0,0.5062745111477573,999.6142960066254,False,settled
b,yellow_ramp,ramp,0.0,1.5,0.0,0.37805409464318135,1041.5966455805112,False,settled
b,yellow_ramp,ramp,0.0,1.5,0.0,0.8423718141375467,890.5755311022311,False,settled
b,yellow_ramp,ramp,0.0,1.5,0.0,1.2107207838627891,796.4238726002022,False,settled
b,yellow_ramp,ramp,0.0,1.5,0.0,0.45510060377592193,1020.4339602301943,False,settled
b,yellow_ramp,ramp,0.0,1.5,0.0,1.182372247872025,804.8706228582461,False,settled
b,yellow_ramp,ramp,0.0,1.5,0.0,0.29826214169001636,1075.656232058892,False,settled
b,yellow_ramp,ramp,0.0,1.5,0.0,0.7161020960430016,927.1189645552669,False,settled
b,yellow_ramp,ramp,0.0,1.5,0.0,0.22106042607167514,1117.4069722408667,False,settled
b,yellow_ramp,ramp,0.0,1.5,0.0,1.196541483674235,800.2606178987845,False,settled
b,yellow_ramp,ramp,0.0,1.5,0.0,1.084511504694839,827.5598217262864,False,settled
b,yellow_ramp,ramp,0.0,1.5,0.0,1.1675548860352212,807.710729974445,False,settled
b,yellow_ramp,ramp,0.0,1.5,0.0,0.6641348759836351,947.1742497168419,False,settled
b,yellow_ramp,ramp,0.0,1.5,0.0,1.1642224647238466,808.1821165081119,False,settled
b,yellow_ramp,ramp,0.0,1.5,0.0,1.2238541756094534,790.2818959808684,False,settled
b,yellow_ramp,ramp,0.0,1.5,0.0,0.7005042691254665,932.5487747494484,False,settled
b,yellow_ramp,ramp,0.0,1.5,0.0,0.7605508213768712,914.4123252771868,False,settled
b,yellow_ramp,ramp,0.0,1.5,0.0,0.5959130269692686,968.2338632213342,False,settled
b,yellow_ramp,ramp,0.0,1.5,0.0,0.382635718794342,1038.0241131036844,False,settled
b,yellow_ramp,ramp,0.0,1.5,0.0,0.77642467747736,910.872388616665,False,settled
b,yellow_ramp,ramp,0.0,1.5,0.0,0.7267241760844375,925.7472920652305,False,settled
b,yellow_ramp,ramp,0.0,1.5,0.0,0.992603440096534,845.6585707704187,False,settled
b,yellow_ramp,ramp,0.0,1.5,0.0,0.5222689971540598,987.7378959248381,False,settled
b,yellow_ramp,ramp,0.0,1.5,0.0,0.9109510908018772,867.957100488044,False,settled
b,yellow_ramp,ramp,0.0,1.5,0.0,0.3958518973171619,1034.9451857365575,False,settled
b,yellow_ramp,ramp,0.0,1.5,0.0,0.9929717759972545,845.2247970111061,False,settled
b,yellow_ramp,ramp,0.0,1.5,0.0,0.7441705078494725,918.275343077314,False,settled
b,yellow_ramp,ramp,0.0,1.5,0.0,1.1660454918277956,808.5575378824839,False,settled
b,yellow_ramp,ramp,0.0,1.5,0.0,0.7060840045610557,927.7541735128311,False,settled
b,yellow_ramp,ramp,0.0,1.5,0.0,0.945109717559605,861.9550825779809,False,settled
b,yellow_ramp,ramp,0.0,1.5,0.0,0.511497230373997,995.5228698780962,False,settled
b,yellow_ramp,ramp,0.0,1.5,0.0,0.7245534473373625,927.6662299479547,False,settled
b,yellow_ramp,ramp,0.0,1.5,0.0,0.42001677927087794,1033.6758943730595,False,settled
b,yellow_ramp,ramp,0.0,1.5,0.0,0.861423528156352,883.0045755980078,False,settled
b,yellow_ramp,ramp,0.0,1.5,0.0,0.717918530992109,925.5388149385016,False,settled
b,yellow_ramp,ramp,0.0,1.5,0.0,0.5143820326392798,993.2424596587182,False,settled
b,yellow_ramp,ramp,0.0,1.5,0.0,1.0281564603129218,841.6191554352292,False,settled
b,yellow_ramp,ramp,0.0,1.5,0.0,0.9633863635334875,856.2274077949306,False,settled
b,yellow_ramp,ramp,0.0,1.5,0.0,0.9335289760368009,861.1805345451635,False,settled
b,yellow_ramp,ramp,0.0,1.5,0.0,0.8278793155377131,890.7550462034845,False,settled
b,yellow_ramp,ramp,0.0,1.5,0.0,1.1071157122066448,823.0227609807987,False,settled
b,yellow_ramp,ramp,0.0,1.5,0.0,1.085004363343264,827.9259368254386,False,settled
b,yellow_ramp,ramp,0.0,1.5,0.0,0.796220249186945,899.8576627496118,False,settled
b,yellow_ramp,ramp,0.0,1.5,0.0,0.5627336780647327,975.1912045477176,False,settled
b,yellow_ramp,ramp,0.0,1.5,0.0,0.9084829706814004,870.1423184280842,False,settled
b,yellow_ramp,ramp,0.0,1.5,0.0,0.6936368981720344,938.2665218064748,False,settled
b,yellow_ramp,ramp,0.0,1.5,0.0,0.4176905079463945,1035.5421967003915,False,settled
b,yellow_ramp,ramp,0.0,1.5,0.0,0.41136694407407465,1027.8689813680182,False,settled
b,yellow_ramp,ramp,0.0,1.5,0.0,0.5443315103753871,979.7292542237404,False,settled
b,yellow_ramp,ramp,0.0,1.5,0.0,0.355615000235892,1058.7749383630871,False,settled
b,yellow_ramp,ramp,0.0,1.5,0.0,1.0064049421246417,846.7986336288579,False,settled
b,yellow_ramp,ramp,0.0,1.5,0.0,0.32787963579077417,1072.0779992559546,False,settled
b,yellow_ramp,ramp,0.0,1.5,0.0,0.864760123468672,880.1387520566584,False,settled
b,yellow_ramp,ramp,0.0,1.5,0.0,0.36408958887596954,1052.3839238763412,False,settled
b,yellow_ramp,ramp,0.0,1.5,0.0,1.1258593268955321,817.7031299000129,False,settled
b,yellow_ramp,ramp,0.0,1.5,0.0,1.1605520943204746,809.1441940590865,False,settled
b,yellow_ramp,ramp,0.0,1.5,0.0,0.9588249315596742,856.8236370069689,False,settled
b,yellow_ramp,ramp,0.0,1.5,0.0,1.2128223019150088,794.6055953909245,False,settled
b,yellow_ramp,ramp,0.0,1.5,0.0,0.33587626041792074,1057.1947852139247,False,settled
b,yellow_ramp,ramp,0.0,1.5,0.0,0.8071200180793972,896.669817542674,False,settled
b,yellow_ramp,ramp,0.0,1.5,0.0,0.6280257454338126,959.5843622217485,False,settled
b,yellow_ramp,ramp,0.0,1.5,0.0,0.644066064110861,955.1846034411565,False,settled
b,yellow_ramp,ramp,0.0,1.5,0.0,1.1922741290864614,801.6162226918041,False,settled
b,yellow_ramp,ramp,0.0,1.5,0.0,0.38193945778348004,1038.6255992789465,False,settled
b,yellow_ramp,ramp,0.0,1.5,0.0,0.39043589194477524,1035.6783567150844,False,settled
b,yellow_ramp,ramp,0.0,1.5,0.0,0.6219823479425447,955.6563487860421,False,settled
b,yellow_ramp,ramp,0.0,1.5,0.0,0.2995711551056035,1074.85642300096,False,settled
b,yellow_ramp,ramp,0.0,1.5,0.0,0.9691268782152317,854.701076245959,False,settled
b,yellow_ramp,ramp,0.0,1.5,0.0,0.44068782515920735,1017.3862664839165,False,settled
b,yellow_ramp,ramp,0.0,1.5,0.0,0.24721903336353696,1103.8016085096554,False,settled
b,yellow_ramp,ramp,0.0,1.5,0.0,1.1594439173067221,809.2882064587527,False,settled
b,yellow_ramp,ramp,0.0,1.5,0.0,0.2905072307549609,1076.7527919183938,False,settled
b,yellow_ramp,ramp,0.0,1.5,0.0,0.5174948401461437,991.1524071870575,False,settled
b,yellow_ramp,ramp,0.0,1.5,0.0,0.6621040893241427,948.949296849511,False,settled
b,yellow_ramp,ramp,0.0,1.5,0.0,0.43349285308722907,1022.9539233772833,False,settled
b,yellow_ramp,ramp,0.0,1.5,0.0,0.573897552902316,975.9708385830643,False,settled
b,yellow_ramp,ramp,0.0,1.5,0.0,0.39852233532265324,1034.4640408331468,False,settled
b,yellow_ramp,ramp,0.0,1.5,0.0,0.4971107352301562,1007.051826045607,False,settled
b,yellow_ramp,ramp,0.0,1.5,0.0,0.8057238057104446,898.0131252097599,False,settled
b,yellow_ramp,ramp,0.0,1.5,0.0,0.7164485803970972,926.8173876136763,False,settled
b,yellow_ramp,ramp,0.0,1.5,0.0,0.37211096590042864,1046.1176984880146,False,settled
b,yellow_ramp,ramp,0.0,1.5,0.0,0.28144731091087205,1087.876553108951,False,settled
b,yellow_ramp,ramp,0.0,1.5,0.0,1.122479880830447,818.207563386802,False,settled
b,yellow_ramp,ramp,0.0,1.5,0.0,0.8676651208645239,882.8638319011079,False,settled
b,yellow_ramp,ramp,0.0,1.5,0.0,0.5627774301816035,975.1556771511083,False,settled
b,yellow_ramp,ramp,0.0,1.5,0.0,0.4672134483809295,1018.1578495448435,False,settled
b,yellow_ramp,ramp,0.0,1.5,0.0,1.2117310070917942,795.7335895946567,False,settled
b,yellow_ramp,ramp,0.0,1.5,0.0,1.1460798966525825,813.4451050725409,False,settled
b,yellow_ramp,ramp,0.0,1.5,0.0,0.4632176428965285,1018.9086114334411,False,settled
b,yellow_ramp,ramp,0.0,1.5,0.0,0.5782351022266949,972.4069282811164,False,settled
b,yellow_ramp,ramp,0.0,1.5,0.0,0.3162984966995488,1076.566370112032,False,settled
b,yellow_ramp,ramp,0.0,1.5,0.0,1.1215799589031847,819.9646906706896,False,settled
b,yellow_ramp,ramp,0.0,1.5,0.0,0.6788109664665757,938.1883463564303,False,settled
b,yellow_ramp,ramp,0.0,1.5,0.0,0.9223883440009337,866.5817908299828,False,settled
b,yellow_ramp,ramp,0.0,1.5,0.0,1.086433588852327,827.9258062720438,False,settled
b,yellow_ramp,ramp,0.0,1.5,0.0,0.9679381136914911,851.4947992597607,False,settled
b,yellow_ramp,ramp,0.0,1.5,0.0,0.40190763082364267,1033.9717879948826,False,settled
b,yellow_ramp,ramp,0.0,1.5,0.0,0.885759705545329,876.5301460205153,False,settled
b,yellow_ramp,ramp,0.0,1.5,0.0,0.5956335665140857,968.3053652681865,False,settled
b,yellow_ramp,ramp,0.0,1.5,0.0,0.8326250912179483,892.7382874091577,False,settled
b,yellow_ramp,ramp,0.0,1.5,0.0,0.5239589226283021,987.3732780434775,False,settled
b,yellow_ramp,ramp,0.0,1.5,0.0,1.01617150544648,844.658290368386,False,settled
b,yellow_ramp,ramp,0.0,1.5,0.0,1.0283136002803228,841.4958815535414,False,settled
b,yellow_ramp,ramp,0.0,1.5,0.0,0.2646668338913468,1085.5956602378258,False,settled
b,yellow_ramp,ramp,0.0,1.5,0.0,0.7816584776774613,906.1046301078918,False,settled
b,yellow_ramp,ramp,0.0,1.5,0.0,0.5298764852665202,986.0300002692145,False,settled
b,yellow_ramp,ramp,0.0,1.5,0.0,0.509062134695609,997.4429230447589,False,settled
b,yellow_ramp,ramp,0.0,1.5,0.0,1.0238587762788756,843.194034937708,False,settled
b,yellow_ramp,ramp,0.0,1.5,0.0,0.9196529899921055,864.4818873158466,False,settled
b,yellow_ramp,ramp,0.0,1.5,0.0,0.7180840618453527,925.3946475218665,False,settled
b,yellow_ramp,ramp,0.0,1.5,0.0,1.099938686653831,823.4234759829512,False,settled
b,yellow_ramp,ramp,0.0,1.5,0.0,0.7827142248819616,905.2369257938294,False,settled
b,yellow_ramp,ramp,0.0,1.5,0.0,0.43071836177898465,1025.1470004434482,False,settled
b,yellow_ramp,ramp,0.0,1.5,0.0,0.5615286502149475,976.2467341925017,False,settled
b,yellow_ramp,ramp,0.0,1.5,0.0,0.9992638922980878,846.4100503265244,False,settled
b,yellow_ramp,ramp,0.0,1.5,0.0,0.4416053841808277,1016.6855794761951,False,settled
b,yellow_ramp,ramp,0.0,1.5,0.0,0.8114393531734575,899.3480931667395,False,settled
b,yellow_ramp,ramp,0.0,1.5,0.0,0.2747980619924997,1088.8912937398522,False,settled
b,yellow_ramp,ramp,0.0,1.5,0.0,0.5244993040414303,987.2586605206071,False,settled
b,yellow_ramp,ramp,0.0,1.5,0.0,0.5122547996323763,994.9230290597721,False,settled
b,yellow_ramp,ramp,0.0,1.5,0.0,0.9774775847479908,849.8142973227772,False,settled
b,yellow_ramp,ramp,0.0,1.5,0.0,0.8318215486822336,893.4924283055843,False,settled
b,yellow_ramp,ramp,0.0,1.5,0.0,0.2551072218897885,1090.3843277243836,False,settled
b,yellow_ramp,ramp,0.0,1.5,0.0,0.7125326937479513,930.2342275657081,False,settled
b,yellow_ramp,ramp,0.0,1.5,0.0,0.5225422188704117,987.6798584354295,False,settled
b,yellow_ramp,ramp,0.0,1.5,0.0,1.1500318501389801,812.698109369947,False,settled
b,yellow_ramp,ramp,0.0,1.5,0.0,0.8289104664074569,896.2399748917986,False,settled
b,yellow_ramp,ramp,0.0,1.5,0.0,0.7304981963974694,922.4317445271862,False,settled
b,yellow_ramp,ramp,0.0,1.5,0.0,0.8141962002862282,896.775013597683,False,settled
b,yellow_ramp,ramp,0.0,1.5,0.0,0.44161532488969846,1016.677940693843,False,settled
b,yellow_ramp,ramp,0.0,1.5,0.0,0.4646569619436415,1018.6381826405524,False,settled
b,yellow_ramp,ramp,0.0,1.5,0.0,0.731811562861374,921.2803592472202,False,settled
b,yellow_ramp,ramp,0.0,1.5,0.0,0.8643132600846694,880.5052376713836,False,settled
b,yellow_ramp,ramp,0.0,1.5,0.0,0.4632137684654522,1018.9093393852783,False,settled
b,yellow_ramp,ramp,0.0,1.5,0.0,0.7814314834323794,906.3104519754482,False,settled
b,yellow_ramp,ramp,0.0,1.5,0.0,0.2217491006965806,1119.1973115466787,False,settled
b,yellow_ramp,ramp,0.0,1.5,0.0,0.25505454677912553,1090.2863962785455,False,settled
b,yellow_ramp,ramp,0.0,1.5,0.0,0.7199374712350333,923.8000044019464,False,settled
b,yellow_ramp,ramp,0.0,1.5,0.0,0.42758585193109755,1027.6404760819285,False,settled
b,yellow_ramp,ramp,0.0,1.5,0.0,0.6566032425323187,944.8743087002009,False,settled
b,yellow_ramp,ramp,0.0,1.5,0.0,0.22957040297388168,1104.6398641098253,False,settled
b,yellow_ramp,ramp,0.0,1.5,0.0,0.5374644230231927,984.5237641668863,False,settled
b,yellow_ramp,ramp,0.0,1.5,0.0,0.8978379185312102,875.5699902575393,False,settled
b,yellow_ramp,ramp,0.0,1.5,0.0,0.38039966641380085,1039.7077997780818,False,settled
b,yellow_ramp,ramp,0.0,1.5,0.0,0.2853548516980524,1081.2425416634285,False,settled
b,yellow_ramp,ramp,0.0,1.5,0.0,0.9751554559235116,852.4515447986507,False,settled
b,yellow_ramp,ramp,0.0,1.5,0.0,0.3728373026003471,1045.5540381131552,False,settled
b,yellow_ramp,ramp,0.0,1.5,0.0,1.1147478138896902,820.421275299586,False,settled
b,yellow_ramp,ramp,0.0,1.5,0.0,0.9032469545317129,870.3129811161381,False,settled
b,yellow_ramp,ramp,0.0,1.5,0.0,1.0106730909848687,845.8276322444967,False,settled
b,yellow_ramp,ramp,0.0,1.5,0.0,0.7399839625008602,921.9173402425528,False,settled
b,yellow_ramp,ramp,0.0,1.5,0.0,0.4264453360193092,1028.5486824122675,False,settled
b,yellow_ramp,ramp,0.0,1.5,0.0,1.1674424416970433,808.015341044319,False,settled
b,yellow_ramp,ramp,0.0,1.5,0.0,0.5213299446039112,988.1629915157622,False,settled
b,yellow_ramp,ramp,0.0,1.5,0.0,0.6799881411149982,937.8428869282434,False,settled
b,yellow_ramp,ramp,0.0,1.5,0.0,1.0275293556810823,842.4419252315292,False,settled
b,yellow_ramp,ramp,0.0,1.5,0.0,0.96111902146531,854.2827458274419,False,settled
b,yellow_ramp,ramp,0.0,1.5,0.0,1.098096734139217,825.4580104850222,False,settled
b,yellow_ramp,ramp,0.0,1.5,0.0,0.3583190701309875,1056.8950629282854,False,settled
b,yellow_ramp,ramp,0.0,1.5,0.0,1.2079100839722,798.6976493789958,False,settled
b,yellow_ramp,ramp,0.0,1.5,0.0,0.337334220935599,1057.0191961894807,False,settled
b,yellow_ramp,ramp,0.0,1.5,0.0,0.914170473623174,869.787958121978,False,settled
b,yellow_ramp,ramp,0.0,1.5,0.0,0.9581204328217372,857.3579640247048,False,settled
b,yellow_ramp,ramp,0.0,1.5,0.0,0.9834032807121611,847.5298400564827,False,settled
b,yellow_ramp,ramp,0.0,1.5,0.0,0.23867511771785632,1104.7943956381198,False,settled
b,yellow_ramp,ramp,0.0,1.5,0.0,1.1060162511784646,822.750654449347,False,settled
b,yellow_ramp,ramp,0.0,1.5,0.0,1.0824751844740692,828.5076967380073,False,settled
b,yellow_ramp,ramp,0.0,1.5,0.0,1.086303389727568,828.1382447847269,False,settled
b,yellow_ramp,ramp,0.0,1.5,0.0,0.9802894877423391,851.106152655845,False,settled
b,yellow_ramp,ramp,0.0,1.5,0.0,0.4821679164833691,1007.6685769002024,False,settled
b,yellow_ramp,ramp,0.0,1.5,0.0,0.7889463881568406,906.491383152992,False,settled
b,yellow_ramp,ramp,0.0,1.5,0.0,0.9523730926761032,858.8876194676134,False,settled
b,yellow_ramp,ramp,0.0,1.5,0.0,1.1159041034620487,818.8692723233371,False,settled
b,yellow_ramp,ramp,0.0,1.5,0.0,0.3190327143389774,1074.6910511772003,False,settled
b,yellow_ramp,ramp,0.0,1.5,0.0,0.6216715759348814,955.9146760328555,False,settled
b,yellow_ramp,ramp,0.0,1.5,0.0,0.6817831711141406,937.316108611852,False,settled
b,yellow_ramp,ramp,0.0,1.5,0.0,0.22822521649384753,1104.0845568897048,False,settled
b,yellow_ramp,ramp,0.0,1.5,0.0,0.37387581241995627,1044.7480012794013,False,settled
b,yellow_ramp,ramp,0.0,1.5,0.0,0.5550904902894305,981.1385758446226,False,settled
b,yellow_ramp,ramp,0.0,1.5,0.0,0.9786752268425192,848.5584464133769,False,settled
b,yellow_ramp,ramp,0.0,1.5,0.0,0.7886334773186793,906.7794338327357,False,settled
b,yellow_ramp,ramp,0.0,1.5,0.0,0.6722776656393216,940.5724454468751,False,settled
b,yellow_ramp,ramp,0.0,1.5,0.0,0.6032708590768837,966.3513063639971,False,settled
b,yellow_ramp,ramp,0.0,1.5,0.0,0.28005671350170414,1086.2881562557347,False,settled
b,yellow_ramp,ramp,0.0,1.5,0.0,1.004155773509649,844.8651516128937,False,settled
b,yellow_ramp,ramp,0.0,1.5,0.0,0.7796839506721165,907.8945912248436,False,settled
b,yellow_ramp,ramp,0.0,1.5,0.0,0.9027062024604959,870.9387077021698,False,settled
b,yellow_ramp,ramp,0.0,1.5,0.0,0.34573023268739866,1052.976136428635,False,settled
b,yellow_ramp,ramp,0.0,1.5,0.0,0.8335538420039738,891.8650928133352,False,settled
b,yellow_ramp,ramp,0.0,1.5,0.0,0.282684669330195,1082.411103920872,False,settled
b,yellow_ramp,ramp,0.0,1.5,0.0,0.82232813348424,895.8472797367,False,settled
b,yellow_ramp,ramp,0.0,1.5,0.0,0.37016278256340074,1047.6340505205646,False,settled
b,yellow_ramp,ramp,0.0,1.5,0.0,0.30663966390341546,1069.8953409652568,False,settled
b,yellow_ramp,ramp,0.0,1.5,0.0,0.5041386097328817,1001.3453729107766,False,settled
b,yellow_ramp,ramp,0.0,1.5,0.0,0.9039613206661156,869.5910188447797,False,settled
b,yellow_ramp,ramp,0.0,1.5,0.0,0.4768725572855037,1011.9350354482393,False,settled
b,yellow_ramp,ramp,0.0,1.5,0.0,0.8002594143022642,902.9761368238729,False,settled
b,yellow_ramp,ramp,0.0,1.5,0.0,1.0885325532510808,827.9450776994408,False,settled
b,yellow_ramp,ramp,0.0,1.5,0.0,1.1437085053046838,813.1085659812568,False,settled
b,yellow_ramp,ramp,0.0,1.5,0.0,0.3814823113697749,1038.9706772649138,False,settled
b,yellow_ramp,ramp,0.0,1.5,0.0,0.7428882963572387,919.3935129764135,False,settled
b,yellow_ramp,ramp,0.0,1.5,0.0,0.8421387755801077,890.6748338913932,False,settled
b,yellow_ramp,ramp,0.0,1.5,0.0,1.1193116586700633,818.6995142129815,False,settled
b,yellow_ramp,ramp,0.0,1.5,0.0,0.33201399207402316,1057.6865788682355,False,settled
b,yellow_ramp,ramp,0.0,1.5,0.0,1.0673633809564402,832.886410394439,False,settled
b,yellow_ramp,ramp,0.0,1.5,0.0,0.28774522802972413,1077.141112079118,False,settled
b,yellow_ramp,ramp,0.0,1.5,0.0,0.29144674270639076,1077.258502559444,False,settled
b,yellow_ramp,ramp,0.0,1.5,0.0,0.5816283322473477,969.9621380799821,False,settled
b,yellow_ramp,ramp,0.0,1.5,0.0,0.7060083922168845,927.819405111406,False,settled
b,yellow_ramp,ramp,0.0,1.5,0.0,1.2094145956300264,796.1313259252184,False,settled
b,yellow_ramp,ramp,0.0,1.5,0.0,1.1739166526195368,805.8107475574275,False,settled
b,yellow_ramp,ramp,0.0,1.5,0.0,0.4310987249349754,1024.8463939154024,False,settled
b,yellow_ramp,ramp,0.0,1.5,0.0,0.8508625438814765,886.9911921619438,False,settled
b,yellow_ramp,ramp,0.0,1.5,0.0,0.6543524182641915,946.7718706322332,False,settled
b,yellow_ramp,ramp,0.0,1.5,0.0,1.0007463350457249,844.6367699027294,False,settled
b,yellow_ramp,ramp,0.0,1.5,0.0,0.8886155982360285,873.9444966551445,False,settled
b,yellow_ramp,ramp,0.0,1.5,0.0,0.7809022223281331,906.7902564061162,False,settled
b,yellow_ramp,ramp,0.0,1.5,0.0,1.1850599162292108,803.964266298311,False,settled
b,yellow_ramp,ramp,0.0,1.5,0.0,0.3462709365883046,1052.5627563219302,False,settled
b,yellow_ramp,ramp,0.0,1.5,0.0,0.6849577564531354,936.3874630793705,False,settled
b,yellow_ramp,ramp,0.0,1.5,0.0,1.099651754447169,823.8978472186323,False,settled
b,yellow_ramp,ramp,0.0,1.5,0.0,0.6734465073246136,939.7633044501362,False,settled
b,yellow_ramp,ramp,0.0,1.5,0.0,0.2361101400477731,1104.9119327046349,False,settled
b,yellow_ramp,ramp,0.0,1.5,0.0,0.2970861370874075,1076.3800710127073,False,settled
b,yellow_ramp,ramp,0.0,1.5,0.0,0.6322256158300161,956.0373110367682,False,settled
b,yellow_ramp,ramp,0.0,1.5,0.0,1.1186511682532227,819.3599639876376,False,settled
b,yellow_ramp,ramp,0.0,1.5,0.0,0.3979772951396684,1034.5432949754547,False,settled
b,yellow_ramp,ramp,0.0,1.5,0.0,0.7443935350918953,918.0807273681642,False,settled
b,yellow_ramp,ramp,0.0,1.5,0.0,0.6247170809638392,953.4090498982106,False,settled
b,yellow_ramp,ramp,0.0,1.5,0.0,0.8988763774219077,874.5076247108067,False,settled
b,yellow_ramp,ramp,0.0,1.5,0.0,1.205274692338673,799.2161235401081,False,settled
b,yellow_ramp,ramp,0.0,1.5,0.0,0.752607855003707,918.4026217430088,False,settled
b,yellow_ramp,ramp,0.0,1.5,0.0,1.183295420002887,804.3574083857113,False,settled
b,yellow_ramp,ramp,0.0,1.5,0.0,0.7355249243245119,918.1509979510648,False,settled
b,yellow_ramp,ramp,0.0,1.5,0.0,0.6835922698225784,936.785201767882,False,settled
b,yellow_ramp,ramp,0.0,1.5,0.0,0.8435055656950988,890.092458384877,False,settled
b,yellow_ramp,ramp,0.0,1.5,0.0,0.533472145868794,985.2794254539546,False,settled
b,yellow_ramp,ramp,0.0,1.5,0.0,0.7977755196204581,905.2790965199354,False,settled
b,yellow_ramp,ramp,0.0,1.5,0.0,0.7180437350756399,925.4297209635547,False,settled
b,yellow_ramp,ramp,0.0,1.5,0.0,0.8893644640160795,873.2961898457917,False,settled
b,yellow_ramp,ramp,0.0,1.5,0.0,0.5317134029567921,985.6463938323814,False,settled
b,yellow_ramp,ramp,0.0,1.5,0.0,0.8501151727886107,887.3057421368892,False,settled
b,yellow_ramp,ramp,0.0,1.5,0.0,0.6369387348040092,952.3422945828034,False,settled
b,yellow_ramp,ramp,0.0,1.5,0.0,0.70610184730952,927.7387803674404,False,settled
b,yellow_ramp,ramp,0.0,1.5,0.0,0.6098353992600574,964.68630704382,False,settled
b,yellow_ramp,ramp,0.0,1.5,0.0,0.2743843901716664,1088.6218923996926,False,settled
b,yellow_ramp,ramp,0.0,1.5,0.0,1.156767000553704,810.6661166931872,False,settled
b,yellow_ramp,ramp,0.0,1.5,0.0,0.32269717675437004,1072.7612087528503,False,settled
b,yellow_ramp,ramp,0.0,1.5,0.0,0.26489817457711584,1085.9083326533005,False,settled
b,yellow_ramp,ramp,0.0,1.5,0.0,0.8167632633117329,894.4052182352906,False,settled
b,yellow_ramp,ramp,0.0,1.5,0.0,0.22268881166403276,1110.412978179564,False,settled
b,yellow_ramp,ramp,0.0,1.5,0.0,0.8871379277687224,875.1486724420919,False,settled
b,yellow_ramp,ramp,0.0,1.5,0.0,0.39288839156023575,1035.310848014534,False,settled
b,yellow_ramp,ramp,0.0,1.5,0.0,0.48929630109821776,1001.9513220512895,False,settled
b,yellow_ramp,ramp,0.0,1.5,0.0,0.6516215835690506,949.0301222972522,False,settled
b,yellow_ramp,ramp,0.0,1.5,0.0,0.26191790080448074,1094.8925427799425,False,settled
b,yellow_ramp,ramp,0.0,1.5,0.0,1.0657830292020485,831.6729709109702,False,settled
b,yellow_ramp,ramp,0.0,1.5,0.0,0.23898512282850767,1106.3522213041188,False,settled
b,yellow_ramp,ramp,0.0,1.5,0.0,0.8855384022640871,876.7519632215138,False,settled
b,yellow_ramp,ramp,0.0,1.5,0.0,0.8455779451794747,889.2148955208768,False,settled
b,yellow_ramp,ramp,0.0,1.5,0.0,0.4289003175244591,1026.5936669189825,False,settled
b,yellow_ramp,ramp,0.0,1.5,0.0,0.5065131327833048,999.4221079944435,False,settled
b,yellow_ramp,ramp,0.0,1.5,0.0,0.33753260295464205,1056.9963010014603,False,settled
b,yellow_ramp,ramp,0.0,1.5,0.0,1.050676255250371,836.2566888543944,False,settled
b,yellow_ramp,ramp,0.0,1.5,0.0,1.0798013850765793,829.2456525217705,False,settled
b,yellow_ramp,ramp,0.0,1.5,0.0,0.5491420152710803,986.0106017301435,False,settled
b,yellow_ramp,ramp,0.0,1.5,0.0,0.2445144464048553,1096.852840602314,False,settled
b,yellow_ramp,ramp,0.0,1.5,0.0,0.7980755753140752,905.0008946879092,False,settled
b,yellow_ramp,ramp,0.0,1.5,0.0,0.25961162804836135,1095.5740740299038,False,settled
b,yellow_ramp,ramp,0.0,1.5,0.0,0.2717276188955048,1084.8414613133525,False,settled
b,yellow_ramp,ramp,0.0,1.5,0.0,0.345719351855469,1052.984562757877,False,settled
b,yellow_ramp,ramp,0.0,1.5,0.0,1.163987102950379,808.8019063580974,False,settled
b,yellow_ramp,ramp,0.0,1.5,0.0,0.5928198019184212,970.5454885942603,False,settled
b,yellow_ramp,ramp,0.0,1.5,0.0,0.2607952464830009,1097.8074204985608,False,settled
b,yellow_ramp,ramp,0.0,1.5,0.0,0.2503156325306469,1096.3773639311546,False,settled
b,yellow_ramp,ramp,0.0,1.5,0.0,0.3113431111794662,1066.3139726663246,False,settled
b,yellow_ramp,ramp,0.0,1.5,0.0,0.9375104852686986,863.886078230716,False,settled
b,yellow_ramp,ramp,0.0,1.5,0.0,1.089722124805769,827.1671705071293,False,settled
b,yellow_ramp,ramp,0.0,1.5,0.0,0.6005140328260233,967.0565456564143,False,settled
b,yellow_ramp,ramp,0.0,1.5,0.0,0.6534999986105179,947.4916237511268,False,settled
b,yellow_ramp,ramp,0.0,1.5,0.0,0.6000957171724379,967.1635572622978,False,settled
b,yellow_ramp,ramp,0.0,1.5,0.0,0.95014142314819,856.7271482587198,False,settled
b,yellow_ramp,ramp,0.0,1.5,0.0,0.2672529622804926,1098.2940017499939,False,settled
b,yellow_ramp,ramp,0.0,1.5,0.0,0.30353945205051464,1072.104489360172,False,settled
b,yellow_ramp,ramp,0.0,1.5,0.0,0.4295745941250743,1026.0566544653789,False,settled
b,yellow_ramp,ramp,0.0,1.5,0.0,0.2596857869303334,1095.76190013581,False,settled
b,yellow_ramp,ramp,0.0,1.5,0.0,0.3593597654504119,1056.0755753928006,False,settled
b,yellow_ramp,ramp,0.0,1.5,0.0,0.4329553667485946,1023.3789276414733,False,settled
b,yellow_ramp,ramp,0.0,1.5,0.0,1.011610414336946,846.1721078298979,False,settled
b,yellow_ramp,ramp,0.0,1.5,0.0,1.0391103109501538,838.136012717441,False,settled
b,yellow_ramp,ramp,0.0,1.5,0.0,0.3828159071880748,1037.8856160238045,False,settled
b,yellow_ramp,ramp,0.0,1.5,0.0,0.6745094315302803,939.4510706771308,False,settled
b,yellow_ramp,ramp,0.0,1.5,0.0,1.1310311432723656,817.0473221870035,False,settled
b,yellow_ramp,ramp,0.0,1.5,0.0,0.9116238733706721,867.2813846945793,False,settled
b,yellow_ramp,ramp,0.0,1.5,0.0,0.4425166200029208,1015.9909643195456,False,settled
b,yellow_ramp,ramp,0.0,1.5,0.0,0.30013924689624727,1074.505016780691,False,settled
b,yellow_ramp,ramp,0.0,1.5,0.0,0.4746391656947482,1013.7449586642998,False,settled
b,yellow_ramp,ramp,0.0,1.5,0.0,0.5000769078638712,1004.6430499212765,False,settled
b,yellow_ramp,ramp,0.0,1.5,0.0,0.6378088890662935,951.6127365824874,False,settled
b,yellow_ramp,ramp,0.0,1.5,0.0,1.0615574397810894,834.1728952836461,False,settled
b,yellow_ramp,ramp,0.0,1.5,0.0,0.2549698224112307,1090.2267201228638,False,settled
b,yellow_ramp,ramp,0.0,1.5,0.0,0.7262183297596821,926.1944711976764,False,settled
b,yellow_ramp,ramp,0.0,1.5,0.0,0.5336588758744807,985.2404634349224,False,settled
b,yellow_ramp,ramp,0.0,1.5,0.0,1.0534589325107455,836.1098656523027,False,settled
b,yellow_ramp,ramp,0.0,1.5,0.0,0.9811657935678447,850.0912414840026,False,settled
b,yellow_ramp,ramp,0.0,1.5,0.0,0.8901108797096067,877.8316965452764,False,settled
b,yellow_ramp,ramp,0.0,1.5,0.0,0.7101153374939587,932.1036300184222,False,settled
b,yellow_ramp,ramp,0.0,1.5,0.0,1.1843611222512933,803.840988748999,False,settled
b,yellow_ramp,ramp,0.0,1.5,0.0,0.5351976044226486,984.9966722829137,False,settled
b,yellow_ramp,ramp,0.0,1.5,0.0,0.9996471967761154,845.9516038723156,False,settled
b,yellow_ramp,ramp,0.0,1.5,0.0,0.2622075757923267,1095.808092787179,False,settled
b,yellow_ramp,ramp,0.0,1.5,0.0,0.3956260092662486,1034.9786274178402,False,settled
b,yellow_ramp,ramp,0.0,1.5,0.0,0.9888004427819936,850.5120455488777,False,settled
b,yellow_ramp,ramp,0.0,1.5,0.0,0.4493845116974413,1022.7541997134712,False,settled
b,yellow_ramp,ramp,0.0,1.5,0.0,0.46264181261141646,1019.0168018406812,False,settled
b,yellow_ramp,ramp,0.0,1.5,0.0,0.5923257879991591,970.9496151669302,False,settled
b,yellow_ramp,ramp,0.0,1.5,0.0,1.070337977970249,832.0173609320357,False,settled
b,yellow_ramp,ramp,0.0,1.5,0.0,1.032693764977544,840.8613307224808,False,settled
b,yellow_ramp,ramp,0.0,1.5,0.0,0.9944888783614467,847.7752656546835,False,settled
b,yellow_ramp,ramp,0.0,1.5,0.0,0.3646032629299927,1051.9820032393973,False,settled
b,yellow_ramp,ramp,0.0,1.5,0.0,0.8200782866523006,897.8813654762517,False,settled
b,yellow_ramp,ramp,0.0,1.5,0.0,0.5822269607947762,969.4810879745017,False,settled
b,yellow_ramp,ramp,0.0,1.5,0.0,0.9157134016813087,868.2023048467682,False,settled
b,yellow_ramp,ramp,0.0,1.5,0.0,1.0239914898625748,843.0181708614674,False,settled
b,yellow_ramp,ramp,0.0,1.5,0.0,0.811951415327617,898.8701841426805,False,settled
b,yellow_ramp,ramp,0.0,1.5,0.0,1.198997968091139,800.3010235302805,False,settled
b,yellow_ramp,ramp,0.0,1.5,0.0,0.5354372122582298,984.9466850174607,False,settled
b,yellow_ramp,ramp,0.0,1.5,0.0,0.3506986304747305,1062.6679857752515,False,settled
b,yellow_ramp,ramp,0.0,1.5,0.0,0.2657901907437609,1086.3872590299177,False,settled
b,yellow_ramp,ramp,0.0,1.5,0.0,0.9242901640695174,864.9410606417999,False,settled
b,yellow_ramp,ramp,0.0,1.5,0.0,0.22137956292966096,1117.3443255764553,False,settled
b,yellow_ramp,ramp,0.0,1.5,0.0,0.9509798496187896,855.8639088998906,False,settled
b,yellow_ramp,ramp,0.0,1.5,0.0,1.1742084857146333,806.8540063170996,False,settled
b,yellow_ramp,ramp,0.0,1.5,0.0,1.1043695343912514,822.3841094655057,False,settled
b,yellow_ramp,ramp,0.0,1.5,0.0,0.6500570159487973,950.0962885434129,False,settled
b,yellow_ramp,ramp,0.0,1.5,0.0,0.319784245722056,1074.0888997179088,False,settled
b,yellow_ramp,ramp,0.0,1.5,0.0,0.6183801097101834,958.5592784373932,False,settled
b,yellow_ramp,ramp,0.0,1.5,0.0,0.6458176984258557,953.6925239606281,False,settled
b,yellow_ramp,ramp,0.0,1.5,0.0,0.62721499332327,960.2690934504768,False,settled
b,yellow_ramp,ramp,0.0,1.5,0.0,0.39908335828585645,1034.3824949688028,False,settled
b,yellow_ramp,ramp,0.0,1.5,0.0,0.5121498952212964,995.0064061818898,False,settled
b,yellow_ramp,ramp,0.0,1.5,0.0,0.3068050051381792,1069.7686868246947,False,settled
b,yellow_ramp,ramp,0.0,1.5,0.0,0.8995875794120637,873.7802340584259,False,settled
b,yellow_ramp,ramp,0.0,1.5,0.0,0.5630268916867163,974.9531101742681,False,settled
b,yellow_ramp,ramp,0.0,1.5,0.0,0.3537650647129946,1060.2375769770051,False,settled
b,yellow_ramp,ramp,0.0,1.5,0.0,0.6446445407739528,954.6917125358743,False,settled
b,yellow_ramp,ramp,0.0,1.5,0.0,0.7732222302280374,906.6207145457932,False,settled
b,yellow_ramp,ramp,0.0,1.5,0.0,0.44484650656604374,1026.352826811202,False,settled
b,yellow_ramp,ramp,0.0,1.5,0.0,0.26121339967786056,1095.3381070932642,False,settled
b,yellow_ramp,ramp,0.0,1.5,0.0,1.0921676478126767,826.5238193859669,False,settled
b,yellow_ramp,ramp,0.0,1.5,0.0,0.5058107381146305,999.9879177807366,False,settled
b,yellow_ramp,ramp,0.0,1.5,0.0,0.6434902335921691,946.9994507165088,False,settled
b,yellow_ramp,ramp,0.0,1.5,0.0,0.6643773245371905,946.970438473876,False,settled
b,yellow_ramp,ramp,0.0,1.5,0.0,0.8118846884154294,898.9324609158033,False,settled
b,yellow_ramp,ramp,0.0,1.5,0.0,1.2207951242751047,792.7023288619957,False,settled
b,yellow_ramp,ramp,0.0,1.5,0.0,0.640773480295626,949.1436121314248,False,settled
b,yellow_ramp,ramp,0.0,1.5,0.0,0.6053282936352369,965.8249821450509,False,settled
b,yellow_ramp,ramp,0.0,1.5,0.0,0.2623740970222605,1096.6302224938038,False,settled
b,yellow_ramp,ramp,0.0,1.5,0.0,0.8509886168908607,886.9381656649051,False,settled
b,yellow_ramp,ramp,0.0,1.5,0.0,0.5885787652193698,974.0264350662632,False,settled
b,yellow_ramp,ramp,0.0,1.5,0.0,0.6065305652775244,965.5198252169458,False,settled
b,yellow_ramp,ramp,0.0,1.5,0.0,0.5122316024862508,994.9414659700819,False,settled
b,yellow_ramp,ramp,0.0,1.5,0.0,0.30359000851403284,1072.0686560570018,False,settled
b,yellow_ramp,ramp,0.0,1.5,0.0,0.36742573848985305,1049.7745069564896,False,settled
b,yellow_ramp,ramp,0.0,1.5,0.0,1.0011733902506548,844.1259864226746,False,settled
b,yellow_ramp,ramp,0.0,1.5,0.0,0.5145727986526377,993.0912411890422,False,settled
b,yellow_ramp,ramp,0.0,1.5,0.0,1.0557924249313366,835.160211144371,False,settled
b,yellow_ramp,ramp,0.0,1.5,0.0,1.1523512469952248,811.9865721864334,False,settled
b,yellow_ramp,ramp,0.0,1.5,0.0,0.23305614096327829,1103.333812683441,False,settled
b,yellow_ramp,ramp,0.0,1.5,0.0,0.3243221361984746,1072.5471420874535,False,settled
b,yellow_ramp,ramp,0.0,1.5,0.0,0.2314847761866365,1104.4382734762626,False,settled
b,yellow_ramp,ramp,0.0,1.5,0.0,0.26849747707765614,1086.901065436816,False,settled
b,yellow_ramp,ramp,0.0,1.5,0.0,0.41872494551482553,1034.7123369091169,False,settled
b,yellow_ramp,ramp,0.0,1.5,0.0,0.6520418802642758,948.6747020362957,False,settled
b,yellow_ramp,ramp,0.0,1.5,0.0,0.7068631708221471,927.0873784818597,False,settled
b,yellow_ramp,ramp,0.0,1.5,0.0,0.8258721159377707,892.588000333844,False,settled
b,yellow_ramp,ramp,0.0,1.5,0.0,1.1073180300099608,822.6682414114628,False,settled
b,yellow_ramp,ramp,0.0,1.5,0.0,0.9161679332570811,867.7357757203448,False,settled
b,yellow_ramp,ramp,0.0,1.5,0.0,0.5898171461326083,973.0095798707082,False,settled
b,yellow_ramp,ramp,0.0,1.5,0.0,0.6441653448198855,955.099844135438,False,settled
b,yellow_ramp,ramp,0.0,1.5,0.0,0.46624133017508096,1018.3404994011687,False,settled
b,yellow_ramp,ramp,0.0,1.5,0.0,1.0815291405484009,828.8487606029183,False,settled
b,yellow_ramp,ramp,0.0,1.5,0.0,0.4102603035681457,1028.7288090335574,False,settled
b,yellow_ramp,ramp,0.0,1.5,0.0,0.7383981030986568,923.2958076862409,False,settled
b,yellow_ramp,ramp,0.0,1.5,0.0,0.47714778733929986,1011.7119888702232,False,settled
b,yellow_ramp,ramp,0.0,1.5,0.0,1.1605743633977899,809.0706471350923,False,settled
b,yellow_ramp,ramp,0.0,1.5,0.0,0.6966201342149936,935.9246968047117,False,settled
b,yellow_ramp,ramp,0.0,1.5,0.0,0.41878301373106375,1034.6657507438724,False,settled
b,yellow_ramp,ramp,0.0,1.5,0.0,1.097260509460006,824.6745058746022,False,settled
b,yellow_ramp,ramp,0.0,1.5,0.0,0.5497295245038363,985.5260918766543,False,settled
b,yellow_ramp,ramp,0.0,1.5,0.0,0.5631391646536007,974.8619424136513,False,settled
b,yellow_ramp,ramp,0.0,1.5,0.0,0.412719961363753,1026.9149271536157,False,settled
b,yellow_ramp,ramp,0.0,1.5,0.0,0.8142146822207779,896.7577649853687,False,settled
b,yellow_ramp,ramp,0.0,1.5,0.0,0.7891125288954405,906.3384410671342,False,settled
b,yellow_ramp,ramp,0.0,1.5,0.0,0.6557650564564962,945.5790688209955,False,settled
b,yellow_ramp,ramp,0.0,1.5,0.0,1.1244298971257443,818.619309625457,False,settled
b,yellow_ramp,ramp,0.0,1.5,0.0,0.4193329265450144,1034.2245641883692,False,settled
b,yellow_ramp,ramp,0.0,1.5,0.0,1.1924673646041741,802.6009196618236,False,settled
b,yellow_ramp,ramp,0.0,1.5,0.0,0.29758691133255544,1076.0707559238106,False,settled
b,yellow_ramp,ramp,0.0,1.5,0.0,0.8408422182634414,891.3138333336157,False,settled
b,yellow_ramp,ramp,0.0,1.5,0.0,0.6990528720509042,933.8073713992836,False,settled
b,yellow_ramp,ramp,0.0,1.5,0.0,0.4800123473979929,1009.4018269632019,False,settled
b,yellow_ramp,ramp,0.0,1.5,0.0,0.9111807625200683,867.7288309904844,False,settled
b,yellow_ramp,ramp,0.0,1.5,0.0,0.3309688708818377,1071.6709580903444,False,settled
b,yellow_ramp,ramp,0.0,1.5,0.0,0.9946857888595744,847.5400471293843,False,settled
b,yellow_ramp,ramp,0.0,1.5,0.0,0.9278693250297805,866.0409142682602,False,settled
b,yellow_ramp,ramp,0.0,1.5,0.0,0.22145037744188342,1106.3344995414216,False,settled
b,yellow_ramp,ramp,0.0,1.5,0.0,0.36414475801643087,1052.3407627976558,False,settled
b,yellow_ramp,ramp,0.0,1.5,0.0,0.49252512747355137,999.4647927394868,False,settled
b,yellow_ramp,ramp,0.0,1.5,0.0,1.047215202694816,837.2800697387555,False,settled
b,yellow_ramp,ramp,0.0,1.5,0.0,0.8577109392456652,886.6291524105657,False,settled
b,yellow_ramp,ramp,0.0,1.5,0.0,0.5468118290761944,987.9322471279005,False,settled
b,yellow_ramp,ramp,0.0,1.5,0.0,0.6342858870598747,954.5671845471741,False,settled
b,yellow_ramp,ramp,0.0,1.5,0.0,0.2891016905194719,1076.6816084448546,False,settled
b,yellow_ramp,ramp,0.0,1.5,0.0,1.1090856121432686,821.2911363576551,False,settled
b,yellow_ramp,ramp,0.0,1.5,0.0,0.5514224779511754,984.1394034101609,False,settled
b,yellow_ramp,ramp,0.0,1.5,0.0,1.1980615324723738,800.9665928508933,False,settled
b,yellow_ramp,ramp,0.0,1.5,0.0,0.5784791941816627,972.2069412130083,False,settled
b,yellow_ramp,ramp,0.0,1.5,0.0,0.47704152584708953,1011.798103297663,False,settled
b,yellow_ramp,ramp,0.0,1.5,0.0,0.8704382320309281,880.1333679628108,False,settled
b,yellow_ramp,ramp,0.0,1.5,0.0,0.9493520777782427,857.6547677103757,False,settled
b,yellow_ramp,ramp,0.0,1.5,0.0,0.5459053570578798,988.6797803692962,False,settled
b,yellow_ramp,ramp,0.0,1.5,0.0,0.25927318329833987,1094.977692913949,False,settled
b,yellow_ramp,ramp,0.0,1.5,0.0,0.49437191566446337,998.1913882238628,False,settled
b,yellow_ramp,ramp,0.0,1.5,0.0,0.2390698871339192,1106.734716370177,False,settled
b,yellow_ramp,ramp,0.0,1.5,0.0,0.8782576903157768,878.2547293128216,False,settled
b,yellow_ramp,ramp,0.0,1.5,0.0,0.4629280846564833,1018.9630153804964,False,settled
b,yellow_ramp,ramp,0.0,1.5,0.0,0.2708693587606945,1089.2261050237094,False,settled
b,yellow_ramp,ramp,0.0,1.5,0.0,0.23848744165149444,1102.834072777839,False,settled
b,yellow_ramp,ramp,0.0,1.5,0.0,0.5765089189952509,973.8204462637555,False,settled
b,yellow_ramp,ramp,0.0,1.5,0.0,0.735782780384565,917.9342303220802,False,settled
b,yellow_ramp,ramp,0.0,1.5,0.0,0.233175729401421,1104.2082723304677,False,settled
b,yellow_ramp,ramp,0.0,1.5,0.0,0.4023141381679409,1033.91266805346,False,settled
b,yellow_ramp,ramp,0.0,1.5,0.0,1.1878578823600547,802.7147233568609,False,settled
b,yellow_ramp,ramp,0.0,1.5,0.0,1.00068967559109,844.704536709972,False,settled
b,yellow_ramp,ramp,0.0,1.5,0.0,0.5639782750454689,974.1841379007126,False,settled
b,yellow_ramp,ramp,0.0,1.5,0.0,0.6187649146184815,958.2393309118905,False,settled
b,yellow_ramp,ramp,0.0,1.5,0.0,0.5004571561397949,1004.334333460174,False,settled
b,yellow_ramp,ramp,0.0,1.5,0.0,0.42708045880456363,1028.0429351154685,False,settled
b,yellow_ramp,ramp,0.0,1.5,0.0,0.7593706329923509,914.8253802465009,False,settled
b,yellow_ramp,ramp,0.0,1.5,0.0,0.6071263418278969,965.3695682270037,False,settled
b,yellow_ramp,ramp,0.0,1.5,0.0,1.0685044199041185,831.201105220948,False,settled
b,yellow_ramp,ramp,0.0,1.5,0.0,0.9631461228835971,856.4981773591222,False,settled
b,yellow_ramp,ramp,0.0,1.5,0.0,0.36079161328724035,1054.9645111531913,False,settled
b,yellow_ramp,ramp,0.0,1.5,0.0,0.3328430023245663,1057.6561725682834,False,settled
b,yellow_ramp,ramp,0.0,1.5,0.0,0.3733208578776234,1045.1787597224418,False,settled
b,yellow_ramp,ramp,0.0,1.5,0.0,0.48552915280928577,1004.9663774737517,False,settled
b,yellow_ramp,ramp,0.0,1.5,0.0,1.1075571657913517,823.2790675588149,False,settled
b,yellow_ramp,ramp,0.0,1.5,0.0,0.41188470562384955,1027.470234391549,False,settled
b,yellow_ramp,ramp,0.0,1.5,0.0,0.7100333347715695,932.1754734388496,False,settled
b,yellow_ramp,ramp,0.0,1.5,0.0,0.9765240414962255,850.8869807577883,False,settled
b,yellow_ramp,ramp,0.0,1.5,0.0,1.0221886328732084,843.8306240901618,False,settled
b,yellow_ramp,ramp,0.0,1.5,0.0,0.7546485569798871,916.5850454506905,False,settled
b,yellow_ramp,ramp,0.0,1.5,0.0,1.0990000994894014,824.9953988249013,False,settled
b,yellow_ramp,ramp,0.0,1.5,0.0,0.5283983771731363,986.3421432346895,False,settled
b,yellow_ramp,ramp,0.0,1.5,0.0,0.8260099945463435,892.4615844319147,False,settled
b,yellow_ramp,ramp,0.0,1.5,0.0,0.6406888721714113,949.2144668098111,False,settled
b,yellow_ramp,ramp,0.0,1.5,0.0,0.38337965614283753,1050.380771226198,False,settled
b,yellow_ramp,ramp,0.0,1.5,0.0,0.3200115425869914,1073.97758530262,False,settled
b,yellow_ramp,ramp,0.0,1.5,0.0,0.21920973397765864,1108.546884394114,False,settled
b,yellow_ramp,ramp,0.0,1.5,0.0,0.5059851892104346,999.8473179798425,False,settled
b,yellow_ramp,ramp,0.0,1.5,0.0,1.0299555905306348,842.9160861211976,False,settled
b,yellow_ramp,ramp,0.0,1.5,0.0,1.221609625785049,791.8818559461549,False,settled
b,yellow_ramp,ramp,0.0,1.5,0.0,0.26368655113884487,1099.4010339303518,False,settled
b,yellow_ramp,ramp,0.0,1.5,0.0,0.47936238946588955,1009.9244416226662,False,settled
b,yellow_ramp,ramp,0.0,1.5,0.0,1.0980315101466787,825.5694125533124,False,settled
b,yellow_ramp,ramp,0.0,1.5,0.0,0.6222472741610889,955.4361350703796,False,settled
b,yellow_ramp,ramp,0.0,1.5,0.0,0.3402795099066704,1056.7540742180677,False,settled
b,yellow_ramp,ramp,0.0,1.5,0.0,0.6594295402394359,942.5807027389351,False,settled
b,yellow_ramp,ramp,0.0,1.5,0.0,0.6795278316388802,937.9779715952739,False,settled
b,yellow_ramp,ramp,0.0,1.5,0.0,1.1640649233815068,808.5961477584983,False,settled
b,yellow_ramp,ramp,0.0,1.5,0.0,0.504576055119748,1000.9902403080316,False,settled
b,yellow_ramp,ramp,0.0,1.5,0.0,0.5973913910854793,967.8556063186712,False,settled
b,yellow_ramp,ramp,0.0,1.5,0.0,1.2129512027311884,796.0139786757709,False,settled
b,yellow_ramp,ramp,0.0,1.5,0.0,0.3996254518279001,1034.3036683571327,False,settled
b,yellow_ramp,ramp,0.0,1.5,0.0,0.58476632955199,967.4635842145774,False,settled
b,yellow_ramp,ramp,0.0,1.5,0.0,0.4681194212320906,1006.5153534103008,False,settled
b,yellow_ramp,ramp,0.0,1.5,0.0,1.1933504825070005,802.1555294066203,False,settled
b,yellow_ramp,ramp,0.0,1.5,0.0,0.5977363719415667,967.767340236965,False,settled
b,yellow_ramp,ramp,0.0,1.5,0.0,0.6936278985266642,938.2743467183742,False,settled
b,yellow_ramp,ramp,0.0,1.5,0.0,1.1074341258991596,823.4984113955094,False,settled
b,yellow_ramp,ramp,0.0,1.5,0.0,1.052029478210274,835.6769124959856,False,settled
b,yellow_ramp,ramp,0.0,1.5,0.0,0.9391949067699528,862.985858876109,False,settled
b,yellow_ramp,ramp,0.0,1.5,0.0,0.9804971383069097,850.8656638880798,False,settled
b,yellow_ramp,ramp,0.0,1.5,0.0,1.1095127239949636,822.9966591634842,False,settled
b,yellow_ramp,ramp,0.0,1.5,0.0,0.8352919700386905,890.2309128351575,False,settled
b,yellow_ramp,ramp,0.0,1.5,0.0,0.22906110164929602,1114.8622104306314,False,settled
b,yellow_ramp,ramp,0.0,1.5,0.0,0.22242937852902242,1116.1836521064088,False,settled
b,yellow_ramp,ramp,0.0,1.5,0.0,0.8160943539302639,895.0940369617396,False,settled
b,yellow_ramp,ramp,0.0,1.5,0.0,0.8429239570101219,890.340267976034,False,settled
b,yellow_ramp,ramp,0.0,1.5,0.0,0.6471693577061782,952.5412878733096,False,settled
b,yellow_ramp,ramp,0.0,1.5,0.0,1.0019577429991142,848.18352359792,False,settled
b,yellow_ramp,ramp,0.0,1.5,0.0,1.0398975739650527,839.6044389010358,False,settled
b,yellow_ramp,ramp,0.0,1.5,0.0,1.0590484862796394,834.1823264800897,False,settled
b,yellow_ramp,ramp,0.0,1.5,0.0,0.8099609933224297,900.7282069470446,False,settled
b,yellow_ramp,ramp,0.0,1.5,0.0,0.27110944398764486,1089.457184732022,False,settled
b,yellow_ramp,ramp,0.0,1.5,0.0,0.7287182720216145,923.9922983600782,False,settled
b,yellow_ramp,ramp,0.0,1.5,0.0,1.202717232650194,799.1783015666306,False,settled
b,yellow_ramp,ramp,0.0,1.5,0.0,0.7813206907551329,906.4108946225103,False,settled
b,yellow_ramp,ramp,0.0,1.5,0.0,0.4358435755434847,1021.0958896627664,False,settled
b,yellow_ramp,ramp,0.0,1.5,0.0,0.2785309233772,1083.9118240917117,False,settled
b,yellow_ramp,ramp,0.0,1.5,0.0,0.6094308789692147,964.7883370319649,False,settled
b,yellow_ramp,ramp,0.0,1.5,0.0,0.8108630107915188,899.8860986293372,False,settled
b,yellow_ramp,ramp,0.0,1.5,0.0,0.9041157755825378,869.4341631101497,False,settled
b,yellow_ramp,ramp,0.0,1.5,0.0,1.1640073749659188,808.7483055742481,False,settled
b,yellow_ramp,ramp,0.0,1.5,0.0,1.2171113079800464,793.0837286453836,False,settled
b,yellow_ramp,ramp,0.0,1.5,0.0,0.7495648018618144,913.7017937627847,False,settled
b,yellow_ramp,ramp,0.0,1.5,0.0,0.567406178620466,981.3303454929359,False,settled
b,yellow_ramp,ramp,0.0,1.5,0.0,0.7633409568485012,913.4357442249408,False,settled
b,yellow_ramp,ramp,0.0,1.5,0.0,0.6797438904938468,937.9145659080511,False,settled
b,yellow_ramp,ramp,0.0,1.5,0.0,0.4471168000644731,1024.5521962278565,False,settled
b,yellow_ramp,ramp,0.0,1.5,0.0,0.8360991203690444,889.56006759987,False,settled
b,yellow_ramp,ramp,0.0,1.5,0.0,0.4269854179814291,1028.1186173403312,False,settled
b,yellow_ramp,ramp,0.0,1.5,0.0,0.36238408817573503,1053.717795836654,False,settled
b,yellow_ramp,ramp,0.0,1.5,0.0,0.9108163012152772,868.0932710620117,False,settled
b,yellow_ramp,ramp,0.0,1.5,0.0,0.5878553887459687,965.0445106304126,False,settled
b,yellow_ramp,ramp,0.0,1.5,0.0,1.1144135025312119,821.0683185663347,False,settled
b,yellow_ramp,ramp,0.0,1.5,0.0,1.0492204252470707,835.8815623659392,False,settled
b,yellow_ramp,ramp,0.0,1.5,0.0,0.3938460527149872,1035.169040251636,False,settled
b,yellow_ramp,ramp,0.0,1.5,0.0,0.8217385379385485,896.3891270427812,False,settled
b,yellow_ramp,ramp,0.0,1.5,0.0,0.7314600568592614,921.5886515943516,False,settled
b,yellow_ramp,ramp,0.0,1.5,0.0,0.319517734952676,1074.262010375995,False,settled
b,yellow_ramp,ramp,0.0,1.5,0.0,0.9338004972221755,861.0433329341326,False,settled
b,yellow_ramp,ramp,0.0,1.5,0.0,0.5052245970652988,1000.4637301670833,False,settled
b,yellow_ramp,ramp,0.0,1.5,0.0,1.0198015072400568,844.2768918547804,False,settled
b,yellow_ramp,ramp,0.0,1.5,0.0,0.2823102706249955,1088.2458987208142,False,settled
b,yellow_ramp,ramp,0.0,1.5,0.0,0.4965464583785155,996.5001262444052,False,settled
b,yellow_ramp,ramp,0.0,1.5,0.0,0.31530598204295646,1077.3484935764473,False,settled
b,yellow_ramp,ramp,0.0,1.5,0.0,0.8778970964677975,878.6140018635269,False,settled
b,yellow_ramp,ramp,0.0,1.5,0.0,0.6211150846828599,956.3772507629699,False,settled
b,yellow_ramp,ramp,0.0,1.5,0.0,0.7013512713686998,931.8176707201649,False,settled
b,yellow_ramp,ramp,0.0,1.5,0.0,0.6017313841040142,966.7451282710405,False,settled
b,yellow_ramp,ramp,0.0,1.5,0.0,0.36336274924362094,1052.9524764739415,False,settled
b,yellow_ramp,ramp,0.0,1.5,0.0,0.5203831589725513,988.8098447056443,False,settled
b,yellow_ramp,ramp,0.0,1.5,0.0,0.42828368365063185,1027.0847506596865,False,settled
b,yellow_ramp,ramp,0.0,1.5,0.0,0.56370621668191,974.401354875385,False,settled
b,yellow_ramp,ramp,0.0,1.5,0.0,0.49264275852588124,999.370987983457,False,settled
b,yellow_ramp,ramp,0.0,1.5,0.0,0.38648544265751017,1049.1794727600488,False,settled
b,yellow_ramp,ramp,0.0,1.5,0.0,0.3367225228684072,1057.090962793888,False,settled
b,yellow_ramp,ramp,0.0,1.5,0.0,1.1239675839625858,818.378836329541,False,settled
b,yellow_ramp,ramp,0.0,1.5,0.0,0.37101348836593057,1046.9693903149598,False,settled
b,yellow_ramp,ramp,0.0,1.5,0.0,0.38798040366867426,1036.1455809144768,False,settled
b,yellow_ramp,ramp,0.0,1.5,0.0,0.4647690906050679,1018.6171151053064,False,settled
b,yellow_ramp,ramp,0.0,1.5,0.0,0.6396666289158255,950.1468886864068,False,settled
b,yellow_ramp,ramp,0.0,1.5,0.0,1.1809089405561157,804.6072870902173,False,settled
b,yellow_ramp,ramp,0.0,1.5,0.0,0.5514023013998752,984.1559103616684,False,settled
b,yellow_ramp,ramp,0.0,1.5,0.0,0.7270795549254518,925.4331266461867,False,settled
b,yellow_ramp,ramp,0.0,1.5,0.0,0.47689524591524324,1011.9166485898421,False,settled
b,yellow_ramp,ramp,0.0,1.5,0.0,0.6642806691937748,947.0516906641592,False,settled
b,yellow_ramp,ramp,0.0,1.5,0.0,0.22167965576671944,1115.0125105014226,False,settled
b,yellow_ramp,ramp,0.0,1.5,0.0,0.5984915117768211,967.5739379694647,False,settled
b,yellow_ramp,ramp,0.0,1.5,0.0,1.1768589063237265,806.5424477652759,False,settled
b,yellow_ramp,ramp,0.0,1.5,0.0,0.8678765341199939,882.6544579532979,False,settled
b,yellow_ramp,ramp,0.0,1.5,0.0,0.37067296500896685,1047.2350659581825,False,settled
b,yellow_ramp,ramp,0.0,1.5,0.0,0.801775769354039,901.5703578943913,False,settled
b,yellow_ramp,ramp,0.0,1.5,0.0,0.39052656917944034,1035.6649161524808,False,settled
b,yellow_ramp,ramp,0.0,1.5,0.0,1.1996028256479092,800.1442921670271,False,settled
b,yellow_ramp,ramp,0.0,1.5,0.0,0.38843842686322305,1036.0773663160755,False,settled
b,yellow_ramp,ramp,0.0,1.5,0.0,0.6533219800636385,947.5920704875884,False,settled
b,yellow_ramp,ramp,0.0,1.5,0.0,0.5840553643329431,968.0293756011104,False,settled
b,yellow_ramp,ramp,0.0,1.5,0.0,0.8381961412693084,887.887830600289,False,settled
b,yellow_ramp,ramp,0.0,1.5,0.0,0.31851279189385434,1074.8226968400286,False,settled
b,yellow_ramp,ramp,0.0,1.5,0.0,0.384336749596237,1049.624460116085,False,settled
b,yellow_ramp,ramp,0.0,1.5,0.0,0.45999471234284817,1019.514151784741,False,settled
b,yellow_ramp,ramp,0.0,1.5,0.0,0.3864335251462037,1049.1878693942708,False,settled
b,yellow_ramp,ramp,0.0,1.5,0.0,0.2310720438450541,1103.141945110171,False,settled
b,yellow_ramp,ramp,0.0,1.5,0.0,0.5788830498470552,971.876298470512,False,settled
b,yellow_ramp,ramp,0.0,1.5,0.0,0.7325476943403592,920.7254931128715,False,settled
b,yellow_ramp,ramp,0.0,1.5,0.0,0.7607553833443876,914.340730549201,False,settled
b,yellow_ramp,ramp,0.0,1.5,0.0,0.23232394944820578,1111.6489753545245,False,settled
b,yellow_ramp,ramp,0.0,1.5,0.0,0.35795137650240266,1057.184558718916,False,settled
b,yellow_ramp,ramp,0.0,1.5,0.0,0.4438228604485541,1015.0244067673199,False,settled
b,yellow_ramp,ramp,0.0,1.5,0.0,0.4361054449112842,1020.8889270251606,False,settled
b,yellow_ramp,ramp,0.0,1.5,0.0,0.4641429098914952,1018.7347663075988,False,settled
b,yellow_ramp,ramp,0.0,1.5,0.0,0.6085602967459409,965.0079157716914,False,settled
b,yellow_ramp,ramp,0.0,1.5,0.0,0.33100808070128207,1071.6657957251243,False,settled
b,yellow_ramp,ramp,0.0,1.5,0.0,0.5739011103459264,975.9679019733826,False,settled
b,yellow_ramp,ramp,0.0,1.5,0.0,0.30705608511950466,1069.5763338866307,False,settled
b,yellow_ramp,ramp,0.0,1.5,0.0,0.27309142713117107,1086.01719451792,False,settled
b,yellow_ramp,ramp,0.0,1.5,0.0,0.7418067647654185,920.3333602532872,False,settled
b,yellow_ramp,ramp,0.0,1.5,0.0,0.7160275358514329,927.18383722325,False,settled
b,yellow_ramp,ramp,0.0,1.5,0.0,0.8980646689839369,875.3380245497531,False,settled
b,yellow_ramp,ramp,0.0,1.5,0.0,0.6612170227656683,941.2675163964902,False,settled
b,yellow_ramp,ramp,0.0,1.5,0.0,0.9123860766184395,866.6281388583416,False,settled
b,yellow_ramp,ramp,0.0,1.5,0.0,1.10089713628784,823.9683248017813,False,settled
b,yellow_ramp,ramp,0.0,1.5,0.0,0.5711085339512154,978.2733389116274,False,settled
b,yellow_ramp,ramp,0.0,1.5,0.0,1.0167480757719127,846.6624061053772,False,settled
b,yellow_ramp,ramp,0.0,1.5,0.0,0.9117311167174033,867.1779650128215,False,settled
b,yellow_ramp,ramp,0.0,1.5,0.0,1.2165710076878238,793.8926811317618,False,settled
b,yellow_ramp,ramp,0.0,1.5,0.0,1.0972865493721542,824.6300649132857,False,settled
b,yellow_ramp,ramp,0.0,1.5,0.0,1.222748687067936,791.0991283258337,False,settled
b,yellow_ramp,ramp,0.0,1.5,0.0,0.6437554089383013,946.7112809096034,False,settled
b,yellow_ramp,ramp,0.0,1.5,0.0,0.42386522190905135,1030.6035703765192,False,settled
b,yellow_ramp,ramp,0.0,1.5,0.0,1.1628585665146365,808.0253627255969,False,settled
b,yellow_ramp,ramp,0.0,1.5,0.0,0.2659824234306052,1086.8270880001958,False,settled
b,yellow_ramp,ramp,0.0,1.5,0.0,0.35720714751428917,1057.7704439272902,False,settled
b,yellow_ramp,ramp,0.0,1.5,0.0,1.1719927738004732,807.5565587703477,False,settled
b,yellow_ramp,ramp,0.0,1.5,0.0,1.1404672760725152,814.6375272987651,False,settled
b,yellow_ramp,ramp,0.0,1.5,0.0,0.7516650956280935,919.2428918080633,False,settled
b,yellow_ramp,ramp,0.0,1.5,0.0,0.5559791921945579,980.4117151385816,False,settled
b,yellow_ramp,ramp,0.0,1.5,0.0,1.016012146111447,844.8551415351278,False,settled
b,yellow_ramp,ramp,0.0,1.5,0.0,0.8271394582718326,891.4346094642486,False,settled
b,yellow_ramp,ramp,0.0,1.5,0.0,1.1923070021506095,801.5022569204309,False,settled
b,yellow_ramp,ramp,0.0,1.5,0.0,0.30257830110478584,1072.7855100385882,False,settled
b,yellow_ramp,ramp,0.0,1.5,0.0,0.5171052430821562,991.45913345359,False,settled
b,yellow_ramp,ramp,0.0,1.5,0.0,0.6958511290920394,936.3414386247691,False,settled
b,yellow_ramp,ramp,0.0,1.5,0.0,1.064405635937726,833.648797499196,False,settled
b,yellow_ramp,ramp,0.0,1.5,0.0,0.9647850601611854,854.9097396085023,False,settled
b,yellow_ramp,ramp,0.0,1.5,0.0,0.35850098079756804,1056.751831311345,False,settled
b,yellow_ramp,ramp,0.0,1.5,0.0,0.7295492065044458,923.2638176164639,False,settled
b,yellow_ramp,ramp,0.0,1.5,0.0,0.5954844830571556,968.3652343974267,False,settled
b,yellow_ramp,ramp,0.0,1.5,0.0,0.6224354859778822,955.2039798369059,False,settled
b,yellow_ramp,ramp,0.0,1.5,0.0,1.0125487813367906,847.7789360845452,False,settled
b,yellow_ramp,ramp,0.0,1.5,0.0,0.43758691783098214,1019.7633630434046,False,settled
b,yellow_ramp,ramp,0.0,1.5,0.0,0.40011988425980605,1034.2317704143734,False,settled
b,yellow_ramp,ramp,0.0,1.5,0.0,0.45236122127443645,1020.9486606798107,False,settled
b,yellow_ramp,ramp,0.0,1.5,0.0,1.0133990560165056,846.6872883784423,False,settled
b,yellow_ramp,ramp,0.0,1.5,0.0,0.9137046354733365,870.2654552551446,False,settled
b,yellow_ramp,ramp,0.0,1.5,0.0,0.49178129413873384,999.969526927804,False,settled
b,yellow_ramp,ramp,0.0,1.5,0.0,1.1048357120680536,823.7685426636202,False,settled
b,yellow_ramp,ramp,0.0,1.5,0.0,0.5174068431746843,991.221695838873,False,settled
b,yellow_ramp,ramp,0.0,1.5,0.0,0.2586245309462949,1094.703780219465,False,settled
b,yellow_ramp,ramp,0.0,1.5,0.0,0.8944480220696349,873.4351421277196,False,settled
b,yellow_ramp,ramp,0.0,1.5,0.0,0.31737798157992847,1075.7153290196838,False,settled
b,yellow_ramp,ramp,0.0,1.5,0.0,0.8137915288126856,897.1526788059869,False,settled
b,yellow_ramp,ramp,0.0,1.5,0.0,0.309379089207028,1067.72161257695,False,settled
b,yellow_ramp,ramp,0.0,1.5,0.0,1.1442084729968238,814.0320244367489,False,settled
b,yellow_ramp,ramp,0.0,1.5,0.0,0.32909503669208146,1071.9177053174694,False,settled
b,yellow_ramp,ramp,0.0,1.5,0.0,1.0522504100601502,835.4189206016664,False,settled
b,yellow_ramp,ramp,0.0,1.5,0.0,0.450160216269184,1022.1392446365895,False,settled
b,yellow_ramp,ramp,0.0,1.5,0.0,0.8650956604231286,885.4086187589684,False,settled
b,yellow_ramp,ramp,0.0,1.5,0.0,0.861804355956367,882.6327785339314,False,settled
b,yellow_ramp,ramp,0.0,1.5,0.0,1.0185051593983778,844.3944734318064,False,settled
b,yellow_ramp,ramp,0.0,1.5,0.0,0.3835337533114791,1050.2590007305203,False,settled
b,yellow_ramp,ramp,0.0,1.5,0.0,1.0437859087352863,838.1787877042758,False,settled
b,yellow_ramp,ramp,0.0,1.5,0.0,0.894450497477416,873.4326463064048,False,settled
b,yellow_ramp,ramp,0.0,1.5,0.0,0.2629224508239297,1098.4348809491555,False,settled
b,yellow_ramp,ramp,0.0,1.5,0.0,0.3460424866908688,1052.7396863084562,False,settled
b,yellow_ramp,ramp,0.0,1.5,0.0,0.2957357931654073,1077.1327997764356,False,settled
b,yellow_ramp,ramp,0.0,1.5,0.0,0.988236065360189,846.3831753509775,False,settled
b,yellow_ramp,ramp,0.0,1.5,0.0,0.732775169641472,920.5260920419553,False,settled
b,yellow_ramp,ramp,0.0,1.5,0.0,0.7393196547065772,922.4947805691105,False,settled
b,yellow_ramp,ramp,0.0,1.5,0.0,0.6010229740481333,966.9263506007974,False,settled
b,yellow_ramp,ramp,0.0,1.5,0.0,1.2184648064671182,793.7861377458312,False,settled
b,yellow_ramp,ramp,0.0,1.5,0.0,1.0615885924811743,834.125681556456,False,settled
b,yellow_ramp,ramp,0.0,1.5,0.0,0.35596909890340644,1058.4949819997537,False,settled
b,yellow_ramp,ramp,0.0,1.5,0.0,0.5888470106488767,973.806176429588,False,settled
b,yellow_ramp,ramp,0.0,1.5,0.0,0.694020535270456,937.9329604634593,False,settled
b,yellow_ramp,ramp,0.0,1.5,0.0,1.0523434456832577,835.2937064112714,False,settled
b,yellow_ramp,ramp,0.0,1.5,0.0,1.0787056908674422,829.8000585437339,False,settled
b,yellow_ramp,ramp,0.0,1.5,0.0,0.9059213702893325,872.7702385726867,False,settled
b,yellow_ramp,ramp,0.0,1.5,0.0,0.8493887080415317,887.6113387732157,False,settled
b,yellow_ramp,ramp,0.0,1.5,0.0,0.6094805828165595,964.7758004976414,False,settled
b,yellow_ramp,ramp,0.0,1.5,0.0,0.571613528785532,977.8564442440355,False,settled
b,yellow_ramp,ramp,0.0,1.5,0.0,0.484468597642407,1005.8189164471813,False,settled
b,yellow_ramp,ramp,0.0,1.5,0.0,0.6076345605588015,965.241393604175,False,settled
b,yellow_ramp,ramp,0.0,1.5,0.0,0.6965528415442976,935.9832633286112,False,settled
b,yellow_ramp,ramp,0.0,1.5,0.0,1.2127365225092621,794.9757598622672,False,settled
b,yellow_ramp,ramp,0.0,1.5,0.0,1.1122499470822405,820.9293049681701,False,settled
b,yellow_ramp,ramp,0.0,1.5,0.0,0.277603319226708,1084.204549542496,False,settled
b,yellow_ramp,ramp,0.0,1.5,0.0,1.088458672807015,828.0668954324442,False,settled
b,yellow_ramp,ramp,0.0,1.5,0.0,0.43600891007841314,1020.9652215503074,False,settled
b,yellow_ramp,ramp,0.0,1.5,0.0,1.0030226637870385,848.1123897526828,False,settled
b,yellow_ramp,ramp,0.0,1.5,0.0,0.5329995188821939,985.3780410263813,False,settled
b,yellow_ramp,ramp,0.0,1.5,0.0,0.5966100142380023,968.0555288315745,False,settled
b,yellow_ramp,ramp,0.0,1.5,0.0,0.6589881082976004,942.9120423548147,False,settled
b,yellow_ramp,ramp,0.0,1.5,0.0,0.513800149119426,993.7037118096833,False,settled
b,yellow_ramp,ramp,0.0,1.5,0.0,0.432751550077624,1023.5400354931669,False,settled
b,yellow_ramp,ramp,0.0,1.5,0.0,0.47905963341088575,1010.1678748101173,False,settled
b,yellow_ramp,ramp,0.0,1.5,0.0,0.9045313736986811,869.1089806364354,False,settled
b,yellow_ramp,ramp,0.0,1.5,0.0,0.5323890152647195,985.5054249539661,False,settled
b,yellow_ramp,ramp,0.0,1.5,0.0,0.5593026127537717,977.6979218367043,False,settled
b,yellow_ramp,ramp,0.0,1.5,0.0,0.9781210010709634,849.0831992124124,False,settled
b,yellow_ramp,ramp,0.0,1.5,0.0,0.2203166849917496,1113.0441040717092,False,settled
b,yellow_ramp,ramp,0.0,1.5,0.0,0.7727442549886825,907.0388144489463,False,settled
b,yellow_ramp,ramp,0.0,1.5,0.0,0.7986644093423054,904.4549232122755,False,settled
b,yellow_ramp,ramp,0.0,1.5,0.0,0.6719777343651582,940.8241389146008,False,settled
b,yellow_ramp,ramp,0.0,1.5,0.0,0.47680641364999277,1011.9886382102619,False,settled
b,yellow_ramp,ramp,0.0,1.5,0.0,0.4973768182228676,1006.8357611628011,False,settled
b,yellow_ramp,ramp,0.0,1.5,0.0,0.7993601453310075,903.8097552309807,False,settled
b,yellow_ramp,ramp,0.0,1.5,0.0,0.7035547404311675,929.9156664617242,False,settled
b,yellow_ramp,ramp,0.0,1.5,0.0,1.0903527330783276,826.1006220295411,False,settled
b,yellow_ramp,ramp,0.0,1.5,0.0,0.31734521123694887,1075.741161634247,False,settled
b,yellow_ramp,ramp,0.0,1.5,0.0,0.259927086225725,1096.1932550752817,False,settled
b,yellow_ramp,ramp,0.0,1.5,0.0,0.7278052977337843,924.7926616519842,False,settled
b,yellow_ramp,ramp,0.0,1.5,0.0,0.5591168597614594,977.8486173802221,False,settled
b,yellow_ramp,ramp,0.0,1.5,0.0,0.7892966840965598,906.1689149011322,False,settled
b,yellow_ramp,ramp,0.0,1.5,0.0,0.28016221897353566,1086.513111071937,False,settled
b,yellow_ramp,ramp,0.0,1.5,0.0,0.5148179481879049,992.8969555405536,False,settled
b,yellow_ramp,ramp,0.0,1.5,0.0,0.5374487861248849,984.5270263807495,False,settled
b,yellow_ramp,ramp,0.0,1.5,0.0,0.7880634554847039,907.3043895653815,False,settled
b,yellow_ramp,ramp,0.0,1.5,0.0,0.5512059375202003,984.3165582826705,False,settled
b,yellow_ramp,ramp,0.0,1.5,0.0,0.37715975192104845,1042.2905558385278,False,settled
b,yellow_ramp,ramp,0.0,1.5,0.0,0.8888900655113543,873.6690364065695,False,settled
b,yellow_ramp,ramp,0.0,1.5,0.0,0.6000470494705515,967.1760072107904,False,settled
b,yellow_ramp,ramp,0.0,1.5,0.0,0.2342848268612332,1111.4474231538948,False,settled
b,yellow_ramp,ramp,0.0,1.5,0.0,0.3470585211265429,1052.0506942412035,False,settled
b,yellow_ramp,ramp,0.0,1.5,0.0,0.29394116716092367,1077.8698708280833,False,settled
b,yellow_ramp,ramp,0.0,1.5,0.0,1.1152129794464303,819.5935629233069,False,settled
b,yellow_ramp,ramp,0.0,1.5,0.0,0.46262094983601787,1019.0207216583035,False,settled
b,yellow_ramp,ramp,0.0,1.5,0.0,0.73138128418529,921.6576984761323,False,settled
b,yellow_ramp,ramp,0.0,1.5,0.0,1.0567646487868085,835.127848870844,False,settled
b,yellow_ramp,ramp,0.0,1.5,0.0,0.25065417126952183,1097.6488756170897,False,settled
b,yellow_ramp,ramp,0.0,1.5,0.0,0.25625981361437994,1092.4883622120867,False,settled
b,yellow_ramp,ramp,0.0,1.5,0.0,0.8907246058560483,877.2076371299357,False,settled
b,yellow_ramp,ramp,0.0,1.5,0.0,0.8030677250009418,900.372762339016,False,settled
b,yellow_ramp,ramp,0.0,1.5,0.0,0.25101483656162893,1098.5203109817478,False,settled
b,yellow_ramp,ramp,0.0,1.5,0.0,0.3513006489362528,1062.1887411612543,False,settled
b,yellow_ramp,ramp,0.0,1.5,0.0,0.4836453266306764,1006.480706937035,False,settled
b,yellow_ramp,ramp,0.0,1.5,0.0,1.1584272221700722,809.9027731643173,False,settled
b,yellow_ramp,ramp,0.0,1.5,0.0,0.43075459945173233,1025.1183615934954,False,settled
b,yellow_ramp,ramp,0.0,1.5,0.0,0.9376608467222504,863.8057195484322,False,settled
b,yellow_ramp,ramp,0.0,1.5,0.0,0.6719499603733616,940.8474458309627,False,settled
b,yellow_ramp,ramp,0.0,1.5,0.0,0.6094481940475098,964.7839697428453,False,settled
b,yellow_ramp,ramp,0.0,1.5,0.0,0.9955413890174105,846.5218029928719,False,settled
b,yellow_ramp,ramp,0.0,1.5,0.0,0.8268523825976724,891.7698236548596,False,settled
b,yellow_ramp,ramp,0.0,1.5,0.0,0.2679760708840652,1086.1650286673193,False,settled
b,yellow_ramp,ramp,0.0,1.5,0.0,0.8195885836782224,898.3436193453405,False,settled
b,yellow_ramp,ramp,0.0,1.5,0.0,0.45262247832349917,1020.899794936056,False,settled
b,yellow_ramp,ramp,0.0,1.5,0.0,0.3506607115871235,1062.6981696896783,False,settled
b,yellow_ramp,ramp,0.0,1.5,0.0,0.8267433190278366,891.8708187254355,False,settled
b,yellow_ramp,ramp,0.0,1.5,0.0,0.6257378641212104,952.511232238387,False,settled
b,yellow_ramp,ramp,0.0,1.5,0.0,0.650200035022985,949.9754617500885,False,settled
b,yellow_ramp,ramp,0.0,1.5,0.0,0.7906582168253689,904.9155166284883,False,settled
b,yellow_ramp,ramp,0.0,1.5,0.0,0.8847361488728991,877.556122260985,False,settled
b,yellow_ramp,ramp,0.0,1.5,0.0,0.47682990002512343,1011.9696048694318,False,settled
b,yellow_ramp,ramp,0.0,1.5,0.0,1.0619660484688094,833.8333254907321,False,settled
b,yellow_ramp,ramp,0.0,1.5,0.0,0.484741139806729,1005.5998311121975,False,settled
b,yellow_ramp,ramp,0.0,1.5,0.0,0.6251421842927214,953.0629260550766,False,settled
b,yellow_ramp,ramp,0.0,1.5,0.0,0.3980878862006683,1034.5272140019217,False,settled
b,yellow_ramp,ramp,0.0,1.5,0.0,0.5038180049855405,1001.605649597422,False,settled
b,yellow_ramp,ramp,0.0,1.5,0.0,0.9941217979626829,848.2137500939123,False,settled
b,yellow_ramp,ramp,0.0,1.5,0.0,0.3955587879860108,1034.988579200885,False,settled
b,yellow_ramp,ramp,0.0,1.5,0.0,1.0308003180434455,842.2804363531316,False,settled
b,yellow_ramp,ramp,0.0,1.5,0.0,0.9989622296787757,846.7710332591118,False,settled
b,yellow_ramp,ramp,0.0,1.5,0.0,1.2093332701922281,796.6065096137853,False,settled
b,yellow_ramp,ramp,0.0,1.5,0.0,0.7414895628357413,920.6082088649708,False,settled
b,yellow_ramp,ramp,0.0,1.5,0.0,1.0198926451471444,844.1568079555315,False,settled
b,yellow_ramp,ramp,0.0,1.5,0.0,1.0723056409511367,831.4380662876282,False,settled
b,yellow_ramp,ramp,0.0,1.5,0.0,1.0460775875782327,836.3851742325056,False,settled
b,yellow_ramp,ramp,0.0,1.5,0.0,0.9685774938128238,855.0742149257543,False,settled
b,yellow_ramp,ramp,0.0,1.5,0.0,0.8855622384071994,876.7280730513887,False,settled
b,yellow_ramp,ramp,0.0,1.5,0.0,1.1227455694966006,818.6354754794385,False,settled
b,yellow_ramp,ramp,0.0,1.5,0.0,0.971224045942924,852.3158095567766,False,settled
b,yellow_ramp,ramp,0.0,1.5,0.0,0.849702807143893,887.4792091074571,False,settled
b,yellow_ramp,ramp,0.0,1.5,0.0,0.49093740349529835,1000.6424364900028,False,settled
b,yellow_ramp,ramp,0.0,1.5,0.0,0.9748187213516581,852.8364463562715,False,settled
b,yellow_ramp,ramp,0.0,1.5,0.0,0.28871620730493047,1076.8928509417851,False,settled
b,yellow_ramp,ramp,0.0,1.5,0.0,1.1807695040221047,805.0360277891945,False,settled
b,yellow_ramp,ramp,0.0,1.5,0.0,0.24301428223475519,1105.1761730339508,False,settled
b,yellow_ramp,ramp,0.0,1.5,0.0,0.6534264890966678,947.5536921673056,False,settled
b,yellow_ramp,ramp,0.0,1.5,0.0,0.8292083001674178,895.9588857256306,False,settled
b,yellow_ramp,ramp,0.0,1.5,0.0,0.7000512635069446,932.9397857195763,False,settled
b,yellow_ramp,ramp,0.0,1.5,0.0,0.6242784835789211,953.6762349892654,False,settled
b,yellow_ramp,ramp,0.0,1.5,0.0,1.0189706869517448,843.793399840647,False,settled
b,yellow_ramp,ramp,0.0,1.5,0.0,0.8379878251726578,888.0835900544809,False,settled
b,yellow_ramp,ramp,0.0,1.5,0.0,0.621815091712596,955.7953797110517,False,settled
b,yellow_ramp,ramp,0.0,1.5,0.0,1.226011953647613,790.2380876760541,False,settled
b,yellow_ramp,ramp,0.0,1.5,0.0,0.9282902711103656,865.5953513987748,False,settled
b,yellow_ramp,ramp,0.0,1.5,0.0,0.5372433511213651,984.5698847934766,False,settled
b,yellow_ramp,ramp,0.0,1.5,0.0,0.8328858347248838,892.4931484702107,False,settled
b,yellow_ramp,ramp,0.0,1.5,0.0,0.63442177527211,954.4532183855699,False,settled
b,yellow_ramp,ramp,0.0,1.5,0.0,1.0327347546340324,840.8321665346595,False,settled
b,yellow_ramp,ramp,0.0,1.5,0.0,1.1810456227887791,804.7064967442474,False,settled
b,yellow_ramp,ramp,0.0,1.5,0.0,0.8151543992873498,895.8807457250466,False,settled
b,yellow_ramp,ramp,0.0,1.5,0.0,0.8719282774104626,878.9465787152616,False,settled
b,yellow_ramp,ramp,0.0,1.5,0.0,0.5971837392670483,967.9087356724698,False,settled
b,yellow_ramp,ramp,0.0,1.5,0.0,0.7043189811915812,929.3467401041964,False,settled
b,yellow_ramp,ramp,0.0,1.5,0.0,0.30472677831383554,1071.2613079855118,False,settled
b,yellow_ramp,ramp,0.0,1.5,0.0,0.488325445940733,1002.725626355334,False,settled
b,yellow_ramp,ramp,0.0,1.5,0.0,0.36324939162561254,1053.04114505889,False,settled
b,yellow_ramp,ramp,0.0,1.5,0.0,1.2079123564788754,798.6869123798235,False,settled
b,yellow_ramp,ramp,0.0,1.5,0.0,0.9631875534335279,856.4513872564727,False,settled
b,yellow_ramp,ramp,0.0,1.5,0.0,0.39781265837630814,1034.5672345715543,False,settled
b,yellow_ramp,ramp,0.0,1.5,0.0,0.5088103378119206,997.6412037216509,False,settled
b,yellow_ramp,ramp,0.0,1.5,0.0,0.8461487974205772,888.9746849782009,False,settled
b,yellow_ramp,ramp,0.0,1.5,0.0,0.6301302688107037,957.806858621143,False,settled
b,yellow_ramp,ramp,0.0,1.5,0.0,0.702237578194014,931.0525503850378,False,settled
b,yellow_ramp,ramp,0.0,1.5,0.0,0.9262793837122406,862.9001117327176,False,settled
b,yellow_ramp,ramp,0.0,1.5,0.0,0.7886732151230637,906.7428532434747,False,settled
b,yellow_ramp,ramp,0.0,1.5,0.0,0.28285958416418105,1082.5050588949532,False,settled
b,yellow_ramp,ramp,0.0,1.5,0.0,0.4031791409614809,1033.7871067144654,False,settled
b,yellow_ramp,ramp,0.0,1.5,0.0,0.45774431524750003,1019.937225745069,False,settled
b,yellow_ramp,ramp,0.0,1.5,0.0,0.8457175706444562,889.1561421591667,False,settled
b,yellow_ramp,ramp,0.0,1.5,0.0,1.1762114608259513,805.986642508204,False,settled
b,yellow_ramp,ramp,0.0,1.5,0.0,1.2179809723439112,792.4917178995568,False,settled
b,yellow_ramp,ramp,0.0,1.5,0.0,0.8085003140593632,902.0929680773854,False,settled
b,yellow_ramp,ramp,0.0,1.5,0.0,0.9306002981011096,863.42057934028,False,settled
b,yellow_ramp,ramp,0.0,1.5,0.0,0.5218098760588021,987.7641207578074,False,settled
b,yellow_ramp,ramp,0.0,1.5,0.0,0.6919711499736566,931.7329136765127,False,settled
b,yellow_ramp,ramp,0.0,1.5,0.0,0.6038779926724904,966.1959919593113,False,settled
b,yellow_ramp,ramp,0.0,1.5,0.0,0.38584690355694395,1049.284056993778,False,settled
b,yellow_ramp,ramp,0.0,1.5,0.0,0.3129959559806039,1079.1683915881813,False,settled
b,yellow_ramp,ramp,0.0,1.5,0.0,0.8221719439052456,895.9908236219513,False,settled
b,yellow_ramp,ramp,0.0,1.5,0.0,0.5703018948885648,978.9392495118116,False,settled
b,yellow_ramp,ramp,0.0,1.5,0.0,1.1435094265747041,813.7738998140953,False,settled
b,yellow_ramp,ramp,0.0,1.5,0.0,0.6441738815526585,955.0925734120556,False,settled
b,yellow_ramp,ramp,0.0,1.5,0.0,1.031529350864778,841.7316808224678,False,settled
b,yellow_ramp,ramp,0.0,1.5,0.0,0.8720081035596142,878.8678804554671,False,settled
b,yellow_ramp,ramp,0.0,1.5,0.0,0.7215788776484274,922.479044364898,False,settled
b,yellow_ramp,ramp,0.0,1.5,0.0,1.0995400095474845,824.1341850076699,False,settled
b,yellow_ramp,ramp,0.0,1.5,0.0,0.9738789492957554,853.6635422829427,False,settled
b,yellow_ramp,ramp,0.0,1.5,0.0,0.7108059103140649,931.7489757610024,False,settled
b,yellow_ramp,ramp,0.0,1.5,0.0,0.24238099030590282,1104.763475852714,False,settled
b,yellow_ramp,ramp,0.0,1.5,0.0,0.547555007264372,987.319371444238,False,settled
b,yellow_ramp,ramp,0.0,1.5,0.0,0.535286433359637,984.9781406919145,False,settled
b,yellow_ramp,ramp,0.0,1.5,0.0,0.8340727291791528,891.3771946831433,False,settled
b,yellow_ramp,ramp,0.0,1.5,0.0,1.1149703054412157,820.0324768868662,False,settled
b,yellow_ramp,ramp,0.0,1.5,0.0,1.1998399669613926,800.7017355131868,False,settled
b,yellow_ramp,ramp,0.0,1.5,0.0,0.4091458028559818,1029.678032443626,False,settled
b,yellow_ramp,ramp,0.0,1.5,0.0,1.146921992534876,813.5219673317469,False,settled
b,yellow_ramp,ramp,0.0,1.5,0.0,0.6096408301236629,964.7353821783935,False,settled
b,yellow_ramp,ramp,0.0,1.5,0.0,0.6856199894333204,936.1957788028554,False,settled
b,yellow_ramp,ramp,0.0,1.5,0.0,0.8033348929882296,900.1251025943785,False,settled
b,yellow_ramp,ramp,0.0,1.5,0.0,0.31957402254609274,1074.2122175249758,False,settled
b,yellow_ramp,ramp,0.0,1.5,0.0,1.0685678963579353,831.1055896492471,False,settled
b,yellow_ramp,ramp,0.0,1.5,0.0,0.531541604741979,985.682242195066,False,settled
b,yellow_ramp,ramp,0.0,1.5,0.0,0.7267778760617171,925.6998198422494,False,settled
b,yellow_ramp,ramp,0.0,1.5,0.0,0.26327263774735365,1098.8788025574404,False,settled
b,yellow_ramp,ramp,0.0,1.5,0.0,0.6773194914949252,938.6262443022234,False,settled
b,yellow_ramp,ramp,0.0,1.5,0.0,0.8691926229567655,881.3565789067179,False,settled
b,yellow_ramp,ramp,0.0,1.5,0.0,0.9791415080389391,852.1859871548805,False,settled
b,yellow_ramp,ramp,0.0,1.5,0.0,0.7058564611214685,927.9464421178067,False,settled
b,yellow_ramp,ramp,0.0,1.5,0.0,0.6770310277613161,938.7109122179008,False,settled
b,yellow_ramp,ramp,0.0,1.5,0.0,0.9247024550115721,864.5098697803242,False,settled
b,yellow_ramp,ramp,0.0,1.5,0.0,0.44023465450965255,1017.7346244124349,False,settled
b,yellow_ramp,ramp,0.0,1.5,0.0,0.4300741046818869,1025.658815696347,False,settled
b,yellow_ramp,ramp,0.0,1.5,0.0,1.0777194631383975,830.1919965629025,False,settled
b,yellow_ramp,ramp,0.0,1.5,0.0,1.0433212386331134,838.8120434563231,False,settled
b,yellow_ramp,ramp,0.0,1.5,0.0,0.9351001118355914,860.460855877339,False,settled
b,yellow_ramp,ramp,0.0,1.5,0.0,0.684814550856796,936.4289141371002,False,settled
b,yellow_ramp,ramp,0.0,1.5,0.0,0.530126768064261,985.9777486625682,False,settled
b,yellow_ramp,ramp,0.0,1.5,0.0,0.5145516483558377,993.1080067944669,False,settled
b,yellow_ramp,ramp,0.0,1.5,0.0,0.6984088841404408,934.3678739423993,False,settled
b,yellow_ramp,ramp,0.0,1.5,0.0,0.5598792705289636,977.4939551586061,False,settled
b,yellow_ramp,ramp,0.0,1.5,0.0,0.23004612405873578,1107.4860338906465,False,settled
b,yellow_ramp,ramp,0.0,1.5,0.0,0.774667627604213,912.4788022232239,False,settled
b,yellow_ramp,ramp,0.0,1.5,0.0,0.5207414164426851,988.6214419934493,False,settled
b,yellow_ramp,ramp,0.0,1.5,0.0,1.005240653999389,843.569254548397,False,settled
b,yellow_ramp,ramp,0.0,1.5,0.0,1.1651268213428327,808.4037357305077,False,settled
b,yellow_ramp,ramp,0.0,1.5,0.0,0.29780708783452026,1075.935520184332,False,settled
b,yellow_ramp,ramp,0.0,1.5,0.0,0.9278695505781087,866.0406755320496,False,settled
b,yellow_ramp,ramp,0.0,1.5,0.0,1.0252773925859406,843.9522531971983,False,settled
b,yellow_ramp,ramp,0.0,1.5,0.0,0.2235166162314211,1115.3938769255574,False,settled
b,yellow_ramp,ramp,0.0,1.5,0.0,1.1505467788293084,811.555694066422,False,settled
b,yellow_ramp,ramp,0.0,1.5,0.0,0.2649578702477443,1085.8889860109134,False,settled
b,yellow_ramp,ramp,0.0,1.5,0.0,0.46644262607299614,1018.3026782622576,False,settled
b,yellow_ramp,ramp,0.0,1.5,0.0,1.002941889541015,848.1974660036533,False,settled
b,yellow_ramp,ramp,0.0,1.5,0.0,0.5987482354342979,967.5082640565706,False,settled
b,yellow_ramp,ramp,0.0,1.5,0.0,0.3820763312991028,1038.5203270408722,False,settled
b,yellow_ramp,ramp,0.0,1.5,0.0,0.6796436909864649,937.9439709449639,False,settled
b,yellow_ramp,ramp,0.0,1.5,0.0,0.5989465923561994,967.4575212581215,False,settled
b,yellow_ramp,ramp,0.0,1.5,0.0,0.8882179906707874,874.3399959101008,False,settled
b,yellow_ramp,ramp,0.0,1.5,0.0,0.2293014851222594,1101.659993299749,False,settled
b,yellow_ramp,ramp,0.0,1.5,0.0,1.1883581379046853,802.9478610546523,False,settled
b,yellow_ramp,ramp,0.0,1.5,0.0,0.7794422472773375,908.1139348763384,False,settled
b,yellow_ramp,ramp,0.0,1.5,0.0,1.1247444571437502,817.7563856164871,False,settled
b,yellow_ramp,ramp,0.0,1.5,0.0,0.3220784493727122,1072.8428603456325,False,settled
b,yellow_ramp,ramp,0.0,1.5,0.0,0.37072636723124475,1047.1933033492992,False,settled
b,yellow_ramp,ramp,0.0,1.5,0.0,0.8400442172828575,892.0754244997786,False,settled
b,yellow_ramp,ramp,0.0,1.5,0.0,0.7264579216103654,925.982667389417,False,settled
b,yellow_ramp,ramp,0.0,1.5,0.0,1.2101599680667114,796.9993027283315,False,settled
b,yellow_ramp,ramp,0.0,1.5,0.0,0.7324906914683285,920.7754606488801,False,settled
b,yellow_ramp,ramp,0.0,1.5,0.0,0.35195262203273864,1061.6700140741984,False,settled
b,yellow_ramp,ramp,0.0,1.5,0.0,0.9279626845960609,865.9420957389967,False,settled
b,yellow_ramp,ramp,0.0,1.5,0.0,1.0415839641875169,838.681456415971,False,settled
b,yellow_ramp,ramp,0.0,1.5,0.0,0.7746699562753588,912.4766734474441,False,settled
b,yellow_ramp,ramp,0.0,1.5,0.0,1.177924307227302,805.8249534718661,False,settled
b,yellow_ramp,ramp,0.0,1.5,0.0,0.7285459662651997,924.1433521955908,False,settled
b,yellow_ramp,ramp,0.0,1.5,0.0,1.1806033400296323,805.5512810348653,False,settled
b,yellow_ramp,ramp,0.0,1.5,0.0,1.0230915855814855,842.6546766732424,False,settled
b,yellow_ramp,ramp,0.0,1.5,0.0,1.0404188477555991,838.8993982299249,False,settled
b,yellow_ramp,ramp,0.0,1.5,0.0,0.38494224508846275,1049.426943781903,False,settled
b,yellow_ramp,ramp,0.0,1.5,0.0,0.432681326591849,1023.595542831598,False,settled
b,yellow_ramp,ramp,0.0,1.5,0.0,0.4907993825774736,1000.7524925029469,False,settled
b,yellow_ramp,ramp,0.0,1.5,0.0,0.7274340936809092,925.1197022254147,False,settled
b,yellow_ramp,ramp,0.0,1.5,0.0,0.5380979698630566,984.3915916771863,False,settled
b,yellow_ramp,ramp,0.0,1.5,0.0,0.8114787762528788,899.3112997246716,False,settled
b,yellow_ramp,ramp,0.0,1.5,0.0,0.7583738274314663,915.1742541535804,False,settled
b,yellow_ramp,ramp,0.0,1.5,0.0,0.496323355011561,996.6687321020476,False,settled
b,yellow_ramp,ramp,0.0,1.5,0.0,0.8128654956647472,898.016897211529,False,settled
b,yellow_ramp,ramp,0.0,1.5,0.0,0.9321427218528263,861.9023487575363,False,settled
b,yellow_ramp,ramp,0.0,1.5,0.0,0.5007590488830809,1004.089231679123,False,settled
b,yellow_ramp,ramp,0.0,1.5,0.0,1.0639756335480446,834.3070891952989,False,settled
b,yellow_ramp,ramp,0.0,1.5,0.0,0.7938695895226305,902.0638997983865,False,settled
b,yellow_ramp,ramp,0.0,1.5,0.0,0.6394154655533115,950.3574888884077,False,settled
b,yellow_ramp,ramp,0.0,1.5,0.0,0.4641027715693815,1018.7423077664595,False,settled
b,yellow_ramp,ramp,0.0,1.5,0.0,1.1584954090774822,809.677546020141,False,settled
b,yellow_ramp,ramp,0.0,1.5,0.0,0.5673812273485362,981.3509471895178,False,settled
b,yellow_ramp,ramp,0.0,1.5,0.0,0.29546313628902826,1077.2640969827164,False,settled
b,yellow_ramp,ramp,0.0,1.5,0.0,0.5354099639347178,984.9523695966597,False,settled
b,yellow_ramp,ramp,0.0,1.5,0.0,0.7341029229013515,919.289615750818,False,settled
b,yellow_ramp,ramp,0.0,1.5,0.0,0.3939842012703902,1035.1485813796041,False,settled
b,yellow_ramp,ramp,0.0,1.5,0.0,0.34699032220194154,1052.1034927784156,False,settled
b,yellow_ramp,ramp,0.0,1.5,0.0,0.5369353149162484,984.6341480883519,False,settled
b,yellow_ramp,ramp,0.0,1.5,0.0,0.628634609641787,959.0699381517004,False,settled
b,yellow_ramp,ramp,0.0,1.5,0.0,1.1220609725461432,819.0250648329207,False,settled
b,yellow_ramp,ramp,0.0,1.5,0.0,0.8234452753332695,894.8206148336799,False,settled
b,yellow_ramp,ramp,0.0,1.5,0.0,0.9077497553751903,870.8939900963525,False,settled
b,yellow_ramp,ramp,0.0,1.5,0.0,1.1450120175275518,813.0753501333031,False,settled
