trial,element,model,block_noise_sd,ramp_noise_sd,block_noise_up,ramp_noise_up,final_position_up,ramp_valid,up_stop_reason
a,black_block,ramp,0.33,0.0,1.00200549652505,0.0,841.1534015890484,False,settled
a,black_block,ramp,0.33,0.0,0.7920697199366642,0.0,841.56653034774,False,settled
a,black_block,ramp,0.33,0.0,0.8187952341348692,0.0,842.1465112798613,False,settled
a,black_block,ramp,0.33,0.0,0.7896007841399649,0.0,838.400270487499,False,settled
a,black_block,ramp,0.33,0.0,0.8724248683948639,0.0,841.6877111220308,False,settled
a,black_block,ramp,0.33,0.0,0.8108420729723217,0.0,842.2961099386863,False,settled
a,black_block,ramp,0.33,0.0,0.8681226307289222,0.0,837.7714582889487,False,settled
a,black_block,ramp,0.33,0.0,0.8432687523107105,0.0,841.4688996235177,False,settled
a,black_block,ramp,0.33,0.0,1.1493944298085608,0.0,843.757592644634,False,settled
a,black_block,ramp,0.33,0.0,0.97176441608308,0.0,839.4270073527287,False,settled
a,black_block,ramp,0.33,0.0,1.0370170388421123,0.0,842.8189823452359,False,settled
a,black_block,ramp,0.33,0.0,0.8516891574570352,0.0,843.0270764889979,False,settled
a,black_block,ramp,0.33,0.0,0.9261364896045955,0.0,837.042053583971,False,settled
a,black_block,ramp,0.33,0.0,0.8831097118268666,0.0,842.039925527194,False,settled
a,black_block,ramp,0.33,0.0,0.7903092206437207,0.0,842.3770124429964,False,settled
a,black_block,ramp,0.33,0.0,0.9228761510242963,0.0,837.9824418873181,False,settled
a,black_block,ramp,0.33,0.0,1.0122976291969032,0.0,839.6061202589268,False,settled
a,black_block,ramp,0.33,0.0,1.0103710201353564,0.0,840.1744487574567,False,settled
a,black_block,ramp,0.33,0.0,0.8244346921282809,0.0,842.6744985166567,False,settled
a,black_block,ramp,0.33,0.0,1.0141980769280334,0.0,841.1496266188865,False,settled
a,black_block,ramp,0.33,0.0,0.9873623831177487,0.0,841.381013842626,False,settled
a,black_block,ramp,0.33,0.0,0.7988253539071528,0.0,842.2498074415423,False,settled
a,black_block,ramp,0.33,0.0,0.9676105017757889,0.0,839.8198334940178,False,settled
a,red_block,ramp,0.33,0.0,0.9645433897696655,0.0,838.0685563599689,False,settled
a,red_block,ramp,0.33,0.0,1.057656205296308,0.0,837.0916735569024,False,settled
a,red_block,ramp,0.33,0.0,0.9476065676098732,0.0,841.9174627008258,False,settled
a,red_block,ramp,0.33,0.0,1.2522176952050514,0.0,836.8992120571048,False,settled
a,red_block,ramp,0.33,0.0,1.2300256133992413,0.0,841.2711538699357,False,settled
a,red_block,ramp,0.33,0.0,1.1121967216626762,0.0,842.3433940480239,False,settled
a,red_block,ramp,0.33,0.0,0.9711953450025748,0.0,843.2674254833838,False,settled
a,red_block,ramp,0.33,0.0,0.9815926026505899,0.0,841.6943579718389,False,settled
a,red_block,ramp,0.33,0.0,0.9296856908514559,0.0,837.9035318009453,False,settled
a,red_block,ramp,0.33,0.0,1.3362753632544637,0.0,807.5797360132938,False,settled
a,red_block,ramp,0.33,0.0,0.9245179563573347,0.0,843.2017059625286,False,settled
a,red_block,ramp,0.33,0.0,0.9353353211723144,0.0,842.6503041293374,False,settled
a,red_block,ramp,0.33,0.0,0.9431104614465127,0.0,841.89157078555,False,settled
b,blue_ramp,ramp,0.0,1.0,0.0,0.8876919136320245,1033.535375806813,False,settled
b,blue_ramp,ramp,0.0,1.0,0.0,0.8658206117987969,1034.4933734556057,False,settled
b,blue_ramp,ramp,0.0,1.0,0.0,0.9007482864755901,1023.1473544985565,False,settled
b,blue_ramp,ramp,0.0,1.0,0.0,1.326930293294095,884.9499338242075,False,settled
b,blue_ramp,ramp,0.0,1.0,0.0,1.2203635370639911,918.1747313562875,False,settled
b,blue_ramp,ramp,0.0,1.0,0.0,1.479298540941665,845.9336864759167,False,settled
b,blue_ramp,ramp,0.0,1.0,0.0,1.2598081925797704,903.4001824094763,False,settled
b,blue_ramp,ramp,0.0,1.0,0.0,0.8491210957224755,1038.8639049597878,False,settled
b,blue_ramp,ramp,0.0,1.0,0.0,0.82429943732245,1058.0913699542782,False,settled
b,blue_ramp,ramp,0.0,1.0,0.0,0.7527879574298676,1081.2394554268892,False,settled
b,blue_ramp,ramp,0.0,1.0,0.0,1.4963121223329516,841.1296560199642,False,settled
b,blue_ramp,ramp,0.0,1.0,0.0,0.9916425548827353,987.3343287605136,False,settled
b,blue_ramp,ramp,0.0,1.0,0.0,1.3545765260107727,875.2102101406247,False,settled
b,blue_ramp,ramp,0.0,1.0,0.0,1.3022602794548068,890.7307183062258,False,settled
b,blue_ramp,ramp,0.0,1.0,0.0,1.3313969433457378,880.8713487540972,False,settled
b,blue_ramp,ramp,0.0,1.0,0.0,0.7637635316735405,1076.8620324500923,False,settled
b,blue_ramp,ramp,0.0,1.0,0.0,1.2141355673569023,916.2141807362802,False,settled
b,blue_ramp,ramp,0.0,1.0,0.0,0.9099388264816337,1016.0507306245105,False,settled
b,blue_ramp,ramp,0.0,1.0,0.0,0.9531235410989074,1004.8905020556948,False,settled
b,blue_ramp,ramp,0.0,1.0,0.0,0.8118519773398944,1054.0396062693649,False,settled
b,blue_ramp,ramp,0.0,1.0,0.0,0.7296273562599077,1095.41186636739,False,settled
b,blue_ramp,ramp,0.0,1.0,0.0,1.0753291639298952,965.1923139136524,False,settled
b,blue_ramp,ramp,0.0,1.0,0.0,0.8776037565639094,1028.8514471442084,False,settled
b,blue_ramp,ramp,0.0,1.0,0.0,1.3595310748518958,875.879128268714,False,settled
b,blue_ramp,ramp,0.0,1.0,0.0,0.7796836394347689,1065.608948724457,False,settled
b,blue_ramp,ramp,0.0,1.0,0.0,1.223509006409335,916.0023783932858,False,settled
b,blue_ramp,ramp,0.0,1.0,0.0,0.8890440674540366,1032.4519562327603,False,settled
b,blue_ramp,ramp,0.0,1.0,0.0,1.1992905310630286,921.298792501492,False,settled
b,blue_ramp,ramp,0.0,1.0,0.0,1.2298226566549235,913.792084721964,False,settled
b,blue_ramp,ramp,0.0,1.0,0.0,1.4663929433534997,846.853929791502,False,settled
b,blue_ramp,ramp,0.0,1.0,0.0,0.7872045953465356,1074.1278709204955,False,settled
b,blue_ramp,ramp,0.0,1.0,0.0,0.7115101106049789,1094.7945494496082,False,settled
b,blue_ramp,ramp,0.0,1.0,0.0,1.609594418231656,813.8891307977756,False,settled
b,blue_ramp,ramp,0.0,1.0,0.0,0.8231462478914556,1058.750234870553,False,settled
b,blue_ramp,ramp,0.0,1.0,0.0,1.5268221625798193,833.7592910115227,False,settled
b,blue_ramp,ramp,0.0,1.0,0.0,1.4571615001002103,849.1098677542176,False,settled
b,blue_ramp,ramp,0.0,1.0,0.0,1.1378950452457535,942.1589250793204,False,settled
b,blue_ramp,ramp,0.0,1.0,0.0,0.8785927521827143,1028.083065306723,False,settled
b,blue_ramp,ramp,0.0,1.0,0.0,1.1154415240178719,951.8836343832932,False,settled
b,blue_ramp,ramp,0.0,1.0,0.0,1.6070368404121338,815.7755549933023,False,settled
b,blue_ramp,ramp,0.0,1.0,0.0,1.0566359733638833,973.5689053180199,False,settled
b,blue_ramp,ramp,0.0,1.0,0.0,1.070944515606714,966.3068822736822,False,settled
b,blue_ramp,ramp,0.0,1.0,0.0,0.8646527444292088,1034.753640906538,False,settled
b,blue_ramp,ramp,0.0,1.0,0.0,0.8662795588494878,1034.426670663227,False,settled
b,blue_ramp,ramp,0.0,1.0,0.0,1.0935579679699827,961.2465953494823,False,settled
b,blue_ramp,ramp,0.0,1.0,0.0,0.8622063615346425,1035.114782572631,False,settled
b,blue_ramp,ramp,0.0,1.0,0.0,1.6239701999920055,810.6851062287737,False,settled
b,blue_ramp,ramp,0.0,1.0,0.0,0.8037985172268128,1057.1409350707463,False,settled
b,blue_ramp,ramp,0.0,1.0,0.0,1.2516270624988648,903.8895355412664,False,settled
b,blue_ramp,ramp,0.0,1.0,0.0,1.0428981693540291,974.7320964583574,False,settled
b,blue_ramp,ramp,0.0,1.0,0.0,0.8369742012603889,1048.1725492778157,False,settled
b,blue_ramp,ramp,0.0,1.0,0.0,0.7801254289496854,1065.2790843560244,False,settled
b,blue_ramp,ramp,0.0,1.0,0.0,0.8644178662663846,1034.7877907648458,False,settled
b,blue_ramp,ramp,0.0,1.0,0.0,1.143247198386424,939.0877330883678,False,settled
b,blue_ramp,ramp,0.0,1.0,0.0,0.8306662333580475,1053.1061906704206,False,settled
b,blue_ramp,ramp,0.0,1.0,0.0,0.8571509361605418,1035.800228810301,False,settled
b,blue_ramp,ramp,0.0,1.0,0.0,1.2487259109709794,906.4968178133397,False,settled
b,blue_ramp,ramp,0.0,1.0,0.0,1.4402167952284821,850.6479301406292,False,settled
b,blue_ramp,ramp,0.0,1.0,0.0,0.7086774166212808,1100.4575272191094,False,settled
b,blue_ramp,ramp,0.0,1.0,0.0,0.9419378804826616,1013.9080770172441,False,settled
b,blue_ramp,ramp,0.0,1.0,0.0,1.6437715536555433,805.8099517759679,False,settled
b,blue_ramp,ramp,0.0,1.0,0.0,1.1485717804892643,937.5248768088516,False,settled
b,blue_ramp,ramp,0.0,1.0,0.0,0.9112550286004909,1015.0767214767511,False,settled
b,blue_ramp,ramp,0.0,1.0,0.0,0.8303598033923324,1053.3458440690595,False,settled
b,blue_ramp,ramp,0.0,1.0,0.0,0.8536481467025063,1049.2351339515856,False,settled
b,blue_ramp,ramp,0.0,1.0,0.0,1.4199239860281696,858.8316733300824,False,settled
b,blue_ramp,ramp,0.0,1.0,0.0,0.7910329260667367,1072.6510983755097,False,settled
b,blue_ramp,ramp,0.0,1.0,0.0,0.8799956416895635,1027.0833650028899,False,settled
b,blue_ramp,ramp,0.0,1.0,0.0,1.6544712441967167,802.8958981959622,False,settled
b,blue_ramp,ramp,0.0,1.0,0.0,0.954228049676312,1004.0026223873181,False,settled
b,blue_ramp,ramp,0.0,1.0,0.0,1.0560407960882432,974.0576117511581,False,settled
b,blue_ramp,ramp,0.0,1.0,0.0,1.1228611605254077,945.9201124720852,False,settled
b,blue_ramp,ramp,0.0,1.0,0.0,1.3554215501795177,874.6376271484656,False,settled
b,blue_ramp,ramp,0.0,1.0,0.0,1.3137552672416526,888.9298821412114,False,settled
b,blue_ramp,ramp,0.0,1.0,0.0,0.7996022243471482,1057.676109465125,False,settled
b,blue_ramp,ramp,0.0,1.0,0.0,1.1632857411410256,936.3982784427238,False,settled
b,blue_ramp,ramp,0.0,1.0,0.0,0.7650800755251373,1076.0749780034591,False,settled
b,blue_ramp,ramp,0.0,1.0,0.0,1.2121290216254967,917.8752381387027,False,settled
b,blue_ramp,ramp,0.0,1.0,0.0,1.5606588681189213,827.087658627543,False,settled
b,blue_ramp,ramp,0.0,1.0,0.0,0.9129225469202626,1025.8959587823497,False,settled
b,blue_ramp,ramp,0.0,1.0,0.0,1.066564615341793,967.4273291326169,False,settled
b,blue_ramp,ramp,0.0,1.0,0.0,1.3524622814190397,877.3293843456931,False,settled
b,blue_ramp,ramp,0.0,1.0,0.0,0.9896092929586552,987.7718213689499,False,settled
b,blue_ramp,ramp,0.0,1.0,0.0,1.5219830682545934,835.9223889223185,False,settled
b,blue_ramp,ramp,0.0,1.0,0.0,1.001486480963729,985.1721071794874,False,settled
b,blue_ramp,ramp,0.0,1.0,0.0,1.1706847320462075,930.2350072418085,False,settled
b,blue_ramp,ramp,0.0,1.0,0.0,0.8282466529681916,1054.999550678883,False,settled
b,blue_ramp,ramp,0.0,1.0,0.0,1.2199964774428098,918.5018924443625,False,settled
b,blue_ramp,ramp,0.0,1.0,0.0,0.9515156230122163,1006.1830428937252,False,settled
b,blue_ramp,ramp,0.0,1.0,0.0,1.13940590988164,940.8844113558508,False,settled
b,blue_ramp,ramp,0.0,1.0,0.0,1.6585261518550631,803.080453744807,False,settled
b,blue_ramp,ramp,0.0,1.0,0.0,0.7263857267824793,1095.1490074237904,False,settled
b,blue_ramp,ramp,0.0,1.0,0.0,0.9681475955185482,1004.1797189162914,False,settled
b,blue_ramp,ramp,0.0,1.0,0.0,0.6991415010447026,1107.3940209913335,False,settled
b,blue_ramp,ramp,0.0,1.0,0.0,0.7955525791801266,1072.0552034821183,False,settled
b,blue_ramp,ramp,0.0,1.0,0.0,1.6390714218182076,806.8212428371407,False,settled
b,blue_ramp,ramp,0.0,1.0,0.0,0.6937912342073526,1110.6443522241977,False,settled
b,blue_ramp,ramp,0.0,1.0,0.0,1.1080252118529537,949.4269661335467,False,settled
b,blue_ramp,ramp,0.0,1.0,0.0,0.924320368354431,1020.1108513648426,False,settled
b,blue_ramp,ramp,0.0,1.0,0.0,0.9638749378486257,996.6280045399744,False,settled
b,blue_ramp,ramp,0.0,1.0,0.0,0.7801199344403601,1065.2832927955321,False,settled
b,blue_ramp,ramp,0.0,1.0,0.0,0.7517424993279058,1081.4100947557513,False,settled
b,blue_ramp,ramp,0.0,1.0,0.0,0.7424713597819285,1089.0013727268733,False,settled
b,blue_ramp,ramp,0.0,1.0,0.0,1.255813332693882,907.074344926378,False,settled
b,blue_ramp,ramp,0.0,1.0,0.0,1.247956728515853,907.1940947544397,False,settled
b,blue_ramp,ramp,0.0,1.0,0.0,0.7979302427942797,1071.741873743708,False,settled
b,blue_ramp,ramp,0.0,1.0,0.0,0.7776355173092556,1067.14214809668,False,settled
b,blue_ramp,ramp,0.0,1.0,0.0,1.2833926229687558,895.2807521399624,False,settled
b,blue_ramp,ramp,0.0,1.0,0.0,1.0156754114880198,986.8077403552796,False,settled
b,blue_ramp,ramp,0.0,1.0,0.0,1.2731285759950437,898.1006745327489,False,settled
b,blue_ramp,ramp,0.0,1.0,0.0,1.6900396015373804,790.3633940415535,False,settled
b,blue_ramp,ramp,0.0,1.0,0.0,1.204584509251566,924.1822896006058,False,settled
b,blue_ramp,ramp,0.0,1.0,0.0,1.001897384462346,985.163846553254,False,settled
b,blue_ramp,ramp,0.0,1.0,0.0,1.5469199532685318,828.9122357973623,False,settled
b,blue_ramp,ramp,0.0,1.0,0.0,1.0383183387184867,978.5129064810678,False,settled
b,blue_ramp,ramp,0.0,1.0,0.0,0.8661666419241221,1034.443057163056,False,settled
b,blue_ramp,ramp,0.0,1.0,0.0,1.151412979092284,936.6910858148962,False,settled
b,blue_ramp,ramp,0.0,1.0,0.0,0.9557508359081485,1002.7851296646637,False,settled
b,blue_ramp,ramp,0.0,1.0,0.0,0.8002919577354798,1057.6622140809689,False,settled
b,blue_ramp,ramp,0.0,1.0,0.0,1.0888767626279436,956.1597358368227,False,settled
b,blue_ramp,ramp,0.0,1.0,0.0,1.0049200020275717,984.5330313998882,False,settled
b,blue_ramp,ramp,0.0,1.0,0.0,0.9487876717075001,1008.376219148061,False,settled
b,blue_ramp,ramp,0.0,1.0,0.0,0.716503533255201,1092.4021783678415,False,settled
b,blue_ramp,ramp,0.0,1.0,0.0,0.8144830702451161,1052.1091070827574,False,settled
b,blue_ramp,ramp,0.0,1.0,0.0,1.021537881315516,981.9997240499175,False,settled
b,blue_ramp,ramp,0.0,1.0,0.0,1.6845276938117075,793.5076046843113,False,settled
b,blue_ramp,ramp,0.0,1.0,0.0,1.2398933567436885,907.3543640252919,False,settled
b,blue_ramp,ramp,0.0,1.0,0.0,1.0667008224341772,967.3924852258209,False,settled
b,blue_ramp,ramp,0.0,1.0,0.0,0.9811070670323303,993.8561372142722,False,settled
b,blue_ramp,ramp,0.0,1.0,0.0,1.0427544549958097,974.8507317263934,False,settled
b,blue_ramp,ramp,0.0,1.0,0.0,1.0606114372058644,970.3079560057736,False,settled
b,blue_ramp,ramp,0.0,1.0,0.0,0.9990942378177905,985.6712580318449,False,settled
b,blue_ramp,ramp,0.0,1.0,0.0,1.2190578924260356,919.3384392398001,False,settled
b,blue_ramp,ramp,0.0,1.0,0.0,0.7602574167006085,1078.0847831299268,False,settled
b,blue_ramp,ramp,0.0,1.0,0.0,0.94690821508511,1009.887595151067,False,settled
b,blue_ramp,ramp,0.0,1.0,0.0,0.882781503287017,1037.2267498660392,False,settled
b,blue_ramp,ramp,0.0,1.0,0.0,1.2464093077471947,908.6011045582136,False,settled
b,blue_ramp,ramp,0.0,1.0,0.0,0.7326063043633283,1085.6932333551956,False,settled
b,blue_ramp,ramp,0.0,1.0,0.0,0.7040117603803326,1109.4787266375276,False,settled
b,blue_ramp,ramp,0.0,1.0,0.0,0.8521484963478095,1049.4784458575912,False,settled
b,blue_ramp,ramp,0.0,1.0,0.0,1.2765149594493304,901.6112843083985,False,settled
b,blue_ramp,ramp,0.0,1.0,0.0,0.9845353492881125,991.5141537625225,False,settled
b,blue_ramp,ramp,0.0,1.0,0.0,0.992168584192247,987.2227553570891,False,settled
b,blue_ramp,ramp,0.0,1.0,0.0,1.3529982212738592,876.7922352447443,False,settled
b,blue_ramp,ramp,0.0,1.0,0.0,0.9116820636318195,1026.8799278806164,False,settled
b,blue_ramp,ramp,0.0,1.0,0.0,0.9084839302160662,1017.1579326640174,False,settled
b,blue_ramp,ramp,0.0,1.0,0.0,1.6406996520955173,807.2489508624662,False,settled
b,blue_ramp,ramp,0.0,1.0,0.0,1.26152275297907,901.9240176277235,False,settled
b,blue_ramp,ramp,0.0,1.0,0.0,0.7071262212808515,1109.2963564552965,False,settled
b,blue_ramp,ramp,0.0,1.0,0.0,0.7022912784666975,1098.9060376831715,False,settled
b,blue_ramp,ramp,0.0,1.0,0.0,0.7473742638270028,1085.8991407549786,False,settled
b,blue_ramp,ramp,0.0,1.0,0.0,0.8835084063624974,1036.6441408908809,False,settled
b,blue_ramp,ramp,0.0,1.0,0.0,1.2288480294807766,914.1331422196315,False,settled
b,blue_ramp,ramp,0.0,1.0,0.0,1.3101352017473278,890.4632995634744,False,settled
b,blue_ramp,ramp,0.0,1.0,0.0,0.9092266248505191,1016.5924145639793,False,settled
b,blue_ramp,ramp,0.0,1.0,0.0,0.8598047825906368,1035.397286631512,False,settled
b,blue_ramp,ramp,0.0,1.0,0.0,0.8948590930949432,1027.8210523082528,False,settled
b,blue_ramp,ramp,0.0,1.0,0.0,1.3293757522213439,882.5631122738322,False,settled
b,blue_ramp,ramp,0.0,1.0,0.0,0.6939383069446823,1111.843909240361,False,settled
b,blue_ramp,ramp,0.0,1.0,0.0,1.3784248197913165,867.9836382713193,False,settled
b,blue_ramp,ramp,0.0,1.0,0.0,0.8447427236612656,1042.2261788268274,False,settled
b,blue_ramp,ramp,0.0,1.0,0.0,1.4880988665847952,843.1999213664121,False,settled
b,blue_ramp,ramp,0.0,1.0,0.0,1.4419852606855204,853.2175963985121,False,settled
b,blue_ramp,ramp,0.0,1.0,0.0,0.9825828080236323,992.6886283862478,False,settled
b,blue_ramp,ramp,0.0,1.0,0.0,0.7623631943658572,1077.5295058309325,False,settled
b,blue_ramp,ramp,0.0,1.0,0.0,0.7974557972279971,1071.8043421413856,False,settled
b,blue_ramp,ramp,0.0,1.0,0.0,0.7293210469925143,1094.797893575683,False,settled
b,blue_ramp,ramp,0.0,1.0,0.0,0.9237878220483438,1020.2109257722125,False,settled
b,blue_ramp,ramp,0.0,1.0,0.0,1.284848628732679,893.8681224997125,False,settled
b,blue_ramp,ramp,0.0,1.0,0.0,0.9510908661833947,1006.5244850835993,False,settled
b,blue_ramp,ramp,0.0,1.0,0.0,1.379366154219962,867.041689296168,False,settled
b,blue_ramp,ramp,0.0,1.0,0.0,0.9102660485844837,1015.8887438631068,False,settled
b,blue_ramp,ramp,0.0,1.0,0.0,1.523622036319893,834.6517823543204,False,settled
b,blue_ramp,ramp,0.0,1.0,0.0,0.9061986921755112,1018.9941936866804,False,settled
b,blue_ramp,ramp,0.0,1.0,0.0,0.8473752935300547,1040.110294152912,False,settled
b,blue_ramp,ramp,0.0,1.0,0.0,1.3113800245105036,889.9329102318308,False,settled
b,blue_ramp,ramp,0.0,1.0,0.0,0.8371298208991054,1048.0508486373953,False,settled
b,blue_ramp,ramp,0.0,1.0,0.0,1.542515151944417,830.8498155844243,False,settled
b,blue_ramp,ramp,0.0,1.0,0.0,1.533098131125625,831.9022092533903,False,settled
b,blue_ramp,ramp,0.0,1.0,0.0,0.7842962624391857,1076.173859605491,False,settled
b,blue_ramp,ramp,0.0,1.0,0.0,0.9657311187066611,1006.1420482076783,False,settled
b,blue_ramp,ramp,0.0,1.0,0.0,1.4377407287841089,853.4342538746367,False,settled
b,blue_ramp,ramp,0.0,1.0,0.0,0.9725803014199058,1000.5808749076341,False,settled
b,blue_ramp,ramp,0.0,1.0,0.0,1.5197653955065182,835.3987544154858,False,settled
b,blue_ramp,ramp,0.0,1.0,0.0,1.1360330828344163,943.7305207796759,False,settled
b,blue_ramp,ramp,0.0,1.0,0.0,0.7479523066211851,1087.082187556319,False,settled
b,blue_ramp,ramp,0.0,1.0,0.0,0.9039406281958774,1020.6240178031603,False,settled
b,blue_ramp,ramp,0.0,1.0,0.0,0.8173566671761839,1063.3381453038855,False,settled
b,blue_ramp,ramp,0.0,1.0,0.0,1.118108289651236,949.6304951318833,False,settled
b,blue_ramp,ramp,0.0,1.0,0.0,0.9486797549122316,1008.4629747646817,False,settled
b,blue_ramp,ramp,0.0,1.0,0.0,1.3793763094163087,867.0314409528703,False,settled
b,blue_ramp,ramp,0.0,1.0,0.0,0.9417729271004639,1014.0417524294896,False,settled
b,blue_ramp,ramp,0.0,1.0,0.0,1.393027903422529,863.5760364503008,False,settled
b,blue_ramp,ramp,0.0,1.0,0.0,0.8682616402046186,1034.1384470382463,False,settled
b,blue_ramp,ramp,0.0,1.0,0.0,1.5736464406015602,822.5217136594938,False,settled
b,blue_ramp,ramp,0.0,1.0,0.0,1.1295328048152318,949.0080722438005,False,settled
b,blue_ramp,ramp,0.0,1.0,0.0,0.8323095504124776,1051.8206766730723,False,settled
b,blue_ramp,ramp,0.0,1.0,0.0,1.0300872247951836,975.3101267299088,False,settled
b,blue_ramp,ramp,0.0,1.0,0.0,1.2711560348195217,899.8274080665034,False,settled
b,blue_ramp,ramp,0.0,1.0,0.0,0.8636875369971584,1034.8954962197918,False,settled
b,blue_ramp,ramp,0.0,1.0,0.0,1.233844216794881,912.3847930421113,False,settled
b,blue_ramp,ramp,0.0,1.0,0.0,0.8803789719452998,1026.7909093557541,False,settled
b,blue_ramp,ramp,0.0,1.0,0.0,1.1403700635614682,940.0753023959832,False,settled
b,blue_ramp,ramp,0.0,1.0,0.0,0.7210055869710859,1102.6373975238323,False,settled
b,blue_ramp,ramp,0.0,1.0,0.0,1.6058213667810655,815.513294322083,False,settled
b,blue_ramp,ramp,0.0,1.0,0.0,0.7883978151347781,1073.4593057170114,False,settled
b,blue_ramp,ramp,0.0,1.0,0.0,0.8840461084650262,1036.4604210507282,False,settled
b,blue_ramp,ramp,0.0,1.0,0.0,1.2321411992614864,912.980741443488,False,settled
b,blue_ramp,ramp,0.0,1.0,0.0,1.2562569012719185,906.6658159394212,False,settled
b,blue_ramp,ramp,0.0,1.0,0.0,1.0227884718344271,980.9766491574792,False,settled
b,blue_ramp,ramp,0.0,1.0,0.0,1.0463352831784436,971.9154039181898,False,settled
b,blue_ramp,ramp,0.0,1.0,0.0,1.1684675891453555,932.1488573589795,False,settled
b,blue_ramp,ramp,0.0,1.0,0.0,1.2183950562128227,919.9292011848269,False,settled
b,blue_ramp,ramp,0.0,1.0,0.0,0.7674431692348845,1074.6263572707078,False,settled
b,blue_ramp,ramp,0.0,1.0,0.0,0.7869121755530517,1074.3553887911896,False,settled
b,blue_ramp,ramp,0.0,1.0,0.0,1.3408581242062032,877.5846649185615,False,settled
b,blue_ramp,ramp,0.0,1.0,0.0,0.8839869532588777,1036.5078754450565,False,settled
b,blue_ramp,ramp,0.0,1.0,0.0,1.2509721899646182,904.4786084164901,False,settled
b,blue_ramp,ramp,0.0,1.0,0.0,1.2257306830985326,915.22440573235,False,settled
b,blue_ramp,ramp,0.0,1.0,0.0,0.9602240390531289,999.3466460690432,False,settled
b,blue_ramp,ramp,0.0,1.0,0.0,1.5719333383838598,822.2733132276481,False,settled
b,blue_ramp,ramp,0.0,1.0,0.0,0.869932460586918,1033.8954590266685,False,settled
b,blue_ramp,ramp,0.0,1.0,0.0,1.3850737240208861,866.6401031518024,False,settled
b,blue_ramp,ramp,0.0,1.0,0.0,1.2573703711596171,905.6407958148461,False,settled
b,blue_ramp,ramp,0.0,1.0,0.0,1.4866505122783278,843.565078829464,False,settled
b,blue_ramp,ramp,0.0,1.0,0.0,0.9516967879590456,1006.0374124941717,False,settled
b,blue_ramp,ramp,0.0,1.0,0.0,1.1096478761915438,948.0048215615049,False,settled
b,blue_ramp,ramp,0.0,1.0,0.0,0.8175446225421078,1063.1885523268666,False,settled
b,blue_ramp,ramp,0.0,1.0,0.0,0.694423720457792,1104.1372484203607,False,settled
b,blue_ramp,ramp,0.0,1.0,0.0,1.3493531872971443,875.0258207890782,False,settled
b,blue_ramp,ramp,0.0,1.0,0.0,0.7778259443795136,1066.996260040127,False,settled
b,blue_ramp,ramp,0.0,1.0,0.0,1.2501416993714347,905.3026705267312,False,settled
b,blue_ramp,ramp,0.0,1.0,0.0,0.9110031981701742,1015.334918313577,False,settled
b,blue_ramp,ramp,0.0,1.0,0.0,1.0046069919023173,984.598332408902,False,settled
b,blue_ramp,ramp,0.0,1.0,0.0,0.8184483462111327,1062.4692032190173,False,settled
b,blue_ramp,ramp,0.0,1.0,0.0,0.9208018813749141,1020.7717114478709,False,settled
b,blue_ramp,ramp,0.0,1.0,0.0,1.109237456341795,948.3460090101906,False,settled
b,blue_ramp,ramp,0.0,1.0,0.0,1.0322382509503,973.567237087465,False,settled
b,blue_ramp,ramp,0.0,1.0,0.0,1.1185496691939865,949.513752594505,False,settled
b,blue_ramp,ramp,0.0,1.0,0.0,1.1489223280424015,937.4220033955718,False,settled
b,blue_ramp,ramp,0.0,1.0,0.0,1.3290341669015882,882.896419311672,False,settled
b,blue_ramp,ramp,0.0,1.0,0.0,0.8661494613728724,1034.4455553945375,False,settled
b,blue_ramp,ramp,0.0,1.0,0.0,1.1806364247625576,929.7046174296935,False,settled
b,blue_ramp,ramp,0.0,1.0,0.0,1.5968688951006444,817.6321424970567,False,settled
b,blue_ramp,ramp,0.0,1.0,0.0,0.8798342062509428,1027.2093481690981,False,settled
b,blue_ramp,ramp,0.0,1.0,0.0,1.4868263231410148,843.3382701768684,False,settled
b,blue_ramp,ramp,0.0,1.0,0.0,0.722150436157715,1104.4811568942705,False,settled
b,blue_ramp,ramp,0.0,1.0,0.0,1.1659421980091744,934.3388789924871,False,settled
b,blue_ramp,ramp,0.0,1.0,0.0,0.9980625189680348,985.8867730162319,False,settled
b,blue_ramp,ramp,0.0,1.0,0.0,1.2882697590698213,897.2563933574163,False,settled
b,blue_ramp,ramp,0.0,1.0,0.0,1.1218002958769067,946.8158812008028,False,settled
b,blue_ramp,ramp,0.0,1.0,0.0,1.213426589839034,916.7427939595999,False,settled
b,blue_ramp,ramp,0.0,1.0,0.0,0.7580373355180998,1076.7720411753025,False,settled
b,blue_ramp,ramp,0.0,1.0,0.0,0.8400727261922877,1045.759368330277,False,settled
b,blue_ramp,ramp,0.0,1.0,0.0,1.1320197448072042,946.8507126695149,False,settled
b,blue_ramp,ramp,0.0,1.0,0.0,0.8974247054965419,1025.7778070099466,False,settled
b,blue_ramp,ramp,0.0,1.0,0.0,0.9971052399405608,986.0901899884278,False,settled
b,blue_ramp,ramp,0.0,1.0,0.0,0.9501511315355968,1007.2801107842446,False,settled
b,blue_ramp,ramp,0.0,1.0,0.0,1.150456089840602,936.9718981284336,False,settled
b,blue_ramp,ramp,0.0,1.0,0.0,0.9967086206663129,986.172993276917,False,settled
b,blue_ramp,ramp,0.0,1.0,0.0,1.4345047537890863,852.4355572168103,False,settled
b,blue_ramp,ramp,0.0,1.0,0.0,0.7218685347832839,1103.4900219992153,False,settled
b,blue_ramp,ramp,0.0,1.0,0.0,1.2404490580425198,906.8599972190858,False,settled
b,blue_ramp,ramp,0.0,1.0,0.0,0.9581594330376151,1000.8640862517286,False,settled
b,blue_ramp,ramp,0.0,1.0,0.0,1.509205477059662,838.5117830268412,False,settled
b,blue_ramp,ramp,0.0,1.0,0.0,1.349184255372585,875.1805469136028,False,settled
b,blue_ramp,ramp,0.0,1.0,0.0,1.1792326286185497,930.9360576651678,False,settled
b,blue_ramp,ramp,0.0,1.0,0.0,0.9337627045642156,1018.3364834054015,False,settled
b,blue_ramp,ramp,0.0,1.0,0.0,1.0201228488142655,983.1572738368658,False,settled
b,blue_ramp,ramp,0.0,1.0,0.0,0.7064624614538055,1106.249975730121,False,settled
b,blue_ramp,ramp,0.0,1.0,0.0,1.1208118039904218,947.600675170634,False,settled
b,blue_ramp,ramp,0.0,1.0,0.0,0.7946050977531168,1072.1800525890615,False,settled
b,blue_ramp,ramp,0.0,1.0,0.0,0.896157811445766,1026.7867997354358,False,settled
b,blue_ramp,ramp,0.0,1.0,0.0,0.7404215273961982,1085.4632525954796,False,settled
b,blue_ramp,ramp,0.0,1.0,0.0,0.7479313452410818,1087.0459163383575,False,settled
b,blue_ramp,ramp,0.0,1.0,0.0,1.4573073596844754,848.9378951517391,False,settled
b,blue_ramp,ramp,0.0,1.0,0.0,0.975407169404344,998.347337149193,False,settled
b,blue_ramp,ramp,0.0,1.0,0.0,0.8691598908013571,1034.0078177019586,False,settled
b,blue_ramp,ramp,0.0,1.0,0.0,0.8813546880007704,1038.3706294060935,False,settled
b,blue_ramp,ramp,0.0,1.0,0.0,1.5550159312278051,827.317293766613,False,settled
b,blue_ramp,ramp,0.0,1.0,0.0,0.959612273502824,999.7940216067389,False,settled
b,blue_ramp,ramp,0.0,1.0,0.0,1.243111248041415,911.6161732042544,False,settled
b,blue_ramp,ramp,0.0,1.0,0.0,1.44818014982456,850.6537075820302,False,settled
b,blue_ramp,ramp,0.0,1.0,0.0,1.6231356461455098,810.7545564131179,False,settled
b,blue_ramp,ramp,0.0,1.0,0.0,0.770838048661248,1072.2472159687802,False,settled
b,blue_ramp,ramp,0.0,1.0,0.0,1.2213065177669895,917.334234209694,False,settled
b,blue_ramp,ramp,0.0,1.0,0.0,0.7186595272760272,1098.8683864742916,False,settled
b,blue_ramp,ramp,0.0,1.0,0.0,0.7364014011464581,1087.3025230806638,False,settled
b,blue_ramp,ramp,0.0,1.0,0.0,1.5338642066564183,833.1970922582714,False,settled
b,blue_ramp,ramp,0.0,1.0,0.0,0.7172177166759434,1094.427358311664,False,settled
b,blue_ramp,ramp,0.0,1.0,0.0,1.4862623899610212,844.0624153999076,False,settled
b,blue_ramp,ramp,0.0,1.0,0.0,0.9146781401263394,1024.5035577562192,False,settled
b,blue_ramp,ramp,0.0,1.0,0.0,0.7595263618607114,1077.6251445905107,False,settled
b,blue_ramp,ramp,0.0,1.0,0.0,1.2971920651512745,895.5023121413371,False,settled
b,blue_ramp,ramp,0.0,1.0,0.0,0.7660153912851416,1075.5006742328353,False,settled
b,blue_ramp,ramp,0.0,1.0,0.0,0.7761838148549444,1068.2501217741553,False,settled
b,blue_ramp,ramp,0.0,1.0,0.0,1.3402091432683059,878.1870217315665,False,settled
b,blue_ramp,ramp,0.0,1.0,0.0,1.2023345420136042,918.6527326454852,False,settled
b,blue_ramp,ramp,0.0,1.0,0.0,1.075716493850648,965.0946278598444,False,settled
b,blue_ramp,ramp,0.0,1.0,0.0,0.8895804471484915,1032.0248626610623,False,settled
b,blue_ramp,ramp,0.0,1.0,0.0,1.223954339843164,915.846452187785,False,settled
b,blue_ramp,ramp,0.0,1.0,0.0,1.1683302280382963,932.2674217789083,False,settled
b,blue_ramp,ramp,0.0,1.0,0.0,0.7197380396971336,1099.7420551361226,False,settled
b,blue_ramp,ramp,0.0,1.0,0.0,0.9496327697980547,1007.6968319549698,False,settled
b,blue_ramp,ramp,0.0,1.0,0.0,1.5929635361986867,818.4873444783871,False,settled
b,blue_ramp,ramp,0.0,1.0,0.0,0.863570516725535,1034.9128203242683,False,settled
b,blue_ramp,ramp,0.0,1.0,0.0,0.9002162520131882,1023.5679364677671,False,settled
b,blue_ramp,ramp,0.0,1.0,0.0,0.8316070676192819,1052.3702495461223,False,settled
b,blue_ramp,ramp,0.0,1.0,0.0,1.3610068980626746,874.3840722142875,False,settled
b,blue_ramp,ramp,0.0,1.0,0.0,1.3131285216562603,889.1936133166633,False,settled
b,blue_ramp,ramp,0.0,1.0,0.0,1.2090999600910857,920.513066045768,False,settled
b,blue_ramp,ramp,0.0,1.0,0.0,1.1990365622597252,921.5215919474846,False,settled
b,blue_ramp,ramp,0.0,1.0,0.0,0.7021591670274883,1098.607138100598,False,settled
b,blue_ramp,ramp,0.0,1.0,0.0,1.1655418121682126,934.6873562603331,False,settled
b,blue_ramp,ramp,0.0,1.0,0.0,0.8481454673869753,1039.5185290681104,False,settled
b,blue_ramp,ramp,0.0,1.0,0.0,0.7813217374476715,1078.517970888342,False,settled
b,blue_ramp,ramp,0.0,1.0,0.0,1.0592523919473071,971.4204665598089,False,settled
b,blue_ramp,ramp,0.0,1.0,0.0,1.660628653656064,801.1584798180306,False,settled
b,blue_ramp,ramp,0.0,1.0,0.0,1.2217948326505526,916.8989814127732,False,settled
b,blue_ramp,ramp,0.0,1.0,0.0,1.0558218964301151,974.2375674130909,False,settled
b,blue_ramp,ramp,0.0,1.0,0.0,1.1757419774232716,933.7451096758401,False,settled
b,blue_ramp,ramp,0.0,1.0,0.0,0.6910063668997072,1115.137844281412,False,settled
b,blue_ramp,ramp,0.0,1.0,0.0,0.9364377518537736,1006.3671822117215,False,settled
b,blue_ramp,ramp,0.0,1.0,0.0,1.4460535597312116,848.6003075214751,False,settled
b,blue_ramp,ramp,0.0,1.0,0.0,0.7935547319927987,1072.3185401904386,False,settled
b,blue_ramp,ramp,0.0,1.0,0.0,0.7808947528805633,1078.8543050811377,False,settled
b,blue_ramp,ramp,0.0,1.0,0.0,1.18855558515694,922.8319457545804,False,settled
b,blue_ramp,ramp,0.0,1.0,0.0,0.898536118827702,1024.8958729241554,False,settled
b,blue_ramp,ramp,0.0,1.0,0.0,0.7090629318064057,1101.973961151502,False,settled
b,blue_ramp,ramp,0.0,1.0,0.0,0.8646440586917838,1034.7549037616561,False,settled
b,blue_ramp,ramp,0.0,1.0,0.0,1.262317178498761,901.1280178961015,False,settled
b,blue_ramp,ramp,0.0,1.0,0.0,1.2982973611011321,894.4591125116382,False,settled
b,blue_ramp,ramp,0.0,1.0,0.0,1.2858223609520112,899.5417167621562,False,settled
b,blue_ramp,ramp,0.0,1.0,0.0,1.2443873747584364,910.4494317259905,False,settled
b,blue_ramp,ramp,0.0,1.0,0.0,1.0440244106585956,973.8077613052262,False,settled
b,blue_ramp,ramp,0.0,1.0,0.0,1.0139460066891453,988.233927794222,False,settled
b,blue_ramp,ramp,0.0,1.0,0.0,0.971524902597277,1001.4376839026222,False,settled
b,blue_ramp,ramp,0.0,1.0,0.0,0.9578267132737285,1001.1293917117154,False,settled
b,blue_ramp,ramp,0.0,1.0,0.0,1.5138670159540693,837.0820470574088,False,settled
b,blue_ramp,ramp,0.0,1.0,0.0,0.9098509603262225,1016.1182291366379,False,settled
b,blue_ramp,ramp,0.0,1.0,0.0,1.0985847071771533,957.0008278442824,False,settled
b,blue_ramp,ramp,0.0,1.0,0.0,0.9326999535458653,1018.5361614133216,False,settled
b,blue_ramp,ramp,0.0,1.0,0.0,0.8990643580195712,1024.4783875962294,False,settled
b,blue_ramp,ramp,0.0,1.0,0.0,1.0843370608613117,959.8421827082985,False,settled
b,blue_ramp,ramp,0.0,1.0,0.0,0.9138756798869913,1025.1398706554446,False,settled
b,blue_ramp,ramp,0.0,1.0,0.0,0.9570002283126777,1001.7886762866381,False,settled
b,blue_ramp,ramp,0.0,1.0,0.0,0.945425442226339,1011.08177460543,False,settled
b,blue_ramp,ramp,0.0,1.0,0.0,1.3545822687857219,875.2044546564503,False,settled
b,blue_ramp,ramp,0.0,1.0,0.0,1.252051141218763,903.5054456529539,False,settled
b,blue_ramp,ramp,0.0,1.0,0.0,1.0390518063514214,977.9073988407895,False,settled
b,blue_ramp,ramp,0.0,1.0,0.0,1.002659245519833,985.0046747577195,False,settled
b,blue_ramp,ramp,0.0,1.0,0.0,1.4566646143998816,849.6956954983467,False,settled
b,blue_ramp,ramp,0.0,1.0,0.0,1.4209072125198448,858.0015467684713,False,settled
b,blue_ramp,ramp,0.0,1.0,0.0,1.48572599110307,844.7546396870184,False,settled
b,blue_ramp,ramp,0.0,1.0,0.0,0.9222865762587371,1020.4930084247179,False,settled
b,blue_ramp,ramp,0.0,1.0,0.0,0.7131481967142721,1099.2855007695196,False,settled
b,blue_ramp,ramp,0.0,1.0,0.0,1.1872686692423398,923.9468012425706,False,settled
b,blue_ramp,ramp,0.0,1.0,0.0,1.2297851056047573,913.8052252030861,False,settled
b,blue_ramp,ramp,0.0,1.0,0.0,0.7811267883634759,1078.671536984152,False,settled
b,blue_ramp,ramp,0.0,1.0,0.0,0.8885728182048422,1032.8285579312928,False,settled
b,blue_ramp,ramp,0.0,1.0,0.0,1.1413553571699286,939.6432425795325,False,settled
b,blue_ramp,ramp,0.0,1.0,0.0,0.7990047890695339,1057.7553005286359,False,settled
b,blue_ramp,ramp,0.0,1.0,0.0,1.3159751015011678,887.9956580047492,False,settled
b,blue_ramp,ramp,0.0,1.0,0.0,1.2397292076027595,907.4978020437517,False,settled
b,blue_ramp,ramp,0.0,1.0,0.0,1.469845235959183,848.9809063550764,False,settled
b,blue_ramp,ramp,0.0,1.0,0.0,1.298710008316014,894.0696374564329,False,settled
b,blue_ramp,ramp,0.0,1.0,0.0,0.8284401158704502,1054.848777664479,False,settled
b,blue_ramp,ramp,0.0,1.0,0.0,1.1919664351070753,927.7431474837166,False,settled
b,blue_ramp,ramp,0.0,1.0,0.0,0.7458025210249153,1083.978880295166,False,settled
b,blue_ramp,ramp,0.0,1.0,0.0,0.7740030150331779,1070.0000069026778,False,settled
b,blue_ramp,ramp,0.0,1.0,0.0,1.3131563408848848,889.1819071914418,False,settled
b,blue_ramp,ramp,0.0,1.0,0.0,0.8285401167570714,1054.7708113495719,False,settled
b,blue_ramp,ramp,0.0,1.0,0.0,1.396255313674844,865.1047134973685,False,settled
b,blue_ramp,ramp,0.0,1.0,0.0,1.467611754225649,845.3959570900729,False,settled
b,blue_ramp,ramp,0.0,1.0,0.0,1.5180426796358184,836.4462018926314,False,settled
b,blue_ramp,ramp,0.0,1.0,0.0,1.3882434732411937,868.298660746165,False,settled
b,blue_ramp,ramp,0.0,1.0,0.0,0.841029735538099,1045.0166473027405,False,settled
b,blue_ramp,ramp,0.0,1.0,0.0,1.170143181421933,930.7023747777307,False,settled
b,blue_ramp,ramp,0.0,1.0,0.0,1.0398703965756504,977.2314712202078,False,settled
b,blue_ramp,ramp,0.0,1.0,0.0,0.7728491655801965,1070.8804695703745,False,settled
b,blue_ramp,ramp,0.0,1.0,0.0,0.7419441949306713,1088.6655123392286,False,settled
b,blue_ramp,ramp,0.0,1.0,0.0,1.4172690563492616,857.127768644788,False,settled
b,blue_ramp,ramp,0.0,1.0,0.0,1.3325602112199608,879.7912134850296,False,settled
b,blue_ramp,ramp,0.0,1.0,0.0,1.48448302092001,846.3568383761308,False,settled
b,blue_ramp,ramp,0.0,1.0,0.0,0.9569835222265585,1001.8020005316512,False,settled
b,blue_ramp,ramp,0.0,1.0,0.0,1.6288254210165696,809.8553330310626,False,settled
b,blue_ramp,ramp,0.0,1.0,0.0,0.9796935950100608,994.9716739922803,False,settled
b,blue_ramp,ramp,0.0,1.0,0.0,1.2821162414148628,896.3830003283276,False,settled
b,blue_ramp,ramp,0.0,1.0,0.0,1.0971416764611217,958.2194755682585,False,settled
b,blue_ramp,ramp,0.0,1.0,0.0,1.6804071970425791,796.2407472109779,False,settled
b,blue_ramp,ramp,0.0,1.0,0.0,0.9102802624157005,1015.8778340663569,False,settled
b,blue_ramp,ramp,0.0,1.0,0.0,1.0229047035505123,980.8815845213478,False,settled
b,blue_ramp,ramp,0.0,1.0,0.0,1.147216911976654,937.9224831554816,False,settled
b,blue_ramp,ramp,0.0,1.0,0.0,0.9949759331538167,986.5347226657466,False,settled
b,blue_ramp,ramp,0.0,1.0,0.0,1.0612209276376041,969.8103148472554,False,settled
b,blue_ramp,ramp,0.0,1.0,0.0,0.7465245248977804,1084.0814300699014,False,settled
b,blue_ramp,ramp,0.0,1.0,0.0,1.369476706213232,871.3366311711671,False,settled
b,blue_ramp,ramp,0.0,1.0,0.0,1.0712621265371893,966.2256323582694,False,settled
b,blue_ramp,ramp,0.0,1.0,0.0,1.2189713320676436,919.4155880184351,False,settled
b,blue_ramp,ramp,0.0,1.0,0.0,1.0471379996037475,971.261928746829,False,settled
b,blue_ramp,ramp,0.0,1.0,0.0,1.1239398537716716,945.0111337462218,False,settled
b,blue_ramp,ramp,0.0,1.0,0.0,1.1095255385661116,948.1065081461597,False,settled
b,blue_ramp,ramp,0.0,1.0,0.0,1.6842517201926066,792.999496665568,False,settled
b,blue_ramp,ramp,0.0,1.0,0.0,0.7017031984864979,1110.0011426597698,False,settled
b,blue_ramp,ramp,0.0,1.0,0.0,0.921948950278721,1020.5562731066591,False,settled
b,blue_ramp,ramp,0.0,1.0,0.0,0.9202764320290596,1020.870852140167,False,settled
b,blue_ramp,ramp,0.0,1.0,0.0,1.0178186237250912,985.0424672499659,False,settled
b,blue_ramp,ramp,0.0,1.0,0.0,1.542952336791706,831.340548296731,False,settled
b,blue_ramp,ramp,0.0,1.0,0.0,1.0980214904192498,957.4764698560808,False,settled
b,blue_ramp,ramp,0.0,1.0,0.0,0.9280998133031946,1019.4004629312346,False,settled
b,blue_ramp,ramp,0.0,1.0,0.0,1.1965196973381946,923.7280444361259,False,settled
b,blue_ramp,ramp,0.0,1.0,0.0,0.9111495205419122,1015.1580941424742,False,settled
b,blue_ramp,ramp,0.0,1.0,0.0,1.557394426335082,826.8959391547244,False,settled
b,blue_ramp,ramp,0.0,1.0,0.0,0.8391342631690802,1046.4876416509057,False,settled
b,blue_ramp,ramp,0.0,1.0,0.0,0.8073050434191952,1056.8088096971883,False,settled
b,blue_ramp,ramp,0.0,1.0,0.0,1.5255033642072933,834.4252625585881,False,settled
b,blue_ramp,ramp,0.0,1.0,0.0,1.4260216435483297,857.1622853635386,False,settled
b,blue_ramp,ramp,0.0,1.0,0.0,0.9432144658420695,1012.873547882936,False,settled
b,blue_ramp,ramp,0.0,1.0,0.0,1.5196143437937808,835.7722854110183,False,settled
b,blue_ramp,ramp,0.0,1.0,0.0,1.0451142492258223,972.9153528573324,False,settled
b,blue_ramp,ramp,0.0,1.0,0.0,0.7843110254004526,1076.162223845181,False,settled
b,blue_ramp,ramp,0.0,1.0,0.0,1.27940513969343,898.913373582206,False,settled
b,blue_ramp,ramp,0.0,1.0,0.0,1.1061385449598256,950.9171236521056,False,settled
b,blue_ramp,ramp,0.0,1.0,0.0,0.9544499027687903,1003.8242813107764,False,settled
b,blue_ramp,ramp,0.0,1.0,0.0,1.2319937733344992,913.032331226761,False,settled
b,blue_ramp,ramp,0.0,1.0,0.0,0.9714968790999083,1001.4604342365351,False,settled
b,blue_ramp,ramp,0.0,1.0,0.0,0.7972346325773793,1071.833473058604,False,settled
b,blue_ramp,ramp,0.0,1.0,0.0,1.3927723711110136,863.8392650028426,False,settled
b,blue_ramp,ramp,0.0,1.0,0.0,0.9235628733125455,1020.2531973642866,False,settled
b,blue_ramp,ramp,0.0,1.0,0.0,0.7198595975570543,1099.2116639147216,False,settled
b,blue_ramp,ramp,0.0,1.0,0.0,1.0497041712532886,969.4994047346986,False,settled
b,blue_ramp,ramp,0.0,1.0,0.0,1.5902080348156313,818.724147970775,False,settled
b,blue_ramp,ramp,0.0,1.0,0.0,1.137206973520781,942.7411477047523,False,settled
b,blue_ramp,ramp,0.0,1.0,0.0,0.9418547255071006,1013.975464416099,False,settled
b,blue_ramp,ramp,0.0,1.0,0.0,1.1474567089113767,937.8521111761308,False,settled
b,blue_ramp,ramp,0.0,1.0,0.0,0.8517749112027942,1049.6733265365117,False,settled
b,blue_ramp,ramp,0.0,1.0,0.0,1.0766688684372043,964.8544225353791,False,settled
b,blue_ramp,ramp,0.0,1.0,0.0,0.9844622650158492,991.5716854881268,False,settled
b,blue_ramp,ramp,0.0,1.0,0.0,1.3022391672440756,890.750564122402,False,settled
b,blue_ramp,ramp,0.0,1.0,0.0,1.6210154768114169,809.9058025674942,False,settled
b,blue_ramp,ramp,0.0,1.0,0.0,0.9163751587812764,1023.1580235529675,False,settled
b,blue_ramp,ramp,0.0,1.0,0.0,0.7972519200690474,1071.8311960166502,False,settled
b,blue_ramp,ramp,0.0,1.0,0.0,1.6673352866991198,799.6910717133447,False,settled
b,blue_ramp,ramp,0.0,1.0,0.0,0.782188741891629,1077.834780080421,False,settled
b,blue_ramp,ramp,0.0,1.0,0.0,1.0706600665123152,966.3796488545204,False,settled
b,blue_ramp,ramp,0.0,1.0,0.0,1.1982728592242406,922.1909987917328,False,settled
b,blue_ramp,ramp,0.0,1.0,0.0,0.7128132710215878,1099.4928583673902,False,settled
b,blue_ramp,ramp,0.0,1.0,0.0,1.233658756453576,912.4496920013335,False,settled
b,blue_ramp,ramp,0.0,1.0,0.0,0.8539964182459214,1049.1776973228953,False,settled
b,blue_ramp,ramp,0.0,1.0,0.0,1.4579781642014584,848.1468068386257,False,settled
b,blue_ramp,ramp,0.0,1.0,0.0,0.9146923324430002,1024.4923042507396,False,settled
b,blue_ramp,ramp,0.0,1.0,0.0,1.3292357981483944,882.6996749787999,False,settled
b,blue_ramp,ramp,0.0,1.0,0.0,1.1455470342749543,938.4125336507954,False,settled
b,blue_ramp,ramp,0.0,1.0,0.0,1.417885529031349,856.4670009070761,False,settled
b,blue_ramp,ramp,0.0,1.0,0.0,1.4258724537026577,857.3288667056422,False,settled
b,blue_ramp,ramp,0.0,1.0,0.0,0.8996739678058309,1023.9965701096827,False,settled
b,blue_ramp,ramp,0.0,1.0,0.0,0.9252530844050948,1019.9355778657249,False,settled
b,blue_ramp,ramp,0.0,1.0,0.0,1.1083764022111595,949.0580371153114,False,settled
b,blue_ramp,ramp,0.0,1.0,0.0,1.5796380400323682,821.1324933974655,False,settled
b,blue_ramp,ramp,0.0,1.0,0.0,1.448080642983149,850.7689526085524,False,settled
b,blue_ramp,ramp,0.0,1.0,0.0,0.933785620163275,1018.3321778341099,False,settled
b,blue_ramp,ramp,0.0,1.0,0.0,0.7148979670659079,1104.6427382741228,False,settled
b,blue_ramp,ramp,0.0,1.0,0.0,1.0659535597219894,967.5836466958423,False,settled
b,blue_ramp,ramp,0.0,1.0,0.0,1.054303593992657,965.9421551183575,False,settled
b,blue_ramp,ramp,0.0,1.0,0.0,1.4953155630809079,842.1331861046818,False,settled
b,blue_ramp,ramp,0.0,1.0,0.0,0.9640795802410645,996.473961714928,False,settled
b,blue_ramp,ramp,0.0,1.0,0.0,1.198375392078552,922.1011269895531,False,settled
b,blue_ramp,ramp,0.0,1.0,0.0,1.003004446958779,984.9326584280027,False,settled
b,blue_ramp,ramp,0.0,1.0,0.0,0.7166964564160735,1093.9016488750758,False,settled
b,blue_ramp,ramp,0.0,1.0,0.0,1.173469808833748,927.8526913911552,False,settled
b,blue_ramp,ramp,0.0,1.0,0.0,0.9853778329166555,990.7730908715536,False,settled
b,blue_ramp,ramp,0.0,1.0,0.0,1.5896043536372773,818.9404060027247,False,settled
b,blue_ramp,ramp,0.0,1.0,0.0,0.7416025603782398,1088.407502732147,False,settled
b,blue_ramp,ramp,0.0,1.0,0.0,1.5603853847510751,825.3238138812861,False,settled
b,blue_ramp,ramp,0.0,1.0,0.0,0.8830480274813408,1037.0131358470426,False,settled
b,blue_ramp,ramp,0.0,1.0,0.0,1.3744624929475244,871.7009404221526,False,settled
b,blue_ramp,ramp,0.0,1.0,0.0,0.7469642077205306,1085.0231839617643,False,settled
b,blue_ramp,ramp,0.0,1.0,0.0,0.7294874140373012,1094.7245044896467,False,settled
b,blue_ramp,ramp,0.0,1.0,0.0,1.563447676159633,825.7680717959734,False,settled
b,blue_ramp,ramp,0.0,1.0,0.0,0.8920433161701267,1030.0634339290248,False,settled
b,blue_ramp,ramp,0.0,1.0,0.0,1.49117668386937,843.6146940266798,False,settled
b,blue_ramp,ramp,0.0,1.0,0.0,1.2322820600067477,912.931449056732,False,settled
b,blue_ramp,ramp,0.0,1.0,0.0,0.9566215669412966,1002.0906841659183,False,settled
b,blue_ramp,ramp,0.0,1.0,0.0,0.8940194029238392,1028.4897041568079,False,settled
b,blue_ramp,ramp,0.0,1.0,0.0,1.2596908285979915,903.5073157151854,False,settled
b,blue_ramp,ramp,0.0,1.0,0.0,0.8609962514563132,1035.220840775119,False,settled
b,blue_ramp,ramp,0.0,1.0,0.0,0.9682023976573039,1004.1352259307813,False,settled
b,blue_ramp,ramp,0.0,1.0,0.0,1.591985525976025,818.35003221963,False,settled
b,blue_ramp,ramp,0.0,1.0,0.0,0.8895602621312227,1032.0409353270165,False,settled
b,blue_ramp,ramp,0.0,1.0,0.0,1.1345972614411102,944.6839010905495,False,settled
b,blue_ramp,ramp,0.0,1.0,0.0,0.7418394350094882,1088.587757728791,False,settled
b,blue_ramp,ramp,0.0,1.0,0.0,0.8504188079678578,1037.8145987322966,False,settled
b,blue_ramp,ramp,0.0,1.0,0.0,0.6977253027536919,1110.8634300055646,False,settled
b,blue_ramp,ramp,0.0,1.0,0.0,1.6504214672086226,804.1834182176985,False,settled
b,blue_ramp,ramp,0.0,1.0,0.0,0.9611645746865457,998.7558118600662,False,settled
b,blue_ramp,ramp,0.0,1.0,0.0,0.8295560295323497,1053.9742979011592,False,settled
b,blue_ramp,ramp,0.0,1.0,0.0,1.590680022525414,819.9321872035596,False,settled
b,blue_ramp,ramp,0.0,1.0,0.0,0.9720595396012379,1001.0036481747845,False,settled
b,blue_ramp,ramp,0.0,1.0,0.0,1.0280863440343357,976.9196216517142,False,settled
b,blue_ramp,ramp,0.0,1.0,0.0,1.488042458054509,843.2699059210946,False,settled
b,blue_ramp,ramp,0.0,1.0,0.0,1.4800773781650463,847.7422507774446,False,settled
b,blue_ramp,ramp,0.0,1.0,0.0,0.7706811611579505,1072.3583696724368,False,settled
b,blue_ramp,ramp,0.0,1.0,0.0,1.1691137128917513,931.5911286323471,False,settled
b,blue_ramp,ramp,0.0,1.0,0.0,1.5131899381989633,836.9526891595691,False,settled
b,blue_ramp,ramp,0.0,1.0,0.0,1.3811476135681526,870.3237787406134,False,settled
b,blue_ramp,ramp,0.0,1.0,0.0,0.9818873561373,993.2382397643099,False,settled
b,blue_ramp,ramp,0.0,1.0,0.0,1.3321909986096232,880.2053239406998,False,settled
b,blue_ramp,ramp,0.0,1.0,0.0,0.8132059039405355,1052.9949770576056,False,settled
b,blue_ramp,ramp,0.0,1.0,0.0,1.1399534100130264,940.4249626580208,False,settled
b,blue_ramp,ramp,0.0,1.0,0.0,1.1907874972395316,928.5350011757844,False,settled
b,blue_ramp,ramp,0.0,1.0,0.0,0.7515013920327241,1081.7751582173296,False,settled
b,blue_ramp,ramp,0.0,1.0,0.0,0.9725395492777036,1000.6139590343497,False,settled
b,blue_ramp,ramp,0.0,1.0,0.0,1.1416763893667634,939.5489412732519,False,settled
b,blue_ramp,ramp,0.0,1.0,0.0,1.2912550385892028,894.535999274592,False,settled
b,blue_ramp,ramp,0.0,1.0,0.0,0.8015981187721305,1057.4098694865766,False,settled
b,blue_ramp,ramp,0.0,1.0,0.0,1.3901093172231982,866.3509864006483,False,settled
b,blue_ramp,ramp,0.0,1.0,0.0,1.0469957503295342,971.3746993399702,False,settled
b,blue_ramp,ramp,0.0,1.0,0.0,1.3944986668015553,866.9624626536497,False,settled
b,blue_ramp,ramp,0.0,1.0,0.0,1.6518112397308764,804.0008365324591,False,settled
b,blue_ramp,ramp,0.0,1.0,0.0,1.1781983135507117,931.8433587429362,False,settled
b,blue_ramp,ramp,0.0,1.0,0.0,0.7315422439751246,1099.8479073161448,False,settled
b,blue_ramp,ramp,0.0,1.0,0.0,1.2875517163913355,897.9064465444688,False,settled
b,blue_ramp,ramp,0.0,1.0,0.0,0.8493361425967324,1038.6984616562365,False,settled
b,blue_ramp,ramp,0.0,1.0,0.0,0.8686981462214681,1034.0749686299935,False,settled
b,blue_ramp,ramp,0.0,1.0,0.0,0.7990717620678423,1057.7473681426345,False,settled
b,blue_ramp,ramp,0.0,1.0,0.0,1.2574957916297702,905.5253365030029,False,settled
b,blue_ramp,ramp,0.0,1.0,0.0,1.6805537830208772,795.4854538238264,False,settled
b,blue_ramp,ramp,0.0,1.0,0.0,0.7872459689675656,1074.1076300396064,False,settled
b,blue_ramp,ramp,0.0,1.0,0.0,0.7663549352535589,1075.2988023375685,False,settled
b,blue_ramp,ramp,0.0,1.0,0.0,0.9946262225153952,986.6077431781832,False,settled
b,blue_ramp,ramp,0.0,1.0,0.0,1.6142844076123992,813.833500893808,False,settled
b,blue_ramp,ramp,0.0,1.0,0.0,1.3089462983153852,890.969904385983,False,settled
b,blue_ramp,ramp,0.0,1.0,0.0,1.1037169564001172,952.9476931997054,False,settled
b,blue_ramp,ramp,0.0,1.0,0.0,0.8455114281895083,1041.6297498814172,False,settled
b,blue_ramp,ramp,0.0,1.0,0.0,0.7381755358234728,1089.0389013186132,False,settled
b,blue_ramp,ramp,0.0,1.0,0.0,1.0715033568303802,966.1639218133195,False,settled
b,blue_ramp,ramp,0.0,1.0,0.0,1.0187987458761103,984.2406316795563,False,settled
b,blue_ramp,ramp,0.0,1.0,0.0,0.8982650932503415,1025.1100682693786,False,settled
b,blue_ramp,ramp,0.0,1.0,0.0,1.4877304962171898,843.6568138025697,False,settled
b,blue_ramp,ramp,0.0,1.0,0.0,1.5486215948184228,829.5039518825598,False,settled
b,blue_ramp,ramp,0.0,1.0,0.0,1.26804864020809,902.707825631078,False,settled
b,blue_ramp,ramp,0.0,1.0,0.0,0.7191314628835163,1099.997699516143,False,settled
b,blue_ramp,ramp,0.0,1.0,0.0,1.2311918722556536,913.3129460068089,False,settled
b,blue_ramp,ramp,0.0,1.0,0.0,1.3759268567740444,870.1998237334677,False,settled
b,blue_ramp,ramp,0.0,1.0,0.0,1.0452394017355409,972.812868967806,False,settled
b,blue_ramp,ramp,0.0,1.0,0.0,1.194721566965597,925.3075831909988,False,settled
b,blue_ramp,ramp,0.0,1.0,0.0,1.0341375817710026,972.0758562251483,False,settled
b,blue_ramp,ramp,0.0,1.0,0.0,1.3131788729596534,889.1724258607003,False,settled
b,blue_ramp,ramp,0.0,1.0,0.0,0.7479216434364006,1087.0289654771962,False,settled
b,blue_ramp,ramp,0.0,1.0,0.0,1.0147211981684372,987.594653832375,False,settled
b,blue_ramp,ramp,0.0,1.0,0.0,1.1363336140808895,943.4776203416674,False,settled
b,blue_ramp,ramp,0.0,1.0,0.0,0.9051864062393029,1019.687956133945,False,settled
b,blue_ramp,ramp,0.0,1.0,0.0,0.8040918678658731,1057.1063566069913,False,settled
b,blue_ramp,ramp,0.0,1.0,0.0,1.1707111288618006,930.2122262107865,False,settled
b,blue_ramp,ramp,0.0,1.0,0.0,1.4201114794375362,858.6255868208478,False,settled
b,blue_ramp,ramp,0.0,1.0,0.0,1.0542508157390267,965.9844127140409,False,settled
b,blue_ramp,ramp,0.0,1.0,0.0,0.7427627360095915,1089.1857351861288,False,settled
b,blue_ramp,ramp,0.0,1.0,0.0,0.7163620297014615,1091.7370761492414,False,settled
b,blue_ramp,ramp,0.0,1.0,0.0,1.2946699553789411,891.4063784791493,False,settled
b,blue_ramp,ramp,0.0,1.0,0.0,0.782340997673292,1077.7148350058928,False,settled
b,blue_ramp,ramp,0.0,1.0,0.0,1.0713470331199755,966.2039119050727,False,settled
b,blue_ramp,ramp,0.0,1.0,0.0,1.2651271578772403,905.4166488462687,False,settled
b,blue_ramp,ramp,0.0,1.0,0.0,1.2808078456314498,897.6040776416663,False,settled
b,blue_ramp,ramp,0.0,1.0,0.0,1.2098020138982948,919.9030016812256,False,settled
b,blue_ramp,ramp,0.0,1.0,0.0,1.5307053082253366,832.2181076875113,False,settled
b,blue_ramp,ramp,0.0,1.0,0.0,0.8392006644030428,1046.4361112853517,False,settled
b,blue_ramp,ramp,0.0,1.0,0.0,1.0842483843700816,959.9159075462757,False,settled
b,blue_ramp,ramp,0.0,1.0,0.0,0.9031160794142988,1021.2756836273506,False,settled
b,blue_ramp,ramp,0.0,1.0,0.0,1.2176240304469457,920.3694338119382,False,settled
b,blue_ramp,ramp,0.0,1.0,0.0,0.8498482554759709,1038.3112839648963,False,settled
b,blue_ramp,ramp,0.0,1.0,0.0,0.8231999657733868,1058.7077667479055,False,settled
b,blue_ramp,ramp,0.0,1.0,0.0,1.2860435432109902,899.3321121486483,False,settled
b,blue_ramp,ramp,0.0,1.0,0.0,1.0278976958846922,977.0728568402394,False,settled
b,blue_ramp,ramp,0.0,1.0,0.0,0.770912538345289,1072.194432490065,False,settled
b,blue_ramp,ramp,0.0,1.0,0.0,1.1370008048686366,942.9155985379928,False,settled
b,blue_ramp,ramp,0.0,1.0,0.0,0.7999242172885401,1057.7054089331996,False,settled
b,blue_ramp,ramp,0.0,1.0,0.0,1.25499430054447,907.8283657548001,False,settled
b,blue_ramp,ramp,0.0,1.0,0.0,0.8657369805966882,1034.5055342498288,False,settled
b,blue_ramp,ramp,0.0,1.0,0.0,0.7805071270526655,1079.1595939564274,False,settled
b,blue_ramp,ramp,0.0,1.0,0.0,1.436644126545998,854.6814598597568,False,settled
b,blue_ramp,ramp,0.0,1.0,0.0,0.8693360806022296,1033.9821938031837,False,settled
b,blue_ramp,ramp,0.0,1.0,0.0,1.0377969742371171,978.9433116771135,False,settled
b,blue_ramp,ramp,0.0,1.0,0.0,1.2072197063639294,922.1470425793157,False,settled
b,blue_ramp,ramp,0.0,1.0,0.0,0.9452518645007556,1011.2224427569867,False,settled
b,blue_ramp,ramp,0.0,1.0,0.0,0.9917892493099422,987.303214161285,False,settled
b,blue_ramp,ramp,0.0,1.0,0.0,0.6928269901826997,1110.2257841247047,False,settled
b,blue_ramp,ramp,0.0,1.0,0.0,0.8507170432488709,1050.5092713704134,False,settled
b,blue_ramp,ramp,0.0,1.0,0.0,0.9267588229452067,1019.6526222579059,False,settled
b,blue_ramp,ramp,0.0,1.0,0.0,1.0463772458370966,971.8810500778316,False,settled
b,blue_ramp,ramp,0.0,1.0,0.0,0.735187476890396,1084.9925964508577,False,settled
b,blue_ramp,ramp,0.0,1.0,0.0,1.3647844064104562,870.9592559875649,False,settled
b,blue_ramp,ramp,0.0,1.0,0.0,0.9670293346969732,1005.0877965012045,False,settled
b,blue_ramp,ramp,0.0,1.0,0.0,1.1367790180647397,943.1028040303162,False,settled
b,blue_ramp,ramp,0.0,1.0,0.0,0.8559854914256603,1036.0703691919216,False,settled
b,blue_ramp,ramp,0.0,1.0,0.0,1.5400993272737549,832.1777946084824,False,settled
b,blue_ramp,ramp,0.0,1.0,0.0,1.5679553891902793,824.7216965197115,False,settled
b,blue_ramp,ramp,0.0,1.0,0.0,1.1851323445823947,925.7877451109149,False,settled
b,blue_ramp,ramp,0.0,1.0,0.0,1.4642462818567603,845.1868192301514,False,settled
b,blue_ramp,ramp,0.0,1.0,0.0,0.916011177791942,1023.4466032554392,False,settled
b,blue_ramp,ramp,0.0,1.0,0.0,0.8514574373422117,1049.924199367298,False,settled
b,blue_ramp,ramp,0.0,1.0,0.0,1.5257008375791523,832.0990789679051,False,settled
b,blue_ramp,ramp,0.0,1.0,0.0,1.2720459477996384,899.0070727932135,False,settled
b,blue_ramp,ramp,0.0,1.0,0.0,1.1293766873882591,949.1367938073477,False,settled
b,blue_ramp,ramp,0.0,1.0,0.0,1.4226203070679477,856.2049394975533,False,settled
b,blue_ramp,ramp,0.0,1.0,0.0,0.8878694128681276,1033.3929579337735,False,settled
b,blue_ramp,ramp,0.0,1.0,0.0,1.0750814230987595,965.2547950674675,False,settled
b,blue_ramp,ramp,0.0,1.0,0.0,0.7228231937836297,1090.7811801826751,False,settled
b,blue_ramp,ramp,0.0,1.0,0.0,1.4992320097694782,841.579068202473,False,settled
b,blue_ramp,ramp,0.0,1.0,0.0,1.0922769759374789,953.3593023432455,False,settled
b,blue_ramp,ramp,0.0,1.0,0.0,0.9586890263274935,1000.4417955418047,False,settled
b,blue_ramp,ramp,0.0,1.0,0.0,1.0140318582033456,988.163129206662,False,settled
b,blue_ramp,ramp,0.0,1.0,0.0,1.200947844808062,919.9364382112398,False,settled
b,blue_ramp,ramp,0.0,1.0,0.0,0.7890905191753773,1072.9234087719753,False,settled
b,blue_ramp,ramp,0.0,1.0,0.0,0.9992288399560542,985.643172850998,False,settled
b,blue_ramp,ramp,0.0,1.0,0.0,0.8449618421757514,1042.0561669580402,False,settled
b,blue_ramp,ramp,0.0,1.0,0.0,1.0582560397778007,972.2386217600441,False,settled
b,blue_ramp,ramp,0.0,1.0,0.0,1.576350839968287,821.6709679844055,False,settled
b,blue_ramp,ramp,0.0,1.0,0.0,1.2996595979358956,893.1746077254463,False,settled
b,blue_ramp,ramp,0.0,1.0,0.0,1.1963813340623097,923.8493462004958,False,settled
b,blue_ramp,ramp,0.0,1.0,0.0,0.7531813043882272,1080.6821655693618,False,settled
b,blue_ramp,ramp,0.0,1.0,0.0,1.1258243993235646,943.4401115861924,False,settled
b,blue_ramp,ramp,0.0,1.0,0.0,0.8287259900995747,1054.624366994699,False,settled
b,blue_ramp,ramp,0.0,1.0,0.0,1.0603271716122797,970.5394861057796,False,settled
b,blue_ramp,ramp,0.0,1.0,0.0,1.027522919475052,977.3772753847418,False,settled
b,blue_ramp,ramp,0.0,1.0,0.0,0.750670606252019,1082.2519816565173,False,settled
b,blue_ramp,ramp,0.0,1.0,0.0,0.739137220302522,1084.9613674506734,False,settled
b,blue_ramp,ramp,0.0,1.0,0.0,1.0478642788977852,970.9693477645577,False,settled
b,blue_ramp,ramp,0.0,1.0,0.0,1.3769458979387745,869.438367314184,False,settled
b,blue_ramp,ramp,0.0,1.0,0.0,0.8307536116317602,1053.0378441657367,False,settled
b,blue_ramp,ramp,0.0,1.0,0.0,0.7854054776489466,1075.2994765165045,False,settled
b,blue_ramp,ramp,0.0,1.0,0.0,1.0450761101693178,972.9465838400303,False,settled
b,blue_ramp,ramp,0.0,1.0,0.0,0.733725057340082,1098.4821636215027,False,settled
b,blue_ramp,ramp,0.0,1.0,0.0,1.1304941973169165,948.1347162448086,False,settled
b,blue_ramp,ramp,0.0,1.0,0.0,1.6716883421030244,799.3708713299444,False,settled
b,blue_ramp,ramp,0.0,1.0,0.0,0.8353879641749451,1049.4130367572577,False,settled
b,blue_ramp,ramp,0.0,1.0,0.0,1.5578668726156877,826.0780582308722,False,settled
b,blue_ramp,ramp,0.0,1.0,0.0,0.9865449000776301,989.8546514130363,False,settled
b,blue_ramp,ramp,0.0,1.0,0.0,0.7260951395256252,1094.6581158545503,False,settled
b,blue_ramp,ramp,0.0,1.0,0.0,0.7363054922264004,1087.2074200916634,False,settled
b,blue_ramp,ramp,0.0,1.0,0.0,0.9284163284289854,1019.3409946693098,False,settled
b,blue_ramp,ramp,0.0,1.0,0.0,0.8301353160335824,1053.5213661057903,False,settled
b,blue_ramp,ramp,0.0,1.0,0.0,0.7175509633374249,1095.1522466111528,False,settled
b,blue_ramp,ramp,0.0,1.0,0.0,1.3075052759708696,892.1125885142362,False,settled
b,blue_ramp,ramp,0.0,1.0,0.0,1.0600475030804744,970.7675698753294,False,settled
b,blue_ramp,ramp,0.0,1.0,0.0,0.9935660539008122,986.8339048037026,False,settled
b,blue_ramp,ramp,0.0,1.0,0.0,1.131747498128777,947.0795754959275,False,settled
b,blue_ramp,ramp,0.0,1.0,0.0,1.1379010272548482,942.1538632642183,False,settled
b,blue_ramp,ramp,0.0,1.0,0.0,1.0835112277293446,960.273511865079,False,settled
b,blue_ramp,ramp,0.0,1.0,0.0,0.7827152286233925,1077.4199982173006,False,settled
b,blue_ramp,ramp,0.0,1.0,0.0,0.9056796550925984,1019.3962194163214,False,settled
b,blue_ramp,ramp,0.0,1.0,0.0,1.4834906358979332,844.8828871913714,False,settled
b,blue_ramp,ramp,0.0,1.0,0.0,1.3006663839440658,892.2293841300418,False,settled
b,blue_ramp,ramp,0.0,1.0,0.0,0.7447425457140192,1084.5795127564836,False,settled
b,blue_ramp,ramp,0.0,1.0,0.0,0.9132764997087686,1025.615241541028,False,settled
b,blue_ramp,ramp,0.0,1.0,0.0,0.8285897846291833,1054.7316793440175,False,settled
b,blue_ramp,ramp,0.0,1.0,0.0,1.122509947184397,946.2166701699917,False,settled
b,blue_ramp,ramp,0.0,1.0,0.0,0.8583956062287441,1035.6102159260145,False,settled
b,blue_ramp,ramp,0.0,1.0,0.0,1.5831799530700674,820.8928136874562,False,settled
b,blue_ramp,ramp,0.0,1.0,0.0,0.6886250132179241,1119.654004929805,False,settled
b,blue_ramp,ramp,0.0,1.0,0.0,0.9834578493985829,992.0005437167111,False,settled
b,blue_ramp,ramp,0.0,1.0,0.0,1.2140128283761618,916.3212969133344,False,settled
b,blue_ramp,ramp,0.0,1.0,0.0,1.2412719226007987,913.2979205377388,False,settled
b,blue_ramp,ramp,0.0,1.0,0.0,1.5467885314209264,828.871658394307,False,settled
b,blue_ramp,ramp,0.0,1.0,0.0,1.549999024924076,828.4694096336484,False,settled
b,blue_ramp,ramp,0.0,1.0,0.0,1.1838963707851837,926.8628895796044,False,settled
b,blue_ramp,ramp,0.0,1.0,0.0,0.7511735938130221,1081.8398478750078,False,settled
b,blue_ramp,ramp,0.0,1.0,0.0,0.8125236353068432,1053.5233577758293,False,settled
b,blue_ramp,ramp,0.0,1.0,0.0,1.0565735623947217,973.6201519082356,False,settled
b,blue_ramp,ramp,0.0,1.0,0.0,1.5526748139287638,827.6753560569265,False,settled
b,blue_ramp,ramp,0.0,1.0,0.0,0.9285734879429347,1019.3114668180638,False,settled
b,blue_ramp,ramp,0.0,1.0,0.0,1.3312642344813543,881.0010177373209,False,settled
b,blue_ramp,ramp,0.0,1.0,0.0,0.9833377353753779,992.0949966858594,False,settled
b,blue_ramp,ramp,0.0,1.0,0.0,0.8939443706092565,1028.5494511504485,False,settled
b,blue_ramp,ramp,0.0,1.0,0.0,1.294797052113835,891.2887415799369,False,settled
b,blue_ramp,ramp,0.0,1.0,0.0,1.20467261760494,924.1075129410483,False,settled
b,blue_ramp,ramp,0.0,1.0,0.0,1.2422160933246724,912.4344968217985,False,settled
b,blue_ramp,ramp,0.0,1.0,0.0,1.4532111413386555,849.3001845880449,False,settled
b,blue_ramp,ramp,0.0,1.0,0.0,1.3566877473383394,873.3751834297414,False,settled
b,blue_ramp,ramp,0.0,1.0,0.0,1.2803500096256726,898.0313493483739,False,settled
b,blue_ramp,ramp,0.0,1.0,0.0,0.7033552773073879,1104.2632875573202,False,settled
b,blue_ramp,ramp,0.0,1.0,0.0,0.8859164861747872,1034.9597999659816,False,settled
b,blue_ramp,ramp,0.0,1.0,0.0,0.9749126268341868,998.7273648554601,False,settled
b,blue_ramp,ramp,0.0,1.0,0.0,0.7283099805607947,1097.8296186936395,False,settled
b,blue_ramp,ramp,0.0,1.0,0.0,0.9679892508443787,1004.3082763242895,False,settled
b,blue_ramp,ramp,0.0,1.0,0.0,1.1197787135105493,948.4742278947837,False,settled
b,blue_ramp,ramp,0.0,1.0,0.0,1.430714785755056,856.4206321834856,False,settled
b,blue_ramp,ramp,0.0,1.0,0.0,1.4795307032694076,845.6559436576185,False,settled
b,blue_ramp,ramp,0.0,1.0,0.0,1.174170743247919,927.2532770363998,False,settled
b,blue_ramp,ramp,0.0,1.0,0.0,0.7069891713934445,1108.3560897536245,False,settled
b,blue_ramp,ramp,0.0,1.0,0.0,0.8508636927410214,1050.3933858272414,False,settled
b,blue_ramp,ramp,0.0,1.0,0.0,1.3360032704314888,882.0337806611566,False,settled
b,blue_ramp,ramp,0.0,1.0,0.0,1.1211943228267158,947.3275440324455,False,settled
b,blue_ramp,ramp,0.0,1.0,0.0,1.0748433049111155,965.3148493477834,False,settled
b,blue_ramp,ramp,0.0,1.0,0.0,0.8645308056827561,1034.7713700712357,False,settled
b,blue_ramp,ramp,0.0,1.0,0.0,0.6900020047503487,1116.776243226337,False,settled
b,blue_ramp,ramp,0.0,1.0,0.0,0.9231264397105831,1020.3352660744567,False,settled
b,blue_ramp,ramp,0.0,1.0,0.0,1.0744911495989822,965.4036641961952,False,settled
b,blue_ramp,ramp,0.0,1.0,0.0,0.9610281251112808,998.8612329386556,False,settled
b,blue_ramp,ramp,0.0,1.0,0.0,0.8858960728289259,1034.976176470952,False,settled
b,blue_ramp,ramp,0.0,1.0,0.0,1.026795656605196,977.7035651508485,False,settled
b,blue_ramp,ramp,0.0,1.0,0.0,1.232503090986651,912.8541021319337,False,settled
b,blue_ramp,ramp,0.0,1.0,0.0,0.7455481813209943,1084.1296962525205,False,settled
b,blue_ramp,ramp,0.0,1.0,0.0,0.9604378248663391,999.3323074982009,False,settled
b,blue_ramp,ramp,0.0,1.0,0.0,0.7426556627694837,1089.1180919286235,False,settled
b,blue_ramp,ramp,0.0,1.0,0.0,1.2420439579986395,912.5918557375337,False,settled
b,blue_ramp,ramp,0.0,1.0,0.0,1.4562470769712395,845.890590088353,False,settled
b,blue_ramp,ramp,0.0,1.0,0.0,1.394516867986733,866.9431979649647,False,settled
b,blue_ramp,ramp,0.0,1.0,0.0,1.3623764521854556,873.3531919423247,False,settled
b,blue_ramp,ramp,0.0,1.0,0.0,0.7621634979016376,1077.6049284416279,False,settled
b,blue_ramp,ramp,0.0,1.0,0.0,0.8122143471486332,1053.7587845831222,False,settled
b,blue_ramp,ramp,0.0,1.0,0.0,0.9971402983010387,986.0828707502745,False,settled
b,blue_ramp,ramp,0.0,1.0,0.0,0.9707978151430711,1002.027954040007,False,settled
b,blue_ramp,ramp,0.0,1.0,0.0,1.3816909841163756,869.766840654688,False,settled
b,blue_ramp,ramp,0.0,1.0,0.0,1.3355767984829785,882.4561241149814,False,settled
b,blue_ramp,ramp,0.0,1.0,0.0,0.8932003081205601,1029.1421500762074,False,settled
b,blue_ramp,ramp,0.0,1.0,0.0,0.9276373939536251,1019.4873442001323,False,settled
b,blue_ramp,ramp,0.0,1.0,0.0,0.9637765667879457,996.705674040169,False,settled
b,blue_ramp,ramp,0.0,1.0,0.0,1.5671522682732075,823.8969605831718,False,settled
b,blue_ramp,ramp,0.0,1.0,0.0,0.778213542150908,1066.7964350113668,False,settled
b,blue_ramp,ramp,0.0,1.0,0.0,0.8909869674730984,1030.9048174768266,False,settled
b,blue_ramp,ramp,0.0,1.0,0.0,1.3157780548596216,888.0785478442302,False,settled
b,blue_ramp,ramp,0.0,1.0,0.0,1.4986179665794876,842.0413831413498,False,settled
b,blue_ramp,ramp,0.0,1.0,0.0,1.0713765297440812,966.1963661996606,False,settled
b,blue_ramp,ramp,0.0,1.0,0.0,1.1527823442393468,936.2935106879297,False,settled
b,blue_ramp,ramp,0.0,1.0,0.0,0.8391782482674908,1046.4535072233987,False,settled
b,blue_ramp,ramp,0.0,1.0,0.0,1.4817146129125094,845.6396231395931,False,settled
b,blue_ramp,ramp,0.0,1.0,0.0,1.230355475452993,913.6056319796356,False,settled
b,blue_ramp,ramp,0.0,1.0,0.0,1.655319555822354,802.8953813459979,False,settled
b,blue_ramp,ramp,0.0,1.0,0.0,1.4876080427297171,843.8155626369456,False,settled
b,blue_ramp,ramp,0.0,1.0,0.0,0.7063018580000308,1105.524845412376,False,settled
b,blue_ramp,ramp,0.0,1.0,0.0,1.0918273662781999,953.6406262764058,False,settled
b,blue_ramp,ramp,0.0,1.0,0.0,1.0778318043314485,964.5610906063283,False,settled
b,blue_ramp,ramp,0.0,1.0,0.0,0.8589468382603971,1035.5285778980747,False,settled
b,blue_ramp,ramp,0.0,1.0,0.0,0.7405039207167448,1085.7319685825362,False,settled
b,blue_ramp,ramp,0.0,1.0,0.0,1.2276481980713254,914.553239555255,False,settled
b,blue_ramp,ramp,0.0,1.0,0.0,1.4947685071139165,842.7213035195128,False,settled
b,blue_ramp,ramp,0.0,1.0,0.0,0.8460901524973874,1041.1071715804658,False,settled
b,blue_ramp,ramp,0.0,1.0,0.0,1.3944744709883552,866.988072215315,False,settled
b,blue_ramp,ramp,0.0,1.0,0.0,0.7155276608489198,1106.984988646717,False,settled
b,blue_ramp,ramp,0.0,1.0,0.0,0.7754083513044778,1068.84485038006,False,settled
b,blue_ramp,ramp,0.0,1.0,0.0,0.7843468432560461,1076.1339929995288,False,settled
b,blue_ramp,ramp,0.0,1.0,0.0,1.2291771629975698,914.0179664479837,False,settled
b,blue_ramp,ramp,0.0,1.0,0.0,1.4466405659093489,852.1870757981123,False,settled
b,blue_ramp,ramp,0.0,1.0,0.0,1.6729113960341804,798.8952249492967,False,settled
b,blue_ramp,ramp,0.0,1.0,0.0,1.0441102440981795,973.7374787205489,False,settled
b,blue_ramp,ramp,0.0,1.0,0.0,1.2089318208185162,920.657817484927,False,settled
b,blue_ramp,ramp,0.0,1.0,0.0,1.1202335180009744,948.0896597137147,False,settled
b,blue_ramp,ramp,0.0,1.0,0.0,1.3377376577519382,880.3303560965568,False,settled
b,blue_ramp,ramp,0.0,1.0,0.0,1.6622273554406064,801.9078437980502,False,settled
b,blue_ramp,ramp,0.0,1.0,0.0,0.9583118242329733,1000.7425717000121,False,settled
b,blue_ramp,ramp,0.0,1.0,0.0,0.9088385823020062,1016.8906348980936,False,settled
b,blue_ramp,ramp,0.0,1.0,0.0,1.102454373670594,954.0065106773145,False,settled
b,blue_ramp,ramp,0.0,1.0,0.0,0.7153163388643355,1106.3866587977827,False,settled
b,blue_ramp,ramp,0.0,1.0,0.0,0.8421128908004578,1044.1760066494671,False,settled
b,blue_ramp,ramp,0.0,1.0,0.0,1.554438906145631,827.1014853675717,False,settled
b,blue_ramp,ramp,0.0,1.0,0.0,1.1353698187668044,944.2886576091847,False,settled
b,blue_ramp,ramp,0.0,1.0,0.0,1.3789154807079158,867.4917843016975,False,settled
b,blue_ramp,ramp,0.0,1.0,0.0,0.8945518130886301,1028.0657461163607,False,settled
b,blue_ramp,ramp,0.0,1.0,0.0,0.8945116025152868,1028.097766308371,False,settled
b,blue_ramp,ramp,0.0,1.0,0.0,0.7947648775140951,1072.159002012653,False,settled
b,blue_ramp,ramp,0.0,1.0,0.0,1.109136856801701,948.4257806768351,False,settled
b,blue_ramp,ramp,0.0,1.0,0.0,1.151516169446503,936.660806384212,False,settled
b,blue_ramp,ramp,0.0,1.0,0.0,1.6678883395190507,799.6825787424384,False,settled
b,blue_ramp,ramp,0.0,1.0,0.0,0.9231596774690161,1020.3289860365168,False,settled
b,blue_ramp,ramp,0.0,1.0,0.0,1.1227634434160252,946.0026230485984,False,settled
b,blue_ramp,ramp,0.0,1.0,0.0,0.9761733368358706,997.7491807378616,False,settled
b,blue_ramp,ramp,0.0,1.0,0.0,1.0960717988284323,959.1231823595658,False,settled
b,blue_ramp,ramp,0.0,1.0,0.0,1.025948115285939,978.3923773368409,False,settled
b,blue_ramp,ramp,0.0,1.0,0.0,1.0429012546404033,974.7295495727648,False,settled
b,blue_ramp,ramp,0.0,1.0,0.0,1.1643483241925736,935.7260966842947,False,settled
b,blue_ramp,ramp,0.0,1.0,0.0,0.7727929586396631,1070.9231777427751,False,settled
b,blue_ramp,ramp,0.0,1.0,0.0,0.7997822565674999,1057.722273290521,False,settled
b,blue_ramp,ramp,0.0,1.0,0.0,1.0209612876075973,982.4713519615609,False,settled
b,blue_ramp,ramp,0.0,1.0,0.0,1.4695421175585626,848.0770742114145,False,settled
b,blue_ramp,ramp,0.0,1.0,0.0,1.0876877511050713,957.0563075052252,False,settled
b,blue_ramp,ramp,0.0,1.0,0.0,0.8581469855730168,1035.647067526681,False,settled
b,blue_ramp,ramp,0.0,1.0,0.0,1.1263766150977805,942.9936295663343,False,settled
b,blue_ramp,ramp,0.0,1.0,0.0,0.8571215891651679,1035.8045869050125,False,settled
b,blue_ramp,ramp,0.0,1.0,0.0,1.396023959314855,865.3480012737328,False,settled
b,blue_ramp,ramp,0.0,1.0,0.0,0.7621013717143361,1077.6277711704265,False,settled
b,blue_ramp,ramp,0.0,1.0,0.0,1.176133023928842,933.402301033335,False,settled
b,blue_ramp,ramp,0.0,1.0,0.0,0.9277257934034969,1019.4707353555447,False,settled
b,blue_ramp,ramp,0.0,1.0,0.0,0.8131162548028057,1053.0644020968577,False,settled
b,blue_ramp,ramp,0.0,1.0,0.0,1.386957169943795,864.7449372991863,False,settled
b,blue_ramp,ramp,0.0,1.0,0.0,1.1075319651068976,949.840552223891,False,settled
b,blue_ramp,ramp,0.0,1.0,0.0,0.8238880333270222,1058.4161792420878,False,settled
b,blue_ramp,ramp,0.0,1.0,0.0,1.5574085238676063,826.8723110269151,False,settled
b,blue_ramp,ramp,0.0,1.0,0.0,1.0376903152610704,979.0313622460935,False,settled
b,blue_ramp,ramp,0.0,1.0,0.0,1.2948253134755685,891.2625844681645,False,settled
b,blue_ramp,ramp,0.0,1.0,0.0,0.7101811754620136,1106.0455292122754,False,settled
b,blue_ramp,ramp,0.0,1.0,0.0,1.1028201311197272,953.699666491942,False,settled
b,blue_ramp,ramp,0.0,1.0,0.0,1.1247353430365385,944.4365317571155,False,settled
b,blue_ramp,ramp,0.0,1.0,0.0,1.422390836676812,856.4577528764164,False,settled
b,blue_ramp,ramp,0.0,1.0,0.0,0.8315715161622472,1052.3980626171226,False,settled
b,blue_ramp,ramp,0.0,1.0,0.0,0.7462354952341154,1083.909048452352,False,settled
b,blue_ramp,ramp,0.0,1.0,0.0,1.1909338920430885,928.4057536346739,False,settled
b,blue_ramp,ramp,0.0,1.0,0.0,1.0395235243621734,977.5178037530711,False,settled
b,blue_ramp,ramp,0.0,1.0,0.0,0.8066693210572354,1056.882147222127,False,settled
b,blue_ramp,ramp,0.0,1.0,0.0,1.2847998741129862,893.9132109168003,False,settled
b,blue_ramp,ramp,0.0,1.0,0.0,1.4997149324844468,841.2151176914808,False,settled
b,blue_ramp,ramp,0.0,1.0,0.0,1.1845187135731006,926.3214878454706,False,settled
b,blue_ramp,ramp,0.0,1.0,0.0,1.5191559446730851,836.1461475393951,False,settled
b,blue_ramp,ramp,0.0,1.0,0.0,1.0363482752264277,980.1396223259491,False,settled
b,blue_ramp,ramp,0.0,1.0,0.0,0.7950282850161206,1072.1242965456984,False,settled
b,blue_ramp,ramp,0.0,1.0,0.0,0.8328830307346281,1051.3721838468123,False,settled
b,blue_ramp,ramp,0.0,1.0,0.0,1.5231356254763777,835.6457679947486,False,settled
b,blue_ramp,ramp,0.0,1.0,0.0,0.7675602387959268,1074.5539165183743,False,settled
b,blue_ramp,ramp,0.0,1.0,0.0,1.2299852448986732,913.7351891667919,False,settled
b,blue_ramp,ramp,0.0,1.0,0.0,1.3307195529615132,881.5297838799199,False,settled
b,blue_ramp,ramp,0.0,1.0,0.0,1.1472760506866666,937.9051280207929,False,settled
b,blue_ramp,ramp,0.0,1.0,0.0,1.6420521867360724,806.4293697708933,False,settled
b,blue_ramp,ramp,0.0,1.0,0.0,1.0368458025663874,979.7287995287923,False,settled
b,blue_ramp,ramp,0.0,1.0,0.0,1.6154496695808103,811.9626979543024,False,settled
b,blue_ramp,ramp,0.0,1.0,0.0,0.7525668728208996,1081.2591330837122,False,settled
b,blue_ramp,ramp,0.0,1.0,0.0,0.8061666824029564,1056.9401144607266,False,settled
b,blue_ramp,ramp,0.0,1.0,0.0,1.1204406217717526,947.9145383693855,False,settled
b,blue_ramp,ramp,0.0,1.0,0.0,0.7183170874513058,1098.0432593936875,False,settled
b,blue_ramp,ramp,0.0,1.0,0.0,0.7880097792746841,1073.7330479152859,False,settled
b,blue_ramp,ramp,0.0,1.0,0.0,0.9418416671707378,1013.9860466689171,False,settled
b,blue_ramp,ramp,0.0,1.0,0.0,1.0611839784350077,969.840587430866,False,settled
b,blue_ramp,ramp,0.0,1.0,0.0,1.4732051789275418,847.664694333109,False,settled
b,blue_ramp,ramp,0.0,1.0,0.0,0.9746241159313049,998.9357364992815,False,settled
b,blue_ramp,ramp,0.0,1.0,0.0,0.8246180705437377,1057.8405625604832,False,settled
b,blue_ramp,ramp,0.0,1.0,0.0,0.8702477976279752,1033.8498677278774,False,settled
b,blue_ramp,ramp,0.0,1.0,0.0,0.9301121179375117,1019.0223810458401,False,settled
b,blue_ramp,ramp,0.0,1.0,0.0,1.1737534533019935,927.6080045868372,False,settled
b,blue_ramp,ramp,0.0,1.0,0.0,0.7526762704892941,1081.237777219415,False,settled
b,blue_ramp,ramp,0.0,1.0,0.0,1.2425404001968332,912.1380272525245,False,settled
b,blue_ramp,ramp,0.0,1.0,0.0,0.7854969187777371,1075.2273827741235,False,settled
b,blue_ramp,ramp,0.0,1.0,0.0,1.0493962660195124,969.7468778295845,False,settled
b,blue_ramp,ramp,0.0,1.0,0.0,1.2555599294047288,907.3076357727559,False,settled
b,blue_ramp,ramp,0.0,1.0,0.0,1.2187734703403423,919.5919357865519,False,settled
b,blue_ramp,ramp,0.0,1.0,0.0,1.0651006382164667,967.8020687862655,False,settled
b,blue_ramp,ramp,0.0,1.0,0.0,0.9849717507396006,991.170590985588,False,settled
b,blue_ramp,ramp,0.0,1.0,0.0,0.7184977416820486,1098.4791285234971,False,settled
b,blue_ramp,ramp,0.0,1.0,0.0,0.9796057057658476,995.041527516313,False,settled
b,blue_ramp,ramp,0.0,1.0,0.0,1.1669361484609837,933.4737789637659,False,settled
b,blue_ramp,ramp,0.0,1.0,0.0,1.2994921091685292,893.3314770718782,False,settled
b,blue_ramp,ramp,0.0,1.0,0.0,0.800117753106089,1057.682468902389,False,settled
b,blue_ramp,ramp,0.0,1.0,0.0,1.1113062737606902,946.6691150527761,False,settled
b,blue_ramp,ramp,0.0,1.0,0.0,1.145042136399897,938.5607034692747,False,settled
b,blue_ramp,ramp,0.0,1.0,0.0,1.1394231700979316,940.869927232931,False,settled
b,blue_ramp,ramp,0.0,1.0,0.0,1.1346129250782706,944.670735960591,False,settled
b,blue_ramp,ramp,0.0,1.0,0.0,1.6683742805711277,799.7370050382721,False,settled
b,blue_ramp,ramp,0.0,1.0,0.0,1.568064774390348,824.5385813809604,False,settled
b,blue_ramp,ramp,0.0,1.0,0.0,0.7551667564858872,1077.0980733940144,False,settled
b,blue_ramp,ramp,0.0,1.0,0.0,0.970600396438201,1002.1882234972546,False,settled
b,blue_ramp,ramp,0.0,1.0,0.0,1.2426610757835617,912.0277094161897,False,settled
b,blue_ramp,ramp,0.0,1.0,0.0,0.8173653034636214,1063.3312718396135,False,settled
b,blue_ramp,ramp,0.0,1.0,0.0,1.1110877834855648,946.9186250768275,False,settled
b,blue_ramp,ramp,0.0,1.0,0.0,1.5761035639808179,822.3781241251594,False,settled
b,blue_ramp,ramp,0.0,1.0,0.0,1.286393695577818,899.0002856912779,False,settled
b,blue_ramp,ramp,0.0,1.0,0.0,0.9720484153975698,1001.0126791854136,False,settled
b,blue_ramp,ramp,0.0,1.0,0.0,1.6348366343142287,807.6650239030033,False,settled
b,blue_ramp,ramp,0.0,1.0,0.0,1.5580788094056552,827.9919400459177,False,settled
b,blue_ramp,ramp,0.0,1.0,0.0,0.9484747308481597,1008.6279139648053,False,settled
b,blue_ramp,ramp,0.0,1.0,0.0,0.8202550409313695,1061.0358987359728,False,settled
b,blue_ramp,ramp,0.0,1.0,0.0,0.9917296075167906,987.3158644757254,False,settled
b,blue_ramp,ramp,0.0,1.0,0.0,1.5345964631020073,833.2954868567554,False,settled
b,blue_ramp,ramp,0.0,1.0,0.0,0.7377102027094868,1088.5871054354054,False,settled
b,blue_ramp,ramp,0.0,1.0,0.0,1.4996471966585394,841.2661460536297,False,settled
b,blue_ramp,ramp,0.0,1.0,0.0,1.220360427407944,918.1775030148382,False,settled
b,blue_ramp,ramp,0.0,1.0,0.0,1.5907255155956457,819.8424371631729,False,settled
b,blue_ramp,ramp,0.0,1.0,0.0,0.8197147323439277,1061.462890871446,False,settled
b,blue_ramp,ramp,0.0,1.0,0.0,1.2803948565932586,897.9894965056184,False,settled
b,blue_ramp,ramp,0.0,1.0,0.0,1.0960749744351037,959.1205003321528,False,settled
b,blue_ramp,ramp,0.0,1.0,0.0,1.3393326961095333,879.040576930187,False,settled
b,blue_ramp,ramp,0.0,1.0,0.0,1.487215760781944,844.3898987441373,False,settled
b,blue_ramp,ramp,0.0,1.0,0.0,0.7989937020821186,1057.7566136884286,False,settled
b,blue_ramp,ramp,0.0,1.0,0.0,0.7753204515404473,1068.9126614674342,False,settled
b,blue_ramp,ramp,0.0,1.0,0.0,0.7798980073619177,1065.444837108332,False,settled
b,blue_ramp,ramp,0.0,1.0,0.0,0.9044507331091773,1020.2462758316437,False,settled
b,blue_ramp,ramp,0.0,1.0,0.0,1.4049923623066989,863.8957638512641,False,settled
b,blue_ramp,ramp,0.0,1.0,0.0,0.7940805329647772,1072.2491627303252,False,settled
b,blue_ramp,ramp,0.0,1.0,0.0,1.3513694863188104,878.4250119664547,False,settled
b,blue_ramp,ramp,0.0,1.0,0.0,1.089907906977104,955.2269013718607,False,settled
b,blue_ramp,ramp,0.0,1.0,0.0,0.7946198353606038,1072.1781109464407,False,settled
b,blue_ramp,ramp,0.0,1.0,0.0,1.2774301895967994,900.7569615412903,False,settled
b,blue_ramp,ramp,0.0,1.0,0.0,0.8234702906348171,1058.4940398000551,False,settled
b,blue_ramp,ramp,0.0,1.0,0.0,1.0557677895806952,974.2819989359988,False,settled
b,blue_ramp,ramp,0.0,1.0,0.0,0.7753405429705535,1068.8971615017501,False,settled
b,blue_ramp,ramp,0.0,1.0,0.0,0.8947782482620864,1027.8854313050003,False,settled
b,blue_ramp,ramp,0.0,1.0,0.0,1.3695041590749728,871.5666261311395,False,settled
b,blue_ramp,ramp,0.0,1.0,0.0,1.0273442884284152,977.5223689113168,False,settled
b,blue_ramp,ramp,0.0,1.0,0.0,0.9829965131745008,992.3633167799658,False,settled
b,blue_ramp,ramp,0.0,1.0,0.0,0.7248543173967426,1091.6362232297756,False,settled
b,blue_ramp,ramp,0.0,1.0,0.0,0.9010988316601218,1022.87016976359,False,settled
b,blue_ramp,ramp,0.0,1.0,0.0,1.2318138091740691,913.0953073362575,False,settled
b,blue_ramp,ramp,0.0,1.0,0.0,0.8507917737382951,1050.4502177132413,False,settled
b,blue_ramp,ramp,0.0,1.0,0.0,0.6997981816126146,1111.4093556325026,False,settled
b,blue_ramp,ramp,0.0,1.0,0.0,0.9775356515584579,996.6753995597539,False,settled
b,blue_ramp,ramp,0.0,1.0,0.0,1.0373070634031665,979.3478553625723,False,settled
b,blue_ramp,ramp,0.0,1.0,0.0,1.0202654868297212,983.0405282064371,False,settled
b,blue_ramp,ramp,0.0,1.0,0.0,0.9307183418519972,1018.9084801094039,False,settled
b,blue_ramp,ramp,0.0,1.0,0.0,1.498118439013817,842.4172809701711,False,settled
b,blue_ramp,ramp,0.0,1.0,0.0,0.7889136955059032,1073.059936203112,False,settled
b,blue_ramp,ramp,0.0,1.0,0.0,1.0383800396853553,978.4619699637476,False,settled
b,blue_ramp,ramp,0.0,1.0,0.0,1.0747059787533277,965.3494835052569,False,settled
b,blue_ramp,ramp,0.0,1.0,0.0,1.0471647736522682,971.241429050877,False,settled
b,blue_ramp,ramp,0.0,1.0,0.0,0.757812804315205,1076.6295787743472,False,settled
b,blue_ramp,ramp,0.0,1.0,0.0,1.3125465060338002,889.4385209648897,False,settled
b,blue_ramp,ramp,0.0,1.0,0.0,1.2693783961618677,901.4752280201989,False,settled
b,blue_ramp,ramp,0.0,1.0,0.0,1.4703438268497044,848.3099096270497,False,settled
b,blue_ramp,ramp,0.0,1.0,0.0,1.5082126613723972,838.4944254683925,False,settled
b,blue_ramp,ramp,0.0,1.0,0.0,0.8464946648873349,1040.7933804688791,False,settled
b,blue_ramp,ramp,0.0,1.0,0.0,1.5456987269803688,830.604755408056,False,settled
b,blue_ramp,ramp,0.0,1.0,0.0,1.3439234519442433,880.0822047291429,False,settled
b,blue_ramp,ramp,0.0,1.0,0.0,1.0530582334369638,966.8377277015046,False,settled
b,blue_ramp,ramp,0.0,1.0,0.0,1.2156532747338384,914.8175997548188,False,settled
b,blue_ramp,ramp,0.0,1.0,0.0,1.2884422617597144,897.1090557842841,False,settled
b,blue_ramp,ramp,0.0,1.0,0.0,1.6832854984130907,793.9427086548502,False,settled
b,blue_ramp,ramp,0.0,1.0,0.0,1.0439988500113857,973.8286909967142,False,settled
b,blue_ramp,ramp,0.0,1.0,0.0,0.8989026371582354,1024.6062025302858,False,settled
b,blue_ramp,ramp,0.0,1.0,0.0,0.9170893494353383,1022.5918050738245,False,settled
b,blue_ramp,ramp,0.0,1.0,0.0,1.457405268411394,848.8224568846657,False,settled
b,blue_ramp,ramp,0.0,1.0,0.0,0.9872801442281764,989.27944243538,False,settled
b,blue_ramp,ramp,0.0,1.0,0.0,1.5442831049845174,829.3370751210444,False,settled
b,blue_ramp,ramp,0.0,1.0,0.0,1.1807545905626506,929.6009582607556,False,settled
b,blue_ramp,ramp,0.0,1.0,0.0,1.6372495551138093,806.8325730787848,False,settled
b,blue_ramp,ramp,0.0,1.0,0.0,0.7899260819200197,1072.796932854677,False,settled
b,blue_ramp,ramp,0.0,1.0,0.0,0.7298576597871943,1096.5487773615232,False,settled
b,blue_ramp,ramp,0.0,1.0,0.0,1.0527593234109665,967.0722009383651,False,settled
b,blue_ramp,ramp,0.0,1.0,0.0,1.499332464938632,841.5034090390396,False,settled
b,blue_ramp,ramp,0.0,1.0,0.0,1.38038503661488,871.1039480261799,False,settled
b,blue_ramp,ramp,0.0,1.0,0.0,1.3877061776716813,868.8595027949266,False,settled
b,blue_ramp,ramp,0.0,1.0,0.0,0.75325332146269,1080.675198334976,False,settled
b,blue_ramp,ramp,0.0,1.0,0.0,1.1863675356425012,924.8037660343479,False,settled
b,blue_ramp,ramp,0.0,1.0,0.0,1.2513894174315687,904.1005813713937,False,settled
b,blue_ramp,ramp,0.0,1.0,0.0,0.9992971417338701,985.6289214557512,False,settled
b,blue_ramp,ramp,0.0,1.0,0.0,1.441679218646477,853.3181962607283,False,settled
b,blue_ramp,ramp,0.0,1.0,0.0,0.7109304517836627,1108.728000511557,False,settled
b,blue_ramp,ramp,0.0,1.0,0.0,1.1768925145966302,932.7368999602908,False,settled
b,blue_ramp,ramp,0.0,1.0,0.0,0.9343046898007353,1018.2346506644194,False,settled
b,blue_ramp,ramp,0.0,1.0,0.0,1.328523421041653,883.395020313241,False,settled
b,blue_ramp,ramp,0.0,1.0,0.0,0.7815622681209329,1078.3284821168577,False,settled
b,blue_ramp,ramp,0.0,1.0,0.0,1.0728252741541058,965.8257545657682,False,settled
b,blue_ramp,ramp,0.0,1.0,0.0,0.9472303957250555,1009.6285397433766,False,settled
b,blue_ramp,ramp,0.0,1.0,0.0,1.3332798618384594,884.7308448245079,False,settled
b,blue_ramp,ramp,0.0,1.0,0.0,0.9326560759345104,1018.544405466823,False,settled
b,blue_ramp,ramp,0.0,1.0,0.0,1.538911315341814,830.4043854457756,False,settled
b,blue_ramp,ramp,0.0,1.0,0.0,1.4617743540472996,848.031520529689,False,settled
b,blue_ramp,ramp,0.0,1.0,0.0,1.0388890488691804,978.0417621902706,False,settled
b,blue_ramp,ramp,0.0,1.0,0.0,0.8852888668292567,1035.4632927973003,False,settled
b,blue_ramp,ramp,0.0,1.0,0.0,1.2024857903415267,918.5202440511815,False,settled
b,blue_ramp,ramp,0.0,1.0,0.0,1.0210153741029797,982.4271117284676,False,settled
b,blue_ramp,ramp,0.0,1.0,0.0,1.614168285832614,812.1417648312928,False,settled
b,blue_ramp,ramp,0.0,1.0,0.0,1.551457970827153,828.4544991569786,False,settled
b,blue_ramp,ramp,0.0,1.0,0.0,0.8200174787687973,1061.2236434871584,False,settled
b,blue_ramp,ramp,0.0,1.0,0.0,1.6216191138837666,811.2240068976643,False,settled
b,blue_ramp,ramp,0.0,1.0,0.0,1.2984671745938947,894.2988355771254,False,settled
b,blue_ramp,ramp,0.0,1.0,0.0,1.3544154416201653,875.371650602562,False,settled
b,blue_ramp,ramp,0.0,1.0,0.0,1.3286253588275212,883.2955447145281,False,settled
b,blue_ramp,ramp,0.0,1.0,0.0,0.8433831891617707,1043.19019300357,False,settled
b,blue_ramp,ramp,0.0,1.0,0.0,0.950630946167027,1006.8941920035194,False,settled
b,blue_ramp,ramp,0.0,1.0,0.0,1.1787146261406334,931.390451770707,False,settled
b,blue_ramp,ramp,0.0,1.0,0.0,0.7444598387312491,1084.757700510376,False,settled
b,blue_ramp,ramp,0.0,1.0,0.0,0.750168270086849,1082.4022843801245,False,settled
b,blue_ramp,ramp,0.0,1.0,0.0,1.3113964790364094,889.925899347495,False,settled
b,blue_ramp,ramp,0.0,1.0,0.0,0.9624672062632458,997.8147812301872,False,settled
b,blue_ramp,ramp,0.0,1.0,0.0,1.0558537394244716,974.2114185248168,False,settled
b,blue_ramp,ramp,0.0,1.0,0.0,0.9907116097153214,987.5377875046917,False,settled
b,blue_ramp,ramp,0.0,1.0,0.0,1.4495804880797756,849.122098038736,False,settled
b,blue_ramp,ramp,0.0,1.0,0.0,1.3719906244288962,869.058452385392,False,settled
b,blue_ramp,ramp,0.0,1.0,0.0,1.1764235036692166,933.1478004491722,False,settled
b,blue_ramp,ramp,0.0,1.0,0.0,1.6573542523397042,802.5149924082235,False,settled
b,blue_ramp,ramp,0.0,1.0,0.0,1.2065767437710953,922.7059246910685,False,settled
b,blue_ramp,ramp,0.0,1.0,0.0,1.0549541169110872,965.4345280719365,False,settled
b,blue_ramp,ramp,0.0,1.0,0.0,1.3595766044590598,875.8328295418884,False,settled
b,blue_ramp,ramp,0.0,1.0,0.0,1.0371084590031072,979.5119026860725,False,settled
b,blue_ramp,ramp,0.0,1.0,0.0,0.9678856299450488,1004.3924043157506,False,settled
b,blue_ramp,ramp,0.0,1.0,0.0,1.344024484978399,879.9815469412807,False,settled
b,blue_ramp,ramp,0.0,1.0,0.0,0.97190934892349,1001.1255780543676,False,settled
b,blue_ramp,ramp,0.0,1.0,0.0,1.3882255955967142,868.3173222082329,False,settled
b,blue_ramp,ramp,0.0,1.0,0.0,0.7744741856869787,1069.639078913214,False,settled
b,blue_ramp,ramp,0.0,1.0,0.0,1.0227119477263964,981.0392373251032,False,settled
b,blue_ramp,ramp,0.0,1.0,0.0,0.7716105211209875,1071.6995901547511,False,settled
b,blue_ramp,ramp,0.0,1.0,0.0,1.2043837860983544,924.3537092381016,False,settled
b,blue_ramp,ramp,0.0,1.0,0.0,0.9973524343217397,986.0350213873646,False,settled
b,blue_ramp,ramp,0.0,1.0,0.0,1.539244935016053,830.0332940854213,False,settled
b,blue_ramp,ramp,0.0,1.0,0.0,0.8698999209554508,1033.9001920837852,False,settled
b,blue_ramp,ramp,0.0,1.0,0.0,0.8832074840257781,1036.8853324660988,False,settled
b,blue_ramp,ramp,0.0,1.0,0.0,0.7010121603303465,1106.6921688610173,False,settled
b,blue_ramp,ramp,0.0,1.0,0.0,1.660091278118634,802.5847487842507,False,settled
b,blue_ramp,ramp,0.0,1.0,0.0,0.7051943661352196,1100.4137703291085,False,settled
b,blue_ramp,ramp,0.0,1.0,0.0,0.9694245686903569,1003.142784420952,False,settled
b,blue_ramp,ramp,0.0,1.0,0.0,1.6347616151331334,807.8690540464605,False,settled
b,blue_ramp,ramp,0.0,1.0,0.0,1.004008565366052,984.723177540929,False,settled
b,blue_ramp,ramp,0.0,1.0,0.0,1.226849844155629,914.8326561736033,False,settled
b,blue_ramp,ramp,0.0,1.0,0.0,1.2429329205717883,911.7791962520156,False,settled
b,blue_ramp,ramp,0.0,1.0,0.0,1.0778300239008012,964.5615398049292,False,settled
b,blue_ramp,ramp,0.0,1.0,0.0,0.7261414947847441,1094.7301273784747,False,settled
b,blue_ramp,ramp,0.0,1.0,0.0,0.9118154273084604,1026.7740515555543,False,settled
b,blue_ramp,ramp,0.0,1.0,0.0,0.8605893739995488,1035.2810880914537,False,settled
b,blue_ramp,ramp,0.0,1.0,0.0,0.7768339442393998,1067.7561930662162,False,settled
b,blue_ramp,ramp,0.0,1.0,0.0,0.7039136691683858,1108.9401257080947,False,settled
b,blue_ramp,ramp,0.0,1.0,0.0,0.8695928868163547,1033.9448455183885,False,settled
b,blue_ramp,ramp,0.0,1.0,0.0,0.8893383515373936,1032.2176338999222,False,settled
b,blue_ramp,ramp,0.0,1.0,0.0,1.0241920603418828,979.8286629442088,False,settled
b,blue_ramp,ramp,0.0,1.0,0.0,1.438456184676789,852.6204878248432,False,settled
b,blue_ramp,ramp,0.0,1.0,0.0,1.6510335773565177,804.0989983311871,False,settled
b,blue_ramp,ramp,0.0,1.0,0.0,1.6124226279443958,813.3013044754363,False,settled
b,blue_ramp,ramp,0.0,1.0,0.0,1.3575694857288851,877.8737870060771,False,settled
b,blue_ramp,ramp,0.0,1.0,0.0,1.4686133949244147,844.1977454329226,False,settled
b,blue_ramp,ramp,0.0,1.0,0.0,1.5335090782631555,833.7363786626296,False,settled
b,blue_ramp,ramp,0.0,1.0,0.0,1.645136907815545,805.3203343447683,False,settled
b,blue_ramp,ramp,0.0,1.0,0.0,1.6248443983509895,809.8801311162689,False,settled
b,blue_ramp,ramp,0.0,1.0,0.0,1.0455756862094296,972.537488128332,False,settled
b,blue_ramp,ramp,0.0,1.0,0.0,1.3957477082183185,865.6404036948749,False,settled
b,blue_ramp,ramp,0.0,1.0,0.0,0.7749627417914527,1069.1886062409892,False,settled
b,blue_ramp,ramp,0.0,1.0,0.0,1.2768288178439506,901.3183166935701,False,settled
b,blue_ramp,ramp,0.0,1.0,0.0,1.497460258511617,842.9125752967874,False,settled
b,blue_ramp,ramp,0.0,1.0,0.0,1.111514570211282,955.2284649359922,False,settled
b,blue_ramp,ramp,0.0,1.0,0.0,1.0992759347771817,956.4170755621179,False,settled
b,blue_ramp,ramp,0.0,1.0,0.0,1.315288046902317,888.2848186668832,False,settled
b,blue_ramp,ramp,0.0,1.0,0.0,0.6907696292404454,1112.0902589214397,False,settled
b,blue_ramp,ramp,0.0,1.0,0.0,1.4282651628930771,854.7481454232523,False,settled
b,blue_ramp,ramp,0.0,1.0,0.0,1.3159255604240536,888.016498008528,False,settled
b,blue_ramp,ramp,0.0,1.0,0.0,0.6876118382963193,1106.9544604717441,False,settled
b,blue_ramp,ramp,0.0,1.0,0.0,0.97836918340446,996.0180197735842,False,settled
b,blue_ramp,ramp,0.0,1.0,0.0,1.3246616144505787,887.1698558302518,False,settled
b,blue_ramp,ramp,0.0,1.0,0.0,1.336101791466801,881.9367444597465,False,settled
b,blue_ramp,ramp,0.0,1.0,0.0,1.0766598257291755,964.8567033287031,False,settled
b,blue_ramp,ramp,0.0,1.0,0.0,0.7085986166976651,1099.9422598802703,False,settled
b,blue_ramp,ramp,0.0,1.0,0.0,0.9127228482268693,1026.0543413530845,False,settled
b,blue_ramp,ramp,0.0,1.0,0.0,0.8162256436926371,1064.23820135411,False,settled
b,blue_ramp,ramp,0.0,1.0,0.0,0.7083471830664507,1098.0482128536084,False,settled
b,blue_ramp,ramp,0.0,1.0,0.0,1.3937999928016687,862.8789040598239,False,settled
b,blue_ramp,ramp,0.0,1.0,0.0,1.163073323856869,936.5829262117454,False,settled
b,blue_ramp,ramp,0.0,1.0,0.0,1.2886416194057833,896.9287228795306,False,settled
b,blue_ramp,ramp,0.0,1.0,0.0,1.2193421928540356,919.0850489798133,False,settled
b,blue_ramp,ramp,0.0,1.0,0.0,1.0909975526273579,954.3251192280527,False,settled
b,blue_ramp,ramp,0.0,1.0,0.0,0.7354227355566623,1085.989897779755,False,settled
b,blue_ramp,ramp,0.0,1.0,0.0,0.7960215229847689,1071.9933457329855,False,settled
b,blue_ramp,ramp,0.0,1.0,0.0,1.1862725872279734,924.8863572760272,False,settled
b,blue_ramp,ramp,0.0,1.0,0.0,1.6075306150855657,814.7013296705511,False,settled
b,blue_ramp,ramp,0.0,1.0,0.0,1.5864298887347679,819.7994117762049,False,settled
b,blue_ramp,ramp,0.0,1.0,0.0,1.1667251245911037,933.6574481723333,False,settled
b,blue_ramp,ramp,0.0,1.0,0.0,1.1658121900956795,934.4520321486632,False,settled
b,blue_ramp,ramp,0.0,1.0,0.0,1.6119427058304987,813.509639674107,False,settled
b,blue_ramp,ramp,0.0,1.0,0.0,1.645960692819329,804.7755115676948,False,settled
b,blue_ramp,ramp,0.0,1.0,0.0,1.0730858721063288,965.7590912565299,False,settled
b,blue_ramp,ramp,0.0,1.0,0.0,1.623296607049797,810.3390752499928,False,settled
b,blue_ramp,ramp,0.0,1.0,0.0,0.7650655136338732,1076.0839718132102,False,settled
b,blue_ramp,ramp,0.0,1.0,0.0,1.640229835033824,806.659511917543,False,settled
b,blue_ramp,ramp,0.0,1.0,0.0,0.8471293161127891,1040.3010819166338,False,settled
b,blue_ramp,ramp,0.0,1.0,0.0,0.8991157740551958,1024.437751028785,False,settled
b,blue_ramp,ramp,0.0,1.0,0.0,0.7928251052021486,1072.4149540454582,False,settled
b,blue_ramp,ramp,0.0,1.0,0.0,0.9944468833957508,986.6451896162832,False,settled
b,blue_ramp,ramp,0.0,1.0,0.0,1.6127762194729591,813.0510918143801,False,settled
b,blue_ramp,ramp,0.0,1.0,0.0,1.0622255826412526,968.9871639331124,False,settled
b,blue_ramp,ramp,0.0,1.0,0.0,0.7956883254973895,1072.037304213091,False,settled
b,blue_ramp,ramp,0.0,1.0,0.0,1.286967154109765,898.4582415871632,False,settled
b,blue_ramp,ramp,0.0,1.0,0.0,1.364867624265905,870.8757666043124,False,settled
b,blue_ramp,ramp,0.0,1.0,0.0,0.781774175158383,1078.1615165215837,False,settled
b,blue_ramp,ramp,0.0,1.0,0.0,0.8553231300978981,1036.176457332084,False,settled
b,blue_ramp,ramp,0.0,1.0,0.0,1.6067251437209367,814.3652573996882,False,settled
b,blue_ramp,ramp,0.0,1.0,0.0,1.339008513719998,879.3594217572089,False,settled
b,blue_ramp,ramp,0.0,1.0,0.0,1.3106408755536776,890.247844202521,False,settled
b,blue_ramp,ramp,0.0,1.0,0.0,1.5212062841608567,835.7547014476651,False,settled
b,blue_ramp,ramp,0.0,1.0,0.0,0.8949960943981842,1027.7119535607305,False,settled
b,blue_ramp,ramp,0.0,1.0,0.0,0.9103014638483597,1015.8615609750264,False,settled
b,blue_ramp,ramp,0.0,1.0,0.0,1.4397623861804647,851.1563312812267,False,settled
b,blue_ramp,ramp,0.0,1.0,0.0,1.1165945467150193,950.9093624692466,False,settled
b,blue_ramp,ramp,0.0,1.0,0.0,1.4999429622562974,841.0433094106683,False,settled
b,blue_ramp,ramp,0.0,1.0,0.0,1.3070376803210357,892.5590692671084,False,settled
b,blue_ramp,ramp,0.0,1.0,0.0,0.7272566342329203,1095.6789680204572,False,settled
b,blue_ramp,ramp,0.0,1.0,0.0,0.9896277097910149,987.767909121781,False,settled
b,blue_ramp,ramp,0.0,1.0,0.0,0.7236461622554564,1092.2806909421702,False,settled
b,blue_ramp,ramp,0.0,1.0,0.0,1.2227638312234819,916.2632851094609,False,settled
b,blue_ramp,ramp,0.0,1.0,0.0,1.0728188999500656,965.827385166198,False,settled
b,blue_ramp,ramp,0.0,1.0,0.0,0.8786938312897093,1028.0041381377966,False,settled
b,blue_ramp,ramp,0.0,1.0,0.0,1.5781794135817653,821.6406859921514,False,settled
b,blue_ramp,ramp,0.0,1.0,0.0,0.6929984001397445,1111.6429594094054,False,settled
b,blue_ramp,ramp,0.0,1.0,0.0,1.2694040579458195,901.4514408025402,False,settled
b,blue_ramp,ramp,0.0,1.0,0.0,1.1877696640398114,923.5111391977579,False,settled
b,blue_ramp,ramp,0.0,1.0,0.0,0.9541132364311236,1004.094917450349,False,settled
b,blue_ramp,ramp,0.0,1.0,0.0,0.848503450118747,1039.2430773466097,False,settled
b,blue_ramp,ramp,0.0,1.0,0.0,1.307544907293221,892.0747659813088,False,settled
b,blue_ramp,ramp,0.0,1.0,0.0,0.8538327868721091,1049.2044733150572,False,settled
b,blue_ramp,ramp,0.0,1.0,0.0,0.6985567286476613,1103.0124238978942,False,settled
b,blue_ramp,ramp,0.0,1.0,0.0,1.3605116086407607,874.8834491154008,False,settled
b,blue_ramp,ramp,0.0,1.0,0.0,0.7557014504175142,1077.1450135786577,False,settled
b,yellow_ramp,ramp,0.0,1.0,0.0,1.0052293029327415,843.5827052771579,False,settled
b,yellow_ramp,ramp,0.0,1.0,0.0,0.25207848428704316,1100.8161726927772,False,settled
b,yellow_ramp,ramp,0.0,1.0,0.0,0.5652809817495202,973.2245943591082,False,settled
b,yellow_ramp,ramp,0.0,1.0,0.0,1.054557713583225,835.8137095648301,False,settled
b,yellow_ramp,ramp,0.0,1.0,0.0,0.7971267782485333,905.8805676506738,False,settled
b,yellow_ramp,ramp,0.0,1.0,0.0,0.5649591579418449,973.3928147169886,False,settled
b,yellow_ramp,ramp,0.0,1.0,0.0,0.7759905516202492,911.2692237474328,False,settled
b,yellow_ramp,ramp,0.0,1.0,0.0,0.512297313488543,994.8892393522376,False,settled
b,yellow_ramp,ramp,0.0,1.0,0.0,0.30171827585636074,1073.394000325538,False,settled
b,yellow_ramp,ramp,0.0,1.0,0.0,0.24513788984013873,1098.919863344481,False,settled
b,yellow_ramp,ramp,0.0,1.0,0.0,1.141154245244844,815.1164258306211,False,settled
b,yellow_ramp,ramp,0.0,1.0,0.0,0.43320854061085123,1023.17878344086,False,settled
b,yellow_ramp,ramp,0.0,1.0,0.0,0.4488236604774251,1023.1988531444438,False,settled
b,yellow_ramp,ramp,0.0,1.0,0.0,0.5621969811010853,975.7039936269924,False,settled
b,yellow_ramp,ramp,0.0,1.0,0.0,0.7029091516551473,930.4728384802962,False,settled
b,yellow_ramp,ramp,0.0,1.0,0.0,0.9308485969590852,863.2506331609421,False,settled
b,yellow_ramp,ramp,0.0,1.0,0.0,0.6165083322826566,959.8573180552684,False,settled
b,yellow_ramp,ramp,0.0,1.0,0.0,0.7906644888877473,904.9097426036251,False,settled
b,yellow_ramp,ramp,0.0,1.0,0.0,0.476896520012958,1011.9156160613541,False,settled
b,yellow_ramp,ramp,0.0,1.0,0.0,0.45341490224284403,1020.7503365011123,False,settled
b,yellow_ramp,ramp,0.0,1.0,0.0,0.9781308978609238,849.071896727614,False,settled
b,yellow_ramp,ramp,0.0,1.0,0.0,0.6463912395586683,953.204029248472,False,settled
b,yellow_ramp,ramp,0.0,1.0,0.0,0.5553697334886358,980.9101861590414,False,settled
b,yellow_ramp,ramp,0.0,1.0,0.0,0.41153303559130294,1027.7393147156886,False,settled
b,yellow_ramp,ramp,0.0,1.0,0.0,0.2951174837085807,1077.4231868595286,False,settled
b,yellow_ramp,ramp,0.0,1.0,0.0,0.6156800680397111,960.5507702421086,False,settled
b,yellow_ramp,ramp,0.0,1.0,0.0,0.9821637689045405,849.0256203549492,False,settled
b,yellow_ramp,ramp,0.0,1.0,0.0,0.35956702762191645,1055.9123477827316,False,settled
b,yellow_ramp,ramp,0.0,1.0,0.0,0.2845674824613472,1081.490286582813,False,settled
b,yellow_ramp,ramp,0.0,1.0,0.0,0.6167927935260333,959.8789861861626,False,settled
b,yellow_ramp,ramp,0.0,1.0,0.0,0.305361123876344,1070.8713829350834,False,settled
b,yellow_ramp,ramp,0.0,1.0,0.0,0.47870098407821193,1010.4562486133549,False,settled
b,yellow_ramp,ramp,0.0,1.0,0.0,0.8341246839601277,891.3283246731121,False,settled
b,yellow_ramp,ramp,0.0,1.0,0.0,0.5937613606809169,969.7771879202093,False,settled
b,yellow_ramp,ramp,0.0,1.0,0.0,0.6796218635230254,937.9503765390322,False,settled
b,yellow_ramp,ramp,0.0,1.0,0.0,0.7197474424034076,923.9652609050158,False,settled
b,yellow_ramp,ramp,0.0,1.0,0.0,0.7654851287216938,912.6854192512033,False,settled
b,yellow_ramp,ramp,0.0,1.0,0.0,0.38376067786808565,1050.0796812756944,False,settled
b,yellow_ramp,ramp,0.0,1.0,0.0,0.3526839983098929,1061.092044420007,False,settled
b,yellow_ramp,ramp,0.0,1.0,0.0,1.1437821554168397,813.0064435419991,False,settled
b,yellow_ramp,ramp,0.0,1.0,0.0,0.3884044286669066,1036.082420849536,False,settled
b,yellow_ramp,ramp,0.0,1.0,0.0,0.36186463899714905,1054.123942027429,False,settled
b,yellow_ramp,ramp,0.0,1.0,0.0,0.5259857158883536,986.8506786860248,False,settled
b,yellow_ramp,ramp,0.0,1.0,0.0,0.2951549359543782,1077.406422798887,False,settled
b,yellow_ramp,ramp,0.0,1.0,0.0,0.351085525822131,1062.3599992309832,False,settled
b,yellow_ramp,ramp,0.0,1.0,0.0,0.5726981154792525,976.9609482973584,False,settled
b,yellow_ramp,ramp,0.0,1.0,0.0,1.1190763562491026,819.4814286436236,False,settled
b,yellow_ramp,ramp,0.0,1.0,0.0,1.0032807195662765,847.9845239787765,False,settled
b,yellow_ramp,ramp,0.0,1.0,0.0,0.9349062964704031,860.5620185990709,False,settled
b,yellow_ramp,ramp,0.0,1.0,0.0,0.3950014290892226,1035.0710932829202,False,settled
b,yellow_ramp,ramp,0.0,1.0,0.0,0.5493034603227842,985.8774605735426,False,settled
b,yellow_ramp,ramp,0.0,1.0,0.0,0.6973069935276645,935.3269012456352,False,settled
b,yellow_ramp,ramp,0.0,1.0,0.0,0.6245789560738655,953.4316434065069,False,settled
b,yellow_ramp,ramp,0.0,1.0,0.0,0.38661532737681803,1049.1584624423665,False,settled
b,yellow_ramp,ramp,0.0,1.0,0.0,0.837557207842728,888.1248258539739,False,settled
b,yellow_ramp,ramp,0.0,1.0,0.0,0.7556596919754672,916.1246855755778,False,settled
b,yellow_ramp,ramp,0.0,1.0,0.0,0.30024840831297667,1074.4326113799373,False,settled
b,yellow_ramp,ramp,0.0,1.0,0.0,0.7434312547541261,918.9206036794079,False,settled
b,yellow_ramp,ramp,0.0,1.0,0.0,0.5613312944043988,976.4070985144422,False,settled
b,yellow_ramp,ramp,0.0,1.0,0.0,0.8190528859898819,898.8494257714507,False,settled
b,yellow_ramp,ramp,0.0,1.0,0.0,0.8885668611389436,873.9934164690184,False,settled
b,yellow_ramp,ramp,0.0,1.0,0.0,0.7136943109177153,929.2152187382287,False,settled
b,yellow_ramp,ramp,0.0,1.0,0.0,0.3502708228689915,1063.0085128047529,False,settled
b,yellow_ramp,ramp,0.0,1.0,0.0,1.0495418976186737,836.4789857972976,False,settled
b,yellow_ramp,ramp,0.0,1.0,0.0,0.6397898064114633,950.0436039853207,False,settled
b,yellow_ramp,ramp,0.0,1.0,0.0,0.38609578473971523,1049.2437012853284,False,settled
b,yellow_ramp,ramp,0.0,1.0,0.0,1.2200189544739082,793.1378169338097,False,settled
b,yellow_ramp,ramp,0.0,1.0,0.0,0.7943859580167592,901.5923055763659,False,settled
b,yellow_ramp,ramp,0.0,1.0,0.0,0.856467344608633,887.8532179447234,False,settled
b,yellow_ramp,ramp,0.0,1.0,0.0,0.25171095178109437,1099.9457335486547,False,settled
b,yellow_ramp,ramp,0.0,1.0,0.0,0.46000902654563003,1019.511462376411,False,settled
b,yellow_ramp,ramp,0.0,1.0,0.0,0.432205097750521,1023.9719652254291,False,settled
b,yellow_ramp,ramp,0.0,1.0,0.0,0.5835390729101344,968.5188866624629,False,settled
b,yellow_ramp,ramp,0.0,1.0,0.0,1.067743389055664,832.3038335067655,False,settled
b,yellow_ramp,ramp,0.0,1.0,0.0,0.5810777137594045,970.404305428935,False,settled
b,yellow_ramp,ramp,0.0,1.0,0.0,0.45982263413546076,1019.5464824994513,False,settled
b,yellow_ramp,ramp,0.0,1.0,0.0,1.1869477598459264,802.9716127143124,False,settled
b,yellow_ramp,ramp,0.0,1.0,0.0,0.46267078110373094,1019.011359074087,False,settled
b,yellow_ramp,ramp,0.0,1.0,0.0,0.39245183249766924,1035.3755051437197,False,settled
b,yellow_ramp,ramp,0.0,1.0,0.0,1.0945265688531032,825.898161063182,False,settled
b,yellow_ramp,ramp,0.0,1.0,0.0,0.38991061046079817,1035.76168033554,False,settled
b,yellow_ramp,ramp,0.0,1.0,0.0,1.1529110977142178,811.3955917445435,False,settled
b,yellow_ramp,ramp,0.0,1.0,0.0,0.8073173363528021,896.4949566449244,False,settled
b,yellow_ramp,ramp,0.0,1.0,0.0,0.746932435403078,915.9550971488865,False,settled
b,yellow_ramp,ramp,0.0,1.0,0.0,0.32693854998139205,1072.201994843521,False,settled
b,yellow_ramp,ramp,0.0,1.0,0.0,0.3929542858084375,1035.3010909064951,False,settled
b,yellow_ramp,ramp,0.0,1.0,0.0,0.8939419992801989,873.9453705972466,False,settled
b,yellow_ramp,ramp,0.0,1.0,0.0,1.104124285329097,822.8636859268059,False,settled
b,yellow_ramp,ramp,0.0,1.0,0.0,1.1570906943206494,809.826212769257,False,settled
b,yellow_ramp,ramp,0.0,1.0,0.0,0.9778616104728186,849.3755209048784,False,settled
b,yellow_ramp,ramp,0.0,1.0,0.0,0.6863775932885522,935.9764890712199,False,settled
b,yellow_ramp,ramp,0.0,1.0,0.0,0.35564921356335744,1058.7478902890418,False,settled
b,yellow_ramp,ramp,0.0,1.0,0.0,0.8904034628506294,877.5341888188633,False,settled
b,yellow_ramp,ramp,0.0,1.0,0.0,0.7038311070572816,929.6769634823364,False,settled
b,yellow_ramp,ramp,0.0,1.0,0.0,1.2147054322292508,795.4200128302059,False,settled
b,yellow_ramp,ramp,0.0,1.0,0.0,0.40289597137671573,1033.8283118812708,False,settled
b,yellow_ramp,ramp,0.0,1.0,0.0,0.6157181962317649,960.5188480435623,False,settled
b,yellow_ramp,ramp,0.0,1.0,0.0,0.2687835428804837,1087.1856361041655,False,settled
b,yellow_ramp,ramp,0.0,1.0,0.0,0.7585574052495881,915.1100034118748,False,settled
b,yellow_ramp,ramp,0.0,1.0,0.0,0.22244100147373688,1114.1208658277858,False,settled
b,yellow_ramp,ramp,0.0,1.0,0.0,0.8186300637025619,899.2501201720625,False,settled
b,yellow_ramp,ramp,0.0,1.0,0.0,0.9695305466494024,854.2419811217366,False,settled
b,yellow_ramp,ramp,0.0,1.0,0.0,0.9361358261908208,859.8689108043184,False,settled
b,yellow_ramp,ramp,0.0,1.0,0.0,0.6090189894774678,964.8922256932153,False,settled
b,yellow_ramp,ramp,0.0,1.0,0.0,0.8948629800794474,873.3668099238008,False,settled
b,yellow_ramp,ramp,0.0,1.0,0.0,0.4126357793641662,1026.9806176733814,False,settled
b,yellow_ramp,ramp,0.0,1.0,0.0,0.4646718366733517,1018.635387870396,False,settled
b,yellow_ramp,ramp,0.0,1.0,0.0,0.9097973378300379,869.1882020360341,False,settled
b,yellow_ramp,ramp,0.0,1.0,0.0,0.30985581800305323,1067.3564112286845,False,settled
b,yellow_ramp,ramp,0.0,1.0,0.0,0.4025257987168785,1033.8821586570646,False,settled
b,yellow_ramp,ramp,0.0,1.0,0.0,0.8333248501079499,892.0803955934356,False,settled
b,yellow_ramp,ramp,0.0,1.0,0.0,0.33878670725452026,1056.926268482874,False,settled
b,yellow_ramp,ramp,0.0,1.0,0.0,0.2737147113958618,1087.8785367122937,False,settled
b,yellow_ramp,ramp,0.0,1.0,0.0,0.4893683871685562,1001.8938285581982,False,settled
b,yellow_ramp,ramp,0.0,1.0,0.0,0.4120766454428157,1027.3204084999882,False,settled
b,yellow_ramp,ramp,0.0,1.0,0.0,0.7521277658252843,918.830522377358,False,settled
b,yellow_ramp,ramp,0.0,1.0,0.0,0.4509753782346316,1021.4943730297127,False,settled
b,yellow_ramp,ramp,0.0,1.0,0.0,0.9623312004482385,853.0470198102701,False,settled
b,yellow_ramp,ramp,0.0,1.0,0.0,1.1291757204642485,817.1254324646053,False,settled
b,yellow_ramp,ramp,0.0,1.0,0.0,0.5633905893328789,974.6575985919386,False,settled
b,yellow_ramp,ramp,0.0,1.0,0.0,1.1710069915404206,807.7992283390887,False,settled
b,yellow_ramp,ramp,0.0,1.0,0.0,0.5737405994792938,976.1004008873826,False,settled
b,yellow_ramp,ramp,0.0,1.0,0.0,1.191854400273317,802.4778840644468,False,settled
b,yellow_ramp,ramp,0.0,1.0,0.0,0.3232538281963823,1072.6878627930414,False,settled
b,yellow_ramp,ramp,0.0,1.0,0.0,0.6400480244194289,949.8270863330974,False,settled
b,yellow_ramp,ramp,0.0,1.0,0.0,0.9308081359387084,863.2931899006451,False,settled
b,yellow_ramp,ramp,0.0,1.0,0.0,0.24879953121024725,1107.0955380995783,False,settled
b,yellow_ramp,ramp,0.0,1.0,0.0,0.6715867862085796,941.152206763144,False,settled
b,yellow_ramp,ramp,0.0,1.0,0.0,0.6175354087072216,959.261578926859,False,settled
b,yellow_ramp,ramp,0.0,1.0,0.0,1.0125002609095406,847.8411755566061,False,settled
b,yellow_ramp,ramp,0.0,1.0,0.0,0.5586835678649694,978.2001370081499,False,settled
b,yellow_ramp,ramp,0.0,1.0,0.0,0.5140482111277462,993.5070765876122,False,settled
b,yellow_ramp,ramp,0.0,1.0,0.0,0.8292545674981354,895.9152193299839,False,settled
b,yellow_ramp,ramp,0.0,1.0,0.0,0.7259667097641358,926.4169069763923,False,settled
b,yellow_ramp,ramp,0.0,1.0,0.0,1.110843090110696,821.3039215192834,False,settled
b,yellow_ramp,ramp,0.0,1.0,0.0,0.8804912009576572,876.3200201655027,False,settled
b,yellow_ramp,ramp,0.0,1.0,0.0,1.1188224580391082,819.2434003198631,False,settled
b,yellow_ramp,ramp,0.0,1.0,0.0,0.26830661170644293,1086.7105300731166,False,settled
b,yellow_ramp,ramp,0.0,1.0,0.0,0.36396971658745225,1052.4776968682063,False,settled
b,yellow_ramp,ramp,0.0,1.0,0.0,0.46778401200837166,1006.5846284661883,False,settled
b,yellow_ramp,ramp,0.0,1.0,0.0,0.2845840128603533,1081.2695649575721,False,settled
b,yellow_ramp,ramp,0.0,1.0,0.0,0.5825934669520932,969.2789337068834,False,settled
b,yellow_ramp,ramp,0.0,1.0,0.0,0.6085505461083921,965.0103750072637,False,settled
b,yellow_ramp,ramp,0.0,1.0,0.0,0.5554269542943611,980.8633858724226,False,settled
b,yellow_ramp,ramp,0.0,1.0,0.0,1.1292075784415354,817.0613827763422,False,settled
b,yellow_ramp,ramp,0.0,1.0,0.0,0.6070175946871517,965.3969946494716,False,settled
b,yellow_ramp,ramp,0.0,1.0,0.0,1.1571503333100073,809.7248717815311,False,settled
b,yellow_ramp,ramp,0.0,1.0,0.0,0.7503350720297038,920.1815911357921,False,settled
b,yellow_ramp,ramp,0.0,1.0,0.0,1.1890149829944097,803.0575275071486,False,settled
b,yellow_ramp,ramp,0.0,1.0,0.0,0.7231417596015358,928.6636682798601,False,settled
b,yellow_ramp,ramp,0.0,1.0,0.0,0.22362042135459542,1104.9522897916975,False,settled
b,yellow_ramp,ramp,0.0,1.0,0.0,0.7554196924558844,916.2087176442396,False,settled
b,yellow_ramp,ramp,0.0,1.0,0.0,1.0454794332111612,837.2513443504112,False,settled
b,yellow_ramp,ramp,0.0,1.0,0.0,0.7264732344377406,925.9691305191832,False,settled
b,yellow_ramp,ramp,0.0,1.0,0.0,0.25176570649345775,1100.0757328024602,False,settled
b,yellow_ramp,ramp,0.0,1.0,0.0,0.6051174052059392,965.8789305479379,False,settled
b,yellow_ramp,ramp,0.0,1.0,0.0,0.8731480064074717,877.8539775828648,False,settled
b,yellow_ramp,ramp,0.0,1.0,0.0,1.0493483628367999,835.6586064053217,False,settled
b,yellow_ramp,ramp,0.0,1.0,0.0,0.2223711861614824,1112.5377337803393,False,settled
b,yellow_ramp,ramp,0.0,1.0,0.0,0.8213367681120077,896.7523623444163,False,settled
b,yellow_ramp,ramp,0.0,1.0,0.0,0.27384654589097696,1088.1421116028368,False,settled
b,yellow_ramp,ramp,0.0,1.0,0.0,0.568967362404458,980.0412887582813,False,settled
b,yellow_ramp,ramp,0.0,1.0,0.0,0.2244427868134416,1108.1243135667391,False,settled
b,yellow_ramp,ramp,0.0,1.0,0.0,1.0638588765231602,833.2548594917356,False,settled
b,yellow_ramp,ramp,0.0,1.0,0.0,0.7179417297253419,925.5184380538527,False,settled
b,yellow_ramp,ramp,0.0,1.0,0.0,0.874869454796239,881.6306867413016,False,settled
b,yellow_ramp,ramp,0.0,1.0,0.0,0.43687837966775034,1020.2977635894965,False,settled
b,yellow_ramp,ramp,0.0,1.0,0.0,0.6031479101704604,966.3827586389609,False,settled
b,yellow_ramp,ramp,0.0,1.0,0.0,0.7208993754357471,922.9677330905959,False,settled
b,yellow_ramp,ramp,0.0,1.0,0.0,0.27179547630254824,1084.626848449129,False,settled
b,yellow_ramp,ramp,0.0,1.0,0.0,0.43542906280107263,1021.4234841786521,False,settled
b,yellow_ramp,ramp,0.0,1.0,0.0,1.1044268179513512,822.2845741077805,False,settled
b,yellow_ramp,ramp,0.0,1.0,0.0,0.3160991654875101,1076.7234651315202,False,settled
b,yellow_ramp,ramp,0.0,1.0,0.0,0.6282275375723527,959.4139351185775,False,settled
b,yellow_ramp,ramp,0.0,1.0,0.0,0.62071207104123,956.6204541365598,False,settled
b,yellow_ramp,ramp,0.0,1.0,0.0,0.5056028077336961,1000.1566844415726,False,settled
b,yellow_ramp,ramp,0.0,1.0,0.0,0.287263001820592,1077.7304972831982,False,settled
b,yellow_ramp,ramp,0.0,1.0,0.0,0.31667978075549646,1076.2656656075699,False,settled
b,yellow_ramp,ramp,0.0,1.0,0.0,0.6064192925705766,965.5478885898385,False,settled
b,yellow_ramp,ramp,0.0,1.0,0.0,0.5319155688987476,985.6042112244204,False,settled
b,yellow_ramp,ramp,0.0,1.0,0.0,0.9626473773430076,852.6475234381087,False,settled
b,yellow_ramp,ramp,0.0,1.0,0.0,0.4139301386759294,1038.3101492197445,False,settled
b,yellow_ramp,ramp,0.0,1.0,0.0,0.4365787738993229,1020.515246222913,False,settled
b,yellow_ramp,ramp,0.0,1.0,0.0,0.2804873689705122,1087.140754214179,False,settled
b,yellow_ramp,ramp,0.0,1.0,0.0,0.7358203728104341,917.9016821906347,False,settled
b,yellow_ramp,ramp,0.0,1.0,0.0,0.8718103457218926,879.0625570358036,False,settled
b,yellow_ramp,ramp,0.0,1.0,0.0,0.7523536412057318,918.6292017506468,False,settled
b,yellow_ramp,ramp,0.0,1.0,0.0,0.9814439303393941,849.7690982226103,False,settled
b,yellow_ramp,ramp,0.0,1.0,0.0,0.3328704558815182,1057.6529232317646,False,settled
b,yellow_ramp,ramp,0.0,1.0,0.0,0.7279576725537953,924.6590825955127,False,settled
b,yellow_ramp,ramp,0.0,1.0,0.0,0.9760459305042154,851.4335531466252,False,settled
b,yellow_ramp,ramp,0.0,1.0,0.0,0.54859275710249,986.4635647248627,False,settled
b,yellow_ramp,ramp,0.0,1.0,0.0,0.7970876999345654,905.9167982175433,False,settled
b,yellow_ramp,ramp,0.0,1.0,0.0,0.3768154122587511,1042.5577261836058,False,settled
b,yellow_ramp,ramp,0.0,1.0,0.0,1.1686843096169488,807.2189105790895,False,settled
b,yellow_ramp,ramp,0.0,1.0,0.0,0.35492630821064486,1059.319446428867,False,settled
b,yellow_ramp,ramp,0.0,1.0,0.0,0.8771039812988866,879.4041967431434,False,settled
b,yellow_ramp,ramp,0.0,1.0,0.0,0.33830714178963833,1056.9815974111964,False,settled
b,yellow_ramp,ramp,0.0,1.0,0.0,0.6084914907933565,965.0252697362131,False,settled
b,yellow_ramp,ramp,0.0,1.0,0.0,0.22013037214512957,1110.6993696242805,False,settled
b,yellow_ramp,ramp,0.0,1.0,0.0,0.31722890218242766,1075.8328453354266,False,settled
b,yellow_ramp,ramp,0.0,1.0,0.0,0.8398464462707906,892.2643690860544,False,settled
b,yellow_ramp,ramp,0.0,1.0,0.0,0.579190622843402,971.6244968469103,False,settled
b,yellow_ramp,ramp,0.0,1.0,0.0,0.5145263345486806,993.1280727594792,False,settled
b,yellow_ramp,ramp,0.0,1.0,0.0,0.4321521464735937,1024.0138175055856,False,settled
b,yellow_ramp,ramp,0.0,1.0,0.0,0.6273304350123583,960.1715960382505,False,settled
b,yellow_ramp,ramp,0.0,1.0,0.0,0.3536659818344685,1060.3159006806832,False,settled
b,yellow_ramp,ramp,0.0,1.0,0.0,0.8168763932090389,894.3005679008335,False,settled
b,yellow_ramp,ramp,0.0,1.0,0.0,0.4378901045754851,1019.5306535317676,False,settled
b,yellow_ramp,ramp,0.0,1.0,0.0,0.9733453910498526,850.0413077634404,False,settled
b,yellow_ramp,ramp,0.0,1.0,0.0,0.2944420574995792,1077.6863003970925,False,settled
b,yellow_ramp,ramp,0.0,1.0,0.0,0.8116817668210121,899.1218486350141,False,settled
b,yellow_ramp,ramp,0.0,1.0,0.0,0.9799390390170964,851.5120135635008,False,settled
b,yellow_ramp,ramp,0.0,1.0,0.0,0.4346810131500985,1022.0149041646399,False,settled
b,yellow_ramp,ramp,0.0,1.0,0.0,0.8181396105219066,893.2499901689803,False,settled
b,yellow_ramp,ramp,0.0,1.0,0.0,0.49743671521483807,1006.7871235009635,False,settled
b,yellow_ramp,ramp,0.0,1.0,0.0,1.0331394878066655,840.5292544822478,False,settled
b,yellow_ramp,ramp,0.0,1.0,0.0,0.8325766117192874,892.7838653409735,False,settled
b,yellow_ramp,ramp,0.0,1.0,0.0,0.6539686144696806,947.0959421598424,False,settled
b,yellow_ramp,ramp,0.0,1.0,0.0,0.6687305712094641,943.5643323163056,False,settled
b,yellow_ramp,ramp,0.0,1.0,0.0,0.6190098648797645,958.0356577877574,False,settled
b,yellow_ramp,ramp,0.0,1.0,0.0,0.7022914994109193,931.0059812580851,False,settled
b,yellow_ramp,ramp,0.0,1.0,0.0,0.2812785620653268,1087.803691586466,False,settled
b,yellow_ramp,ramp,0.0,1.0,0.0,0.626735607128604,960.6741122040972,False,settled
b,yellow_ramp,ramp,0.0,1.0,0.0,0.782527362288724,905.4063172880473,False,settled
b,yellow_ramp,ramp,0.0,1.0,0.0,0.5709127724379058,978.4349478074399,False,settled
b,yellow_ramp,ramp,0.0,1.0,0.0,0.6347385376656055,954.1875528714049,False,settled
b,yellow_ramp,ramp,0.0,1.0,0.0,1.1526489390113301,812.0218887666381,False,settled
b,yellow_ramp,ramp,0.0,1.0,0.0,0.2560320158348464,1092.0717280859915,False,settled
b,yellow_ramp,ramp,0.0,1.0,0.0,0.6610294635818248,941.4112271624293,False,settled
b,yellow_ramp,ramp,0.0,1.0,0.0,0.8184339342661597,899.4359838412342,False,settled
b,yellow_ramp,ramp,0.0,1.0,0.0,0.6448448820492749,954.5210810542319,False,settled
b,yellow_ramp,ramp,0.0,1.0,0.0,0.7156763121200651,927.4894077388925,False,settled
b,yellow_ramp,ramp,0.0,1.0,0.0,1.0522277079426023,835.6115189273029,False,settled
b,yellow_ramp,ramp,0.0,1.0,0.0,1.1446288424098592,813.9098029288058,False,settled
b,yellow_ramp,ramp,0.0,1.0,0.0,0.5740257414968339,975.8650209986646,False,settled
b,yellow_ramp,ramp,0.0,1.0,0.0,0.292901145985123,1078.174779461334,False,settled
b,yellow_ramp,ramp,0.0,1.0,0.0,0.4182566233265049,1035.0880484588486,False,settled
b,yellow_ramp,ramp,0.0,1.0,0.0,0.2980459552994632,1075.7889523466658,False,settled
b,yellow_ramp,ramp,0.0,1.0,0.0,0.30145627560212634,1073.5792277600306,False,settled
b,yellow_ramp,ramp,0.0,1.0,0.0,0.606519772782681,965.5225471226418,False,settled
b,yellow_ramp,ramp,0.0,1.0,0.0,1.1858391610251513,803.7972634830276,False,settled
b,yellow_ramp,ramp,0.0,1.0,0.0,1.0638765537056918,833.2283195666947,False,settled
b,yellow_ramp,ramp,0.0,1.0,0.0,0.374665449700645,1044.1352262627017,False,settled
b,yellow_ramp,ramp,0.0,1.0,0.0,0.24671576976302612,1102.7451002736993,False,settled
b,yellow_ramp,ramp,0.0,1.0,0.0,0.40824401272712446,1030.3877814015354,False,settled
b,yellow_ramp,ramp,0.0,1.0,0.0,1.0702685059144434,832.1248429895788,False,settled
b,yellow_ramp,ramp,0.0,1.0,0.0,0.3616049320989198,1054.327001126703,False,settled
b,yellow_ramp,ramp,0.0,1.0,0.0,0.3943949663407518,1035.160889416065,False,settled
b,yellow_ramp,ramp,0.0,1.0,0.0,0.27424962052747154,1088.5194894860015,False,settled
b,yellow_ramp,ramp,0.0,1.0,0.0,0.35933657547001874,1056.0938380475532,False,settled
b,yellow_ramp,ramp,0.0,1.0,0.0,0.6973065147164816,935.327317973073,False,settled
b,yellow_ramp,ramp,0.0,1.0,0.0,0.6085095476161909,965.0207155058421,False,settled
b,yellow_ramp,ramp,0.0,1.0,0.0,0.6494582055318591,950.6021573509452,False,settled
b,yellow_ramp,ramp,0.0,1.0,0.0,0.3851276147035332,1049.3990107199556,False,settled
b,yellow_ramp,ramp,0.0,1.0,0.0,1.0752798359390052,831.6119883343348,False,settled
b,yellow_ramp,ramp,0.0,1.0,0.0,0.9122549312858739,866.7537294479155,False,settled
b,yellow_ramp,ramp,0.0,1.0,0.0,0.6974552510695138,935.1978669250975,False,settled
b,yellow_ramp,ramp,0.0,1.0,0.0,0.7951835340699053,900.7937156110772,False,settled
b,yellow_ramp,ramp,0.0,1.0,0.0,0.8094075716769095,901.2448044235701,False,settled
b,yellow_ramp,ramp,0.0,1.0,0.0,1.0595076030746122,833.5045321947065,False,settled
b,yellow_ramp,ramp,0.0,1.0,0.0,0.6426374895987755,947.6029194946248,False,settled
b,yellow_ramp,ramp,0.0,1.0,0.0,0.7959621051341034,900.092913689082,False,settled
b,yellow_ramp,ramp,0.0,1.0,0.0,0.5001676299335914,1004.5693944609247,False,settled
b,yellow_ramp,ramp,0.0,1.0,0.0,0.5551689438836612,981.0744096430589,False,settled
b,yellow_ramp,ramp,0.0,1.0,0.0,1.1764653456920213,805.8021306904957,False,settled
b,yellow_ramp,ramp,0.0,1.0,0.0,0.9838327074614804,847.1452886860137,False,settled
b,yellow_ramp,ramp,0.0,1.0,0.0,0.4783100525452834,1010.7705781218438,False,settled
b,yellow_ramp,ramp,0.0,1.0,0.0,1.0246794567422008,842.0745026935156,False,settled
b,yellow_ramp,ramp,0.0,1.0,0.0,0.6632727942246183,947.898939144819,False,settled
b,yellow_ramp,ramp,0.0,1.0,0.0,0.7921058393473319,903.5848962201278,False,settled
b,yellow_ramp,ramp,0.0,1.0,0.0,1.0167555303410203,846.6527113612127,False,settled
b,yellow_ramp,ramp,0.0,1.0,0.0,1.0662350782299161,833.393351424697,False,settled
b,yellow_ramp,ramp,0.0,1.0,0.0,0.9984134290626194,847.8607333939672,False,settled
b,yellow_ramp,ramp,0.0,1.0,0.0,0.48072151997174734,1008.8315734329179,False,settled
b,yellow_ramp,ramp,0.0,1.0,0.0,0.8753184761201553,881.1833073758019,False,settled
b,yellow_ramp,ramp,0.0,1.0,0.0,0.5817735740788689,969.8454885541023,False,settled
b,yellow_ramp,ramp,0.0,1.0,0.0,0.9181989498902167,865.9230912031096,False,settled
b,yellow_ramp,ramp,0.0,1.0,0.0,0.8157204522469528,895.4409913379611,False,settled
b,yellow_ramp,ramp,0.0,1.0,0.0,0.8918701904140787,876.0427299241325,False,settled
b,yellow_ramp,ramp,0.0,1.0,0.0,0.2601641184322843,1096.8210294549474,False,settled
b,yellow_ramp,ramp,0.0,1.0,0.0,0.4400094205289823,1017.907767125312,False,settled
b,yellow_ramp,ramp,0.0,1.0,0.0,1.1073609972174085,822.6255393218876,False,settled
b,yellow_ramp,ramp,0.0,1.0,0.0,0.9055866438449199,873.116258776547,False,settled
b,yellow_ramp,ramp,0.0,1.0,0.0,0.5513630659715871,984.188009858023,False,settled
b,yellow_ramp,ramp,0.0,1.0,0.0,0.22110676197644286,1119.1798701475766,False,settled
b,yellow_ramp,ramp,0.0,1.0,0.0,0.549871160658763,985.4092904815611,False,settled
b,yellow_ramp,ramp,0.0,1.0,0.0,0.3059544823789306,1070.4200682879257,False,settled
b,yellow_ramp,ramp,0.0,1.0,0.0,0.6992451689622585,933.6400021458757,False,settled
b,yellow_ramp,ramp,0.0,1.0,0.0,0.26992574874842024,1088.3096555226878,False,settled
b,yellow_ramp,ramp,0.0,1.0,0.0,0.31058128135417623,1066.8431859398,False,settled
b,yellow_ramp,ramp,0.0,1.0,0.0,0.9216741490695625,867.3271436473925,False,settled
b,yellow_ramp,ramp,0.0,1.0,0.0,0.9030647480419205,870.4980909396559,False,settled
b,yellow_ramp,ramp,0.0,1.0,0.0,0.27585117289718075,1089.2958377575146,False,settled
b,yellow_ramp,ramp,0.0,1.0,0.0,0.5814834027494854,970.0785228242488,False,settled
b,yellow_ramp,ramp,0.0,1.0,0.0,0.49037492729972815,1001.0909466553137,False,settled
b,yellow_ramp,ramp,0.0,1.0,0.0,0.47583512528338207,1012.7757663922519,False,settled
b,yellow_ramp,ramp,0.0,1.0,0.0,0.8119290221709896,898.8910838710485,False,settled
b,yellow_ramp,ramp,0.0,1.0,0.0,0.5795860298082036,971.301719769483,False,settled
b,yellow_ramp,ramp,0.0,1.0,0.0,0.25227393029879147,1099.847477903203,False,settled
b,yellow_ramp,ramp,0.0,1.0,0.0,0.24252484584074357,1105.4509762345547,False,settled
b,yellow_ramp,ramp,0.0,1.0,0.0,0.4264060556079735,1028.579960637484,False,settled
b,yellow_ramp,ramp,0.0,1.0,0.0,1.2244839571236705,790.28945006745,False,settled
b,yellow_ramp,ramp,0.0,1.0,0.0,1.1043452233868105,822.4263472171672,False,settled
b,yellow_ramp,ramp,0.0,1.0,0.0,1.1494836660808214,812.017661294138,False,settled
b,yellow_ramp,ramp,0.0,1.0,0.0,0.3707983075360254,1047.1370472982549,False,settled
b,yellow_ramp,ramp,0.0,1.0,0.0,1.0258168160528431,843.2381792224013,False,settled
b,yellow_ramp,ramp,0.0,1.0,0.0,0.225545592975765,1110.457147139114,False,settled
b,yellow_ramp,ramp,0.0,1.0,0.0,0.7817620832596855,906.0106812022452,False,settled
b,yellow_ramp,ramp,0.0,1.0,0.0,0.3784221641493027,1041.311078059896,False,settled
b,yellow_ramp,ramp,0.0,1.0,0.0,1.0279495477922724,841.9531866686243,False,settled
b,yellow_ramp,ramp,0.0,1.0,0.0,0.6260049709141661,961.291365163961,False,settled
b,yellow_ramp,ramp,0.0,1.0,0.0,0.38821579750258334,1036.1104977429152,False,settled
b,yellow_ramp,ramp,0.0,1.0,0.0,0.6210080313135625,956.4664406102431,False,settled
b,yellow_ramp,ramp,0.0,1.0,0.0,0.5148673183159002,992.8580748703664,False,settled
b,yellow_ramp,ramp,0.0,1.0,0.0,0.992242335271775,846.1567822117678,False,settled
b,yellow_ramp,ramp,0.0,1.0,0.0,0.8429607288079557,890.3246004013231,False,settled
b,yellow_ramp,ramp,0.0,1.0,0.0,0.33338583253980203,1057.5854036085723,False,settled
b,yellow_ramp,ramp,0.0,1.0,0.0,0.3902396174595267,1035.7074493492826,False,settled
b,yellow_ramp,ramp,0.0,1.0,0.0,0.7835871599731429,904.374433600942,False,settled
b,yellow_ramp,ramp,0.0,1.0,0.0,0.49266558768863944,999.3527828762897,False,settled
b,yellow_ramp,ramp,0.0,1.0,0.0,0.41175842228985277,1027.5633495356399,False,settled
b,yellow_ramp,ramp,0.0,1.0,0.0,0.46027449331305487,1019.461585418146,False,settled
b,yellow_ramp,ramp,0.0,1.0,0.0,1.155966786360346,809.9167024185607,False,settled
b,yellow_ramp,ramp,0.0,1.0,0.0,0.5945594952312838,969.1232485104308,False,settled
b,yellow_ramp,ramp,0.0,1.0,0.0,0.5955804104828631,968.3189656351269,False,settled
b,yellow_ramp,ramp,0.0,1.0,0.0,1.1609139619985247,807.7341923452086,False,settled
b,yellow_ramp,ramp,0.0,1.0,0.0,0.5064667757143622,999.4594444250712,False,settled
b,yellow_ramp,ramp,0.0,1.0,0.0,0.8129330510362038,897.9538520057987,False,settled
b,yellow_ramp,ramp,0.0,1.0,0.0,0.8226118438433057,895.5864825771846,False,settled
b,yellow_ramp,ramp,0.0,1.0,0.0,1.0329368463700113,840.681689383413,False,settled
b,yellow_ramp,ramp,0.0,1.0,0.0,0.4406162340374421,1017.4412930813976,False,settled
b,yellow_ramp,ramp,0.0,1.0,0.0,0.26724210150182304,1098.2497877093215,False,settled
b,yellow_ramp,ramp,0.0,1.0,0.0,0.9197754158103328,869.3075745603129,False,settled
b,yellow_ramp,ramp,0.0,1.0,0.0,0.8447987990410711,889.5427540183679,False,settled
b,yellow_ramp,ramp,0.0,1.0,0.0,1.151446985355966,812.1311871323445,False,settled
b,yellow_ramp,ramp,0.0,1.0,0.0,1.1846061707663127,803.5722882455167,False,settled
b,yellow_ramp,ramp,0.0,1.0,0.0,0.38857688226465514,1036.0567820276592,False,settled
b,yellow_ramp,ramp,0.0,1.0,0.0,0.8308490688329196,894.4103087388033,False,settled
b,yellow_ramp,ramp,0.0,1.0,0.0,0.6107646989381623,964.4518436648153,False,settled
b,yellow_ramp,ramp,0.0,1.0,0.0,0.501362933056389,1003.5989461085994,False,settled
b,yellow_ramp,ramp,0.0,1.0,0.0,0.36984771356658175,1047.8804477622703,False,settled
b,yellow_ramp,ramp,0.0,1.0,0.0,0.45880173030398114,1019.7385184284948,False,settled
b,yellow_ramp,ramp,0.0,1.0,0.0,0.8778077173568963,878.7030528496019,False,settled
b,yellow_ramp,ramp,0.0,1.0,0.0,1.0600877382744207,834.0445515016602,False,settled
b,yellow_ramp,ramp,0.0,1.0,0.0,0.9013253283448299,872.0028225905523,False,settled
b,yellow_ramp,ramp,0.0,1.0,0.0,1.154590216071839,810.7527041554032,False,settled
b,yellow_ramp,ramp,0.0,1.0,0.0,0.5847690895950874,967.461411919881,False,settled
b,yellow_ramp,ramp,0.0,1.0,0.0,0.6780962371049599,938.398094346054,False,settled
b,yellow_ramp,ramp,0.0,1.0,0.0,0.7771197721843279,910.2369927966548,False,settled
b,yellow_ramp,ramp,0.0,1.0,0.0,0.5950247621076243,968.7420136343854,False,settled
b,yellow_ramp,ramp,0.0,1.0,0.0,0.9787178372677491,848.5101180251975,False,settled
b,yellow_ramp,ramp,0.0,1.0,0.0,0.36401385179341833,1052.443171464681,False,settled
b,yellow_ramp,ramp,0.0,1.0,0.0,0.4670474783564981,1018.1890334513892,False,settled
b,yellow_ramp,ramp,0.0,1.0,0.0,0.7232769606806538,928.5443035751769,False,settled
b,yellow_ramp,ramp,0.0,1.0,0.0,0.5500311093866215,985.2776806603184,False,settled
b,yellow_ramp,ramp,0.0,1.0,0.0,0.3151878963464223,1077.4415329576611,False,settled
b,yellow_ramp,ramp,0.0,1.0,0.0,0.2757526946647544,1089.234327687002,False,settled
b,yellow_ramp,ramp,0.0,1.0,0.0,1.139415668272467,815.1867793436817,False,settled
b,yellow_ramp,ramp,0.0,1.0,0.0,0.4888633179665862,1002.2966536494908,False,settled
b,yellow_ramp,ramp,0.0,1.0,0.0,1.1590689169126986,810.2804558122738,False,settled
b,yellow_ramp,ramp,0.0,1.0,0.0,0.6988209086734534,934.0092642947213,False,settled
b,yellow_ramp,ramp,0.0,1.0,0.0,0.4331219434282302,1023.2472458861424,False,settled
b,yellow_ramp,ramp,0.0,1.0,0.0,0.8029602267425759,900.4724107599004,False,settled
b,yellow_ramp,ramp,0.0,1.0,0.0,0.6258954999636872,952.3889397180732,False,settled
b,yellow_ramp,ramp,0.0,1.0,0.0,0.3825613595964835,1038.1549413468874,False,settled
b,yellow_ramp,ramp,0.0,1.0,0.0,0.3049620082952197,1071.082657648345,False,settled
b,yellow_ramp,ramp,0.0,1.0,0.0,0.46872301331417765,1006.4117185181782,False,settled
b,yellow_ramp,ramp,0.0,1.0,0.0,0.25839267281647665,1094.343018911545,False,settled
b,yellow_ramp,ramp,0.0,1.0,0.0,0.5316986324863527,985.6494757401834,False,settled
b,yellow_ramp,ramp,0.0,1.0,0.0,0.4911436414410654,1000.4779849205597,False,settled
b,yellow_ramp,ramp,0.0,1.0,0.0,0.6563042985860277,945.1246502232888,False,settled
b,yellow_ramp,ramp,0.0,1.0,0.0,1.0851771461997874,827.6715645569822,False,settled
b,yellow_ramp,ramp,0.0,1.0,0.0,0.427005502530783,1028.1026237962885,False,settled
b,yellow_ramp,ramp,0.0,1.0,0.0,0.9039562292653802,869.5961892963606,False,settled
b,yellow_ramp,ramp,0.0,1.0,0.0,0.3457415779437684,1052.9673504177904,False,settled
b,yellow_ramp,ramp,0.0,1.0,0.0,0.23301800772056058,1102.9884439226646,False,settled
b,yellow_ramp,ramp,0.0,1.0,0.0,0.4019665381034106,1033.9632208913663,False,settled
b,yellow_ramp,ramp,0.0,1.0,0.0,0.3498442096396315,1063.3480600097,False,settled
b,yellow_ramp,ramp,0.0,1.0,0.0,0.789377198455817,906.0947962494682,False,settled
b,yellow_ramp,ramp,0.0,1.0,0.0,0.95167969304685,859.6528360232776,False,settled
b,yellow_ramp,ramp,0.0,1.0,0.0,0.8753602969758993,881.1416391207531,False,settled
b,yellow_ramp,ramp,0.0,1.0,0.0,0.4268222096396071,1028.2485811160163,False,settled
b,yellow_ramp,ramp,0.0,1.0,0.0,0.7803886553142126,907.255801280065,False,settled
b,yellow_ramp,ramp,0.0,1.0,0.0,0.5589648622578168,977.971927738985,False,settled
b,yellow_ramp,ramp,0.0,1.0,0.0,1.1241720731079783,817.975636281671,False,settled
b,yellow_ramp,ramp,0.0,1.0,0.0,1.1837963247448773,803.752810204702,False,settled
b,yellow_ramp,ramp,0.0,1.0,0.0,0.7030711950459477,930.3329920333103,False,settled
b,yellow_ramp,ramp,0.0,1.0,0.0,0.8992097008224899,874.1667162795989,False,settled
b,yellow_ramp,ramp,0.0,1.0,0.0,1.0947521595162004,825.7689243428424,False,settled
b,yellow_ramp,ramp,0.0,1.0,0.0,0.25502126285556764,1090.2244993817055,False,settled
b,yellow_ramp,ramp,0.0,1.0,0.0,0.22401129262215622,1114.0185308687699,False,settled
b,yellow_ramp,ramp,0.0,1.0,0.0,0.35194464610032816,1061.676316602574,False,settled
b,yellow_ramp,ramp,0.0,1.0,0.0,0.8824728234775352,879.8268358794817,False,settled
b,yellow_ramp,ramp,0.0,1.0,0.0,1.1295790790395133,817.2018100928871,False,settled
b,yellow_ramp,ramp,0.0,1.0,0.0,0.8188221386922507,899.0680977655059,False,settled
b,yellow_ramp,ramp,0.0,1.0,0.0,0.3595775837506961,1055.9040342092826,False,settled
b,yellow_ramp,ramp,0.0,1.0,0.0,0.5831720146370921,968.8139193117119,False,settled
b,yellow_ramp,ramp,0.0,1.0,0.0,0.3914409785346025,1035.529445883624,False,settled
b,yellow_ramp,ramp,0.0,1.0,0.0,0.6448915034878105,954.4813733300731,False,settled
b,yellow_ramp,ramp,0.0,1.0,0.0,0.4655119142505258,1018.4775478667405,False,settled
b,yellow_ramp,ramp,0.0,1.0,0.0,0.634663116528968,954.2508106672103,False,settled
b,yellow_ramp,ramp,0.0,1.0,0.0,0.8334711349008935,891.9428560397125,False,settled
b,yellow_ramp,ramp,0.0,1.0,0.0,0.37973497813678814,1040.2191270386152,False,settled
b,yellow_ramp,ramp,0.0,1.0,0.0,0.9651475784616806,854.5027604925543,False,settled
b,yellow_ramp,ramp,0.0,1.0,0.0,0.5451473242108172,989.30515273335,False,settled
b,yellow_ramp,ramp,0.0,1.0,0.0,1.0662191346224579,833.4175562524892,False,settled
b,yellow_ramp,ramp,0.0,1.0,0.0,0.9302894420573139,863.7477313175128,False,settled
b,yellow_ramp,ramp,0.0,1.0,0.0,1.0760807066120326,830.3550851841492,False,settled
b,yellow_ramp,ramp,0.0,1.0,0.0,0.5151282013285549,992.652934082796,False,settled
b,yellow_ramp,ramp,0.0,1.0,0.0,0.6650772670628348,946.382015860858,False,settled
b,yellow_ramp,ramp,0.0,1.0,0.0,1.142773053314821,814.3973372115069,False,settled
b,yellow_ramp,ramp,0.0,1.0,0.0,1.0805656577668306,830.3962383618931,False,settled
b,yellow_ramp,ramp,0.0,1.0,0.0,0.2709175980985834,1089.272606666353,False,settled
b,yellow_ramp,ramp,0.0,1.0,0.0,0.4841480863588447,1006.0765615535768,False,settled
b,yellow_ramp,ramp,0.0,1.0,0.0,0.8038971909953598,899.6038651679263,False,settled
b,yellow_ramp,ramp,0.0,1.0,0.0,0.9788985794457288,852.466699865519,False,settled
b,yellow_ramp,ramp,0.0,1.0,0.0,0.3474473532598328,1051.7573038135313,False,settled
b,yellow_ramp,ramp,0.0,1.0,0.0,0.31187381088206534,1065.9141438059678,False,settled
b,yellow_ramp,ramp,0.0,1.0,0.0,0.2333252728749535,1104.6222069588225,False,settled
b,yellow_ramp,ramp,0.0,1.0,0.0,0.3337199568027692,1057.5459293462552,False,settled
b,yellow_ramp,ramp,0.0,1.0,0.0,0.36130585874466725,1054.561445265684,False,settled
b,yellow_ramp,ramp,0.0,1.0,0.0,0.9204751163918953,868.5787817706587,False,settled
b,yellow_ramp,ramp,0.0,1.0,0.0,0.7820888023900173,905.7144753830738,False,settled
b,yellow_ramp,ramp,0.0,1.0,0.0,0.33576728918847987,1057.207632057609,False,settled
b,yellow_ramp,ramp,0.0,1.0,0.0,0.5272334559141248,986.585352572052,False,settled
b,yellow_ramp,ramp,0.0,1.0,0.0,0.6277042883633653,959.8558536842618,False,settled
b,yellow_ramp,ramp,0.0,1.0,0.0,0.5265191075435894,986.7345101094926,False,settled
b,yellow_ramp,ramp,0.0,1.0,0.0,0.9144120971898997,869.539182899525,False,settled
b,yellow_ramp,ramp,0.0,1.0,0.0,0.4763788330908245,1012.3351485400186,False,settled
b,yellow_ramp,ramp,0.0,1.0,0.0,0.36183914395127176,1054.1438760484593,False,settled
b,yellow_ramp,ramp,0.0,1.0,0.0,0.5991683906163511,967.4007817928297,False,settled
b,yellow_ramp,ramp,0.0,1.0,0.0,0.5552017869158017,981.0475477292767,False,settled
b,yellow_ramp,ramp,0.0,1.0,0.0,0.7395039782385736,922.3345610359324,False,settled
b,yellow_ramp,ramp,0.0,1.0,0.0,0.44192180891387145,1016.4424382650649,False,settled
b,yellow_ramp,ramp,0.0,1.0,0.0,1.2111262918213435,796.6015888724392,False,settled
b,yellow_ramp,ramp,0.0,1.0,0.0,1.1047031813176305,822.5694758278592,False,settled
b,yellow_ramp,ramp,0.0,1.0,0.0,0.3601359293540076,1055.473069272946,False,settled
b,yellow_ramp,ramp,0.0,1.0,0.0,0.728323444347484,924.3384278073904,False,settled
b,yellow_ramp,ramp,0.0,1.0,0.0,0.6810996289286725,937.5167042684561,False,settled
b,yellow_ramp,ramp,0.0,1.0,0.0,0.34586061215562075,1052.875166394531,False,settled
b,yellow_ramp,ramp,0.0,1.0,0.0,1.0762405396219608,830.1037642453565,False,settled
b,yellow_ramp,ramp,0.0,1.0,0.0,0.4771825799302543,1011.683792900966,False,settled
b,yellow_ramp,ramp,0.0,1.0,0.0,0.2748416397083937,1088.9190043510616,False,settled
b,yellow_ramp,ramp,0.0,1.0,0.0,0.9968735189018444,845.0364960963967,False,settled
b,yellow_ramp,ramp,0.0,1.0,0.0,1.1202144994895014,819.49312957123,False,settled
b,yellow_ramp,ramp,0.0,1.0,0.0,0.46648999599128405,1018.2937780059905,False,settled
b,yellow_ramp,ramp,0.0,1.0,0.0,0.7416048473202692,920.5088192342268,False,settled
b,yellow_ramp,ramp,0.0,1.0,0.0,0.6302703356770022,957.6885715529617,False,settled
b,yellow_ramp,ramp,0.0,1.0,0.0,0.46149213170694176,1019.2328100208556,False,settled
b,yellow_ramp,ramp,0.0,1.0,0.0,1.1276809113130148,818.0257108235924,False,settled
b,yellow_ramp,ramp,0.0,1.0,0.0,0.6999408389148151,933.0350979809552,False,settled
b,yellow_ramp,ramp,0.0,1.0,0.0,0.9325472575094728,861.694400247301,False,settled
b,yellow_ramp,ramp,0.0,1.0,0.0,0.2666832367257494,1098.1039873468312,False,settled
b,yellow_ramp,ramp,0.0,1.0,0.0,0.4438217151906207,1015.0252900351666,False,settled
b,yellow_ramp,ramp,0.0,1.0,0.0,0.48087857770174663,1008.7052649582902,False,settled
b,yellow_ramp,ramp,0.0,1.0,0.0,0.8223491830114932,895.8279334105438,False,settled
b,yellow_ramp,ramp,0.0,1.0,0.0,0.9972207574937252,844.6263297887265,False,settled
b,yellow_ramp,ramp,0.0,1.0,0.0,1.0584977751178049,831.6750617710951,False,settled
b,yellow_ramp,ramp,0.0,1.0,0.0,0.3202785098600266,1073.8466478397634,False,settled
b,yellow_ramp,ramp,0.0,1.0,0.0,0.7274408287495763,925.1137482094058,False,settled
b,yellow_ramp,ramp,0.0,1.0,0.0,0.9046867635741538,868.9571257249811,False,settled
b,yellow_ramp,ramp,0.0,1.0,0.0,0.48606722236285743,1004.533841564668,False,settled
b,yellow_ramp,ramp,0.0,1.0,0.0,0.7346024885047425,918.856003548424,False,settled
b,yellow_ramp,ramp,0.0,1.0,0.0,0.8027449487726982,900.671967700144,False,settled
b,yellow_ramp,ramp,0.0,1.0,0.0,0.49416651033963294,998.3552770107965,False,settled
b,yellow_ramp,ramp,0.0,1.0,0.0,1.2234681151369429,790.6956779926758,False,settled
b,yellow_ramp,ramp,0.0,1.0,0.0,0.6273664239980162,960.14120116209,False,settled
b,yellow_ramp,ramp,0.0,1.0,0.0,0.9989961969945031,846.7303912781796,False,settled
b,yellow_ramp,ramp,0.0,1.0,0.0,0.7420359233941045,920.1342282552811,False,settled
b,yellow_ramp,ramp,0.0,1.0,0.0,0.6212930732177837,956.2293012595061,False,settled
b,yellow_ramp,ramp,0.0,1.0,0.0,0.3641175491918149,1052.3620493835713,False,settled
b,yellow_ramp,ramp,0.0,1.0,0.0,0.5083836645570463,997.9773929959059,False,settled
b,yellow_ramp,ramp,0.0,1.0,0.0,0.32108360026908445,1073.3154556462302,False,settled
b,yellow_ramp,ramp,0.0,1.0,0.0,0.9234091845754255,865.7710893292083,False,settled
b,yellow_ramp,ramp,0.0,1.0,0.0,1.1617325087361527,807.6345202657785,False,settled
b,yellow_ramp,ramp,0.0,1.0,0.0,0.2739734318680975,1088.3089606318817,False,settled
b,yellow_ramp,ramp,0.0,1.0,0.0,0.4807301095914992,1008.8246660581759,False,settled
b,yellow_ramp,ramp,0.0,1.0,0.0,0.23906687896678336,1106.7211353075309,False,settled
b,yellow_ramp,ramp,0.0,1.0,0.0,0.9555688392785688,855.6369535948205,False,settled
b,yellow_ramp,ramp,0.0,1.0,0.0,0.4215224195452598,1032.4691930821923,False,settled
b,yellow_ramp,ramp,0.0,1.0,0.0,0.4321306562622131,1024.0308031637599,False,settled
b,yellow_ramp,ramp,0.0,1.0,0.0,0.5052888056231334,1000.4116031686207,False,settled
b,yellow_ramp,ramp,0.0,1.0,0.0,0.5444389149080001,979.6509219222881,False,settled
b,yellow_ramp,ramp,0.0,1.0,0.0,0.46916801804008956,1006.3276161193861,False,settled
b,yellow_ramp,ramp,0.0,1.0,0.0,1.1083649732429148,821.573280872921,False,settled
b,yellow_ramp,ramp,0.0,1.0,0.0,1.060869411168765,831.9456022044956,False,settled
b,yellow_ramp,ramp,0.0,1.0,0.0,0.34761454220007576,1051.553266096246,False,settled
b,yellow_ramp,ramp,0.0,1.0,0.0,0.25025048100235814,1096.021469996505,False,settled
b,yellow_ramp,ramp,0.0,1.0,0.0,0.22298865544186064,1116.621500426773,False,settled
b,yellow_ramp,ramp,0.0,1.0,0.0,0.5208764598044872,988.5152354330544,False,settled
b,yellow_ramp,ramp,0.0,1.0,0.0,0.34004504324875146,1056.7811228604883,False,settled
b,yellow_ramp,ramp,0.0,1.0,0.0,0.6720943836309555,940.7262509439937,False,settled
b,yellow_ramp,ramp,0.0,1.0,0.0,0.5569737267380276,979.5982880188168,False,settled
b,yellow_ramp,ramp,0.0,1.0,0.0,0.4943366581064889,998.2195176900445,False,settled
b,yellow_ramp,ramp,0.0,1.0,0.0,1.001431790030534,843.9067860496762,False,settled
b,yellow_ramp,ramp,0.0,1.0,0.0,0.6559619970894014,945.4127750363791,False,settled
b,yellow_ramp,ramp,0.0,1.0,0.0,0.2815781751334645,1087.933426366977,False,settled
b,yellow_ramp,ramp,0.0,1.0,0.0,0.9521624281510473,859.1191979079158,False,settled
b,yellow_ramp,ramp,0.0,1.0,0.0,0.5301745817407424,985.9677665798395,False,settled
b,yellow_ramp,ramp,0.0,1.0,0.0,0.8773736552343652,879.1355179502463,False,settled
b,yellow_ramp,ramp,0.0,1.0,0.0,0.5552361436538016,981.0194477654478,False,settled
b,yellow_ramp,ramp,0.0,1.0,0.0,0.3330211794358174,1057.6350839483573,False,settled
b,yellow_ramp,ramp,0.0,1.0,0.0,0.4238011747061283,1030.6545808454648,False,settled
b,yellow_ramp,ramp,0.0,1.0,0.0,1.0264373293250482,842.4183816602763,False,settled
b,yellow_ramp,ramp,0.0,1.0,0.0,0.5057974095314042,999.9987308555417,False,settled
b,yellow_ramp,ramp,0.0,1.0,0.0,0.2348052268941835,1099.0416632302756,False,settled
b,yellow_ramp,ramp,0.0,1.0,0.0,0.995107521358405,847.0362637433768,False,settled
b,yellow_ramp,ramp,0.0,1.0,0.0,1.0025983409179693,848.590400399292,False,settled
b,yellow_ramp,ramp,0.0,1.0,0.0,0.2980963577586245,1075.7580153656909,False,settled
b,yellow_ramp,ramp,0.0,1.0,0.0,0.9268989857654606,867.0679678243151,False,settled
b,yellow_ramp,ramp,0.0,1.0,0.0,0.2929136776327145,1078.182620353939,False,settled
b,yellow_ramp,ramp,0.0,1.0,0.0,0.48886615904204983,1002.2943877675805,False,settled
b,yellow_ramp,ramp,0.0,1.0,0.0,0.7660962847110164,912.4715531587733,False,settled
b,yellow_ramp,ramp,0.0,1.0,0.0,1.1972254930759658,800.1931800624814,False,settled
b,yellow_ramp,ramp,0.0,1.0,0.0,0.995761157747691,846.2614641521606,False,settled
b,yellow_ramp,ramp,0.0,1.0,0.0,1.196934301164271,800.7764826397515,False,settled
b,yellow_ramp,ramp,0.0,1.0,0.0,0.5545723638511971,981.5623437517465,False,settled
b,yellow_ramp,ramp,0.0,1.0,0.0,0.5810704952373834,970.410102111326,False,settled
b,yellow_ramp,ramp,0.0,1.0,0.0,0.5357833582940533,984.8744715500949,False,settled
b,yellow_ramp,ramp,0.0,1.0,0.0,0.934099196496652,860.8870550816754,False,settled
b,yellow_ramp,ramp,0.0,1.0,0.0,0.7496805620980391,913.6080066860542,False,settled
b,yellow_ramp,ramp,0.0,1.0,0.0,0.7410279539357375,921.0083422621046,False,settled
b,yellow_ramp,ramp,0.0,1.0,0.0,0.6722593339184858,940.5878291989684,False,settled
b,yellow_ramp,ramp,0.0,1.0,0.0,0.9005607487771038,872.7847717160867,False,settled
b,yellow_ramp,ramp,0.0,1.0,0.0,0.2626795429411444,1098.0176266551675,False,settled
b,yellow_ramp,ramp,0.0,1.0,0.0,0.3215205751895585,1072.9772514103151,False,settled
b,yellow_ramp,ramp,0.0,1.0,0.0,0.3358110679963265,1057.202470884446,False,settled
b,yellow_ramp,ramp,0.0,1.0,0.0,1.0039830590862486,845.0715981958327,False,settled
b,yellow_ramp,ramp,0.0,1.0,0.0,0.4526022442119801,1020.9035989019666,False,settled
b,yellow_ramp,ramp,0.0,1.0,0.0,0.28243008110680845,1082.7668150343288,False,settled
b,yellow_ramp,ramp,0.0,1.0,0.0,0.21942297822801865,1119.0155497062499,False,settled
b,yellow_ramp,ramp,0.0,1.0,0.0,0.9508328256850879,856.0852878064942,False,settled
b,yellow_ramp,ramp,0.0,1.0,0.0,0.5278743307948595,986.4515397668487,False,settled
b,yellow_ramp,ramp,0.0,1.0,0.0,0.3325985627572529,1057.684740223595,False,settled
b,yellow_ramp,ramp,0.0,1.0,0.0,0.5871018287604401,965.709432511419,False,settled
b,yellow_ramp,ramp,0.0,1.0,0.0,0.8147291893697939,896.2775882776325,False,settled
b,yellow_ramp,ramp,0.0,1.0,0.0,0.4441028833111034,1026.697590286103,False,settled
b,yellow_ramp,ramp,0.0,1.0,0.0,0.7102122689685217,932.0185088606838,False,settled
b,yellow_ramp,ramp,0.0,1.0,0.0,1.2205717249466639,791.954678803425,False,settled
b,yellow_ramp,ramp,0.0,1.0,0.0,0.4321433569709389,1024.0207646473916,False,settled
b,yellow_ramp,ramp,0.0,1.0,0.0,0.3859809566251701,1049.2623205834059,False,settled
b,yellow_ramp,ramp,0.0,1.0,0.0,0.24818970589689476,1107.4428131356624,False,settled
b,yellow_ramp,ramp,0.0,1.0,0.0,0.4824010830558116,1007.4811298805857,False,settled
b,yellow_ramp,ramp,0.0,1.0,0.0,1.0180019237155056,845.0435360254246,False,settled
b,yellow_ramp,ramp,0.0,1.0,0.0,0.8707136183061384,879.8627918147268,False,settled
b,yellow_ramp,ramp,0.0,1.0,0.0,0.785024060793236,903.088920507825,False,settled
b,yellow_ramp,ramp,0.0,1.0,0.0,0.4365196807568048,1020.5615385492699,False,settled
b,yellow_ramp,ramp,0.0,1.0,0.0,0.41663455120773857,1036.3894717410533,False,settled
b,yellow_ramp,ramp,0.0,1.0,0.0,0.6843493945443592,936.5635542591094,False,settled
b,yellow_ramp,ramp,0.0,1.0,0.0,0.9074187001489922,871.2333335644037,False,settled
b,yellow_ramp,ramp,0.0,1.0,0.0,0.8141720765054989,896.7975275566116,False,settled
b,yellow_ramp,ramp,0.0,1.0,0.0,1.0749779685617002,830.907499451811,False,settled
b,yellow_ramp,ramp,0.0,1.0,0.0,1.058295104179979,831.9672555442525,False,settled
b,yellow_ramp,ramp,0.0,1.0,0.0,0.6602463308300618,941.940899181825,False,settled
b,yellow_ramp,ramp,0.0,1.0,0.0,0.8095872879836683,901.0770487917335,False,settled
b,yellow_ramp,ramp,0.0,1.0,0.0,0.45364651287403823,1020.7068417163783,False,settled
b,yellow_ramp,ramp,0.0,1.0,0.0,0.5206918804756316,988.6604001027517,False,settled
b,yellow_ramp,ramp,0.0,1.0,0.0,0.24445959213031312,1096.7636981389876,False,settled
b,yellow_ramp,ramp,0.0,1.0,0.0,0.6234435710592257,954.3661663213499,False,settled
b,yellow_ramp,ramp,0.0,1.0,0.0,0.30453452473636283,1071.3987681326664,False,settled
b,yellow_ramp,ramp,0.0,1.0,0.0,0.5284225724870121,986.3370923447907,False,settled
b,yellow_ramp,ramp,0.0,1.0,0.0,0.6006595174690811,967.0193284323151,False,settled
b,yellow_ramp,ramp,0.0,1.0,0.0,0.7623428772496352,913.7850087987763,False,settled
b,yellow_ramp,ramp,0.0,1.0,0.0,0.9968841073842605,845.0239837140892,False,settled
b,yellow_ramp,ramp,0.0,1.0,0.0,0.9640926884683739,855.6868596971141,False,settled
b,yellow_ramp,ramp,0.0,1.0,0.0,0.868786593143546,881.7552800310198,False,settled
b,yellow_ramp,ramp,0.0,1.0,0.0,0.785579613381245,909.5914627579612,False,settled
b,yellow_ramp,ramp,0.0,1.0,0.0,0.7425597923932634,919.6789918380251,False,settled
b,yellow_ramp,ramp,0.0,1.0,0.0,0.5748291883511211,975.2017858728819,False,settled
b,yellow_ramp,ramp,0.0,1.0,0.0,0.23591622266826726,1104.097327143302,False,settled
b,yellow_ramp,ramp,0.0,1.0,0.0,1.0548542389153839,835.3821693203558,False,settled
b,yellow_ramp,ramp,0.0,1.0,0.0,0.25486229816936495,1089.9910801502654,False,settled
b,yellow_ramp,ramp,0.0,1.0,0.0,0.8825411728942353,879.7577364851275,False,settled
b,yellow_ramp,ramp,0.0,1.0,0.0,0.4377326394933387,1019.6525263384164,False,settled
b,yellow_ramp,ramp,0.0,1.0,0.0,0.431020734049259,1024.9080318294637,False,settled
b,yellow_ramp,ramp,0.0,1.0,0.0,0.7669307537174579,912.1805777119774,False,settled
b,yellow_ramp,ramp,0.0,1.0,0.0,0.604835463480163,965.9510556643991,False,settled
b,yellow_ramp,ramp,0.0,1.0,0.0,0.6429504638978787,947.4347525501785,False,settled
b,yellow_ramp,ramp,0.0,1.0,0.0,0.25183874820541347,1100.2489615480704,False,settled
b,yellow_ramp,ramp,0.0,1.0,0.0,0.3738867709284888,1044.7394979762887,False,settled
b,yellow_ramp,ramp,0.0,1.0,0.0,1.0566040830810817,835.361280744733,False,settled
b,yellow_ramp,ramp,0.0,1.0,0.0,0.8160091793091346,895.1728711421782,False,settled
b,yellow_ramp,ramp,0.0,1.0,0.0,0.6674308611261593,944.4035129619639,False,settled
b,yellow_ramp,ramp,0.0,1.0,0.0,0.9051096071820633,873.6104691105777,False,settled
b,yellow_ramp,ramp,0.0,1.0,0.0,0.6355081781737998,953.5419930465715,False,settled
b,yellow_ramp,ramp,0.0,1.0,0.0,0.46851278258353835,1006.4478095659061,False,settled
b,yellow_ramp,ramp,0.0,1.0,0.0,0.2349717425891639,1100.678566356722,False,settled
b,yellow_ramp,ramp,0.0,1.0,0.0,0.7369281067585288,924.3157697236368,False,settled
b,yellow_ramp,ramp,0.0,1.0,0.0,1.031263426217602,841.9318904735334,False,settled
b,yellow_ramp,ramp,0.0,1.0,0.0,1.0885410798691861,827.9310167227379,False,settled
b,yellow_ramp,ramp,0.0,1.0,0.0,0.948709215579187,858.3584293806642,False,settled
b,yellow_ramp,ramp,0.0,1.0,0.0,1.0472588328020742,837.218947415403,False,settled
b,yellow_ramp,ramp,0.0,1.0,0.0,0.8132959917949999,897.6151402010813,False,settled
b,yellow_ramp,ramp,0.0,1.0,0.0,0.8694672532627262,881.0869027697928,False,settled
b,yellow_ramp,ramp,0.0,1.0,0.0,0.22416022047384143,1115.317570584418,False,settled
b,yellow_ramp,ramp,0.0,1.0,0.0,0.2752307725944631,1089.16555519361,False,settled
b,yellow_ramp,ramp,0.0,1.0,0.0,0.5300552981245151,985.9926694688098,False,settled
b,yellow_ramp,ramp,0.0,1.0,0.0,0.40862402184413,1030.0887029820717,False,settled
b,yellow_ramp,ramp,0.0,1.0,0.0,0.40237939021787894,1033.9031781780957,False,settled
b,yellow_ramp,ramp,0.0,1.0,0.0,0.7898240916425711,905.6833996251912,False,settled
b,yellow_ramp,ramp,0.0,1.0,0.0,0.4675851910564531,1006.6187311791625,False,settled
b,yellow_ramp,ramp,0.0,1.0,0.0,0.9842770642665126,850.9751650431905,False,settled
b,yellow_ramp,ramp,0.0,1.0,0.0,0.7222458746992393,921.8514585953184,False,settled
b,yellow_ramp,ramp,0.0,1.0,0.0,0.3937434853408151,1035.184229776876,False,settled
b,yellow_ramp,ramp,0.0,1.0,0.0,1.16375237050007,807.6615540647011,False,settled
b,yellow_ramp,ramp,0.0,1.0,0.0,1.1482836480157461,813.1899238816499,False,settled
b,yellow_ramp,ramp,0.0,1.0,0.0,0.7156549007703606,927.5080356237844,False,settled
b,yellow_ramp,ramp,0.0,1.0,0.0,0.2311705487607253,1103.5414977118699,False,settled
b,yellow_ramp,ramp,0.0,1.0,0.0,0.7661883803828147,912.4393255001196,False,settled
b,yellow_ramp,ramp,0.0,1.0,0.0,0.22065121015659309,1105.4649789806394,False,settled
b,yellow_ramp,ramp,0.0,1.0,0.0,0.5846941732775504,967.5203748446622,False,settled
b,yellow_ramp,ramp,0.0,1.0,0.0,0.39987548999805356,1034.267309769876,False,settled
b,yellow_ramp,ramp,0.0,1.0,0.0,0.33447382882523374,1057.3601834586789,False,settled
b,yellow_ramp,ramp,0.0,1.0,0.0,0.5790322942941449,971.7541154413215,False,settled
b,yellow_ramp,ramp,0.0,1.0,0.0,0.6822945688341927,937.1660313232888,False,settled
b,yellow_ramp,ramp,0.0,1.0,0.0,0.5575363485497055,979.1381179356457,False,settled
b,yellow_ramp,ramp,0.0,1.0,0.0,0.661175844996838,941.3005284394435,False,settled
b,yellow_ramp,ramp,0.0,1.0,0.0,0.5810538704335622,970.4234523044897,False,settled
b,yellow_ramp,ramp,0.0,1.0,0.0,1.1855528207669266,803.338830086488,False,settled
b,yellow_ramp,ramp,0.0,1.0,0.0,0.4110795173623014,1028.0933996098947,False,settled
b,yellow_ramp,ramp,0.0,1.0,0.0,0.9506980965009818,856.2246983823168,False,settled
b,yellow_ramp,ramp,0.0,1.0,0.0,0.3171485132985242,1075.8962123166277,False,settled
b,yellow_ramp,ramp,0.0,1.0,0.0,0.7924889029357476,903.2352239082064,False,settled
b,yellow_ramp,ramp,0.0,1.0,0.0,1.1278548468184364,817.6713284358538,False,settled
b,yellow_ramp,ramp,0.0,1.0,0.0,0.9552421539123843,856.0705103426462,False,settled
b,yellow_ramp,ramp,0.0,1.0,0.0,0.5506870041622501,984.7410969527368,False,settled
b,yellow_ramp,ramp,0.0,1.0,0.0,0.4382355432869608,1019.3529609618793,False,settled
b,yellow_ramp,ramp,0.0,1.0,0.0,0.3821572384447208,1038.4581001162792,False,settled
b,yellow_ramp,ramp,0.0,1.0,0.0,0.43629503357677535,1020.7390878836162,False,settled
b,yellow_ramp,ramp,0.0,1.0,0.0,0.49261200255377774,999.3955143135526,False,settled
b,yellow_ramp,ramp,0.0,1.0,0.0,0.5577295725238768,978.9800789259217,False,settled
b,yellow_ramp,ramp,0.0,1.0,0.0,1.0779355239751067,831.0221367290588,False,settled
b,yellow_ramp,ramp,0.0,1.0,0.0,0.6618038409397017,949.1968569198954,False,settled
b,yellow_ramp,ramp,0.0,1.0,0.0,0.9761615169213965,851.3013252511581,False,settled
b,yellow_ramp,ramp,0.0,1.0,0.0,1.0767458205971185,829.3957692088524,False,settled
b,yellow_ramp,ramp,0.0,1.0,0.0,0.6922588948510628,931.4932047660186,False,settled
b,yellow_ramp,ramp,0.0,1.0,0.0,1.190062274932075,802.2252395355594,False,settled
b,yellow_ramp,ramp,0.0,1.0,0.0,0.5451018967952194,989.3426181328964,False,settled
b,yellow_ramp,ramp,0.0,1.0,0.0,0.7830035221691177,904.9746745761144,False,settled
b,yellow_ramp,ramp,0.0,1.0,0.0,0.7253964424364825,926.921027347396,False,settled
b,yellow_ramp,ramp,0.0,1.0,0.0,0.26857439879723666,1086.9777034303174,False,settled
b,yellow_ramp,ramp,0.0,1.0,0.0,0.28458150288556755,1081.2666513278746,False,settled
b,yellow_ramp,ramp,0.0,1.0,0.0,0.35676315078654913,1058.1199312851613,False,settled
b,yellow_ramp,ramp,0.0,1.0,0.0,0.3326418235918062,1057.679619980185,False,settled
b,yellow_ramp,ramp,0.0,1.0,0.0,0.8667323032891789,883.7876351042111,False,settled
b,yellow_ramp,ramp,0.0,1.0,0.0,1.0441033013117929,837.7358411071713,False,settled
b,yellow_ramp,ramp,0.0,1.0,0.0,0.594013398115669,969.570689196024,False,settled
b,yellow_ramp,ramp,0.0,1.0,0.0,1.0171918374441935,846.0874229193321,False,settled
b,yellow_ramp,ramp,0.0,1.0,0.0,0.45745294563185407,1019.9919792036179,False,settled
b,yellow_ramp,ramp,0.0,1.0,0.0,0.43880786882707373,1018.9095499759718,False,settled
b,yellow_ramp,ramp,0.0,1.0,0.0,0.7011893844592765,931.9574087908418,False,settled
b,yellow_ramp,ramp,0.0,1.0,0.0,0.5793777059544851,971.4713383493608,False,settled
b,yellow_ramp,ramp,0.0,1.0,0.0,0.7899527631264518,905.5649476318879,False,settled
b,yellow_ramp,ramp,0.0,1.0,0.0,0.27375703687124014,1087.9638605180241,False,settled
b,yellow_ramp,ramp,0.0,1.0,0.0,1.1514466732609354,812.1319252614047,False,settled
b,yellow_ramp,ramp,0.0,1.0,0.0,0.9989484648689119,846.7875028578873,False,settled
b,yellow_ramp,ramp,0.0,1.0,0.0,0.9671302754288191,852.2947482552572,False,settled
b,yellow_ramp,ramp,0.0,1.0,0.0,1.0557352936084885,835.2580791849191,False,settled
b,yellow_ramp,ramp,0.0,1.0,0.0,0.9698832388133977,853.8408509493613,False,settled
b,yellow_ramp,ramp,0.0,1.0,0.0,0.4559348114989343,1020.2772622839145,False,settled
b,yellow_ramp,ramp,0.0,1.0,0.0,0.575787363361299,974.4112718772672,False,settled
b,yellow_ramp,ramp,0.0,1.0,0.0,0.6652618051080214,946.2268759261117,False,settled
b,yellow_ramp,ramp,0.0,1.0,0.0,1.014386055145712,845.4195313120157,False,settled
b,yellow_ramp,ramp,0.0,1.0,0.0,0.8304414849568652,894.7949998235931,False,settled
b,yellow_ramp,ramp,0.0,1.0,0.0,0.9756684245022373,851.8651606883791,False,settled
b,yellow_ramp,ramp,0.0,1.0,0.0,0.9790083014401095,852.3399117487747,False,settled
b,yellow_ramp,ramp,0.0,1.0,0.0,0.7092631413151702,932.8502441406339,False,settled
b,yellow_ramp,ramp,0.0,1.0,0.0,0.9768900530092374,850.5590649643661,False,settled
b,yellow_ramp,ramp,0.0,1.0,0.0,1.0914377555419967,826.5586129459538,False,settled
b,yellow_ramp,ramp,0.0,1.0,0.0,0.6454467403213198,954.0084736153519,False,settled
b,yellow_ramp,ramp,0.0,1.0,0.0,0.8686123242817732,881.9264018797402,False,settled
b,yellow_ramp,ramp,0.0,1.0,0.0,0.5456846254580331,988.8620225138757,False,settled
b,yellow_ramp,ramp,0.0,1.0,0.0,1.007261559245745,847.279612604228,False,settled
b,yellow_ramp,ramp,0.0,1.0,0.0,0.707683538729171,926.4177999392305,False,settled
b,yellow_ramp,ramp,0.0,1.0,0.0,0.7332304318489243,920.1270122565169,False,settled
b,yellow_ramp,ramp,0.0,1.0,0.0,0.8239470739983665,894.3595524802031,False,settled
b,yellow_ramp,ramp,0.0,1.0,0.0,0.6932984685516573,938.5607713233284,False,settled
b,yellow_ramp,ramp,0.0,1.0,0.0,0.7569692782810659,915.6661591333109,False,settled
b,yellow_ramp,ramp,0.0,1.0,0.0,0.5881933934350585,974.3430915665589,False,settled
b,yellow_ramp,ramp,0.0,1.0,0.0,0.8203729999987898,897.6032121854681,False,settled
b,yellow_ramp,ramp,0.0,1.0,0.0,1.0980604600025419,825.5199692619856,False,settled
b,yellow_ramp,ramp,0.0,1.0,0.0,0.9335702554338009,861.1589280365376,False,settled
b,yellow_ramp,ramp,0.0,1.0,0.0,0.26915299297741274,1087.5513507963838,False,settled
b,yellow_ramp,ramp,0.0,1.0,0.0,0.21993470248426403,1105.0592996765454,False,settled
b,yellow_ramp,ramp,0.0,1.0,0.0,1.1800772800597916,804.74011745516,False,settled
b,yellow_ramp,ramp,0.0,1.0,0.0,0.29984902950885395,1074.6845955432605,False,settled
b,yellow_ramp,ramp,0.0,1.0,0.0,0.8608751914267128,883.5396690815901,False,settled
b,yellow_ramp,ramp,0.0,1.0,0.0,0.856990543693887,887.3382402319386,False,settled
b,yellow_ramp,ramp,0.0,1.0,0.0,0.4593754394302293,1019.6307078381292,False,settled
b,yellow_ramp,ramp,0.0,1.0,0.0,0.5230592914830031,987.5701109804425,False,settled
b,yellow_ramp,ramp,0.0,1.0,0.0,0.7368810640487048,924.356059323866,False,settled
b,yellow_ramp,ramp,0.0,1.0,0.0,0.30113733005636995,1073.8047199498385,False,settled
b,yellow_ramp,ramp,0.0,1.0,0.0,0.9855620251315302,849.4737271511472,False,settled
b,yellow_ramp,ramp,0.0,1.0,0.0,0.8654433221400932,885.0641157934074,False,settled
b,yellow_ramp,ramp,0.0,1.0,0.0,0.4809182333765119,1008.6733637243947,False,settled
b,yellow_ramp,ramp,0.0,1.0,0.0,0.44898554154387305,1023.0705088972056,False,settled
b,yellow_ramp,ramp,0.0,1.0,0.0,0.28197682262912177,1088.1041454402316,False,settled
b,yellow_ramp,ramp,0.0,1.0,0.0,0.3345529008849431,1057.3508526739665,False,settled
b,yellow_ramp,ramp,0.0,1.0,0.0,0.39337542283161375,1035.238732165596,False,settled
b,yellow_ramp,ramp,0.0,1.0,0.0,0.621714559543033,955.8789463038955,False,settled
b,yellow_ramp,ramp,0.0,1.0,0.0,0.29996950803155287,1074.6100609156288,False,settled
b,yellow_ramp,ramp,0.0,1.0,0.0,0.4299995339450467,1025.7182088648933,False,settled
b,yellow_ramp,ramp,0.0,1.0,0.0,0.4418848348648,1016.4708480838448,False,settled
b,yellow_ramp,ramp,0.0,1.0,0.0,0.6966803832971254,935.8722604295954,False,settled
b,yellow_ramp,ramp,0.0,1.0,0.0,0.45184859965565993,1021.0406923033303,False,settled
b,yellow_ramp,ramp,0.0,1.0,0.0,0.31441813784908096,1078.048047377218,False,settled
b,yellow_ramp,ramp,0.0,1.0,0.0,0.4105757303846626,1028.4825185976847,False,settled
b,yellow_ramp,ramp,0.0,1.0,0.0,0.6194371218689472,957.6802795724416,False,settled
b,yellow_ramp,ramp,0.0,1.0,0.0,0.3227283137108084,1072.7571057427617,False,settled
b,yellow_ramp,ramp,0.0,1.0,0.0,0.26900492238102325,1087.4050218814698,False,settled
b,yellow_ramp,ramp,0.0,1.0,0.0,1.0695197913267585,832.0713367190109,False,settled
b,yellow_ramp,ramp,0.0,1.0,0.0,1.1147335920996975,820.4480871486459,False,settled
b,yellow_ramp,ramp,0.0,1.0,0.0,0.381978319047067,1038.595710169921,False,settled
b,yellow_ramp,ramp,0.0,1.0,0.0,0.518532325704049,990.2580191966302,False,settled
b,yellow_ramp,ramp,0.0,1.0,0.0,0.5788084552125002,971.937367335039,False,settled
b,yellow_ramp,ramp,0.0,1.0,0.0,0.6553358854366823,945.9414543156299,False,settled
b,yellow_ramp,ramp,0.0,1.0,0.0,0.5157099097151454,992.1955135979181,False,settled
b,yellow_ramp,ramp,0.0,1.0,0.0,0.37329966493912725,1045.1952071728201,False,settled
b,yellow_ramp,ramp,0.0,1.0,0.0,1.100264733403255,825.0511275375554,False,settled
b,yellow_ramp,ramp,0.0,1.0,0.0,0.7790293615150133,908.4913559899467,False,settled
b,yellow_ramp,ramp,0.0,1.0,0.0,0.6931582482643975,938.6826851757395,False,settled
b,yellow_ramp,ramp,0.0,1.0,0.0,0.3947596207549941,1035.1068967135095,False,settled
b,yellow_ramp,ramp,0.0,1.0,0.0,0.23099991992673485,1102.624508327333,False,settled
b,yellow_ramp,ramp,0.0,1.0,0.0,1.0921171417288955,826.5452065628756,False,settled
b,yellow_ramp,ramp,0.0,1.0,0.0,0.29581706564922977,1077.092218018803,False,settled
b,yellow_ramp,ramp,0.0,1.0,0.0,0.8483207717230536,888.0605785290417,False,settled
b,yellow_ramp,ramp,0.0,1.0,0.0,0.8618069208508784,882.6302757919698,False,settled
b,yellow_ramp,ramp,0.0,1.0,0.0,0.3396994129653379,1056.8209953869439,False,settled
b,yellow_ramp,ramp,0.0,1.0,0.0,0.5818988280718352,969.7448186371938,False,settled
b,yellow_ramp,ramp,0.0,1.0,0.0,0.8395492429144766,892.5480334635048,False,settled
b,yellow_ramp,ramp,0.0,1.0,0.0,0.6247901077477115,953.3483953322761,False,settled
b,yellow_ramp,ramp,0.0,1.0,0.0,0.6846300345180988,936.4823226430065,False,settled
b,yellow_ramp,ramp,0.0,1.0,0.0,0.2590206215924304,1094.8944901404875,False,settled
b,yellow_ramp,ramp,0.0,1.0,0.0,1.0403899744204925,838.9391700468215,False,settled
b,yellow_ramp,ramp,0.0,1.0,0.0,0.8576333653750152,886.7055088529738,False,settled
b,yellow_ramp,ramp,0.0,1.0,0.0,0.4013655875414815,1034.0506184205976,False,settled
b,yellow_ramp,ramp,0.0,1.0,0.0,0.6961717602407338,936.0625286017951,False,settled
b,yellow_ramp,ramp,0.0,1.0,0.0,1.1793150123232123,805.1643423287103,False,settled
b,yellow_ramp,ramp,0.0,1.0,0.0,0.6976607944120092,935.0189739194112,False,settled
b,yellow_ramp,ramp,0.0,1.0,0.0,0.719963268999264,923.7775696157921,False,settled
b,yellow_ramp,ramp,0.0,1.0,0.0,0.43890260019864435,1018.836107067835,False,settled
b,yellow_ramp,ramp,0.0,1.0,0.0,0.8408643954961771,891.2926676589053,False,settled
b,yellow_ramp,ramp,0.0,1.0,0.0,0.4955975091790868,997.31795316591,False,settled
b,yellow_ramp,ramp,0.0,1.0,0.0,1.165843994110005,808.0137088582715,False,settled
b,yellow_ramp,ramp,0.0,1.0,0.0,0.5190045158563941,989.8864304561453,False,settled
b,yellow_ramp,ramp,0.0,1.0,0.0,0.5370584842401266,984.6084522002451,False,settled
b,yellow_ramp,ramp,0.0,1.0,0.0,0.4748210296450255,1013.5975787639147,False,settled
b,yellow_ramp,ramp,0.0,1.0,0.0,0.6549989816246687,946.2259292500722,False,settled
b,yellow_ramp,ramp,0.0,1.0,0.0,0.271477682611248,1085.121657530928,False,settled
b,yellow_ramp,ramp,0.0,1.0,0.0,1.0516983823340915,836.0851274455049,False,settled
b,yellow_ramp,ramp,0.0,1.0,0.0,0.937212878456679,864.045130778823,False,settled
b,yellow_ramp,ramp,0.0,1.0,0.0,0.7876390278564271,907.6951274064638,False,settled
b,yellow_ramp,ramp,0.0,1.0,0.0,1.0971106398596697,825.1285544240321,False,settled
b,yellow_ramp,ramp,0.0,1.0,0.0,0.9947314812434138,847.4854649844586,False,settled
b,yellow_ramp,ramp,0.0,1.0,0.0,0.6657329532601844,945.8307124907907,False,settled
b,yellow_ramp,ramp,0.0,1.0,0.0,0.7782786619613715,909.1776118328128,False,settled
b,yellow_ramp,ramp,0.0,1.0,0.0,0.26121029848615157,1095.3316945534466,False,settled
b,yellow_ramp,ramp,0.0,1.0,0.0,0.5544971848871447,981.6240324597845,False,settled
b,yellow_ramp,ramp,0.0,1.0,0.0,0.5251085881248633,987.1294284195113,False,settled
b,yellow_ramp,ramp,0.0,1.0,0.0,0.603711660760834,966.2385423054269,False,settled
b,yellow_ramp,ramp,0.0,1.0,0.0,1.0757334064577169,830.9000160847659,False,settled
b,yellow_ramp,ramp,0.0,1.0,0.0,0.5662389311362447,972.3910482740181,False,settled
b,yellow_ramp,ramp,0.0,1.0,0.0,0.7461821440651303,916.5198054877513,False,settled
b,yellow_ramp,ramp,0.0,1.0,0.0,0.5881251238649166,974.3991530948275,False,settled
b,yellow_ramp,ramp,0.0,1.0,0.0,0.7528050196291834,918.22688831933,False,settled
b,yellow_ramp,ramp,0.0,1.0,0.0,0.9228442845757382,866.1057860359793,False,settled
b,yellow_ramp,ramp,0.0,1.0,0.0,0.8244573481810127,893.8905214485845,False,settled
b,yellow_ramp,ramp,0.0,1.0,0.0,1.1670380753386052,808.4769160193077,False,settled
b,yellow_ramp,ramp,0.0,1.0,0.0,0.9946736717449288,847.5545216773771,False,settled
b,yellow_ramp,ramp,0.0,1.0,0.0,0.7765713597960305,910.7383051376536,False,settled
b,yellow_ramp,ramp,0.0,1.0,0.0,0.7952218716328782,900.7587365935979,False,settled
b,yellow_ramp,ramp,0.0,1.0,0.0,0.4268377741725288,1028.2361870466575,False,settled
b,yellow_ramp,ramp,0.0,1.0,0.0,0.24459786689844853,1097.142845958772,False,settled
b,yellow_ramp,ramp,0.0,1.0,0.0,0.9196285121086982,864.5068878292383,False,settled
b,yellow_ramp,ramp,0.0,1.0,0.0,1.0936859441769413,826.2028956375073,False,settled
b,yellow_ramp,ramp,0.0,1.0,0.0,0.7197494112547127,923.9635487176955,False,settled
b,yellow_ramp,ramp,0.0,1.0,0.0,0.22032809468106035,1114.0750183126315,False,settled
b,yellow_ramp,ramp,0.0,1.0,0.0,1.0700975423427335,832.3894677504658,False,settled
b,yellow_ramp,ramp,0.0,1.0,0.0,0.6362140713031618,952.9501123240995,False,settled
b,yellow_ramp,ramp,0.0,1.0,0.0,0.33481928986595216,1057.31941780668,False,settled
b,yellow_ramp,ramp,0.0,1.0,0.0,0.5944317034961546,969.2279550516712,False,settled
b,yellow_ramp,ramp,0.0,1.0,0.0,0.2799441472537526,1086.0481981730609,False,settled
b,yellow_ramp,ramp,0.0,1.0,0.0,1.022781275293234,843.0551709156424,False,settled
b,yellow_ramp,ramp,0.0,1.0,0.0,0.35155126825507294,1061.989215902588,False,settled
b,yellow_ramp,ramp,0.0,1.0,0.0,1.1692060722259452,807.7041092327241,False,settled
b,yellow_ramp,ramp,0.0,1.0,0.0,0.679420780110658,938.0093874600562,False,settled
b,yellow_ramp,ramp,0.0,1.0,0.0,0.42610012105511436,1028.8237687299488,False,settled
b,yellow_ramp,ramp,0.0,1.0,0.0,0.723789584568076,928.091722442328,False,settled
b,yellow_ramp,ramp,0.0,1.0,0.0,0.91438422135413,869.5678839481037,False,settled
b,yellow_ramp,ramp,0.0,1.0,0.0,1.0615953892633208,834.1153801916602,False,settled
b,yellow_ramp,ramp,0.0,1.0,0.0,0.9629785098146155,856.6874735130131,False,settled
b,yellow_ramp,ramp,0.0,1.0,0.0,0.897843764849314,875.564009583238,False,settled
b,yellow_ramp,ramp,0.0,1.0,0.0,0.8613719371323597,883.0549209813827,False,settled
b,yellow_ramp,ramp,0.0,1.0,0.0,1.0669082987806127,833.5840324295942,False,settled
b,yellow_ramp,ramp,0.0,1.0,0.0,0.7913629543459914,904.2667337829931,False,settled
b,yellow_ramp,ramp,0.0,1.0,0.0,0.8827227131700263,879.57455053079,False,settled
b,yellow_ramp,ramp,0.0,1.0,0.0,0.5796681059938509,971.2388776270245,False,settled
b,yellow_ramp,ramp,0.0,1.0,0.0,0.47796317070218947,1011.051199441555,False,settled
b,yellow_ramp,ramp,0.0,1.0,0.0,0.304506835672145,1071.4184180176667,False,settled
b,yellow_ramp,ramp,0.0,1.0,0.0,0.8777149931693463,878.7954363712342,False,settled
b,yellow_ramp,ramp,0.0,1.0,0.0,1.1531485181572523,811.5853012023765,False,settled
b,yellow_ramp,ramp,0.0,1.0,0.0,0.22279685968382357,1113.902613983145,False,settled
b,yellow_ramp,ramp,0.0,1.0,0.0,0.2890007906078647,1076.8414172210496,False,settled
b,yellow_ramp,ramp,0.0,1.0,0.0,1.1908268245910236,802.1066411993864,False,settled
b,yellow_ramp,ramp,0.0,1.0,0.0,0.26662457422455843,1097.958127668336,False,settled
b,yellow_ramp,ramp,0.0,1.0,0.0,0.9382158401342986,863.50911092251,False,settled
b,yellow_ramp,ramp,0.0,1.0,0.0,0.41593151614112733,1036.7057695281883,False,settled
b,yellow_ramp,ramp,0.0,1.0,0.0,0.38198175805264606,1038.5930651509204,False,settled
b,yellow_ramp,ramp,0.0,1.0,0.0,1.0682970472744284,831.5054463428235,False,settled
b,yellow_ramp,ramp,0.0,1.0,0.0,0.34963253010586787,1063.5165277078906,False,settled
b,yellow_ramp,ramp,0.0,1.0,0.0,1.029788201071385,843.0419844499654,False,settled
b,yellow_ramp,ramp,0.0,1.0,0.0,0.909746297886617,869.2390270055779,False,settled
b,yellow_ramp,ramp,0.0,1.0,0.0,1.157827636485001,810.7339742626252,False,settled
b,yellow_ramp,ramp,0.0,1.0,0.0,0.6773414586865477,938.6197966413264,False,settled
b,yellow_ramp,ramp,0.0,1.0,0.0,0.893426956509136,874.4646740531068,False,settled
b,yellow_ramp,ramp,0.0,1.0,0.0,0.2549391255382969,1090.1695508887365,False,settled
b,yellow_ramp,ramp,0.0,1.0,0.0,0.8826427933372699,879.655014442985,False,settled
b,yellow_ramp,ramp,0.0,1.0,0.0,0.36624633912121957,1050.697019187448,False,settled
b,yellow_ramp,ramp,0.0,1.0,0.0,0.7745004597695733,912.6316198947344,False,settled
b,yellow_ramp,ramp,0.0,1.0,0.0,0.7562275076249259,915.9258717303319,False,settled
b,yellow_ramp,ramp,0.0,1.0,0.0,0.507458873531591,998.6938800923194,False,settled
b,yellow_ramp,ramp,0.0,1.0,0.0,0.4925657918456547,999.4323649952632,False,settled
b,yellow_ramp,ramp,0.0,1.0,0.0,1.172933798888601,806.1185161332575,False,settled
b,yellow_ramp,ramp,0.0,1.0,0.0,0.6426082006296945,947.6272554635653,False,settled
b,yellow_ramp,ramp,0.0,1.0,0.0,0.5458460384118858,988.7288994454261,False,settled
b,yellow_ramp,ramp,0.0,1.0,0.0,0.30530909344472923,1070.9109181155936,False,settled
b,yellow_ramp,ramp,0.0,1.0,0.0,0.6946570014285922,937.3794514234746,False,settled
b,yellow_ramp,ramp,0.0,1.0,0.0,0.766017127917707,912.4992530274318,False,settled
b,yellow_ramp,ramp,0.0,1.0,0.0,0.25486743484597707,1090.0084260242334,False,settled
b,yellow_ramp,ramp,0.0,1.0,0.0,0.8351091878330535,890.4027349147516,False,settled
b,yellow_ramp,ramp,0.0,1.0,0.0,1.1090369722353883,821.3601342927321,False,settled
b,yellow_ramp,ramp,0.0,1.0,0.0,0.5550106248789083,981.2038967059434,False,settled
b,yellow_ramp,ramp,0.0,1.0,0.0,1.009382475451259,847.4596937024294,False,settled
b,yellow_ramp,ramp,0.0,1.0,0.0,1.0502901427781843,836.8043439996013,False,settled
b,yellow_ramp,ramp,0.0,1.0,0.0,0.4501299641381408,1022.1632272267117,False,settled
b,yellow_ramp,ramp,0.0,1.0,0.0,0.9487814155367328,858.2792923481414,False,settled
b,yellow_ramp,ramp,0.0,1.0,0.0,0.5501086293603251,985.2142621895379,False,settled
b,yellow_ramp,ramp,0.0,1.0,0.0,1.1204790668031688,818.9816530467457,False,settled
b,yellow_ramp,ramp,0.0,1.0,0.0,0.5097212777761626,996.9232664101007,False,settled
b,yellow_ramp,ramp,0.0,1.0,0.0,0.8604109938509733,883.9926487243009,False,settled
b,yellow_ramp,ramp,0.0,1.0,0.0,1.2224698547431874,790.828489074256,False,settled
b,yellow_ramp,ramp,0.0,1.0,0.0,0.8378507180142462,888.2069371041488,False,settled
b,yellow_ramp,ramp,0.0,1.0,0.0,0.9082288941218162,870.4027874007169,False,settled
b,yellow_ramp,ramp,0.0,1.0,0.0,1.018705512915077,844.135821276699,False,settled
b,yellow_ramp,ramp,0.0,1.0,0.0,0.5134659449641366,993.9673865830435,False,settled
b,yellow_ramp,ramp,0.0,1.0,0.0,0.745627901375415,917.0034178247312,False,settled
b,yellow_ramp,ramp,0.0,1.0,0.0,0.6644842074083944,946.880587762972,False,settled
b,yellow_ramp,ramp,0.0,1.0,0.0,0.5179306809605079,990.731500882333,False,settled
b,yellow_ramp,ramp,0.0,1.0,0.0,0.6244425707423136,953.5449141340063,False,settled
b,yellow_ramp,ramp,0.0,1.0,0.0,0.643862086038389,946.6300824537956,False,settled
b,yellow_ramp,ramp,0.0,1.0,0.0,0.5966526383592423,968.0446227739675,False,settled
b,yellow_ramp,ramp,0.0,1.0,0.0,0.6971233575414424,935.4867262870623,False,settled
b,yellow_ramp,ramp,0.0,1.0,0.0,0.9220180927691998,866.9681976710929,False,settled
b,yellow_ramp,ramp,0.0,1.0,0.0,0.8425777594904668,890.4877742991667,False,settled
b,yellow_ramp,ramp,0.0,1.0,0.0,1.1881055916734737,803.3385247582479,False,settled
b,yellow_ramp,ramp,0.0,1.0,0.0,1.181857540321046,804.5928840533295,False,settled
b,yellow_ramp,ramp,0.0,1.0,0.0,0.22967239357049318,1105.6262481541548,False,settled
b,yellow_ramp,ramp,0.0,1.0,0.0,0.6675949667019421,944.5199426930283,False,settled
b,yellow_ramp,ramp,0.0,1.0,0.0,0.872289413351004,878.594872793464,False,settled
b,yellow_ramp,ramp,0.0,1.0,0.0,0.43181096170620104,1024.28348365594,False,settled
b,yellow_ramp,ramp,0.0,1.0,0.0,0.4031323679829653,1033.7939159978462,False,settled
b,yellow_ramp,ramp,0.0,1.0,0.0,0.6408004319135279,949.12120306682,False,settled
b,yellow_ramp,ramp,0.0,1.0,0.0,0.4576143233216338,1019.961653513943,False,settled
b,yellow_ramp,ramp,0.0,1.0,0.0,0.6538024676464556,947.2362305984004,False,settled
b,yellow_ramp,ramp,0.0,1.0,0.0,0.6606057691415652,941.7447769212785,False,settled
b,yellow_ramp,ramp,0.0,1.0,0.0,1.1436594679741665,813.2377984697579,False,settled
b,yellow_ramp,ramp,0.0,1.0,0.0,0.47487371513117793,1013.5548831712262,False,settled
b,yellow_ramp,ramp,0.0,1.0,0.0,0.3869601971353158,1036.2390085674976,False,settled
b,yellow_ramp,ramp,0.0,1.0,0.0,0.6356874698601042,953.39166033253,False,settled
b,yellow_ramp,ramp,0.0,1.0,0.0,0.5918087295660641,971.3742044044836,False,settled
b,yellow_ramp,ramp,0.0,1.0,0.0,0.816377164263962,894.7624242715151,False,settled
b,yellow_ramp,ramp,0.0,1.0,0.0,0.35950863710074993,1055.9583334415267,False,settled
b,yellow_ramp,ramp,0.0,1.0,0.0,0.9757605844427588,851.7598073971377,False,settled
b,yellow_ramp,ramp,0.0,1.0,0.0,0.37525539961398563,1043.6774855109143,False,settled
b,yellow_ramp,ramp,0.0,1.0,0.0,1.206391927139873,798.8857981381946,False,settled
b,yellow_ramp,ramp,0.0,1.0,0.0,0.4282319774447172,1027.1259282961187,False,settled
b,yellow_ramp,ramp,0.0,1.0,0.0,0.872471076616068,878.4162912333824,False,settled
b,yellow_ramp,ramp,0.0,1.0,0.0,0.7080688436976396,933.8968340816788,False,settled
b,yellow_ramp,ramp,0.0,1.0,0.0,0.4409509009815646,1017.1834409023195,False,settled
b,yellow_ramp,ramp,0.0,1.0,0.0,0.3202967607021188,1073.8376887687143,False,settled
b,yellow_ramp,ramp,0.0,1.0,0.0,0.5955273071208863,968.3325525259057,False,settled
b,yellow_ramp,ramp,0.0,1.0,0.0,0.8463550685952439,888.8878848269148,False,settled
b,yellow_ramp,ramp,0.0,1.0,0.0,0.3181591327906888,1075.0994861872075,False,settled
b,yellow_ramp,ramp,0.0,1.0,0.0,0.5729345942743544,976.7657410458758,False,settled
b,yellow_ramp,ramp,0.0,1.0,0.0,0.4202198728661998,1033.5129426247402,False,settled
b,yellow_ramp,ramp,0.0,1.0,0.0,0.6371487184487088,952.1662402654761,False,settled
b,yellow_ramp,ramp,0.0,1.0,0.0,0.5154453507272346,992.4035478364653,False,settled
b,yellow_ramp,ramp,0.0,1.0,0.0,0.7501378441764129,920.3571385940586,False,settled
b,yellow_ramp,ramp,0.0,1.0,0.0,0.9870245159919065,847.8616649431491,False,settled
b,yellow_ramp,ramp,0.0,1.0,0.0,0.30160327980327156,1073.4753076796426,False,settled
b,yellow_ramp,ramp,0.0,1.0,0.0,1.025334908416182,843.8761537251248,False,settled
b,yellow_ramp,ramp,0.0,1.0,0.0,0.6359532814531851,953.1687814785228,False,settled
b,yellow_ramp,ramp,0.0,1.0,0.0,1.0943526781312487,826.1954378136446,False,settled
b,yellow_ramp,ramp,0.0,1.0,0.0,0.6266850730795142,960.7168172511825,False,settled
b,yellow_ramp,ramp,0.0,1.0,0.0,0.5291116766375952,986.1932325194106,False,settled
b,yellow_ramp,ramp,0.0,1.0,0.0,0.22999379432941516,1106.2863975617306,False,settled
b,yellow_ramp,ramp,0.0,1.0,0.0,0.5287439302269537,986.2700040984778,False,settled
b,yellow_ramp,ramp,0.0,1.0,0.0,0.9059206821597959,872.7709499236934,False,settled
b,yellow_ramp,ramp,0.0,1.0,0.0,0.964089590998439,855.6903361130325,False,settled
b,yellow_ramp,ramp,0.0,1.0,0.0,0.3275571200915389,1072.1204970338765,False,settled
b,yellow_ramp,ramp,0.0,1.0,0.0,0.7532306341667753,917.847533308089,False,settled
b,yellow_ramp,ramp,0.0,1.0,0.0,0.2399086760063528,1110.637215876471,False,settled
b,yellow_ramp,ramp,0.0,1.0,0.0,0.8509399698559764,886.9586266829632,False,settled
b,yellow_ramp,ramp,0.0,1.0,0.0,0.7449998255672136,917.5516643606836,False,settled
b,yellow_ramp,ramp,0.0,1.0,0.0,0.4276442609834413,1027.5939624126968,False,settled
b,yellow_ramp,ramp,0.0,1.0,0.0,0.49723471808881137,1006.9511494662981,False,settled
b,yellow_ramp,ramp,0.0,1.0,0.0,0.25754497569821133,1092.8160745837524,False,settled
b,yellow_ramp,ramp,0.0,1.0,0.0,0.6597823856258583,942.3070489598787,False,settled
b,yellow_ramp,ramp,0.0,1.0,0.0,0.7426329289334365,919.6154356161819,False,settled
b,yellow_ramp,ramp,0.0,1.0,0.0,1.1389473274603494,814.2047643358551,False,settled
b,yellow_ramp,ramp,0.0,1.0,0.0,0.43963966685619527,1018.2647385632545,False,settled
b,yellow_ramp,ramp,0.0,1.0,0.0,0.584901061824724,967.3575441459174,False,settled
b,yellow_ramp,ramp,0.0,1.0,0.0,1.0763664982082448,829.9053513138101,False,settled
b,yellow_ramp,ramp,0.0,1.0,0.0,0.7608861121140659,914.294783853419,False,settled
b,yellow_ramp,ramp,0.0,1.0,0.0,0.9783570783696687,848.8186507112755,False,settled
b,yellow_ramp,ramp,0.0,1.0,0.0,0.6824276018891514,937.1269907896802,False,settled
b,yellow_ramp,ramp,0.0,1.0,0.0,0.7139697509478932,928.9740386592058,False,settled
b,yellow_ramp,ramp,0.0,1.0,0.0,1.1390674066510056,814.7653783024958,False,settled
b,yellow_ramp,ramp,0.0,1.0,0.0,0.3024787451191698,1072.8559831545097,False,settled
b,yellow_ramp,ramp,0.0,1.0,0.0,0.272947952298236,1085.5494507919113,False,settled
b,yellow_ramp,ramp,0.0,1.0,0.0,1.126281113004825,817.8459732781663,False,settled
b,yellow_ramp,ramp,0.0,1.0,0.0,1.0841058172608027,828.2159869265718,False,settled
b,yellow_ramp,ramp,0.0,1.0,0.0,0.8182503865465277,893.1538178752819,False,settled
b,yellow_ramp,ramp,0.0,1.0,0.0,0.3537049132975877,1060.2851263469827,False,settled
b,yellow_ramp,ramp,0.0,1.0,0.0,0.6659969091031799,945.6087590396395,False,settled
b,yellow_ramp,ramp,0.0,1.0,0.0,0.47749755968924085,1011.4285324668172,False,settled
b,yellow_ramp,ramp,0.0,1.0,0.0,0.35758828263765313,1057.4704113272824,False,settled
b,yellow_ramp,ramp,0.0,1.0,0.0,0.558412905396581,978.421175678456,False,settled
b,yellow_ramp,ramp,0.0,1.0,0.0,0.39764101923114853,1034.59219221443,False,settled
b,yellow_ramp,ramp,0.0,1.0,0.0,0.6039071116311798,966.1885428666047,False,settled
b,yellow_ramp,ramp,0.0,1.0,0.0,0.8660686218513763,884.4448866521363,False,settled
b,yellow_ramp,ramp,0.0,1.0,0.0,0.6939875345343801,937.9616537097032,False,settled
b,yellow_ramp,ramp,0.0,1.0,0.0,0.27314413941545546,1086.1890222499555,False,settled
b,yellow_ramp,ramp,0.0,1.0,0.0,0.6798991235087553,937.8690104694824,False,settled
b,yellow_ramp,ramp,0.0,1.0,0.0,1.1237873344510014,818.7342020778863,False,settled
b,yellow_ramp,ramp,0.0,1.0,0.0,0.5051823179929341,1000.4980539546796,False,settled
b,yellow_ramp,ramp,0.0,1.0,0.0,0.8581988669022758,886.1518117478079,False,settled
b,yellow_ramp,ramp,0.0,1.0,0.0,1.0471768109484838,837.3338486413909,False,settled
b,yellow_ramp,ramp,0.0,1.0,0.0,0.4129145499315892,1026.7631667629773,False,settled
b,yellow_ramp,ramp,0.0,1.0,0.0,0.9771960596761695,850.2092586007236,False,settled
b,yellow_ramp,ramp,0.0,1.0,0.0,1.1682506804828838,807.7556767465478,False,settled
b,yellow_ramp,ramp,0.0,1.0,0.0,1.1668025098065964,808.03484722946,False,settled
b,yellow_ramp,ramp,0.0,1.0,0.0,0.25794799839104643,1093.6477222050432,False,settled
b,yellow_ramp,ramp,0.0,1.0,0.0,0.4444727458810796,1026.6492729474314,False,settled
b,yellow_ramp,ramp,0.0,1.0,0.0,1.1725055468215602,806.7089123523234,False,settled
b,yellow_ramp,ramp,0.0,1.0,0.0,0.46428071692320033,1018.7088741839443,False,settled
b,yellow_ramp,ramp,0.0,1.0,0.0,0.8123877493333013,898.4629473817528,False,settled
b,yellow_ramp,ramp,0.0,1.0,0.0,0.44903166256154947,1023.0339430268451,False,settled
b,yellow_ramp,ramp,0.0,1.0,0.0,0.8793019916816929,877.2166061033828,False,settled
b,yellow_ramp,ramp,0.0,1.0,0.0,0.7890949645061931,906.3546101252626,False,settled
b,yellow_ramp,ramp,0.0,1.0,0.0,1.202525757063068,799.5928061876543,False,settled
b,yellow_ramp,ramp,0.0,1.0,0.0,0.2645061439251296,1085.329679174947,False,settled
b,yellow_ramp,ramp,0.0,1.0,0.0,0.9673381531626589,852.0655088987567,False,settled
b,yellow_ramp,ramp,0.0,1.0,0.0,0.3469018681633639,1052.1719713202772,False,settled
b,yellow_ramp,ramp,0.0,1.0,0.0,0.4367152089536012,1020.4138962882503,False,settled
b,yellow_ramp,ramp,0.0,1.0,0.0,0.447757753260645,1024.0439747897626,False,settled
b,yellow_ramp,ramp,0.0,1.0,0.0,1.2250656929528212,790.491033836697,False,settled
b,yellow_ramp,ramp,0.0,1.0,0.0,0.5445517942229954,989.796303535197,False,settled
b,yellow_ramp,ramp,0.0,1.0,0.0,0.5004290478272866,1004.3571541073965,False,settled
b,yellow_ramp,ramp,0.0,1.0,0.0,1.1320347640294073,816.588999435844,False,settled
b,yellow_ramp,ramp,0.0,1.0,0.0,1.1524926394511852,812.3950144003435,False,settled
b,yellow_ramp,ramp,0.0,1.0,0.0,0.46853444255187926,1006.4440911256198,False,settled
b,yellow_ramp,ramp,0.0,1.0,0.0,0.3639709174385757,1052.476757485573,False,settled
b,yellow_ramp,ramp,0.0,1.0,0.0,0.9902383694746162,848.4295169830955,False,settled
b,yellow_ramp,ramp,0.0,1.0,0.0,1.1476051022006108,812.7567441950386,False,settled
b,yellow_ramp,ramp,0.0,1.0,0.0,0.9530652379253407,858.3783243976121,False,settled
b,yellow_ramp,ramp,0.0,1.0,0.0,0.45985930627906674,1019.5395923979289,False,settled
b,yellow_ramp,ramp,0.0,1.0,0.0,1.0527646613437518,835.7142590525616,False,settled
b,yellow_ramp,ramp,0.0,1.0,0.0,0.29432473923105773,1077.7293570613572,False,settled
b,yellow_ramp,ramp,0.0,1.0,0.0,0.5717724656679856,977.7250445298167,False,settled
b,yellow_ramp,ramp,0.0,1.0,0.0,0.8388299646180583,893.2345445655279,False,settled
b,yellow_ramp,ramp,0.0,1.0,0.0,0.700057368636938,932.9345161107361,False,settled
b,yellow_ramp,ramp,0.0,1.0,0.0,0.6411427522287276,948.8365782699764,False,settled
b,yellow_ramp,ramp,0.0,1.0,0.0,0.8158941573859093,895.2793319335831,False,settled
b,yellow_ramp,ramp,0.0,1.0,0.0,0.3303733396763392,1071.7493655818232,False,settled
b,yellow_ramp,ramp,0.0,1.0,0.0,0.3083140461090397,1068.53329836758,False,settled
b,yellow_ramp,ramp,0.0,1.0,0.0,0.42195107764263623,1032.1278749425153,False,settled
b,yellow_ramp,ramp,0.0,1.0,0.0,0.5283990538819691,986.3420019691492,False,settled
b,yellow_ramp,ramp,0.0,1.0,0.0,0.45261641704813904,1020.9009344417558,False,settled
b,yellow_ramp,ramp,0.0,1.0,0.0,0.4306812400193806,1025.1763379248519,False,settled
b,yellow_ramp,ramp,0.0,1.0,0.0,1.1138162206986781,821.2179830860509,False,settled
b,yellow_ramp,ramp,0.0,1.0,0.0,0.8487800221412046,887.8673896923582,False,settled
b,yellow_ramp,ramp,0.0,1.0,0.0,0.6957078959133666,936.4659469448042,False,settled
b,yellow_ramp,ramp,0.0,1.0,0.0,0.2862336425567779,1078.2304993751661,False,settled
b,yellow_ramp,ramp,0.0,1.0,0.0,0.27477923492180895,1088.8793155782907,False,settled
b,yellow_ramp,ramp,0.0,1.0,0.0,0.6255132497103667,952.6887724936471,False,settled
b,yellow_ramp,ramp,0.0,1.0,0.0,0.24298584661655315,1105.2965223217295,False,settled
b,yellow_ramp,ramp,0.0,1.0,0.0,1.111106530991721,820.8033466223302,False,settled
b,yellow_ramp,ramp,0.0,1.0,0.0,1.194323364194798,801.4506174222736,False,settled
b,yellow_ramp,ramp,0.0,1.0,0.0,1.1876756861751339,802.8976482452534,False,settled
b,yellow_ramp,ramp,0.0,1.0,0.0,0.5257253098772251,986.9412647724465,False,settled
b,yellow_ramp,ramp,0.0,1.0,0.0,0.710086534552283,932.1288645774924,False,settled
b,yellow_ramp,ramp,0.0,1.0,0.0,0.6411222831543284,948.8535974756268,False,settled
b,yellow_ramp,ramp,0.0,1.0,0.0,0.8768296810035372,879.6774824974156,False,settled
b,yellow_ramp,ramp,0.0,1.0,0.0,1.2063057365879302,799.125217658024,False,settled
b,yellow_ramp,ramp,0.0,1.0,0.0,0.6786864680830688,938.2248822620428,False,settled
b,yellow_ramp,ramp,0.0,1.0,0.0,0.7053748034555211,928.3620063453384,False,settled
b,yellow_ramp,ramp,0.0,1.0,0.0,0.8993177758717786,874.0561810616813,False,settled
b,yellow_ramp,ramp,0.0,1.0,0.0,0.35838909243157896,1056.839929865855,False,settled
b,yellow_ramp,ramp,0.0,1.0,0.0,0.22603778358928933,1106.0902906897315,False,settled
b,yellow_ramp,ramp,0.0,1.0,0.0,0.8319416947057133,893.3790322774163,False,settled
b,yellow_ramp,ramp,0.0,1.0,0.0,0.8907918717543886,877.1392378919161,False,settled
b,yellow_ramp,ramp,0.0,1.0,0.0,0.9516452628757869,859.6910069572984,False,settled
b,yellow_ramp,ramp,0.0,1.0,0.0,0.24392378417973906,1094.161080553458,False,settled
b,yellow_ramp,ramp,0.0,1.0,0.0,0.44962218152234323,1022.5657761411936,False,settled
b,yellow_ramp,ramp,0.0,1.0,0.0,0.3844730760271195,1049.5167321968877,False,settled
b,yellow_ramp,ramp,0.0,1.0,0.0,0.45678072619028437,1020.118300800917,False,settled
b,yellow_ramp,ramp,0.0,1.0,0.0,0.9977029064371917,843.9850184971234,False,settled
b,yellow_ramp,ramp,0.0,1.0,0.0,0.8821066759737263,880.1970010646377,False,settled
b,yellow_ramp,ramp,0.0,1.0,0.0,0.4511487360208693,1021.3573264939063,False,settled
b,yellow_ramp,ramp,0.0,1.0,0.0,0.7621584695057367,913.8495397881105,False,settled
b,yellow_ramp,ramp,0.0,1.0,0.0,0.9495002213207416,857.4198509372945,False,settled
b,yellow_ramp,ramp,0.0,1.0,0.0,0.7069669105397638,926.9979690765797,False,settled
b,yellow_ramp,ramp,0.0,1.0,0.0,1.0883360021954507,828.2690964879597,False,settled
b,yellow_ramp,ramp,0.0,1.0,0.0,0.3668781575805127,1050.2027233303086,False,settled
b,yellow_ramp,ramp,0.0,1.0,0.0,0.4853818705411308,1005.0847723823362,False,settled
b,yellow_ramp,ramp,0.0,1.0,0.0,0.9866952009580955,848.1547518498537,False,settled
b,yellow_ramp,ramp,0.0,1.0,0.0,1.1452700111043088,812.5035467277155,False,settled
b,yellow_ramp,ramp,0.0,1.0,0.0,0.2884348818787525,1076.9851576330818,False,settled
b,yellow_ramp,ramp,0.0,1.0,0.0,0.7842351720383359,903.7916042859139,False,settled
b,yellow_ramp,ramp,0.0,1.0,0.0,0.6820924104106395,937.2253577274926,False,settled
b,yellow_ramp,ramp,0.0,1.0,0.0,0.7498550428492773,920.6088524939271,False,settled
b,yellow_ramp,ramp,0.0,1.0,0.0,0.2971927106146503,1076.3142669497972,False,settled
b,yellow_ramp,ramp,0.0,1.0,0.0,0.9210497838768046,867.9788819940983,False,settled
b,yellow_ramp,ramp,0.0,1.0,0.0,0.8448250818598992,889.5316944291021,False,settled
b,yellow_ramp,ramp,0.0,1.0,0.0,0.8601510197573938,884.2463374754831,False,settled
b,yellow_ramp,ramp,0.0,1.0,0.0,0.3516960615059724,1061.8739381521843,False,settled
b,yellow_ramp,ramp,0.0,1.0,0.0,0.3605502043096134,1055.152505849633,False,settled
b,yellow_ramp,ramp,0.0,1.0,0.0,0.9140769616127057,869.8842372245077,False,settled
b,yellow_ramp,ramp,0.0,1.0,0.0,0.8335713104752722,891.8486685044398,False,settled
b,yellow_ramp,ramp,0.0,1.0,0.0,0.5489170710672483,986.1961093078609,False,settled
b,yellow_ramp,ramp,0.0,1.0,0.0,0.8646527718840741,880.2362292209845,False,settled
b,yellow_ramp,ramp,0.0,1.0,0.0,1.1528668954727002,811.5012747698447,False,settled
b,yellow_ramp,ramp,0.0,1.0,0.0,0.9732128420204676,850.0940106607196,False,settled
b,yellow_ramp,ramp,0.0,1.0,0.0,1.0893438648550255,826.610547305826,False,settled
b,yellow_ramp,ramp,0.0,1.0,0.0,0.979561103871572,851.9499057249006,False,settled
b,yellow_ramp,ramp,0.0,1.0,0.0,1.1065860702113628,822.5434004797164,False,settled
b,yellow_ramp,ramp,0.0,1.0,0.0,0.6298705451190242,958.0261959230252,False,settled
b,yellow_ramp,ramp,0.0,1.0,0.0,0.8685440883802087,881.9934053015141,False,settled
b,yellow_ramp,ramp,0.0,1.0,0.0,0.7787613676911349,908.7363452977529,False,settled
b,yellow_ramp,ramp,0.0,1.0,0.0,0.9625308191991921,852.8392929466318,False,settled
b,yellow_ramp,ramp,0.0,1.0,0.0,0.8798581775243954,876.9428302002598,False,settled
b,yellow_ramp,ramp,0.0,1.0,0.0,0.8409490679250824,891.2118571951864,False,settled
b,yellow_ramp,ramp,0.0,1.0,0.0,0.5700875252552338,979.1162187648362,False,settled
b,yellow_ramp,ramp,0.0,1.0,0.0,0.2976583179352798,1076.0267638864975,False,settled
b,yellow_ramp,ramp,0.0,1.0,0.0,0.6786355433787212,938.2398268753569,False,settled
b,yellow_ramp,ramp,0.0,1.0,0.0,0.8989352821697768,874.4473798243769,False,settled
b,yellow_ramp,ramp,0.0,1.0,0.0,0.8688269523424922,881.7156495230068,False,settled
b,yellow_ramp,ramp,0.0,1.0,0.0,1.046347187153989,837.1091914957484,False,settled
b,yellow_ramp,ramp,0.0,1.0,0.0,0.7265532121946542,925.89842838379,False,settled
b,yellow_ramp,ramp,0.0,1.0,0.0,0.7763269301837599,910.9617399349523,False,settled
b,yellow_ramp,ramp,0.0,1.0,0.0,0.8709663718373593,879.6146376278944,False,settled
b,yellow_ramp,ramp,0.0,1.0,0.0,0.3717636214028978,1046.387253790162,False,settled
b,yellow_ramp,ramp,0.0,1.0,0.0,0.9553595387336797,855.8674603452529,False,settled
b,yellow_ramp,ramp,0.0,1.0,0.0,0.7276956625225344,924.8887728594289,False,settled
b,yellow_ramp,ramp,0.0,1.0,0.0,0.7970912154144086,905.9135389221525,False,settled
b,yellow_ramp,ramp,0.0,1.0,0.0,1.1029396353605165,823.7967289848079,False,settled
b,yellow_ramp,ramp,0.0,1.0,0.0,0.5094540968485388,997.1339227233199,False,settled
b,yellow_ramp,ramp,0.0,1.0,0.0,0.7241016959509987,927.8159773620198,False,settled
b,yellow_ramp,ramp,0.0,1.0,0.0,0.7312896024434931,921.7380604476936,False,settled
b,yellow_ramp,ramp,0.0,1.0,0.0,0.6864249395801718,935.9627839468628,False,settled
b,yellow_ramp,ramp,0.0,1.0,0.0,0.7367708032561272,924.4512529556403,False,settled
b,yellow_ramp,ramp,0.0,1.0,0.0,0.46300545453331843,1018.9484786674487,False,settled
b,yellow_ramp,ramp,0.0,1.0,0.0,1.0843064966811924,827.8917095916081,False,settled
b,yellow_ramp,ramp,0.0,1.0,0.0,0.7643663761566007,913.076912207244,False,settled
b,yellow_ramp,ramp,0.0,1.0,0.0,0.32973051830112127,1071.8340149753408,False,settled
b,yellow_ramp,ramp,0.0,1.0,0.0,0.7719918824865409,907.7112892691896,False,settled
b,yellow_ramp,ramp,0.0,1.0,0.0,0.738786339257531,922.958349395711,False,settled
b,yellow_ramp,ramp,0.0,1.0,0.0,0.7371599140530428,924.1182794850033,False,settled
b,yellow_ramp,ramp,0.0,1.0,0.0,0.5108946963037839,995.9979056473411,False,settled
b,yellow_ramp,ramp,0.0,1.0,0.0,0.4416587818170661,1016.6445469979052,False,settled
b,yellow_ramp,ramp,0.0,1.0,0.0,0.5563297408003955,980.1250032122167,False,settled
b,yellow_ramp,ramp,0.0,1.0,0.0,0.45122403256892646,1021.2978019038266,False,settled
b,yellow_ramp,ramp,0.0,1.0,0.0,0.33428728320407775,1057.3821964966683,False,settled
b,yellow_ramp,ramp,0.0,1.0,0.0,0.47512140826916366,1013.35415581567,False,settled
b,yellow_ramp,ramp,0.0,1.0,0.0,1.0610664994701624,832.8172995654738,False,settled
b,yellow_ramp,ramp,0.0,1.0,0.0,0.452511206663824,1020.920713745906,False,settled
b,yellow_ramp,ramp,0.0,1.0,0.0,0.7792205595442266,908.3165696941991,False,settled
b,yellow_ramp,ramp,0.0,1.0,0.0,0.413414466271659,1026.315839011455,False,settled
b,yellow_ramp,ramp,0.0,1.0,0.0,0.3845300790543375,1049.4976467193635,False,settled
b,yellow_ramp,ramp,0.0,1.0,0.0,1.1665019479294756,808.0121658364898,False,settled
b,yellow_ramp,ramp,0.0,1.0,0.0,0.8422971440978678,890.6073496364909,False,settled
b,yellow_ramp,ramp,0.0,1.0,0.0,0.2807202774972662,1087.2223939080973,False,settled
b,yellow_ramp,ramp,0.0,1.0,0.0,0.7744672964388908,912.6619522362696,False,settled
b,yellow_ramp,ramp,0.0,1.0,0.0,1.0272290168200557,841.418307007169,False,settled
b,yellow_ramp,ramp,0.0,1.0,0.0,1.0693729426284224,832.2966811882502,False,settled
b,yellow_ramp,ramp,0.0,1.0,0.0,0.3320463272712097,1057.68274206129,False,settled
b,yellow_ramp,ramp,0.0,1.0,0.0,0.5218265793815873,987.7605713169199,False,settled
b,yellow_ramp,ramp,0.0,1.0,0.0,0.5471837261278939,987.6255558514401,False,settled
b,yellow_ramp,ramp,0.0,1.0,0.0,0.9280165276820542,865.8851041380618,False,settled
b,yellow_ramp,ramp,0.0,1.0,0.0,0.4157958054223073,1036.8145427649724,False,settled
b,yellow_ramp,ramp,0.0,1.0,0.0,0.2767059199446977,1085.0269550415865,False,settled
b,yellow_ramp,ramp,0.0,1.0,0.0,0.278417413539297,1083.9322388712167,False,settled
b,yellow_ramp,ramp,0.0,1.0,0.0,0.5821293746798795,969.5595212971455,False,settled
b,yellow_ramp,ramp,0.0,1.0,0.0,0.4602956825140552,1019.4576043042331,False,settled
b,yellow_ramp,ramp,0.0,1.0,0.0,0.745160042721335,917.4118530693793,False,settled
b,yellow_ramp,ramp,0.0,1.0,0.0,0.8738035065971927,882.6930360082292,False,settled
b,yellow_ramp,ramp,0.0,1.0,0.0,0.5650385590887145,973.4213045196424,False,settled
b,yellow_ramp,ramp,0.0,1.0,0.0,1.132446610685448,816.236100942905,False,settled
b,yellow_ramp,ramp,0.0,1.0,0.0,0.24885935339360962,1107.0501758058365,False,settled
b,yellow_ramp,ramp,0.0,1.0,0.0,0.29869790744510877,1075.388508164892,False,settled
b,yellow_ramp,ramp,0.0,1.0,0.0,0.8598980771219003,884.4933054881344,False,settled
b,yellow_ramp,ramp,0.0,1.0,0.0,0.5831619605934211,968.8220004531917,False,settled
b,yellow_ramp,ramp,0.0,1.0,0.0,0.6620920543587272,948.9592199035773,False,settled
b,yellow_ramp,ramp,0.0,1.0,0.0,1.0105094946400401,846.0343747201366,False,settled
b,yellow_ramp,ramp,0.0,1.0,0.0,0.3988739565897339,1034.4129442372139,False,settled
b,yellow_ramp,ramp,0.0,1.0,0.0,0.460993319947776,1019.3265291515273,False,settled
b,yellow_ramp,ramp,0.0,1.0,0.0,1.131729069210641,817.0030370765512,False,settled
b,yellow_ramp,ramp,0.0,1.0,0.0,1.0688023442996275,830.806497448086,False,settled
b,yellow_ramp,ramp,0.0,1.0,0.0,0.27688980670489455,1085.1541097623583,False,settled
b,yellow_ramp,ramp,0.0,1.0,0.0,0.6728635984045223,940.0807282105056,False,settled
b,yellow_ramp,ramp,0.0,1.0,0.0,0.5746872985235446,975.3189144803936,False,settled
b,yellow_ramp,ramp,0.0,1.0,0.0,1.1043557899388783,822.4079893160767,False,settled
b,yellow_ramp,ramp,0.0,1.0,0.0,0.5275522756846536,986.5187821257215,False,settled
b,yellow_ramp,ramp,0.0,1.0,0.0,0.8203072663994401,897.6652254388684,False,settled
b,yellow_ramp,ramp,0.0,1.0,0.0,0.5832845334344925,968.7234798353446,False,settled
b,yellow_ramp,ramp,0.0,1.0,0.0,0.5470579229236923,987.7293017380542,False,settled
b,yellow_ramp,ramp,0.0,1.0,0.0,0.8403876593214461,891.7476550772017,False,settled
b,yellow_ramp,ramp,0.0,1.0,0.0,0.4403627634749217,1017.6361407198638,False,settled
b,yellow_ramp,ramp,0.0,1.0,0.0,0.9815623071363042,849.6319900095322,False,settled
b,yellow_ramp,ramp,0.0,1.0,0.0,0.5096923955777015,996.9460383770546,False,settled
b,yellow_ramp,ramp,0.0,1.0,0.0,1.0222516750379615,843.7481798755861,False,settled
b,yellow_ramp,ramp,0.0,1.0,0.0,0.5148410421785905,992.8787365942331,False,settled
b,yellow_ramp,ramp,0.0,1.0,0.0,0.42349078252570244,1030.9017792337108,False,settled
b,yellow_ramp,ramp,0.0,1.0,0.0,0.9999823320523787,845.5507581149798,False,settled
b,yellow_ramp,ramp,0.0,1.0,0.0,0.6948780241422603,937.1873253694633,False,settled
b,yellow_ramp,ramp,0.0,1.0,0.0,0.2573370090537552,1091.529204748221,False,settled
b,yellow_ramp,ramp,0.0,1.0,0.0,0.9346358520342027,860.6120818410876,False,settled
b,yellow_ramp,ramp,0.0,1.0,0.0,0.2856206916841067,1080.6880000741767,False,settled
b,yellow_ramp,ramp,0.0,1.0,0.0,0.7726881295121647,907.0892860799432,False,settled
b,yellow_ramp,ramp,0.0,1.0,0.0,0.27117865662203117,1089.5236350080818,False,settled
b,yellow_ramp,ramp,0.0,1.0,0.0,0.29363807777002915,1077.9806239069558,False,settled
b,yellow_ramp,ramp,0.0,1.0,0.0,1.2032945615210529,799.1194221607524,False,settled
b,yellow_ramp,ramp,0.0,1.0,0.0,0.40359184449339436,1033.7270591732943,False,settled
b,yellow_ramp,ramp,0.0,1.0,0.0,1.1695751130344139,807.3062563635034,False,settled
b,yellow_ramp,ramp,0.0,1.0,0.0,0.5057759370047833,1000.0161508617638,False,settled
b,yellow_ramp,ramp,0.0,1.0,0.0,0.8583535610859332,886.0008345201344,False,settled
b,yellow_ramp,ramp,0.0,1.0,0.0,0.28463304167067804,1081.3264666481552,False,settled
b,yellow_ramp,ramp,0.0,1.0,0.0,0.4752160885136215,1013.2774280474812,False,settled
b,yellow_ramp,ramp,0.0,1.0,0.0,0.7766639290422094,910.6536866063276,False,settled
b,yellow_ramp,ramp,0.0,1.0,0.0,0.3510998202425102,1062.348619763024,False,settled
b,yellow_ramp,ramp,0.0,1.0,0.0,0.27931162807896254,1084.6966675642745,False,settled
b,yellow_ramp,ramp,0.0,1.0,0.0,1.103420027098226,824.0264645904033,False,settled
b,yellow_ramp,ramp,0.0,1.0,0.0,0.3164992813869602,1076.4079218398074,False,settled
b,yellow_ramp,ramp,0.0,1.0,0.0,1.0211325904045503,845.2098902976414,False,settled
b,yellow_ramp,ramp,0.0,1.0,0.0,1.0235056106144917,843.5841338370682,False,settled
b,yellow_ramp,ramp,0.0,1.0,0.0,0.4546260738370058,1020.5231696929428,False,settled
b,yellow_ramp,ramp,0.0,1.0,0.0,0.3353894481545992,1057.2521765351953,False,settled
b,yellow_ramp,ramp,0.0,1.0,0.0,0.5647669443282269,973.5488278317747,False,settled
b,yellow_ramp,ramp,0.0,1.0,0.0,0.8504613301234183,887.1599431487028,False,settled
b,yellow_ramp,ramp,0.0,1.0,0.0,0.45833815654711035,1019.825632373833,False,settled
b,yellow_ramp,ramp,0.0,1.0,0.0,0.2239922076320103,1114.5221169117403,False,settled
b,yellow_ramp,ramp,0.0,1.0,0.0,0.31674606260091626,1076.2134253845081,False,settled
b,yellow_ramp,ramp,0.0,1.0,0.0,0.7201752184017151,923.5932616428879,False,settled
b,yellow_ramp,ramp,0.0,1.0,0.0,1.0016756545457228,843.615037872973,False,settled
b,yellow_ramp,ramp,0.0,1.0,0.0,0.7284857593004704,924.1961332001547,False,settled
b,yellow_ramp,ramp,0.0,1.0,0.0,0.4590548873017385,1019.6909455590525,False,settled
b,yellow_ramp,ramp,0.0,1.0,0.0,0.5834393787428183,968.5990188532347,False,settled
b,yellow_ramp,ramp,0.0,1.0,0.0,0.4217734313520169,1032.2693267245295,False,settled
b,yellow_ramp,ramp,0.0,1.0,0.0,0.22388051303410592,1111.7212770569436,False,settled
b,yellow_ramp,ramp,0.0,1.0,0.0,1.1927211278970875,802.1214547294937,False,settled
b,yellow_ramp,ramp,0.0,1.0,0.0,1.0152525807008466,844.383210539568,False,settled
b,yellow_ramp,ramp,0.0,1.0,0.0,0.5693133341956311,979.7556096670646,False,settled
b,yellow_ramp,ramp,0.0,1.0,0.0,0.5870256552173435,965.7703870882639,False,settled
b,yellow_ramp,ramp,0.0,1.0,0.0,0.3842166524246931,1049.7193642994123,False,settled
b,yellow_ramp,ramp,0.0,1.0,0.0,0.9915617440854358,846.8692369960928,False,settled
b,yellow_ramp,ramp,0.0,1.0,0.0,1.1950395857583769,801.0856399483532,False,settled
b,yellow_ramp,ramp,0.0,1.0,0.0,0.6450946399826135,954.3083606691483,False,settled
b,yellow_ramp,ramp,0.0,1.0,0.0,0.9480233177116704,859.0192287059846,False,settled
b,yellow_ramp,ramp,0.0,1.0,0.0,0.7718561353572083,907.8334050007052,False,settled
b,yellow_ramp,ramp,0.0,1.0,0.0,0.8255509525904768,892.8832836109873,False,settled
b,yellow_ramp,ramp,0.0,1.0,0.0,1.003467473037225,845.6802974537387,False,settled
b,yellow_ramp,ramp,0.0,1.0,0.0,0.5618759818194984,975.9646728798418,False,settled
b,yellow_ramp,ramp,0.0,1.0,0.0,1.1187861111833448,819.1637526173214,False,settled
b,yellow_ramp,ramp,0.0,1.0,0.0,1.1542562476388123,810.8978137808574,False,settled
b,yellow_ramp,ramp,0.0,1.0,0.0,0.490755635413835,1000.787375874701,False,settled
b,yellow_ramp,ramp,0.0,1.0,0.0,0.6269614309978996,960.4832415749403,False,settled
b,yellow_ramp,ramp,0.0,1.0,0.0,0.24404762321250895,1095.026778520783,False,settled
b,yellow_ramp,ramp,0.0,1.0,0.0,1.0302973177662187,842.6590048611359,False,settled
b,yellow_ramp,ramp,0.0,1.0,0.0,1.0306258819302248,842.4116814309209,False,settled
b,yellow_ramp,ramp,0.0,1.0,0.0,1.1791967281581863,804.9922555154021,False,settled
b,yellow_ramp,ramp,0.0,1.0,0.0,0.3809343790493136,1039.2962242556791,False,settled
b,yellow_ramp,ramp,0.0,1.0,0.0,0.8966294471005661,871.5107932837001,False,settled
b,yellow_ramp,ramp,0.0,1.0,0.0,0.513694416063456,993.7872780422332,False,settled
b,yellow_ramp,ramp,0.0,1.0,0.0,0.6243277270794899,953.6403265046533,False,settled
b,yellow_ramp,ramp,0.0,1.0,0.0,1.1198483605971776,820.2013823417392,False,settled
b,yellow_ramp,ramp,0.0,1.0,0.0,0.6182349656965779,958.6799576400518,False,settled
b,yellow_ramp,ramp,0.0,1.0,0.0,0.26686563627554694,1097.8790144263598,False,settled
b,yellow_ramp,ramp,0.0,1.0,0.0,0.38534792219191905,1049.3649817171756,False,settled
b,yellow_ramp,ramp,0.0,1.0,0.0,0.582708360129945,969.1865878018677,False,settled
b,yellow_ramp,ramp,0.0,1.0,0.0,0.2210170244741048,1116.2738859693638,False,settled
b,yellow_ramp,ramp,0.0,1.0,0.0,0.5505909703438367,984.8196618652335,False,settled
b,yellow_ramp,ramp,0.0,1.0,0.0,0.8272015232973807,891.3771574648963,False,settled
b,yellow_ramp,ramp,0.0,1.0,0.0,0.48305097858102364,1006.9584738451742,False,settled
b,yellow_ramp,ramp,0.0,1.0,0.0,1.052966617392897,833.2917827609724,False,settled
b,yellow_ramp,ramp,0.0,1.0,0.0,0.4187612879723054,1034.683180609017,False,settled
b,yellow_ramp,ramp,0.0,1.0,0.0,0.8424265868331399,890.5521912552812,False,settled
b,yellow_ramp,ramp,0.0,1.0,0.0,0.4618238571843251,1019.1704837623089,False,settled
b,yellow_ramp,ramp,0.0,1.0,0.0,0.6274153653478466,960.0998672116357,False,settled
b,yellow_ramp,ramp,0.0,1.0,0.0,0.43318870133802534,1023.1944681066957,False,settled
b,yellow_ramp,ramp,0.0,1.0,0.0,0.8752629560025578,881.2386248191335,False,settled
b,yellow_ramp,ramp,0.0,1.0,0.0,0.7650945523919642,912.8220963969917,False,settled
b,yellow_ramp,ramp,0.0,1.0,0.0,0.5467684295888497,987.9680371898052,False,settled
b,yellow_ramp,ramp,0.0,1.0,0.0,0.603811008951615,966.2131274599391,False,settled
b,yellow_ramp,ramp,0.0,1.0,0.0,1.0240453836895789,842.9467601303363,False,settled
b,yellow_ramp,ramp,0.0,1.0,0.0,1.0125339796559434,847.7979235395363,False,settled
b,yellow_ramp,ramp,0.0,1.0,0.0,0.911186811134937,867.7227211553906,False,settled
b,yellow_ramp,ramp,0.0,1.0,0.0,0.7273926707319736,925.1563214181577,False,settled
b,yellow_ramp,ramp,0.0,1.0,0.0,0.419508293300747,1034.0838663190723,False,settled
b,yellow_ramp,ramp,0.0,1.0,0.0,0.40255419121843183,1033.878028818756,False,settled
b,yellow_ramp,ramp,0.0,1.0,0.0,0.7120676784834891,930.6421478747512,False,settled
b,yellow_ramp,ramp,0.0,1.0,0.0,0.6539405789761348,947.1196143527332,False,settled
b,yellow_ramp,ramp,0.0,1.0,0.0,0.3241680090785541,1072.5674427124934,False,settled
b,yellow_ramp,ramp,0.0,1.0,0.0,0.23163178870599385,1107.216937855917,False,settled
b,yellow_ramp,ramp,0.0,1.0,0.0,0.5971391593095889,967.9201418051355,False,settled
b,yellow_ramp,ramp,0.0,1.0,0.0,0.40042130561657246,1034.1879372444191,False,settled
b,yellow_ramp,ramp,0.0,1.0,0.0,0.2962595072469118,1076.8641972715388,False,settled
b,yellow_ramp,ramp,0.0,1.0,0.0,1.068886565299419,833.0437711536849,False,settled
b,yellow_ramp,ramp,0.0,1.0,0.0,0.8733058609624341,877.7057287653902,False,settled
b,yellow_ramp,ramp,0.0,1.0,0.0,1.1032501258981138,824.3241261664242,False,settled
b,yellow_ramp,ramp,0.0,1.0,0.0,0.32068078722881826,1073.6273779039477,False,settled
b,yellow_ramp,ramp,0.0,1.0,0.0,0.7195535503179518,924.2070399093634,False,settled
b,yellow_ramp,ramp,0.0,1.0,0.0,0.9637129781995101,855.8616798689407,False,settled
b,yellow_ramp,ramp,0.0,1.0,0.0,0.23002768878158233,1107.0694989468,False,settled
b,yellow_ramp,ramp,0.0,1.0,0.0,0.5478323660742791,987.0906412725453,False,settled
b,yellow_ramp,ramp,0.0,1.0,0.0,0.6418190017107676,948.2782155050882,False,settled
b,yellow_ramp,ramp,0.0,1.0,0.0,1.1895778415485272,803.0378340277914,False,settled
b,yellow_ramp,ramp,0.0,1.0,0.0,0.48992617146443845,1001.4489064325107,False,settled
b,yellow_ramp,ramp,0.0,1.0,0.0,0.8113382027793665,899.4424963534207,False,settled
b,yellow_ramp,ramp,0.0,1.0,0.0,0.7630742266786092,913.5290829161393,False,settled
b,yellow_ramp,ramp,0.0,1.0,0.0,0.9863092216370138,848.6040830819763,False,settled
b,yellow_ramp,ramp,0.0,1.0,0.0,0.9880281121754245,846.6210164346389,False,settled
b,yellow_ramp,ramp,0.0,1.0,0.0,0.6055301816223386,965.7733366918571,False,settled
b,yellow_ramp,ramp,0.0,1.0,0.0,1.14806308380528,812.4543406390226,False,settled
b,yellow_ramp,ramp,0.0,1.0,0.0,0.4919196651727877,999.8589999125901,False,settled
b,yellow_ramp,ramp,0.0,1.0,0.0,0.38957484823736965,1035.8115280327743,False,settled
b,yellow_ramp,ramp,0.0,1.0,0.0,0.7530940583724972,917.9692653652814,False,settled
b,yellow_ramp,ramp,0.0,1.0,0.0,0.5240157453550094,987.3612256704961,False,settled
b,yellow_ramp,ramp,0.0,1.0,0.0,0.2718700738983226,1084.7621896842052,False,settled
b,yellow_ramp,ramp,0.0,1.0,0.0,0.46470715887841185,1018.628751282331,False,settled
b,yellow_ramp,ramp,0.0,1.0,0.0,0.3597169427607147,1055.7942791316807,False,settled
b,yellow_ramp,ramp,0.0,1.0,0.0,0.4334085462076958,1023.0206443650367,False,settled
b,yellow_ramp,ramp,0.0,1.0,0.0,0.3182469835171651,1075.0302185646424,False,settled
b,yellow_ramp,ramp,0.0,1.0,0.0,0.6798187859021139,937.8925867357733,False,settled
b,yellow_ramp,ramp,0.0,1.0,0.0,0.3535569240773092,1060.4021061495198,False,settled
b,yellow_ramp,ramp,0.0,1.0,0.0,0.7551770272742728,916.2936754197325,False,settled
b,yellow_ramp,ramp,0.0,1.0,0.0,0.32553916016167184,1072.386668107473,False,settled
b,yellow_ramp,ramp,0.0,1.0,0.0,0.29083008116590253,1076.958959187862,False,settled
b,yellow_ramp,ramp,0.0,1.0,0.0,1.0431673882036188,839.0269452560299,False,settled
b,yellow_ramp,ramp,0.0,1.0,0.0,0.5917549262262042,971.4183855144383,False,settled
b,yellow_ramp,ramp,0.0,1.0,0.0,0.6507783774562522,949.486778844553,False,settled
b,yellow_ramp,ramp,0.0,1.0,0.0,0.6669675053496473,944.7929596412888,False,settled
b,yellow_ramp,ramp,0.0,1.0,0.0,0.4011264781717715,1034.085390964504,False,settled
b,yellow_ramp,ramp,0.0,1.0,0.0,0.5721956755599684,977.3756982584175,False,settled
b,yellow_ramp,ramp,0.0,1.0,0.0,0.5695906050619562,979.5266476850059,False,settled
b,yellow_ramp,ramp,0.0,1.0,0.0,1.0331487959999426,840.5222497994338,False,settled
b,yellow_ramp,ramp,0.0,1.0,0.0,1.027923138375655,841.988652141794,False,settled
b,yellow_ramp,ramp,0.0,1.0,0.0,0.5837138863888934,968.3783748212186,False,settled
b,yellow_ramp,ramp,0.0,1.0,0.0,1.0667175410287324,832.6603842755154,False,settled
b,yellow_ramp,ramp,0.0,1.0,0.0,0.36758646764989317,1049.6488136606074,False,settled
b,yellow_ramp,ramp,0.0,1.0,0.0,1.142583432407975,814.8180831434877,False,settled
b,yellow_ramp,ramp,0.0,1.0,0.0,1.030023204432961,842.865231647963,False,settled
b,yellow_ramp,ramp,0.0,1.0,0.0,0.5500070377995834,985.2973734239847,False,settled
b,yellow_ramp,ramp,0.0,1.0,0.0,0.6405866916552752,949.3754166801699,False,settled
b,yellow_ramp,ramp,0.0,1.0,0.0,0.8478116650042005,888.2748727334337,False,settled
b,yellow_ramp,ramp,0.0,1.0,0.0,0.22240115175953087,1114.7734460043475,False,settled
b,yellow_ramp,ramp,0.0,1.0,0.0,0.44595934943392335,1025.4702275608245,False,settled
b,yellow_ramp,ramp,0.0,1.0,0.0,0.7825804645779472,905.3581800279293,False,settled
b,yellow_ramp,ramp,0.0,1.0,0.0,0.24960420755338084,1094.5623449273257,False,settled
b,yellow_ramp,ramp,0.0,1.0,0.0,0.3511402231185806,1062.3164557651473,False,settled
b,yellow_ramp,ramp,0.0,1.0,0.0,0.31804378728833765,1075.1904301646855,False,settled
b,yellow_ramp,ramp,0.0,1.0,0.0,0.561849690667311,975.9860234939199,False,settled
b,yellow_ramp,ramp,0.0,1.0,0.0,0.30830192925532096,1068.5425771301136,False,settled
b,yellow_ramp,ramp,0.0,1.0,0.0,0.9099079419440192,869.0780629847342,False,settled
b,yellow_ramp,ramp,0.0,1.0,0.0,1.1830221967748382,803.7751489188735,False,settled
b,yellow_ramp,ramp,0.0,1.0,0.0,0.5009673534065886,1003.9201122765282,False,settled
b,yellow_ramp,ramp,0.0,1.0,0.0,0.30169032635967424,1073.4137630351695,False,settled
b,yellow_ramp,ramp,0.0,1.0,0.0,0.6790473596978881,938.1189732412003,False,settled
b,yellow_ramp,ramp,0.0,1.0,0.0,0.7947416116797298,901.1969752410581,False,settled
b,yellow_ramp,ramp,0.0,1.0,0.0,0.3524312822183779,1061.2917622960813,False,settled
b,yellow_ramp,ramp,0.0,1.0,0.0,0.7378678306363272,923.7566305266511,False,settled
b,yellow_ramp,ramp,0.0,1.0,0.0,0.7036794433363968,929.8080439437126,False,settled
b,yellow_ramp,ramp,0.0,1.0,0.0,0.43678932539510734,1020.3611426529642,False,settled
b,yellow_ramp,ramp,0.0,1.0,0.0,0.8416349005917039,890.8895456980617,False,settled
b,yellow_ramp,ramp,0.0,1.0,0.0,0.7393477257976244,922.4703803927198,False,settled
b,yellow_ramp,ramp,0.0,1.0,0.0,0.3569215373836384,1057.9952627112552,False,settled
b,yellow_ramp,ramp,0.0,1.0,0.0,0.5733002367501192,976.46391158697,False,settled
b,yellow_ramp,ramp,0.0,1.0,0.0,0.31160042950051353,1066.123487103305,False,settled
b,yellow_ramp,ramp,0.0,1.0,0.0,0.3634351909147767,1052.895812284343,False,settled
b,yellow_ramp,ramp,0.0,1.0,0.0,0.8868097690699064,875.4775562955459,False,settled
b,yellow_ramp,ramp,0.0,1.0,0.0,1.221563820272125,792.2280665723158,False,settled
b,yellow_ramp,ramp,0.0,1.0,0.0,1.224665212156714,791.0159775842362,False,settled
b,yellow_ramp,ramp,0.0,1.0,0.0,0.7468933090131307,915.9892438393766,False,settled
b,yellow_ramp,ramp,0.0,1.0,0.0,0.9244902449755031,864.7318053021594,False,settled
b,yellow_ramp,ramp,0.0,1.0,0.0,1.1458759100368505,813.102213682737,False,settled
b,yellow_ramp,ramp,0.0,1.0,0.0,0.9128033424836784,871.1875124256014,False,settled
b,yellow_ramp,ramp,0.0,1.0,0.0,0.5702007812810848,979.0227221988539,False,settled
b,yellow_ramp,ramp,0.0,1.0,0.0,0.9176055183933127,866.6074509746828,False,settled
b,yellow_ramp,ramp,0.0,1.0,0.0,0.4415170656983962,1016.7534524301179,False,settled
b,yellow_ramp,ramp,0.0,1.0,0.0,1.1031605763115988,823.4511505774302,False,settled
b,yellow_ramp,ramp,0.0,1.0,0.0,0.6966112580422439,935.9324219681806,False,settled
b,yellow_ramp,ramp,0.0,1.0,0.0,0.6334207017556409,955.0342946508581,False,settled
b,yellow_ramp,ramp,0.0,1.0,0.0,0.5691014670244143,979.9305547394259,False,settled
b,yellow_ramp,ramp,0.0,1.0,0.0,0.8020769875392222,901.2911431340244,False,settled
b,yellow_ramp,ramp,0.0,1.0,0.0,0.4334839642299171,1022.9609519391588,False,settled
b,yellow_ramp,ramp,0.0,1.0,0.0,1.114145570496718,820.5935483397176,False,settled
b,yellow_ramp,ramp,0.0,1.0,0.0,0.5560716886103796,980.3360628774805,False,settled
b,yellow_ramp,ramp,0.0,1.0,0.0,0.4329636182476372,1023.3724048398976,False,settled
b,yellow_ramp,ramp,0.0,1.0,0.0,1.0787882277412653,829.6689279037114,False,settled
b,yellow_ramp,ramp,0.0,1.0,0.0,0.7136710122455301,929.2356571757352,False,settled
b,yellow_ramp,ramp,0.0,1.0,0.0,0.5912972108735519,971.7942408101221,False,settled
b,yellow_ramp,ramp,0.0,1.0,0.0,0.6843884297228363,936.5522554749539,False,settled
b,yellow_ramp,ramp,0.0,1.0,0.0,0.7448821091067266,917.6543875784372,False,settled
b,yellow_ramp,ramp,0.0,1.0,0.0,0.7568083813430867,915.7224938650958,False,settled
b,yellow_ramp,ramp,0.0,1.0,0.0,0.5754350997976724,974.7016107911871,False,settled
b,yellow_ramp,ramp,0.0,1.0,0.0,0.8996311305630204,873.7356910034952,False,settled
b,yellow_ramp,ramp,0.0,1.0,0.0,0.6349193728943944,954.0358721107498,False,settled
b,yellow_ramp,ramp,0.0,1.0,0.0,0.3629057838081088,1053.3098919935067,False,settled
b,yellow_ramp,ramp,0.0,1.0,0.0,0.23813652192215504,1101.1266642940016,False,settled
b,yellow_ramp,ramp,0.0,1.0,0.0,0.9354893107081851,860.2640463778926,False,settled
b,yellow_ramp,ramp,0.0,1.0,0.0,0.6072894967622086,965.32841995932,False,settled
b,yellow_ramp,ramp,0.0,1.0,0.0,0.3553698852401938,1058.9687144379125,False,settled
b,yellow_ramp,ramp,0.0,1.0,0.0,0.530100777107774,985.9831748050658,False,settled
b,yellow_ramp,ramp,0.0,1.0,0.0,1.2031639528764349,799.3273554767352,False,settled
b,yellow_ramp,ramp,0.0,1.0,0.0,0.9760075409372693,851.4774621465505,False,settled
b,yellow_ramp,ramp,0.0,1.0,0.0,0.9798468764073813,851.6187469742805,False,settled
b,yellow_ramp,ramp,0.0,1.0,0.0,0.6393017221407078,950.4528621575263,False,settled
