trial,element,model,block_noise_sd,ramp_noise_sd,block_noise_up,ramp_noise_up,final_position_up,ramp_valid,up_stop_reason
a,black_block,ramp,0.31,0.0,0.7896990963355984,0.0,838.850262684554,False,settled
a,black_block,ramp,0.31,0.0,0.7904820015510124,0.0,843.7115266359936,False,settled
a,black_block,ramp,0.31,0.0,0.9461471231211055,0.0,842.9010465328682,False,settled
a,black_block,ramp,0.31,0.0,0.8625997419521332,0.0,838.0487329982008,False,settled
a,black_block,ramp,0.31,0.0,0.9814354081658958,0.0,837.7065231394703,False,settled
a,black_block,ramp,0.31,0.0,0.8906194643111432,0.0,838.5285098781329,False,settled
a,black_block,ramp,0.31,0.0,0.8458975075910252,0.0,838.3168292132927,False,settled
a,black_block,ramp,0.31,0.0,0.7935711406262689,0.0,843.3981759769284,False,settled
a,black_block,ramp,0.31,0.0,0.8750710468524958,0.0,842.2914575177178,False,settled
a,black_block,ramp,0.31,0.0,0.8200043070709379,0.0,843.4755910242654,False,settled
a,black_block,ramp,0.31,0.0,0.9775987851039234,0.0,838.3227402267524,False,settled
a,black_block,ramp,0.31,0.0,1.0839189738110602,0.0,841.9363895086133,False,settled
a,black_block,ramp,0.31,0.0,0.8767778627639269,0.0,838.1048889204205,False,settled
a,red_block,ramp,0.31,0.0,0.9727875411081233,0.0,838.953101072291,False,settled
a,red_block,ramp,0.31,0.0,1.0431282040789454,0.0,839.6136165147645,False,settled
a,red_block,ramp,0.31,0.0,0.9439393589053727,0.0,843.0269892418511,False,settled
b,blue_ramp,ramp,0.0,1.6,0.0,1.2575798919533656,905.4479154054379,False,settled
b,blue_ramp,ramp,0.0,1.6,0.0,1.276676400204251,901.4605895434667,False,settled
b,blue_ramp,ramp,0.0,1.6,0.0,0.8170974659185775,1063.5444332611758,False,settled
b,blue_ramp,ramp,0.0,1.6,0.0,1.003906831937999,984.7444013770308,False,settled
b,blue_ramp,ramp,0.0,1.6,0.0,0.8829695167515157,1037.076061105708,False,settled
b,blue_ramp,ramp,0.0,1.6,0.0,0.7706097998191771,1072.4089210593986,False,settled
b,blue_ramp,ramp,0.0,1.6,0.0,0.9296313030042358,1019.1127192208221,False,settled
b,blue_ramp,ramp,0.0,1.6,0.0,1.3045588470988192,888.588737884086,False,settled
b,blue_ramp,ramp,0.0,1.6,0.0,1.1236470522914888,945.2565438774659,False,settled
b,blue_ramp,ramp,0.0,1.6,0.0,1.0190088609742503,984.0687315930319,False,settled
b,blue_ramp,ramp,0.0,1.6,0.0,0.6954764065814056,1102.3754911285405,False,settled
b,blue_ramp,ramp,0.0,1.6,0.0,0.8163217257686786,1064.1617484636067,False,settled
b,blue_ramp,ramp,0.0,1.6,0.0,1.5492042785922022,828.5665293321158,False,settled
b,blue_ramp,ramp,0.0,1.6,0.0,1.6305682858881039,808.5799304762975,False,settled
b,blue_ramp,ramp,0.0,1.6,0.0,0.9543021685510813,1003.9430403239459,False,settled
b,blue_ramp,ramp,0.0,1.6,0.0,0.9673377675619284,1004.8372029465679,False,settled
b,blue_ramp,ramp,0.0,1.6,0.0,0.7034197480092977,1104.1421270810797,False,settled
b,blue_ramp,ramp,0.0,1.6,0.0,0.9361787131331769,1006.4193236903697,False,settled
b,blue_ramp,ramp,0.0,1.6,0.0,0.7099632537529925,1105.2163118214257,False,settled
b,blue_ramp,ramp,0.0,1.6,0.0,1.609260261993201,813.7862031599021,False,settled
b,blue_ramp,ramp,0.0,1.6,0.0,0.7992765737189274,1057.7147502811813,False,settled
b,blue_ramp,ramp,0.0,1.6,0.0,1.0931475946813054,952.5854380554224,False,settled
b,blue_ramp,ramp,0.0,1.6,0.0,0.805412138936426,1056.9524987644897,False,settled
b,blue_ramp,ramp,0.0,1.6,0.0,0.7055407641982842,1101.642932017361,False,settled
b,blue_ramp,ramp,0.0,1.6,0.0,1.678278315207125,796.1345134412738,False,settled
b,blue_ramp,ramp,0.0,1.6,0.0,1.2313161159625121,913.2694685555224,False,settled
b,blue_ramp,ramp,0.0,1.6,0.0,0.9901002824079481,987.6675250220763,False,settled
b,blue_ramp,ramp,0.0,1.6,0.0,0.9957590384935465,986.3712307034948,False,settled
b,blue_ramp,ramp,0.0,1.6,0.0,0.7710313532354999,1072.1102293998586,False,settled
b,blue_ramp,ramp,0.0,1.6,0.0,1.1918767856226562,927.8223961659155,False,settled
b,blue_ramp,ramp,0.0,1.6,0.0,1.1324688364488988,946.4731725015013,False,settled
b,blue_ramp,ramp,0.0,1.6,0.0,0.9664148753426745,1005.5868007251365,False,settled
b,blue_ramp,ramp,0.0,1.6,0.0,1.5068068330640425,835.5779245549653,False,settled
b,blue_ramp,ramp,0.0,1.6,0.0,1.2678425952139027,902.8990275159451,False,settled
b,blue_ramp,ramp,0.0,1.6,0.0,0.9639247124993171,996.588704636613,False,settled
b,blue_ramp,ramp,0.0,1.6,0.0,1.550756457301533,829.59433081777,False,settled
b,blue_ramp,ramp,0.0,1.6,0.0,1.647057060886984,804.4728444189666,False,settled
b,blue_ramp,ramp,0.0,1.6,0.0,0.901474564800531,1022.5732280138367,False,settled
b,blue_ramp,ramp,0.0,1.6,0.0,0.9439077489977885,1012.3117151915046,False,settled
b,blue_ramp,ramp,0.0,1.6,0.0,1.2883432336262697,897.1941482276184,False,settled
b,blue_ramp,ramp,0.0,1.6,0.0,1.134335766360923,944.9036990547471,False,settled
b,blue_ramp,ramp,0.0,1.6,0.0,1.075804814472421,965.0723525998326,False,settled
b,blue_ramp,ramp,0.0,1.6,0.0,0.993579265721794,986.8311462890879,False,settled
b,blue_ramp,ramp,0.0,1.6,0.0,0.6864098556217821,1107.0612649527527,False,settled
b,blue_ramp,ramp,0.0,1.6,0.0,0.913648902137545,1025.319701231745,False,settled
b,blue_ramp,ramp,0.0,1.6,0.0,0.7920791764739954,1072.5132858503584,False,settled
b,blue_ramp,ramp,0.0,1.6,0.0,1.0979974579452092,957.4967654501057,False,settled
b,blue_ramp,ramp,0.0,1.6,0.0,1.0554165982040316,964.9956117509813,False,settled
b,blue_ramp,ramp,0.0,1.6,0.0,1.342042179640902,881.9567610652263,False,settled
b,blue_ramp,ramp,0.0,1.6,0.0,1.5427970580830064,831.5847817390394,False,settled
b,blue_ramp,ramp,0.0,1.6,0.0,1.553279772572268,828.9916785776417,False,settled
b,blue_ramp,ramp,0.0,1.6,0.0,1.1339418354832989,945.2347997182019,False,settled
b,blue_ramp,ramp,0.0,1.6,0.0,1.4217582471453505,857.0637958516587,False,settled
b,blue_ramp,ramp,0.0,1.6,0.0,1.6494355742106226,804.3468790773729,False,settled
b,blue_ramp,ramp,0.0,1.6,0.0,0.826302678764232,1056.5142706042611,False,settled
b,blue_ramp,ramp,0.0,1.6,0.0,1.226477846054216,914.9628525294007,False,settled
b,blue_ramp,ramp,0.0,1.6,0.0,0.884035452935615,1036.4689689485044,False,settled
b,blue_ramp,ramp,0.0,1.6,0.0,1.6693895033538202,799.7846384925535,False,settled
b,blue_ramp,ramp,0.0,1.6,0.0,1.471112740960748,845.5094428630875,False,settled
b,blue_ramp,ramp,0.0,1.6,0.0,1.417597242524455,856.7751287042296,False,settled
b,blue_ramp,ramp,0.0,1.6,0.0,1.6061364915086793,814.8340845466224,False,settled
b,blue_ramp,ramp,0.0,1.6,0.0,1.1862899708031602,924.8712361253666,False,settled
b,blue_ramp,ramp,0.0,1.6,0.0,1.2822146651173778,896.2911434867051,False,settled
b,blue_ramp,ramp,0.0,1.6,0.0,0.8872921919951824,1033.856088677384,False,settled
b,blue_ramp,ramp,0.0,1.6,0.0,0.6912246367657273,1107.9594902100291,False,settled
b,blue_ramp,ramp,0.0,1.6,0.0,0.8585247990404267,1035.5910664241471,False,settled
b,blue_ramp,ramp,0.0,1.6,0.0,0.836270806207981,1048.7226292959895,False,settled
b,blue_ramp,ramp,0.0,1.6,0.0,0.7101789256851189,1106.0369881497872,False,settled
b,blue_ramp,ramp,0.0,1.6,0.0,1.0296524625647545,975.7401466487231,False,settled
b,blue_ramp,ramp,0.0,1.6,0.0,1.0909786831656045,954.3407999426503,False,settled
b,blue_ramp,ramp,0.0,1.6,0.0,0.7445599496676916,1084.8377676544692,False,settled
b,blue_ramp,ramp,0.0,1.6,0.0,1.0003434856330793,985.4105979824366,False,settled
b,blue_ramp,ramp,0.0,1.6,0.0,0.8045024663302933,1057.0579855368233,False,settled
b,blue_ramp,ramp,0.0,1.6,0.0,1.665105640121221,800.7708648114226,False,settled
b,blue_ramp,ramp,0.0,1.6,0.0,1.0834902395457993,960.2910839269543,False,settled
b,blue_ramp,ramp,0.0,1.6,0.0,1.4032624008594425,860.1275782594953,False,settled
b,blue_ramp,ramp,0.0,1.6,0.0,1.1508007570672107,936.8707504094676,False,settled
b,blue_ramp,ramp,0.0,1.6,0.0,1.3508378033522845,878.9579851038694,False,settled
b,blue_ramp,ramp,0.0,1.6,0.0,1.37606655495075,870.0566614060284,False,settled
b,blue_ramp,ramp,0.0,1.6,0.0,1.4836155598062168,844.7218805189123,False,settled
b,blue_ramp,ramp,0.0,1.6,0.0,1.1350819617741639,944.5308861579251,False,settled
b,blue_ramp,ramp,0.0,1.6,0.0,0.9250578665591166,1019.972262728831,False,settled
b,blue_ramp,ramp,0.0,1.6,0.0,0.7165617829738031,1092.9988287556012,False,settled
b,blue_ramp,ramp,0.0,1.6,0.0,0.729383402865834,1094.894863484345,False,settled
b,blue_ramp,ramp,0.0,1.6,0.0,1.0499907633257888,969.3614818631028,False,settled
b,blue_ramp,ramp,0.0,1.6,0.0,1.3136544011533062,888.9723269655966,False,settled
b,blue_ramp,ramp,0.0,1.6,0.0,0.8378031239358066,1047.5242974550713,False,settled
b,blue_ramp,ramp,0.0,1.6,0.0,1.4687925314639778,843.9834834075242,False,settled
b,blue_ramp,ramp,0.0,1.6,0.0,1.046568098813498,971.7248030716974,False,settled
b,blue_ramp,ramp,0.0,1.6,0.0,1.0261176516093518,978.2537477702765,False,settled
b,blue_ramp,ramp,0.0,1.6,0.0,0.7333345606090873,1086.4712037558168,False,settled
b,blue_ramp,ramp,0.0,1.6,0.0,1.5109055973146683,838.700191791066,False,settled
b,blue_ramp,ramp,0.0,1.6,0.0,1.1162574509727892,951.1941221246077,False,settled
b,blue_ramp,ramp,0.0,1.6,0.0,1.449873517121276,848.782631465827,False,settled
b,blue_ramp,ramp,0.0,1.6,0.0,0.7197038886789536,1101.1120299314061,False,settled
b,blue_ramp,ramp,0.0,1.6,0.0,0.8818413857012664,1037.9804931323329,False,settled
b,blue_ramp,ramp,0.0,1.6,0.0,1.3788253241752266,867.58281673975,False,settled
b,blue_ramp,ramp,0.0,1.6,0.0,1.683864031117511,792.9388455613,False,settled
b,blue_ramp,ramp,0.0,1.6,0.0,1.2606994524290087,902.5865822115027,False,settled
b,blue_ramp,ramp,0.0,1.6,0.0,1.548528192267895,829.6539772881879,False,settled
b,blue_ramp,ramp,0.0,1.6,0.0,1.0614317170903071,969.6376129559386,False,settled
b,blue_ramp,ramp,0.0,1.6,0.0,1.5385649398246697,830.9832901876525,False,settled
b,blue_ramp,ramp,0.0,1.6,0.0,0.9913606880446357,987.3941140672133,False,settled
b,blue_ramp,ramp,0.0,1.6,0.0,0.8472596059141217,1040.2000249604525,False,settled
b,blue_ramp,ramp,0.0,1.6,0.0,1.5957436131431129,816.8697788568628,False,settled
b,blue_ramp,ramp,0.0,1.6,0.0,0.8657522227677914,1034.5033178900824,False,settled
b,blue_ramp,ramp,0.0,1.6,0.0,1.0356931222661987,980.6805815044522,False,settled
b,blue_ramp,ramp,0.0,1.6,0.0,1.0411721396193163,976.1569132436225,False,settled
b,blue_ramp,ramp,0.0,1.6,0.0,1.2253917283164624,915.3431579015862,False,settled
b,blue_ramp,ramp,0.0,1.6,0.0,1.4593466591663495,846.5332970415749,False,settled
b,blue_ramp,ramp,0.0,1.6,0.0,0.7500313655278134,1082.8129199507766,False,settled
b,blue_ramp,ramp,0.0,1.6,0.0,0.7140905434000175,1101.9502296684873,False,settled
b,blue_ramp,ramp,0.0,1.6,0.0,1.338216142761923,879.8603133055756,False,settled
b,blue_ramp,ramp,0.0,1.6,0.0,0.8346438060636499,1049.9949827686187,False,settled
b,blue_ramp,ramp,0.0,1.6,0.0,0.720360730619133,1100.9123630842303,False,settled
b,blue_ramp,ramp,0.0,1.6,0.0,1.39028670202239,866.1658765778212,False,settled
b,blue_ramp,ramp,0.0,1.6,0.0,0.733708529751682,1098.4544530921905,False,settled
b,blue_ramp,ramp,0.0,1.6,0.0,1.4936790408216798,842.7582404991787,False,settled
b,blue_ramp,ramp,0.0,1.6,0.0,1.670163310550497,799.4096984107549,False,settled
b,blue_ramp,ramp,0.0,1.6,0.0,0.7185335402951819,1098.5653549910448,False,settled
b,blue_ramp,ramp,0.0,1.6,0.0,1.681417196638316,795.3024353305383,False,settled
b,blue_ramp,ramp,0.0,1.6,0.0,1.0487205549543777,970.2895994783535,False,settled
b,blue_ramp,ramp,0.0,1.6,0.0,0.8164149464793656,1064.0875709120166,False,settled
b,blue_ramp,ramp,0.0,1.6,0.0,0.7137255390296643,1100.542249499851,False,settled
b,blue_ramp,ramp,0.0,1.6,0.0,0.7530448252374007,1081.5369849288043,False,settled
b,blue_ramp,ramp,0.0,1.6,0.0,1.048189742567054,970.7136147288522,False,settled
b,blue_ramp,ramp,0.0,1.6,0.0,1.468024814783092,844.9017146359331,False,settled
b,blue_ramp,ramp,0.0,1.6,0.0,1.3783744085648844,868.0345650308303,False,settled
b,blue_ramp,ramp,0.0,1.6,0.0,1.2203361582123762,918.1991343126815,False,settled
b,blue_ramp,ramp,0.0,1.6,0.0,1.1620981293357382,937.4306264507993,False,settled
b,blue_ramp,ramp,0.0,1.6,0.0,1.0361761401914225,980.2817561976336,False,settled
b,blue_ramp,ramp,0.0,1.6,0.0,1.0558826042204277,974.1877152644274,False,settled
b,blue_ramp,ramp,0.0,1.6,0.0,1.232673034481114,912.7946326046465,False,settled
b,blue_ramp,ramp,0.0,1.6,0.0,1.1995855019395663,921.0402654703951,False,settled
b,blue_ramp,ramp,0.0,1.6,0.0,1.5541055728317552,827.644997004233,False,settled
b,blue_ramp,ramp,0.0,1.6,0.0,0.9960228825586062,986.3161511254578,False,settled
b,blue_ramp,ramp,0.0,1.6,0.0,0.7627989555895668,1077.3407442515734,False,settled
b,blue_ramp,ramp,0.0,1.6,0.0,0.7345621925230068,1097.9584707317235,False,settled
b,blue_ramp,ramp,0.0,1.6,0.0,1.074609258254467,965.3738767661494,False,settled
b,blue_ramp,ramp,0.0,1.6,0.0,1.0645774136747648,967.935939910935,False,settled
b,blue_ramp,ramp,0.0,1.6,0.0,1.2161845631849697,914.3583711207754,False,settled
b,blue_ramp,ramp,0.0,1.6,0.0,1.0652349050245973,967.76771555931,False,settled
b,blue_ramp,ramp,0.0,1.6,0.0,1.2568203430366278,906.1471353387736,False,settled
b,blue_ramp,ramp,0.0,1.6,0.0,1.2581696316597355,904.9050081963954,False,settled
b,blue_ramp,ramp,0.0,1.6,0.0,0.7608399710355048,1078.0867486726434,False,settled
b,blue_ramp,ramp,0.0,1.6,0.0,1.209094215756733,920.5180576473996,False,settled
b,blue_ramp,ramp,0.0,1.6,0.0,1.20053725094182,920.2963540704372,False,settled
b,blue_ramp,ramp,0.0,1.6,0.0,1.2487388355140379,906.485100997789,False,settled
b,blue_ramp,ramp,0.0,1.6,0.0,0.7408134492558783,1086.7403495228016,False,settled
b,blue_ramp,ramp,0.0,1.6,0.0,1.6154210750342628,812.039100318666,False,settled
b,blue_ramp,ramp,0.0,1.6,0.0,0.8551123632861816,1036.2077469978567,False,settled
b,blue_ramp,ramp,0.0,1.6,0.0,0.7980742173471811,1071.7229181092412,False,settled
b,blue_ramp,ramp,0.0,1.6,0.0,1.306435561012237,893.1337614985649,False,settled
b,blue_ramp,ramp,0.0,1.6,0.0,0.8414421443095196,1044.6965287989717,False,settled
b,blue_ramp,ramp,0.0,1.6,0.0,1.5101167706436973,837.2673237422125,False,settled
b,blue_ramp,ramp,0.0,1.6,0.0,1.5499967016766787,828.47313755715,False,settled
b,blue_ramp,ramp,0.0,1.6,0.0,1.5901526409990474,818.849422855904,False,settled
b,blue_ramp,ramp,0.0,1.6,0.0,1.118447464989087,949.3439723022306,False,settled
b,blue_ramp,ramp,0.0,1.6,0.0,1.466126295870692,847.1729200928148,False,settled
b,blue_ramp,ramp,0.0,1.6,0.0,1.4324442070179366,854.7310998269238,False,settled
b,blue_ramp,ramp,0.0,1.6,0.0,0.8891386871587985,1032.3766162774227,False,settled
b,blue_ramp,ramp,0.0,1.6,0.0,1.5549747029809096,827.4076128101971,False,settled
b,blue_ramp,ramp,0.0,1.6,0.0,1.6307942445383494,808.6845965079759,False,settled
b,blue_ramp,ramp,0.0,1.6,0.0,1.2717009251045364,899.3242005024172,False,settled
b,blue_ramp,ramp,0.0,1.6,0.0,1.1800874728112025,930.186174068674,False,settled
b,blue_ramp,ramp,0.0,1.6,0.0,0.7636212571569884,1076.9371151990824,False,settled
b,blue_ramp,ramp,0.0,1.6,0.0,1.4726833067387566,843.6372094356946,False,settled
b,blue_ramp,ramp,0.0,1.6,0.0,1.3871913543750316,864.4479600602796,False,settled
b,blue_ramp,ramp,0.0,1.6,0.0,1.4178104738843946,856.5435527123097,False,settled
b,blue_ramp,ramp,0.0,1.6,0.0,1.1205166113622507,947.8502834716597,False,settled
b,blue_ramp,ramp,0.0,1.6,0.0,1.114776573661588,952.4499691051184,False,settled
b,blue_ramp,ramp,0.0,1.6,0.0,1.1370479564152627,942.8757010568942,False,settled
b,blue_ramp,ramp,0.0,1.6,0.0,1.154253992200378,935.8675350822948,False,settled
b,blue_ramp,ramp,0.0,1.6,0.0,1.6714741145811047,798.7144096028073,False,settled
b,blue_ramp,ramp,0.0,1.6,0.0,0.9523333124985831,1005.5257372022334,False,settled
b,blue_ramp,ramp,0.0,1.6,0.0,1.2766488035841725,901.4863492940688,False,settled
b,blue_ramp,ramp,0.0,1.6,0.0,1.6643531030807364,801.10168977635,False,settled
b,blue_ramp,ramp,0.0,1.6,0.0,1.6222677731697184,810.1035542565614,False,settled
b,blue_ramp,ramp,0.0,1.6,0.0,1.4727781247460812,848.1926618173792,False,settled
b,blue_ramp,ramp,0.0,1.6,0.0,1.5707324295567995,824.3551137190296,False,settled
b,blue_ramp,ramp,0.0,1.6,0.0,1.583540455690171,818.6261886130925,False,settled
b,blue_ramp,ramp,0.0,1.6,0.0,1.3635099528071821,872.1327768024832,False,settled
b,blue_ramp,ramp,0.0,1.6,0.0,1.1911726776916731,928.1949364833864,False,settled
b,blue_ramp,ramp,0.0,1.6,0.0,1.0397794877043125,977.3065138385283,False,settled
b,blue_ramp,ramp,0.0,1.6,0.0,0.7560600137395297,1076.7094677121827,False,settled
b,blue_ramp,ramp,0.0,1.6,0.0,1.420596254928773,858.3441518544298,False,settled
b,blue_ramp,ramp,0.0,1.6,0.0,1.3461517817265836,877.8620774447529,False,settled
b,blue_ramp,ramp,0.0,1.6,0.0,1.459478350338027,846.4681082062377,False,settled
b,blue_ramp,ramp,0.0,1.6,0.0,0.8787015734791445,1027.9980926575172,False,settled
b,blue_ramp,ramp,0.0,1.6,0.0,1.5275702472953314,834.0700881216599,False,settled
b,blue_ramp,ramp,0.0,1.6,0.0,1.4836809097152481,844.6461941290565,False,settled
b,blue_ramp,ramp,0.0,1.6,0.0,1.1860975820497268,925.0385855434574,False,settled
b,blue_ramp,ramp,0.0,1.6,0.0,1.2310493425929692,913.3628223847307,False,settled
b,blue_ramp,ramp,0.0,1.6,0.0,1.3059259210534115,887.6017160788747,False,settled
b,blue_ramp,ramp,0.0,1.6,0.0,0.9334746230224579,1018.3906105048655,False,settled
b,blue_ramp,ramp,0.0,1.6,0.0,1.0719667438852036,966.0453800217488,False,settled
b,blue_ramp,ramp,0.0,1.6,0.0,1.3836194314843253,867.7854723593247,False,settled
b,blue_ramp,ramp,0.0,1.6,0.0,1.563080907865352,826.3874493272461,False,settled
b,blue_ramp,ramp,0.0,1.6,0.0,1.059529786364126,971.1926810706266,False,settled
b,blue_ramp,ramp,0.0,1.6,0.0,0.85299503492061,1049.3411116558796,False,settled
b,blue_ramp,ramp,0.0,1.6,0.0,0.7394837176631165,1084.6809636438993,False,settled
b,blue_ramp,ramp,0.0,1.6,0.0,0.7821388927923919,1077.8740493717535,False,settled
b,blue_ramp,ramp,0.0,1.6,0.0,1.0055300188150336,984.4057678486641,False,settled
b,blue_ramp,ramp,0.0,1.6,0.0,0.7054392496489102,1101.6490784965886,False,settled
b,blue_ramp,ramp,0.0,1.6,0.0,0.9144959073835386,1024.6480564769308,False,settled
b,blue_ramp,ramp,0.0,1.6,0.0,1.6787076325938965,796.1845820241763,False,settled
b,blue_ramp,ramp,0.0,1.6,0.0,1.455266122518635,846.9259804332528,False,settled
b,blue_ramp,ramp,0.0,1.6,0.0,0.9517399626362165,1006.0027062706049,False,settled
b,blue_ramp,ramp,0.0,1.6,0.0,1.6071916184657624,815.4390859164648,False,settled
b,blue_ramp,ramp,0.0,1.6,0.0,0.8808320441075708,1026.3721410403668,False,settled
b,blue_ramp,ramp,0.0,1.6,0.0,1.2833715084643655,895.3002950261192,False,settled
b,blue_ramp,ramp,0.0,1.6,0.0,1.1402315316067828,940.1915607857317,False,settled
b,blue_ramp,ramp,0.0,1.6,0.0,1.308729161066853,891.0624210384543,False,settled
b,blue_ramp,ramp,0.0,1.6,0.0,1.2711596238522032,899.8240810653942,False,settled
b,blue_ramp,ramp,0.0,1.6,0.0,1.522022663530235,835.8647004537476,False,settled
b,blue_ramp,ramp,0.0,1.6,0.0,1.5942176162685346,819.0356919296596,False,settled
b,blue_ramp,ramp,0.0,1.6,0.0,0.7017458341283866,1110.7784950000678,False,settled
b,blue_ramp,ramp,0.0,1.6,0.0,1.0462123819890385,972.0160201502514,False,settled
b,blue_ramp,ramp,0.0,1.6,0.0,1.1833922337291318,927.3015553849451,False,settled
b,blue_ramp,ramp,0.0,1.6,0.0,1.3388154319432524,879.359074824909,False,settled
b,blue_ramp,ramp,0.0,1.6,0.0,1.5386357705687086,830.8481896295746,False,settled
b,blue_ramp,ramp,0.0,1.6,0.0,1.404965773944916,863.9099737102907,False,settled
b,blue_ramp,ramp,0.0,1.6,0.0,0.8815023343787554,1038.2522778350801,False,settled
b,blue_ramp,ramp,0.0,1.6,0.0,1.5220778699975865,835.7843850285359,False,settled
b,blue_ramp,ramp,0.0,1.6,0.0,1.1831926259452252,927.4752146975235,False,settled
b,blue_ramp,ramp,0.0,1.6,0.0,1.6086747133060346,815.0714739013748,False,settled
b,blue_ramp,ramp,0.0,1.6,0.0,1.2291926770165846,914.012537528829,False,settled
b,blue_ramp,ramp,0.0,1.6,0.0,0.8486789862622048,1039.1134421260936,False,settled
b,blue_ramp,ramp,0.0,1.6,0.0,1.1109255744526747,947.0530424355445,False,settled
b,blue_ramp,ramp,0.0,1.6,0.0,1.3941609002020536,867.3199623065357,False,settled
b,blue_ramp,ramp,0.0,1.6,0.0,0.887815823318141,1033.4359561166832,False,settled
b,blue_ramp,ramp,0.0,1.6,0.0,1.1607254941811476,938.6242188212894,False,settled
b,blue_ramp,ramp,0.0,1.6,0.0,1.4821894135944957,845.0298704001028,False,settled
b,blue_ramp,ramp,0.0,1.6,0.0,1.038365428656225,978.4740319320423,False,settled
b,blue_ramp,ramp,0.0,1.6,0.0,1.5320832943870932,833.3769633715052,False,settled
b,blue_ramp,ramp,0.0,1.6,0.0,1.1023429253215478,954.0999980918776,False,settled
b,blue_ramp,ramp,0.0,1.6,0.0,0.7639902351842651,1076.7382297005586,False,settled
b,blue_ramp,ramp,0.0,1.6,0.0,1.0684324601219664,966.9495054688668,False,settled
b,blue_ramp,ramp,0.0,1.6,0.0,1.218077418782547,920.212520538336,False,settled
b,blue_ramp,ramp,0.0,1.6,0.0,1.5397774441289025,831.4813769732228,False,settled
b,blue_ramp,ramp,0.0,1.6,0.0,0.7543310900547838,1077.9754253498393,False,settled
b,blue_ramp,ramp,0.0,1.6,0.0,0.8944707770998879,1028.1302760193003,False,settled
b,blue_ramp,ramp,0.0,1.6,0.0,1.0898924498420253,955.2397481445689,False,settled
b,blue_ramp,ramp,0.0,1.6,0.0,1.5186295850960851,836.9045545122744,False,settled
b,blue_ramp,ramp,0.0,1.6,0.0,1.134747811641384,944.5573649771119,False,settled
b,blue_ramp,ramp,0.0,1.6,0.0,0.7578348612870582,1076.6439867981214,False,settled
b,blue_ramp,ramp,0.0,1.6,0.0,1.0678121168560861,967.1081988832308,False,settled
b,blue_ramp,ramp,0.0,1.6,0.0,1.193066860173288,926.7703774883306,False,settled
b,blue_ramp,ramp,0.0,1.6,0.0,1.2707532794615684,900.2007569824738,False,settled
b,blue_ramp,ramp,0.0,1.6,0.0,1.2957768624669705,890.3946116491946,False,settled
b,blue_ramp,ramp,0.0,1.6,0.0,0.6871129014598237,1105.1724299234618,False,settled
b,blue_ramp,ramp,0.0,1.6,0.0,1.6833141202317383,793.7969119783628,False,settled
b,blue_ramp,ramp,0.0,1.6,0.0,0.7149675467375678,1105.0543297573436,False,settled
b,blue_ramp,ramp,0.0,1.6,0.0,1.5280654159072935,834.4239114695833,False,settled
b,blue_ramp,ramp,0.0,1.6,0.0,0.8391119914898848,1046.5049254800265,False,settled
b,blue_ramp,ramp,0.0,1.6,0.0,1.3517006042797608,878.0930744845151,False,settled
b,blue_ramp,ramp,0.0,1.6,0.0,0.8284399888394115,1054.848876663786,False,settled
b,blue_ramp,ramp,0.0,1.6,0.0,0.7611068972212366,1077.9920039497117,False,settled
b,blue_ramp,ramp,0.0,1.6,0.0,0.8173983557858601,1063.3049659856463,False,settled
b,blue_ramp,ramp,0.0,1.6,0.0,1.264527985147152,905.9721613485932,False,settled
b,blue_ramp,ramp,0.0,1.6,0.0,0.9582532478103366,1000.7892797157396,False,settled
b,blue_ramp,ramp,0.0,1.6,0.0,1.406426460928421,863.1293273991062,False,settled
b,blue_ramp,ramp,0.0,1.6,0.0,1.1954602032211485,924.6568640878565,False,settled
b,blue_ramp,ramp,0.0,1.6,0.0,0.9615846891203937,998.4205688805791,False,settled
b,blue_ramp,ramp,0.0,1.6,0.0,1.4757973243200997,844.1166162332098,False,settled
b,blue_ramp,ramp,0.0,1.6,0.0,1.3491883100783642,875.1765580178254,False,settled
b,blue_ramp,ramp,0.0,1.6,0.0,1.6782173702611545,796.4411429316115,False,settled
b,blue_ramp,ramp,0.0,1.6,0.0,0.9298414820975229,1019.0732296272636,False,settled
b,blue_ramp,ramp,0.0,1.6,0.0,1.3501313779749455,879.6665477804278,False,settled
b,blue_ramp,ramp,0.0,1.6,0.0,0.9854086272708269,990.7488565489014,False,settled
b,blue_ramp,ramp,0.0,1.6,0.0,1.0008350639246453,985.3080281797197,False,settled
b,blue_ramp,ramp,0.0,1.6,0.0,1.215649745069853,914.8206788973217,False,settled
b,blue_ramp,ramp,0.0,1.6,0.0,0.8397867818919322,1045.9812570997485,False,settled
b,blue_ramp,ramp,0.0,1.6,0.0,1.1544029354932286,935.8244216659245,False,settled
b,blue_ramp,ramp,0.0,1.6,0.0,1.4593481564914472,846.5315315445287,False,settled
b,blue_ramp,ramp,0.0,1.6,0.0,0.9649742853445208,1006.7566157247758,False,settled
b,blue_ramp,ramp,0.0,1.6,0.0,1.418743842294922,860.1360373607602,False,settled
b,blue_ramp,ramp,0.0,1.6,0.0,1.016686940808607,985.9735523764939,False,settled
b,blue_ramp,ramp,0.0,1.6,0.0,1.616036759463869,812.6146170823528,False,settled
b,blue_ramp,ramp,0.0,1.6,0.0,1.0109131225276722,980.5300834664893,False,settled
b,blue_ramp,ramp,0.0,1.6,0.0,1.0655422804753074,967.6890710332343,False,settled
b,blue_ramp,ramp,0.0,1.6,0.0,1.0835348380061052,960.2537444880328,False,settled
b,blue_ramp,ramp,0.0,1.6,0.0,1.2557108723702202,907.168673222389,False,settled
b,blue_ramp,ramp,0.0,1.6,0.0,1.4959454653241875,841.3966922672231,False,settled
b,blue_ramp,ramp,0.0,1.6,0.0,1.0680906159067882,967.0369545190179,False,settled
b,blue_ramp,ramp,0.0,1.6,0.0,1.2946453672027298,891.4291396036915,False,settled
b,blue_ramp,ramp,0.0,1.6,0.0,1.0517615701891136,967.8651778733606,False,settled
b,blue_ramp,ramp,0.0,1.6,0.0,1.1417482841786153,939.52781336633,False,settled
b,blue_ramp,ramp,0.0,1.6,0.0,1.3467632437434407,877.25488050988,False,settled
b,blue_ramp,ramp,0.0,1.6,0.0,1.0026601412024376,985.004487899481,False,settled
b,blue_ramp,ramp,0.0,1.6,0.0,1.1475081795849584,937.8370063410547,False,settled
b,blue_ramp,ramp,0.0,1.6,0.0,1.2018903906287528,919.0418421781601,False,settled
b,blue_ramp,ramp,0.0,1.6,0.0,1.6165358337255116,812.2415819590077,False,settled
b,blue_ramp,ramp,0.0,1.6,0.0,1.5976841932187398,816.1483613396101,False,settled
b,blue_ramp,ramp,0.0,1.6,0.0,0.8450898586761149,1041.9568403564076,False,settled
b,blue_ramp,ramp,0.0,1.6,0.0,0.7244503044227821,1089.9369911842832,False,settled
b,blue_ramp,ramp,0.0,1.6,0.0,1.3440515004931228,879.9546317103922,False,settled
b,blue_ramp,ramp,0.0,1.6,0.0,1.2775817779966547,900.6154553321679,False,settled
b,blue_ramp,ramp,0.0,1.6,0.0,1.270968431477904,900.0013142948111,False,settled
b,blue_ramp,ramp,0.0,1.6,0.0,1.5997831972603676,816.2531786329436,False,settled
b,blue_ramp,ramp,0.0,1.6,0.0,1.533740093608836,833.3857371485637,False,settled
b,blue_ramp,ramp,0.0,1.6,0.0,1.6559935874932101,802.9232397469283,False,settled
b,blue_ramp,ramp,0.0,1.6,0.0,0.7715536982639687,1071.7398922222374,False,settled
b,blue_ramp,ramp,0.0,1.6,0.0,1.250016832656484,905.4158623950542,False,settled
b,blue_ramp,ramp,0.0,1.6,0.0,1.6665512729138023,800.0903232420508,False,settled
b,blue_ramp,ramp,0.0,1.6,0.0,1.2941863811649035,891.9235441253882,False,settled
b,blue_ramp,ramp,0.0,1.6,0.0,1.0635490248165984,968.1990668064352,False,settled
b,blue_ramp,ramp,0.0,1.6,0.0,0.8385282675291212,1046.9579210484887,False,settled
b,blue_ramp,ramp,0.0,1.6,0.0,0.9650133149328428,1006.7249228255022,False,settled
b,blue_ramp,ramp,0.0,1.6,0.0,0.7654906349866876,1075.8229037732744,False,settled
b,blue_ramp,ramp,0.0,1.6,0.0,1.0628378517738477,968.4853589165174,False,settled
b,blue_ramp,ramp,0.0,1.6,0.0,1.0641005331744415,968.0579547119938,False,settled
b,blue_ramp,ramp,0.0,1.6,0.0,0.7831889551033925,1077.0467284778565,False,settled
b,blue_ramp,ramp,0.0,1.6,0.0,0.9889986759028471,988.0295472710562,False,settled
b,blue_ramp,ramp,0.0,1.6,0.0,1.4781037462944135,845.915273578619,False,settled
b,blue_ramp,ramp,0.0,1.6,0.0,1.6694840786121246,799.629775456558,False,settled
b,blue_ramp,ramp,0.0,1.6,0.0,0.8280734701772267,1055.1344242828736,False,settled
b,blue_ramp,ramp,0.0,1.6,0.0,1.6492638978414456,804.8889416370374,False,settled
b,blue_ramp,ramp,0.0,1.6,0.0,0.9942768122773012,986.6807008437214,False,settled
b,blue_ramp,ramp,0.0,1.6,0.0,0.7169021822817402,1094.5810921090797,False,settled
b,blue_ramp,ramp,0.0,1.6,0.0,1.4640345509968204,845.3468506399644,False,settled
b,blue_ramp,ramp,0.0,1.6,0.0,1.1188492307257385,949.2604337444587,False,settled
b,blue_ramp,ramp,0.0,1.6,0.0,1.434924639868049,851.9685247951625,False,settled
b,blue_ramp,ramp,0.0,1.6,0.0,1.631318336790975,808.1479737811403,False,settled
b,blue_ramp,ramp,0.0,1.6,0.0,1.074073369857421,965.5090297490727,False,settled
b,blue_ramp,ramp,0.0,1.6,0.0,1.1284735690336893,941.4560534302593,False,settled
b,blue_ramp,ramp,0.0,1.6,0.0,0.7178819962193591,1096.6885298875343,False,settled
b,blue_ramp,ramp,0.0,1.6,0.0,1.673580768669762,798.4557520010585,False,settled
b,blue_ramp,ramp,0.0,1.6,0.0,1.124015433367702,944.9478418950669,False,settled
b,blue_ramp,ramp,0.0,1.6,0.0,1.404338342815496,864.2452964941064,False,settled
b,blue_ramp,ramp,0.0,1.6,0.0,0.8848033280353045,1035.852788220648,False,settled
b,blue_ramp,ramp,0.0,1.6,0.0,1.0172481356944576,985.510743575847,False,settled
b,blue_ramp,ramp,0.0,1.6,0.0,1.3788303058472469,867.5777856421241,False,settled
b,blue_ramp,ramp,0.0,1.6,0.0,0.9683378917575344,1004.0252203352027,False,settled
b,blue_ramp,ramp,0.0,1.6,0.0,1.6711462185975776,799.4908783461674,False,settled
b,blue_ramp,ramp,0.0,1.6,0.0,0.968237562260537,1004.1066763373559,False,settled
b,blue_ramp,ramp,0.0,1.6,0.0,0.727496807899378,1096.3781309885874,False,settled
b,blue_ramp,ramp,0.0,1.6,0.0,0.8674926522583478,1034.2502727005467,False,settled
b,blue_ramp,ramp,0.0,1.6,0.0,1.2301142602804696,913.6900419771864,False,settled
b,blue_ramp,ramp,0.0,1.6,0.0,1.6920170664614496,790.026866228799,False,settled
b,blue_ramp,ramp,0.0,1.6,0.0,1.5860552290859085,819.5434544802956,False,settled
b,blue_ramp,ramp,0.0,1.6,0.0,0.9749838877942407,998.6745118352969,False,settled
b,blue_ramp,ramp,0.0,1.6,0.0,0.7010032005010304,1106.6273087924346,False,settled
b,blue_ramp,ramp,0.0,1.6,0.0,0.8157241712619229,1051.089651532564,False,settled
b,blue_ramp,ramp,0.0,1.6,0.0,1.6576501999490576,802.3112696167047,False,settled
b,blue_ramp,ramp,0.0,1.6,0.0,1.1314911786710613,947.2950465127342,False,settled
b,blue_ramp,ramp,0.0,1.6,0.0,0.7988948407542729,1057.7683229728993,False,settled
b,blue_ramp,ramp,0.0,1.6,0.0,0.6877386078680122,1119.166269610731,False,settled
b,blue_ramp,ramp,0.0,1.6,0.0,1.242967397106024,911.747678618242,False,settled
b,blue_ramp,ramp,0.0,1.6,0.0,1.4783970535677264,845.54449682538,False,settled
b,blue_ramp,ramp,0.0,1.6,0.0,1.5259322357686287,831.7695622810373,False,settled
b,blue_ramp,ramp,0.0,1.6,0.0,1.0182876228831974,984.6587810736626,False,settled
b,blue_ramp,ramp,0.0,1.6,0.0,1.5160336133804257,836.7919858001239,False,settled
b,blue_ramp,ramp,0.0,1.6,0.0,1.1928483212847778,926.9635665116411,False,settled
b,blue_ramp,ramp,0.0,1.6,0.0,1.5941208804019948,817.1762627855377,False,settled
b,blue_ramp,ramp,0.0,1.6,0.0,0.953353713380289,1004.7054744342938,False,settled
b,blue_ramp,ramp,0.0,1.6,0.0,1.3722696438404234,868.8794555547129,False,settled
b,blue_ramp,ramp,0.0,1.6,0.0,1.4475309498717002,851.4055709840155,False,settled
b,blue_ramp,ramp,0.0,1.6,0.0,1.4903109563171686,843.0163098378353,False,settled
b,blue_ramp,ramp,0.0,1.6,0.0,0.8544380047584448,1036.2422969646466,False,settled
b,blue_ramp,ramp,0.0,1.6,0.0,1.5800869169763667,821.2673840121242,False,settled
b,blue_ramp,ramp,0.0,1.6,0.0,0.7661684659049526,1075.406604760729,False,settled
b,blue_ramp,ramp,0.0,1.6,0.0,0.8340790139386574,1050.4366563945757,False,settled
b,blue_ramp,ramp,0.0,1.6,0.0,1.1415100353642476,939.5978120129104,False,settled
b,blue_ramp,ramp,0.0,1.6,0.0,0.8695953641931399,1033.9444852239087,False,settled
b,blue_ramp,ramp,0.0,1.6,0.0,1.0379172689018465,978.8440042807564,False,settled
b,blue_ramp,ramp,0.0,1.6,0.0,1.2727635805618949,898.4362405916243,False,settled
b,blue_ramp,ramp,0.0,1.6,0.0,0.8053610694952895,1056.9583926982632,False,settled
b,blue_ramp,ramp,0.0,1.6,0.0,0.6946537681928762,1106.2437287371772,False,settled
b,blue_ramp,ramp,0.0,1.6,0.0,1.448579839161443,850.1907941824747,False,settled
b,blue_ramp,ramp,0.0,1.6,0.0,1.2689503068098924,901.8720436305484,False,settled
b,blue_ramp,ramp,0.0,1.6,0.0,1.3803042343432586,871.1866001497975,False,settled
b,blue_ramp,ramp,0.0,1.6,0.0,1.31008448751609,890.4849076527904,False,settled
b,blue_ramp,ramp,0.0,1.6,0.0,0.8313342647267752,1052.583652957353,False,settled
b,blue_ramp,ramp,0.0,1.6,0.0,0.9027380031047025,1021.5746846076028,False,settled
b,blue_ramp,ramp,0.0,1.6,0.0,1.0534941483854225,966.4904017173367,False,settled
b,blue_ramp,ramp,0.0,1.6,0.0,0.8315065143242908,1052.4489113088796,False,settled
b,blue_ramp,ramp,0.0,1.6,0.0,1.049057063419584,970.0193701560293,False,settled
b,blue_ramp,ramp,0.0,1.6,0.0,0.7068301167136197,1107.575071943674,False,settled
b,blue_ramp,ramp,0.0,1.6,0.0,1.543916467273097,829.8266084384312,False,settled
b,blue_ramp,ramp,0.0,1.6,0.0,1.4051031187174456,863.8365714117487,False,settled
b,blue_ramp,ramp,0.0,1.6,0.0,1.0027980156585687,984.9757243794628,False,settled
b,blue_ramp,ramp,0.0,1.6,0.0,1.167557957391362,932.9340079306128,False,settled
b,blue_ramp,ramp,0.0,1.6,0.0,1.35262507414538,877.1662252873039,False,settled
b,blue_ramp,ramp,0.0,1.6,0.0,0.6992226009890264,1108.4163519113529,False,settled
b,blue_ramp,ramp,0.0,1.6,0.0,1.0715429466695063,966.1537941022318,False,settled
b,blue_ramp,ramp,0.0,1.6,0.0,0.9222981211046766,1020.4908389417511,False,settled
b,blue_ramp,ramp,0.0,1.6,0.0,1.404634651915814,864.0869379908273,False,settled
b,blue_ramp,ramp,0.0,1.6,0.0,1.2808622339050284,897.5533198956106,False,settled
b,blue_ramp,ramp,0.0,1.6,0.0,1.4386037113120116,852.4526846448607,False,settled
b,blue_ramp,ramp,0.0,1.6,0.0,0.8953747100897408,1027.4104440202177,False,settled
b,blue_ramp,ramp,0.0,1.6,0.0,1.0917989574296314,953.6592249038551,False,settled
b,blue_ramp,ramp,0.0,1.6,0.0,0.7833635674406014,1076.9091310676772,False,settled
b,blue_ramp,ramp,0.0,1.6,0.0,0.7229655811959391,1091.0448312675328,False,settled
b,blue_ramp,ramp,0.0,1.6,0.0,0.8004992216881605,1057.637682816335,False,settled
b,blue_ramp,ramp,0.0,1.6,0.0,1.68409552062813,793.7653650807315,False,settled
b,blue_ramp,ramp,0.0,1.6,0.0,1.3276346543744582,884.2623071299306,False,settled
b,blue_ramp,ramp,0.0,1.6,0.0,0.9209342835534047,1020.7466968331927,False,settled
b,blue_ramp,ramp,0.0,1.6,0.0,1.1386230012970184,941.5429433605132,False,settled
b,blue_ramp,ramp,0.0,1.6,0.0,1.0500677823637117,969.299577754273,False,settled
b,blue_ramp,ramp,0.0,1.6,0.0,0.9604993490890064,999.2832068579623,False,settled
b,blue_ramp,ramp,0.0,1.6,0.0,1.5252916743143077,834.7373101374715,False,settled
b,blue_ramp,ramp,0.0,1.6,0.0,1.496350263167393,841.1009888080988,False,settled
b,blue_ramp,ramp,0.0,1.6,0.0,0.7504588297710049,1082.5582751204547,False,settled
b,blue_ramp,ramp,0.0,1.6,0.0,1.561203070731692,826.1742874431973,False,settled
b,blue_ramp,ramp,0.0,1.6,0.0,1.406829739388165,862.9137986483969,False,settled
b,blue_ramp,ramp,0.0,1.6,0.0,0.91375726117586,1025.2337741510007,False,settled
b,blue_ramp,ramp,0.0,1.6,0.0,0.7934000728455756,1072.3389769046628,False,settled
b,blue_ramp,ramp,0.0,1.6,0.0,0.7909498192909713,1072.6620456960875,False,settled
b,blue_ramp,ramp,0.0,1.6,0.0,0.7127969862735305,1099.4397357638052,False,settled
b,blue_ramp,ramp,0.0,1.6,0.0,1.6644720803637723,800.6273384873662,False,settled
b,blue_ramp,ramp,0.0,1.6,0.0,1.3293418720360015,882.5961715255975,False,settled
b,blue_ramp,ramp,0.0,1.6,0.0,1.554192829316127,827.5024101397239,False,settled
b,blue_ramp,ramp,0.0,1.6,0.0,0.784655132846855,1075.8909944734776,False,settled
b,blue_ramp,ramp,0.0,1.6,0.0,1.6273135788210806,809.0788059531645,False,settled
b,blue_ramp,ramp,0.0,1.6,0.0,0.9489792855828099,1008.2221782499739,False,settled
b,blue_ramp,ramp,0.0,1.6,0.0,1.4156184478923022,858.9149706010396,False,settled
b,blue_ramp,ramp,0.0,1.6,0.0,1.0905495559513512,954.693610007451,False,settled
b,blue_ramp,ramp,0.0,1.6,0.0,1.4808049869166962,846.8081502313288,False,settled
b,blue_ramp,ramp,0.0,1.6,0.0,1.4195644837521775,859.2268651424386,False,settled
b,blue_ramp,ramp,0.0,1.6,0.0,1.6209196784282796,810.6604091575971,False,settled
b,blue_ramp,ramp,0.0,1.6,0.0,0.8340102154768418,1050.4904572428932,False,settled
b,blue_ramp,ramp,0.0,1.6,0.0,1.018583490245277,984.416732413897,False,settled
b,blue_ramp,ramp,0.0,1.6,0.0,1.128296733810171,941.5980024772622,False,settled
b,blue_ramp,ramp,0.0,1.6,0.0,1.3325148059643945,879.8292139512122,False,settled
b,blue_ramp,ramp,0.0,1.6,0.0,0.9505433256616872,1006.9646256324169,False,settled
b,blue_ramp,ramp,0.0,1.6,0.0,1.2889718848081289,896.6308868580237,False,settled
b,blue_ramp,ramp,0.0,1.6,0.0,0.9935727349557818,986.8325098568956,False,settled
b,blue_ramp,ramp,0.0,1.6,0.0,1.0357287878430879,980.6511330174409,False,settled
b,blue_ramp,ramp,0.0,1.6,0.0,0.7193600192751519,1100.2994206693818,False,settled
b,blue_ramp,ramp,0.0,1.6,0.0,1.1786655850733008,931.4334705682426,False,settled
b,blue_ramp,ramp,0.0,1.6,0.0,1.1953510273818098,924.7525728996369,False,settled
b,blue_ramp,ramp,0.0,1.6,0.0,0.7193424283460799,1100.2576838355612,False,settled
b,blue_ramp,ramp,0.0,1.6,0.0,1.686770806604299,793.3466745353126,False,settled
b,blue_ramp,ramp,0.0,1.6,0.0,0.7850244240368092,1075.5998867413514,False,settled
b,blue_ramp,ramp,0.0,1.6,0.0,1.4070227680005707,862.8106358932697,False,settled
b,blue_ramp,ramp,0.0,1.6,0.0,0.9185936616196648,1021.4008649369855,False,settled
b,blue_ramp,ramp,0.0,1.6,0.0,1.620344294467721,811.5553064817656,False,settled
b,blue_ramp,ramp,0.0,1.6,0.0,1.1384286453021917,941.7074041343684,False,settled
b,blue_ramp,ramp,0.0,1.6,0.0,0.6921656251640462,1113.2670339053207,False,settled
b,blue_ramp,ramp,0.0,1.6,0.0,1.4949521499749812,842.5453357734382,False,settled
b,blue_ramp,ramp,0.0,1.6,0.0,0.7587083503756998,1077.107144111598,False,settled
b,blue_ramp,ramp,0.0,1.6,0.0,1.2990004320361432,893.7955190033522,False,settled
b,blue_ramp,ramp,0.0,1.6,0.0,0.8207501441775978,1060.6445928564526,False,settled
b,blue_ramp,ramp,0.0,1.6,0.0,1.6895980401003916,791.0542588703179,False,settled
b,blue_ramp,ramp,0.0,1.6,0.0,1.1625094615026257,937.0730719712881,False,settled
b,blue_ramp,ramp,0.0,1.6,0.0,1.5124859874816479,837.8202547014622,False,settled
b,blue_ramp,ramp,0.0,1.6,0.0,1.2420903240988879,912.5494698528796,False,settled
b,blue_ramp,ramp,0.0,1.6,0.0,0.8030922140915249,1057.2282720396504,False,settled
b,blue_ramp,ramp,0.0,1.6,0.0,0.859065516680889,1035.5109983785067,False,settled
b,blue_ramp,ramp,0.0,1.6,0.0,1.0053020204020944,984.4533336024515,False,settled
b,blue_ramp,ramp,0.0,1.6,0.0,0.9263267446539548,1019.7338177726989,False,settled
b,blue_ramp,ramp,0.0,1.6,0.0,1.2172324667998025,913.5630150795847,False,settled
b,blue_ramp,ramp,0.0,1.6,0.0,1.2326950419588734,912.7869313721749,False,settled
b,blue_ramp,ramp,0.0,1.6,0.0,0.7210613438433682,1102.744138027601,False,settled
b,blue_ramp,ramp,0.0,1.6,0.0,0.8988569671653241,1024.642297252066,False,settled
b,blue_ramp,ramp,0.0,1.6,0.0,1.6678618584536982,799.5911654842967,False,settled
b,blue_ramp,ramp,0.0,1.6,0.0,1.490279072646212,843.0580547277345,False,settled
b,blue_ramp,ramp,0.0,1.6,0.0,1.0197671261012378,983.4483633886588,False,settled
b,blue_ramp,ramp,0.0,1.6,0.0,0.7316666700743791,1100.0035948594518,False,settled
b,blue_ramp,ramp,0.0,1.6,0.0,0.8912036623439253,1030.7322440703447,False,settled
b,blue_ramp,ramp,0.0,1.6,0.0,1.558622880354081,827.0845047117106,False,settled
b,blue_ramp,ramp,0.0,1.6,0.0,0.92948085627844,1019.1409859529443,False,settled
b,blue_ramp,ramp,0.0,1.6,0.0,1.509896731446839,837.5594264348816,False,settled
b,blue_ramp,ramp,0.0,1.6,0.0,1.494124903258796,842.1724604847277,False,settled
b,blue_ramp,ramp,0.0,1.6,0.0,1.0299214749908778,975.5216899203272,False,settled
b,blue_ramp,ramp,0.0,1.6,0.0,1.1783633580525483,931.6985830001456,False,settled
b,blue_ramp,ramp,0.0,1.6,0.0,0.8908614727733714,1031.0047588699324,False,settled
b,blue_ramp,ramp,0.0,1.6,0.0,0.8269587149705862,1055.9976493628105,False,settled
b,blue_ramp,ramp,0.0,1.6,0.0,1.599826543597423,816.1947785680728,False,settled
b,blue_ramp,ramp,0.0,1.6,0.0,0.8531005182131877,1049.3240078006775,False,settled
b,blue_ramp,ramp,0.0,1.6,0.0,1.6315375518076856,808.6685044697836,False,settled
b,blue_ramp,ramp,0.0,1.6,0.0,1.3597724434641218,875.6336814900961,False,settled
b,blue_ramp,ramp,0.0,1.6,0.0,1.3808516934943906,870.6264511598603,False,settled
b,blue_ramp,ramp,0.0,1.6,0.0,0.7874293491099913,1074.0178556504477,False,settled
b,blue_ramp,ramp,0.0,1.6,0.0,1.5292426583680416,833.892015050031,False,settled
b,blue_ramp,ramp,0.0,1.6,0.0,0.7663202746150732,1075.320192402124,False,settled
b,blue_ramp,ramp,0.0,1.6,0.0,0.7981501361383043,1071.7129226635775,False,settled
b,blue_ramp,ramp,0.0,1.6,0.0,0.9808295456698313,994.0749125687635,False,settled
b,blue_ramp,ramp,0.0,1.6,0.0,0.9459440950118796,1010.662801043392,False,settled
b,blue_ramp,ramp,0.0,1.6,0.0,1.2942160667226452,891.8960548275908,False,settled
b,blue_ramp,ramp,0.0,1.6,0.0,1.5904970715870075,818.2225261961992,False,settled
b,blue_ramp,ramp,0.0,1.6,0.0,1.075501002223099,965.1489756561064,False,settled
b,blue_ramp,ramp,0.0,1.6,0.0,1.5772453880476922,822.5749576031545,False,settled
b,blue_ramp,ramp,0.0,1.6,0.0,1.2108821405085273,918.9634786309514,False,settled
b,blue_ramp,ramp,0.0,1.6,0.0,1.4550765828881307,847.219111366133,False,settled
b,blue_ramp,ramp,0.0,1.6,0.0,1.6825570844181954,793.5859971736816,False,settled
b,blue_ramp,ramp,0.0,1.6,0.0,0.8600938648987221,1035.3544668593897,False,settled
b,blue_ramp,ramp,0.0,1.6,0.0,1.2135463592347264,916.6382872153806,False,settled
b,blue_ramp,ramp,0.0,1.6,0.0,0.8973402745251987,1025.8450529277488,False,settled
b,blue_ramp,ramp,0.0,1.6,0.0,0.7153539016385675,1106.4931826150926,False,settled
b,blue_ramp,ramp,0.0,1.6,0.0,0.7952054228664991,1072.100955624159,False,settled
b,blue_ramp,ramp,0.0,1.6,0.0,0.7713572204118111,1071.8792226832156,False,settled
b,blue_ramp,ramp,0.0,1.6,0.0,1.5842023749614127,819.9107155810952,False,settled
b,blue_ramp,ramp,0.0,1.6,0.0,1.32643582597487,885.432552274411,False,settled
b,blue_ramp,ramp,0.0,1.6,0.0,0.737867998129369,1088.7406793587736,False,settled
b,blue_ramp,ramp,0.0,1.6,0.0,1.5372644942465081,832.9052509464402,False,settled
b,blue_ramp,ramp,0.0,1.6,0.0,1.068300158178281,966.983350358982,False,settled
b,blue_ramp,ramp,0.0,1.6,0.0,0.7876573448913132,1073.9061008965057,False,settled
b,blue_ramp,ramp,0.0,1.6,0.0,1.4908189816460522,842.357133347634,False,settled
b,blue_ramp,ramp,0.0,1.6,0.0,1.1472010340629553,937.9271427655949,False,settled
b,blue_ramp,ramp,0.0,1.6,0.0,1.4600555709199967,845.7150036761351,False,settled
b,blue_ramp,ramp,0.0,1.6,0.0,1.0498240759129196,969.4030329803126,False,settled
b,blue_ramp,ramp,0.0,1.6,0.0,1.2019413947418252,918.9971519785338,False,settled
b,blue_ramp,ramp,0.0,1.6,0.0,1.1755715546050491,933.8944584806559,False,settled
b,blue_ramp,ramp,0.0,1.6,0.0,0.7546218629811625,1077.6693447477785,False,settled
b,blue_ramp,ramp,0.0,1.6,0.0,1.4216323694223727,857.2024587822937,False,settled
b,blue_ramp,ramp,0.0,1.6,0.0,1.145744484721998,938.3545888706934,False,settled
b,blue_ramp,ramp,0.0,1.6,0.0,1.5259096950437865,831.8020606345488,False,settled
b,blue_ramp,ramp,0.0,1.6,0.0,0.9559176248884292,1002.652111361522,False,settled
b,blue_ramp,ramp,0.0,1.6,0.0,1.3446336468204099,879.3746408032912,False,settled
b,blue_ramp,ramp,0.0,1.6,0.0,0.7092421659892022,1102.6693354255983,False,settled
b,blue_ramp,ramp,0.0,1.6,0.0,1.6761144308887115,797.8874942906872,False,settled
b,blue_ramp,ramp,0.0,1.6,0.0,1.5744820666214105,823.2563551882671,False,settled
b,blue_ramp,ramp,0.0,1.6,0.0,1.4339296779389539,853.1544093528838,False,settled
b,blue_ramp,ramp,0.0,1.6,0.0,1.4897195069705313,843.7902494134817,False,settled
b,blue_ramp,ramp,0.0,1.6,0.0,1.4247174946623278,858.3641988876986,False,settled
b,blue_ramp,ramp,0.0,1.6,0.0,0.8034777173858804,1057.1787525822265,False,settled
b,blue_ramp,ramp,0.0,1.6,0.0,1.3964727618736816,864.8765094064635,False,settled
b,blue_ramp,ramp,0.0,1.6,0.0,1.3597548497866456,875.6515724957468,False,settled
b,blue_ramp,ramp,0.0,1.6,0.0,1.6782874370573713,796.0892643859523,False,settled
b,blue_ramp,ramp,0.0,1.6,0.0,1.1982562313453717,922.2055733943711,False,settled
b,blue_ramp,ramp,0.0,1.6,0.0,1.0432400522165175,974.4500111420084,False,settled
b,blue_ramp,ramp,0.0,1.6,0.0,0.7811755084452009,1078.633159850265,False,settled
b,blue_ramp,ramp,0.0,1.6,0.0,0.7896988059765621,1072.8269595869422,False,settled
b,blue_ramp,ramp,0.0,1.6,0.0,1.1838756050753994,926.8809547829567,False,settled
b,blue_ramp,ramp,0.0,1.6,0.0,0.9177457373842121,1022.0714479386804,False,settled
b,blue_ramp,ramp,0.0,1.6,0.0,0.9665805054361192,1005.4522975406902,False,settled
b,blue_ramp,ramp,0.0,1.6,0.0,1.571894026616197,822.3415540746656,False,settled
b,blue_ramp,ramp,0.0,1.6,0.0,1.5313505990812366,833.2672866352634,False,settled
b,blue_ramp,ramp,0.0,1.6,0.0,0.7667622665992839,1075.0473006091424,False,settled
b,blue_ramp,ramp,0.0,1.6,0.0,0.7305028270371399,1098.5369694580233,False,settled
b,blue_ramp,ramp,0.0,1.6,0.0,0.9197708004367566,1020.9650623637207,False,settled
b,blue_ramp,ramp,0.0,1.6,0.0,1.5078024628668163,839.0596979577301,False,settled
b,blue_ramp,ramp,0.0,1.6,0.0,1.3683844848973188,872.4536834686401,False,settled
b,blue_ramp,ramp,0.0,1.6,0.0,1.0236905593065129,980.2388391586283,False,settled
b,blue_ramp,ramp,0.0,1.6,0.0,1.282264626584826,896.2445153765759,False,settled
b,blue_ramp,ramp,0.0,1.6,0.0,0.9907351696435379,987.5327878480547,False,settled
b,blue_ramp,ramp,0.0,1.6,0.0,1.0440838416734008,973.7590976977594,False,settled
b,blue_ramp,ramp,0.0,1.6,0.0,1.6909095383264092,791.0224026888973,False,settled
b,blue_ramp,ramp,0.0,1.6,0.0,1.5231831378262009,835.3349117583643,False,settled
b,blue_ramp,ramp,0.0,1.6,0.0,1.5811009693239932,821.6362294316249,False,settled
b,blue_ramp,ramp,0.0,1.6,0.0,1.3720081986286918,869.0406260438026,False,settled
b,blue_ramp,ramp,0.0,1.6,0.0,0.9075823324152301,1017.8517253353506,False,settled
b,blue_ramp,ramp,0.0,1.6,0.0,1.4882999658355427,845.6434124783199,False,settled
b,blue_ramp,ramp,0.0,1.6,0.0,0.7391649251626391,1084.7380160912053,False,settled
b,blue_ramp,ramp,0.0,1.6,0.0,0.8798578252420148,1027.1909111657487,False,settled
b,blue_ramp,ramp,0.0,1.6,0.0,0.8582486301408532,1035.6320013404993,False,settled
b,blue_ramp,ramp,0.0,1.6,0.0,1.2336538724318875,912.4514010999435,False,settled
b,blue_ramp,ramp,0.0,1.6,0.0,1.2845736432527086,894.1224405229831,False,settled
b,blue_ramp,ramp,0.0,1.6,0.0,0.8785421690912358,1028.122562648258,False,settled
b,blue_ramp,ramp,0.0,1.6,0.0,0.7894044035998083,1072.865835675296,False,settled
b,blue_ramp,ramp,0.0,1.6,0.0,1.1092060761202014,948.3720972406511,False,settled
b,blue_ramp,ramp,0.0,1.6,0.0,1.0491751348746055,969.9245533786743,False,settled
b,blue_ramp,ramp,0.0,1.6,0.0,1.0768344362770985,964.8126622530601,False,settled
b,blue_ramp,ramp,0.0,1.6,0.0,1.4815345462143774,845.8707036901233,False,settled
b,blue_ramp,ramp,0.0,1.6,0.0,0.7101264337010412,1105.8374526753385,False,settled
b,blue_ramp,ramp,0.0,1.6,0.0,1.0711704946990686,966.2490732376428,False,settled
b,blue_ramp,ramp,0.0,1.6,0.0,1.547974143951076,830.5431732890033,False,settled
b,blue_ramp,ramp,0.0,1.6,0.0,1.2031023945100103,918.0838806461838,False,settled
b,blue_ramp,ramp,0.0,1.6,0.0,0.947253423944808,1009.6100231387503,False,settled
b,blue_ramp,ramp,0.0,1.6,0.0,1.6124016002850838,813.2911496428693,False,settled
b,blue_ramp,ramp,0.0,1.6,0.0,1.181309698164625,929.1140003799463,False,settled
b,blue_ramp,ramp,0.0,1.6,0.0,1.4960492901873412,841.3185809995748,False,settled
b,blue_ramp,ramp,0.0,1.6,0.0,1.0776841943390754,964.5983270663573,False,settled
b,blue_ramp,ramp,0.0,1.6,0.0,1.1015280003932844,954.5256263106312,False,settled
b,blue_ramp,ramp,0.0,1.6,0.0,1.392367854609028,864.2622250924861,False,settled
b,blue_ramp,ramp,0.0,1.6,0.0,1.3767485790135385,869.6244123069947,False,settled
b,blue_ramp,ramp,0.0,1.6,0.0,1.3864672574847112,865.1432573262757,False,settled
b,blue_ramp,ramp,0.0,1.6,0.0,1.0128772395803827,989.1155341486129,False,settled
b,blue_ramp,ramp,0.0,1.6,0.0,1.2643290707186974,899.3469693197324,False,settled
b,blue_ramp,ramp,0.0,1.6,0.0,0.7131074119781389,1098.7671414117458,False,settled
b,blue_ramp,ramp,0.0,1.6,0.0,0.9184246354585697,1021.5344875829863,False,settled
b,blue_ramp,ramp,0.0,1.6,0.0,1.096430595417952,958.8199806876097,False,settled
b,blue_ramp,ramp,0.0,1.6,0.0,0.8873810749025074,1033.7847751405761,False,settled
b,blue_ramp,ramp,0.0,1.6,0.0,1.3833085685269852,868.1042777802559,False,settled
b,blue_ramp,ramp,0.0,1.6,0.0,0.7880954068193513,1073.690947183998,False,settled
b,blue_ramp,ramp,0.0,1.6,0.0,1.1025360593397247,953.9379708994276,False,settled
b,blue_ramp,ramp,0.0,1.6,0.0,1.5382616400079439,831.3611064338393,False,settled
b,blue_ramp,ramp,0.0,1.6,0.0,0.9030692716354164,1021.3126762967955,False,settled
b,blue_ramp,ramp,0.0,1.6,0.0,0.8197492715532477,1061.4355967310191,False,settled
b,blue_ramp,ramp,0.0,1.6,0.0,1.68666584010631,791.9344350057225,False,settled
b,blue_ramp,ramp,0.0,1.6,0.0,0.8975909935181247,1025.6453642481315,False,settled
b,blue_ramp,ramp,0.0,1.6,0.0,1.0549735796208686,965.4189872731478,False,settled
b,blue_ramp,ramp,0.0,1.6,0.0,1.4425449033837046,852.577911967608,False,settled
b,blue_ramp,ramp,0.0,1.6,0.0,1.4771891452363803,847.0721909896125,False,settled
b,blue_ramp,ramp,0.0,1.6,0.0,1.3426530050554535,881.3481741038852,False,settled
b,blue_ramp,ramp,0.0,1.6,0.0,1.167435034267722,933.0401082182881,False,settled
b,blue_ramp,ramp,0.0,1.6,0.0,1.6526601575312516,803.6405480185952,False,settled
b,blue_ramp,ramp,0.0,1.6,0.0,1.1450788584430645,938.5499268372947,False,settled
b,blue_ramp,ramp,0.0,1.6,0.0,1.1311671764332176,947.5674123490348,False,settled
b,blue_ramp,ramp,0.0,1.6,0.0,0.6936081637908308,1107.6170367854825,False,settled
b,blue_ramp,ramp,0.0,1.6,0.0,1.0648731383250785,967.8602764314403,False,settled
b,blue_ramp,ramp,0.0,1.6,0.0,0.8368560673970203,1048.2649344547292,False,settled
b,blue_ramp,ramp,0.0,1.6,0.0,1.6428915772238601,805.9108312253235,False,settled
b,blue_ramp,ramp,0.0,1.6,0.0,1.1030380447959387,953.516950475459,False,settled
b,blue_ramp,ramp,0.0,1.6,0.0,1.5768199124394338,822.3111318667932,False,settled
b,blue_ramp,ramp,0.0,1.6,0.0,1.5611700966298676,826.2293660246218,False,settled
b,blue_ramp,ramp,0.0,1.6,0.0,1.4158891767767923,858.6182613110533,False,settled
b,blue_ramp,ramp,0.0,1.6,0.0,1.3774468510124513,869.0393172629099,False,settled
b,blue_ramp,ramp,0.0,1.6,0.0,1.096826586159989,958.4855686414477,False,settled
b,blue_ramp,ramp,0.0,1.6,0.0,0.7114548333786623,1094.3396993803847,False,settled
b,blue_ramp,ramp,0.0,1.6,0.0,1.354171825232419,875.6158039463406,False,settled
b,blue_ramp,ramp,0.0,1.6,0.0,0.8384682976588715,1047.0044602420933,False,settled
b,blue_ramp,ramp,0.0,1.6,0.0,0.7765204491408202,1067.9923050355992,False,settled
b,blue_ramp,ramp,0.0,1.6,0.0,1.151732973422087,936.597252506302,False,settled
b,blue_ramp,ramp,0.0,1.6,0.0,0.8918240614741793,1030.2380145511377,False,settled
b,blue_ramp,ramp,0.0,1.6,0.0,0.920936796001,1020.7462250139619,False,settled
b,blue_ramp,ramp,0.0,1.6,0.0,1.640418717705237,806.0747882132372,False,settled
b,blue_ramp,ramp,0.0,1.6,0.0,0.7756595674841159,1068.6515908866336,False,settled
b,blue_ramp,ramp,0.0,1.6,0.0,0.7814948370345132,1078.3816072338925,False,settled
b,blue_ramp,ramp,0.0,1.6,0.0,0.7681407137101449,1074.1556269759446,False,settled
b,blue_ramp,ramp,0.0,1.6,0.0,0.8769343542017854,1029.3782236073228,False,settled
b,blue_ramp,ramp,0.0,1.6,0.0,1.3169501132219332,887.5855079347265,False,settled
b,blue_ramp,ramp,0.0,1.6,0.0,1.4323210037391785,854.8693947217139,False,settled
b,blue_ramp,ramp,0.0,1.6,0.0,1.5921552396753489,817.938556650519,False,settled
b,blue_ramp,ramp,0.0,1.6,0.0,1.6872663379809811,792.613445922326,False,settled
b,blue_ramp,ramp,0.0,1.6,0.0,1.269400335938917,901.4548909217094,False,settled
b,blue_ramp,ramp,0.0,1.6,0.0,1.0743705485216863,965.4340802225927,False,settled
b,blue_ramp,ramp,0.0,1.6,0.0,1.353772735116183,876.0157696509593,False,settled
b,blue_ramp,ramp,0.0,1.6,0.0,1.0316314844478136,974.059756541084,False,settled
b,blue_ramp,ramp,0.0,1.6,0.0,1.249264083319042,906.0088683713109,False,settled
b,blue_ramp,ramp,0.0,1.6,0.0,1.111343144083411,946.6457967375408,False,settled
b,blue_ramp,ramp,0.0,1.6,0.0,0.7281383203130158,1097.570718387074,False,settled
b,blue_ramp,ramp,0.0,1.6,0.0,1.5242730450792437,835.115640254147,False,settled
b,blue_ramp,ramp,0.0,1.6,0.0,1.304362204098922,888.8426189073266,False,settled
b,blue_ramp,ramp,0.0,1.6,0.0,1.1325732626165068,946.3853823661649,False,settled
b,blue_ramp,ramp,0.0,1.6,0.0,0.8366336425499992,1048.4388788503115,False,settled
b,blue_ramp,ramp,0.0,1.6,0.0,1.2646477914550602,905.8610857206205,False,settled
b,blue_ramp,ramp,0.0,1.6,0.0,0.8921784283488577,1029.955859855173,False,settled
b,blue_ramp,ramp,0.0,1.6,0.0,1.4661375321157541,847.1594785566579,False,settled
b,blue_ramp,ramp,0.0,1.6,0.0,0.9193161912946988,1021.0484215507053,False,settled
b,blue_ramp,ramp,0.0,1.6,0.0,0.8476927059555037,1039.8682834254614,False,settled
b,blue_ramp,ramp,0.0,1.6,0.0,1.2073467206680137,922.0366367300539,False,settled
b,blue_ramp,ramp,0.0,1.6,0.0,0.7669384679665652,1074.9384341717423,False,settled
b,blue_ramp,ramp,0.0,1.6,0.0,0.9942378082801989,986.6888449608975,False,settled
b,blue_ramp,ramp,0.0,1.6,0.0,1.0125581295565584,989.3787143179646,False,settled
b,blue_ramp,ramp,0.0,1.6,0.0,1.533424010181318,831.8612907499255,False,settled
b,blue_ramp,ramp,0.0,1.6,0.0,1.388690024357182,867.8324410422902,False,settled
b,blue_ramp,ramp,0.0,1.6,0.0,1.4490696868116828,849.6234425683314,False,settled
b,blue_ramp,ramp,0.0,1.6,0.0,0.8972622226981773,1025.9072177891592,False,settled
b,blue_ramp,ramp,0.0,1.6,0.0,1.1035454219739727,953.0915228672258,False,settled
b,blue_ramp,ramp,0.0,1.6,0.0,1.0930646572024736,952.6536166129457,False,settled
b,blue_ramp,ramp,0.0,1.6,0.0,0.9958175521624129,986.3590157594039,False,settled
b,blue_ramp,ramp,0.0,1.6,0.0,0.8707130120224928,1033.7821757109648,False,settled
b,blue_ramp,ramp,0.0,1.6,0.0,0.8501707197829398,1037.997210476224,False,settled
b,blue_ramp,ramp,0.0,1.6,0.0,0.8911440459552522,1030.7797221669452,False,settled
b,blue_ramp,ramp,0.0,1.6,0.0,0.7478458120318636,1086.8917662530232,False,settled
b,blue_ramp,ramp,0.0,1.6,0.0,1.552692101416793,827.6473270476146,False,settled
b,blue_ramp,ramp,0.0,1.6,0.0,0.8894385256385473,1032.137869600527,False,settled
b,blue_ramp,ramp,0.0,1.6,0.0,0.7152913064203937,1106.3156310368822,False,settled
b,blue_ramp,ramp,0.0,1.6,0.0,1.3860744421010542,865.5414416445069,False,settled
b,blue_ramp,ramp,0.0,1.6,0.0,1.3444322786272198,879.5752646217372,False,settled
b,blue_ramp,ramp,0.0,1.6,0.0,1.1623784574783722,937.1869486874956,False,settled
b,blue_ramp,ramp,0.0,1.6,0.0,0.8012007052783873,1057.5482037709598,False,settled
b,blue_ramp,ramp,0.0,1.6,0.0,1.6244883462501023,810.0930312507124,False,settled
b,blue_ramp,ramp,0.0,1.6,0.0,1.5220590570080994,835.8117551402996,False,settled
b,blue_ramp,ramp,0.0,1.6,0.0,1.340899260389687,877.5444373818434,False,settled
b,blue_ramp,ramp,0.0,1.6,0.0,1.5903416428729804,818.412373851408,False,settled
b,blue_ramp,ramp,0.0,1.6,0.0,0.9495104418418863,1007.7951735445725,False,settled
b,blue_ramp,ramp,0.0,1.6,0.0,1.4880809833152568,843.2220368038363,False,settled
b,blue_ramp,ramp,0.0,1.6,0.0,1.2753613150739662,902.6945043082452,False,settled
b,blue_ramp,ramp,0.0,1.6,0.0,1.142335497533061,939.3553283518013,False,settled
b,blue_ramp,ramp,0.0,1.6,0.0,1.6076495629792378,814.4422027007411,False,settled
b,blue_ramp,ramp,0.0,1.6,0.0,1.6286624949953954,810.2826238338395,False,settled
b,blue_ramp,ramp,0.0,1.6,0.0,1.128041287599248,941.704776378208,False,settled
b,blue_ramp,ramp,0.0,1.6,0.0,1.3010276801405831,891.8896908562084,False,settled
b,blue_ramp,ramp,0.0,1.6,0.0,1.3663111163812571,874.5743703588853,False,settled
b,blue_ramp,ramp,0.0,1.6,0.0,1.6648577599559484,801.0885104919529,False,settled
b,blue_ramp,ramp,0.0,1.6,0.0,0.6967153937926027,1100.8646918161041,False,settled
b,blue_ramp,ramp,0.0,1.6,0.0,1.3254295794972253,886.4146270748868,False,settled
b,blue_ramp,ramp,0.0,1.6,0.0,1.4551965254705852,847.0069554941869,False,settled
b,blue_ramp,ramp,0.0,1.6,0.0,0.7360999903605829,1087.0031813624219,False,settled
b,blue_ramp,ramp,0.0,1.6,0.0,1.210281027370803,919.486733861288,False,settled
b,blue_ramp,ramp,0.0,1.6,0.0,1.0417298397715522,975.6965409537568,False,settled
b,blue_ramp,ramp,0.0,1.6,0.0,0.9559045791253142,1002.6625156839951,False,settled
b,blue_ramp,ramp,0.0,1.6,0.0,1.6489238718882107,805.423691849838,False,settled
b,blue_ramp,ramp,0.0,1.6,0.0,1.214175718190133,916.1791403708028,False,settled
b,blue_ramp,ramp,0.0,1.6,0.0,1.4044142185826374,864.2047457253426,False,settled
b,blue_ramp,ramp,0.0,1.6,0.0,1.0712476239002064,966.2293423631927,False,settled
b,blue_ramp,ramp,0.0,1.6,0.0,1.5107313220741627,838.9376492741959,False,settled
b,blue_ramp,ramp,0.0,1.6,0.0,1.396404193175643,864.9484700290039,False,settled
b,blue_ramp,ramp,0.0,1.6,0.0,1.3133977711782991,889.0803150745454,False,settled
b,blue_ramp,ramp,0.0,1.6,0.0,0.7095755584615653,1103.9558505535608,False,settled
b,blue_ramp,ramp,0.0,1.6,0.0,0.7876456970631467,1073.9118139435752,False,settled
b,blue_ramp,ramp,0.0,1.6,0.0,1.3050076036666858,888.1670389738423,False,settled
b,blue_ramp,ramp,0.0,1.6,0.0,1.4999967900272408,841.0027477831023,False,settled
b,blue_ramp,ramp,0.0,1.6,0.0,0.7485951784473933,1087.6841860576917,False,settled
b,blue_ramp,ramp,0.0,1.6,0.0,0.9433469053028616,1012.7662199491838,False,settled
b,blue_ramp,ramp,0.0,1.6,0.0,0.7931001743309346,1072.378605664732,False,settled
b,blue_ramp,ramp,0.0,1.6,0.0,1.5257755739949466,831.9947189100347,False,settled
b,blue_ramp,ramp,0.0,1.6,0.0,1.2746101637038516,896.6788555594526,False,settled
b,blue_ramp,ramp,0.0,1.6,0.0,1.011781951354078,979.769022445694,False,settled
b,blue_ramp,ramp,0.0,1.6,0.0,0.7482613249729115,1087.2787894603887,False,settled
b,blue_ramp,ramp,0.0,1.6,0.0,0.7820044247911833,1077.9800688311957,False,settled
b,blue_ramp,ramp,0.0,1.6,0.0,0.8057728374013098,1056.9855555160373,False,settled
b,blue_ramp,ramp,0.0,1.6,0.0,1.6655597071447135,800.9735707596365,False,settled
b,blue_ramp,ramp,0.0,1.6,0.0,1.382772693197834,868.6562568003634,False,settled
b,blue_ramp,ramp,0.0,1.6,0.0,1.4570464533976994,849.2455097180178,False,settled
b,blue_ramp,ramp,0.0,1.6,0.0,1.6726500291989574,799.3877873973057,False,settled
b,blue_ramp,ramp,0.0,1.6,0.0,0.998180316910286,985.8621773295057,False,settled
b,blue_ramp,ramp,0.0,1.6,0.0,1.4482288184219296,850.5973411634018,False,settled
b,blue_ramp,ramp,0.0,1.6,0.0,1.4321923111120487,855.0138453622642,False,settled
b,blue_ramp,ramp,0.0,1.6,0.0,1.4046916245967667,864.0564896453852,False,settled
b,blue_ramp,ramp,0.0,1.6,0.0,0.7722487026828994,1071.24465861191,False,settled
b,blue_ramp,ramp,0.0,1.6,0.0,1.0177648702626103,985.0864426181682,False,settled
b,blue_ramp,ramp,0.0,1.6,0.0,0.98934533833741,987.7565879345101,False,settled
b,blue_ramp,ramp,0.0,1.6,0.0,0.6896246474829422,1119.0800356842392,False,settled
b,blue_ramp,ramp,0.0,1.6,0.0,1.0649028390576332,967.8526772646474,False,settled
b,blue_ramp,ramp,0.0,1.6,0.0,0.9463945230923946,1010.3006326984165,False,settled
b,blue_ramp,ramp,0.0,1.6,0.0,0.7498225635276112,1088.2511063458428,False,settled
b,blue_ramp,ramp,0.0,1.6,0.0,0.9503876948531863,1007.0899323129291,False,settled
b,blue_ramp,ramp,0.0,1.6,0.0,0.9739047331705752,999.5094140656896,False,settled
b,blue_ramp,ramp,0.0,1.6,0.0,0.7177018992251016,1095.8049674313015,False,settled
b,blue_ramp,ramp,0.0,1.6,0.0,1.1805770542033616,929.7566992702568,False,settled
b,blue_ramp,ramp,0.0,1.6,0.0,1.6400903208716067,806.4681465690142,False,settled
b,blue_ramp,ramp,0.0,1.6,0.0,0.8148822550858462,1051.8001431153048,False,settled
b,blue_ramp,ramp,0.0,1.6,0.0,1.311927212731125,889.6997700697187,False,settled
b,blue_ramp,ramp,0.0,1.6,0.0,1.0190840058660318,984.0072540857009,False,settled
b,blue_ramp,ramp,0.0,1.6,0.0,1.1206779023632525,947.7138995561472,False,settled
b,blue_ramp,ramp,0.0,1.6,0.0,1.6466920336393018,805.0065675569338,False,settled
b,blue_ramp,ramp,0.0,1.6,0.0,1.2580761874526394,904.9910323198839,False,settled
b,blue_ramp,ramp,0.0,1.6,0.0,0.8694510999226704,1033.965466123432,False,settled
b,blue_ramp,ramp,0.0,1.6,0.0,1.3768019905924684,869.573629951677,False,settled
b,blue_ramp,ramp,0.0,1.6,0.0,1.1639442227411094,935.8257069727542,False,settled
b,blue_ramp,ramp,0.0,1.6,0.0,0.9169726869430129,1022.6842943867628,False,settled
b,blue_ramp,ramp,0.0,1.6,0.0,0.8371716253201646,1048.018155915903,False,settled
b,blue_ramp,ramp,0.0,1.6,0.0,1.355114329284519,875.0217299267769,False,settled
b,blue_ramp,ramp,0.0,1.6,0.0,1.3081356125128663,891.5110144932098,False,settled
b,blue_ramp,ramp,0.0,1.6,0.0,0.9150215361252297,1024.2312721836963,False,settled
b,blue_ramp,ramp,0.0,1.6,0.0,0.8029523043988638,1057.2447662858272,False,settled
b,blue_ramp,ramp,0.0,1.6,0.0,0.8169749334920655,1063.6419481441458,False,settled
b,blue_ramp,ramp,0.0,1.6,0.0,1.455143193419253,847.0690062439998,False,settled
b,blue_ramp,ramp,0.0,1.6,0.0,1.6909623492888395,790.7306996762273,False,settled
b,blue_ramp,ramp,0.0,1.6,0.0,1.626001231313862,809.6567455819113,False,settled
b,blue_ramp,ramp,0.0,1.6,0.0,0.9253386817042806,1019.919492621051,False,settled
b,blue_ramp,ramp,0.0,1.6,0.0,1.0267711922865104,977.7234123105537,False,settled
b,blue_ramp,ramp,0.0,1.6,0.0,0.9719642697137036,1001.0809915144126,False,settled
b,blue_ramp,ramp,0.0,1.6,0.0,0.8054270808924475,1056.950774309901,False,settled
b,blue_ramp,ramp,0.0,1.6,0.0,1.0618485332201701,969.2961007371232,False,settled
b,blue_ramp,ramp,0.0,1.6,0.0,0.6966867044145911,1116.3050717973488,False,settled
b,blue_ramp,ramp,0.0,1.6,0.0,1.232195273433683,912.9618188902217,False,settled
b,blue_ramp,ramp,0.0,1.6,0.0,0.9357818638527272,1006.487458392137,False,settled
b,blue_ramp,ramp,0.0,1.6,0.0,0.9263857012858665,1019.7227387370166,False,settled
b,blue_ramp,ramp,0.0,1.6,0.0,0.9301920278320254,1019.0073671164654,False,settled
b,blue_ramp,ramp,0.0,1.6,0.0,1.6221649155741176,810.4015722466551,False,settled
b,blue_ramp,ramp,0.0,1.6,0.0,1.1253771679922477,943.899005361108,False,settled
b,blue_ramp,ramp,0.0,1.6,0.0,1.1415156353140652,939.5961671253878,False,settled
b,blue_ramp,ramp,0.0,1.6,0.0,0.8608415546659783,1035.2437471066996,False,settled
b,blue_ramp,ramp,0.0,1.6,0.0,0.8021074476720076,1057.3444159573269,False,settled
b,blue_ramp,ramp,0.0,1.6,0.0,0.7125430824860076,1098.6092259788884,False,settled
b,blue_ramp,ramp,0.0,1.6,0.0,1.6472210169479202,805.2874140392976,False,settled
b,blue_ramp,ramp,0.0,1.6,0.0,0.6982425169985488,1114.511224820724,False,settled
b,blue_ramp,ramp,0.0,1.6,0.0,0.9850478687046647,991.1106451057101,False,settled
b,blue_ramp,ramp,0.0,1.6,0.0,0.84296481583221,1043.51500029987,False,settled
b,blue_ramp,ramp,0.0,1.6,0.0,0.7753942266833193,1068.8557466121065,False,settled
b,blue_ramp,ramp,0.0,1.6,0.0,1.3270011813687788,884.8807431394852,False,settled
b,blue_ramp,ramp,0.0,1.6,0.0,1.0702014149898262,966.4969791528042,False,settled
b,blue_ramp,ramp,0.0,1.6,0.0,1.0298172105839367,975.6063594352165,False,settled
b,blue_ramp,ramp,0.0,1.6,0.0,1.558453278053523,827.3675495153477,False,settled
b,blue_ramp,ramp,0.0,1.6,0.0,1.6340775792994426,807.7498919649195,False,settled
b,blue_ramp,ramp,0.0,1.6,0.0,0.7236052135819353,1092.2057731677348,False,settled
b,blue_ramp,ramp,0.0,1.6,0.0,1.609906134473368,815.2111971695394,False,settled
b,blue_ramp,ramp,0.0,1.6,0.0,1.0237962887572898,980.1523635077359,False,settled
b,blue_ramp,ramp,0.0,1.6,0.0,1.490240015108371,843.1091886257927,False,settled
b,blue_ramp,ramp,0.0,1.6,0.0,1.3743588466515995,871.8071738990379,False,settled
b,blue_ramp,ramp,0.0,1.6,0.0,1.6124991198625773,813.1220159997766,False,settled
b,blue_ramp,ramp,0.0,1.6,0.0,0.963246414769261,997.1992352686019,False,settled
b,blue_ramp,ramp,0.0,1.6,0.0,0.8868108025014101,1034.2423143187907,False,settled
b,blue_ramp,ramp,0.0,1.6,0.0,0.7651447941219891,1076.0350567738926,False,settled
b,blue_ramp,ramp,0.0,1.6,0.0,0.8544385506678549,1036.2422160733886,False,settled
b,blue_ramp,ramp,0.0,1.6,0.0,1.6461028585689181,804.8428469223275,False,settled
b,blue_ramp,ramp,0.0,1.6,0.0,0.9478056301462421,1009.1659983495803,False,settled
b,blue_ramp,ramp,0.0,1.6,0.0,1.367240720566082,873.6234067936889,False,settled
b,blue_ramp,ramp,0.0,1.6,0.0,0.8172123623716541,1063.4529930929273,False,settled
b,blue_ramp,ramp,0.0,1.6,0.0,1.6712177653876914,799.361421899917,False,settled
b,blue_ramp,ramp,0.0,1.6,0.0,1.2741813933874144,897.0671651627061,False,settled
b,blue_ramp,ramp,0.0,1.6,0.0,1.0655132623197845,967.6964955710954,False,settled
b,blue_ramp,ramp,0.0,1.6,0.0,1.5290103688827013,834.2442275841603,False,settled
b,blue_ramp,ramp,0.0,1.6,0.0,1.2092226312718595,920.4064693678257,False,settled
b,blue_ramp,ramp,0.0,1.6,0.0,0.830568497382579,1053.1826376483816,False,settled
b,blue_ramp,ramp,0.0,1.6,0.0,1.207303250970258,922.0744223547881,False,settled
b,blue_ramp,ramp,0.0,1.6,0.0,1.5351150018040807,832.5007851852688,False,settled
b,blue_ramp,ramp,0.0,1.6,0.0,1.1610364639792663,938.3538461656104,False,settled
b,blue_ramp,ramp,0.0,1.6,0.0,0.7949440460332067,1072.1353964666255,False,settled
b,blue_ramp,ramp,0.0,1.6,0.0,1.109354323207814,948.2488506362881,False,settled
b,blue_ramp,ramp,0.0,1.6,0.0,0.863419595834799,1034.9351632673427,False,settled
b,blue_ramp,ramp,0.0,1.6,0.0,1.0360304913013478,980.4020196852684,False,settled
b,blue_ramp,ramp,0.0,1.6,0.0,0.9654877528512165,1006.3396677703333,False,settled
b,blue_ramp,ramp,0.0,1.6,0.0,1.1804131464541932,929.9004843073544,False,settled
b,blue_ramp,ramp,0.0,1.6,0.0,1.544320493076397,829.2781365061937,False,settled
b,blue_ramp,ramp,0.0,1.6,0.0,1.2060030930771939,923.2045498555258,False,settled
b,blue_ramp,ramp,0.0,1.6,0.0,0.8462711140299659,1040.9667946391332,False,settled
b,blue_ramp,ramp,0.0,1.6,0.0,1.1524842418459407,936.379796845583,False,settled
b,blue_ramp,ramp,0.0,1.6,0.0,0.8465633412953335,1040.7401065215727,False,settled
b,blue_ramp,ramp,0.0,1.6,0.0,1.6884475818300897,791.7923008565209,False,settled
b,blue_ramp,ramp,0.0,1.6,0.0,1.1056474336906863,951.3288899053622,False,settled
b,blue_ramp,ramp,0.0,1.6,0.0,1.4246569580974384,858.4316481116581,False,settled
b,blue_ramp,ramp,0.0,1.6,0.0,0.8136669695428211,1052.6432723844632,False,settled
b,blue_ramp,ramp,0.0,1.6,0.0,1.206243712094452,922.9954014916063,False,settled
b,blue_ramp,ramp,0.0,1.6,0.0,1.1775593588087598,932.1526735228097,False,settled
b,blue_ramp,ramp,0.0,1.6,0.0,0.914653145439621,1024.5233768066164,False,settled
b,blue_ramp,ramp,0.0,1.6,0.0,1.0135757124607883,988.5392951830545,False,settled
b,blue_ramp,ramp,0.0,1.6,0.0,0.8182505889431196,1062.626625807629,False,settled
b,blue_ramp,ramp,0.0,1.6,0.0,1.3025823672620243,890.4279471616909,False,settled
b,blue_ramp,ramp,0.0,1.6,0.0,0.7873644654313464,1074.0496310326714,False,settled
b,blue_ramp,ramp,0.0,1.6,0.0,0.8515927913323147,1049.8172412109539,False,settled
b,blue_ramp,ramp,0.0,1.6,0.0,0.9551466954374432,1003.2669450284392,False,settled
b,blue_ramp,ramp,0.0,1.6,0.0,1.4412119914942334,853.855563115885,False,settled
b,blue_ramp,ramp,0.0,1.6,0.0,1.3759986502783654,870.126250021146,False,settled
b,blue_ramp,ramp,0.0,1.6,0.0,1.3971079303444265,864.4646807735244,False,settled
b,blue_ramp,ramp,0.0,1.6,0.0,1.0473561145783497,971.3609916309061,False,settled
b,blue_ramp,ramp,0.0,1.6,0.0,1.6247330051608584,810.1688150431696,False,settled
b,blue_ramp,ramp,0.0,1.6,0.0,0.7913663853828,1072.60717307308,False,settled
b,blue_ramp,ramp,0.0,1.6,0.0,1.4024105172316947,860.5598128142489,False,settled
b,blue_ramp,ramp,0.0,1.6,0.0,1.2786007099117156,899.6641463466635,False,settled
b,blue_ramp,ramp,0.0,1.6,0.0,1.616244047182689,812.9185553948977,False,settled
b,blue_ramp,ramp,0.0,1.6,0.0,1.5382276084498199,831.4138932258992,False,settled
b,blue_ramp,ramp,0.0,1.6,0.0,0.7851710575935099,1075.4842892592994,False,settled
b,blue_ramp,ramp,0.0,1.6,0.0,0.7601896569924231,1078.0423127624583,False,settled
b,blue_ramp,ramp,0.0,1.6,0.0,1.2146949776532185,915.7259765104498,False,settled
b,blue_ramp,ramp,0.0,1.6,0.0,0.7455222556652126,1084.095387019805,False,settled
b,blue_ramp,ramp,0.0,1.6,0.0,1.0555023467899818,964.9346866460058,False,settled
b,blue_ramp,ramp,0.0,1.6,0.0,0.7564325742556672,1076.7907629303386,False,settled
b,blue_ramp,ramp,0.0,1.6,0.0,0.7657156548931652,1075.6847766136193,False,settled
b,blue_ramp,ramp,0.0,1.6,0.0,0.7837162696711037,1076.6311751591702,False,settled
b,blue_ramp,ramp,0.0,1.6,0.0,1.0489483910376778,970.10663866736,False,settled
b,blue_ramp,ramp,0.0,1.6,0.0,0.9632005310719709,997.2358169597355,False,settled
b,blue_ramp,ramp,0.0,1.6,0.0,0.7376962695449749,1088.5735267431194,False,settled
b,blue_ramp,ramp,0.0,1.6,0.0,0.7573921451295694,1076.594393825906,False,settled
b,blue_ramp,ramp,0.0,1.6,0.0,1.291947365029591,893.8996934594599,False,settled
b,blue_ramp,ramp,0.0,1.6,0.0,0.9334993718231541,1018.3859605014594,False,settled
b,blue_ramp,ramp,0.0,1.6,0.0,1.099821066087163,955.956701789196,False,settled
b,blue_ramp,ramp,0.0,1.6,0.0,1.6323733917013161,807.9897034844083,False,settled
b,blue_ramp,ramp,0.0,1.6,0.0,0.9087813309372665,1016.9346392677646,False,settled
b,blue_ramp,ramp,0.0,1.6,0.0,0.9664274374296806,1005.5765994412571,False,settled
b,blue_ramp,ramp,0.0,1.6,0.0,1.487470689997005,844.0539907056243,False,settled
b,blue_ramp,ramp,0.0,1.6,0.0,1.1278669319641226,941.8444317486541,False,settled
b,blue_ramp,ramp,0.0,1.6,0.0,1.4285387195904937,854.4452177822232,False,settled
b,blue_ramp,ramp,0.0,1.6,0.0,1.0442349916829028,973.6353321513785,False,settled
b,blue_ramp,ramp,0.0,1.6,0.0,1.4278334591110515,855.1391280131662,False,settled
b,blue_ramp,ramp,0.0,1.6,0.0,0.9080231146961302,1017.5128744979361,False,settled
b,blue_ramp,ramp,0.0,1.6,0.0,0.9104350030762461,1015.7655480521885,False,settled
b,blue_ramp,ramp,0.0,1.6,0.0,1.5076294228176554,839.2942234915259,False,settled
b,blue_ramp,ramp,0.0,1.6,0.0,0.7891312874019498,1072.9018877634655,False,settled
b,blue_ramp,ramp,0.0,1.6,0.0,1.439541934655299,851.4781269803667,False,settled
b,blue_ramp,ramp,0.0,1.6,0.0,0.7993696645403716,1057.7037043800992,False,settled
b,blue_ramp,ramp,0.0,1.6,0.0,0.8221005789128603,1059.5770393996313,False,settled
b,blue_ramp,ramp,0.0,1.6,0.0,1.3010724344322204,891.8476117306868,False,settled
b,blue_ramp,ramp,0.0,1.6,0.0,1.531262691717007,833.3993506568418,False,settled
b,blue_ramp,ramp,0.0,1.6,0.0,1.4267799130671077,856.3155962474625,False,settled
b,blue_ramp,ramp,0.0,1.6,0.0,1.2955232570341275,890.627887285119,False,settled
b,blue_ramp,ramp,0.0,1.6,0.0,0.9901149653646965,987.6644061802871,False,settled
b,blue_ramp,ramp,0.0,1.6,0.0,0.8395491329734907,1046.165683702131,False,settled
b,blue_ramp,ramp,0.0,1.6,0.0,0.9125293770609894,1026.207786927603,False,settled
b,blue_ramp,ramp,0.0,1.6,0.0,0.7719026967728522,1071.4923151570204,False,settled
b,blue_ramp,ramp,0.0,1.6,0.0,1.3643513210255016,871.2916883227819,False,settled
b,blue_ramp,ramp,0.0,1.6,0.0,1.0953495013993142,959.7332119206807,False,settled
b,blue_ramp,ramp,0.0,1.6,0.0,1.4227200853974011,856.0948205826174,False,settled
b,blue_ramp,ramp,0.0,1.6,0.0,0.7363086318540418,1087.2105354857788,False,settled
b,blue_ramp,ramp,0.0,1.6,0.0,0.9853214250863926,990.8174822633943,False,settled
b,blue_ramp,ramp,0.0,1.6,0.0,0.75264711882349,1081.1952565798686,False,settled
b,blue_ramp,ramp,0.0,1.6,0.0,0.898718514116648,1024.7517213026063,False,settled
b,blue_ramp,ramp,0.0,1.6,0.0,1.2733351243282658,897.8405372626127,False,settled
b,blue_ramp,ramp,0.0,1.6,0.0,1.3170030444456529,887.5632417660742,False,settled
b,blue_ramp,ramp,0.0,1.6,0.0,1.420906907476828,858.0018828618121,False,settled
b,blue_ramp,ramp,0.0,1.6,0.0,0.7062413586341654,1105.2511072941502,False,settled
b,blue_ramp,ramp,0.0,1.6,0.0,1.4229135915998832,855.8079311394469,False,settled
b,blue_ramp,ramp,0.0,1.6,0.0,1.0670307781258854,967.3080773832295,False,settled
b,blue_ramp,ramp,0.0,1.6,0.0,1.1128278004079089,954.1097759504729,False,settled
b,blue_ramp,ramp,0.0,1.6,0.0,1.6078163604919238,814.0809629799929,False,settled
b,blue_ramp,ramp,0.0,1.6,0.0,1.0850460853307737,959.2527023717214,False,settled
b,blue_ramp,ramp,0.0,1.6,0.0,0.9861850227429569,990.1378483367153,False,settled
b,blue_ramp,ramp,0.0,1.6,0.0,1.3605197669797848,874.8752235140594,False,settled
b,blue_ramp,ramp,0.0,1.6,0.0,1.2182208089228967,920.0847114884164,False,settled
b,blue_ramp,ramp,0.0,1.6,0.0,1.6087072549363601,814.9999984801715,False,settled
b,blue_ramp,ramp,0.0,1.6,0.0,1.2160725088547706,914.4560925766881,False,settled
b,blue_ramp,ramp,0.0,1.6,0.0,1.6472816719895063,805.6492094474713,False,settled
b,blue_ramp,ramp,0.0,1.6,0.0,0.8829545078038286,1037.0880905250576,False,settled
b,blue_ramp,ramp,0.0,1.6,0.0,0.8050332208213821,1056.996229693633,False,settled
b,blue_ramp,ramp,0.0,1.6,0.0,1.4833775368229671,845.0287858992332,False,settled
b,blue_ramp,ramp,0.0,1.6,0.0,0.7729222120875537,1070.8249629657334,False,settled
b,blue_ramp,ramp,0.0,1.6,0.0,1.0420256925410132,975.452318382192,False,settled
b,blue_ramp,ramp,0.0,1.6,0.0,0.9190403173545842,1021.1032276143869,False,settled
b,blue_ramp,ramp,0.0,1.6,0.0,1.484658901551414,846.1299233379088,False,settled
b,blue_ramp,ramp,0.0,1.6,0.0,1.26735679020724,903.3493699679651,False,settled
b,blue_ramp,ramp,0.0,1.6,0.0,1.686378638206457,793.5202182573056,False,settled
b,blue_ramp,ramp,0.0,1.6,0.0,1.433923720459355,853.1610961756606,False,settled
b,blue_ramp,ramp,0.0,1.6,0.0,0.8358878351718936,1049.022124454604,False,settled
b,blue_ramp,ramp,0.0,1.6,0.0,1.6375685939535665,807.8732769179265,False,settled
b,blue_ramp,ramp,0.0,1.6,0.0,1.2169705948621035,913.7834056945906,False,settled
b,blue_ramp,ramp,0.0,1.6,0.0,0.8038479066123326,1057.1351130536168,False,settled
b,blue_ramp,ramp,0.0,1.6,0.0,0.9798123341482227,994.8773010314065,False,settled
b,blue_ramp,ramp,0.0,1.6,0.0,0.9777453233502378,996.5100835441744,False,settled
b,blue_ramp,ramp,0.0,1.6,0.0,1.5886391824958794,818.7504251629922,False,settled
b,blue_ramp,ramp,0.0,1.6,0.0,1.0154199725893924,987.0183944702275,False,settled
b,blue_ramp,ramp,0.0,1.6,0.0,1.561903682240091,826.108211173321,False,settled
b,blue_ramp,ramp,0.0,1.6,0.0,1.1840356829885368,926.7416265913923,False,settled
b,blue_ramp,ramp,0.0,1.6,0.0,0.9878779235624583,988.8139634279293,False,settled
b,blue_ramp,ramp,0.0,1.6,0.0,0.8133619377009398,1052.8741398344469,False,settled
b,blue_ramp,ramp,0.0,1.6,0.0,1.0918112428541034,953.6490179252893,False,settled
b,blue_ramp,ramp,0.0,1.6,0.0,0.7160180733315875,1093.0291146610305,False,settled
b,blue_ramp,ramp,0.0,1.6,0.0,1.0485059928126756,970.4618993562957,False,settled
b,blue_ramp,ramp,0.0,1.6,0.0,1.3180924476340536,887.1047949870316,False,settled
b,blue_ramp,ramp,0.0,1.6,0.0,1.165976012695958,934.3094481329778,False,settled
b,blue_ramp,ramp,0.0,1.6,0.0,1.3883590996737234,868.1779614764555,False,settled
b,blue_ramp,ramp,0.0,1.6,0.0,0.909654951418003,1016.26880860241,False,settled
b,blue_ramp,ramp,0.0,1.6,0.0,0.8294118127261909,1054.0870579130221,False,settled
b,blue_ramp,ramp,0.0,1.6,0.0,1.354383253963182,875.4039093115582,False,settled
b,blue_ramp,ramp,0.0,1.6,0.0,1.1765491035542497,933.0377626256308,False,settled
b,blue_ramp,ramp,0.0,1.6,0.0,0.8065845923651715,1056.8919215355106,False,settled
b,blue_ramp,ramp,0.0,1.6,0.0,0.7645244372071143,1076.4181603477973,False,settled
b,blue_ramp,ramp,0.0,1.6,0.0,1.3136137875943192,888.9894168740337,False,settled
b,blue_ramp,ramp,0.0,1.6,0.0,0.793668634532774,1072.3034893713143,False,settled
b,blue_ramp,ramp,0.0,1.6,0.0,0.7796424528052168,1065.6404782916486,False,settled
b,blue_ramp,ramp,0.0,1.6,0.0,0.8572096260900083,1035.79151321678,False,settled
b,blue_ramp,ramp,0.0,1.6,0.0,1.3897310444257749,866.7459547811642,False,settled
b,blue_ramp,ramp,0.0,1.6,0.0,0.6927385996678006,1108.470798523123,False,settled
b,blue_ramp,ramp,0.0,1.6,0.0,1.3988263241140657,862.748152537649,False,settled
b,blue_ramp,ramp,0.0,1.6,0.0,0.9658660225816343,1006.0325010998417,False,settled
b,blue_ramp,ramp,0.0,1.6,0.0,0.8534080214762082,1049.274146859171,False,settled
b,blue_ramp,ramp,0.0,1.6,0.0,1.6379897309652982,807.31659555524,False,settled
b,blue_ramp,ramp,0.0,1.6,0.0,1.671983769942391,798.6804697855566,False,settled
b,blue_ramp,ramp,0.0,1.6,0.0,1.333669477794255,884.3450087038244,False,settled
b,blue_ramp,ramp,0.0,1.6,0.0,1.5276144780626668,834.0055098095163,False,settled
b,blue_ramp,ramp,0.0,1.6,0.0,1.5827014940530333,819.6136764487369,False,settled
b,blue_ramp,ramp,0.0,1.6,0.0,1.0215201918647894,982.0141932677642,False,settled
b,blue_ramp,ramp,0.0,1.6,0.0,1.15309245994316,936.2037472526622,False,settled
b,blue_ramp,ramp,0.0,1.6,0.0,1.5216172814843827,836.4536405497554,False,settled
b,blue_ramp,ramp,0.0,1.6,0.0,1.1180927296618737,949.6436645072022,False,settled
b,blue_ramp,ramp,0.0,1.6,0.0,0.7343272459825764,1097.9889112468209,False,settled
b,blue_ramp,ramp,0.0,1.6,0.0,1.5539595238197828,827.8834767231801,False,settled
b,blue_ramp,ramp,0.0,1.6,0.0,1.2867928290524437,898.6227933582414,False,settled
b,blue_ramp,ramp,0.0,1.6,0.0,1.196033206722653,924.1545379746691,False,settled
b,blue_ramp,ramp,0.0,1.6,0.0,1.3575725718899065,877.8706489204768,False,settled
b,blue_ramp,ramp,0.0,1.6,0.0,0.9085788131358673,1017.0855229514042,False,settled
b,blue_ramp,ramp,0.0,1.6,0.0,1.317009673270195,887.5604532694789,False,settled
b,blue_ramp,ramp,0.0,1.6,0.0,0.9797768788881633,994.9054806302371,False,settled
b,blue_ramp,ramp,0.0,1.6,0.0,1.118171117336983,949.5773675579093,False,settled
b,blue_ramp,ramp,0.0,1.6,0.0,1.294552099946949,891.5154764392797,False,settled
b,blue_ramp,ramp,0.0,1.6,0.0,1.4334082347479886,853.6490235451074,False,settled
b,blue_ramp,ramp,0.0,1.6,0.0,0.705360900701231,1100.655518293787,False,settled
b,blue_ramp,ramp,0.0,1.6,0.0,1.3914258262308628,865.2677469259633,False,settled
b,blue_ramp,ramp,0.0,1.6,0.0,0.8206917779379002,1060.6907246285193,False,settled
b,blue_ramp,ramp,0.0,1.6,0.0,1.579269973638654,821.84319767339,False,settled
b,blue_ramp,ramp,0.0,1.6,0.0,0.9990099825059849,985.6888752043349,False,settled
b,blue_ramp,ramp,0.0,1.6,0.0,0.8593077293955201,1035.4751200415583,False,settled
b,blue_ramp,ramp,0.0,1.6,0.0,0.927986384766477,1019.421774369673,False,settled
b,blue_ramp,ramp,0.0,1.6,0.0,0.7689817715001902,1073.5612057093394,False,settled
b,blue_ramp,ramp,0.0,1.6,0.0,0.8550663466330592,1036.2145739179691,False,settled
b,blue_ramp,ramp,0.0,1.6,0.0,1.2228804829211155,916.2224450153749,False,settled
b,blue_ramp,ramp,0.0,1.6,0.0,0.9739725507266281,999.4547931752644,False,settled
b,blue_ramp,ramp,0.0,1.6,0.0,0.8983566270823049,1025.037728195267,False,settled
b,blue_ramp,ramp,0.0,1.6,0.0,1.2208667936675401,917.7261718104332,False,settled
b,blue_ramp,ramp,0.0,1.6,0.0,1.6810351829588681,795.15102651309,False,settled
b,blue_ramp,ramp,0.0,1.6,0.0,1.5154802963136935,837.5158151377937,False,settled
b,blue_ramp,ramp,0.0,1.6,0.0,0.9767093740097161,997.3268709522328,False,settled
b,blue_ramp,ramp,0.0,1.6,0.0,1.041476968346784,975.9052824499975,False,settled
b,blue_ramp,ramp,0.0,1.6,0.0,1.0133039725917639,988.7635926595216,False,settled
b,blue_ramp,ramp,0.0,1.6,0.0,1.056199748674408,973.927094654983,False,settled
b,blue_ramp,ramp,0.0,1.6,0.0,1.575762344169883,821.7740076907919,False,settled
b,blue_ramp,ramp,0.0,1.6,0.0,1.017138477268525,985.6011769447862,False,settled
b,blue_ramp,ramp,0.0,1.6,0.0,1.4534624701756576,849.0076758128517,False,settled
b,blue_ramp,ramp,0.0,1.6,0.0,1.2992291781652558,893.5796135079919,False,settled
b,blue_ramp,ramp,0.0,1.6,0.0,1.3755993092011567,870.5356460194339,False,settled
b,blue_ramp,ramp,0.0,1.6,0.0,1.5274981617336887,834.1754102943255,False,settled
b,blue_ramp,ramp,0.0,1.6,0.0,1.5239666972811916,834.2734982666829,False,settled
b,blue_ramp,ramp,0.0,1.6,0.0,0.8458434474322035,1041.372150300573,False,settled
b,blue_ramp,ramp,0.0,1.6,0.0,1.1187645601226985,949.3320340580851,False,settled
b,blue_ramp,ramp,0.0,1.6,0.0,1.097277641250366,958.1046533229161,False,settled
b,blue_ramp,ramp,0.0,1.6,0.0,1.6790041576449288,796.8942057469218,False,settled
b,blue_ramp,ramp,0.0,1.6,0.0,0.9908463561988023,987.5091929267946,False,settled
b,blue_ramp,ramp,0.0,1.6,0.0,1.611194764538011,813.1387438588968,False,settled
b,blue_ramp,ramp,0.0,1.6,0.0,1.2712772505546144,899.7150426267863,False,settled
b,blue_ramp,ramp,0.0,1.6,0.0,0.822519108137043,1059.2460084499291,False,settled
b,blue_ramp,ramp,0.0,1.6,0.0,0.9866564128852396,989.7704323576563,False,settled
b,blue_ramp,ramp,0.0,1.6,0.0,1.438173195084782,852.9423676195983,False,settled
b,blue_ramp,ramp,0.0,1.6,0.0,0.8621617181006036,1035.1213927268548,False,settled
b,blue_ramp,ramp,0.0,1.6,0.0,1.0551395916878983,965.2096505568591,False,settled
b,blue_ramp,ramp,0.0,1.6,0.0,0.8766839508617281,1029.6480082687087,False,settled
b,blue_ramp,ramp,0.0,1.6,0.0,0.9629861688534952,997.4008456688748,False,settled
b,blue_ramp,ramp,0.0,1.6,0.0,0.7755805932513052,1068.7120630784784,False,settled
b,blue_ramp,ramp,0.0,1.6,0.0,1.0535244423953836,966.4662660540638,False,settled
b,blue_ramp,ramp,0.0,1.6,0.0,1.0008467795895344,985.3055836572165,False,settled
b,blue_ramp,ramp,0.0,1.6,0.0,0.9213485306422751,1020.6689042414023,False,settled
b,blue_ramp,ramp,0.0,1.6,0.0,1.6791834838125426,795.9721207673869,False,settled
b,blue_ramp,ramp,0.0,1.6,0.0,1.083259059199144,960.4846361858988,False,settled
b,blue_ramp,ramp,0.0,1.6,0.0,1.3738641778392466,872.3141852166057,False,settled
b,blue_ramp,ramp,0.0,1.6,0.0,0.7722569740133323,1071.2383772778435,False,settled
b,blue_ramp,ramp,0.0,1.6,0.0,1.184099276649454,926.6863133346368,False,settled
b,blue_ramp,ramp,0.0,1.6,0.0,1.4218028500786497,857.0146623944149,False,settled
b,blue_ramp,ramp,0.0,1.6,0.0,1.336819320791678,881.2321669069661,False,settled
b,blue_ramp,ramp,0.0,1.6,0.0,0.951702574556256,1006.032760903946,False,settled
b,blue_ramp,ramp,0.0,1.6,0.0,1.1792766877514331,930.8974085752451,False,settled
b,blue_ramp,ramp,0.0,1.6,0.0,1.0574819746249102,972.8742345372409,False,settled
b,blue_ramp,ramp,0.0,1.6,0.0,0.9655323024700282,1006.303492322935,False,settled
b,blue_ramp,ramp,0.0,1.6,0.0,1.141307748731558,939.6572243987979,False,settled
b,blue_ramp,ramp,0.0,1.6,0.0,0.7858449481977781,1074.9529745090579,False,settled
b,blue_ramp,ramp,0.0,1.6,0.0,0.8875381768353613,1033.6587261945833,False,settled
b,blue_ramp,ramp,0.0,1.6,0.0,1.1419823682927033,939.459051256789,False,settled
b,blue_ramp,ramp,0.0,1.6,0.0,1.2081727490020384,921.318610182024,False,settled
b,blue_ramp,ramp,0.0,1.6,0.0,0.9267436255372821,1019.6554781345543,False,settled
b,blue_ramp,ramp,0.0,1.6,0.0,1.1724773003686637,928.7785856315772,False,settled
b,blue_ramp,ramp,0.0,1.6,0.0,1.2056094962760955,923.5466306277511,False,settled
b,blue_ramp,ramp,0.0,1.6,0.0,1.265161521378066,905.3847890662994,False,settled
b,blue_ramp,ramp,0.0,1.6,0.0,0.7400654875250277,1084.3960534460139,False,settled
b,blue_ramp,ramp,0.0,1.6,0.0,0.7364471178346375,1087.3478077892112,False,settled
b,blue_ramp,ramp,0.0,1.6,0.0,1.2728415877508374,898.3645224671563,False,settled
b,blue_ramp,ramp,0.0,1.6,0.0,0.8264354822385397,1056.4096948776048,False,settled
b,blue_ramp,ramp,0.0,1.6,0.0,1.5606322354159416,827.1324673920085,False,settled
b,blue_ramp,ramp,0.0,1.6,0.0,0.936304026364394,1006.3978107087314,False,settled
b,blue_ramp,ramp,0.0,1.6,0.0,1.2282892085206238,914.3286939296879,False,settled
b,blue_ramp,ramp,0.0,1.6,0.0,0.7728204827343262,1070.9022641467045,False,settled
b,blue_ramp,ramp,0.0,1.6,0.0,1.37921588829717,867.193333022389,False,settled
b,blue_ramp,ramp,0.0,1.6,0.0,0.9860687032745981,990.229390550946,False,settled
b,blue_ramp,ramp,0.0,1.6,0.0,1.3016643689727834,891.2909933127977,False,settled
b,blue_ramp,ramp,0.0,1.6,0.0,1.069722985262669,966.6193689984325,False,settled
b,blue_ramp,ramp,0.0,1.6,0.0,1.2901088440955508,895.589240743628,False,settled
b,blue_ramp,ramp,0.0,1.6,0.0,1.1807124603963917,929.6379163430292,False,settled
b,blue_ramp,ramp,0.0,1.6,0.0,1.340929359717042,877.5150028985302,False,settled
b,blue_ramp,ramp,0.0,1.6,0.0,1.150747507202662,936.886377373338,False,settled
b,blue_ramp,ramp,0.0,1.6,0.0,1.1927227658860806,927.074557454247,False,settled
b,blue_ramp,ramp,0.0,1.6,0.0,1.3288852007990313,883.0419775668994,False,settled
b,blue_ramp,ramp,0.0,1.6,0.0,1.308089537270411,891.554987757271,False,settled
b,blue_ramp,ramp,0.0,1.6,0.0,0.9288343143799547,1019.2624615109379,False,settled
b,blue_ramp,ramp,0.0,1.6,0.0,1.0914043236636963,953.9870939242697,False,settled
b,blue_ramp,ramp,0.0,1.6,0.0,1.037481042473383,979.204123702869,False,settled
b,blue_ramp,ramp,0.0,1.6,0.0,0.7408202968077298,1086.7626321203659,False,settled
b,blue_ramp,ramp,0.0,1.6,0.0,0.8515657425073435,1049.8386154567556,False,settled
b,blue_ramp,ramp,0.0,1.6,0.0,1.1257267744596793,943.5313676322502,False,settled
b,blue_ramp,ramp,0.0,1.6,0.0,1.057857524134693,972.5658585441246,False,settled
b,blue_ramp,ramp,0.0,1.6,0.0,1.1039445110151942,952.7568906104206,False,settled
b,blue_ramp,ramp,0.0,1.6,0.0,1.131636298993207,947.1730534852835,False,settled
b,blue_ramp,ramp,0.0,1.6,0.0,1.1686266147345779,932.0115909000041,False,settled
b,blue_ramp,ramp,0.0,1.6,0.0,1.247335494412673,907.7572230622194,False,settled
b,blue_ramp,ramp,0.0,1.6,0.0,0.8346154468083284,1050.0171601185814,False,settled
b,yellow_ramp,ramp,0.0,1.6,0.0,1.0329348300437955,840.6832056747327,False,settled
b,yellow_ramp,ramp,0.0,1.6,0.0,0.4823742695361761,1007.5026857943486,False,settled
b,yellow_ramp,ramp,0.0,1.6,0.0,0.7545403207617059,916.6807074632129,False,settled
b,yellow_ramp,ramp,0.0,1.6,0.0,0.8823557885293758,879.945155281539,False,settled
b,yellow_ramp,ramp,0.0,1.6,0.0,1.1910616463494836,802.9569144497627,False,settled
b,yellow_ramp,ramp,0.0,1.6,0.0,0.8475298272566649,888.3935186123829,False,settled
b,yellow_ramp,ramp,0.0,1.6,0.0,0.2771012255697321,1084.8707540521937,False,settled
b,yellow_ramp,ramp,0.0,1.6,0.0,0.7976300122536353,905.4140024405025,False,settled
b,yellow_ramp,ramp,0.0,1.6,0.0,0.41057216315433753,1028.485303987354,False,settled
b,yellow_ramp,ramp,0.0,1.6,0.0,0.8367381045520408,888.959292790104,False,settled
b,yellow_ramp,ramp,0.0,1.6,0.0,1.0189191771796198,843.8599401109484,False,settled
b,yellow_ramp,ramp,0.0,1.6,0.0,0.754933405130026,916.3789682209341,False,settled
b,yellow_ramp,ramp,0.0,1.6,0.0,1.1902470836343269,802.1033075716877,False,settled
b,yellow_ramp,ramp,0.0,1.6,0.0,0.45158338244045676,1021.0951319175967,False,settled
b,yellow_ramp,ramp,0.0,1.6,0.0,0.4130160414522642,1026.691398926435,False,settled
b,yellow_ramp,ramp,0.0,1.6,0.0,1.0715471160250056,830.2102459506862,False,settled
b,yellow_ramp,ramp,0.0,1.6,0.0,0.4995047152102574,1005.1077925317347,False,settled
b,yellow_ramp,ramp,0.0,1.6,0.0,0.33999280057401526,1056.7871496855923,False,settled
b,yellow_ramp,ramp,0.0,1.6,0.0,1.0251476137575828,844.1239302989583,False,settled
b,yellow_ramp,ramp,0.0,1.6,0.0,0.9279249119036491,865.9820771412282,False,settled
b,yellow_ramp,ramp,0.0,1.6,0.0,1.0774352203188902,830.6381414092789,False,settled
b,yellow_ramp,ramp,0.0,1.6,0.0,0.3667260296477306,1050.3216889207495,False,settled
b,yellow_ramp,ramp,0.0,1.6,0.0,0.4181339660490571,1035.1864480671622,False,settled
b,yellow_ramp,ramp,0.0,1.6,0.0,0.43015365479261897,1025.5954563089156,False,settled
b,yellow_ramp,ramp,0.0,1.6,0.0,0.23297893145031723,1102.3890936254077,False,settled
b,yellow_ramp,ramp,0.0,1.6,0.0,0.24457818813933607,1097.0777603197798,False,settled
b,yellow_ramp,ramp,0.0,1.6,0.0,0.3018379303554196,1073.309385801236,False,settled
b,yellow_ramp,ramp,0.0,1.6,0.0,0.310761932089787,1066.7593625508368,False,settled
b,yellow_ramp,ramp,0.0,1.6,0.0,0.4192185311916432,1034.316343315827,False,settled
b,yellow_ramp,ramp,0.0,1.6,0.0,0.23293862006310373,1101.9610201436594,False,settled
b,yellow_ramp,ramp,0.0,1.6,0.0,0.5691452211898603,979.8944256430802,False,settled
b,yellow_ramp,ramp,0.0,1.6,0.0,0.32487133217718384,1072.4748042539115,False,settled
b,yellow_ramp,ramp,0.0,1.6,0.0,0.8204279049967573,897.551757484221,False,settled
b,yellow_ramp,ramp,0.0,1.6,0.0,0.9360907774994467,859.892426839361,False,settled
b,yellow_ramp,ramp,0.0,1.6,0.0,0.8168364345527744,894.337531512997,False,settled
b,yellow_ramp,ramp,0.0,1.6,0.0,0.9335361418193872,861.1767838237566,False,settled
b,yellow_ramp,ramp,0.0,1.6,0.0,0.47731392194041505,1011.5773530619317,False,settled
b,yellow_ramp,ramp,0.0,1.6,0.0,0.898360797698636,875.0350241713105,False,settled
b,yellow_ramp,ramp,0.0,1.6,0.0,1.1017122312872984,823.7235644360596,False,settled
b,yellow_ramp,ramp,0.0,1.6,0.0,0.38910761979506026,1035.971301235845,False,settled
b,yellow_ramp,ramp,0.0,1.6,0.0,0.5909712373631631,972.0619135148675,False,settled
b,yellow_ramp,ramp,0.0,1.6,0.0,0.3801705401400584,1039.8854753621356,False,settled
b,yellow_ramp,ramp,0.0,1.6,0.0,0.49503604891210967,997.7598611590424,False,settled
b,yellow_ramp,ramp,0.0,1.6,0.0,0.3376740360858769,1056.9799782298644,False,settled
b,yellow_ramp,ramp,0.0,1.6,0.0,0.7504055769899699,920.3656889005066,False,settled
b,yellow_ramp,ramp,0.0,1.6,0.0,0.3001937046020213,1074.4712222561861,False,settled
b,yellow_ramp,ramp,0.0,1.6,0.0,0.8742777436807851,882.2204046426293,False,settled
b,yellow_ramp,ramp,0.0,1.6,0.0,1.15581264533701,810.2999977335726,False,settled
b,yellow_ramp,ramp,0.0,1.6,0.0,0.9120589660181484,866.9446399074003,False,settled
b,yellow_ramp,ramp,0.0,1.6,0.0,0.6164974287495875,959.866446853972,False,settled
b,yellow_ramp,ramp,0.0,1.6,0.0,0.6622715925675402,948.8111871752291,False,settled
b,yellow_ramp,ramp,0.0,1.6,0.0,0.5560077129175753,980.3883882178403,False,settled
b,yellow_ramp,ramp,0.0,1.6,0.0,0.9041809529521712,869.3679715101426,False,settled
b,yellow_ramp,ramp,0.0,1.6,0.0,0.9715573175214293,852.0272377122361,False,settled
b,yellow_ramp,ramp,0.0,1.6,0.0,1.0576338114177448,835.1442266614648,False,settled
b,yellow_ramp,ramp,0.0,1.6,0.0,0.963343821065781,856.2750477570398,False,settled
b,yellow_ramp,ramp,0.0,1.6,0.0,0.2505424993931759,1097.3780881160262,False,settled
b,yellow_ramp,ramp,0.0,1.6,0.0,0.5152788712372889,992.5344569750904,False,settled
b,yellow_ramp,ramp,0.0,1.6,0.0,1.1038725958407505,823.2321426491859,False,settled
b,yellow_ramp,ramp,0.0,1.6,0.0,0.6202900693951605,956.9712532850051,False,settled
b,yellow_ramp,ramp,0.0,1.6,0.0,0.3249162334381102,1072.4688899581029,False,settled
b,yellow_ramp,ramp,0.0,1.6,0.0,0.5999323052256244,967.205360556582,False,settled
b,yellow_ramp,ramp,0.0,1.6,0.0,0.29576879752543167,1077.1164733724822,False,settled
b,yellow_ramp,ramp,0.0,1.6,0.0,0.30350917328247595,1072.1259491410624,False,settled
b,yellow_ramp,ramp,0.0,1.6,0.0,1.1569623536208,810.1707244198387,False,settled
b,yellow_ramp,ramp,0.0,1.6,0.0,1.0992555665823869,824.5522642054968,False,settled
b,yellow_ramp,ramp,0.0,1.6,0.0,0.41236224306304536,1027.1874626071117,False,settled
b,yellow_ramp,ramp,0.0,1.6,0.0,0.3500395082599549,1063.1926228402392,False,settled
b,yellow_ramp,ramp,0.0,1.6,0.0,0.5307082295760907,985.8563492861197,False,settled
b,yellow_ramp,ramp,0.0,1.6,0.0,1.159634445301541,809.4894267655483,False,settled
b,yellow_ramp,ramp,0.0,1.6,0.0,0.3554393578162338,1058.913793632354,False,settled
b,yellow_ramp,ramp,0.0,1.6,0.0,0.356982410689264,1057.9473472634318,False,settled
b,yellow_ramp,ramp,0.0,1.6,0.0,0.7668351331731067,912.2136017877875,False,settled
b,yellow_ramp,ramp,0.0,1.6,0.0,0.9757004632277166,851.8285354708478,False,settled
b,yellow_ramp,ramp,0.0,1.6,0.0,0.6019958590508456,966.6774714429167,False,settled
b,yellow_ramp,ramp,0.0,1.6,0.0,1.14139739096466,814.5821946364847,False,settled
b,yellow_ramp,ramp,0.0,1.6,0.0,0.26834581340053637,1086.7497074222376,False,settled
b,yellow_ramp,ramp,0.0,1.6,0.0,0.4346482118643804,1022.0408283608399,False,settled
b,yellow_ramp,ramp,0.0,1.6,0.0,1.1721509101327092,807.1118489499921,False,settled
b,yellow_ramp,ramp,0.0,1.6,0.0,0.6206524180291778,956.6700422972979,False,settled
b,yellow_ramp,ramp,0.0,1.6,0.0,0.9017285236673426,871.5904595430166,False,settled
b,yellow_ramp,ramp,0.0,1.6,0.0,1.2237682957166713,790.798182182288,False,settled
b,yellow_ramp,ramp,0.0,1.6,0.0,0.7144798132533313,928.5303184640029,False,settled
b,yellow_ramp,ramp,0.0,1.6,0.0,0.7435757839135708,918.7944108628918,False,settled
b,yellow_ramp,ramp,0.0,1.6,0.0,0.8604979258195447,883.9078180543095,False,settled
b,yellow_ramp,ramp,0.0,1.6,0.0,1.2233467523683135,791.3601603618496,False,settled
b,yellow_ramp,ramp,0.0,1.6,0.0,0.6942399202101224,937.7421953008645,False,settled
b,yellow_ramp,ramp,0.0,1.6,0.0,0.5171800772356715,991.4002232431754,False,settled
b,yellow_ramp,ramp,0.0,1.6,0.0,0.9111446203131296,867.7616045537343,False,settled
b,yellow_ramp,ramp,0.0,1.6,0.0,1.0941036552628558,825.5129438148762,False,settled
b,yellow_ramp,ramp,0.0,1.6,0.0,0.5382545031592445,984.3589351716595,False,settled
b,yellow_ramp,ramp,0.0,1.6,0.0,0.40930169311615466,1029.555339229676,False,settled
b,yellow_ramp,ramp,0.0,1.6,0.0,0.30239387943436635,1072.9160621196575,False,settled
b,yellow_ramp,ramp,0.0,1.6,0.0,0.7006679259795949,932.4075137879399,False,settled
b,yellow_ramp,ramp,0.0,1.6,0.0,0.6318085811298753,956.3895051143959,False,settled
b,yellow_ramp,ramp,0.0,1.6,0.0,0.7316195930273497,921.4488124709012,False,settled
b,yellow_ramp,ramp,0.0,1.6,0.0,0.7314931045532266,921.5596841529342,False,settled
b,yellow_ramp,ramp,0.0,1.6,0.0,1.1166494951572072,820.0117084002364,False,settled
b,yellow_ramp,ramp,0.0,1.6,0.0,0.4806474355175023,1008.8911487029945,False,settled
b,yellow_ramp,ramp,0.0,1.6,0.0,0.528475797689761,986.3259807934728,False,settled
b,yellow_ramp,ramp,0.0,1.6,0.0,1.061325453789463,832.4348953109771,False,settled
b,yellow_ramp,ramp,0.0,1.6,0.0,0.26014864082610895,1096.7801020037327,False,settled
b,yellow_ramp,ramp,0.0,1.6,0.0,0.38959632304886865,1035.8083389780895,False,settled
b,yellow_ramp,ramp,0.0,1.6,0.0,0.33002267288787834,1071.79553415146,False,settled
b,yellow_ramp,ramp,0.0,1.6,0.0,0.8609142035008258,883.501599500445,False,settled
b,yellow_ramp,ramp,0.0,1.6,0.0,0.7611539498498731,914.2010577232146,False,settled
b,yellow_ramp,ramp,0.0,1.6,0.0,0.8769638314883157,879.5438284821323,False,settled
b,yellow_ramp,ramp,0.0,1.6,0.0,0.2363373678809252,1108.306150499103,False,settled
b,yellow_ramp,ramp,0.0,1.6,0.0,0.429884448855608,1025.8098698717056,False,settled
b,yellow_ramp,ramp,0.0,1.6,0.0,0.5645802011802525,973.6955209390785,False,settled
b,yellow_ramp,ramp,0.0,1.6,0.0,0.7047710870444087,928.9565511093123,False,settled
b,yellow_ramp,ramp,0.0,1.6,0.0,0.9142751640398825,869.6801693666227,False,settled
b,yellow_ramp,ramp,0.0,1.6,0.0,0.6062469049522953,965.5913653579083,False,settled
b,yellow_ramp,ramp,0.0,1.6,0.0,0.743600654803021,918.772693947588,False,settled
b,yellow_ramp,ramp,0.0,1.6,0.0,0.8211243753866317,896.944321345435,False,settled
b,yellow_ramp,ramp,0.0,1.6,0.0,0.6165913977736786,959.7877773242269,False,settled
b,yellow_ramp,ramp,0.0,1.6,0.0,0.30475041977923084,1071.2433546348886,False,settled
b,yellow_ramp,ramp,0.0,1.6,0.0,0.8789591617470536,877.5558236642137,False,settled
b,yellow_ramp,ramp,0.0,1.6,0.0,0.9838293649921733,847.149098210995,False,settled
b,yellow_ramp,ramp,0.0,1.6,0.0,0.46159345283227887,1019.2137733039959,False,settled
b,yellow_ramp,ramp,0.0,1.6,0.0,0.9652156960452363,854.4263007718295,False,settled
b,yellow_ramp,ramp,0.0,1.6,0.0,0.729024677171008,923.7236786809117,False,settled
b,yellow_ramp,ramp,0.0,1.6,0.0,1.0009897037274427,844.3456885334845,False,settled
b,yellow_ramp,ramp,0.0,1.6,0.0,0.7275807367469246,924.9900702702497,False,settled
b,yellow_ramp,ramp,0.0,1.6,0.0,0.2547723081987797,1089.6166671875026,False,settled
b,yellow_ramp,ramp,0.0,1.6,0.0,0.4868945532848226,1003.8687749281794,False,settled
b,yellow_ramp,ramp,0.0,1.6,0.0,0.8231506426933177,895.0913253365846,False,settled
b,yellow_ramp,ramp,0.0,1.6,0.0,1.1848595361621823,804.1156766384505,False,settled
b,yellow_ramp,ramp,0.0,1.6,0.0,1.1559698903999789,809.9256373211715,False,settled
b,yellow_ramp,ramp,0.0,1.6,0.0,0.6609458571659115,941.4782946795897,False,settled
b,yellow_ramp,ramp,0.0,1.6,0.0,0.5167491022034526,991.3783389952036,False,settled
b,yellow_ramp,ramp,0.0,1.6,0.0,0.9006064981107706,872.7379836221559,False,settled
b,yellow_ramp,ramp,0.0,1.6,0.0,0.33445489405974327,1057.3624178280854,False,settled
b,yellow_ramp,ramp,0.0,1.6,0.0,0.547738437507836,987.1681016401823,False,settled
b,yellow_ramp,ramp,0.0,1.6,0.0,1.0399830350679755,839.4864751948994,False,settled
b,yellow_ramp,ramp,0.0,1.6,0.0,0.44834020319001805,1023.5821618856936,False,settled
b,yellow_ramp,ramp,0.0,1.6,0.0,1.0252257899169093,844.0205210917601,False,settled
b,yellow_ramp,ramp,0.0,1.6,0.0,0.7566296292456804,915.7850802065959,False,settled
b,yellow_ramp,ramp,0.0,1.6,0.0,1.108905621749869,821.5612223972066,False,settled
b,yellow_ramp,ramp,0.0,1.6,0.0,0.776333311900444,910.955906380397,False,settled
b,yellow_ramp,ramp,0.0,1.6,0.0,0.870411286284641,880.159834033041,False,settled
b,yellow_ramp,ramp,0.0,1.6,0.0,0.5601418006413311,977.2807132432499,False,settled
b,yellow_ramp,ramp,0.0,1.6,0.0,0.408970906352115,1029.8156853602493,False,settled
b,yellow_ramp,ramp,0.0,1.6,0.0,0.48154172392165945,1008.171983201918,False,settled
b,yellow_ramp,ramp,0.0,1.6,0.0,0.5144761925050697,993.1678198214695,False,settled
b,yellow_ramp,ramp,0.0,1.6,0.0,0.3375913563770798,1056.9895202829987,False,settled
b,yellow_ramp,ramp,0.0,1.6,0.0,0.25754134952453017,1092.795786739009,False,settled
b,yellow_ramp,ramp,0.0,1.6,0.0,1.021651066440058,844.5333961112286,False,settled
b,yellow_ramp,ramp,0.0,1.6,0.0,0.9618315390598415,853.4979722266928,False,settled
b,yellow_ramp,ramp,0.0,1.6,0.0,0.8422632648399496,890.6217863251885,False,settled
b,yellow_ramp,ramp,0.0,1.6,0.0,0.2637696881646698,1099.505712836948,False,settled
b,yellow_ramp,ramp,0.0,1.6,0.0,0.22663222494695648,1114.4762312337111,False,settled
b,yellow_ramp,ramp,0.0,1.6,0.0,0.5344864103737391,985.1452698634027,False,settled
b,yellow_ramp,ramp,0.0,1.6,0.0,0.441812265264907,1016.5266088323089,False,settled
b,yellow_ramp,ramp,0.0,1.6,0.0,0.4905534295115532,1000.9486118563522,False,settled
b,yellow_ramp,ramp,0.0,1.6,0.0,1.0131883097296552,846.9580288909096,False,settled
b,yellow_ramp,ramp,0.0,1.6,0.0,0.5069861812659919,999.0411093495454,False,settled
b,yellow_ramp,ramp,0.0,1.6,0.0,1.1163113154606223,819.0384861002487,False,settled
b,yellow_ramp,ramp,0.0,1.6,0.0,0.6617378241601997,949.2512888205179,False,settled
b,yellow_ramp,ramp,0.0,1.6,0.0,0.7242756252568706,927.69512596811,False,settled
b,yellow_ramp,ramp,0.0,1.6,0.0,0.9015189152157337,871.804834690763,False,settled
b,yellow_ramp,ramp,0.0,1.6,0.0,0.6771707934310252,938.6698891479703,False,settled
b,yellow_ramp,ramp,0.0,1.6,0.0,0.8050480315150049,898.6344105504265,False,settled
b,yellow_ramp,ramp,0.0,1.6,0.0,0.9014919095304285,871.8324544031376,False,settled
b,yellow_ramp,ramp,0.0,1.6,0.0,0.2920011672879001,1077.6092480930433,False,settled
b,yellow_ramp,ramp,0.0,1.6,0.0,0.7501695028864428,920.328960039184,False,settled
b,yellow_ramp,ramp,0.0,1.6,0.0,0.9987360493810222,847.0416251935007,False,settled
b,yellow_ramp,ramp,0.0,1.6,0.0,1.2162833291082829,793.3944689333331,False,settled
b,yellow_ramp,ramp,0.0,1.6,0.0,0.9277942255993479,866.1204046563493,False,settled
b,yellow_ramp,ramp,0.0,1.6,0.0,0.4323740325601014,1023.8384370305929,False,settled
b,yellow_ramp,ramp,0.0,1.6,0.0,0.9852416462914327,849.8465799811619,False,settled
b,yellow_ramp,ramp,0.0,1.6,0.0,1.1113217172175793,821.8844741295159,False,settled
b,yellow_ramp,ramp,0.0,1.6,0.0,1.2081171039045195,798.0426918124365,False,settled
b,yellow_ramp,ramp,0.0,1.6,0.0,0.9922109884011876,846.1937511121362,False,settled
b,yellow_ramp,ramp,0.0,1.6,0.0,0.35912181279119604,1056.2629646517676,False,settled
b,yellow_ramp,ramp,0.0,1.6,0.0,0.9517916161749578,859.5287524849626,False,settled
b,yellow_ramp,ramp,0.0,1.6,0.0,0.36140369480237616,1054.484400447229,False,settled
b,yellow_ramp,ramp,0.0,1.6,0.0,0.2757512214012494,1089.2334067431855,False,settled
b,yellow_ramp,ramp,0.0,1.6,0.0,0.9938661956841003,849.2775668994802,False,settled
b,yellow_ramp,ramp,0.0,1.6,0.0,0.9716589045501947,851.9116697041459,False,settled
b,yellow_ramp,ramp,0.0,1.6,0.0,0.8058118388008119,897.8619376841121,False,settled
b,yellow_ramp,ramp,0.0,1.6,0.0,1.041541179892291,838.7412024521084,False,settled
b,yellow_ramp,ramp,0.0,1.6,0.0,0.5060329930057325,999.8088164978141,False,settled
b,yellow_ramp,ramp,0.0,1.6,0.0,0.8007919533283596,902.4822932330834,False,settled
b,yellow_ramp,ramp,0.0,1.6,0.0,0.22445321150603512,1108.379091745424,False,settled
b,yellow_ramp,ramp,0.0,1.6,0.0,0.675327141489872,939.2110249250135,False,settled
b,yellow_ramp,ramp,0.0,1.6,0.0,0.9792968364749237,852.0064939146373,False,settled
b,yellow_ramp,ramp,0.0,1.6,0.0,0.4472901910911793,1024.4147095611165,False,settled
b,yellow_ramp,ramp,0.0,1.6,0.0,0.6320968445638879,956.146060978123,False,settled
b,yellow_ramp,ramp,0.0,1.6,0.0,0.651353494602918,949.2568280635386,False,settled
b,yellow_ramp,ramp,0.0,1.6,0.0,0.8374641366805442,888.2078833099644,False,settled
b,yellow_ramp,ramp,0.0,1.6,0.0,0.6099319803596238,964.661946906915,False,settled
b,yellow_ramp,ramp,0.0,1.6,0.0,0.910289307163359,868.6998022445642,False,settled
b,yellow_ramp,ramp,0.0,1.6,0.0,0.9191009572275153,865.0061360365747,False,settled
b,yellow_ramp,ramp,0.0,1.6,0.0,0.5061111461899771,999.7458713906874,False,settled
b,yellow_ramp,ramp,0.0,1.6,0.0,0.4646380468112525,1018.6417365501176,False,settled
b,yellow_ramp,ramp,0.0,1.6,0.0,0.4146735304857148,1037.7142288693594,False,settled
b,yellow_ramp,ramp,0.0,1.6,0.0,0.9784639840950927,848.6966811142544,False,settled
b,yellow_ramp,ramp,0.0,1.6,0.0,0.6493908198833748,950.6590824686406,False,settled
b,yellow_ramp,ramp,0.0,1.6,0.0,0.344524550159636,1053.9057613441428,False,settled
b,yellow_ramp,ramp,0.0,1.6,0.0,0.3454785122611425,1053.1710682992843,False,settled
b,yellow_ramp,ramp,0.0,1.6,0.0,0.5742271727543876,975.6987425382605,False,settled
b,yellow_ramp,ramp,0.0,1.6,0.0,0.46782866097046133,1006.5769700576044,False,settled
b,yellow_ramp,ramp,0.0,1.6,0.0,0.9363337584724093,864.5149640557327,False,settled
b,yellow_ramp,ramp,0.0,1.6,0.0,0.22580551984138234,1102.5658083859626,False,settled
b,yellow_ramp,ramp,0.0,1.6,0.0,0.6274408451535818,960.0783479553196,False,settled
b,yellow_ramp,ramp,0.0,1.6,0.0,0.8468193289933188,888.6925182343855,False,settled
b,yellow_ramp,ramp,0.0,1.6,0.0,1.0777536726039854,831.3102574014359,False,settled
b,yellow_ramp,ramp,0.0,1.6,0.0,0.3156783682003876,1077.0550709129525,False,settled
b,yellow_ramp,ramp,0.0,1.6,0.0,0.5111131055130625,995.8257133965511,False,settled
b,yellow_ramp,ramp,0.0,1.6,0.0,0.25828162284829487,1094.16979874859,False,settled
b,yellow_ramp,ramp,0.0,1.6,0.0,0.9825308221487865,848.6004362355709,False,settled
b,yellow_ramp,ramp,0.0,1.6,0.0,1.177575719913405,804.9771360279526,False,settled
b,yellow_ramp,ramp,0.0,1.6,0.0,0.7083246438139059,933.6726611887631,False,settled
b,yellow_ramp,ramp,0.0,1.6,0.0,0.22812823378470493,1104.2545402070155,False,settled
b,yellow_ramp,ramp,0.0,1.6,0.0,0.4546111565245994,1020.5257929821421,False,settled
b,yellow_ramp,ramp,0.0,1.6,0.0,1.085435231738801,827.3856189154469,False,settled
b,yellow_ramp,ramp,0.0,1.6,0.0,0.8161744843882718,895.0198754507784,False,settled
b,yellow_ramp,ramp,0.0,1.6,0.0,1.0243503967339318,842.4867114954864,False,settled
b,yellow_ramp,ramp,0.0,1.6,0.0,0.2981319781953273,1075.7361494134439,False,settled
b,yellow_ramp,ramp,0.0,1.6,0.0,0.990032118906333,848.67289382626,False,settled
b,yellow_ramp,ramp,0.0,1.6,0.0,0.9200303092852711,869.0426153382227,False,settled
b,yellow_ramp,ramp,0.0,1.6,0.0,0.9746337016736357,853.0479274916378,False,settled
b,yellow_ramp,ramp,0.0,1.6,0.0,0.8606413572484725,883.7678531358279,False,settled
b,yellow_ramp,ramp,0.0,1.6,0.0,0.649054532273992,950.943164489286,False,settled
b,yellow_ramp,ramp,0.0,1.6,0.0,1.1182267605202934,820.172351097293,False,settled
b,yellow_ramp,ramp,0.0,1.6,0.0,1.0768343541755598,829.2319494546142,False,settled
b,yellow_ramp,ramp,0.0,1.6,0.0,1.0886467322316569,827.7567568203486,False,settled
b,yellow_ramp,ramp,0.0,1.6,0.0,0.6838071748088165,936.7221352248073,False,settled
b,yellow_ramp,ramp,0.0,1.6,0.0,0.3898862663207181,1035.7652916043164,False,settled
b,yellow_ramp,ramp,0.0,1.6,0.0,1.0187330717767844,844.1002548103176,False,settled
b,yellow_ramp,ramp,0.0,1.6,0.0,0.5080220935995599,998.2590177033818,False,settled
b,yellow_ramp,ramp,0.0,1.6,0.0,0.5715516511518696,977.9075269648398,False,settled
b,yellow_ramp,ramp,0.0,1.6,0.0,1.131019373982065,817.0630289898106,False,settled
b,yellow_ramp,ramp,0.0,1.6,0.0,0.5214828930024862,988.0420235066249,False,settled
b,yellow_ramp,ramp,0.0,1.6,0.0,0.5148919771598045,992.8386848639632,False,settled
b,yellow_ramp,ramp,0.0,1.6,0.0,1.1783753593105795,805.0301443198854,False,settled
b,yellow_ramp,ramp,0.0,1.6,0.0,0.6007179023449946,967.004392676396,False,settled
b,yellow_ramp,ramp,0.0,1.6,0.0,0.43159634308988654,1024.4531082710528,False,settled
b,yellow_ramp,ramp,0.0,1.6,0.0,0.4037408694509244,1033.7053041956826,False,settled
b,yellow_ramp,ramp,0.0,1.6,0.0,0.506089425778186,999.7633651625071,False,settled
b,yellow_ramp,ramp,0.0,1.6,0.0,0.5071483541631303,998.9175063015784,False,settled
b,yellow_ramp,ramp,0.0,1.6,0.0,1.2126235631478552,795.5370926348137,False,settled
b,yellow_ramp,ramp,0.0,1.6,0.0,0.27857634161928846,1083.990163523213,False,settled
b,yellow_ramp,ramp,0.0,1.6,0.0,1.129450338105362,817.4645281828201,False,settled
b,yellow_ramp,ramp,0.0,1.6,0.0,0.8907847284880198,877.146501520058,False,settled
b,yellow_ramp,ramp,0.0,1.6,0.0,0.6954007022283037,936.7329804960924,False,settled
b,yellow_ramp,ramp,0.0,1.6,0.0,0.2752284241078036,1089.164072054236,False,settled
b,yellow_ramp,ramp,0.0,1.6,0.0,0.44999036954668564,1022.2738925234016,False,settled
b,yellow_ramp,ramp,0.0,1.6,0.0,0.6455500527092588,953.9204812939923,False,settled
b,yellow_ramp,ramp,0.0,1.6,0.0,0.6687768050968155,943.5254259029617,False,settled
b,yellow_ramp,ramp,0.0,1.6,0.0,1.2241938647487653,790.0879139915497,False,settled
b,yellow_ramp,ramp,0.0,1.6,0.0,0.6039523055794895,966.1769815357034,False,settled
b,yellow_ramp,ramp,0.0,1.6,0.0,0.7313308196086032,921.7019323061392,False,settled
b,yellow_ramp,ramp,0.0,1.6,0.0,0.9563304321279967,854.8073591329769,False,settled
b,yellow_ramp,ramp,0.0,1.6,0.0,0.8229450083599748,895.2802619618172,False,settled
b,yellow_ramp,ramp,0.0,1.6,0.0,0.38801058927004717,1036.141082051284,False,settled
b,yellow_ramp,ramp,0.0,1.6,0.0,0.99982253135515,845.7418925070507,False,settled
b,yellow_ramp,ramp,0.0,1.6,0.0,1.113541567489387,821.7462626846718,False,settled
b,yellow_ramp,ramp,0.0,1.6,0.0,1.2103697380508935,795.9811685365339,False,settled
b,yellow_ramp,ramp,0.0,1.6,0.0,0.5237052581296372,987.4330302509917,False,settled
b,yellow_ramp,ramp,0.0,1.6,0.0,1.0008341375457042,844.5317542666885,False,settled
b,yellow_ramp,ramp,0.0,1.6,0.0,1.1149572691582743,820.074688202118,False,settled
b,yellow_ramp,ramp,0.0,1.6,0.0,0.8268125872828842,891.8066749827561,False,settled
b,yellow_ramp,ramp,0.0,1.6,0.0,0.3549364554002811,1059.311404162373,False,settled
b,yellow_ramp,ramp,0.0,1.6,0.0,1.1217315750453656,819.6685327859925,False,settled
b,yellow_ramp,ramp,0.0,1.6,0.0,1.1840512664579792,804.3355579237515,False,settled
b,yellow_ramp,ramp,0.0,1.6,0.0,0.6158782799486088,960.3848204641234,False,settled
b,yellow_ramp,ramp,0.0,1.6,0.0,0.2642836439092337,1100.1496917188365,False,settled
b,yellow_ramp,ramp,0.0,1.6,0.0,0.8292537094926312,895.9160291030613,False,settled
b,yellow_ramp,ramp,0.0,1.6,0.0,0.5094849677306593,997.1095829345742,False,settled
b,yellow_ramp,ramp,0.0,1.6,0.0,0.7575998314493159,915.4453799801788,False,settled
b,yellow_ramp,ramp,0.0,1.6,0.0,0.8227285864203419,895.4791254235864,False,settled
b,yellow_ramp,ramp,0.0,1.6,0.0,1.0420016179563658,838.1603330019785,False,settled
b,yellow_ramp,ramp,0.0,1.6,0.0,0.7668513371932041,912.2080054718331,False,settled
b,yellow_ramp,ramp,0.0,1.6,0.0,0.8313997014701704,893.8905945711563,False,settled
b,yellow_ramp,ramp,0.0,1.6,0.0,1.0495736263878828,836.4340002793065,False,settled
b,yellow_ramp,ramp,0.0,1.6,0.0,1.0128327979991762,847.4144951738609,False,settled
b,yellow_ramp,ramp,0.0,1.6,0.0,0.8890090205725341,873.5544553613255,False,settled
b,yellow_ramp,ramp,0.0,1.6,0.0,0.8832652911393564,879.0306718832018,False,settled
b,yellow_ramp,ramp,0.0,1.6,0.0,1.0265631741564283,842.252913204767,False,settled
b,yellow_ramp,ramp,0.0,1.6,0.0,0.7922104533793833,903.4894016569331,False,settled
b,yellow_ramp,ramp,0.0,1.6,0.0,1.0564527694087145,834.2934256757185,False,settled
b,yellow_ramp,ramp,0.0,1.6,0.0,0.8498130069834773,887.4328521575867,False,settled
b,yellow_ramp,ramp,0.0,1.6,0.0,0.31589752032520035,1076.8823748416087,False,settled
b,yellow_ramp,ramp,0.0,1.6,0.0,0.3571628773794625,1057.8052921713843,False,settled
b,yellow_ramp,ramp,0.0,1.6,0.0,1.0550824272081765,835.0498781518133,False,settled
b,yellow_ramp,ramp,0.0,1.6,0.0,0.8048721376932777,898.7961171441674,False,settled
b,yellow_ramp,ramp,0.0,1.6,0.0,1.0230658629178406,842.6883256566645,False,settled
b,yellow_ramp,ramp,0.0,1.6,0.0,0.46730022422408846,1018.1415453293845,False,settled
b,yellow_ramp,ramp,0.0,1.6,0.0,0.9587246823642499,856.9355750213126,False,settled
b,yellow_ramp,ramp,0.0,1.6,0.0,0.5959675167300847,968.2199216075343,False,settled
b,yellow_ramp,ramp,0.0,1.6,0.0,0.9096180376372568,869.2752814221515,False,settled
b,yellow_ramp,ramp,0.0,1.6,0.0,0.62678924375783,960.6287812237163,False,settled
b,yellow_ramp,ramp,0.0,1.6,0.0,0.3685542122586402,1048.8920126156859,False,settled
b,yellow_ramp,ramp,0.0,1.6,0.0,0.468154736086458,1006.5092890656056,False,settled
b,yellow_ramp,ramp,0.0,1.6,0.0,0.6964208757257024,935.8459999913898,False,settled
b,yellow_ramp,ramp,0.0,1.6,0.0,0.8654045226996415,885.1025381565427,False,settled
b,yellow_ramp,ramp,0.0,1.6,0.0,0.7310863711914425,921.9161985875485,False,settled
b,yellow_ramp,ramp,0.0,1.6,0.0,0.6304571845224775,957.5307766283411,False,settled
b,yellow_ramp,ramp,0.0,1.6,0.0,0.8081484892746643,902.4241671633977,False,settled
b,yellow_ramp,ramp,0.0,1.6,0.0,0.7268186387826602,925.6637844660281,False,settled
b,yellow_ramp,ramp,0.0,1.6,0.0,0.2708110409435213,1089.1698398675492,False,settled
b,yellow_ramp,ramp,0.0,1.6,0.0,0.3002899087110488,1074.4033176878986,False,settled
b,yellow_ramp,ramp,0.0,1.6,0.0,0.7108644848992466,931.6975945373887,False,settled
b,yellow_ramp,ramp,0.0,1.6,0.0,0.783815588204054,904.16746818364,False,settled
b,yellow_ramp,ramp,0.0,1.6,0.0,0.38060612622909173,1039.5488004820247,False,settled
b,yellow_ramp,ramp,0.0,1.6,0.0,0.5779377000299946,972.6504877954063,False,settled
b,yellow_ramp,ramp,0.0,1.6,0.0,0.7454982941838362,917.1165072607762,False,settled
b,yellow_ramp,ramp,0.0,1.6,0.0,0.516789203297894,991.3468047948197,False,settled
b,yellow_ramp,ramp,0.0,1.6,0.0,0.2836253230028755,1081.8024152591272,False,settled
b,yellow_ramp,ramp,0.0,1.6,0.0,0.4134677671836302,1026.2742668830683,False,settled
b,yellow_ramp,ramp,0.0,1.6,0.0,0.24453522613167636,1096.9217115359365,False,settled
b,yellow_ramp,ramp,0.0,1.6,0.0,0.7157673492930698,927.4102052638533,False,settled
b,yellow_ramp,ramp,0.0,1.6,0.0,1.0451753431183335,837.6210786790797,False,settled
b,yellow_ramp,ramp,0.0,1.6,0.0,0.6842976016323611,936.5785457858927,False,settled
b,yellow_ramp,ramp,0.0,1.6,0.0,0.4024069122552324,1033.8991751632889,False,settled
b,yellow_ramp,ramp,0.0,1.6,0.0,0.5923533225945841,970.9270048124328,False,settled
b,yellow_ramp,ramp,0.0,1.6,0.0,0.5765175013341456,973.8134188318386,False,settled
b,yellow_ramp,ramp,0.0,1.6,0.0,1.077803399699045,831.2314884732691,False,settled
b,yellow_ramp,ramp,0.0,1.6,0.0,1.096984750328523,825.1570089818714,False,settled
b,yellow_ramp,ramp,0.0,1.6,0.0,0.5875089796900838,965.3907206237693,False,settled
b,yellow_ramp,ramp,0.0,1.6,0.0,0.42235200637122133,1031.8086267095819,False,settled
b,yellow_ramp,ramp,0.0,1.6,0.0,0.8450513220742977,889.4364944141583,False,settled
b,yellow_ramp,ramp,0.0,1.6,0.0,0.24538040559170413,1099.711680774413,False,settled
b,yellow_ramp,ramp,0.0,1.6,0.0,0.6592780778828903,942.695729039209,False,settled
b,yellow_ramp,ramp,0.0,1.6,0.0,1.1316700495530891,817.0828759228406,False,settled
b,yellow_ramp,ramp,0.0,1.6,0.0,0.5971900000605648,967.9071337991968,False,settled
b,yellow_ramp,ramp,0.0,1.6,0.0,1.1745421936892972,806.4585410777,False,settled
b,yellow_ramp,ramp,0.0,1.6,0.0,0.23878706092429833,1105.4579241363585,False,settled
b,yellow_ramp,ramp,0.0,1.6,0.0,0.31938256602831466,1074.3815812980088,False,settled
b,yellow_ramp,ramp,0.0,1.6,0.0,0.5441540747510512,979.871635358523,False,settled
b,yellow_ramp,ramp,0.0,1.6,0.0,0.8616712415611831,882.7626670418168,False,settled
b,yellow_ramp,ramp,0.0,1.6,0.0,0.7913282041686039,904.2987251283778,False,settled
b,yellow_ramp,ramp,0.0,1.6,0.0,0.3210152376338456,1073.3683846913964,False,settled
b,yellow_ramp,ramp,0.0,1.6,0.0,0.24628786468886732,1100.665969563764,False,settled
b,yellow_ramp,ramp,0.0,1.6,0.0,0.23471024294228815,1098.6234035910559,False,settled
b,yellow_ramp,ramp,0.0,1.6,0.0,0.5752788223226148,974.8306166678766,False,settled
b,yellow_ramp,ramp,0.0,1.6,0.0,0.23640834853248213,1108.9122421486059,False,settled
b,yellow_ramp,ramp,0.0,1.6,0.0,0.6382532996426945,951.2401281698394,False,settled
b,yellow_ramp,ramp,0.0,1.6,0.0,0.6429117113504973,947.4669437457869,False,settled
b,yellow_ramp,ramp,0.0,1.6,0.0,0.23077617346382692,1114.6255272298997,False,settled
b,yellow_ramp,ramp,0.0,1.6,0.0,0.7119054842034478,930.7844269062007,False,settled
b,yellow_ramp,ramp,0.0,1.6,0.0,0.32885936673256694,1071.9487475420092,False,settled
b,yellow_ramp,ramp,0.0,1.6,0.0,0.2862734514193212,1078.2431582606716,False,settled
b,yellow_ramp,ramp,0.0,1.6,0.0,0.5055551337629266,1000.1953878287951,False,settled
b,yellow_ramp,ramp,0.0,1.6,0.0,0.6978410264834908,934.8621097850096,False,settled
b,yellow_ramp,ramp,0.0,1.6,0.0,0.6283734594423541,959.2906940036042,False,settled
b,yellow_ramp,ramp,0.0,1.6,0.0,0.5276672882878185,986.4947671523217,False,settled
b,yellow_ramp,ramp,0.0,1.6,0.0,0.992677528415555,845.5712278289757,False,settled
b,yellow_ramp,ramp,0.0,1.6,0.0,0.3305082535981129,1071.7316028732353,False,settled
b,yellow_ramp,ramp,0.0,1.6,0.0,0.976381551495758,851.0498368659743,False,settled
b,yellow_ramp,ramp,0.0,1.6,0.0,0.610318277100069,964.5645034960187,False,settled
b,yellow_ramp,ramp,0.0,1.6,0.0,0.8653941303427134,885.1128295060224,False,settled
b,yellow_ramp,ramp,0.0,1.6,0.0,0.6085192973022278,965.0182564732121,False,settled
b,yellow_ramp,ramp,0.0,1.6,0.0,1.2100613043178712,797.5069212121672,False,settled
b,yellow_ramp,ramp,0.0,1.6,0.0,0.9144272393771703,869.5235924409895,False,settled
b,yellow_ramp,ramp,0.0,1.6,0.0,1.0167378073968092,846.6757599997403,False,settled
b,yellow_ramp,ramp,0.0,1.6,0.0,0.40280999792100824,1033.8408200090705,False,settled
b,yellow_ramp,ramp,0.0,1.6,0.0,0.7236976674283551,928.1728737079144,False,settled
b,yellow_ramp,ramp,0.0,1.6,0.0,0.7364111774748496,924.747855463421,False,settled
b,yellow_ramp,ramp,0.0,1.6,0.0,0.3979495650061804,1034.547327192592,False,settled
b,yellow_ramp,ramp,0.0,1.6,0.0,0.7324247920031923,920.7428929928424,False,settled
b,yellow_ramp,ramp,0.0,1.6,0.0,0.4158769101795316,1036.7495367839442,False,settled
b,yellow_ramp,ramp,0.0,1.6,0.0,1.0208834006768712,845.5346974287983,False,settled
b,yellow_ramp,ramp,0.0,1.6,0.0,0.5555712811599675,980.7453423608426,False,settled
b,yellow_ramp,ramp,0.0,1.6,0.0,0.37601695585477574,1043.0864143434994,False,settled
b,yellow_ramp,ramp,0.0,1.6,0.0,0.5724924265501317,977.1307389380333,False,settled
b,yellow_ramp,ramp,0.0,1.6,0.0,0.2560167260782366,1092.0437666461119,False,settled
b,yellow_ramp,ramp,0.0,1.6,0.0,0.31639549967300695,1076.489917882429,False,settled
b,yellow_ramp,ramp,0.0,1.6,0.0,0.7541101916191031,917.0635588966459,False,settled
b,yellow_ramp,ramp,0.0,1.6,0.0,0.319381992639285,1074.3820885153839,False,settled
b,yellow_ramp,ramp,0.0,1.6,0.0,0.9815937248911513,849.5956006520087,False,settled
b,yellow_ramp,ramp,0.0,1.6,0.0,0.44534944715998226,1025.953934508504,False,settled
b,yellow_ramp,ramp,0.0,1.6,0.0,1.0501062865114867,837.0651519040648,False,settled
b,yellow_ramp,ramp,0.0,1.6,0.0,0.280554111522538,1087.2478131660084,False,settled
b,yellow_ramp,ramp,0.0,1.6,0.0,0.7950358279525968,900.9284920809257,False,settled
b,yellow_ramp,ramp,0.0,1.6,0.0,0.37256595591584635,1045.7646224844095,False,settled
b,yellow_ramp,ramp,0.0,1.6,0.0,0.6591120557831708,942.8179070730343,False,settled
b,yellow_ramp,ramp,0.0,1.6,0.0,0.2423941066075518,1104.8430000332003,False,settled
b,yellow_ramp,ramp,0.0,1.6,0.0,0.8070127383868049,896.7682622577478,False,settled
b,yellow_ramp,ramp,0.0,1.6,0.0,0.39995015669904704,1034.2564523034175,False,settled
b,yellow_ramp,ramp,0.0,1.6,0.0,1.1691251365888167,807.9257755471527,False,settled
b,yellow_ramp,ramp,0.0,1.6,0.0,0.8810537440596957,875.7682203647473,False,settled
b,yellow_ramp,ramp,0.0,1.6,0.0,0.5673355842953874,981.388633605378,False,settled
b,yellow_ramp,ramp,0.0,1.6,0.0,0.5199846434025862,989.1185680230454,False,settled
b,yellow_ramp,ramp,0.0,1.6,0.0,1.0324956673869419,841.0035937631923,False,settled
b,yellow_ramp,ramp,0.0,1.6,0.0,1.0030784428834842,848.0545485629652,False,settled
b,yellow_ramp,ramp,0.0,1.6,0.0,0.30411239237879034,1071.6982628993596,False,settled
b,yellow_ramp,ramp,0.0,1.6,0.0,0.5036026275525476,1001.7804991547688,False,settled
b,yellow_ramp,ramp,0.0,1.6,0.0,0.23336275780576687,1105.2204199168168,False,settled
b,yellow_ramp,ramp,0.0,1.6,0.0,0.7800445887546097,907.5676868361829,False,settled
b,yellow_ramp,ramp,0.0,1.6,0.0,0.7398081735591958,922.0701434432275,False,settled
b,yellow_ramp,ramp,0.0,1.6,0.0,0.4381602456125513,1019.4112427907144,False,settled
b,yellow_ramp,ramp,0.0,1.6,0.0,0.6168967176122866,959.7925845626783,False,settled
b,yellow_ramp,ramp,0.0,1.6,0.0,0.6858848608016402,936.1191114070721,False,settled
b,yellow_ramp,ramp,0.0,1.6,0.0,0.6252161373199341,953.0020966064227,False,settled
b,yellow_ramp,ramp,0.0,1.6,0.0,0.3514727500727202,1062.0517275062448,False,settled
b,yellow_ramp,ramp,0.0,1.6,0.0,0.25482239644854604,1089.8628379636089,False,settled
b,yellow_ramp,ramp,0.0,1.6,0.0,0.4379839914413022,1019.457989700569,False,settled
b,yellow_ramp,ramp,0.0,1.6,0.0,0.7661226648678485,912.4623217729779,False,settled
b,yellow_ramp,ramp,0.0,1.6,0.0,0.3078824669023477,1068.8648184794836,False,settled
b,yellow_ramp,ramp,0.0,1.6,0.0,1.0649704571941712,832.8535235600897,False,settled
b,yellow_ramp,ramp,0.0,1.6,0.0,1.1847311705995507,803.1742599149968,False,settled
b,yellow_ramp,ramp,0.0,1.6,0.0,1.0143547705721108,845.4596991433397,False,settled
b,yellow_ramp,ramp,0.0,1.6,0.0,0.2603383402168573,1097.1165149900287,False,settled
b,yellow_ramp,ramp,0.0,1.6,0.0,0.24254412409052933,1105.5243792106894,False,settled
b,yellow_ramp,ramp,0.0,1.6,0.0,0.8069767442093694,896.8013022334754,False,settled
b,yellow_ramp,ramp,0.0,1.6,0.0,0.3360118923730332,1057.1747237969332,False,settled
b,yellow_ramp,ramp,0.0,1.6,0.0,1.2147748720796143,795.0607519678312,False,settled
b,yellow_ramp,ramp,0.0,1.6,0.0,0.2706984086534763,1089.0610232082313,False,settled
b,yellow_ramp,ramp,0.0,1.6,0.0,0.3193154782312062,1074.44092659636,False,settled
b,yellow_ramp,ramp,0.0,1.6,0.0,0.3845893657882174,1049.4880338432627,False,settled
b,yellow_ramp,ramp,0.0,1.6,0.0,0.39302318077347914,1035.2908894736452,False,settled
b,yellow_ramp,ramp,0.0,1.6,0.0,0.5081030954558403,998.1967673824516,False,settled
b,yellow_ramp,ramp,0.0,1.6,0.0,0.3322723242879102,1057.7234534928696,False,settled
b,yellow_ramp,ramp,0.0,1.6,0.0,0.36869091214569805,1048.785109031063,False,settled
b,yellow_ramp,ramp,0.0,1.6,0.0,0.630155132619174,957.7858610413464,False,settled
b,yellow_ramp,ramp,0.0,1.6,0.0,0.5883442243997439,974.2192320919658,False,settled
b,yellow_ramp,ramp,0.0,1.6,0.0,0.2709924299368714,1089.3446715387454,False,settled
b,yellow_ramp,ramp,0.0,1.6,0.0,0.42638881930163486,1028.593685545902,False,settled
b,yellow_ramp,ramp,0.0,1.6,0.0,0.7778790624387915,909.5429028024436,False,settled
b,yellow_ramp,ramp,0.0,1.6,0.0,0.8861758484594321,876.1128681121384,False,settled
b,yellow_ramp,ramp,0.0,1.6,0.0,0.2323482560836411,1111.554110042438,False,settled
b,yellow_ramp,ramp,0.0,1.6,0.0,0.5850814920783389,967.2139075385968,False,settled
b,yellow_ramp,ramp,0.0,1.6,0.0,0.6936935788847789,938.217239668586,False,settled
b,yellow_ramp,ramp,0.0,1.6,0.0,0.3292782994178726,1071.8935797091474,False,settled
b,yellow_ramp,ramp,0.0,1.6,0.0,0.9314513976427398,862.61660015263,False,settled
b,yellow_ramp,ramp,0.0,1.6,0.0,0.5264415691147718,986.7507002760716,False,settled
b,yellow_ramp,ramp,0.0,1.6,0.0,0.2657525497193633,1086.3160005001664,False,settled
b,yellow_ramp,ramp,0.0,1.6,0.0,0.9632397798622914,856.392407012602,False,settled
b,yellow_ramp,ramp,0.0,1.6,0.0,0.9776618440719883,849.6037534021629,False,settled
b,yellow_ramp,ramp,0.0,1.6,0.0,0.7912249522109286,904.3937797079856,False,settled
b,yellow_ramp,ramp,0.0,1.6,0.0,0.6376561317606301,951.7408126922425,False,settled
b,yellow_ramp,ramp,0.0,1.6,0.0,0.4200442231690529,1033.6538749582828,False,settled
b,yellow_ramp,ramp,0.0,1.6,0.0,0.2634946231478416,1099.159172692173,False,settled
b,yellow_ramp,ramp,0.0,1.6,0.0,1.0407522665915532,838.4398018431298,False,settled
b,yellow_ramp,ramp,0.0,1.6,0.0,1.1476609621782525,812.6274188407407,False,settled
b,yellow_ramp,ramp,0.0,1.6,0.0,0.7996076330869211,903.5803370734064,False,settled
b,yellow_ramp,ramp,0.0,1.6,0.0,0.6647298145336561,946.6741146167877,False,settled
b,yellow_ramp,ramp,0.0,1.6,0.0,0.6072979069087173,965.3262988896995,False,settled
b,yellow_ramp,ramp,0.0,1.6,0.0,0.5981969683482381,967.649492844859,False,settled
b,yellow_ramp,ramp,0.0,1.6,0.0,1.1918605835637495,802.4562326382924,False,settled
b,yellow_ramp,ramp,0.0,1.6,0.0,0.29735287422966994,1076.2153438619428,False,settled
b,yellow_ramp,ramp,0.0,1.6,0.0,1.061433119130937,832.2758571635354,False,settled
b,yellow_ramp,ramp,0.0,1.6,0.0,0.5935734640423924,969.9311320571027,False,settled
b,yellow_ramp,ramp,0.0,1.6,0.0,0.863024981326924,881.5289927037428,False,settled
b,yellow_ramp,ramp,0.0,1.6,0.0,0.2344104149959883,1112.6763369071534,False,settled
b,yellow_ramp,ramp,0.0,1.6,0.0,0.3127925339730244,1065.151089197591,False,settled
b,yellow_ramp,ramp,0.0,1.6,0.0,0.3062267224567941,1070.2116065921095,False,settled
b,yellow_ramp,ramp,0.0,1.6,0.0,1.1290841881745328,817.3094105200842,False,settled
b,yellow_ramp,ramp,0.0,1.6,0.0,0.6294401040963966,958.3897030947121,False,settled
b,yellow_ramp,ramp,0.0,1.6,0.0,0.9866232549013141,848.2384996544508,False,settled
b,yellow_ramp,ramp,0.0,1.6,0.0,0.799411153965147,903.7624709627963,False,settled
b,yellow_ramp,ramp,0.0,1.6,0.0,0.4933926950795253,998.9693053462497,False,settled
b,yellow_ramp,ramp,0.0,1.6,0.0,0.2591150028509727,1094.8329062555829,False,settled
b,yellow_ramp,ramp,0.0,1.6,0.0,0.23455009832444362,1113.5835174386975,False,settled
b,yellow_ramp,ramp,0.0,1.6,0.0,0.6201649669974933,957.0752472528727,False,settled
b,yellow_ramp,ramp,0.0,1.6,0.0,0.6592854454028445,942.6901338266623,False,settled
b,yellow_ramp,ramp,0.0,1.6,0.0,1.0549674355180356,835.2173527606011,False,settled
b,yellow_ramp,ramp,0.0,1.6,0.0,0.9663667887330366,853.2249975382539,False,settled
b,yellow_ramp,ramp,0.0,1.6,0.0,0.6736003226315826,939.7181392011123,False,settled
b,yellow_ramp,ramp,0.0,1.6,0.0,0.6069950372259001,965.4026837226542,False,settled
b,yellow_ramp,ramp,0.0,1.6,0.0,0.7729824900677249,906.8299463479846,False,settled
b,yellow_ramp,ramp,0.0,1.6,0.0,0.5458855462316008,988.6961175391605,False,settled
b,yellow_ramp,ramp,0.0,1.6,0.0,1.174634885841203,806.188728766996,False,settled
b,yellow_ramp,ramp,0.0,1.6,0.0,0.7559232483468767,916.0324052915189,False,settled
b,yellow_ramp,ramp,0.0,1.6,0.0,0.6246771122582133,953.3862513910194,False,settled
b,yellow_ramp,ramp,0.0,1.6,0.0,0.8050824201873296,898.6027948140115,False,settled
b,yellow_ramp,ramp,0.0,1.6,0.0,1.1694474123578684,807.6630318349715,False,settled
b,yellow_ramp,ramp,0.0,1.6,0.0,0.42247529086034374,1031.7104569040523,False,settled
b,yellow_ramp,ramp,0.0,1.6,0.0,0.49167741279637556,1000.0523610611522,False,settled
b,yellow_ramp,ramp,0.0,1.6,0.0,1.1893338208355047,802.4035824735009,False,settled
b,yellow_ramp,ramp,0.0,1.6,0.0,0.46019100576858146,1019.4772713971097,False,settled
b,yellow_ramp,ramp,0.0,1.6,0.0,1.110853855364933,821.2843147089652,False,settled
b,yellow_ramp,ramp,0.0,1.6,0.0,0.6224962506301455,955.153476920613,False,settled
b,yellow_ramp,ramp,0.0,1.6,0.0,0.7971468133824406,905.8619925192717,False,settled
b,yellow_ramp,ramp,0.0,1.6,0.0,0.4668171890173489,1018.2323022045261,False,settled
b,yellow_ramp,ramp,0.0,1.6,0.0,1.0004050195990013,845.044991273788,False,settled
b,yellow_ramp,ramp,0.0,1.6,0.0,1.1000186734281294,824.0950951451728,False,settled
b,yellow_ramp,ramp,0.0,1.6,0.0,0.47584562955995935,1012.7672538021006,False,settled
b,yellow_ramp,ramp,0.0,1.6,0.0,1.0158287715466565,845.1539599473215,False,settled
b,yellow_ramp,ramp,0.0,1.6,0.0,0.9737687789325836,853.7902511378061,False,settled
b,yellow_ramp,ramp,0.0,1.6,0.0,0.3391749569198932,1056.881497067682,False,settled
b,yellow_ramp,ramp,0.0,1.6,0.0,0.29536301572329765,1077.31105500076,False,settled
b,yellow_ramp,ramp,0.0,1.6,0.0,1.2099045567131679,795.9654639016723,False,settled
b,yellow_ramp,ramp,0.0,1.6,0.0,0.7552321843460197,916.2743647716914,False,settled
b,yellow_ramp,ramp,0.0,1.6,0.0,0.7737210409495955,906.2105198720591,False,settled
b,yellow_ramp,ramp,0.0,1.6,0.0,0.8668916982988073,883.6297823186923,False,settled
b,yellow_ramp,ramp,0.0,1.6,0.0,0.8415607640330496,890.921133436144,False,settled
b,yellow_ramp,ramp,0.0,1.6,0.0,1.159145540582615,810.0762124791827,False,settled
b,yellow_ramp,ramp,0.0,1.6,0.0,0.7650409719952069,912.8408461634747,False,settled
b,yellow_ramp,ramp,0.0,1.6,0.0,0.41792850082889876,1035.3512768013716,False,settled
b,yellow_ramp,ramp,0.0,1.6,0.0,0.43389967450383476,1022.6324143179684,False,settled
b,yellow_ramp,ramp,0.0,1.6,0.0,0.2933994216683717,1078.0668724585628,False,settled
b,yellow_ramp,ramp,0.0,1.6,0.0,0.37099417267985624,1046.9843801169652,False,settled
b,yellow_ramp,ramp,0.0,1.6,0.0,0.8226231566199472,895.5760808597275,False,settled
b,yellow_ramp,ramp,0.0,1.6,0.0,0.29683666303814954,1076.534046079352,False,settled
b,yellow_ramp,ramp,0.0,1.6,0.0,1.0871402625434474,826.7761117527226,False,settled
b,yellow_ramp,ramp,0.0,1.6,0.0,0.3692980646609185,1048.3102947619725,False,settled
b,yellow_ramp,ramp,0.0,1.6,0.0,1.0671056974989896,833.2813221164992,False,settled
b,yellow_ramp,ramp,0.0,1.6,0.0,0.5945278719490552,969.1491591639561,False,settled
b,yellow_ramp,ramp,0.0,1.6,0.0,0.7503042678834119,920.2090091675537,False,settled
b,yellow_ramp,ramp,0.0,1.6,0.0,0.7619621172321542,913.9182505975815,False,settled
b,yellow_ramp,ramp,0.0,1.6,0.0,0.8294515535243772,895.7293061242401,False,settled
b,yellow_ramp,ramp,0.0,1.6,0.0,0.9742005261827063,853.2936919662151,False,settled
b,yellow_ramp,ramp,0.0,1.6,0.0,0.461566129551529,1019.2189069385464,False,settled
b,yellow_ramp,ramp,0.0,1.6,0.0,0.24109670431009034,1099.9266393380728,False,settled
b,yellow_ramp,ramp,0.0,1.6,0.0,0.3065474960651353,1069.9659376762077,False,settled
b,yellow_ramp,ramp,0.0,1.6,0.0,0.40257185038796583,1033.87546019947,False,settled
b,yellow_ramp,ramp,0.0,1.6,0.0,0.41597968337090885,1036.6671628314673,False,settled
b,yellow_ramp,ramp,0.0,1.6,0.0,0.7243162133667125,927.8759409675422,False,settled
b,yellow_ramp,ramp,0.0,1.6,0.0,0.2483525213774926,1092.48240572073,False,settled
b,yellow_ramp,ramp,0.0,1.6,0.0,0.9770222039724404,850.4080003113473,False,settled
b,yellow_ramp,ramp,0.0,1.6,0.0,0.7980521229677335,905.022638994968,False,settled
b,yellow_ramp,ramp,0.0,1.6,0.0,0.3235663518554737,1072.6466953296726,False,settled
b,yellow_ramp,ramp,0.0,1.6,0.0,0.9961985435171492,845.7436432317485,False,settled
b,yellow_ramp,ramp,0.0,1.6,0.0,0.23501979230886694,1100.9842172685785,False,settled
b,yellow_ramp,ramp,0.0,1.6,0.0,0.6687866659698539,943.5171278445637,False,settled
b,yellow_ramp,ramp,0.0,1.6,0.0,0.7547833851590883,916.4658803360444,False,settled
b,yellow_ramp,ramp,0.0,1.6,0.0,0.5632603056284129,974.763381530226,False,settled
b,yellow_ramp,ramp,0.0,1.6,0.0,0.41946463224005215,1034.1188960396976,False,settled
b,yellow_ramp,ramp,0.0,1.6,0.0,0.8091069815441939,901.5253875647473,False,settled
b,yellow_ramp,ramp,0.0,1.6,0.0,0.6510792095846479,949.4887723499315,False,settled
b,yellow_ramp,ramp,0.0,1.6,0.0,0.46300284657763513,1018.9489686657541,False,settled
b,yellow_ramp,ramp,0.0,1.6,0.0,1.1496001117826917,812.9149800147387,False,settled
b,yellow_ramp,ramp,0.0,1.6,0.0,0.661592554142419,940.9054077340949,False,settled
b,yellow_ramp,ramp,0.0,1.6,0.0,1.1165703904627264,820.1630080083253,False,settled
b,yellow_ramp,ramp,0.0,1.6,0.0,0.9315215346204782,862.4683442517709,False,settled
b,yellow_ramp,ramp,0.0,1.6,0.0,0.3688621972358817,1048.651158491305,False,settled
b,yellow_ramp,ramp,0.0,1.6,0.0,1.0435592544448968,838.4948803393571,False,settled
b,yellow_ramp,ramp,0.0,1.6,0.0,0.906729886074889,871.9393530126993,False,settled
b,yellow_ramp,ramp,0.0,1.6,0.0,0.7641057316690381,913.1681213379859,False,settled
b,yellow_ramp,ramp,0.0,1.6,0.0,0.530386432598064,985.9235383475584,False,settled
b,yellow_ramp,ramp,0.0,1.6,0.0,1.1205844987248341,818.7780388648434,False,settled
b,yellow_ramp,ramp,0.0,1.6,0.0,1.039938232460776,839.5483258333887,False,settled
b,yellow_ramp,ramp,0.0,1.6,0.0,0.7427436783206143,919.5191915489968,False,settled
b,yellow_ramp,ramp,0.0,1.6,0.0,0.39703669172906547,1034.7705142758691,False,settled
b,yellow_ramp,ramp,0.0,1.6,0.0,0.34424467523964575,1054.122707616289,False,settled
b,yellow_ramp,ramp,0.0,1.6,0.0,0.25654244543995053,1090.3891942365076,False,settled
b,yellow_ramp,ramp,0.0,1.6,0.0,0.926368988948151,862.8139246455258,False,settled
b,yellow_ramp,ramp,0.0,1.6,0.0,1.1661449176101717,808.2896300652769,False,settled
b,yellow_ramp,ramp,0.0,1.6,0.0,0.6650979392683862,946.3646369020452,False,settled
b,yellow_ramp,ramp,0.0,1.6,0.0,0.6222052068726291,955.4711021594695,False,settled
b,yellow_ramp,ramp,0.0,1.6,0.0,0.9963148019958894,845.6063543341593,False,settled
b,yellow_ramp,ramp,0.0,1.6,0.0,0.8944151752642455,873.4682597708644,False,settled
b,yellow_ramp,ramp,0.0,1.6,0.0,0.7643098444553853,913.0966947377641,False,settled
b,yellow_ramp,ramp,0.0,1.6,0.0,0.5780299214935821,972.574966118182,False,settled
b,yellow_ramp,ramp,0.0,1.6,0.0,1.1413719768294754,814.6380575108843,False,settled
b,yellow_ramp,ramp,0.0,1.6,0.0,0.8499503823721613,887.375063407397,False,settled
b,yellow_ramp,ramp,0.0,1.6,0.0,0.482433381841846,1007.4551642475075,False,settled
b,yellow_ramp,ramp,0.0,1.6,0.0,0.3557117525353514,1058.6984483508863,False,settled
b,yellow_ramp,ramp,0.0,1.6,0.0,1.183890286742496,803.4025628592929,False,settled
b,yellow_ramp,ramp,0.0,1.6,0.0,0.5657308057239923,972.865708229239,False,settled
b,yellow_ramp,ramp,0.0,1.6,0.0,0.7210841716205385,922.8070965704125,False,settled
b,yellow_ramp,ramp,0.0,1.6,0.0,0.5877721561784116,965.111003206988,False,settled
b,yellow_ramp,ramp,0.0,1.6,0.0,0.5018687455953849,1003.1881025106701,False,settled
b,yellow_ramp,ramp,0.0,1.6,0.0,1.1997306710987938,799.88713778563,False,settled
b,yellow_ramp,ramp,0.0,1.6,0.0,0.7629025531122113,913.5891577863983,False,settled
b,yellow_ramp,ramp,0.0,1.6,0.0,0.45149528440284925,1021.111693243843,False,settled
b,yellow_ramp,ramp,0.0,1.6,0.0,0.3246044975513981,1072.5099506609672,False,settled
b,yellow_ramp,ramp,0.0,1.6,0.0,0.302099749368794,1073.1241903802313,False,settled
b,yellow_ramp,ramp,0.0,1.6,0.0,0.41412280952394553,1038.155705376886,False,settled
b,yellow_ramp,ramp,0.0,1.6,0.0,0.37005292708608084,1047.7199622054593,False,settled
b,yellow_ramp,ramp,0.0,1.6,0.0,0.5933401766977386,970.1216501291517,False,settled
b,yellow_ramp,ramp,0.0,1.6,0.0,0.2603620445009678,1097.1524837809543,False,settled
b,yellow_ramp,ramp,0.0,1.6,0.0,0.36087409428237227,1054.9002305193587,False,settled
b,yellow_ramp,ramp,0.0,1.6,0.0,0.9571523614095052,858.4367696874408,False,settled
b,yellow_ramp,ramp,0.0,1.6,0.0,0.6918991357349761,931.7034634163473,False,settled
b,yellow_ramp,ramp,0.0,1.6,0.0,0.9155190567410938,868.402490945546,False,settled
b,yellow_ramp,ramp,0.0,1.6,0.0,0.5502379747202538,985.1084456833203,False,settled
b,yellow_ramp,ramp,0.0,1.6,0.0,0.3010949044640878,1073.8346967370173,False,settled
b,yellow_ramp,ramp,0.0,1.6,0.0,0.686095603996812,936.0581114829117,False,settled
b,yellow_ramp,ramp,0.0,1.6,0.0,1.0787039893547177,829.8027612067687,False,settled
b,yellow_ramp,ramp,0.0,1.6,0.0,0.7464020560770959,916.4179691021294,False,settled
b,yellow_ramp,ramp,0.0,1.6,0.0,0.46044887229382114,1019.4288223714668,False,settled
b,yellow_ramp,ramp,0.0,1.6,0.0,0.6726918332463443,940.2248762618402,False,settled
b,yellow_ramp,ramp,0.0,1.6,0.0,1.027242805386916,841.4001694557043,False,settled
b,yellow_ramp,ramp,0.0,1.6,0.0,1.0685355505903265,831.1541126013018,False,settled
b,yellow_ramp,ramp,0.0,1.6,0.0,0.3100970041122436,1067.171652295121,False,settled
b,yellow_ramp,ramp,0.0,1.6,0.0,1.1781378518190666,805.7477834400191,False,settled
b,yellow_ramp,ramp,0.0,1.6,0.0,0.6304175772688656,957.5642252080281,False,settled
b,yellow_ramp,ramp,0.0,1.6,0.0,0.7340388309395602,919.3457751545834,False,settled
b,yellow_ramp,ramp,0.0,1.6,0.0,0.919567982984067,864.6379311672719,False,settled
b,yellow_ramp,ramp,0.0,1.6,0.0,0.3537366679984661,1060.2600244928324,False,settled
b,yellow_ramp,ramp,0.0,1.6,0.0,0.765187792876256,912.7894680949762,False,settled
b,yellow_ramp,ramp,0.0,1.6,0.0,0.3167018887371946,1076.2482412457387,False,settled
b,yellow_ramp,ramp,0.0,1.6,0.0,0.42909549822380005,1026.4382220282127,False,settled
b,yellow_ramp,ramp,0.0,1.6,0.0,0.7942145445411009,901.7487842497884,False,settled
b,yellow_ramp,ramp,0.0,1.6,0.0,0.583126120243517,968.850807836018,False,settled
b,yellow_ramp,ramp,0.0,1.6,0.0,0.7561321459045524,915.9592627594279,False,settled
b,yellow_ramp,ramp,0.0,1.6,0.0,0.8112858929348177,899.4913167871198,False,settled
b,yellow_ramp,ramp,0.0,1.6,0.0,0.9592616421458061,856.3359981948012,False,settled
b,yellow_ramp,ramp,0.0,1.6,0.0,1.113434497950125,821.9616930743542,False,settled
b,yellow_ramp,ramp,0.0,1.6,0.0,0.63145413015366,956.688845017848,False,settled
b,yellow_ramp,ramp,0.0,1.6,0.0,0.5144267098554316,993.2070443727115,False,settled
b,yellow_ramp,ramp,0.0,1.6,0.0,0.6191317866862129,957.9342685063519,False,settled
b,yellow_ramp,ramp,0.0,1.6,0.0,0.47451320288828286,1013.8470369622509,False,settled
b,yellow_ramp,ramp,0.0,1.6,0.0,1.1127837638493183,819.3203888106,False,settled
b,yellow_ramp,ramp,0.0,1.6,0.0,0.5967996420058966,968.0070099690912,False,settled
b,yellow_ramp,ramp,0.0,1.6,0.0,1.2071398626489733,798.1825871794364,False,settled
b,yellow_ramp,ramp,0.0,1.6,0.0,0.8265511450786109,892.0487766814647,False,settled
b,yellow_ramp,ramp,0.0,1.6,0.0,0.6799971475641501,937.8402438517196,False,settled
b,yellow_ramp,ramp,0.0,1.6,0.0,0.7885078709697271,906.8950603731112,False,settled
b,yellow_ramp,ramp,0.0,1.6,0.0,0.5668438308385808,981.7968819623268,False,settled
b,yellow_ramp,ramp,0.0,1.6,0.0,0.2921728789775425,1077.7175160837332,False,settled
b,yellow_ramp,ramp,0.0,1.6,0.0,1.1052211360661168,823.1077273643624,False,settled
b,yellow_ramp,ramp,0.0,1.6,0.0,0.6975153906598812,935.145524987568,False,settled
b,yellow_ramp,ramp,0.0,1.6,0.0,0.6968631548230027,935.7131891410385,False,settled
b,yellow_ramp,ramp,0.0,1.6,0.0,0.3310066671825574,1071.6659818290377,False,settled
b,yellow_ramp,ramp,0.0,1.6,0.0,0.7847712289194002,903.311501806514,False,settled
b,yellow_ramp,ramp,0.0,1.6,0.0,0.2514435471456206,1099.5491210389616,False,settled
b,yellow_ramp,ramp,0.0,1.6,0.0,1.1012799669878304,824.3763530056139,False,settled
b,yellow_ramp,ramp,0.0,1.6,0.0,0.2784226059761701,1083.940680941142,False,settled
b,yellow_ramp,ramp,0.0,1.6,0.0,0.5998754716391397,967.2198994630678,False,settled
b,yellow_ramp,ramp,0.0,1.6,0.0,1.147914198656013,812.0545478050848,False,settled
b,yellow_ramp,ramp,0.0,1.6,0.0,0.3585384616681449,1056.7223192075414,False,settled
b,yellow_ramp,ramp,0.0,1.6,0.0,0.24024504391600404,1110.8987404248248,False,settled
b,yellow_ramp,ramp,0.0,1.6,0.0,0.26108926512108166,1098.249398130488,False,settled
b,yellow_ramp,ramp,0.0,1.6,0.0,0.2502471502998666,1096.0066320345409,False,settled
b,yellow_ramp,ramp,0.0,1.6,0.0,1.0056131193320783,847.7785449938767,False,settled
b,yellow_ramp,ramp,0.0,1.6,0.0,1.1716004289298134,806.7396702412649,False,settled
b,yellow_ramp,ramp,0.0,1.6,0.0,0.7988465018582441,904.2860641198052,False,settled
b,yellow_ramp,ramp,0.0,1.6,0.0,0.3172674393493373,1075.802467710358,False,settled
b,yellow_ramp,ramp,0.0,1.6,0.0,0.6189051134758115,958.1227599814566,False,settled
b,yellow_ramp,ramp,0.0,1.6,0.0,0.5972774541666823,967.8847579776859,False,settled
b,yellow_ramp,ramp,0.0,1.6,0.0,0.9729576134571194,850.3764856874665,False,settled
b,yellow_ramp,ramp,0.0,1.6,0.0,0.5062507823287765,999.6334073898116,False,settled
b,yellow_ramp,ramp,0.0,1.6,0.0,0.45526971642718683,1020.4022359883857,False,settled
b,yellow_ramp,ramp,0.0,1.6,0.0,1.0712245586040574,830.7108717932358,False,settled
b,yellow_ramp,ramp,0.0,1.6,0.0,1.150027334541354,812.708679473722,False,settled
b,yellow_ramp,ramp,0.0,1.6,0.0,0.6657495494993872,945.8167595556478,False,settled
b,yellow_ramp,ramp,0.0,1.6,0.0,0.27943702390649566,1084.9650341844058,False,settled
b,yellow_ramp,ramp,0.0,1.6,0.0,0.6776807911468428,938.5200131634986,False,settled
b,yellow_ramp,ramp,0.0,1.6,0.0,0.5015282082050215,1003.4647609641436,False,settled
b,yellow_ramp,ramp,0.0,1.6,0.0,0.9454466166705796,861.5866625215257,False,settled
b,yellow_ramp,ramp,0.0,1.6,0.0,0.4221188630139292,1031.9942733053217,False,settled
b,yellow_ramp,ramp,0.0,1.6,0.0,0.25018054501800857,1095.7097521593641,False,settled
b,yellow_ramp,ramp,0.0,1.6,0.0,0.7756502952787545,911.5804769852089,False,settled
b,yellow_ramp,ramp,0.0,1.6,0.0,0.9560643187397253,855.0952851906471,False,settled
b,yellow_ramp,ramp,0.0,1.6,0.0,1.1567484270524317,810.722134818237,False,settled
b,yellow_ramp,ramp,0.0,1.6,0.0,0.7286015850797083,924.09459337742,False,settled
b,yellow_ramp,ramp,0.0,1.6,0.0,0.9595297338019049,856.0366352085723,False,settled
b,yellow_ramp,ramp,0.0,1.6,0.0,1.0850509372314163,827.849809445186,False,settled
b,yellow_ramp,ramp,0.0,1.6,0.0,0.32356359021899816,1072.6470591090613,False,settled
b,yellow_ramp,ramp,0.0,1.6,0.0,0.6703062607261812,942.234052059611,False,settled
b,yellow_ramp,ramp,0.0,1.6,0.0,0.8329710139982676,892.4130663971824,False,settled
b,yellow_ramp,ramp,0.0,1.6,0.0,1.2132242168705378,794.6481984002581,False,settled
b,yellow_ramp,ramp,0.0,1.6,0.0,0.3091811190707799,1067.8732512094684,False,settled
b,yellow_ramp,ramp,0.0,1.6,0.0,1.0557173995670222,835.2844403771444,False,settled
b,yellow_ramp,ramp,0.0,1.6,0.0,0.4405436208264406,1017.4971111892942,False,settled
b,yellow_ramp,ramp,0.0,1.6,0.0,0.8684488868205064,882.0876245214506,False,settled
b,yellow_ramp,ramp,0.0,1.6,0.0,0.33379529154393683,1057.5370291031243,False,settled
b,yellow_ramp,ramp,0.0,1.6,0.0,0.6678967009102479,944.2660364782328,False,settled
b,yellow_ramp,ramp,0.0,1.6,0.0,0.9773262957194409,850.0603840657666,False,settled
b,yellow_ramp,ramp,0.0,1.6,0.0,1.0601282170260424,834.0183376580976,False,settled
b,yellow_ramp,ramp,0.0,1.6,0.0,0.5774047911758614,973.0868719268695,False,settled
b,yellow_ramp,ramp,0.0,1.6,0.0,0.5862700279980978,966.2755307831201,False,settled
b,yellow_ramp,ramp,0.0,1.6,0.0,0.6038544554429102,966.2020131568702,False,settled
b,yellow_ramp,ramp,0.0,1.6,0.0,0.36522106659811326,1051.4988492103528,False,settled
b,yellow_ramp,ramp,0.0,1.6,0.0,0.39746679026416726,1034.6175263818614,False,settled
b,yellow_ramp,ramp,0.0,1.6,0.0,1.0669681247897003,833.4923070988065,False,settled
b,yellow_ramp,ramp,0.0,1.6,0.0,0.6454567241615254,953.9999702709085,False,settled
b,yellow_ramp,ramp,0.0,1.6,0.0,1.1227662949804578,818.5815161902324,False,settled
b,yellow_ramp,ramp,0.0,1.6,0.0,0.6243768238489285,953.5995344425116,False,settled
b,yellow_ramp,ramp,0.0,1.6,0.0,0.36328502412805214,1053.0132732661646,False,settled
b,yellow_ramp,ramp,0.0,1.6,0.0,0.8071196053515651,896.6701960792145,False,settled
b,yellow_ramp,ramp,0.0,1.6,0.0,1.1307050985717033,817.4826547308784,False,settled
b,yellow_ramp,ramp,0.0,1.6,0.0,0.9983714533008599,849.3805724168728,False,settled
b,yellow_ramp,ramp,0.0,1.6,0.0,1.1037608726612933,823.4281201892844,False,settled
b,yellow_ramp,ramp,0.0,1.6,0.0,0.8040968365425241,899.4198731426904,False,settled
b,yellow_ramp,ramp,0.0,1.6,0.0,0.7085944761194554,933.4361531455183,False,settled
b,yellow_ramp,ramp,0.0,1.6,0.0,0.2453816525511303,1099.7157424776328,False,settled
b,yellow_ramp,ramp,0.0,1.6,0.0,0.4331071142536173,1023.2589695751864,False,settled
b,yellow_ramp,ramp,0.0,1.6,0.0,0.5642230605036208,973.9854114310293,False,settled
b,yellow_ramp,ramp,0.0,1.6,0.0,0.3291284724930192,1071.9133011947004,False,settled
b,yellow_ramp,ramp,0.0,1.6,0.0,0.4920025963889522,999.7928777201636,False,settled
b,yellow_ramp,ramp,0.0,1.6,0.0,0.44209394797148943,1016.3101728633031,False,settled
b,yellow_ramp,ramp,0.0,1.6,0.0,0.5151526626478683,992.6336993005673,False,settled
b,yellow_ramp,ramp,0.0,1.6,0.0,0.6338395490825173,954.6834702928206,False,settled
b,yellow_ramp,ramp,0.0,1.6,0.0,0.8234587830888735,894.8082037491639,False,settled
b,yellow_ramp,ramp,0.0,1.6,0.0,0.4854398957718802,1005.0381280064994,False,settled
b,yellow_ramp,ramp,0.0,1.6,0.0,0.8716139061908434,879.255761653367,False,settled
b,yellow_ramp,ramp,0.0,1.6,0.0,0.7333066501165372,920.0602030052008,False,settled
b,yellow_ramp,ramp,0.0,1.6,0.0,1.0079984918273772,844.4760964400764,False,settled
b,yellow_ramp,ramp,0.0,1.6,0.0,0.7548227949860894,916.4310486808131,False,settled
b,yellow_ramp,ramp,0.0,1.6,0.0,0.8308149146198469,894.4425448266248,False,settled
b,yellow_ramp,ramp,0.0,1.6,0.0,0.2664401444467726,1098.1546926758342,False,settled
b,yellow_ramp,ramp,0.0,1.6,0.0,1.0448843284694276,837.9639586873666,False,settled
b,yellow_ramp,ramp,0.0,1.6,0.0,0.7419298289777101,920.2264213179776,False,settled
b,yellow_ramp,ramp,0.0,1.6,0.0,1.0653048948219845,832.3326827478419,False,settled
b,yellow_ramp,ramp,0.0,1.6,0.0,0.33763097235114126,1056.9849482103293,False,settled
b,yellow_ramp,ramp,0.0,1.6,0.0,1.091332067750939,826.7351866289597,False,settled
b,yellow_ramp,ramp,0.0,1.6,0.0,0.7259383167181577,926.4420067733583,False,settled
b,yellow_ramp,ramp,0.0,1.6,0.0,0.84628965107269,888.9154131147209,False,settled
b,yellow_ramp,ramp,0.0,1.6,0.0,1.1738610215560275,805.8929753498525,False,settled
b,yellow_ramp,ramp,0.0,1.6,0.0,0.5381435297063674,984.3820868305867,False,settled
b,yellow_ramp,ramp,0.0,1.6,0.0,0.4243722928825666,1030.1996107243808,False,settled
b,yellow_ramp,ramp,0.0,1.6,0.0,0.8439813806676745,889.8897247653931,False,settled
b,yellow_ramp,ramp,0.0,1.6,0.0,0.7599542551308578,914.621117706557,False,settled
b,yellow_ramp,ramp,0.0,1.6,0.0,0.6633386102690513,947.8436128497817,False,settled
b,yellow_ramp,ramp,0.0,1.6,0.0,0.5202922630285175,988.8813529206996,False,settled
b,yellow_ramp,ramp,0.0,1.6,0.0,0.42203357822685394,1032.0621828073786,False,settled
b,yellow_ramp,ramp,0.0,1.6,0.0,0.4861558141686839,1004.4626254312612,False,settled
b,yellow_ramp,ramp,0.0,1.6,0.0,0.2559840819697342,1091.9839112978357,False,settled
b,yellow_ramp,ramp,0.0,1.6,0.0,0.5323569943841086,985.5121062284604,False,settled
b,yellow_ramp,ramp,0.0,1.6,0.0,0.33629941199768093,1057.1408295947035,False,settled
b,yellow_ramp,ramp,0.0,1.6,0.0,0.26607727133655096,1087.0954119985283,False,settled
b,yellow_ramp,ramp,0.0,1.6,0.0,0.6784338357672384,938.2990209814693,False,settled
b,yellow_ramp,ramp,0.0,1.6,0.0,0.8747233407661676,881.7762650775107,False,settled
b,yellow_ramp,ramp,0.0,1.6,0.0,0.9153910568438915,868.5343371091521,False,settled
b,yellow_ramp,ramp,0.0,1.6,0.0,0.825553370353098,892.8810460536502,False,settled
b,yellow_ramp,ramp,0.0,1.6,0.0,0.3047984710701888,1071.2068632983699,False,settled
b,yellow_ramp,ramp,0.0,1.6,0.0,0.8366099245702314,889.0798022481969,False,settled
b,yellow_ramp,ramp,0.0,1.6,0.0,0.7116684897088672,930.9923208643822,False,settled
b,yellow_ramp,ramp,0.0,1.6,0.0,0.5037145668229088,1001.6896236945753,False,settled
b,yellow_ramp,ramp,0.0,1.6,0.0,0.6258028039345939,952.4651902635969,False,settled
b,yellow_ramp,ramp,0.0,1.6,0.0,0.6439570866689702,946.5512697005994,False,settled
b,yellow_ramp,ramp,0.0,1.6,0.0,0.4533203771713534,1020.7682127499006,False,settled
b,yellow_ramp,ramp,0.0,1.6,0.0,1.027268246349719,842.7216525560384,False,settled
b,yellow_ramp,ramp,0.0,1.6,0.0,0.520928497388669,988.4743097328418,False,settled
b,yellow_ramp,ramp,0.0,1.6,0.0,0.8578494362177157,886.4928735361107,False,settled
b,yellow_ramp,ramp,0.0,1.6,0.0,0.8847211379185396,877.571177930239,False,settled
b,yellow_ramp,ramp,0.0,1.6,0.0,0.8837175442379448,878.5773263774066,False,settled
b,yellow_ramp,ramp,0.0,1.6,0.0,0.5464764693815264,988.2088063381993,False,settled
b,yellow_ramp,ramp,0.0,1.6,0.0,0.5841464661495014,967.9568311906767,False,settled
b,yellow_ramp,ramp,0.0,1.6,0.0,0.2807311850069736,1087.235823838263,False,settled
b,yellow_ramp,ramp,0.0,1.6,0.0,0.9281609495222315,865.7322364650696,False,settled
b,yellow_ramp,ramp,0.0,1.6,0.0,0.4132167694189007,1026.534775373493,False,settled
b,yellow_ramp,ramp,0.0,1.6,0.0,0.3005527199113739,1074.2177692921161,False,settled
b,yellow_ramp,ramp,0.0,1.6,0.0,0.8685426900833385,881.9947783408128,False,settled
b,yellow_ramp,ramp,0.0,1.6,0.0,0.9772180279877927,850.1841454276785,False,settled
b,yellow_ramp,ramp,0.0,1.6,0.0,0.2755363217019229,1089.358014286557,False,settled
b,yellow_ramp,ramp,0.0,1.6,0.0,0.3393033128845577,1056.866689874343,False,settled
b,yellow_ramp,ramp,0.0,1.6,0.0,0.6562028936864828,945.2095685029418,False,settled
b,yellow_ramp,ramp,0.0,1.6,0.0,0.9382087286981499,863.5129115407165,False,settled
b,yellow_ramp,ramp,0.0,1.6,0.0,0.6100850324485259,964.6233409730212,False,settled
b,yellow_ramp,ramp,0.0,1.6,0.0,0.7033451731520776,930.0965289226269,False,settled
b,yellow_ramp,ramp,0.0,1.6,0.0,0.8849070587648149,877.3847310728136,False,settled
b,yellow_ramp,ramp,0.0,1.6,0.0,0.4361210903736774,1020.8765618824282,False,settled
b,yellow_ramp,ramp,0.0,1.6,0.0,0.40244897581574446,1033.8930568010774,False,settled
b,yellow_ramp,ramp,0.0,1.6,0.0,0.7732281751742185,906.6153801802673,False,settled
b,yellow_ramp,ramp,0.0,1.6,0.0,0.655996326677077,945.3837877048298,False,settled
b,yellow_ramp,ramp,0.0,1.6,0.0,0.5904392700081557,972.4987340233729,False,settled
b,yellow_ramp,ramp,0.0,1.6,0.0,0.7385314823235469,923.1798737273244,False,settled
b,yellow_ramp,ramp,0.0,1.6,0.0,0.4745877953714822,1013.786588387478,False,settled
b,yellow_ramp,ramp,0.0,1.6,0.0,0.6031614204390751,966.379302498648,False,settled
b,yellow_ramp,ramp,0.0,1.6,0.0,1.011606604808607,846.1769369510561,False,settled
b,yellow_ramp,ramp,0.0,1.6,0.0,0.5602378117358356,977.2027273863388,False,settled
b,yellow_ramp,ramp,0.0,1.6,0.0,0.6262472854396939,961.0866672358735,False,settled
b,yellow_ramp,ramp,0.0,1.6,0.0,0.49583341344139237,997.1298737998394,False,settled
b,yellow_ramp,ramp,0.0,1.6,0.0,0.49014030689812627,1001.2780288952227,False,settled
b,yellow_ramp,ramp,0.0,1.6,0.0,0.36629770728795746,1050.6568454902392,False,settled
b,yellow_ramp,ramp,0.0,1.6,0.0,0.2692701733455744,1087.6669207090126,False,settled
b,yellow_ramp,ramp,0.0,1.6,0.0,0.45232898520603027,1020.9545080146461,False,settled
b,yellow_ramp,ramp,0.0,1.6,0.0,0.2841554612896093,1081.6098767422375,False,settled
b,yellow_ramp,ramp,0.0,1.6,0.0,0.467464496340356,1018.1106804175305,False,settled
b,yellow_ramp,ramp,0.0,1.6,0.0,1.0546418852126973,835.6912431733942,False,settled
b,yellow_ramp,ramp,0.0,1.6,0.0,0.5023515270594753,1002.7961720153837,False,settled
b,yellow_ramp,ramp,0.0,1.6,0.0,0.9157590776920831,868.155256064046,False,settled
b,yellow_ramp,ramp,0.0,1.6,0.0,0.44303487213962794,1015.6886350350551,False,settled
b,yellow_ramp,ramp,0.0,1.6,0.0,0.3489843035658272,1064.0323811837466,False,settled
b,yellow_ramp,ramp,0.0,1.6,0.0,0.4759849100098781,1012.6543818588004,False,settled
b,yellow_ramp,ramp,0.0,1.6,0.0,0.30047676925755207,1074.271398446676,False,settled
b,yellow_ramp,ramp,0.0,1.6,0.0,0.3333434944411551,1057.5904055297717,False,settled
b,yellow_ramp,ramp,0.0,1.6,0.0,0.9363170293409676,864.5239046704187,False,settled
b,yellow_ramp,ramp,0.0,1.6,0.0,0.7305957259496393,922.3462586927257,False,settled
b,yellow_ramp,ramp,0.0,1.6,0.0,0.9503146633865338,856.5390027559656,False,settled
b,yellow_ramp,ramp,0.0,1.6,0.0,0.8253550212303349,893.0646108079959,False,settled
b,yellow_ramp,ramp,0.0,1.6,0.0,1.1714771536717976,807.0867192652167,False,settled
b,yellow_ramp,ramp,0.0,1.6,0.0,0.5924113708070297,970.8793378042014,False,settled
b,yellow_ramp,ramp,0.0,1.6,0.0,0.36654523828753394,1050.4630691837363,False,settled
b,yellow_ramp,ramp,0.0,1.6,0.0,0.4131939868332226,1026.5525382452645,False,settled
b,yellow_ramp,ramp,0.0,1.6,0.0,0.5495825109379361,985.6473316122979,False,settled
b,yellow_ramp,ramp,0.0,1.6,0.0,1.1088253861835462,821.7297607138441,False,settled
b,yellow_ramp,ramp,0.0,1.6,0.0,0.7368644686989115,924.3703869397269,False,settled
b,yellow_ramp,ramp,0.0,1.6,0.0,0.4172927384304244,1035.8612829562203,False,settled
b,yellow_ramp,ramp,0.0,1.6,0.0,0.9703652544962713,853.2926201190006,False,settled
b,yellow_ramp,ramp,0.0,1.6,0.0,0.35406251690007445,1060.0024348713505,False,settled
b,yellow_ramp,ramp,0.0,1.6,0.0,1.1999185333962974,800.696151722488,False,settled
b,yellow_ramp,ramp,0.0,1.6,0.0,0.9393876307104958,862.8828590641382,False,settled
b,yellow_ramp,ramp,0.0,1.6,0.0,1.0609719826339512,831.7969591777651,False,settled
b,yellow_ramp,ramp,0.0,1.6,0.0,0.6815291998465645,937.3906402696878,False,settled
b,yellow_ramp,ramp,0.0,1.6,0.0,0.8954727152730725,872.7508103606938,False,settled
b,yellow_ramp,ramp,0.0,1.6,0.0,0.6097299952851027,964.7128925263156,False,settled
b,yellow_ramp,ramp,0.0,1.6,0.0,0.5832830622720754,968.7246623172349,False,settled
b,yellow_ramp,ramp,0.0,1.6,0.0,1.1164321251945883,820.4275734531959,False,settled
b,yellow_ramp,ramp,0.0,1.6,0.0,0.5998162004872538,967.2350619358858,False,settled
b,yellow_ramp,ramp,0.0,1.6,0.0,0.8766220176809659,879.8843761802289,False,settled
b,yellow_ramp,ramp,0.0,1.6,0.0,0.28306298279757297,1082.1854828725545,False,settled
b,yellow_ramp,ramp,0.0,1.6,0.0,0.6459139570203977,953.6105390996531,False,settled
b,yellow_ramp,ramp,0.0,1.6,0.0,0.4754304522162687,1013.1037099784668,False,settled
b,yellow_ramp,ramp,0.0,1.6,0.0,1.21684161904794,794.4746511580059,False,settled
b,yellow_ramp,ramp,0.0,1.6,0.0,0.6277748200149483,959.7962851848052,False,settled
b,yellow_ramp,ramp,0.0,1.6,0.0,0.7355590137462443,918.121447530704,False,settled
b,yellow_ramp,ramp,0.0,1.6,0.0,1.192410034750482,801.5045671206578,False,settled
b,yellow_ramp,ramp,0.0,1.6,0.0,0.5849374875995054,967.3286583396307,False,settled
b,yellow_ramp,ramp,0.0,1.6,0.0,0.438257708273882,1019.335804977893,False,settled
b,yellow_ramp,ramp,0.0,1.6,0.0,1.2018455075838654,799.965328132043,False,settled
b,yellow_ramp,ramp,0.0,1.6,0.0,1.1903421214304912,803.1481395606744,False,settled
b,yellow_ramp,ramp,0.0,1.6,0.0,0.77737926554776,909.9997835513648,False,settled
b,yellow_ramp,ramp,0.0,1.6,0.0,0.4924428571615902,999.5303990295777,False,settled
b,yellow_ramp,ramp,0.0,1.6,0.0,1.0238850430781203,843.1592203782894,False,settled
b,yellow_ramp,ramp,0.0,1.6,0.0,0.9824072193487743,848.7435882898307,False,settled
b,yellow_ramp,ramp,0.0,1.6,0.0,1.1998437973253055,800.6867539577028,False,settled
b,yellow_ramp,ramp,0.0,1.6,0.0,0.49738798607020596,1006.8266926294573,False,settled
b,yellow_ramp,ramp,0.0,1.6,0.0,0.5045954296102073,1000.9745114270081,False,settled
b,yellow_ramp,ramp,0.0,1.6,0.0,1.1644079018461324,808.2992517079771,False,settled
b,yellow_ramp,ramp,0.0,1.6,0.0,1.1697744314207428,806.7464058598586,False,settled
b,yellow_ramp,ramp,0.0,1.6,0.0,0.6593439018210514,942.6457396323582,False,settled
b,yellow_ramp,ramp,0.0,1.6,0.0,0.6923243820826945,931.4439458703899,False,settled
b,yellow_ramp,ramp,0.0,1.6,0.0,0.6678136984967034,944.3358823602746,False,settled
b,yellow_ramp,ramp,0.0,1.6,0.0,0.558099805915386,978.6772621522045,False,settled
b,yellow_ramp,ramp,0.0,1.6,0.0,0.7429126944362077,919.3723100594399,False,settled
b,yellow_ramp,ramp,0.0,1.6,0.0,0.5178653167048668,990.7829407865125,False,settled
b,yellow_ramp,ramp,0.0,1.6,0.0,0.47783954959611663,1011.1513823178709,False,settled
b,yellow_ramp,ramp,0.0,1.6,0.0,0.7921963181704558,903.5023046782705,False,settled
b,yellow_ramp,ramp,0.0,1.6,0.0,0.32042520443629474,1073.7746096500593,False,settled
b,yellow_ramp,ramp,0.0,1.6,0.0,0.4208453454899145,1033.0110806734353,False,settled
b,yellow_ramp,ramp,0.0,1.6,0.0,0.82313443002364,895.1062215700707,False,settled
b,yellow_ramp,ramp,0.0,1.6,0.0,0.4956029549003801,997.3136114580312,False,settled
b,yellow_ramp,ramp,0.0,1.6,0.0,0.5384962020615448,984.3085110920696,False,settled
b,yellow_ramp,ramp,0.0,1.6,0.0,0.8336729856483349,891.7530706806549,False,settled
b,yellow_ramp,ramp,0.0,1.6,0.0,0.703906374814074,929.7028365224934,False,settled
b,yellow_ramp,ramp,0.0,1.6,0.0,0.31041652560657446,1066.9321756778418,False,settled
b,yellow_ramp,ramp,0.0,1.6,0.0,0.781917027367173,905.8701586688122,False,settled
b,yellow_ramp,ramp,0.0,1.6,0.0,1.0837520299146752,828.7890921248896,False,settled
b,yellow_ramp,ramp,0.0,1.6,0.0,0.46268136504679885,1019.0093705019739,False,settled
b,yellow_ramp,ramp,0.0,1.6,0.0,0.24505254715160338,1098.6402663418005,False,settled
b,yellow_ramp,ramp,0.0,1.6,0.0,0.4694093411453234,1006.2861465679241,False,settled
b,yellow_ramp,ramp,0.0,1.6,0.0,0.9608253350663045,854.6815111627047,False,settled
b,yellow_ramp,ramp,0.0,1.6,0.0,0.49484051285339387,997.9158644432995,False,settled
b,yellow_ramp,ramp,0.0,1.6,0.0,0.5795635386700787,971.3192032258181,False,settled
b,yellow_ramp,ramp,0.0,1.6,0.0,0.7991333912115022,904.0199522809824,False,settled
b,yellow_ramp,ramp,0.0,1.6,0.0,0.9599789201050672,855.5350419430949,False,settled
b,yellow_ramp,ramp,0.0,1.6,0.0,0.8592326961464135,885.1427987969887,False,settled
b,yellow_ramp,ramp,0.0,1.6,0.0,0.7143719908264605,928.6241171667618,False,settled
b,yellow_ramp,ramp,0.0,1.6,0.0,0.9286114792005851,865.2556614422094,False,settled
b,yellow_ramp,ramp,0.0,1.6,0.0,0.7123463075837162,930.3977295436043,False,settled
b,yellow_ramp,ramp,0.0,1.6,0.0,1.1268729926781809,818.7251650288011,False,settled
b,yellow_ramp,ramp,0.0,1.6,0.0,0.7267643656024532,925.7117634563087,False,settled
b,yellow_ramp,ramp,0.0,1.6,0.0,0.6490496311179766,950.9473047178819,False,settled
b,yellow_ramp,ramp,0.0,1.6,0.0,1.1862271293440592,803.047979118233,False,settled
b,yellow_ramp,ramp,0.0,1.6,0.0,0.9393993489690118,862.8765963267366,False,settled
b,yellow_ramp,ramp,0.0,1.6,0.0,0.28113550208748345,1087.7330858084845,False,settled
b,yellow_ramp,ramp,0.0,1.6,0.0,0.3935995970434378,1035.2055381357236,False,settled
b,yellow_ramp,ramp,0.0,1.6,0.0,0.9396039701405358,862.7672379485745,False,settled
b,yellow_ramp,ramp,0.0,1.6,0.0,0.3273342058441197,1072.1498681846185,False,settled
b,yellow_ramp,ramp,0.0,1.6,0.0,0.7913250940120191,904.3015883669358,False,settled
b,yellow_ramp,ramp,0.0,1.6,0.0,0.23418406678141468,1109.6518353908396,False,settled
b,yellow_ramp,ramp,0.0,1.6,0.0,1.0041076165797838,844.9227142032966,False,settled
b,yellow_ramp,ramp,0.0,1.6,0.0,0.7648646204982632,912.9025580844141,False,settled
b,yellow_ramp,ramp,0.0,1.6,0.0,1.1111298462605792,820.7633509516974,False,settled
b,yellow_ramp,ramp,0.0,1.6,0.0,0.5612594934337427,976.465436267179,False,settled
b,yellow_ramp,ramp,0.0,1.6,0.0,0.977910851801237,849.3192641126109,False,settled
b,yellow_ramp,ramp,0.0,1.6,0.0,1.0063232309506867,846.8998221121068,False,settled
b,yellow_ramp,ramp,0.0,1.6,0.0,0.9233582597386685,865.8243437299562,False,settled
b,yellow_ramp,ramp,0.0,1.6,0.0,0.6441779559862212,955.0891032224362,False,settled
b,yellow_ramp,ramp,0.0,1.6,0.0,0.9110898176567812,867.816964265634,False,settled
b,yellow_ramp,ramp,0.0,1.6,0.0,0.7755636197556698,911.6597140038099,False,settled
b,yellow_ramp,ramp,0.0,1.6,0.0,0.7267503620665912,925.7241429599603,False,settled
b,yellow_ramp,ramp,0.0,1.6,0.0,0.601608849812879,966.7764744563466,False,settled
b,yellow_ramp,ramp,0.0,1.6,0.0,0.9768814387948892,850.568911982063,False,settled
b,yellow_ramp,ramp,0.0,1.6,0.0,1.1503167087627135,812.03044916927,False,settled
b,yellow_ramp,ramp,0.0,1.6,0.0,0.28923494209751743,1076.787527827813,False,settled
b,yellow_ramp,ramp,0.0,1.6,0.0,0.656108441642746,945.2891256666877,False,settled
b,yellow_ramp,ramp,0.0,1.6,0.0,0.6644829306279298,946.8816611088614,False,settled
b,yellow_ramp,ramp,0.0,1.6,0.0,0.6711487718802046,941.5211367621041,False,settled
b,yellow_ramp,ramp,0.0,1.6,0.0,0.8175668507402851,893.6717084743356,False,settled
b,yellow_ramp,ramp,0.0,1.6,0.0,1.0404762746675273,838.8202874689059,False,settled
b,yellow_ramp,ramp,0.0,1.6,0.0,0.2528291045362319,1100.6880775405405,False,settled
b,yellow_ramp,ramp,0.0,1.6,0.0,0.507659267365645,998.5387142788575,False,settled
b,yellow_ramp,ramp,0.0,1.6,0.0,0.3878179708242106,1036.1772257284358,False,settled
b,yellow_ramp,ramp,0.0,1.6,0.0,0.29796573420731404,1075.8381845793424,False,settled
b,yellow_ramp,ramp,0.0,1.6,0.0,0.7793857024006279,908.1656067056834,False,settled
b,yellow_ramp,ramp,0.0,1.6,0.0,0.7208514406659856,923.009400963381,False,settled
b,yellow_ramp,ramp,0.0,1.6,0.0,0.31620807953900115,1076.6376299124327,False,settled
b,yellow_ramp,ramp,0.0,1.6,0.0,0.7225474461908592,929.1883660594865,False,settled
b,yellow_ramp,ramp,0.0,1.6,0.0,1.0290126155759063,840.9794309469273,False,settled
b,yellow_ramp,ramp,0.0,1.6,0.0,0.7476755143513959,915.234392267801,False,settled
b,yellow_ramp,ramp,0.0,1.6,0.0,0.9545791750533248,856.7102665002894,False,settled
b,yellow_ramp,ramp,0.0,1.6,0.0,0.8473174003987822,888.4829190628126,False,settled
b,yellow_ramp,ramp,0.0,1.6,0.0,1.123963206795272,818.3874623323918,False,settled
b,yellow_ramp,ramp,0.0,1.6,0.0,0.8103187152520617,900.3942720585546,False,settled
b,yellow_ramp,ramp,0.0,1.6,0.0,0.4613397739381462,1019.26143574277,False,settled
b,yellow_ramp,ramp,0.0,1.6,0.0,0.7434476169950798,918.9063200234881,False,settled
b,yellow_ramp,ramp,0.0,1.6,0.0,0.46424147802824844,1018.7162466560951,False,settled
b,yellow_ramp,ramp,0.0,1.6,0.0,0.4203897896826386,1033.3766083214205,False,settled
b,yellow_ramp,ramp,0.0,1.6,0.0,1.0890083623935283,827.159676466249,False,settled
b,yellow_ramp,ramp,0.0,1.6,0.0,0.9362025406238411,864.5850912863136,False,settled
b,yellow_ramp,ramp,0.0,1.6,0.0,0.6093555130418479,964.8073461742388,False,settled
b,yellow_ramp,ramp,0.0,1.6,0.0,0.7946871977278221,901.3173242721989,False,settled
b,yellow_ramp,ramp,0.0,1.6,0.0,0.5304610898487028,985.9079509499695,False,settled
b,yellow_ramp,ramp,0.0,1.6,0.0,1.1306470649576477,817.5601363051406,False,settled
b,yellow_ramp,ramp,0.0,1.6,0.0,1.073867714184605,830.4525385614772,False,settled
b,yellow_ramp,ramp,0.0,1.6,0.0,0.300443436448825,1074.2949331409864,False,settled
b,yellow_ramp,ramp,0.0,1.6,0.0,0.36046994738831395,1055.2148795339306,False,settled
b,yellow_ramp,ramp,0.0,1.6,0.0,0.29013589303202186,1076.6163377069786,False,settled
b,yellow_ramp,ramp,0.0,1.6,0.0,0.7496530430913194,913.6318604663194,False,settled
b,yellow_ramp,ramp,0.0,1.6,0.0,0.7289334357243045,923.8036690483107,False,settled
b,yellow_ramp,ramp,0.0,1.6,0.0,0.5733155778555833,976.4512478341602,False,settled
b,yellow_ramp,ramp,0.0,1.6,0.0,0.9099065043670559,869.0794945239599,False,settled
b,yellow_ramp,ramp,0.0,1.6,0.0,0.8746336830755999,881.8655937194237,False,settled
b,yellow_ramp,ramp,0.0,1.6,0.0,0.9125333556683147,866.4160170342797,False,settled
b,yellow_ramp,ramp,0.0,1.6,0.0,1.1148139833535582,820.3579255755137,False,settled
b,yellow_ramp,ramp,0.0,1.6,0.0,0.9821118733153859,849.085739540316,False,settled
b,yellow_ramp,ramp,0.0,1.6,0.0,1.0177310039752854,845.392656264552,False,settled
b,yellow_ramp,ramp,0.0,1.6,0.0,1.0257484552497755,843.3287178170231,False,settled
b,yellow_ramp,ramp,0.0,1.6,0.0,0.6456766544345619,953.8126530445688,False,settled
b,yellow_ramp,ramp,0.0,1.6,0.0,0.8297140613409533,895.4815521201314,False,settled
b,yellow_ramp,ramp,0.0,1.6,0.0,0.489542008033383,1001.7553540973246,False,settled
b,yellow_ramp,ramp,0.0,1.6,0.0,1.1439345305632838,814.6459463056005,False,settled
b,yellow_ramp,ramp,0.0,1.6,0.0,0.9916213490521781,846.798958090389,False,settled
b,yellow_ramp,ramp,0.0,1.6,0.0,0.7999035001305681,903.3060699950512,False,settled
b,yellow_ramp,ramp,0.0,1.6,0.0,0.5734266908326738,976.3595264049184,False,settled
b,yellow_ramp,ramp,0.0,1.6,0.0,1.0210542036487678,845.3120822212824,False,settled
b,yellow_ramp,ramp,0.0,1.6,0.0,0.46147665061258486,1019.2357186852217,False,settled
b,yellow_ramp,ramp,0.0,1.6,0.0,0.9714539664100599,852.0542824928627,False,settled
b,yellow_ramp,ramp,0.0,1.6,0.0,0.6980532420547292,934.6774082548611,False,settled
b,yellow_ramp,ramp,0.0,1.6,0.0,0.7535892832079237,917.5278616910869,False,settled
b,yellow_ramp,ramp,0.0,1.6,0.0,0.536578201649382,984.708649872263,False,settled
b,yellow_ramp,ramp,0.0,1.6,0.0,0.26532564519692486,1085.7791585661203,False,settled
b,yellow_ramp,ramp,0.0,1.6,0.0,0.6236215993612504,954.2220350385203,False,settled
b,yellow_ramp,ramp,0.0,1.6,0.0,0.8825297124213292,879.7693227212302,False,settled
b,yellow_ramp,ramp,0.0,1.6,0.0,0.8315021420418094,893.793904994172,False,settled
b,yellow_ramp,ramp,0.0,1.6,0.0,0.21975382380847483,1113.7667028737767,False,settled
b,yellow_ramp,ramp,0.0,1.6,0.0,0.3554409027721843,1058.9125722761526,False,settled
b,yellow_ramp,ramp,0.0,1.6,0.0,0.33758475365415413,1056.9902823019017,False,settled
b,yellow_ramp,ramp,0.0,1.6,0.0,0.31071885532971383,1066.7923645127698,False,settled
b,yellow_ramp,ramp,0.0,1.6,0.0,0.36834191070562394,1049.058038707135,False,settled
b,yellow_ramp,ramp,0.0,1.6,0.0,0.2719768902947746,1084.6674710179054,False,settled
b,yellow_ramp,ramp,0.0,1.6,0.0,1.1748262693424303,805.6088570362376,False,settled
b,yellow_ramp,ramp,0.0,1.6,0.0,0.5260250064763462,986.842475151827,False,settled
b,yellow_ramp,ramp,0.0,1.6,0.0,1.1121201485474594,821.1644489045289,False,settled
b,yellow_ramp,ramp,0.0,1.6,0.0,0.5802665282203433,971.0465914109511,False,settled
b,yellow_ramp,ramp,0.0,1.6,0.0,0.24895559432066272,1092.1045803343104,False,settled
b,yellow_ramp,ramp,0.0,1.6,0.0,0.3254060508757164,1072.4042575015426,False,settled
b,yellow_ramp,ramp,0.0,1.6,0.0,0.4368498326460406,1020.3180794169854,False,settled
b,yellow_ramp,ramp,0.0,1.6,0.0,0.7099869424369162,932.2161182029344,False,settled
b,yellow_ramp,ramp,0.0,1.6,0.0,0.9573002441973939,858.2719999181567,False,settled
b,yellow_ramp,ramp,0.0,1.6,0.0,0.24738251560596086,1104.5672253528935,False,settled
b,yellow_ramp,ramp,0.0,1.6,0.0,0.5281632194295763,986.3912332787784,False,settled
b,yellow_ramp,ramp,0.0,1.6,0.0,0.8829703467920837,879.3263244881792,False,settled
b,yellow_ramp,ramp,0.0,1.6,0.0,1.022120117880492,843.9202129581903,False,settled
b,yellow_ramp,ramp,0.0,1.6,0.0,0.3392647519824167,1056.8711382786437,False,settled
b,yellow_ramp,ramp,0.0,1.6,0.0,0.6252607056334083,952.9654378562296,False,settled
b,yellow_ramp,ramp,0.0,1.6,0.0,0.5727624732181344,976.9078226585916,False,settled
b,yellow_ramp,ramp,0.0,1.6,0.0,1.0682221696911522,831.6388996790953,False,settled
b,yellow_ramp,ramp,0.0,1.6,0.0,0.5852802142669571,967.0555538288639,False,settled
b,yellow_ramp,ramp,0.0,1.6,0.0,0.49408930395668804,998.4168863251376,False,settled
b,yellow_ramp,ramp,0.0,1.6,0.0,0.8877233554879913,874.8366264312099,False,settled
b,yellow_ramp,ramp,0.0,1.6,0.0,0.6413106625803761,948.6969692076191,False,settled
b,yellow_ramp,ramp,0.0,1.6,0.0,1.1117099746125019,821.9530755803435,False,settled
b,yellow_ramp,ramp,0.0,1.6,0.0,0.7461521077926997,916.5460142702774,False,settled
b,yellow_ramp,ramp,0.0,1.6,0.0,0.48998156961173706,1001.4047029887672,False,settled
b,yellow_ramp,ramp,0.0,1.6,0.0,0.32904128266590305,1071.9247857368223,False,settled
b,yellow_ramp,ramp,0.0,1.6,0.0,1.2053781014994094,798.9074071158667,False,settled
b,yellow_ramp,ramp,0.0,1.6,0.0,0.6639390872870983,947.3388361922003,False,settled
b,yellow_ramp,ramp,0.0,1.6,0.0,0.24292573954924626,1105.2778176883864,False,settled
b,yellow_ramp,ramp,0.0,1.6,0.0,1.0512641450053575,836.7096039269414,False,settled
b,yellow_ramp,ramp,0.0,1.6,0.0,0.4473904177210285,1024.3352378019772,False,settled
b,yellow_ramp,ramp,0.0,1.6,0.0,1.2087125626998563,797.3918442385283,False,settled
b,yellow_ramp,ramp,0.0,1.6,0.0,0.9889886034561552,850.6455959699226,False,settled
b,yellow_ramp,ramp,0.0,1.6,0.0,0.9582114000434887,857.2566153213692,False,settled
b,yellow_ramp,ramp,0.0,1.6,0.0,0.8133136907095001,897.5986227378302,False,settled
b,yellow_ramp,ramp,0.0,1.6,0.0,0.44374091255181414,1015.0876083862555,False,settled
b,yellow_ramp,ramp,0.0,1.6,0.0,1.0909305998390786,827.4053848951285,False,settled
b,yellow_ramp,ramp,0.0,1.6,0.0,0.35018216932193735,1063.079075758472,False,settled
b,yellow_ramp,ramp,0.0,1.6,0.0,0.7558443878783668,916.0600170975198,False,settled
b,yellow_ramp,ramp,0.0,1.6,0.0,0.8978404952718656,875.5673543000926,False,settled
b,yellow_ramp,ramp,0.0,1.6,0.0,1.0895473070622794,826.2749229267654,False,settled
b,yellow_ramp,ramp,0.0,1.6,0.0,0.3869334985263724,1036.2429646851458,False,settled
b,yellow_ramp,ramp,0.0,1.6,0.0,0.9951025997020624,847.0421425976328,False,settled
b,yellow_ramp,ramp,0.0,1.6,0.0,0.284108915952413,1081.566530930982,False,settled
b,yellow_ramp,ramp,0.0,1.6,0.0,0.5815709154432275,970.0082463699358,False,settled
b,yellow_ramp,ramp,0.0,1.6,0.0,0.738889160903601,922.8689752634006,False,settled
b,yellow_ramp,ramp,0.0,1.6,0.0,0.7323592487448198,920.8003388705082,False,settled
b,yellow_ramp,ramp,0.0,1.6,0.0,0.5545484575192032,981.5818963369451,False,settled
b,yellow_ramp,ramp,0.0,1.6,0.0,0.24633679221038696,1100.9295696962247,False,settled
b,yellow_ramp,ramp,0.0,1.6,0.0,0.3112204637673071,1066.4079358320334,False,settled
b,yellow_ramp,ramp,0.0,1.6,0.0,0.9534333907617957,857.9727038185529,False,settled
b,yellow_ramp,ramp,0.0,1.6,0.0,0.31209196942853745,1065.6791242214852,False,settled
b,yellow_ramp,ramp,0.0,1.6,0.0,0.6428526340430367,947.4606998239474,False,settled
b,yellow_ramp,ramp,0.0,1.6,0.0,0.9938510050692564,849.2957547172449,False,settled
b,yellow_ramp,ramp,0.0,1.6,0.0,0.9702739955035652,853.3964169069754,False,settled
b,yellow_ramp,ramp,0.0,1.6,0.0,1.0416867217661188,838.5379749873442,False,settled
b,yellow_ramp,ramp,0.0,1.6,0.0,0.4390047277804894,1018.7569316244195,False,settled
b,yellow_ramp,ramp,0.0,1.6,0.0,1.0705867010257997,831.6323839339378,False,settled
b,yellow_ramp,ramp,0.0,1.6,0.0,0.34509438138853205,1053.468568063947,False,settled
b,yellow_ramp,ramp,0.0,1.6,0.0,0.8215070542774705,896.5992676584975,False,settled
b,yellow_ramp,ramp,0.0,1.6,0.0,0.27414057186716606,1088.4364730701784,False,settled
b,yellow_ramp,ramp,0.0,1.6,0.0,0.2793852563216436,1084.8542690356705,False,settled
b,yellow_ramp,ramp,0.0,1.6,0.0,0.37747960700983835,1042.0423834121052,False,settled
b,yellow_ramp,ramp,0.0,1.6,0.0,0.31796051361345457,1075.2560854350172,False,settled
b,yellow_ramp,ramp,0.0,1.6,0.0,0.5177477754072628,990.8754424269854,False,settled
b,yellow_ramp,ramp,0.0,1.6,0.0,1.2028560642225077,798.8923141468593,False,settled
b,yellow_ramp,ramp,0.0,1.6,0.0,0.8777238632074016,878.7865989329332,False,settled
b,yellow_ramp,ramp,0.0,1.6,0.0,0.3724976375726797,1045.8176419165147,False,settled
b,yellow_ramp,ramp,0.0,1.6,0.0,0.5747524969944011,975.2650938261971,False,settled
b,yellow_ramp,ramp,0.0,1.6,0.0,0.23728507119437625,1098.160510597387,False,settled
b,yellow_ramp,ramp,0.0,1.6,0.0,0.3252156953742101,1072.4294124593187,False,settled
b,yellow_ramp,ramp,0.0,1.6,0.0,0.46419910988151014,1018.7242070723016,False,settled
b,yellow_ramp,ramp,0.0,1.6,0.0,1.0711221008584761,830.8946933893111,False,settled
b,yellow_ramp,ramp,0.0,1.6,0.0,1.1626759616001385,808.9550274304844,False,settled
b,yellow_ramp,ramp,0.0,1.6,0.0,0.2474474496122523,1104.9505884258263,False,settled
b,yellow_ramp,ramp,0.0,1.6,0.0,0.9602656274663932,855.2148763689537,False,settled
b,yellow_ramp,ramp,0.0,1.6,0.0,1.0263741849306036,842.5013920287046,False,settled
b,yellow_ramp,ramp,0.0,1.6,0.0,0.279625605794409,1085.3682311851032,False,settled
b,yellow_ramp,ramp,0.0,1.6,0.0,0.8627267032007346,881.8201378517277,False,settled
b,yellow_ramp,ramp,0.0,1.6,0.0,0.6230291246586761,954.7105910671372,False,settled
b,yellow_ramp,ramp,0.0,1.6,0.0,1.07691436883815,829.08753763464,False,settled
b,yellow_ramp,ramp,0.0,1.6,0.0,0.42267481934611606,1031.5515731814185,False,settled
b,yellow_ramp,ramp,0.0,1.6,0.0,0.8171163782449169,894.0829091156396,False,settled
b,yellow_ramp,ramp,0.0,1.6,0.0,0.9461739286510741,860.7912845983454,False,settled
b,yellow_ramp,ramp,0.0,1.6,0.0,0.3472946679598694,1051.8679045996573,False,settled
b,yellow_ramp,ramp,0.0,1.6,0.0,1.1047358235960272,822.5309373506175,False,settled
b,yellow_ramp,ramp,0.0,1.6,0.0,0.22370531627891066,1107.4789256164088,False,settled
b,yellow_ramp,ramp,0.0,1.6,0.0,0.7463923292564498,916.4264577822827,False,settled
b,yellow_ramp,ramp,0.0,1.6,0.0,0.828557508922642,890.237317128475,False,settled
b,yellow_ramp,ramp,0.0,1.6,0.0,0.5333546187930296,985.3039479745645,False,settled
b,yellow_ramp,ramp,0.0,1.6,0.0,0.4304365851779453,1025.3701158843942,False,settled
b,yellow_ramp,ramp,0.0,1.6,0.0,1.0437092803285972,838.2856718851477,False,settled
b,yellow_ramp,ramp,0.0,1.6,0.0,0.6284564278957072,959.2206213182046,False,settled
b,yellow_ramp,ramp,0.0,1.6,0.0,1.0129907941894203,847.2116718643317,False,settled
b,yellow_ramp,ramp,0.0,1.6,0.0,1.0402801662564147,839.0904028743705,False,settled
b,yellow_ramp,ramp,0.0,1.6,0.0,0.6179947761458853,958.8796582153309,False,settled
b,yellow_ramp,ramp,0.0,1.6,0.0,0.2836316426826746,1081.8073170269015,False,settled
