trial,element,model,block_noise_sd,ramp_noise_sd,block_noise_up,ramp_noise_up,final_position_up,ramp_valid,up_stop_reason
a,black_block,ramp,0.35,0.0,0.8794613094342535,0.0,839.9406195584439,False,settled
a,black_block,ramp,0.35,0.0,0.8265778006739064,0.0,839.3461932673503,False,settled
a,black_block,ramp,0.35,0.0,0.8061813126516353,0.0,842.5368635606499,False,settled
a,black_block,ramp,0.35,0.0,0.8523517185494051,0.0,841.7734072793083,False,settled
a,black_block,ramp,0.35,0.0,1.1333099514954004,0.0,843.4582939576364,False,settled
a,black_block,ramp,0.35,0.0,0.8101996230045816,0.0,837.6025585225415,False,settled
a,black_block,ramp,0.35,0.0,0.8528911587572918,0.0,841.6855097800695,False,settled
a,black_block,ramp,0.35,0.0,0.9575901106484953,0.0,837.007918040252,False,settled
a,black_block,ramp,0.35,0.0,0.897304352560502,0.0,837.9418200113645,False,settled
a,black_block,ramp,0.35,0.0,0.8259577481238594,0.0,845.6505128317275,False,settled
a,black_block,ramp,0.35,0.0,0.9625944539713079,0.0,837.201431455872,False,settled
a,black_block,ramp,0.35,0.0,1.053131056896263,0.0,838.642599173481,False,settled
a,black_block,ramp,0.35,0.0,0.8716094041828475,0.0,839.0416753741073,False,settled
a,black_block,ramp,0.35,0.0,0.8160472095719403,0.0,844.7916126467984,False,settled
a,black_block,ramp,0.35,0.0,0.9195440029274137,0.0,838.9368204781067,False,settled
a,black_block,ramp,0.35,0.0,0.8358889051627603,0.0,839.281407702612,False,settled
a,black_block,ramp,0.35,0.0,1.3122252918679569,0.0,805.9684518150169,False,settled
a,black_block,ramp,0.35,0.0,0.9287266779157072,0.0,837.1005178584164,False,settled
a,black_block,ramp,0.35,0.0,0.8521829943799626,0.0,843.3178321449112,False,settled
a,black_block,ramp,0.35,0.0,0.9307855006075398,0.0,843.2378858870245,False,settled
a,black_block,ramp,0.35,0.0,1.0775496122458732,0.0,836.818461923509,False,settled
a,black_block,ramp,0.35,0.0,0.8448530642420434,0.0,838.1721847781989,False,settled
a,black_block,ramp,0.35,0.0,0.7936731817895959,0.0,841.919610534823,False,settled
a,black_block,ramp,0.35,0.0,0.7986817126045237,0.0,840.924330233166,False,settled
a,black_block,ramp,0.35,0.0,0.862174332616306,0.0,837.321486152468,False,settled
a,black_block,ramp,0.35,0.0,0.8384726788071654,0.0,841.394922515294,False,settled
a,black_block,ramp,0.35,0.0,0.8664965715874144,0.0,839.8351820561124,False,settled
a,black_block,ramp,0.35,0.0,0.8929200104282369,0.0,838.4881720932957,False,settled
a,black_block,ramp,0.35,0.0,0.9153016489286809,0.0,839.3073612898768,False,settled
a,red_block,ramp,0.35,0.0,0.9420313966675651,0.0,836.596416857171,False,settled
a,red_block,ramp,0.35,0.0,1.0330093340856674,0.0,840.2063417779932,False,settled
a,red_block,ramp,0.35,0.0,0.9628110293955001,0.0,838.4464654101668,False,settled
a,red_block,ramp,0.35,0.0,0.9666121005131085,0.0,840.3069571287306,False,settled
a,red_block,ramp,0.35,0.0,1.0523610598506947,0.0,837.8134062936249,False,settled
a,red_block,ramp,0.35,0.0,0.9422006642823809,0.0,837.5496000894065,False,settled
a,red_block,ramp,0.35,0.0,0.9449122940021238,0.0,844.7068754556497,False,settled
a,red_block,ramp,0.35,0.0,0.9896050486335335,0.0,844.6303421494672,False,settled
a,red_block,ramp,0.35,0.0,1.073138106663969,0.0,842.6111726616743,False,settled
a,red_block,ramp,0.35,0.0,0.9695807632491172,0.0,842.5000847812585,False,settled
a,red_block,ramp,0.35,0.0,0.9610730707228556,0.0,844.4807015927744,False,settled
a,red_block,ramp,0.35,0.0,0.9454274983061559,0.0,839.4700059499759,False,settled
a,red_block,ramp,0.35,0.0,1.1787830363310894,0.0,839.1283819126431,False,settled
a,red_block,ramp,0.35,0.0,0.98917706964459,0.0,844.4862588867887,False,settled
a,red_block,ramp,0.35,0.0,0.9403297517566569,0.0,842.7152178363721,False,settled
b,blue_ramp,ramp,0.0,1.3,0.0,0.759194188016426,1077.4152634935847,False,settled
b,blue_ramp,ramp,0.0,1.3,0.0,0.7602089071236294,1078.0543811080793,False,settled
b,blue_ramp,ramp,0.0,1.3,0.0,1.2218715861168765,916.8305717157972,False,settled
b,blue_ramp,ramp,0.0,1.3,0.0,1.2657213687190536,904.8657157348642,False,settled
b,blue_ramp,ramp,0.0,1.3,0.0,1.4496167253948629,849.0801185949608,False,settled
b,blue_ramp,ramp,0.0,1.3,0.0,1.1655766320039096,934.6570507980213,False,settled
b,blue_ramp,ramp,0.0,1.3,0.0,0.7860811777985013,1074.8120751072345,False,settled
b,blue_ramp,ramp,0.0,1.3,0.0,1.2592508302159922,903.9096552299978,False,settled
b,blue_ramp,ramp,0.0,1.3,0.0,0.8047621043974849,1057.0275191169815,False,settled
b,blue_ramp,ramp,0.0,1.3,0.0,0.8047698427382413,1057.0266260399242,False,settled
b,blue_ramp,ramp,0.0,1.3,0.0,0.8933941947607009,1028.987754223196,False,settled
b,blue_ramp,ramp,0.0,1.3,0.0,1.1318380092588087,947.0034884253944,False,settled
b,blue_ramp,ramp,0.0,1.3,0.0,1.311071232828889,890.0644791641326,False,settled
b,blue_ramp,ramp,0.0,1.3,0.0,0.9572499937426141,1001.5894595616047,False,settled
b,blue_ramp,ramp,0.0,1.3,0.0,0.7803787217187093,1065.0850772074436,False,settled
b,blue_ramp,ramp,0.0,1.3,0.0,0.7009177870897433,1106.0082947014928,False,settled
b,blue_ramp,ramp,0.0,1.3,0.0,0.8196015065556292,1061.5523647414977,False,settled
b,blue_ramp,ramp,0.0,1.3,0.0,1.4545766866451573,847.800945084158,False,settled
b,blue_ramp,ramp,0.0,1.3,0.0,1.2869428042131503,898.481226387184,False,settled
b,blue_ramp,ramp,0.0,1.3,0.0,0.7922570009975158,1072.489863514836,False,settled
b,blue_ramp,ramp,0.0,1.3,0.0,1.365128014747317,875.7847171004403,False,settled
b,blue_ramp,ramp,0.0,1.3,0.0,1.515288947593991,837.7895163397249,False,settled
b,blue_ramp,ramp,0.0,1.3,0.0,0.9690494229189363,1003.44753694876,False,settled
b,blue_ramp,ramp,0.0,1.3,0.0,0.9986052868864141,985.77342628109,False,settled
b,blue_ramp,ramp,0.0,1.3,0.0,0.7271242985776114,1095.604099460892,False,settled
b,blue_ramp,ramp,0.0,1.3,0.0,0.9201872586664225,1020.8876163803781,False,settled
b,blue_ramp,ramp,0.0,1.3,0.0,0.9607809395406927,999.0584855313871,False,settled
b,blue_ramp,ramp,0.0,1.3,0.0,0.8431414115520087,1043.3779805427882,False,settled
b,blue_ramp,ramp,0.0,1.3,0.0,1.2583004169306258,904.7846078052107,False,settled
b,blue_ramp,ramp,0.0,1.3,0.0,1.1440019575348968,938.8662013154758,False,settled
b,blue_ramp,ramp,0.0,1.3,0.0,1.0107033797651326,980.6927023572085,False,settled
b,blue_ramp,ramp,0.0,1.3,0.0,1.6817413276836906,795.7314405142586,False,settled
b,blue_ramp,ramp,0.0,1.3,0.0,1.0533678315390185,966.5910378854597,False,settled
b,blue_ramp,ramp,0.0,1.3,0.0,1.1982208174966675,922.2366141843855,False,settled
b,blue_ramp,ramp,0.0,1.3,0.0,1.3075608144507382,892.059584817885,False,settled
b,blue_ramp,ramp,0.0,1.3,0.0,0.7263768208420707,1095.1352262678868,False,settled
b,blue_ramp,ramp,0.0,1.3,0.0,1.6096599446012683,813.7191153402904,False,settled
b,blue_ramp,ramp,0.0,1.3,0.0,0.8482191505405516,1039.4618329707855,False,settled
b,blue_ramp,ramp,0.0,1.3,0.0,1.1734966782081155,927.8295109087331,False,settled
b,blue_ramp,ramp,0.0,1.3,0.0,1.0968362456286762,958.4774112545068,False,settled
b,blue_ramp,ramp,0.0,1.3,0.0,0.8047936602417729,1057.0238772762784,False,settled
b,blue_ramp,ramp,0.0,1.3,0.0,0.8045353596944768,1057.0541111360046,False,settled
b,blue_ramp,ramp,0.0,1.3,0.0,1.100233171422391,955.6101774324994,False,settled
b,blue_ramp,ramp,0.0,1.3,0.0,1.389982899589597,866.4831084187039,False,settled
b,blue_ramp,ramp,0.0,1.3,0.0,1.3480996718538036,876.2126912277623,False,settled
b,blue_ramp,ramp,0.0,1.3,0.0,1.287159807192323,898.2763884411492,False,settled
b,blue_ramp,ramp,0.0,1.3,0.0,1.4879984654594636,843.3190311918395,False,settled
b,blue_ramp,ramp,0.0,1.3,0.0,1.1928479306545599,926.9639118291152,False,settled
b,blue_ramp,ramp,0.0,1.3,0.0,1.110564622848954,947.3459849869588,False,settled
b,blue_ramp,ramp,0.0,1.3,0.0,1.4993906630181082,841.4593750343015,False,settled
b,blue_ramp,ramp,0.0,1.3,0.0,1.3743504888938938,871.815740263512,False,settled
b,blue_ramp,ramp,0.0,1.3,0.0,0.7575044110208817,1076.5331371222535,False,settled
b,blue_ramp,ramp,0.0,1.3,0.0,1.415151301290666,859.4269347548181,False,settled
b,blue_ramp,ramp,0.0,1.3,0.0,1.3994700073761934,861.9965583064318,False,settled
b,blue_ramp,ramp,0.0,1.3,0.0,1.636384591580498,808.5868335676553,False,settled
b,blue_ramp,ramp,0.0,1.3,0.0,1.2744623188702473,896.8145436169663,False,settled
b,blue_ramp,ramp,0.0,1.3,0.0,1.5843877410392704,819.6246760120467,False,settled
b,blue_ramp,ramp,0.0,1.3,0.0,1.2408859842707016,906.5697052012714,False,settled
b,blue_ramp,ramp,0.0,1.3,0.0,0.9264285339023076,1019.7146896989487,False,settled
b,blue_ramp,ramp,0.0,1.3,0.0,0.7361333355190977,1087.036364038309,False,settled
b,blue_ramp,ramp,0.0,1.3,0.0,1.0785684214514326,964.375173431359,False,settled
b,blue_ramp,ramp,0.0,1.3,0.0,0.7257808155195289,1094.1685383993963,False,settled
b,blue_ramp,ramp,0.0,1.3,0.0,0.6895871561180913,1117.4607018320871,False,settled
b,blue_ramp,ramp,0.0,1.3,0.0,1.2551812640183162,907.6562440091205,False,settled
b,blue_ramp,ramp,0.0,1.3,0.0,1.2804051004967651,897.9799365105822,False,settled
b,blue_ramp,ramp,0.0,1.3,0.0,0.7313973625405142,1099.666218072911,False,settled
b,blue_ramp,ramp,0.0,1.3,0.0,0.848819080204721,1039.0056593240786,False,settled
b,blue_ramp,ramp,0.0,1.3,0.0,0.8860475958717547,1034.854617259624,False,settled
b,blue_ramp,ramp,0.0,1.3,0.0,1.2726292215897683,898.5597667550984,False,settled
b,blue_ramp,ramp,0.0,1.3,0.0,1.2480009059982833,907.1540490021399,False,settled
b,blue_ramp,ramp,0.0,1.3,0.0,1.0673093498170942,967.2368144427162,False,settled
b,blue_ramp,ramp,0.0,1.3,0.0,1.00409779707706,984.7045618320307,False,settled
b,blue_ramp,ramp,0.0,1.3,0.0,0.9039077753484784,1020.6499829937079,False,settled
b,blue_ramp,ramp,0.0,1.3,0.0,1.2405089152285176,906.8062084926287,False,settled
b,blue_ramp,ramp,0.0,1.3,0.0,0.9004471662525103,1023.3854101220243,False,settled
b,blue_ramp,ramp,0.0,1.3,0.0,0.9613317688567496,998.6223943965452,False,settled
b,blue_ramp,ramp,0.0,1.3,0.0,0.9476783343091204,1009.2683569819944,False,settled
b,blue_ramp,ramp,0.0,1.3,0.0,1.4946339079281856,841.5102923920577,False,settled
b,blue_ramp,ramp,0.0,1.3,0.0,0.8031573646091051,1057.220591303998,False,settled
b,blue_ramp,ramp,0.0,1.3,0.0,0.8261911481865956,1056.6020928640398,False,settled
b,blue_ramp,ramp,0.0,1.3,0.0,1.1756932295594729,933.7878309165536,False,settled
b,blue_ramp,ramp,0.0,1.3,0.0,0.7482514886284313,1087.2608200261227,False,settled
b,blue_ramp,ramp,0.0,1.3,0.0,1.0380524244081961,978.7324286101913,False,settled
b,blue_ramp,ramp,0.0,1.3,0.0,0.8369889777240992,1048.1609935133463,False,settled
b,blue_ramp,ramp,0.0,1.3,0.0,1.5568803820900559,826.5512718769558,False,settled
b,blue_ramp,ramp,0.0,1.3,0.0,1.2172898169005246,913.4474859662834,False,settled
b,blue_ramp,ramp,0.0,1.3,0.0,0.8628588863094382,1035.0181736376392,False,settled
b,blue_ramp,ramp,0.0,1.3,0.0,1.2339951812374323,912.3319670619409,False,settled
b,blue_ramp,ramp,0.0,1.3,0.0,1.1667047313158747,933.6751978675924,False,settled
b,blue_ramp,ramp,0.0,1.3,0.0,0.9481435905707594,1008.8942406292371,False,settled
b,blue_ramp,ramp,0.0,1.3,0.0,1.2065664937765728,922.7148342033853,False,settled
b,blue_ramp,ramp,0.0,1.3,0.0,0.8084379959659316,1056.5866941285847,False,settled
b,blue_ramp,ramp,0.0,1.3,0.0,1.4128474998379348,861.695053446851,False,settled
b,blue_ramp,ramp,0.0,1.3,0.0,1.4965899289045266,840.9219494150127,False,settled
b,blue_ramp,ramp,0.0,1.3,0.0,0.773418070017493,1070.4479476291344,False,settled
b,blue_ramp,ramp,0.0,1.3,0.0,0.9365318874139859,1006.3510074214026,False,settled
b,blue_ramp,ramp,0.0,1.3,0.0,1.1199006759884322,948.3711006061766,False,settled
b,blue_ramp,ramp,0.0,1.3,0.0,0.8360119643823726,1048.9250517393511,False,settled
b,blue_ramp,ramp,0.0,1.3,0.0,1.5111980914586982,838.3012770040305,False,settled
b,blue_ramp,ramp,0.0,1.3,0.0,1.366856108370423,874.0169758820742,False,settled
b,blue_ramp,ramp,0.0,1.3,0.0,1.3539319760191055,875.8561799838334,False,settled
b,blue_ramp,ramp,0.0,1.3,0.0,1.4127247883309286,861.8292461286713,False,settled
b,blue_ramp,ramp,0.0,1.3,0.0,1.2145416851386475,915.8597524862736,False,settled
b,blue_ramp,ramp,0.0,1.3,0.0,1.3335104898419892,884.5024548149175,False,settled
b,blue_ramp,ramp,0.0,1.3,0.0,0.8051695899408757,1056.980491359037,False,settled
b,blue_ramp,ramp,0.0,1.3,0.0,0.8442098481758975,1042.6396326064973,False,settled
b,blue_ramp,ramp,0.0,1.3,0.0,1.203268892051068,917.9462550632012,False,settled
b,blue_ramp,ramp,0.0,1.3,0.0,0.7791781429342034,1066.0639708136205,False,settled
b,blue_ramp,ramp,0.0,1.3,0.0,1.0580317765781484,972.4227733687998,False,settled
b,blue_ramp,ramp,0.0,1.3,0.0,1.2058920926077379,923.3010320273262,False,settled
b,blue_ramp,ramp,0.0,1.3,0.0,0.8328747773956217,1051.3786384483565,False,settled
b,blue_ramp,ramp,0.0,1.3,0.0,1.2445264012333823,910.3223451103597,False,settled
b,blue_ramp,ramp,0.0,1.3,0.0,1.24229411390401,912.3631734538218,False,settled
b,blue_ramp,ramp,0.0,1.3,0.0,1.0599130392402347,970.8779677488017,False,settled
b,blue_ramp,ramp,0.0,1.3,0.0,0.9919407061472847,987.2710894235108,False,settled
b,blue_ramp,ramp,0.0,1.3,0.0,1.0460478659707722,972.1507052561848,False,settled
b,blue_ramp,ramp,0.0,1.3,0.0,1.0537533761506375,966.2887979820916,False,settled
b,blue_ramp,ramp,0.0,1.3,0.0,0.7002443301584585,1101.0190379519365,False,settled
b,blue_ramp,ramp,0.0,1.3,0.0,0.9919958322216135,987.2593969107818,False,settled
b,blue_ramp,ramp,0.0,1.3,0.0,0.8617828189893127,1035.1043580342932,False,settled
b,blue_ramp,ramp,0.0,1.3,0.0,0.8981772710754871,1025.1794745937054,False,settled
b,blue_ramp,ramp,0.0,1.3,0.0,0.7556472804033814,1077.1133997944105,False,settled
b,blue_ramp,ramp,0.0,1.3,0.0,1.0202688209087272,983.0377935069798,False,settled
b,blue_ramp,ramp,0.0,1.3,0.0,1.0718616590555206,966.0722623952689,False,settled
b,blue_ramp,ramp,0.0,1.3,0.0,0.7293414302862588,1094.8834816589927,False,settled
b,blue_ramp,ramp,0.0,1.3,0.0,1.5343050895617336,832.5273397158022,False,settled
b,blue_ramp,ramp,0.0,1.3,0.0,0.7067449572695219,1107.52390041656,False,settled
b,blue_ramp,ramp,0.0,1.3,0.0,1.3111906835232154,890.0135840209191,False,settled
b,blue_ramp,ramp,0.0,1.3,0.0,0.6949919188859083,1108.1074865186533,False,settled
b,blue_ramp,ramp,0.0,1.3,0.0,1.589474572616451,819.1937643184851,False,settled
b,blue_ramp,ramp,0.0,1.3,0.0,0.8982754322726701,1025.1018972607137,False,settled
b,blue_ramp,ramp,0.0,1.3,0.0,1.254575650476386,908.2137791937695,False,settled
b,blue_ramp,ramp,0.0,1.3,0.0,1.058771715425407,971.8151764258636,False,settled
b,blue_ramp,ramp,0.0,1.3,0.0,1.6630229359421318,801.2313257952502,False,settled
b,blue_ramp,ramp,0.0,1.3,0.0,0.766869526845037,1074.9810354908977,False,settled
b,blue_ramp,ramp,0.0,1.3,0.0,0.8789683083502343,1027.7898470842492,False,settled
b,blue_ramp,ramp,0.0,1.3,0.0,1.0452341925733508,972.8171346074113,False,settled
b,blue_ramp,ramp,0.0,1.3,0.0,1.0865703113541292,957.9853922729278,False,settled
b,blue_ramp,ramp,0.0,1.3,0.0,1.1276150442019282,942.040863189136,False,settled
b,blue_ramp,ramp,0.0,1.3,0.0,1.3419244077632841,882.0741957185635,False,settled
b,blue_ramp,ramp,0.0,1.3,0.0,0.9159818725916588,1023.4698380063136,False,settled
b,blue_ramp,ramp,0.0,1.3,0.0,0.7365468270951687,1087.4464675162856,False,settled
b,blue_ramp,ramp,0.0,1.3,0.0,0.75059445941244,1082.204940370247,False,settled
b,blue_ramp,ramp,0.0,1.3,0.0,1.1806622095702335,929.6819981163923,False,settled
b,blue_ramp,ramp,0.0,1.3,0.0,1.1829648110992885,927.6734133814484,False,settled
b,blue_ramp,ramp,0.0,1.3,0.0,1.6860361767337628,793.4113243213425,False,settled
b,blue_ramp,ramp,0.0,1.3,0.0,0.7910565831159249,1072.647982126855,False,settled
b,blue_ramp,ramp,0.0,1.3,0.0,1.3884352960657942,868.09841842197,False,settled
b,blue_ramp,ramp,0.0,1.3,0.0,1.0534025253215782,966.5633976862089,False,settled
b,blue_ramp,ramp,0.0,1.3,0.0,0.890172757902906,1031.5532147118342,False,settled
b,blue_ramp,ramp,0.0,1.3,0.0,0.9485780934857886,1008.5447952845582,False,settled
b,blue_ramp,ramp,0.0,1.3,0.0,1.2648973931776986,905.6296721853822,False,settled
b,blue_ramp,ramp,0.0,1.3,0.0,0.7995912962477825,1057.6774061639496,False,settled
b,blue_ramp,ramp,0.0,1.3,0.0,0.758485321383793,1076.9652461348624,False,settled
b,blue_ramp,ramp,0.0,1.3,0.0,1.5323521607215524,832.9666119093926,False,settled
b,blue_ramp,ramp,0.0,1.3,0.0,1.2449165025642448,909.9657441605066,False,settled
b,blue_ramp,ramp,0.0,1.3,0.0,1.366149350964059,874.7398150899904,False,settled
b,blue_ramp,ramp,0.0,1.3,0.0,1.0209090399304197,982.5140881062831,False,settled
b,blue_ramp,ramp,0.0,1.3,0.0,1.194905177032321,925.145265457706,False,settled
b,blue_ramp,ramp,0.0,1.3,0.0,1.1638410901122613,935.9153488951833,False,settled
b,blue_ramp,ramp,0.0,1.3,0.0,1.297604804374317,895.1127657794354,False,settled
b,blue_ramp,ramp,0.0,1.3,0.0,0.9643929763704108,996.2380198945484,False,settled
b,blue_ramp,ramp,0.0,1.3,0.0,0.8218058309877915,1059.8100805082242,False,settled
b,blue_ramp,ramp,0.0,1.3,0.0,1.3723429709833004,868.8054141568407,False,settled
b,blue_ramp,ramp,0.0,1.3,0.0,1.356565416629604,873.4978805203498,False,settled
b,blue_ramp,ramp,0.0,1.3,0.0,1.171795453850186,929.3670452977675,False,settled
b,blue_ramp,ramp,0.0,1.3,0.0,0.9338436479468208,1018.3212750950809,False,settled
b,blue_ramp,ramp,0.0,1.3,0.0,1.565125786674401,824.046065013358,False,settled
b,blue_ramp,ramp,0.0,1.3,0.0,0.9886253686740901,988.3248379941955,False,settled
b,blue_ramp,ramp,0.0,1.3,0.0,0.6886755588311303,1108.8342898460787,False,settled
b,blue_ramp,ramp,0.0,1.3,0.0,1.428152223625111,854.8738628547945,False,settled
b,blue_ramp,ramp,0.0,1.3,0.0,1.034123762568448,972.0870546577537,False,settled
b,blue_ramp,ramp,0.0,1.3,0.0,0.6985725807103517,1103.1464845201344,False,settled
b,blue_ramp,ramp,0.0,1.3,0.0,0.9082643005031029,1017.3274882470183,False,settled
b,blue_ramp,ramp,0.0,1.3,0.0,1.517055050481462,836.4603390330832,False,settled
b,blue_ramp,ramp,0.0,1.3,0.0,0.7090818109388528,1102.0473193251698,False,settled
b,blue_ramp,ramp,0.0,1.3,0.0,1.5756233500274066,822.0220033519381,False,settled
b,blue_ramp,ramp,0.0,1.3,0.0,0.8760028286147176,1030.1840867930716,False,settled
b,blue_ramp,ramp,0.0,1.3,0.0,1.1473061451095956,937.896296364473,False,settled
b,blue_ramp,ramp,0.0,1.3,0.0,0.7935895140165119,1072.3139441468945,False,settled
b,blue_ramp,ramp,0.0,1.3,0.0,1.5190526063270084,836.2947102378611,False,settled
b,blue_ramp,ramp,0.0,1.3,0.0,1.3016660892038645,891.2893751046337,False,settled
b,blue_ramp,ramp,0.0,1.3,0.0,0.8267096476074833,1056.1937952125948,False,settled
b,blue_ramp,ramp,0.0,1.3,0.0,0.7188302310394796,1099.277933797866,False,settled
b,blue_ramp,ramp,0.0,1.3,0.0,1.108636244942501,948.8419888152529,False,settled
b,blue_ramp,ramp,0.0,1.3,0.0,1.3857690957999773,865.8510918207878,False,settled
b,blue_ramp,ramp,0.0,1.3,0.0,1.0859709797754031,958.483724348028,False,settled
b,blue_ramp,ramp,0.0,1.3,0.0,1.4417949291605676,853.4351437344347,False,settled
b,blue_ramp,ramp,0.0,1.3,0.0,1.1828807599428084,927.7465374751581,False,settled
b,blue_ramp,ramp,0.0,1.3,0.0,1.3471879996723817,877.1112468210724,False,settled
b,blue_ramp,ramp,0.0,1.3,0.0,1.6425713096815668,806.8449014986907,False,settled
b,blue_ramp,ramp,0.0,1.3,0.0,1.0584488458466208,972.080300213892,False,settled
b,blue_ramp,ramp,0.0,1.3,0.0,0.8364108750082415,1048.6130908337318,False,settled
b,blue_ramp,ramp,0.0,1.3,0.0,1.3032922383159204,889.7604524173029,False,settled
b,blue_ramp,ramp,0.0,1.3,0.0,1.0164814225914593,986.1430397626658,False,settled
b,blue_ramp,ramp,0.0,1.3,0.0,1.3526004499872304,877.1909049120492,False,settled
b,blue_ramp,ramp,0.0,1.3,0.0,1.3421692904713258,881.8301170356962,False,settled
b,blue_ramp,ramp,0.0,1.3,0.0,0.8678018307327878,1034.2053114091336,False,settled
b,blue_ramp,ramp,0.0,1.3,0.0,0.9006119972337576,1023.2551091766788,False,settled
b,blue_ramp,ramp,0.0,1.3,0.0,1.0550368982986142,965.3684278448403,False,settled
b,blue_ramp,ramp,0.0,1.3,0.0,1.5151746391948424,837.9527078078601,False,settled
b,blue_ramp,ramp,0.0,1.3,0.0,1.6429704284286815,806.247994319926,False,settled
b,blue_ramp,ramp,0.0,1.3,0.0,1.0124199975454469,989.4926359304204,False,settled
b,blue_ramp,ramp,0.0,1.3,0.0,1.6185080087861128,812.3851942323017,False,settled
b,blue_ramp,ramp,0.0,1.3,0.0,1.5736033601654689,822.5974789386717,False,settled
b,blue_ramp,ramp,0.0,1.3,0.0,0.7008899074670949,1105.653147468909,False,settled
b,blue_ramp,ramp,0.0,1.3,0.0,1.3712533713654809,869.8022416914525,False,settled
b,blue_ramp,ramp,0.0,1.3,0.0,1.0247563560495914,979.3671249399706,False,settled
b,blue_ramp,ramp,0.0,1.3,0.0,0.6969747590461178,1102.1499106155673,False,settled
b,blue_ramp,ramp,0.0,1.3,0.0,0.9781729196241986,996.1727518429444,False,settled
b,blue_ramp,ramp,0.0,1.3,0.0,1.3118190965726906,889.7458314501488,False,settled
b,blue_ramp,ramp,0.0,1.3,0.0,0.8821280558162946,1037.7506852752758,False,settled
b,blue_ramp,ramp,0.0,1.3,0.0,1.3536350918574076,876.1537137232826,False,settled
b,blue_ramp,ramp,0.0,1.3,0.0,1.3294351806145928,882.5051237807519,False,settled
b,blue_ramp,ramp,0.0,1.3,0.0,1.2065534984387678,922.7261300223322,False,settled
b,blue_ramp,ramp,0.0,1.3,0.0,1.2028477772535526,918.2085802679183,False,settled
b,blue_ramp,ramp,0.0,1.3,0.0,1.0969916298499482,958.3461897165305,False,settled
b,blue_ramp,ramp,0.0,1.3,0.0,1.0290420428435374,976.2358583364276,False,settled
b,blue_ramp,ramp,0.0,1.3,0.0,0.7439873117189989,1089.6907107361526,False,settled
b,blue_ramp,ramp,0.0,1.3,0.0,1.057045408779947,973.2327101102946,False,settled
b,blue_ramp,ramp,0.0,1.3,0.0,0.9625171675181702,997.7749209142294,False,settled
b,blue_ramp,ramp,0.0,1.3,0.0,0.7307179334786785,1098.8096033853183,False,settled
b,blue_ramp,ramp,0.0,1.3,0.0,0.9367002424359807,1006.3220786055748,False,settled
b,blue_ramp,ramp,0.0,1.3,0.0,1.6563930825553865,803.471769105458,False,settled
b,blue_ramp,ramp,0.0,1.3,0.0,1.435264791667993,851.5922390064395,False,settled
b,blue_ramp,ramp,0.0,1.3,0.0,1.214802106642777,915.6324862360101,False,settled
b,blue_ramp,ramp,0.0,1.3,0.0,1.3352392918494964,882.7903765299413,False,settled
b,blue_ramp,ramp,0.0,1.3,0.0,1.303429525484945,889.6314086361788,False,settled
b,blue_ramp,ramp,0.0,1.3,0.0,1.2617125924229873,901.7505662789787,False,settled
b,blue_ramp,ramp,0.0,1.3,0.0,0.9539538553478003,1004.223039251669,False,settled
b,blue_ramp,ramp,0.0,1.3,0.0,1.6684161352382934,799.5664361684071,False,settled
b,blue_ramp,ramp,0.0,1.3,0.0,1.114398669980189,952.7718395689942,False,settled
b,blue_ramp,ramp,0.0,1.3,0.0,1.1523244516505893,936.426048338727,False,settled
b,blue_ramp,ramp,0.0,1.3,0.0,1.0652976433641066,967.7516634571784,False,settled
b,blue_ramp,ramp,0.0,1.3,0.0,1.6287859242646678,809.955804432389,False,settled
b,blue_ramp,ramp,0.0,1.3,0.0,1.6331275045830187,809.0430510280243,False,settled
b,blue_ramp,ramp,0.0,1.3,0.0,1.0451188918767294,972.9115511225124,False,settled
b,blue_ramp,ramp,0.0,1.3,0.0,0.7351236194500178,1084.7358843102336,False,settled
b,blue_ramp,ramp,0.0,1.3,0.0,1.0656358004643225,967.6651431608616,False,settled
b,blue_ramp,ramp,0.0,1.3,0.0,0.8584535815637296,1035.6016225779879,False,settled
b,blue_ramp,ramp,0.0,1.3,0.0,0.7390764234133625,1084.8711983588653,False,settled
b,blue_ramp,ramp,0.0,1.3,0.0,1.5793536942837503,821.672459179857,False,settled
b,blue_ramp,ramp,0.0,1.3,0.0,1.1886932928882057,922.7174639024078,False,settled
b,blue_ramp,ramp,0.0,1.3,0.0,0.7919569904611418,1072.5293796872943,False,settled
b,blue_ramp,ramp,0.0,1.3,0.0,1.3254743192721512,886.3709627297908,False,settled
b,blue_ramp,ramp,0.0,1.3,0.0,1.471405758605664,845.1639948765613,False,settled
b,blue_ramp,ramp,0.0,1.3,0.0,0.7758802553206766,1068.482596399135,False,settled
b,blue_ramp,ramp,0.0,1.3,0.0,0.693579682507374,1107.1411536743503,False,settled
b,blue_ramp,ramp,0.0,1.3,0.0,1.0191644056793556,983.9414765048145,False,settled
b,blue_ramp,ramp,0.0,1.3,0.0,1.4486711150422582,850.0850781129661,False,settled
b,blue_ramp,ramp,0.0,1.3,0.0,1.2663520206198604,904.2809458348164,False,settled
b,blue_ramp,ramp,0.0,1.3,0.0,0.7682461000573434,1074.0811902303183,False,settled
b,blue_ramp,ramp,0.0,1.3,0.0,1.2104273369596912,919.359585106441,False,settled
b,blue_ramp,ramp,0.0,1.3,0.0,0.7445512974091758,1084.8308511603489,False,settled
b,blue_ramp,ramp,0.0,1.3,0.0,0.7009196400191575,1106.0217368225083,False,settled
b,blue_ramp,ramp,0.0,1.3,0.0,1.4381930867608619,852.9197425120127,False,settled
b,blue_ramp,ramp,0.0,1.3,0.0,1.6632451466248956,800.7257264721676,False,settled
b,blue_ramp,ramp,0.0,1.3,0.0,0.7133759340356659,1100.8152104070898,False,settled
b,blue_ramp,ramp,0.0,1.3,0.0,0.8584994126639486,1035.5948292995922,False,settled
b,blue_ramp,ramp,0.0,1.3,0.0,0.8772429300202164,1029.1353929078675,False,settled
b,blue_ramp,ramp,0.0,1.3,0.0,1.4861093675138977,844.2599408145611,False,settled
b,blue_ramp,ramp,0.0,1.3,0.0,1.480395913907789,847.3334793473982,False,settled
b,blue_ramp,ramp,0.0,1.3,0.0,1.5500087035630088,828.453878866586,False,settled
b,blue_ramp,ramp,0.0,1.3,0.0,0.936405440173487,1006.3727340506636,False,settled
b,blue_ramp,ramp,0.0,1.3,0.0,1.1096063368950315,948.0393483239442,False,settled
b,blue_ramp,ramp,0.0,1.3,0.0,1.3157550823903639,888.0882114634828,False,settled
b,blue_ramp,ramp,0.0,1.3,0.0,1.4127633814415486,861.787042229126,False,settled
b,blue_ramp,ramp,0.0,1.3,0.0,1.6598178433017168,801.4649861512252,False,settled
b,blue_ramp,ramp,0.0,1.3,0.0,0.8910244772454189,1030.8749452956574,False,settled
b,blue_ramp,ramp,0.0,1.3,0.0,1.329723390163254,882.2238958817587,False,settled
b,blue_ramp,ramp,0.0,1.3,0.0,1.0346796978792754,981.5173698470662,False,settled
b,blue_ramp,ramp,0.0,1.3,0.0,1.263550231654196,900.0125795403831,False,settled
b,blue_ramp,ramp,0.0,1.3,0.0,0.6883383453410508,1117.6149012116086,False,settled
b,blue_ramp,ramp,0.0,1.3,0.0,1.4618759271647448,847.910189339945,False,settled
b,blue_ramp,ramp,0.0,1.3,0.0,0.8132350281832469,1052.9724226961507,False,settled
b,blue_ramp,ramp,0.0,1.3,0.0,1.2679165116361035,902.8305063199236,False,settled
b,blue_ramp,ramp,0.0,1.3,0.0,1.4386815667269912,852.3641278343781,False,settled
b,blue_ramp,ramp,0.0,1.3,0.0,0.9555989331189026,1002.9062757114115,False,settled
b,blue_ramp,ramp,0.0,1.3,0.0,1.0964852314841869,958.7738409087395,False,settled
b,blue_ramp,ramp,0.0,1.3,0.0,1.420024979265578,858.7206650820665,False,settled
b,blue_ramp,ramp,0.0,1.3,0.0,1.1019269438711388,954.4488836013094,False,settled
b,blue_ramp,ramp,0.0,1.3,0.0,1.1445964052550286,938.6917230600803,False,settled
b,blue_ramp,ramp,0.0,1.3,0.0,1.0877341323776815,957.0177521185647,False,settled
b,blue_ramp,ramp,0.0,1.3,0.0,1.1846024308260954,926.2486700758262,False,settled
b,blue_ramp,ramp,0.0,1.3,0.0,0.7237632964607411,1092.4947202546032,False,settled
b,blue_ramp,ramp,0.0,1.3,0.0,0.7931495676520894,1072.3720788625626,False,settled
b,blue_ramp,ramp,0.0,1.3,0.0,0.7240776366297009,1090.479122079939,False,settled
b,blue_ramp,ramp,0.0,1.3,0.0,0.9725801839461593,1000.5809702772704,False,settled
b,blue_ramp,ramp,0.0,1.3,0.0,1.5610926727833871,826.3586694549653,False,settled
b,blue_ramp,ramp,0.0,1.3,0.0,1.4976910413353641,842.7389744866874,False,settled
b,blue_ramp,ramp,0.0,1.3,0.0,1.3076760064943604,891.949649821633,False,settled
b,blue_ramp,ramp,0.0,1.3,0.0,1.3911572956050853,865.5116259681541,False,settled
b,blue_ramp,ramp,0.0,1.3,0.0,1.666226371015476,800.6144687155104,False,settled
b,blue_ramp,ramp,0.0,1.3,0.0,0.7813045591039358,1078.5315030477504,False,settled
b,blue_ramp,ramp,0.0,1.3,0.0,0.7423406770155064,1088.9183924022323,False,settled
b,blue_ramp,ramp,0.0,1.3,0.0,0.8355045998748851,1049.3218248028388,False,settled
b,blue_ramp,ramp,0.0,1.3,0.0,0.7669825157183622,1074.9112118965204,False,settled
b,blue_ramp,ramp,0.0,1.3,0.0,0.8493404867705979,1038.695121075691,False,settled
b,blue_ramp,ramp,0.0,1.3,0.0,0.8430896971670964,1043.4181054658286,False,settled
b,blue_ramp,ramp,0.0,1.3,0.0,0.6940647637960992,1112.1962401776825,False,settled
b,blue_ramp,ramp,0.0,1.3,0.0,1.163500833323655,936.2113049792404,False,settled
b,blue_ramp,ramp,0.0,1.3,0.0,1.6641509819986815,801.524866132499,False,settled
b,blue_ramp,ramp,0.0,1.3,0.0,1.4791610834897138,846.1078738652095,False,settled
b,blue_ramp,ramp,0.0,1.3,0.0,0.7913746173317376,1072.60608870934,False,settled
b,blue_ramp,ramp,0.0,1.3,0.0,0.7737949241277744,1070.1593773457917,False,settled
b,blue_ramp,ramp,0.0,1.3,0.0,1.0666836905649935,967.3968678263285,False,settled
b,blue_ramp,ramp,0.0,1.3,0.0,0.8163715785974028,1064.122079766781,False,settled
b,blue_ramp,ramp,0.0,1.3,0.0,1.6395771882141605,807.319274612457,False,settled
b,blue_ramp,ramp,0.0,1.3,0.0,1.5109852660344296,838.596239871988,False,settled
b,blue_ramp,ramp,0.0,1.3,0.0,0.946822649383704,1009.9563949562948,False,settled
b,blue_ramp,ramp,0.0,1.3,0.0,1.1427770759689524,939.2257197586189,False,settled
b,blue_ramp,ramp,0.0,1.3,0.0,1.549739869455779,827.7915468751163,False,settled
b,blue_ramp,ramp,0.0,1.3,0.0,0.72199775434701,1103.9069721122507,False,settled
b,blue_ramp,ramp,0.0,1.3,0.0,0.8811318404122911,1026.1462966068955,False,settled
b,blue_ramp,ramp,0.0,1.3,0.0,1.469771785240876,847.7872853003078,False,settled
b,blue_ramp,ramp,0.0,1.3,0.0,0.9366768095461863,1006.3261053707841,False,settled
b,blue_ramp,ramp,0.0,1.3,0.0,1.4167532957263793,857.7621202963056,False,settled
b,blue_ramp,ramp,0.0,1.3,0.0,1.40282665750262,860.3488290154468,False,settled
b,blue_ramp,ramp,0.0,1.3,0.0,1.1894278139218324,922.1847484275729,False,settled
b,blue_ramp,ramp,0.0,1.3,0.0,0.7888961759279528,1073.073494873054,False,settled
b,blue_ramp,ramp,0.0,1.3,0.0,1.0414339060113003,975.9408297002734,False,settled
b,blue_ramp,ramp,0.0,1.3,0.0,1.1773892981088996,932.3016652464489,False,settled
b,blue_ramp,ramp,0.0,1.3,0.0,1.1738443972940467,927.529567085218,False,settled
b,blue_ramp,ramp,0.0,1.3,0.0,1.571073030413119,823.7579749616573,False,settled
b,blue_ramp,ramp,0.0,1.3,0.0,0.7600319319509563,1077.9433488043348,False,settled
b,blue_ramp,ramp,0.0,1.3,0.0,0.76672772851522,1075.06863472986,False,settled
b,blue_ramp,ramp,0.0,1.3,0.0,0.7890301614482161,1072.9698377263878,False,settled
b,blue_ramp,ramp,0.0,1.3,0.0,1.1948075412579409,925.231578862729,False,settled
b,blue_ramp,ramp,0.0,1.3,0.0,0.8583619568589558,1035.6152035771995,False,settled
b,blue_ramp,ramp,0.0,1.3,0.0,1.026035505316005,978.3209050374412,False,settled
b,blue_ramp,ramp,0.0,1.3,0.0,0.9170932144923157,1022.5887408938664,False,settled
b,blue_ramp,ramp,0.0,1.3,0.0,0.7640903309320674,1076.6815711834336,False,settled
b,blue_ramp,ramp,0.0,1.3,0.0,0.7578855505667392,1076.6770878875504,False,settled
b,blue_ramp,ramp,0.0,1.3,0.0,1.3779505036718989,868.5379147321111,False,settled
b,blue_ramp,ramp,0.0,1.3,0.0,1.1001295122980044,955.6970030637783,False,settled
b,blue_ramp,ramp,0.0,1.3,0.0,0.8760909312147936,1030.1147467084415,False,settled
b,blue_ramp,ramp,0.0,1.3,0.0,1.6265073561471295,810.4455169748902,False,settled
b,blue_ramp,ramp,0.0,1.3,0.0,1.002249454764571,985.0903813837012,False,settled
b,blue_ramp,ramp,0.0,1.3,0.0,1.1467313026409676,938.0649924449873,False,settled
b,blue_ramp,ramp,0.0,1.3,0.0,1.2886859798609933,896.8885955897243,False,settled
b,blue_ramp,ramp,0.0,1.3,0.0,0.9304360686128155,1018.9615153074408,False,settled
b,blue_ramp,ramp,0.0,1.3,0.0,0.9212331829406197,1020.6905657066538,False,settled
b,blue_ramp,ramp,0.0,1.3,0.0,1.4181978490239016,856.2249659792658,False,settled
b,blue_ramp,ramp,0.0,1.3,0.0,0.7358617032292364,1086.7655809939552,False,settled
b,blue_ramp,ramp,0.0,1.3,0.0,1.3996038193171392,861.9227132119645,False,settled
b,blue_ramp,ramp,0.0,1.3,0.0,1.3092144198257796,890.8556608891752,False,settled
b,blue_ramp,ramp,0.0,1.3,0.0,1.4402341128010818,850.6284044086514,False,settled
b,blue_ramp,ramp,0.0,1.3,0.0,1.4957942337795762,841.510440462469,False,settled
b,blue_ramp,ramp,0.0,1.3,0.0,1.3373422262438242,880.718682810394,False,settled
b,blue_ramp,ramp,0.0,1.3,0.0,1.3677176174570156,873.135691695912,False,settled
b,blue_ramp,ramp,0.0,1.3,0.0,0.9671782817452523,1004.9667966909178,False,settled
b,blue_ramp,ramp,0.0,1.3,0.0,0.7499618977161038,1082.781305254272,False,settled
b,blue_ramp,ramp,0.0,1.3,0.0,1.3312161191269727,881.0480308004472,False,settled
b,blue_ramp,ramp,0.0,1.3,0.0,1.26863131049397,902.1677331283747,False,settled
b,blue_ramp,ramp,0.0,1.3,0.0,0.7437221589854541,1089.526631307077,False,settled
b,blue_ramp,ramp,0.0,1.3,0.0,1.583155412977367,820.9587981300997,False,settled
b,blue_ramp,ramp,0.0,1.3,0.0,1.2883231807598343,897.2111363603989,False,settled
b,blue_ramp,ramp,0.0,1.3,0.0,1.5912938628366884,818.7213272677703,False,settled
b,blue_ramp,ramp,0.0,1.3,0.0,0.9760238127124045,997.8669800091261,False,settled
b,blue_ramp,ramp,0.0,1.3,0.0,1.3945246267625977,866.934985835619,False,settled
b,blue_ramp,ramp,0.0,1.3,0.0,0.8591353186244541,1035.50065880028,False,settled
b,blue_ramp,ramp,0.0,1.3,0.0,1.0746696943775562,965.3586345566713,False,settled
b,blue_ramp,ramp,0.0,1.3,0.0,0.7245827782667755,1089.97006582425,False,settled
b,blue_ramp,ramp,0.0,1.3,0.0,0.700747330888952,1103.3754513232568,False,settled
b,blue_ramp,ramp,0.0,1.3,0.0,1.2033748459932059,917.861116153091,False,settled
b,blue_ramp,ramp,0.0,1.3,0.0,0.8218242038777175,1059.79555529082,False,settled
b,blue_ramp,ramp,0.0,1.3,0.0,0.7744082615791533,1069.6895843972636,False,settled
b,blue_ramp,ramp,0.0,1.3,0.0,1.1394329305503594,940.8617366263319,False,settled
b,blue_ramp,ramp,0.0,1.3,0.0,1.1248614054789747,944.3309578092344,False,settled
b,blue_ramp,ramp,0.0,1.3,0.0,1.377372693503292,869.1131633316173,False,settled
b,blue_ramp,ramp,0.0,1.3,0.0,0.8465858970370298,1040.7226095002948,False,settled
b,blue_ramp,ramp,0.0,1.3,0.0,1.0371222408783525,979.5005206743934,False,settled
b,blue_ramp,ramp,0.0,1.3,0.0,1.5078754127273388,838.9592272042228,False,settled
b,blue_ramp,ramp,0.0,1.3,0.0,1.3353616738165208,882.6691749569752,False,settled
b,blue_ramp,ramp,0.0,1.3,0.0,1.115356403447619,951.9561142778118,False,settled
b,blue_ramp,ramp,0.0,1.3,0.0,0.7051242277819952,1100.0318681110382,False,settled
b,blue_ramp,ramp,0.0,1.3,0.0,1.4483189975863715,850.4928979974247,False,settled
b,blue_ramp,ramp,0.0,1.3,0.0,1.1509132830725815,936.8377280170555,False,settled
b,blue_ramp,ramp,0.0,1.3,0.0,1.5472717322614349,829.292859527944,False,settled
b,blue_ramp,ramp,0.0,1.3,0.0,1.5631428456108312,826.2829056051302,False,settled
b,blue_ramp,ramp,0.0,1.3,0.0,0.7086284831625741,1100.1861407126703,False,settled
b,blue_ramp,ramp,0.0,1.3,0.0,0.963697912038321,996.7678012409457,False,settled
b,blue_ramp,ramp,0.0,1.3,0.0,1.5635775630565854,825.5484691580131,False,settled
b,blue_ramp,ramp,0.0,1.3,0.0,1.638873896568071,807.3796442325267,False,settled
b,blue_ramp,ramp,0.0,1.3,0.0,1.0493828570151127,969.757655015106,False,settled
b,blue_ramp,ramp,0.0,1.3,0.0,1.4711052236591107,845.5182754784265,False,settled
b,blue_ramp,ramp,0.0,1.3,0.0,1.0693930239587046,966.7037782689931,False,settled
b,blue_ramp,ramp,0.0,1.3,0.0,1.4931005096025936,843.5246163587086,False,settled
b,blue_ramp,ramp,0.0,1.3,0.0,1.280513527274115,897.8787484195697,False,settled
b,blue_ramp,ramp,0.0,1.3,0.0,0.7294447428414255,1094.8700208072319,False,settled
b,blue_ramp,ramp,0.0,1.3,0.0,1.480546540109474,847.1400946450925,False,settled
b,blue_ramp,ramp,0.0,1.3,0.0,1.0381123390247748,978.6829669200705,False,settled
b,blue_ramp,ramp,0.0,1.3,0.0,0.7437394347804254,1089.5373439406067,False,settled
b,blue_ramp,ramp,0.0,1.3,0.0,1.0527062105279412,967.1145244970381,False,settled
b,blue_ramp,ramp,0.0,1.3,0.0,1.18398914642995,926.7821036727374,False,settled
b,blue_ramp,ramp,0.0,1.3,0.0,1.0721343317220016,966.0025083804213,False,settled
b,blue_ramp,ramp,0.0,1.3,0.0,1.1902792553589905,928.9837106291064,False,settled
b,blue_ramp,ramp,0.0,1.3,0.0,1.360718014332924,874.6753410076266,False,settled
b,blue_ramp,ramp,0.0,1.3,0.0,1.1112897612174952,946.6828036016148,False,settled
b,blue_ramp,ramp,0.0,1.3,0.0,1.4773699597595127,846.8435346546089,False,settled
b,blue_ramp,ramp,0.0,1.3,0.0,1.17500071737817,926.6419337533331,False,settled
b,blue_ramp,ramp,0.0,1.3,0.0,1.152295990883989,936.4342863467123,False,settled
b,blue_ramp,ramp,0.0,1.3,0.0,1.2866541826986202,898.7536661602682,False,settled
b,blue_ramp,ramp,0.0,1.3,0.0,1.194782330963238,925.2538656728133,False,settled
b,blue_ramp,ramp,0.0,1.3,0.0,1.3957375780672838,865.6511263225482,False,settled
b,blue_ramp,ramp,0.0,1.3,0.0,1.5077437945854533,839.1404874363793,False,settled
b,blue_ramp,ramp,0.0,1.3,0.0,1.6488040731829336,804.357573543652,False,settled
b,blue_ramp,ramp,0.0,1.3,0.0,0.8802528965602331,1026.8892264029466,False,settled
b,blue_ramp,ramp,0.0,1.3,0.0,1.0556415917181046,974.385630048873,False,settled
b,blue_ramp,ramp,0.0,1.3,0.0,1.2889416179629414,896.6580980591538,False,settled
b,blue_ramp,ramp,0.0,1.3,0.0,1.0423546994331372,975.1807267178998,False,settled
b,blue_ramp,ramp,0.0,1.3,0.0,1.5238362251426436,834.3684984252216,False,settled
b,blue_ramp,ramp,0.0,1.3,0.0,1.1876822262646238,923.5871681645037,False,settled
b,blue_ramp,ramp,0.0,1.3,0.0,1.6755124445300387,798.4694496216551,False,settled
b,blue_ramp,ramp,0.0,1.3,0.0,0.991619017849436,987.3393210786579,False,settled
b,blue_ramp,ramp,0.0,1.3,0.0,1.2868303664770364,898.5873604802168,False,settled
b,blue_ramp,ramp,0.0,1.3,0.0,0.7397608141046018,1084.4886170667612,False,settled
b,blue_ramp,ramp,0.0,1.3,0.0,1.0579239237787843,972.5113353809228,False,settled
b,blue_ramp,ramp,0.0,1.3,0.0,0.9743489371147573,999.1516475108343,False,settled
b,blue_ramp,ramp,0.0,1.3,0.0,0.7397948843827268,1084.4168981292523,False,settled
b,blue_ramp,ramp,0.0,1.3,0.0,1.641257054323839,806.2794936104368,False,settled
b,blue_ramp,ramp,0.0,1.3,0.0,0.7150983327082863,1105.7670834167848,False,settled
b,blue_ramp,ramp,0.0,1.3,0.0,1.116850214889335,950.6933842623991,False,settled
b,blue_ramp,ramp,0.0,1.3,0.0,1.4944167473764385,841.795719959374,False,settled
b,blue_ramp,ramp,0.0,1.3,0.0,1.373368029868523,872.8253789575202,False,settled
b,blue_ramp,ramp,0.0,1.3,0.0,0.8839432003045308,1036.542973988536,False,settled
b,blue_ramp,ramp,0.0,1.3,0.0,1.0990612003311742,956.5984225400761,False,settled
b,blue_ramp,ramp,0.0,1.3,0.0,0.9527185425438962,1005.2160657119124,False,settled
b,blue_ramp,ramp,0.0,1.3,0.0,0.6908270022853062,1111.101167523629,False,settled
b,blue_ramp,ramp,0.0,1.3,0.0,1.0919146308480712,953.568122473441,False,settled
b,blue_ramp,ramp,0.0,1.3,0.0,1.0961097186416733,959.0909583528318,False,settled
b,blue_ramp,ramp,0.0,1.3,0.0,1.6569567347881995,802.3367659895546,False,settled
b,blue_ramp,ramp,0.0,1.3,0.0,0.7386848697064877,1089.5295964747309,False,settled
b,blue_ramp,ramp,0.0,1.3,0.0,1.6135552759665084,813.5016855439546,False,settled
b,blue_ramp,ramp,0.0,1.3,0.0,0.7029350950680203,1103.5575213944803,False,settled
b,blue_ramp,ramp,0.0,1.3,0.0,0.8534678571098823,1049.264444641613,False,settled
b,blue_ramp,ramp,0.0,1.3,0.0,1.2501201654799183,905.3221910706982,False,settled
b,blue_ramp,ramp,0.0,1.3,0.0,0.7171641083653946,1094.455382775073,False,settled
b,blue_ramp,ramp,0.0,1.3,0.0,0.8294002166347627,1054.096124645488,False,settled
b,blue_ramp,ramp,0.0,1.3,0.0,0.9191214358389613,1021.0879783541172,False,settled
b,blue_ramp,ramp,0.0,1.3,0.0,0.9778402001645514,996.4352775083626,False,settled
b,blue_ramp,ramp,0.0,1.3,0.0,1.2075509266011932,921.8591319986389,False,settled
b,blue_ramp,ramp,0.0,1.3,0.0,0.7784275668718377,1066.632453267501,False,settled
b,blue_ramp,ramp,0.0,1.3,0.0,1.551416964327746,828.5208388317993,False,settled
b,blue_ramp,ramp,0.0,1.3,0.0,1.2079760691777357,921.4895760353945,False,settled
b,blue_ramp,ramp,0.0,1.3,0.0,0.9427446910393025,1013.2542488818834,False,settled
b,blue_ramp,ramp,0.0,1.3,0.0,0.893959141206258,1028.5376895916381,False,settled
b,blue_ramp,ramp,0.0,1.3,0.0,0.9693088781027738,1003.2367038838637,False,settled
b,blue_ramp,ramp,0.0,1.3,0.0,1.0978684926752194,957.6056774425838,False,settled
b,blue_ramp,ramp,0.0,1.3,0.0,0.9435239533612148,1012.6227413655035,False,settled
b,blue_ramp,ramp,0.0,1.3,0.0,1.6779807864850829,797.651818173594,False,settled
b,blue_ramp,ramp,0.0,1.3,0.0,1.572096944997529,822.7540612523616,False,settled
b,blue_ramp,ramp,0.0,1.3,0.0,1.458628646604765,847.3798832081693,False,settled
b,blue_ramp,ramp,0.0,1.3,0.0,1.1380859300910473,941.9974030834113,False,settled
b,blue_ramp,ramp,0.0,1.3,0.0,0.9463526231861203,1010.3343225273518,False,settled
b,blue_ramp,ramp,0.0,1.3,0.0,0.7196439914041055,1100.9707380125026,False,settled
b,blue_ramp,ramp,0.0,1.3,0.0,1.2871308886751722,898.3036858747192,False,settled
b,blue_ramp,ramp,0.0,1.3,0.0,1.1327672983633488,946.2222577728355,False,settled
b,blue_ramp,ramp,0.0,1.3,0.0,1.5687730423199155,824.3878772438634,False,settled
b,blue_ramp,ramp,0.0,1.3,0.0,0.8849184390933367,1035.7604483492912,False,settled
b,blue_ramp,ramp,0.0,1.3,0.0,1.2115161691063248,918.4100197752269,False,settled
b,blue_ramp,ramp,0.0,1.3,0.0,1.6515717964149683,804.2705377673736,False,settled
b,blue_ramp,ramp,0.0,1.3,0.0,1.0549061738350085,965.4728101665881,False,settled
b,blue_ramp,ramp,0.0,1.3,0.0,1.3278354432515658,884.0663729544852,False,settled
b,blue_ramp,ramp,0.0,1.3,0.0,1.5775092274846876,821.8493073843252,False,settled
b,blue_ramp,ramp,0.0,1.3,0.0,0.9247350019177468,1020.0329346099098,False,settled
b,blue_ramp,ramp,0.0,1.3,0.0,1.4238464673607498,854.7897171087046,False,settled
b,blue_ramp,ramp,0.0,1.3,0.0,0.8833616725927993,1036.761749838037,False,settled
b,blue_ramp,ramp,0.0,1.3,0.0,1.5401832004015859,832.0466127750568,False,settled
b,blue_ramp,ramp,0.0,1.3,0.0,1.2689257744361417,901.8947836807513,False,settled
b,blue_ramp,ramp,0.0,1.3,0.0,1.6626231050944291,800.760167200597,False,settled
b,blue_ramp,ramp,0.0,1.3,0.0,1.6106912294116609,813.4711401926598,False,settled
b,blue_ramp,ramp,0.0,1.3,0.0,0.7359017363662428,1086.805556822031,False,settled
b,blue_ramp,ramp,0.0,1.3,0.0,1.178015387182236,931.7529692610319,False,settled
b,blue_ramp,ramp,0.0,1.3,0.0,0.8001218579573903,1057.6819830625284,False,settled
b,blue_ramp,ramp,0.0,1.3,0.0,1.479225897460663,846.0256986326826,False,settled
b,blue_ramp,ramp,0.0,1.3,0.0,0.8549197364848055,1036.162798625448,False,settled
b,blue_ramp,ramp,0.0,1.3,0.0,1.4282181953379984,854.8002196343894,False,settled
b,blue_ramp,ramp,0.0,1.3,0.0,1.2742864364624873,896.9706984878499,False,settled
b,blue_ramp,ramp,0.0,1.3,0.0,1.5932545837309502,817.9095736798123,False,settled
b,blue_ramp,ramp,0.0,1.3,0.0,0.9003794330201323,1023.4389512976812,False,settled
b,blue_ramp,ramp,0.0,1.3,0.0,0.7520845547921514,1081.2701940351892,False,settled
b,blue_ramp,ramp,0.0,1.3,0.0,0.8196645581427433,1061.5025400292682,False,settled
b,blue_ramp,ramp,0.0,1.3,0.0,1.4782631481630502,845.7137958823787,False,settled
b,blue_ramp,ramp,0.0,1.3,0.0,0.7672445042399041,1074.749243335884,False,settled
b,blue_ramp,ramp,0.0,1.3,0.0,1.1480762533479372,937.6702966447502,False,settled
b,blue_ramp,ramp,0.0,1.3,0.0,1.2034582578657385,917.7888553029851,False,settled
b,blue_ramp,ramp,0.0,1.3,0.0,0.743911193409916,1089.643676281601,False,settled
b,blue_ramp,ramp,0.0,1.3,0.0,1.2667924241205082,903.8725317209044,False,settled
b,blue_ramp,ramp,0.0,1.3,0.0,1.2841341945161595,894.5246213345026,False,settled
b,blue_ramp,ramp,0.0,1.3,0.0,1.584949523042245,820.7077425264642,False,settled
b,blue_ramp,ramp,0.0,1.3,0.0,1.1974666467396828,922.8977966426881,False,settled
b,blue_ramp,ramp,0.0,1.3,0.0,0.8602044334061467,1035.3380891022505,False,settled
b,blue_ramp,ramp,0.0,1.3,0.0,0.7955913852993708,1072.0500869771256,False,settled
b,blue_ramp,ramp,0.0,1.3,0.0,1.5442103613823208,829.6155664479285,False,settled
b,blue_ramp,ramp,0.0,1.3,0.0,0.7002515843050845,1101.0725026559794,False,settled
b,blue_ramp,ramp,0.0,1.3,0.0,1.1019181311207922,954.456274650627,False,settled
b,blue_ramp,ramp,0.0,1.3,0.0,1.1251703461099916,944.0722212531209,False,settled
b,blue_ramp,ramp,0.0,1.3,0.0,0.8568706429811453,1035.9322458393574,False,settled
b,blue_ramp,ramp,0.0,1.3,0.0,0.9737532899293831,999.6313877481316,False,settled
b,blue_ramp,ramp,0.0,1.3,0.0,1.369387178785234,871.428195469591,False,settled
b,blue_ramp,ramp,0.0,1.3,0.0,0.7174381136880733,1094.7504556673464,False,settled
b,blue_ramp,ramp,0.0,1.3,0.0,0.9343650713348735,1018.2233056635203,False,settled
b,blue_ramp,ramp,0.0,1.3,0.0,1.1006096334868878,955.2948492873638,False,settled
b,blue_ramp,ramp,0.0,1.3,0.0,0.7975797798665177,1071.788015489117,False,settled
b,blue_ramp,ramp,0.0,1.3,0.0,1.1099144585751721,947.7832410716612,False,settled
b,blue_ramp,ramp,0.0,1.3,0.0,1.452769682433402,849.8139522363883,False,settled
b,blue_ramp,ramp,0.0,1.3,0.0,0.8960591294452317,1026.8653896097412,False,settled
b,blue_ramp,ramp,0.0,1.3,0.0,1.3451840518476257,878.8262639565829,False,settled
b,blue_ramp,ramp,0.0,1.3,0.0,1.6569991864361218,801.973180906229,False,settled
b,blue_ramp,ramp,0.0,1.3,0.0,0.7180046489730232,1097.2861972034812,False,settled
b,blue_ramp,ramp,0.0,1.3,0.0,1.476895012850097,847.4438972817547,False,settled
b,blue_ramp,ramp,0.0,1.3,0.0,1.3297199506496322,882.2272520897882,False,settled
b,blue_ramp,ramp,0.0,1.3,0.0,1.262082069375837,901.413287758283,False,settled
b,blue_ramp,ramp,0.0,1.3,0.0,0.8587834767869005,1035.5527464244394,False,settled
b,blue_ramp,ramp,0.0,1.3,0.0,1.4321465078400615,855.0652567931955,False,settled
b,blue_ramp,ramp,0.0,1.3,0.0,1.6373741055932045,806.5248328658973,False,settled
b,blue_ramp,ramp,0.0,1.3,0.0,0.8418699151155312,1044.3645312943922,False,settled
b,blue_ramp,ramp,0.0,1.3,0.0,0.8682572993794615,1034.1390782642727,False,settled
b,blue_ramp,ramp,0.0,1.3,0.0,0.8924212348337656,1029.762521325282,False,settled
b,blue_ramp,ramp,0.0,1.3,0.0,1.0957388731890831,959.4043614129157,False,settled
b,blue_ramp,ramp,0.0,1.3,0.0,1.2679531651374758,902.7965281428335,False,settled
b,blue_ramp,ramp,0.0,1.3,0.0,1.4827832983532676,844.3440502835604,False,settled
b,blue_ramp,ramp,0.0,1.3,0.0,1.5947527506888597,817.9683433737445,False,settled
b,blue_ramp,ramp,0.0,1.3,0.0,1.5361433478921689,831.008099962476,False,settled
b,blue_ramp,ramp,0.0,1.3,0.0,0.7671089716477334,1074.8330450516632,False,settled
b,blue_ramp,ramp,0.0,1.3,0.0,0.8929773010517319,1029.3197326004533,False,settled
b,blue_ramp,ramp,0.0,1.3,0.0,0.9009081813995633,1023.0209326877966,False,settled
b,blue_ramp,ramp,0.0,1.3,0.0,1.057506632036851,972.8539876008093,False,settled
b,blue_ramp,ramp,0.0,1.3,0.0,0.8617099033825233,1035.115156370972,False,settled
b,blue_ramp,ramp,0.0,1.3,0.0,0.9890984847499781,987.9506534346325,False,settled
b,blue_ramp,ramp,0.0,1.3,0.0,1.1819041746234804,928.5961193170156,False,settled
b,blue_ramp,ramp,0.0,1.3,0.0,1.086021882714466,958.4414009542622,False,settled
b,blue_ramp,ramp,0.0,1.3,0.0,0.931172003846139,1018.8232432437997,False,settled
b,blue_ramp,ramp,0.0,1.3,0.0,0.9071013726192032,1018.2944185583046,False,settled
b,blue_ramp,ramp,0.0,1.3,0.0,1.2680742449011901,902.6840921313382,False,settled
b,blue_ramp,ramp,0.0,1.3,0.0,0.9717683277361988,1001.2400636907521,False,settled
b,blue_ramp,ramp,0.0,1.3,0.0,0.9744613955151934,999.06107211364,False,settled
b,blue_ramp,ramp,0.0,1.3,0.0,1.0678447190275113,967.0998587440805,False,settled
b,blue_ramp,ramp,0.0,1.3,0.0,1.0630374237434408,968.3299641126845,False,settled
b,blue_ramp,ramp,0.0,1.3,0.0,1.1958841188718157,924.2852370920655,False,settled
b,blue_ramp,ramp,0.0,1.3,0.0,1.569370283814595,823.4665509727881,False,settled
b,blue_ramp,ramp,0.0,1.3,0.0,1.1945754541813205,925.4367518385521,False,settled
b,blue_ramp,ramp,0.0,1.3,0.0,0.7680673345598684,1074.2074491671567,False,settled
b,blue_ramp,ramp,0.0,1.3,0.0,1.3864714759961254,865.1389307321017,False,settled
b,blue_ramp,ramp,0.0,1.3,0.0,0.7675342389734562,1074.570006439526,False,settled
b,blue_ramp,ramp,0.0,1.3,0.0,0.7242449330154709,1090.1242975824234,False,settled
b,blue_ramp,ramp,0.0,1.3,0.0,1.0505291078229027,968.9287832707097,False,settled
b,blue_ramp,ramp,0.0,1.3,0.0,1.202351887019446,918.6375389918546,False,settled
b,blue_ramp,ramp,0.0,1.3,0.0,0.9880078283731443,988.8051535242485,False,settled
b,blue_ramp,ramp,0.0,1.3,0.0,1.222476852871716,916.3637570444887,False,settled
b,blue_ramp,ramp,0.0,1.3,0.0,1.4923216361732974,842.2203063587488,False,settled
b,blue_ramp,ramp,0.0,1.3,0.0,1.6768747347532382,796.3889882365431,False,settled
b,blue_ramp,ramp,0.0,1.3,0.0,1.2321653991792518,912.972272997073,False,settled
b,blue_ramp,ramp,0.0,1.3,0.0,0.8448461570883776,1042.1459258305126,False,settled
b,blue_ramp,ramp,0.0,1.3,0.0,1.427300962745298,855.7337635386242,False,settled
b,blue_ramp,ramp,0.0,1.3,0.0,1.19949396449008,921.1204935745554,False,settled
b,blue_ramp,ramp,0.0,1.3,0.0,1.1404232345937562,940.0306791437868,False,settled
b,blue_ramp,ramp,0.0,1.3,0.0,0.9799145761953164,994.7961909872278,False,settled
b,blue_ramp,ramp,0.0,1.3,0.0,1.422522000490921,856.3132466917637,False,settled
b,blue_ramp,ramp,0.0,1.3,0.0,0.7808775151420365,1078.8678822669826,False,settled
b,blue_ramp,ramp,0.0,1.3,0.0,0.9645067360213633,996.148114544253,False,settled
b,blue_ramp,ramp,0.0,1.3,0.0,1.0484896641043413,970.4750117438354,False,settled
b,blue_ramp,ramp,0.0,1.3,0.0,1.135511416036213,944.169504334712,False,settled
b,blue_ramp,ramp,0.0,1.3,0.0,1.5782264221794606,821.7273766252999,False,settled
b,blue_ramp,ramp,0.0,1.3,0.0,0.8908418881375043,1031.0203555906949,False,settled
b,blue_ramp,ramp,0.0,1.3,0.0,1.0371173389449329,979.5045690252043,False,settled
b,blue_ramp,ramp,0.0,1.3,0.0,1.1952809695136164,924.8139888941706,False,settled
b,blue_ramp,ramp,0.0,1.3,0.0,1.417518912913848,856.8602122739859,False,settled
b,blue_ramp,ramp,0.0,1.3,0.0,1.558619403286971,827.0903090403176,False,settled
b,blue_ramp,ramp,0.0,1.3,0.0,0.9420492496095548,1013.8178252710827,False,settled
b,blue_ramp,ramp,0.0,1.3,0.0,0.802924880894613,1057.2479992983892,False,settled
b,blue_ramp,ramp,0.0,1.3,0.0,0.9624574354404095,997.8225769549059,False,settled
b,blue_ramp,ramp,0.0,1.3,0.0,1.1631708591016368,936.4981419025191,False,settled
b,blue_ramp,ramp,0.0,1.3,0.0,1.390955461136698,865.7226956909485,False,settled
b,blue_ramp,ramp,0.0,1.3,0.0,1.0220161141039417,981.6085490987236,False,settled
b,blue_ramp,ramp,0.0,1.3,0.0,1.0846755547973708,959.5607609289165,False,settled
b,blue_ramp,ramp,0.0,1.3,0.0,1.1283828136693865,941.5288926993032,False,settled
b,blue_ramp,ramp,0.0,1.3,0.0,1.6121643341878438,813.8290581180353,False,settled
b,blue_ramp,ramp,0.0,1.3,0.0,0.768671934875296,1073.7802678246037,False,settled
b,blue_ramp,ramp,0.0,1.3,0.0,1.0326401204014704,973.3388942165597,False,settled
b,blue_ramp,ramp,0.0,1.3,0.0,1.1330340047721479,945.9980254439797,False,settled
b,blue_ramp,ramp,0.0,1.3,0.0,0.9038995172246866,1020.6565097797243,False,settled
b,blue_ramp,ramp,0.0,1.3,0.0,1.0835573748525844,960.2348758212162,False,settled
b,blue_ramp,ramp,0.0,1.3,0.0,1.6068336445670006,814.0201512914061,False,settled
b,blue_ramp,ramp,0.0,1.3,0.0,1.0340029262140067,972.1849747204914,False,settled
b,blue_ramp,ramp,0.0,1.3,0.0,0.96207096754905,998.0325789061839,False,settled
b,blue_ramp,ramp,0.0,1.3,0.0,1.2049405668697384,923.879946530145,False,settled
b,blue_ramp,ramp,0.0,1.3,0.0,1.5204633979102211,833.2962530105723,False,settled
b,blue_ramp,ramp,0.0,1.3,0.0,1.1962551444446405,923.9599736532862,False,settled
b,blue_ramp,ramp,0.0,1.3,0.0,0.8552465715012149,1036.18783640617,False,settled
b,blue_ramp,ramp,0.0,1.3,0.0,0.7270572955975446,1095.4452562936256,False,settled
b,blue_ramp,ramp,0.0,1.3,0.0,1.6361433898022015,807.3675355372394,False,settled
b,blue_ramp,ramp,0.0,1.3,0.0,1.0122561059113808,989.6278020857887,False,settled
b,blue_ramp,ramp,0.0,1.3,0.0,1.3034438712379504,889.6179242376444,False,settled
b,blue_ramp,ramp,0.0,1.3,0.0,1.2619385370594522,901.5443073963341,False,settled
b,blue_ramp,ramp,0.0,1.3,0.0,1.289957991927847,895.7279252080978,False,settled
b,blue_ramp,ramp,0.0,1.3,0.0,0.7322825175572775,1085.7311810068031,False,settled
b,blue_ramp,ramp,0.0,1.3,0.0,1.6359203200761154,807.9263497622386,False,settled
b,blue_ramp,ramp,0.0,1.3,0.0,1.099745069972028,956.0208817135914,False,settled
b,blue_ramp,ramp,0.0,1.3,0.0,1.6391160811163796,806.6956966445991,False,settled
b,blue_ramp,ramp,0.0,1.3,0.0,1.5818724913842344,821.1457058157519,False,settled
b,blue_ramp,ramp,0.0,1.3,0.0,1.6685084410748945,799.5828062234891,False,settled
b,blue_ramp,ramp,0.0,1.3,0.0,0.8060437757695114,1056.9542940763743,False,settled
b,blue_ramp,ramp,0.0,1.3,0.0,1.6202720430806137,811.7279762804817,False,settled
b,blue_ramp,ramp,0.0,1.3,0.0,1.4914443477438264,843.0806292219842,False,settled
b,blue_ramp,ramp,0.0,1.3,0.0,0.8442885943752632,1042.578533984515,False,settled
b,blue_ramp,ramp,0.0,1.3,0.0,1.0046492169767414,984.5895233054399,False,settled
b,blue_ramp,ramp,0.0,1.3,0.0,1.1162797169784608,951.1753130791826,False,settled
b,blue_ramp,ramp,0.0,1.3,0.0,1.6511162427493933,803.8366970075923,False,settled
b,blue_ramp,ramp,0.0,1.3,0.0,1.0167494450313865,985.9220061440325,False,settled
b,blue_ramp,ramp,0.0,1.3,0.0,1.4048013479503887,863.9978493137342,False,settled
b,blue_ramp,ramp,0.0,1.3,0.0,1.1301998737638537,948.3832456891885,False,settled
b,blue_ramp,ramp,0.0,1.3,0.0,0.7350880681165884,1084.6909531406181,False,settled
b,blue_ramp,ramp,0.0,1.3,0.0,1.0939810181144674,960.8892155087558,False,settled
b,blue_ramp,ramp,0.0,1.3,0.0,0.7806100557091882,1079.0785325855356,False,settled
b,blue_ramp,ramp,0.0,1.3,0.0,1.3999077780319609,861.7674117371553,False,settled
b,blue_ramp,ramp,0.0,1.3,0.0,1.354953530136872,875.1831958886175,False,settled
b,blue_ramp,ramp,0.0,1.3,0.0,0.7881243024201683,1073.6711266969082,False,settled
b,blue_ramp,ramp,0.0,1.3,0.0,0.8010884341067267,1057.5614677710096,False,settled
b,blue_ramp,ramp,0.0,1.3,0.0,1.3693448520049198,871.4714851475746,False,settled
b,blue_ramp,ramp,0.0,1.3,0.0,1.101117118451268,954.8697731525327,False,settled
b,blue_ramp,ramp,0.0,1.3,0.0,0.9754442787863398,998.3188185698498,False,settled
b,blue_ramp,ramp,0.0,1.3,0.0,1.34452836300865,879.4795355823098,False,settled
b,blue_ramp,ramp,0.0,1.3,0.0,1.1119198006038145,954.8831242013125,False,settled
b,blue_ramp,ramp,0.0,1.3,0.0,1.090022418706837,955.1317280099099,False,settled
b,blue_ramp,ramp,0.0,1.3,0.0,1.1851490040960466,925.7732543997754,False,settled
b,blue_ramp,ramp,0.0,1.3,0.0,0.8964031777852149,1026.5913889777487,False,settled
b,blue_ramp,ramp,0.0,1.3,0.0,0.7784550650857016,1066.6113805063858,False,settled
b,blue_ramp,ramp,0.0,1.3,0.0,1.280251733074657,898.1230644777418,False,settled
b,blue_ramp,ramp,0.0,1.3,0.0,1.539801654622683,831.44418952608,False,settled
b,blue_ramp,ramp,0.0,1.3,0.0,1.3261945749920239,885.6680119029287,False,settled
b,blue_ramp,ramp,0.0,1.3,0.0,0.7898352988031873,1072.8089268067831,False,settled
b,blue_ramp,ramp,0.0,1.3,0.0,0.8160050172745529,1064.4137488698696,False,settled
b,blue_ramp,ramp,0.0,1.3,0.0,0.8222751459178868,1059.438982009269,False,settled
b,blue_ramp,ramp,0.0,1.3,0.0,0.8191756479822266,1061.8901906604426,False,settled
b,blue_ramp,ramp,0.0,1.3,0.0,1.1923095806268837,927.4398110572446,False,settled
b,blue_ramp,ramp,0.0,1.3,0.0,1.1083066185328405,949.1160591683736,False,settled
b,blue_ramp,ramp,0.0,1.3,0.0,1.649757242284246,805.2290357260333,False,settled
b,blue_ramp,ramp,0.0,1.3,0.0,0.703300111894344,1104.1444885263302,False,settled
b,blue_ramp,ramp,0.0,1.3,0.0,0.7620847797505982,1077.633869976907,False,settled
b,blue_ramp,ramp,0.0,1.3,0.0,1.205514616173355,923.6290786960308,False,settled
b,blue_ramp,ramp,0.0,1.3,0.0,1.1509664059680378,936.8221383354061,False,settled
b,blue_ramp,ramp,0.0,1.3,0.0,1.4996575233460023,841.2583667146653,False,settled
b,blue_ramp,ramp,0.0,1.3,0.0,1.464752526128914,844.5888171045932,False,settled
b,blue_ramp,ramp,0.0,1.3,0.0,1.3936505836914186,863.0331356932294,False,settled
b,blue_ramp,ramp,0.0,1.3,0.0,1.3927609532576617,863.8512025307684,False,settled
b,blue_ramp,ramp,0.0,1.3,0.0,0.7115268090661734,1094.9002400262953,False,settled
b,blue_ramp,ramp,0.0,1.3,0.0,1.5342260178245124,832.6475034124506,False,settled
b,blue_ramp,ramp,0.0,1.3,0.0,0.9525976523335734,1005.3132447654549,False,settled
b,blue_ramp,ramp,0.0,1.3,0.0,0.8200632717825933,1061.187454048425,False,settled
b,blue_ramp,ramp,0.0,1.3,0.0,1.3796168363409225,866.8863419140255,False,settled
b,blue_ramp,ramp,0.0,1.3,0.0,1.174792718427191,926.8141988920481,False,settled
b,blue_ramp,ramp,0.0,1.3,0.0,0.9554700353006139,1003.0090746376908,False,settled
b,blue_ramp,ramp,0.0,1.3,0.0,0.9218796022770112,1020.5693030445887,False,settled
b,blue_ramp,ramp,0.0,1.3,0.0,0.7547913140714808,1077.2736370448206,False,settled
b,blue_ramp,ramp,0.0,1.3,0.0,1.1027626641323123,953.7478512374721,False,settled
b,blue_ramp,ramp,0.0,1.3,0.0,0.8623337625640597,1035.095918854147,False,settled
b,blue_ramp,ramp,0.0,1.3,0.0,0.7361563731868829,1087.0592799103258,False,settled
b,blue_ramp,ramp,0.0,1.3,0.0,1.4754747716565522,844.5047357993244,False,settled
b,blue_ramp,ramp,0.0,1.3,0.0,0.9613033346121095,998.6450843466705,False,settled
b,blue_ramp,ramp,0.0,1.3,0.0,0.789792256513724,1072.8146133719308,False,settled
b,blue_ramp,ramp,0.0,1.3,0.0,0.9057108736729502,1019.3720556323477,False,settled
b,blue_ramp,ramp,0.0,1.3,0.0,1.6336749170436904,808.2087689977635,False,settled
b,blue_ramp,ramp,0.0,1.3,0.0,1.1082848546292947,949.1341548828889,False,settled
b,blue_ramp,ramp,0.0,1.3,0.0,1.332363743010595,879.9687788835505,False,settled
b,blue_ramp,ramp,0.0,1.3,0.0,1.5929049186540694,818.6041495592953,False,settled
b,blue_ramp,ramp,0.0,1.3,0.0,1.6326878868654542,808.2407528514892,False,settled
b,blue_ramp,ramp,0.0,1.3,0.0,1.3399305435100002,878.4561368393043,False,settled
b,blue_ramp,ramp,0.0,1.3,0.0,1.0158943423399178,986.627193124321,False,settled
b,blue_ramp,ramp,0.0,1.3,0.0,1.5560135657954715,827.976387926608,False,settled
b,blue_ramp,ramp,0.0,1.3,0.0,0.7120809770053735,1097.0869856456068,False,settled
b,blue_ramp,ramp,0.0,1.3,0.0,1.535776519122349,831.5557243701614,False,settled
b,blue_ramp,ramp,0.0,1.3,0.0,1.1494119251857298,937.27832380881,False,settled
b,blue_ramp,ramp,0.0,1.3,0.0,1.182612980905249,927.9794979820738,False,settled
b,blue_ramp,ramp,0.0,1.3,0.0,0.8629494814094016,1035.00476149074,False,settled
b,blue_ramp,ramp,0.0,1.3,0.0,0.8376927587812895,1047.6106078224316,False,settled
b,blue_ramp,ramp,0.0,1.3,0.0,1.442219611008003,852.9497317857063,False,settled
b,blue_ramp,ramp,0.0,1.3,0.0,1.1621925322491293,937.3485659617837,False,settled
b,blue_ramp,ramp,0.0,1.3,0.0,1.655339159874181,802.7916560868126,False,settled
b,blue_ramp,ramp,0.0,1.3,0.0,1.461386245520118,848.4951151929392,False,settled
b,blue_ramp,ramp,0.0,1.3,0.0,0.7963087943913438,1071.955431030645,False,settled
b,blue_ramp,ramp,0.0,1.3,0.0,0.9154413096384415,1023.8984345023604,False,settled
b,blue_ramp,ramp,0.0,1.3,0.0,1.589394501201832,819.3503433576132,False,settled
b,blue_ramp,ramp,0.0,1.3,0.0,1.6599186233210768,801.415151374631,False,settled
b,blue_ramp,ramp,0.0,1.3,0.0,1.1452636309510207,938.4957025862686,False,settled
b,blue_ramp,ramp,0.0,1.3,0.0,1.6779486539922335,797.8182015771235,False,settled
b,blue_ramp,ramp,0.0,1.3,0.0,1.1990439277813822,921.5151358058247,False,settled
b,blue_ramp,ramp,0.0,1.3,0.0,1.2546954278207036,908.1035113849769,False,settled
b,blue_ramp,ramp,0.0,1.3,0.0,0.6939645519045801,1109.3051288118115,False,settled
b,blue_ramp,ramp,0.0,1.3,0.0,1.5092583042365084,838.6690536164028,False,settled
b,blue_ramp,ramp,0.0,1.3,0.0,0.8219803325900138,1059.6721163759714,False,settled
b,blue_ramp,ramp,0.0,1.3,0.0,0.7902340107398405,1072.7563550280595,False,settled
b,blue_ramp,ramp,0.0,1.3,0.0,1.530424005756799,834.6654188573315,False,settled
b,blue_ramp,ramp,0.0,1.3,0.0,0.790411976761198,1072.7329038915057,False,settled
b,blue_ramp,ramp,0.0,1.3,0.0,1.4971554758789132,840.6673589787725,False,settled
b,blue_ramp,ramp,0.0,1.3,0.0,1.3561858292705256,873.8740117924074,False,settled
b,blue_ramp,ramp,0.0,1.3,0.0,1.1970030153259712,923.304314359004,False,settled
b,blue_ramp,ramp,0.0,1.3,0.0,0.8030356668483646,1057.2349385141017,False,settled
b,blue_ramp,ramp,0.0,1.3,0.0,0.8880721416443755,1033.2302946788227,False,settled
b,blue_ramp,ramp,0.0,1.3,0.0,1.5065417224138073,838.221847704977,False,settled
b,blue_ramp,ramp,0.0,1.3,0.0,0.7848452163460147,1075.7411576068264,False,settled
b,blue_ramp,ramp,0.0,1.3,0.0,0.9603277634581822,999.4201441310015,False,settled
b,blue_ramp,ramp,0.0,1.3,0.0,1.5571794379239763,826.0892414443707,False,settled
b,blue_ramp,ramp,0.0,1.3,0.0,0.8910853765977428,1030.826445860282,False,settled
b,blue_ramp,ramp,0.0,1.3,0.0,1.6094038305628644,814.2918929720473,False,settled
b,blue_ramp,ramp,0.0,1.3,0.0,1.312086694267131,889.6320058942919,False,settled
b,blue_ramp,ramp,0.0,1.3,0.0,1.4734126579294913,847.4080311658169,False,settled
b,blue_ramp,ramp,0.0,1.3,0.0,1.1147628040603959,952.4616970579376,False,settled
b,blue_ramp,ramp,0.0,1.3,0.0,1.1768172938576233,932.8028010168091,False,settled
b,blue_ramp,ramp,0.0,1.3,0.0,0.756472481970776,1076.8203999421241,False,settled
b,blue_ramp,ramp,0.0,1.3,0.0,1.455032889848149,847.2699640939455,False,settled
b,blue_ramp,ramp,0.0,1.3,0.0,0.8477178978961118,1039.8487444167183,False,settled
b,blue_ramp,ramp,0.0,1.3,0.0,1.2943498544558316,891.7721647713613,False,settled
b,blue_ramp,ramp,0.0,1.3,0.0,0.9088073612025438,1016.914631930005,False,settled
b,blue_ramp,ramp,0.0,1.3,0.0,0.7410133875690774,1087.376577130358,False,settled
b,blue_ramp,ramp,0.0,1.3,0.0,1.3298397949731164,882.1103102178542,False,settled
b,blue_ramp,ramp,0.0,1.3,0.0,1.3013970937017336,891.5423539616014,False,settled
b,blue_ramp,ramp,0.0,1.3,0.0,0.6979732837836957,1113.3618996162404,False,settled
b,blue_ramp,ramp,0.0,1.3,0.0,1.1748878639123557,926.7389714563357,False,settled
b,blue_ramp,ramp,0.0,1.3,0.0,1.2456129443506996,909.3291017922145,False,settled
b,blue_ramp,ramp,0.0,1.3,0.0,0.9005708439351837,1023.2876427465067,False,settled
b,blue_ramp,ramp,0.0,1.3,0.0,0.7577807420319008,1076.6086303518334,False,settled
b,blue_ramp,ramp,0.0,1.3,0.0,1.6857020896325654,793.2408582172066,False,settled
b,blue_ramp,ramp,0.0,1.3,0.0,0.8827790310598803,1037.2287313141665,False,settled
b,blue_ramp,ramp,0.0,1.3,0.0,0.7754146197002569,1068.8400146997762,False,settled
b,blue_ramp,ramp,0.0,1.3,0.0,1.652433006668728,804.3740174530072,False,settled
b,blue_ramp,ramp,0.0,1.3,0.0,1.1434912127096382,939.0161116639557,False,settled
b,blue_ramp,ramp,0.0,1.3,0.0,1.632888890018751,808.5123034631624,False,settled
b,blue_ramp,ramp,0.0,1.3,0.0,0.7445651421268618,1084.8419181203321,False,settled
b,blue_ramp,ramp,0.0,1.3,0.0,1.2905588300349173,895.1756828823602,False,settled
b,blue_ramp,ramp,0.0,1.3,0.0,1.2656076606484412,904.9711456026371,False,settled
b,blue_ramp,ramp,0.0,1.3,0.0,0.7973508660655123,1071.8181632406825,False,settled
b,blue_ramp,ramp,0.0,1.3,0.0,1.489435581764537,844.1614407983096,False,settled
b,blue_ramp,ramp,0.0,1.3,0.0,1.3248729925857234,886.9617958047759,False,settled
b,blue_ramp,ramp,0.0,1.3,0.0,0.7149088284796038,1104.7511234928886,False,settled
b,blue_ramp,ramp,0.0,1.3,0.0,0.7563681007752284,1076.6673634059075,False,settled
b,blue_ramp,ramp,0.0,1.3,0.0,1.3942456144093007,867.2302994127579,False,settled
b,blue_ramp,ramp,0.0,1.3,0.0,1.5947003176606747,818.0728394414707,False,settled
b,blue_ramp,ramp,0.0,1.3,0.0,0.785296517386563,1075.3853803526745,False,settled
b,blue_ramp,ramp,0.0,1.3,0.0,0.7697297757558632,1073.032193032894,False,settled
b,blue_ramp,ramp,0.0,1.3,0.0,1.6272928363049728,809.1137163856646,False,settled
b,blue_ramp,ramp,0.0,1.3,0.0,0.7275576519487806,1096.5393172794923,False,settled
b,blue_ramp,ramp,0.0,1.3,0.0,1.015147988209968,987.2426926847171,False,settled
b,blue_ramp,ramp,0.0,1.3,0.0,0.8436106462780922,1043.013727650631,False,settled
b,blue_ramp,ramp,0.0,1.3,0.0,1.5104209027184392,838.057381458813,False,settled
b,blue_ramp,ramp,0.0,1.3,0.0,1.3288071288194376,883.1181644202591,False,settled
b,blue_ramp,ramp,0.0,1.3,0.0,1.35128140245213,878.5133115431046,False,settled
b,blue_ramp,ramp,0.0,1.3,0.0,0.8297893620296773,1053.791860199584,False,settled
b,blue_ramp,ramp,0.0,1.3,0.0,0.7526322693206007,1081.1735937029844,False,settled
b,blue_ramp,ramp,0.0,1.3,0.0,1.4780306343842193,846.0076633680674,False,settled
b,blue_ramp,ramp,0.0,1.3,0.0,0.8552982972126529,1036.1801558168002,False,settled
b,blue_ramp,ramp,0.0,1.3,0.0,1.3862182784531656,865.3938490135662,False,settled
b,blue_ramp,ramp,0.0,1.3,0.0,0.8347968398750979,1049.875307925365,False,settled
b,blue_ramp,ramp,0.0,1.3,0.0,1.4188373174646371,860.0324078159847,False,settled
b,blue_ramp,ramp,0.0,1.3,0.0,1.3501588932247701,879.6387500068004,False,settled
b,blue_ramp,ramp,0.0,1.3,0.0,1.021682985110208,981.8810352333148,False,settled
b,blue_ramp,ramp,0.0,1.3,0.0,0.7222013000134991,1089.3931480741312,False,settled
b,blue_ramp,ramp,0.0,1.3,0.0,1.491483423339672,843.0288585671817,False,settled
b,blue_ramp,ramp,0.0,1.3,0.0,0.7447884372295424,1084.6211148280322,False,settled
b,blue_ramp,ramp,0.0,1.3,0.0,0.9913998051069474,987.3858171521451,False,settled
b,blue_ramp,ramp,0.0,1.3,0.0,1.1959995172323807,924.1840721849776,False,settled
b,blue_ramp,ramp,0.0,1.3,0.0,1.0771011993958548,964.7453780247218,False,settled
b,blue_ramp,ramp,0.0,1.3,0.0,0.7004937156292416,1102.575382696625,False,settled
b,blue_ramp,ramp,0.0,1.3,0.0,1.4183580797697461,856.0580419062861,False,settled
b,blue_ramp,ramp,0.0,1.3,0.0,1.328934479033145,882.9936906263167,False,settled
b,blue_ramp,ramp,0.0,1.3,0.0,0.8058832351659788,1056.9728176063097,False,settled
b,blue_ramp,ramp,0.0,1.3,0.0,1.4893737852207265,844.2422015021593,False,settled
b,blue_ramp,ramp,0.0,1.3,0.0,0.9101204072607735,1015.9112148898373,False,settled
b,blue_ramp,ramp,0.0,1.3,0.0,0.7031052360329125,1104.6265462132842,False,settled
b,blue_ramp,ramp,0.0,1.3,0.0,0.7148891685019176,1104.5997413800042,False,settled
b,blue_ramp,ramp,0.0,1.3,0.0,1.2025969490152386,918.4281222567641,False,settled
b,blue_ramp,ramp,0.0,1.3,0.0,0.7263224024365187,1095.0106868284945,False,settled
b,blue_ramp,ramp,0.0,1.3,0.0,0.7045383517528571,1112.213586872042,False,settled
b,blue_ramp,ramp,0.0,1.3,0.0,1.2410440207923976,906.4344639870538,False,settled
b,blue_ramp,ramp,0.0,1.3,0.0,1.4834050554573566,844.9932638355378,False,settled
b,blue_ramp,ramp,0.0,1.3,0.0,0.9636221886549495,996.8280393611645,False,settled
b,blue_ramp,ramp,0.0,1.3,0.0,1.1439246682028559,938.8888867548327,False,settled
b,blue_ramp,ramp,0.0,1.3,0.0,1.3308570386751308,881.3954075313885,False,settled
b,blue_ramp,ramp,0.0,1.3,0.0,1.6906654147787623,790.5857258157047,False,settled
b,blue_ramp,ramp,0.0,1.3,0.0,0.802459239961657,1057.3029031768685,False,settled
b,blue_ramp,ramp,0.0,1.3,0.0,0.9910149805113853,987.4734091205473,False,settled
b,blue_ramp,ramp,0.0,1.3,0.0,1.659693060500858,801.907549497664,False,settled
b,blue_ramp,ramp,0.0,1.3,0.0,1.6106754715289844,813.5061872275646,False,settled
b,blue_ramp,ramp,0.0,1.3,0.0,0.9127173999774485,1026.0586624325751,False,settled
b,blue_ramp,ramp,0.0,1.3,0.0,1.4564305830982194,850.4282467338941,False,settled
b,blue_ramp,ramp,0.0,1.3,0.0,1.43769609496375,853.4850194394596,False,settled
b,blue_ramp,ramp,0.0,1.3,0.0,1.4565402868871005,849.5941177425041,False,settled
b,blue_ramp,ramp,0.0,1.3,0.0,1.0235948666236434,980.3171057102012,False,settled
b,blue_ramp,ramp,0.0,1.3,0.0,1.1627355560261652,936.8765363420927,False,settled
b,blue_ramp,ramp,0.0,1.3,0.0,0.8621695620474146,1035.1202313088393,False,settled
b,blue_ramp,ramp,0.0,1.3,0.0,0.9225250546831368,1020.4481699287977,False,settled
b,blue_ramp,ramp,0.0,1.3,0.0,0.9370253594038725,1006.2662487236096,False,settled
b,blue_ramp,ramp,0.0,1.3,0.0,1.1939998743958105,925.9455802103724,False,settled
b,blue_ramp,ramp,0.0,1.3,0.0,1.6415572422553109,806.6908476557713,False,settled
b,blue_ramp,ramp,0.0,1.3,0.0,1.5083897375329578,838.283105406873,False,settled
b,blue_ramp,ramp,0.0,1.3,0.0,1.1247183231270383,944.4507854537642,False,settled
b,blue_ramp,ramp,0.0,1.3,0.0,0.8683832400459424,1034.120763828839,False,settled
b,blue_ramp,ramp,0.0,1.3,0.0,1.432153387034394,855.0575353197471,False,settled
b,blue_ramp,ramp,0.0,1.3,0.0,1.289064862599536,896.5472937121349,False,settled
b,blue_ramp,ramp,0.0,1.3,0.0,1.2539924297462817,908.750928311671,False,settled
b,blue_ramp,ramp,0.0,1.3,0.0,1.4315543915563773,855.7298418193582,False,settled
b,blue_ramp,ramp,0.0,1.3,0.0,1.171572718680626,929.5592754122831,False,settled
b,blue_ramp,ramp,0.0,1.3,0.0,0.9760550734340455,997.8423466585118,False,settled
b,blue_ramp,ramp,0.0,1.3,0.0,0.8178269247644796,1062.9638583817075,False,settled
b,blue_ramp,ramp,0.0,1.3,0.0,1.3640373885328019,871.6037193356641,False,settled
b,blue_ramp,ramp,0.0,1.3,0.0,1.2683624991550562,902.4169024609583,False,settled
b,blue_ramp,ramp,0.0,1.3,0.0,1.5494056090698358,828.2415686887697,False,settled
b,blue_ramp,ramp,0.0,1.3,0.0,1.1780136615624295,931.7544809526411,False,settled
b,blue_ramp,ramp,0.0,1.3,0.0,1.5484319655604641,829.8084915085536,False,settled
b,blue_ramp,ramp,0.0,1.3,0.0,1.1535332827101783,936.0761504704096,False,settled
b,blue_ramp,ramp,0.0,1.3,0.0,0.896119792055806,1026.8170782557388,False,settled
b,blue_ramp,ramp,0.0,1.3,0.0,1.2477172478542657,907.4111770899402,False,settled
b,blue_ramp,ramp,0.0,1.3,0.0,1.24018295186703,907.0939421487961,False,settled
b,blue_ramp,ramp,0.0,1.3,0.0,0.9085214529084,1017.1291817033854,False,settled
b,blue_ramp,ramp,0.0,1.3,0.0,1.0025582996990179,985.0259358161242,False,settled
b,blue_ramp,ramp,0.0,1.3,0.0,1.286203191725652,899.1808195456955,False,settled
b,blue_ramp,ramp,0.0,1.3,0.0,1.5120878301943923,838.3828884279553,False,settled
b,blue_ramp,ramp,0.0,1.3,0.0,1.6816076028630647,794.3442871181636,False,settled
b,blue_ramp,ramp,0.0,1.3,0.0,0.8601949453474402,1035.3394945036473,False,settled
b,blue_ramp,ramp,0.0,1.3,0.0,0.8436234164125462,1043.0038203576732,False,settled
b,blue_ramp,ramp,0.0,1.3,0.0,1.4762092231898873,843.6213372954824,False,settled
b,blue_ramp,ramp,0.0,1.3,0.0,0.7106513108241502,1105.5556221713796,False,settled
b,blue_ramp,ramp,0.0,1.3,0.0,0.8867156245009115,1034.3186753368198,False,settled
b,blue_ramp,ramp,0.0,1.3,0.0,0.9634236763667482,997.0579102168335,False,settled
b,blue_ramp,ramp,0.0,1.3,0.0,0.7029973976263115,1103.9495755147725,False,settled
b,blue_ramp,ramp,0.0,1.3,0.0,1.0638034299442052,968.133973265243,False,settled
b,blue_ramp,ramp,0.0,1.3,0.0,1.1152824831028127,952.0190716278601,False,settled
b,blue_ramp,ramp,0.0,1.3,0.0,1.5777764084244295,821.3491765468161,False,settled
b,blue_ramp,ramp,0.0,1.3,0.0,1.6231212998025584,810.7897827421358,False,settled
b,blue_ramp,ramp,0.0,1.3,0.0,0.7017717020252529,1111.232718461135,False,settled
b,blue_ramp,ramp,0.0,1.3,0.0,1.5986055906072014,816.9479585746102,False,settled
b,blue_ramp,ramp,0.0,1.3,0.0,0.8917351396455163,1030.3089099637511,False,settled
b,blue_ramp,ramp,0.0,1.3,0.0,1.0147617198871073,987.5612368271129,False,settled
b,blue_ramp,ramp,0.0,1.3,0.0,1.491827953524661,842.5162572594722,False,settled
b,blue_ramp,ramp,0.0,1.3,0.0,0.8952893047993237,1027.4784569389246,False,settled
b,blue_ramp,ramp,0.0,1.3,0.0,1.3734860553823531,872.7033709950348,False,settled
b,blue_ramp,ramp,0.0,1.3,0.0,0.7373036729279494,1088.1904660010603,False,settled
b,blue_ramp,ramp,0.0,1.3,0.0,0.7594781985396468,1077.5947527566418,False,settled
b,blue_ramp,ramp,0.0,1.3,0.0,1.309006191622711,890.9443853631064,False,settled
b,blue_ramp,ramp,0.0,1.3,0.0,0.8839206409672881,1036.5610710023689,False,settled
b,blue_ramp,ramp,0.0,1.3,0.0,1.584749996056372,818.9680607045009,False,settled
b,blue_ramp,ramp,0.0,1.3,0.0,0.8191980774705624,1061.8723331107024,False,settled
b,blue_ramp,ramp,0.0,1.3,0.0,0.7400003834379524,1084.3501280482624,False,settled
b,blue_ramp,ramp,0.0,1.3,0.0,0.7590991670217039,1077.3551077736806,False,settled
b,blue_ramp,ramp,0.0,1.3,0.0,1.124487914843308,944.6437453271408,False,settled
b,blue_ramp,ramp,0.0,1.3,0.0,1.6887710926025818,791.8851138219865,False,settled
b,blue_ramp,ramp,0.0,1.3,0.0,1.0489360395032836,970.1165574479318,False,settled
b,blue_ramp,ramp,0.0,1.3,0.0,0.8558299120430112,1036.0934992712032,False,settled
b,blue_ramp,ramp,0.0,1.3,0.0,1.5766305555815097,822.6498417882709,False,settled
b,blue_ramp,ramp,0.0,1.3,0.0,1.2161777857251974,914.3642816611481,False,settled
b,blue_ramp,ramp,0.0,1.3,0.0,0.9256063013753137,1019.8692021245843,False,settled
b,blue_ramp,ramp,0.0,1.3,0.0,0.9821459213945462,993.0332775516589,False,settled
b,blue_ramp,ramp,0.0,1.3,0.0,0.7544492115062559,1077.5184255903457,False,settled
b,blue_ramp,ramp,0.0,1.3,0.0,0.8854644766042894,1035.32241642751,False,settled
b,blue_ramp,ramp,0.0,1.3,0.0,0.976489104941256,997.500431435624,False,settled
b,blue_ramp,ramp,0.0,1.3,0.0,1.6089818941125054,814.3962168578108,False,settled
b,blue_ramp,ramp,0.0,1.3,0.0,1.1596467205802947,931.5889453025072,False,settled
b,blue_ramp,ramp,0.0,1.3,0.0,1.5304906581689417,834.5658075395578,False,settled
b,blue_ramp,ramp,0.0,1.3,0.0,0.8382746332822266,1047.1555601503933,False,settled
b,blue_ramp,ramp,0.0,1.3,0.0,0.8648042389611871,1034.7316144725105,False,settled
b,blue_ramp,ramp,0.0,1.3,0.0,1.0207300147703038,982.6605221198072,False,settled
b,blue_ramp,ramp,0.0,1.3,0.0,0.9931575803810305,986.9551496521754,False,settled
b,blue_ramp,ramp,0.0,1.3,0.0,0.9281672340414951,1019.3877956304717,False,settled
b,blue_ramp,ramp,0.0,1.3,0.0,1.6065426151025517,814.8358056521356,False,settled
b,blue_ramp,ramp,0.0,1.3,0.0,1.0833945386805874,960.3712080848799,False,settled
b,blue_ramp,ramp,0.0,1.3,0.0,1.2150079289671256,915.3806067103008,False,settled
b,blue_ramp,ramp,0.0,1.3,0.0,0.7805269439208745,1079.143987366123,False,settled
b,blue_ramp,ramp,0.0,1.3,0.0,1.003432169626806,984.8434262943481,False,settled
b,blue_ramp,ramp,0.0,1.3,0.0,1.4183080891862414,856.1119745962651,False,settled
b,blue_ramp,ramp,0.0,1.3,0.0,0.971360339136588,1001.5712814860393,False,settled
b,blue_ramp,ramp,0.0,1.3,0.0,0.7401527760750374,1084.6786268268388,False,settled
b,blue_ramp,ramp,0.0,1.3,0.0,1.5746226105310412,823.0107117195896,False,settled
b,blue_ramp,ramp,0.0,1.3,0.0,0.7292471988829174,1094.8880941955324,False,settled
b,blue_ramp,ramp,0.0,1.3,0.0,1.2397228337099697,907.5035357284564,False,settled
b,blue_ramp,ramp,0.0,1.3,0.0,0.7716050972210794,1071.7034372281719,False,settled
b,blue_ramp,ramp,0.0,1.3,0.0,1.2210171730422676,917.5921353071759,False,settled
b,blue_ramp,ramp,0.0,1.3,0.0,0.6932269207678727,1115.886949930013,False,settled
b,blue_ramp,ramp,0.0,1.3,0.0,1.0229242993490033,980.8655573244479,False,settled
b,blue_ramp,ramp,0.0,1.3,0.0,1.5535038839217008,828.6265876806694,False,settled
b,blue_ramp,ramp,0.0,1.3,0.0,0.9174585903406843,1022.2990860331361,False,settled
b,blue_ramp,ramp,0.0,1.3,0.0,1.3588060372213824,876.616404312712,False,settled
b,blue_ramp,ramp,0.0,1.3,0.0,1.6285465948492848,809.8808749471294,False,settled
b,blue_ramp,ramp,0.0,1.3,0.0,1.1267033775031494,942.7485506454001,False,settled
b,blue_ramp,ramp,0.0,1.3,0.0,0.9423984873249454,1013.5348081200659,False,settled
b,blue_ramp,ramp,0.0,1.3,0.0,1.6841442294983007,793.5145263757951,False,settled
b,blue_ramp,ramp,0.0,1.3,0.0,1.0412379754192398,976.1025670014068,False,settled
b,blue_ramp,ramp,0.0,1.3,0.0,0.9887118343309761,988.2564323586078,False,settled
b,blue_ramp,ramp,0.0,1.3,0.0,1.675780984688382,797.2239302383172,False,settled
b,blue_ramp,ramp,0.0,1.3,0.0,1.522397330549302,835.3194321417279,False,settled
b,blue_ramp,ramp,0.0,1.3,0.0,1.404528808353426,864.1435047364671,False,settled
b,blue_ramp,ramp,0.0,1.3,0.0,1.645050102278416,805.0510629992677,False,settled
b,blue_ramp,ramp,0.0,1.3,0.0,1.2329833820317122,912.6860304827954,False,settled
b,blue_ramp,ramp,0.0,1.3,0.0,1.4655293548938146,848.3235325396918,False,settled
b,blue_ramp,ramp,0.0,1.3,0.0,1.005594597254516,984.3922952819751,False,settled
b,blue_ramp,ramp,0.0,1.3,0.0,0.713927020976654,1101.0334317018878,False,settled
b,blue_ramp,ramp,0.0,1.3,0.0,1.4921113071357381,842.1605102851161,False,settled
b,blue_ramp,ramp,0.0,1.3,0.0,0.8437304256065223,1042.9208007972977,False,settled
b,blue_ramp,ramp,0.0,1.3,0.0,0.7251184937763946,1093.087165579406,False,settled
b,blue_ramp,ramp,0.0,1.3,0.0,1.1315388929546821,947.2549363211699,False,settled
b,blue_ramp,ramp,0.0,1.3,0.0,0.7024457716833786,1100.5132317703521,False,settled
b,blue_ramp,ramp,0.0,1.3,0.0,1.2129040613754374,917.1987303162147,False,settled
b,blue_ramp,ramp,0.0,1.3,0.0,0.9137773477547918,1025.2178458696794,False,settled
b,blue_ramp,ramp,0.0,1.3,0.0,1.5420136951110304,829.2941986547982,False,settled
b,blue_ramp,ramp,0.0,1.3,0.0,0.9834100913750732,992.0380987785326,False,settled
b,blue_ramp,ramp,0.0,1.3,0.0,0.8308965765107292,1052.926016653333,False,settled
b,blue_ramp,ramp,0.0,1.3,0.0,0.8990214612845648,1024.5122908511785,False,settled
b,blue_ramp,ramp,0.0,1.3,0.0,1.3664356954318577,874.4469571597616,False,settled
b,blue_ramp,ramp,0.0,1.3,0.0,1.3369663325271142,881.0878068996502,False,settled
b,blue_ramp,ramp,0.0,1.3,0.0,0.8503579643741319,1037.8613848688724,False,settled
b,blue_ramp,ramp,0.0,1.3,0.0,1.5221460656966115,835.6851601001192,False,settled
b,blue_ramp,ramp,0.0,1.3,0.0,0.8413174640580199,1044.7932926983983,False,settled
b,blue_ramp,ramp,0.0,1.3,0.0,1.153681813167826,936.0331581116814,False,settled
b,blue_ramp,ramp,0.0,1.3,0.0,0.7835827969253841,1076.7363649766373,False,settled
b,blue_ramp,ramp,0.0,1.3,0.0,1.4282558013112843,854.7585123375773,False,settled
b,blue_ramp,ramp,0.0,1.3,0.0,1.1125636666310965,954.3347408974374,False,settled
b,blue_ramp,ramp,0.0,1.3,0.0,1.3961015888862984,865.2660408567805,False,settled
b,blue_ramp,ramp,0.0,1.3,0.0,0.861458632188982,1035.1523679901425,False,settled
b,blue_ramp,ramp,0.0,1.3,0.0,1.5448488652916634,828.47892177044,False,settled
b,blue_ramp,ramp,0.0,1.3,0.0,1.1969616055305545,923.3406191331268,False,settled
b,blue_ramp,ramp,0.0,1.3,0.0,1.669956182608425,799.8867586846849,False,settled
b,blue_ramp,ramp,0.0,1.3,0.0,1.0508056464591466,968.7065097307878,False,settled
b,blue_ramp,ramp,0.0,1.3,0.0,0.7794993027859014,1065.8181030214034,False,settled
b,blue_ramp,ramp,0.0,1.3,0.0,0.9250900167513914,1019.9662211446498,False,settled
b,blue_ramp,ramp,0.0,1.3,0.0,1.5805206318282998,820.4617996237432,False,settled
b,blue_ramp,ramp,0.0,1.3,0.0,0.9006060055575825,1023.2598460906784,False,settled
b,blue_ramp,ramp,0.0,1.3,0.0,1.47515808678334,846.8036622562048,False,settled
b,blue_ramp,ramp,0.0,1.3,0.0,1.0758896322148366,965.0509601592797,False,settled
b,blue_ramp,ramp,0.0,1.3,0.0,1.1092813472626017,948.3095198874821,False,settled
b,blue_ramp,ramp,0.0,1.3,0.0,1.0831857168624732,960.5460408594018,False,settled
b,blue_ramp,ramp,0.0,1.3,0.0,1.5600495561010022,825.8508477466386,False,settled
b,blue_ramp,ramp,0.0,1.3,0.0,0.8900990971605405,1031.611870716554,False,settled
b,blue_ramp,ramp,0.0,1.3,0.0,1.056696485030775,973.5192182120591,False,settled
b,blue_ramp,ramp,0.0,1.3,0.0,1.3275745088356834,884.3209982327638,False,settled
b,blue_ramp,ramp,0.0,1.3,0.0,0.7109275371581812,1108.718056897532,False,settled
b,blue_ramp,ramp,0.0,1.3,0.0,0.9247915056225238,1020.0223165862996,False,settled
b,blue_ramp,ramp,0.0,1.3,0.0,1.57944766561462,821.5001431954552,False,settled
b,blue_ramp,ramp,0.0,1.3,0.0,0.7186009927713108,1098.7276745231718,False,settled
b,blue_ramp,ramp,0.0,1.3,0.0,0.716791536582386,1094.257008577292,False,settled
b,blue_ramp,ramp,0.0,1.3,0.0,1.5974263119795205,816.5068447733724,False,settled
b,blue_ramp,ramp,0.0,1.3,0.0,0.697475761402591,1105.8610044241448,False,settled
b,blue_ramp,ramp,0.0,1.3,0.0,1.05674112380566,973.4825645549732,False,settled
b,blue_ramp,ramp,0.0,1.3,0.0,1.573538614603927,822.7113326919389,False,settled
b,blue_ramp,ramp,0.0,1.3,0.0,0.8962663592519551,1026.7003522004384,False,settled
b,blue_ramp,ramp,0.0,1.3,0.0,1.3496447013249497,880.158558627016,False,settled
b,blue_ramp,ramp,0.0,1.3,0.0,0.974866531106297,998.7603518753419,False,settled
b,blue_ramp,ramp,0.0,1.3,0.0,0.7092612739259131,1102.7433170268162,False,settled
b,blue_ramp,ramp,0.0,1.3,0.0,1.109235985173967,948.3472320789715,False,settled
b,blue_ramp,ramp,0.0,1.3,0.0,1.2303205791342549,913.6178434764884,False,settled
b,blue_ramp,ramp,0.0,1.3,0.0,1.2461303735794673,908.8560943611178,False,settled
b,blue_ramp,ramp,0.0,1.3,0.0,0.6950821854158954,1110.7160942654994,False,settled
b,blue_ramp,ramp,0.0,1.3,0.0,1.2073454754568547,922.0377191187843,False,settled
b,blue_ramp,ramp,0.0,1.3,0.0,0.8321618506872807,1051.936184924548,False,settled
b,blue_ramp,ramp,0.0,1.3,0.0,1.060287551018084,970.5717563856113,False,settled
b,blue_ramp,ramp,0.0,1.3,0.0,1.2233878468142967,916.0448006056557,False,settled
b,blue_ramp,ramp,0.0,1.3,0.0,1.2985659075396072,894.2056469260597,False,settled
b,blue_ramp,ramp,0.0,1.3,0.0,1.0547241889268961,965.6114880314591,False,settled
b,blue_ramp,ramp,0.0,1.3,0.0,0.9059893961004644,1019.1564642878693,False,settled
b,blue_ramp,ramp,0.0,1.3,0.0,0.6899206213725109,1117.1118869850989,False,settled
b,blue_ramp,ramp,0.0,1.3,0.0,0.749945781218467,1082.773966153476,False,settled
b,blue_ramp,ramp,0.0,1.3,0.0,1.1738011669918917,927.5668524276198,False,settled
b,blue_ramp,ramp,0.0,1.3,0.0,1.0732124349815364,965.7267193098929,False,settled
b,blue_ramp,ramp,0.0,1.3,0.0,1.3525947994044403,877.1965682201736,False,settled
b,blue_ramp,ramp,0.0,1.3,0.0,1.530139159077292,832.6235939459989,False,settled
b,blue_ramp,ramp,0.0,1.3,0.0,0.7289165561444592,1095.1222773288237,False,settled
b,blue_ramp,ramp,0.0,1.3,0.0,1.3455901545321598,878.4216517051229,False,settled
b,blue_ramp,ramp,0.0,1.3,0.0,1.6088606923331283,814.6628602203212,False,settled
b,blue_ramp,ramp,0.0,1.3,0.0,1.6616414576320182,801.7750209170125,False,settled
b,blue_ramp,ramp,0.0,1.3,0.0,1.1940205853739738,925.92727124114,False,settled
b,blue_ramp,ramp,0.0,1.3,0.0,1.5890991989923064,819.9271151112325,False,settled
b,blue_ramp,ramp,0.0,1.3,0.0,1.6704095626158235,799.7450141962713,False,settled
b,blue_ramp,ramp,0.0,1.3,0.0,1.2000123474805073,920.7564774486048,False,settled
b,blue_ramp,ramp,0.0,1.3,0.0,1.071918799386386,966.0576449885147,False,settled
b,blue_ramp,ramp,0.0,1.3,0.0,0.9656324357417078,1006.2221814556358,False,settled
b,blue_ramp,ramp,0.0,1.3,0.0,1.1278110749240597,941.8891111763587,False,settled
b,blue_ramp,ramp,0.0,1.3,0.0,0.8609544568460717,1035.2270294061793,False,settled
b,blue_ramp,ramp,0.0,1.3,0.0,0.773190824471502,1070.6208197855901,False,settled
b,blue_ramp,ramp,0.0,1.3,0.0,0.8923722845878971,1029.8014989982519,False,settled
b,blue_ramp,ramp,0.0,1.3,0.0,1.4737630726690354,846.9743106840625,False,settled
b,blue_ramp,ramp,0.0,1.3,0.0,1.1629832373454891,936.6612354823392,False,settled
b,blue_ramp,ramp,0.0,1.3,0.0,0.8886599261791326,1032.7586649446043,False,settled
b,blue_ramp,ramp,0.0,1.3,0.0,0.9154155320593568,1023.9188732083776,False,settled
b,blue_ramp,ramp,0.0,1.3,0.0,1.1126328769783034,954.2757939298382,False,settled
b,blue_ramp,ramp,0.0,1.3,0.0,1.3070886655679286,892.5104068654836,False,settled
b,blue_ramp,ramp,0.0,1.3,0.0,0.8012617770243889,1057.540988596543,False,settled
b,blue_ramp,ramp,0.0,1.3,0.0,1.5721958631220638,822.5818529631161,False,settled
b,blue_ramp,ramp,0.0,1.3,0.0,1.3839709068245147,867.6812346806593,False,settled
b,blue_ramp,ramp,0.0,1.3,0.0,0.7232337013803636,1091.6164364965143,False,settled
b,blue_ramp,ramp,0.0,1.3,0.0,1.6087320920054933,814.9454393826412,False,settled
b,blue_ramp,ramp,0.0,1.3,0.0,1.6745481838253191,798.5162261889024,False,settled
b,blue_ramp,ramp,0.0,1.3,0.0,1.3600431208171282,875.3584285502691,False,settled
b,blue_ramp,ramp,0.0,1.3,0.0,1.524103937532353,835.3614923069647,False,settled
b,blue_ramp,ramp,0.0,1.3,0.0,1.4608249286054777,849.5761427914365,False,settled
b,blue_ramp,ramp,0.0,1.3,0.0,1.393919779754173,862.767607086566,False,settled
b,blue_ramp,ramp,0.0,1.3,0.0,0.8790174235702803,1027.751502998294,False,settled
b,blue_ramp,ramp,0.0,1.3,0.0,1.6869662593229375,792.3246052057028,False,settled
b,blue_ramp,ramp,0.0,1.3,0.0,0.9525356600355663,1005.3630779853944,False,settled
b,blue_ramp,ramp,0.0,1.3,0.0,0.9326504958891683,1018.5454538873448,False,settled
b,blue_ramp,ramp,0.0,1.3,0.0,1.3704137709740138,870.726755912764,False,settled
b,blue_ramp,ramp,0.0,1.3,0.0,1.1208539323925928,947.5650522304711,False,settled
b,blue_ramp,ramp,0.0,1.3,0.0,0.7137382701946152,1100.603699430746,False,settled
b,blue_ramp,ramp,0.0,1.3,0.0,0.9131420080129897,1025.7219050523076,False,settled
b,blue_ramp,ramp,0.0,1.3,0.0,0.9431744541803921,1012.9059730070444,False,settled
b,blue_ramp,ramp,0.0,1.3,0.0,1.5345166174916218,833.4179473274144,False,settled
b,blue_ramp,ramp,0.0,1.3,0.0,0.8811442427244275,1026.1366232526748,False,settled
b,blue_ramp,ramp,0.0,1.3,0.0,0.9246749815599024,1020.044213471367,False,settled
b,blue_ramp,ramp,0.0,1.3,0.0,1.5893520301034494,819.4332775416415,False,settled
b,blue_ramp,ramp,0.0,1.3,0.0,0.7883870093030673,1073.4676732477417,False,settled
b,blue_ramp,ramp,0.0,1.3,0.0,1.0540897065726917,966.1134021546027,False,settled
b,blue_ramp,ramp,0.0,1.3,0.0,1.3723280546891012,868.8204746834244,False,settled
b,blue_ramp,ramp,0.0,1.3,0.0,0.6999363234498273,1113.246079879686,False,settled
b,blue_ramp,ramp,0.0,1.3,0.0,1.2006135321908629,920.229486281072,False,settled
b,blue_ramp,ramp,0.0,1.3,0.0,1.1416994636832423,939.5421603668801,False,settled
b,blue_ramp,ramp,0.0,1.3,0.0,1.229341990164072,913.9602874293032,False,settled
b,blue_ramp,ramp,0.0,1.3,0.0,1.3039424597541376,889.2372562855057,False,settled
b,blue_ramp,ramp,0.0,1.3,0.0,1.1359840798353804,943.7717571592902,False,settled
b,blue_ramp,ramp,0.0,1.3,0.0,1.363201380221074,872.4444149572585,False,settled
b,blue_ramp,ramp,0.0,1.3,0.0,1.2277937365809077,914.502302482063,False,settled
b,blue_ramp,ramp,0.0,1.3,0.0,1.404030864617919,864.4096237580517,False,settled
b,blue_ramp,ramp,0.0,1.3,0.0,1.0240322352149613,979.9593836444608,False,settled
b,blue_ramp,ramp,0.0,1.3,0.0,1.1921250355433992,927.6029469177371,False,settled
b,blue_ramp,ramp,0.0,1.3,0.0,0.7982557361872783,1071.699019384516,False,settled
b,blue_ramp,ramp,0.0,1.3,0.0,1.3792866133310568,867.1219596172676,False,settled
b,blue_ramp,ramp,0.0,1.3,0.0,1.3012885002968686,891.644460195519,False,settled
b,blue_ramp,ramp,0.0,1.3,0.0,1.5850246638490038,820.566133374742,False,settled
b,blue_ramp,ramp,0.0,1.3,0.0,1.1331652321885508,945.8876720663911,False,settled
b,blue_ramp,ramp,0.0,1.3,0.0,0.7611356350590402,1077.9815155237065,False,settled
b,blue_ramp,ramp,0.0,1.3,0.0,1.3995573243161021,861.947052111623,False,settled
b,blue_ramp,ramp,0.0,1.3,0.0,0.763106389768676,1077.1956219453882,False,settled
b,blue_ramp,ramp,0.0,1.3,0.0,1.2429275536401052,911.7841025718997,False,settled
b,blue_ramp,ramp,0.0,1.3,0.0,1.3241637703773106,887.6598797139045,False,settled
b,blue_ramp,ramp,0.0,1.3,0.0,1.0731080217455848,965.7534258754253,False,settled
b,blue_ramp,ramp,0.0,1.3,0.0,1.3434744597460742,880.5295254452502,False,settled
b,blue_ramp,ramp,0.0,1.3,0.0,0.7000823111137342,1099.9251146699464,False,settled
b,blue_ramp,ramp,0.0,1.3,0.0,1.162551645258924,937.0364032293835,False,settled
b,blue_ramp,ramp,0.0,1.3,0.0,1.205352941482364,923.7695686764035,False,settled
b,blue_ramp,ramp,0.0,1.3,0.0,0.919634063160807,1020.9898664101044,False,settled
b,blue_ramp,ramp,0.0,1.3,0.0,1.3980066413587724,863.51917561261,False,settled
b,blue_ramp,ramp,0.0,1.3,0.0,1.1948056469226662,925.2332535238642,False,settled
b,blue_ramp,ramp,0.0,1.3,0.0,1.3399711863936359,878.4161833177266,False,settled
b,blue_ramp,ramp,0.0,1.3,0.0,1.479070550922989,846.2226619024633,False,settled
b,blue_ramp,ramp,0.0,1.3,0.0,1.2920724742137852,893.7847492907724,False,settled
b,blue_ramp,ramp,0.0,1.3,0.0,1.1113498989731152,946.6401928678331,False,settled
b,blue_ramp,ramp,0.0,1.3,0.0,1.3802679179600463,871.2237478498363,False,settled
b,blue_ramp,ramp,0.0,1.3,0.0,0.925626275455334,1019.8654486376811,False,settled
b,blue_ramp,ramp,0.0,1.3,0.0,1.0054728919776217,984.4176858348973,False,settled
b,blue_ramp,ramp,0.0,1.3,0.0,0.8992273157711269,1024.3495937973123,False,settled
b,blue_ramp,ramp,0.0,1.3,0.0,1.0004981193632203,985.378333041618,False,settled
b,blue_ramp,ramp,0.0,1.3,0.0,0.9810715932989562,993.8841019049873,False,settled
b,blue_ramp,ramp,0.0,1.3,0.0,0.7318570858449837,1100.2412864345827,False,settled
b,blue_ramp,ramp,0.0,1.3,0.0,0.8830810928509438,1036.9866342983896,False,settled
b,blue_ramp,ramp,0.0,1.3,0.0,0.7681713465701581,1074.1339914118953,False,settled
b,blue_ramp,ramp,0.0,1.3,0.0,0.9047534806837959,1020.0164289704319,False,settled
b,blue_ramp,ramp,0.0,1.3,0.0,1.1253882314879222,943.8897398179314,False,settled
b,blue_ramp,ramp,0.0,1.3,0.0,1.4773476114556847,846.8718003217056,False,settled
b,blue_ramp,ramp,0.0,1.3,0.0,1.313290365135016,889.1255107673642,False,settled
b,blue_ramp,ramp,0.0,1.3,0.0,0.6909728595290235,1114.265739777744,False,settled
b,blue_ramp,ramp,0.0,1.3,0.0,1.131640527393757,947.1694989438477,False,settled
b,blue_ramp,ramp,0.0,1.3,0.0,0.6925351079371832,1104.569291508823,False,settled
b,blue_ramp,ramp,0.0,1.3,0.0,1.2257091495991002,915.2319762674019,False,settled
b,blue_ramp,ramp,0.0,1.3,0.0,1.0192308828178935,983.8870887578713,False,settled
b,blue_ramp,ramp,0.0,1.3,0.0,1.1642653991854495,935.7982687403646,False,settled
b,blue_ramp,ramp,0.0,1.3,0.0,0.927314130929825,1019.5480801138651,False,settled
b,blue_ramp,ramp,0.0,1.3,0.0,0.8837575634049081,1036.6918902440839,False,settled
b,blue_ramp,ramp,0.0,1.3,0.0,0.7663874593916585,1075.2787292383184,False,settled
b,blue_ramp,ramp,0.0,1.3,0.0,1.0785054810185322,964.3910416052412,False,settled
b,blue_ramp,ramp,0.0,1.3,0.0,1.6626068189382281,800.826957966795,False,settled
b,blue_ramp,ramp,0.0,1.3,0.0,1.3180412482124264,887.1263295194801,False,settled
b,blue_ramp,ramp,0.0,1.3,0.0,1.2632899011958403,900.2446302592944,False,settled
b,blue_ramp,ramp,0.0,1.3,0.0,1.3272463044916456,884.6414808220086,False,settled
b,blue_ramp,ramp,0.0,1.3,0.0,1.4331234446046885,853.9686269404693,False,settled
b,blue_ramp,ramp,0.0,1.3,0.0,0.9767212776573763,997.3174857180035,False,settled
b,blue_ramp,ramp,0.0,1.3,0.0,1.3977277944373068,863.8125899397767,False,settled
b,blue_ramp,ramp,0.0,1.3,0.0,0.9065101985153808,1018.7526904274603,False,settled
b,blue_ramp,ramp,0.0,1.3,0.0,1.6643195124225834,801.2283241638155,False,settled
b,blue_ramp,ramp,0.0,1.3,0.0,0.8383136526136172,1047.1250477147332,False,settled
b,blue_ramp,ramp,0.0,1.3,0.0,1.2571308172376594,905.8613228700935,False,settled
b,blue_ramp,ramp,0.0,1.3,0.0,1.6887254821295978,792.2277143719452,False,settled
b,blue_ramp,ramp,0.0,1.3,0.0,0.9485172195792017,1008.5937361755219,False,settled
b,blue_ramp,ramp,0.0,1.3,0.0,0.8021051790298503,1057.344683665269,False,settled
b,blue_ramp,ramp,0.0,1.3,0.0,1.1511781552645741,936.7599974435462,False,settled
b,blue_ramp,ramp,0.0,1.3,0.0,1.1499789126475108,937.1119328826176,False,settled
b,blue_ramp,ramp,0.0,1.3,0.0,0.9837291686299706,991.7871897558324,False,settled
b,blue_ramp,ramp,0.0,1.3,0.0,1.4410148263793503,849.8633004986461,False,settled
b,blue_ramp,ramp,0.0,1.3,0.0,0.8774433522059214,1028.9776698973606,False,settled
b,blue_ramp,ramp,0.0,1.3,0.0,0.7387379638902316,1085.2528047061319,False,settled
b,blue_ramp,ramp,0.0,1.3,0.0,0.8956314725840332,1027.2059676643132,False,settled
b,blue_ramp,ramp,0.0,1.3,0.0,1.4650077693352999,844.2153185945051,False,settled
b,blue_ramp,ramp,0.0,1.3,0.0,1.4959254864742628,841.4117222503794,False,settled
b,blue_ramp,ramp,0.0,1.3,0.0,0.688733083682142,1112.793295513175,False,settled
b,blue_ramp,ramp,0.0,1.3,0.0,1.1782874619706454,931.7651585084029,False,settled
b,blue_ramp,ramp,0.0,1.3,0.0,1.196501754940543,923.7437743010402,False,settled
b,blue_ramp,ramp,0.0,1.3,0.0,1.447290728299871,851.6837716744049,False,settled
b,blue_ramp,ramp,0.0,1.3,0.0,0.795710097330176,1072.034431743722,False,settled
b,blue_ramp,ramp,0.0,1.3,0.0,0.995303992767403,986.4662230571624,False,settled
b,blue_ramp,ramp,0.0,1.3,0.0,0.8183276620458115,1062.565273309595,False,settled
b,blue_ramp,ramp,0.0,1.3,0.0,0.8193058183349468,1061.7865580932264,False,settled
b,blue_ramp,ramp,0.0,1.3,0.0,1.549523017405141,828.1169394987315,False,settled
b,blue_ramp,ramp,0.0,1.3,0.0,1.477832934248515,846.2575338066364,False,settled
b,blue_ramp,ramp,0.0,1.3,0.0,1.297149799381004,895.5422025622549,False,settled
b,blue_ramp,ramp,0.0,1.3,0.0,0.7677926956179922,1074.4013504465274,False,settled
b,blue_ramp,ramp,0.0,1.3,0.0,1.0660336981302267,967.5631460433667,False,settled
b,blue_ramp,ramp,0.0,1.3,0.0,0.8186244074070116,1062.3290463971118,False,settled
b,blue_ramp,ramp,0.0,1.3,0.0,1.386043830665159,865.5728612753546,False,settled
b,blue_ramp,ramp,0.0,1.3,0.0,1.1122233567455317,954.6245846968296,False,settled
b,blue_ramp,ramp,0.0,1.3,0.0,1.4579261303380853,848.2081535052338,False,settled
b,blue_ramp,ramp,0.0,1.3,0.0,0.704633873921166,1097.3689230267448,False,settled
b,yellow_ramp,ramp,0.0,1.3,0.0,0.8860101591755003,876.2791220351183,False,settled
b,yellow_ramp,ramp,0.0,1.3,0.0,0.2688621488364733,1087.2636170261494,False,settled
b,yellow_ramp,ramp,0.0,1.3,0.0,0.35814263632291665,1057.0339770932737,False,settled
b,yellow_ramp,ramp,0.0,1.3,0.0,0.7007091473157984,932.3719333827528,False,settled
b,yellow_ramp,ramp,0.0,1.3,0.0,0.6246057563364712,953.4093852510948,False,settled
b,yellow_ramp,ramp,0.0,1.3,0.0,0.5368340132187669,984.6552818894885,False,settled
b,yellow_ramp,ramp,0.0,1.3,0.0,0.7782038295142258,909.246019629795,False,settled
b,yellow_ramp,ramp,0.0,1.3,0.0,0.9340789322512462,860.8976572379331,False,settled
b,yellow_ramp,ramp,0.0,1.3,0.0,0.6062246388257215,965.596980953645,False,settled
b,yellow_ramp,ramp,0.0,1.3,0.0,0.6719385459148978,940.857024421523,False,settled
b,yellow_ramp,ramp,0.0,1.3,0.0,1.0559516403091287,832.8370534779076,False,settled
b,yellow_ramp,ramp,0.0,1.3,0.0,1.022430923100679,843.5137079462279,False,settled
b,yellow_ramp,ramp,0.0,1.3,0.0,0.8801630241068297,876.6411457208702,False,settled
b,yellow_ramp,ramp,0.0,1.3,0.0,1.2203517066888563,791.3124251596377,False,settled
b,yellow_ramp,ramp,0.0,1.3,0.0,0.9218292492399414,867.1652789030586,False,settled
b,yellow_ramp,ramp,0.0,1.3,0.0,0.4164510289308977,1036.5366938869984,False,settled
b,yellow_ramp,ramp,0.0,1.3,0.0,0.5975190444090813,967.8229452074584,False,settled
b,yellow_ramp,ramp,0.0,1.3,0.0,0.7534630001625819,917.6404208762026,False,settled
b,yellow_ramp,ramp,0.0,1.3,0.0,1.044606114178549,838.3570630461624,False,settled
b,yellow_ramp,ramp,0.0,1.3,0.0,0.8304893949482324,894.7497810889624,False,settled
b,yellow_ramp,ramp,0.0,1.3,0.0,0.5066875711197224,999.2816135445943,False,settled
b,yellow_ramp,ramp,0.0,1.3,0.0,0.7075578057499856,926.5995824584563,False,settled
b,yellow_ramp,ramp,0.0,1.3,0.0,0.6025590390815169,966.5334011523447,False,settled
b,yellow_ramp,ramp,0.0,1.3,0.0,0.5968784127713065,967.9868558524535,False,settled
b,yellow_ramp,ramp,0.0,1.3,0.0,1.042589729730018,837.3025999536649,False,settled
b,yellow_ramp,ramp,0.0,1.3,0.0,1.2136916981057275,794.3916722951852,False,settled
b,yellow_ramp,ramp,0.0,1.3,0.0,0.30770515462739934,1069.0016075189187,False,settled
b,yellow_ramp,ramp,0.0,1.3,0.0,0.6676401355595246,944.481933700534,False,settled
b,yellow_ramp,ramp,0.0,1.3,0.0,1.2233550047611792,791.3160536345246,False,settled
b,yellow_ramp,ramp,0.0,1.3,0.0,0.4925840777021218,999.4177829603447,False,settled
b,yellow_ramp,ramp,0.0,1.3,0.0,0.4350966946580285,1021.6863697472577,False,settled
b,yellow_ramp,ramp,0.0,1.3,0.0,1.0895398770034153,826.2872263049765,False,settled
b,yellow_ramp,ramp,0.0,1.3,0.0,0.33107949655306296,1071.6563931101552,False,settled
b,yellow_ramp,ramp,0.0,1.3,0.0,1.0268245427512823,841.9168767073074,False,settled
b,yellow_ramp,ramp,0.0,1.3,0.0,0.23710374282029473,1097.2127948145812,False,settled
b,yellow_ramp,ramp,0.0,1.3,0.0,1.1902865559963725,803.3399651692275,False,settled
b,yellow_ramp,ramp,0.0,1.3,0.0,0.371225082204383,1046.8051843085448,False,settled
b,yellow_ramp,ramp,0.0,1.3,0.0,0.7720330427307783,907.6742633882097,False,settled
b,yellow_ramp,ramp,0.0,1.3,0.0,0.9067335539606399,871.93559359372,False,settled
b,yellow_ramp,ramp,0.0,1.3,0.0,0.5627518342155,975.1764614744146,False,settled
b,yellow_ramp,ramp,0.0,1.3,0.0,0.4608969650754341,1019.3446327438099,False,settled
b,yellow_ramp,ramp,0.0,1.3,0.0,0.45399334100670385,1020.641709894778,False,settled
b,yellow_ramp,ramp,0.0,1.3,0.0,0.5334043115709636,985.2935793675059,False,settled
b,yellow_ramp,ramp,0.0,1.3,0.0,0.775125805840369,912.0599521254777,False,settled
b,yellow_ramp,ramp,0.0,1.3,0.0,1.1561053561422152,810.2651893099975,False,settled
b,yellow_ramp,ramp,0.0,1.3,0.0,0.955509794354187,855.7019811947902,False,settled
b,yellow_ramp,ramp,0.0,1.3,0.0,0.5686501081459782,980.3032509610167,False,settled
b,yellow_ramp,ramp,0.0,1.3,0.0,0.36389604372951184,1052.5353284371386,False,settled
b,yellow_ramp,ramp,0.0,1.3,0.0,0.5605908295571581,976.9159781463308,False,settled
b,yellow_ramp,ramp,0.0,1.3,0.0,0.3595847031798705,1055.8984272293653,False,settled
b,yellow_ramp,ramp,0.0,1.3,0.0,0.6692581952174204,943.1203269723217,False,settled
b,yellow_ramp,ramp,0.0,1.3,0.0,0.9756082763876186,851.9339190559924,False,settled
b,yellow_ramp,ramp,0.0,1.3,0.0,0.3570154723208984,1057.9213230706066,False,settled
b,yellow_ramp,ramp,0.0,1.3,0.0,0.22935901837085,1101.5368675855043,False,settled
b,yellow_ramp,ramp,0.0,1.3,0.0,0.6344977890699867,954.3894673367965,False,settled
b,yellow_ramp,ramp,0.0,1.3,0.0,0.48717314356837005,1003.6448500714426,False,settled
b,yellow_ramp,ramp,0.0,1.3,0.0,0.7657639151941341,912.5878615206232,False,settled
b,yellow_ramp,ramp,0.0,1.3,0.0,1.013852664879943,846.1041760585349,False,settled
b,yellow_ramp,ramp,0.0,1.3,0.0,0.46595280416109786,1018.3947100073893,False,settled
b,yellow_ramp,ramp,0.0,1.3,0.0,0.8921557409849252,875.7523560171343,False,settled
b,yellow_ramp,ramp,0.0,1.3,0.0,0.8174516158418148,893.7728859433045,False,settled
b,yellow_ramp,ramp,0.0,1.3,0.0,0.8184414649951832,899.4288473025148,False,settled
b,yellow_ramp,ramp,0.0,1.3,0.0,0.3611429365555282,1054.6898024055604,False,settled
b,yellow_ramp,ramp,0.0,1.3,0.0,0.3270731491760366,1072.1842617337923,False,settled
b,yellow_ramp,ramp,0.0,1.3,0.0,0.7313780237090833,921.660556390122,False,settled
b,yellow_ramp,ramp,0.0,1.3,0.0,0.729747150896525,923.0902709352034,False,settled
b,yellow_ramp,ramp,0.0,1.3,0.0,0.9614842283893966,853.8784561698973,False,settled
b,yellow_ramp,ramp,0.0,1.3,0.0,0.24618665617768273,1100.5579094617403,False,settled
b,yellow_ramp,ramp,0.0,1.3,0.0,0.3283051183818626,1072.0218951427776,False,settled
b,yellow_ramp,ramp,0.0,1.3,0.0,1.044844308032728,838.020521682848,False,settled
b,yellow_ramp,ramp,0.0,1.3,0.0,0.6332951800992732,955.139433248546,False,settled
b,yellow_ramp,ramp,0.0,1.3,0.0,0.5548366745797297,981.3461681874867,False,settled
b,yellow_ramp,ramp,0.0,1.3,0.0,0.5068002895426611,999.1908288451226,False,settled
b,yellow_ramp,ramp,0.0,1.3,0.0,0.9853804593155208,849.6850322559774,False,settled
b,yellow_ramp,ramp,0.0,1.3,0.0,0.8587059337019742,885.6569259742599,False,settled
b,yellow_ramp,ramp,0.0,1.3,0.0,0.8066523336198896,897.0938522751281,False,settled
b,yellow_ramp,ramp,0.0,1.3,0.0,0.8106172021335077,900.1156247301205,False,settled
b,yellow_ramp,ramp,0.0,1.3,0.0,0.4952717781104366,997.571843851213,False,settled
b,yellow_ramp,ramp,0.0,1.3,0.0,0.31662188559519094,1076.3112950588368,False,settled
b,yellow_ramp,ramp,0.0,1.3,0.0,0.41086941035711605,1028.2574585099787,False,settled
b,yellow_ramp,ramp,0.0,1.3,0.0,0.45796829353346297,1019.8951362590332,False,settled
b,yellow_ramp,ramp,0.0,1.3,0.0,0.5303545194698647,985.9302008742361,False,settled
b,yellow_ramp,ramp,0.0,1.3,0.0,0.32380974548985425,1072.614634032268,False,settled
b,yellow_ramp,ramp,0.0,1.3,0.0,0.621261518350166,956.2555306772995,False,settled
b,yellow_ramp,ramp,0.0,1.3,0.0,1.089466128441373,826.4093574038354,False,settled
b,yellow_ramp,ramp,0.0,1.3,0.0,0.7451739911971411,917.3996810924021,False,settled
b,yellow_ramp,ramp,0.0,1.3,0.0,1.2143033928636657,795.4124231662946,False,settled
b,yellow_ramp,ramp,0.0,1.3,0.0,0.415369478231849,1037.1562400335793,False,settled
b,yellow_ramp,ramp,0.0,1.3,0.0,0.36340068532703246,1052.9228027194142,False,settled
b,yellow_ramp,ramp,0.0,1.3,0.0,1.1323676979744033,816.1395571814453,False,settled
b,yellow_ramp,ramp,0.0,1.3,0.0,0.7991855660308549,903.971587256439,False,settled
b,yellow_ramp,ramp,0.0,1.3,0.0,0.5511594102807991,984.3546222364769,False,settled
b,yellow_ramp,ramp,0.0,1.3,0.0,0.5631709719556367,974.8359152788533,False,settled
b,yellow_ramp,ramp,0.0,1.3,0.0,0.5035483658608071,1001.8245502972901,False,settled
b,yellow_ramp,ramp,0.0,1.3,0.0,0.7030617610444045,930.3411337632059,False,settled
b,yellow_ramp,ramp,0.0,1.3,0.0,0.23624840498303,1107.0889955286482,False,settled
b,yellow_ramp,ramp,0.0,1.3,0.0,0.9931890945200533,844.974898929213,False,settled
b,yellow_ramp,ramp,0.0,1.3,0.0,0.29805972692536237,1075.7804996919708,False,settled
b,yellow_ramp,ramp,0.0,1.3,0.0,0.9286107817906258,865.2563933409465,False,settled
b,yellow_ramp,ramp,0.0,1.3,0.0,0.9264083531437243,862.7733943013301,False,settled
b,yellow_ramp,ramp,0.0,1.3,0.0,0.5056518076641391,1000.1169047925661,False,settled
b,yellow_ramp,ramp,0.0,1.3,0.0,0.7085867830349318,933.4428935462132,False,settled
b,yellow_ramp,ramp,0.0,1.3,0.0,0.7819825609402857,905.8107642980367,False,settled
b,yellow_ramp,ramp,0.0,1.3,0.0,0.4550748230347652,1020.43880921735,False,settled
b,yellow_ramp,ramp,0.0,1.3,0.0,0.3065527297530497,1069.9619289936425,False,settled
b,yellow_ramp,ramp,0.0,1.3,0.0,0.8375671402325541,888.1154930860224,False,settled
b,yellow_ramp,ramp,0.0,1.3,0.0,0.41367942745863295,1026.109180382555,False,settled
b,yellow_ramp,ramp,0.0,1.3,0.0,0.6854215763768129,936.2532097463261,False,settled
b,yellow_ramp,ramp,0.0,1.3,0.0,0.3900482840116349,1035.7412574736843,False,settled
b,yellow_ramp,ramp,0.0,1.3,0.0,0.4741714831440273,1014.1239607948668,False,settled
b,yellow_ramp,ramp,0.0,1.3,0.0,0.6726328359617434,940.2743879707155,False,settled
b,yellow_ramp,ramp,0.0,1.3,0.0,0.6165786154221711,959.7984782812784,False,settled
b,yellow_ramp,ramp,0.0,1.3,0.0,1.1781474891226138,805.7186412833695,False,settled
b,yellow_ramp,ramp,0.0,1.3,0.0,0.8939748196116116,873.9122777428794,False,settled
b,yellow_ramp,ramp,0.0,1.3,0.0,0.808908964582325,901.7102234807834,False,settled
b,yellow_ramp,ramp,0.0,1.3,0.0,0.5091510519991599,997.3728539377073,False,settled
b,yellow_ramp,ramp,0.0,1.3,0.0,0.8608627927531886,883.5517682062663,False,settled
b,yellow_ramp,ramp,0.0,1.3,0.0,0.36193353159902186,1054.0700763966313,False,settled
b,yellow_ramp,ramp,0.0,1.3,0.0,0.7980822332142458,904.9947216815951,False,settled
b,yellow_ramp,ramp,0.0,1.3,0.0,0.6723506001697269,940.5112396381883,False,settled
b,yellow_ramp,ramp,0.0,1.3,0.0,1.1507462381163671,811.7541109022662,False,settled
b,yellow_ramp,ramp,0.0,1.3,0.0,0.515895584022947,992.0495067935996,False,settled
b,yellow_ramp,ramp,0.0,1.3,0.0,0.7407407659294677,921.259485586296,False,settled
b,yellow_ramp,ramp,0.0,1.3,0.0,0.7522537065562079,918.7182727411061,False,settled
b,yellow_ramp,ramp,0.0,1.3,0.0,0.2781878969243843,1084.0555603145938,False,settled
b,yellow_ramp,ramp,0.0,1.3,0.0,0.8628493304812482,881.7004435629996,False,settled
b,yellow_ramp,ramp,0.0,1.3,0.0,0.2554443490014811,1091.0055568485946,False,settled
b,yellow_ramp,ramp,0.0,1.3,0.0,0.3927145679386157,1035.3365879430787,False,settled
b,yellow_ramp,ramp,0.0,1.3,0.0,1.0779754671545174,830.9588278368158,False,settled
b,yellow_ramp,ramp,0.0,1.3,0.0,0.4387653209746389,1018.942536736797,False,settled
b,yellow_ramp,ramp,0.0,1.3,0.0,0.4551419906294963,1020.4261741425058,False,settled
b,yellow_ramp,ramp,0.0,1.3,0.0,0.25605002017548395,1092.104715555175,False,settled
b,yellow_ramp,ramp,0.0,1.3,0.0,0.8266354279691954,891.9707275013058,False,settled
b,yellow_ramp,ramp,0.0,1.3,0.0,0.5160830099229256,991.9021221955908,False,settled
b,yellow_ramp,ramp,0.0,1.3,0.0,0.6849516752128291,936.3892233028253,False,settled
b,yellow_ramp,ramp,0.0,1.3,0.0,0.6598530305368343,942.2505207190665,False,settled
b,yellow_ramp,ramp,0.0,1.3,0.0,0.7748102685882027,912.3484054552146,False,settled
b,yellow_ramp,ramp,0.0,1.3,0.0,0.44175746361802226,1016.5687173819549,False,settled
b,yellow_ramp,ramp,0.0,1.3,0.0,1.1143894932331213,821.1136246906441,False,settled
b,yellow_ramp,ramp,0.0,1.3,0.0,0.3130400087318392,1079.1336982434007,False,settled
b,yellow_ramp,ramp,0.0,1.3,0.0,0.9533479480897704,858.0668435968854,False,settled
b,yellow_ramp,ramp,0.0,1.3,0.0,0.44301239687242505,1015.7059601687172,False,settled
b,yellow_ramp,ramp,0.0,1.3,0.0,0.2804561775516762,1087.0886527253465,False,settled
b,yellow_ramp,ramp,0.0,1.3,0.0,0.6009478547628475,966.9455672807103,False,settled
b,yellow_ramp,ramp,0.0,1.3,0.0,1.0757093059130456,830.937805619337,False,settled
b,yellow_ramp,ramp,0.0,1.3,0.0,0.6704757654983744,942.0906217089743,False,settled
b,yellow_ramp,ramp,0.0,1.3,0.0,0.7067351123032352,927.1977822541561,False,settled
b,yellow_ramp,ramp,0.0,1.3,0.0,0.8184535571740055,899.4173880765571,False,settled
b,yellow_ramp,ramp,0.0,1.3,0.0,0.6940568160522508,937.901414431612,False,settled
b,yellow_ramp,ramp,0.0,1.3,0.0,1.145559737305786,813.8082144045517,False,settled
b,yellow_ramp,ramp,0.0,1.3,0.0,0.7273681926026138,925.1779608413734,False,settled
b,yellow_ramp,ramp,0.0,1.3,0.0,0.7390216373804566,922.7538243010163,False,settled
b,yellow_ramp,ramp,0.0,1.3,0.0,0.5122964128519895,994.889955172067,False,settled
b,yellow_ramp,ramp,0.0,1.3,0.0,0.2936187203459052,1077.987689142212,False,settled
b,yellow_ramp,ramp,0.0,1.3,0.0,0.7664661709158834,912.3421174406109,False,settled
b,yellow_ramp,ramp,0.0,1.3,0.0,0.29869460861071223,1075.3905358937586,False,settled
b,yellow_ramp,ramp,0.0,1.3,0.0,0.9361715796393861,864.6016378661869,False,settled
b,yellow_ramp,ramp,0.0,1.3,0.0,1.2004787502872538,800.679019649793,False,settled
b,yellow_ramp,ramp,0.0,1.3,0.0,0.6854039989746358,936.258297550678,False,settled
b,yellow_ramp,ramp,0.0,1.3,0.0,1.0481472227663848,837.2769450799906,False,settled
b,yellow_ramp,ramp,0.0,1.3,0.0,0.7531909309421866,917.8829214392903,False,settled
b,yellow_ramp,ramp,0.0,1.3,0.0,0.3040666422781998,1071.7307118388367,False,settled
b,yellow_ramp,ramp,0.0,1.3,0.0,0.6487604731031831,951.1915692023347,False,settled
b,yellow_ramp,ramp,0.0,1.3,0.0,0.9664914534031765,853.084876300164,False,settled
b,yellow_ramp,ramp,0.0,1.3,0.0,0.6335309137543206,954.9419795100042,False,settled
b,yellow_ramp,ramp,0.0,1.3,0.0,0.8562020453437046,882.3474847434951,False,settled
b,yellow_ramp,ramp,0.0,1.3,0.0,0.408628983984079,1030.0847975609024,False,settled
b,yellow_ramp,ramp,0.0,1.3,0.0,0.24396015922988137,1094.4489823621886,False,settled
b,yellow_ramp,ramp,0.0,1.3,0.0,0.22386961767723723,1111.4439466182462,False,settled
b,yellow_ramp,ramp,0.0,1.3,0.0,0.3058236006849554,1070.5198936723136,False,settled
b,yellow_ramp,ramp,0.0,1.3,0.0,0.7252852866753025,927.0192891280216,False,settled
b,yellow_ramp,ramp,0.0,1.3,0.0,0.41283963556739167,1026.8215825318568,False,settled
b,yellow_ramp,ramp,0.0,1.3,0.0,0.5962366507286752,968.1510597772127,False,settled
b,yellow_ramp,ramp,0.0,1.3,0.0,0.6945295445731778,937.4902469636529,False,settled
b,yellow_ramp,ramp,0.0,1.3,0.0,0.6476698258719957,952.1150246389122,False,settled
b,yellow_ramp,ramp,0.0,1.3,0.0,0.7132198273675159,929.6314537758518,False,settled
b,yellow_ramp,ramp,0.0,1.3,0.0,0.5807888266535026,970.6358620637145,False,settled
b,yellow_ramp,ramp,0.0,1.3,0.0,0.7228135183199641,928.9534611212077,False,settled
b,yellow_ramp,ramp,0.0,1.3,0.0,0.5312542446924253,985.7423059610479,False,settled
b,yellow_ramp,ramp,0.0,1.3,0.0,0.30359098934378864,1072.067960843024,False,settled
b,yellow_ramp,ramp,0.0,1.3,0.0,1.2230515268875426,791.2170985914291,False,settled
b,yellow_ramp,ramp,0.0,1.3,0.0,0.8692793589054985,881.2714078676485,False,settled
b,yellow_ramp,ramp,0.0,1.3,0.0,0.785504804478712,902.6918454030417,False,settled
b,yellow_ramp,ramp,0.0,1.3,0.0,0.36862803213661105,1048.834283185655,False,settled
b,yellow_ramp,ramp,0.0,1.3,0.0,0.4221640703351323,1031.9582760169271,False,settled
b,yellow_ramp,ramp,0.0,1.3,0.0,0.7416186329518415,920.4968400543981,False,settled
b,yellow_ramp,ramp,0.0,1.3,0.0,0.7818685328704774,905.9141101300581,False,settled
b,yellow_ramp,ramp,0.0,1.3,0.0,0.39042264280529126,1035.6803205585118,False,settled
b,yellow_ramp,ramp,0.0,1.3,0.0,1.0807537329644141,830.09455712905,False,settled
b,yellow_ramp,ramp,0.0,1.3,0.0,0.8631825291527684,881.5659702389069,False,settled
b,yellow_ramp,ramp,0.0,1.3,0.0,1.0743507028984813,829.5053055134143,False,settled
b,yellow_ramp,ramp,0.0,1.3,0.0,0.8932409270252746,874.6522392460662,False,settled
b,yellow_ramp,ramp,0.0,1.3,0.0,0.6263176211671226,961.0272502359696,False,settled
b,yellow_ramp,ramp,0.0,1.3,0.0,0.22751248540784916,1108.5016543326672,False,settled
b,yellow_ramp,ramp,0.0,1.3,0.0,0.2398019498096813,1110.1313290362134,False,settled
b,yellow_ramp,ramp,0.0,1.3,0.0,0.49498203861933104,997.8029471210114,False,settled
b,yellow_ramp,ramp,0.0,1.3,0.0,0.5638555396462734,974.2837791243401,False,settled
b,yellow_ramp,ramp,0.0,1.3,0.0,0.5474350407961324,987.4183043044235,False,settled
b,yellow_ramp,ramp,0.0,1.3,0.0,0.4328367181873584,1023.4727150319458,False,settled
b,yellow_ramp,ramp,0.0,1.3,0.0,0.36790027186642543,1049.403411850251,False,settled
b,yellow_ramp,ramp,0.0,1.3,0.0,0.4222273623743854,1031.907878191793,False,settled
b,yellow_ramp,ramp,0.0,1.3,0.0,0.5371369500194471,984.5920824697156,False,settled
b,yellow_ramp,ramp,0.0,1.3,0.0,0.38839901859719794,1036.0832251677205,False,settled
b,yellow_ramp,ramp,0.0,1.3,0.0,0.4361602813667794,1020.84558785448,False,settled
b,yellow_ramp,ramp,0.0,1.3,0.0,0.6663697025232013,945.2954274973818,False,settled
b,yellow_ramp,ramp,0.0,1.3,0.0,0.4196879429416526,1033.9397303531143,False,settled
b,yellow_ramp,ramp,0.0,1.3,0.0,0.4693845047354066,1006.2904145181113,False,settled
b,yellow_ramp,ramp,0.0,1.3,0.0,0.5944368806122267,969.2237131707847,False,settled
b,yellow_ramp,ramp,0.0,1.3,0.0,0.3445971608473828,1053.8495331773297,False,settled
b,yellow_ramp,ramp,0.0,1.3,0.0,0.6527801495213337,948.0502294163314,False,settled
b,yellow_ramp,ramp,0.0,1.3,0.0,0.508389144866438,997.9730757712614,False,settled
b,yellow_ramp,ramp,0.0,1.3,0.0,0.6222631353808649,955.4229509295245,False,settled
b,yellow_ramp,ramp,0.0,1.3,0.0,0.8868358154177789,875.4514525148738,False,settled
b,yellow_ramp,ramp,0.0,1.3,0.0,0.9623163063508743,853.0634291691592,False,settled
b,yellow_ramp,ramp,0.0,1.3,0.0,0.3326761080036394,1057.6759257657075,False,settled
b,yellow_ramp,ramp,0.0,1.3,0.0,0.5071464103479341,998.9189682940912,False,settled
b,yellow_ramp,ramp,0.0,1.3,0.0,0.9385567092249029,863.3269374349369,False,settled
b,yellow_ramp,ramp,0.0,1.3,0.0,0.5116645997562657,995.3903112550036,False,settled
b,yellow_ramp,ramp,0.0,1.3,0.0,0.8077483843690764,896.1373111980198,False,settled
b,yellow_ramp,ramp,0.0,1.3,0.0,0.23300496908186372,1102.8147583382029,False,settled
b,yellow_ramp,ramp,0.0,1.3,0.0,0.2244581506012702,1108.5322946905776,False,settled
b,yellow_ramp,ramp,0.0,1.3,0.0,1.0460201663153983,836.4543555803638,False,settled
b,yellow_ramp,ramp,0.0,1.3,0.0,0.6299873829622508,957.927526149808,False,settled
b,yellow_ramp,ramp,0.0,1.3,0.0,1.0448889026474402,837.9574934207786,False,settled
b,yellow_ramp,ramp,0.0,1.3,0.0,1.139623809032905,815.5865226049578,False,settled
b,yellow_ramp,ramp,0.0,1.3,0.0,0.867815086956368,882.715312533135,False,settled
b,yellow_ramp,ramp,0.0,1.3,0.0,0.5865752212667976,966.1249989893199,False,settled
b,yellow_ramp,ramp,0.0,1.3,0.0,0.31076328254585794,1066.7583279318424,False,settled
b,yellow_ramp,ramp,0.0,1.3,0.0,0.7599061218590105,914.6379638847021,False,settled
b,yellow_ramp,ramp,0.0,1.3,0.0,0.24358255312590946,1109.280578721716,False,settled
b,yellow_ramp,ramp,0.0,1.3,0.0,0.8019597119810269,901.3998521832937,False,settled
b,yellow_ramp,ramp,0.0,1.3,0.0,0.7862432433685037,908.9803893107036,False,settled
b,yellow_ramp,ramp,0.0,1.3,0.0,1.1761005885720401,806.3126956806984,False,settled
b,yellow_ramp,ramp,0.0,1.3,0.0,0.31493714553326035,1077.6390882521343,False,settled
b,yellow_ramp,ramp,0.0,1.3,0.0,1.1656911145438533,808.8568173324768,False,settled
b,yellow_ramp,ramp,0.0,1.3,0.0,1.2093799926760584,796.3424263367118,False,settled
b,yellow_ramp,ramp,0.0,1.3,0.0,1.0306434484244789,842.398465449883,False,settled
b,yellow_ramp,ramp,0.0,1.3,0.0,0.9995194013056147,846.1044535809094,False,settled
b,yellow_ramp,ramp,0.0,1.3,0.0,1.0010174730314505,844.3124746773334,False,settled
b,yellow_ramp,ramp,0.0,1.3,0.0,0.33177888592497634,1057.7144759211874,False,settled
b,yellow_ramp,ramp,0.0,1.3,0.0,0.27536046962398425,1089.2473712132075,False,settled
b,yellow_ramp,ramp,0.0,1.3,0.0,0.7977360930919438,905.3156505415818,False,settled
b,yellow_ramp,ramp,0.0,1.3,0.0,0.39780619960595315,1034.568173727083,False,settled
b,yellow_ramp,ramp,0.0,1.3,0.0,0.32175290432830284,1072.885834076139,False,settled
b,yellow_ramp,ramp,0.0,1.3,0.0,0.5141344812101054,993.4386913077458,False,settled
b,yellow_ramp,ramp,0.0,1.3,0.0,1.2158751634559513,793.4996776889469,False,settled
b,yellow_ramp,ramp,0.0,1.3,0.0,0.9682123991762068,851.137501757468,False,settled
b,yellow_ramp,ramp,0.0,1.3,0.0,1.2235350257252415,790.2266810928068,False,settled
b,yellow_ramp,ramp,0.0,1.3,0.0,0.3694208641654827,1048.2142609291493,False,settled
b,yellow_ramp,ramp,0.0,1.3,0.0,0.9475524284042479,859.5352914442843,False,settled
b,yellow_ramp,ramp,0.0,1.3,0.0,0.7905688349766692,904.9978009526523,False,settled
b,yellow_ramp,ramp,0.0,1.3,0.0,0.6691200052131842,943.2366170321778,False,settled
b,yellow_ramp,ramp,0.0,1.3,0.0,0.7421677359518855,920.0196864039053,False,settled
b,yellow_ramp,ramp,0.0,1.3,0.0,1.0402982292093406,839.065528293271,False,settled
b,yellow_ramp,ramp,0.0,1.3,0.0,0.4776223058235647,1011.3274376915363,False,settled
b,yellow_ramp,ramp,0.0,1.3,0.0,0.44126428972117915,1016.9477374891391,False,settled
b,yellow_ramp,ramp,0.0,1.3,0.0,1.0915211436276553,826.4192544288084,False,settled
b,yellow_ramp,ramp,0.0,1.3,0.0,0.8337008410830192,891.7268801689154,False,settled
b,yellow_ramp,ramp,0.0,1.3,0.0,0.5239393117210761,987.3774376107184,False,settled
b,yellow_ramp,ramp,0.0,1.3,0.0,1.2161526121930355,794.0603446937561,False,settled
b,yellow_ramp,ramp,0.0,1.3,0.0,1.2006172537210549,800.0805966482488,False,settled
b,yellow_ramp,ramp,0.0,1.3,0.0,0.298568427363034,1075.468085527367,False,settled
b,yellow_ramp,ramp,0.0,1.3,0.0,1.16129406430488,809.9350990812401,False,settled
b,yellow_ramp,ramp,0.0,1.3,0.0,0.8494969416669884,887.5658089749534,False,settled
b,yellow_ramp,ramp,0.0,1.3,0.0,0.756436170400842,915.8528135712562,False,settled
b,yellow_ramp,ramp,0.0,1.3,0.0,0.5650487087109219,973.413068775611,False,settled
b,yellow_ramp,ramp,0.0,1.3,0.0,0.7336932554813496,919.64861921886,False,settled
b,yellow_ramp,ramp,0.0,1.3,0.0,0.26166943807745163,1094.8209121391512,False,settled
b,yellow_ramp,ramp,0.0,1.3,0.0,1.108191516992154,821.8999660973677,False,settled
b,yellow_ramp,ramp,0.0,1.3,0.0,0.4268930165942989,1028.1921972894627,False,settled
b,yellow_ramp,ramp,0.0,1.3,0.0,0.7926188819573065,903.1165713236276,False,settled
b,yellow_ramp,ramp,0.0,1.3,0.0,1.1532053012567738,811.20602646548,False,settled
b,yellow_ramp,ramp,0.0,1.3,0.0,0.31641206953129797,1076.4768582552538,False,settled
b,yellow_ramp,ramp,0.0,1.3,0.0,1.089315436330532,826.6554687367501,False,settled
b,yellow_ramp,ramp,0.0,1.3,0.0,0.6685594608779002,943.7083234415588,False,settled
b,yellow_ramp,ramp,0.0,1.3,0.0,0.9474231683315956,859.6769489987911,False,settled
b,yellow_ramp,ramp,0.0,1.3,0.0,0.7612820524440402,914.156229978955,False,settled
b,yellow_ramp,ramp,0.0,1.3,0.0,0.5202036966905276,988.9462435402917,False,settled
b,yellow_ramp,ramp,0.0,1.3,0.0,0.41358109550039696,1026.185875700626,False,settled
b,yellow_ramp,ramp,0.0,1.3,0.0,1.186691292996491,803.3590206645779,False,settled
b,yellow_ramp,ramp,0.0,1.3,0.0,0.7090063166052788,933.0752482110416,False,settled
b,yellow_ramp,ramp,0.0,1.3,0.0,0.8708112798289648,879.7669076552892,False,settled
b,yellow_ramp,ramp,0.0,1.3,0.0,0.2912418657975,1077.1284431497252,False,settled
b,yellow_ramp,ramp,0.0,1.3,0.0,0.8229772052575608,895.2506795716611,False,settled
b,yellow_ramp,ramp,0.0,1.3,0.0,1.018995466939791,843.7613867226148,False,settled
b,yellow_ramp,ramp,0.0,1.3,0.0,1.0768321644203651,829.235388913789,False,settled
b,yellow_ramp,ramp,0.0,1.3,0.0,1.0149824658964484,844.6549774325395,False,settled
b,yellow_ramp,ramp,0.0,1.3,0.0,0.3998654409891648,1034.2687710199386,False,settled
b,yellow_ramp,ramp,0.0,1.3,0.0,1.1274022393522847,817.6706395796152,False,settled
b,yellow_ramp,ramp,0.0,1.3,0.0,0.5864334031076224,966.1453691978011,False,settled
b,yellow_ramp,ramp,0.0,1.3,0.0,0.383900707747018,1049.9690277760108,False,settled
b,yellow_ramp,ramp,0.0,1.3,0.0,0.5320974157476538,985.5662682456904,False,settled
b,yellow_ramp,ramp,0.0,1.3,0.0,0.48367844053600456,1006.4540882443206,False,settled
b,yellow_ramp,ramp,0.0,1.3,0.0,0.263878664074561,1099.642730433498,False,settled
b,yellow_ramp,ramp,0.0,1.3,0.0,0.5987141565199335,967.5169819745447,False,settled
b,yellow_ramp,ramp,0.0,1.3,0.0,0.4552515601914883,1020.4056524738754,False,settled
b,yellow_ramp,ramp,0.0,1.3,0.0,0.7071637097222437,926.9252126686551,False,settled
b,yellow_ramp,ramp,0.0,1.3,0.0,0.9175396905015623,866.6750555278351,False,settled
b,yellow_ramp,ramp,0.0,1.3,0.0,0.6221567445020668,955.5113849140031,False,settled
b,yellow_ramp,ramp,0.0,1.3,0.0,0.5512448903835397,984.2846909165052,False,settled
b,yellow_ramp,ramp,0.0,1.3,0.0,0.9396216348659453,862.7577971497925,False,settled
b,yellow_ramp,ramp,0.0,1.3,0.0,0.4325408974831961,1023.7065426760822,False,settled
b,yellow_ramp,ramp,0.0,1.3,0.0,0.6024220580029361,966.5684430664251,False,settled
b,yellow_ramp,ramp,0.0,1.3,0.0,1.1090779307354544,821.304379895301,False,settled
b,yellow_ramp,ramp,0.0,1.3,0.0,0.22897391625630897,1113.8592158296697,False,settled
b,yellow_ramp,ramp,0.0,1.3,0.0,0.6256561018649927,952.5784447433674,False,settled
b,yellow_ramp,ramp,0.0,1.3,0.0,0.8498993765686407,887.3965196676711,False,settled
b,yellow_ramp,ramp,0.0,1.3,0.0,0.9884700517253995,846.1161816777911,False,settled
b,yellow_ramp,ramp,0.0,1.3,0.0,1.0756449231158351,831.0387430945103,False,settled
b,yellow_ramp,ramp,0.0,1.3,0.0,0.9330132945087126,861.4504524342049,False,settled
b,yellow_ramp,ramp,0.0,1.3,0.0,0.4425568238300215,1015.9600718719067,False,settled
b,yellow_ramp,ramp,0.0,1.3,0.0,1.1970109993985991,800.7821931272035,False,settled
b,yellow_ramp,ramp,0.0,1.3,0.0,1.0456955968117057,836.9446694269617,False,settled
b,yellow_ramp,ramp,0.0,1.3,0.0,1.1984339905502817,800.2715600823564,False,settled
b,yellow_ramp,ramp,0.0,1.3,0.0,0.3959345784640643,1034.932945153613,False,settled
b,yellow_ramp,ramp,0.0,1.3,0.0,0.8491742579113242,887.7015498037539,False,settled
b,yellow_ramp,ramp,0.0,1.3,0.0,1.0679304280020605,832.0831090669162,False,settled
b,yellow_ramp,ramp,0.0,1.3,0.0,0.9012977577133341,872.0310199127773,False,settled
b,yellow_ramp,ramp,0.0,1.3,0.0,0.9836732726733628,847.2310342681927,False,settled
b,yellow_ramp,ramp,0.0,1.3,0.0,0.5130317681844935,994.3096547370748,False,settled
b,yellow_ramp,ramp,0.0,1.3,0.0,0.49197462664661445,999.8151783829297,False,settled
b,yellow_ramp,ramp,0.0,1.3,0.0,0.4233231516657965,1031.035276834291,False,settled
b,yellow_ramp,ramp,0.0,1.3,0.0,0.6966248886331535,935.9205589106637,False,settled
b,yellow_ramp,ramp,0.0,1.3,0.0,0.3819269695747,1038.635204256766,False,settled
b,yellow_ramp,ramp,0.0,1.3,0.0,0.9700148571246938,853.6911538957586,False,settled
b,yellow_ramp,ramp,0.0,1.3,0.0,1.2224398422041947,790.9971397266922,False,settled
b,yellow_ramp,ramp,0.0,1.3,0.0,0.7025482692267897,930.7842851417358,False,settled
b,yellow_ramp,ramp,0.0,1.3,0.0,0.7587530009749298,915.0415464934915,False,settled
b,yellow_ramp,ramp,0.0,1.3,0.0,0.7377384863847366,923.869025886123,False,settled
b,yellow_ramp,ramp,0.0,1.3,0.0,1.1619319280616307,808.8894155469114,False,settled
b,yellow_ramp,ramp,0.0,1.3,0.0,0.5671908186488581,981.5081631491787,False,settled
b,yellow_ramp,ramp,0.0,1.3,0.0,0.9940193037152806,848.3361791214743,False,settled
b,yellow_ramp,ramp,0.0,1.3,0.0,0.46833056075470036,1006.4790960423356,False,settled
b,yellow_ramp,ramp,0.0,1.3,0.0,0.2650568704133652,1086.0102958869975,False,settled
b,yellow_ramp,ramp,0.0,1.3,0.0,0.2681575429769092,1086.5580824975275,False,settled
b,yellow_ramp,ramp,0.0,1.3,0.0,0.6608439143189335,941.5601128795371,False,settled
b,yellow_ramp,ramp,0.0,1.3,0.0,0.8701158790451234,880.4499480078412,False,settled
b,yellow_ramp,ramp,0.0,1.3,0.0,0.4026202595131567,1033.868418835352,False,settled
b,yellow_ramp,ramp,0.0,1.3,0.0,1.2096981442086308,797.0516302471875,False,settled
b,yellow_ramp,ramp,0.0,1.3,0.0,0.7460606236926631,916.625840504389,False,settled
b,yellow_ramp,ramp,0.0,1.3,0.0,0.8737653757311854,882.731035778134,False,settled
b,yellow_ramp,ramp,0.0,1.3,0.0,0.9046256907900682,869.0190008733891,False,settled
b,yellow_ramp,ramp,0.0,1.3,0.0,0.7565746717136377,915.8043222653625,False,settled
b,yellow_ramp,ramp,0.0,1.3,0.0,1.203286019508161,799.1562542699809,False,settled
b,yellow_ramp,ramp,0.0,1.3,0.0,1.0068349026847674,847.8850199828354,False,settled
b,yellow_ramp,ramp,0.0,1.3,0.0,0.567140895132926,981.5496443892591,False,settled
b,yellow_ramp,ramp,0.0,1.3,0.0,0.570008425794169,979.1815179053826,False,settled
b,yellow_ramp,ramp,0.0,1.3,0.0,0.3582285125307115,1056.9663635757001,False,settled
b,yellow_ramp,ramp,0.0,1.3,0.0,1.15794338000753,810.4345659980908,False,settled
b,yellow_ramp,ramp,0.0,1.3,0.0,0.8331349911208625,892.2588995037978,False,settled
b,yellow_ramp,ramp,0.0,1.3,0.0,0.7240625813082759,927.8505073866075,False,settled
b,yellow_ramp,ramp,0.0,1.3,0.0,0.29967757655178623,1074.790628876018,False,settled
b,yellow_ramp,ramp,0.0,1.3,0.0,1.0506292079159902,836.3234430274314,False,settled
b,yellow_ramp,ramp,0.0,1.3,0.0,0.6818128576717746,937.3073966486346,False,settled
b,yellow_ramp,ramp,0.0,1.3,0.0,0.9547122238399889,856.6545315684562,False,settled
b,yellow_ramp,ramp,0.0,1.3,0.0,0.5318910927920247,985.6093182480587,False,settled
b,yellow_ramp,ramp,0.0,1.3,0.0,0.5580663780870427,978.704603066885,False,settled
b,yellow_ramp,ramp,0.0,1.3,0.0,1.1558543468321314,810.3722187182922,False,settled
b,yellow_ramp,ramp,0.0,1.3,0.0,0.4740591705789563,1014.2149768063852,False,settled
b,yellow_ramp,ramp,0.0,1.3,0.0,0.6640360973556457,947.257286394514,False,settled
b,yellow_ramp,ramp,0.0,1.3,0.0,0.6171962276890188,959.5435735643667,False,settled
b,yellow_ramp,ramp,0.0,1.3,0.0,0.7406673188294299,921.3233304257878,False,settled
b,yellow_ramp,ramp,0.0,1.3,0.0,0.726834310950331,925.6499298268511,False,settled
b,yellow_ramp,ramp,0.0,1.3,0.0,0.8865039114630433,875.7840867259428,False,settled
b,yellow_ramp,ramp,0.0,1.3,0.0,1.0859923493358248,828.6453852307342,False,settled
b,yellow_ramp,ramp,0.0,1.3,0.0,0.9394644106611597,862.8418245711908,False,settled
b,yellow_ramp,ramp,0.0,1.3,0.0,1.0955011415147833,826.5220514891968,False,settled
b,yellow_ramp,ramp,0.0,1.3,0.0,0.28905014485813335,1076.8780494020662,False,settled
b,yellow_ramp,ramp,0.0,1.3,0.0,0.6184056982115745,958.5380028400848,False,settled
b,yellow_ramp,ramp,0.0,1.3,0.0,1.2077918907702672,797.3264582585914,False,settled
b,yellow_ramp,ramp,0.0,1.3,0.0,0.2771461908008686,1084.9066719402347,False,settled
b,yellow_ramp,ramp,0.0,1.3,0.0,1.0643060039893943,833.801281074718,False,settled
b,yellow_ramp,ramp,0.0,1.3,0.0,0.7088200602914254,933.2384268663645,False,settled
b,yellow_ramp,ramp,0.0,1.3,0.0,0.5997612372590391,967.2491223751397,False,settled
b,yellow_ramp,ramp,0.0,1.3,0.0,0.41905285666288405,1034.4492622096625,False,settled
b,yellow_ramp,ramp,0.0,1.3,0.0,0.4820127553095156,1007.793313708269,False,settled
b,yellow_ramp,ramp,0.0,1.3,0.0,0.5837253213668728,968.3691838551255,False,settled
b,yellow_ramp,ramp,0.0,1.3,0.0,0.6427100861240532,947.542599623024,False,settled
b,yellow_ramp,ramp,0.0,1.3,0.0,1.0469488558823832,837.6534681847421,False,settled
b,yellow_ramp,ramp,0.0,1.3,0.0,0.7484844452941315,914.5328920633617,False,settled
b,yellow_ramp,ramp,0.0,1.3,0.0,1.0584012109841203,831.8142923679025,False,settled
b,yellow_ramp,ramp,0.0,1.3,0.0,0.5330046616024263,985.3769679771979,False,settled
b,yellow_ramp,ramp,0.0,1.3,0.0,0.6513836068134203,949.2313641370404,False,settled
b,yellow_ramp,ramp,0.0,1.3,0.0,0.6304340593257164,957.5503060070273,False,settled
b,yellow_ramp,ramp,0.0,1.3,0.0,0.22328231936555387,1112.455973795242,False,settled
b,yellow_ramp,ramp,0.0,1.3,0.0,0.8179104503458445,893.3604775971303,False,settled
b,yellow_ramp,ramp,0.0,1.3,0.0,0.4295423680128538,1026.0823207569244,False,settled
b,yellow_ramp,ramp,0.0,1.3,0.0,0.9886528196758722,845.9039278882983,False,settled
b,yellow_ramp,ramp,0.0,1.3,0.0,0.9779627926279582,849.2639032742434,False,settled
b,yellow_ramp,ramp,0.0,1.3,0.0,0.3739828386706083,1044.6648697985254,False,settled
b,yellow_ramp,ramp,0.0,1.3,0.0,0.508971590411246,997.5142234972247,False,settled
b,yellow_ramp,ramp,0.0,1.3,0.0,1.1779763192004111,805.6693992660455,False,settled
b,yellow_ramp,ramp,0.0,1.3,0.0,0.5297664748908048,986.0529671405998,False,settled
b,yellow_ramp,ramp,0.0,1.3,0.0,0.45379658042218546,1020.6786601180432,False,settled
b,yellow_ramp,ramp,0.0,1.3,0.0,0.5930560369561174,970.3530787894531,False,settled
b,yellow_ramp,ramp,0.0,1.3,0.0,1.0642958457618754,833.8168398284395,False,settled
b,yellow_ramp,ramp,0.0,1.3,0.0,0.5114427559598275,995.5658176059053,False,settled
b,yellow_ramp,ramp,0.0,1.3,0.0,0.8446042222594058,889.624630267005,False,settled
b,yellow_ramp,ramp,0.0,1.3,0.0,0.8131446013056923,897.7564246512895,False,settled
b,yellow_ramp,ramp,0.0,1.3,0.0,0.29422713629627983,1077.765149645674,False,settled
b,yellow_ramp,ramp,0.0,1.3,0.0,0.6825411752920508,937.0936609813166,False,settled
b,yellow_ramp,ramp,0.0,1.3,0.0,1.0161251735454258,844.7095136648838,False,settled
b,yellow_ramp,ramp,0.0,1.3,0.0,0.5639517936238745,974.2056365285418,False,settled
b,yellow_ramp,ramp,0.0,1.3,0.0,0.6312582237412755,956.8542908518154,False,settled
b,yellow_ramp,ramp,0.0,1.3,0.0,0.6396446104615164,950.1653511915141,False,settled
b,yellow_ramp,ramp,0.0,1.3,0.0,1.0866366575267576,827.5942478873966,False,settled
b,yellow_ramp,ramp,0.0,1.3,0.0,0.9979376688468409,848.4367446279786,False,settled
b,yellow_ramp,ramp,0.0,1.3,0.0,0.8777984667858578,878.712269446248,False,settled
b,yellow_ramp,ramp,0.0,1.3,0.0,1.1776815301784274,805.1568308399609,False,settled
b,yellow_ramp,ramp,0.0,1.3,0.0,0.631357433006468,956.7705072175103,False,settled
b,yellow_ramp,ramp,0.0,1.3,0.0,0.43432800687591483,1022.2938968034637,False,settled
b,yellow_ramp,ramp,0.0,1.3,0.0,0.9204016290404987,868.655490079415,False,settled
b,yellow_ramp,ramp,0.0,1.3,0.0,0.6727260840298912,940.196132466152,False,settled
b,yellow_ramp,ramp,0.0,1.3,0.0,1.0622831216045843,833.1293584444087,False,settled
b,yellow_ramp,ramp,0.0,1.3,0.0,0.3980323162379359,1034.5352943963783,False,settled
b,yellow_ramp,ramp,0.0,1.3,0.0,0.38160371812978305,1038.8772755478378,False,settled
b,yellow_ramp,ramp,0.0,1.3,0.0,1.07037319867224,831.9628613288108,False,settled
b,yellow_ramp,ramp,0.0,1.3,0.0,0.37290583635170466,1045.50085032561,False,settled
b,yellow_ramp,ramp,0.0,1.3,0.0,1.0243211191766455,842.5252542040066,False,settled
b,yellow_ramp,ramp,0.0,1.3,0.0,0.4277344904061485,1027.5221084466223,False,settled
b,yellow_ramp,ramp,0.0,1.3,0.0,0.23489433400361948,1099.9272861114437,False,settled
b,yellow_ramp,ramp,0.0,1.3,0.0,0.7532848124200939,917.7992432808596,False,settled
b,yellow_ramp,ramp,0.0,1.3,0.0,1.1874822691092515,803.5443590777534,False,settled
b,yellow_ramp,ramp,0.0,1.3,0.0,0.21961291729277374,1105.1787925799129,False,settled
b,yellow_ramp,ramp,0.0,1.3,0.0,0.48357360686112993,1006.5383590225682,False,settled
b,yellow_ramp,ramp,0.0,1.3,0.0,0.29218645338418187,1077.7260677002937,False,settled
b,yellow_ramp,ramp,0.0,1.3,0.0,1.0734653920725956,830.8228020637025,False,settled
b,yellow_ramp,ramp,0.0,1.3,0.0,0.6743526579229041,939.4971457416708,False,settled
b,yellow_ramp,ramp,0.0,1.3,0.0,0.6750423599020692,939.294611752806,False,settled
b,yellow_ramp,ramp,0.0,1.3,0.0,0.34679404948935855,1052.2488542275912,False,settled
b,yellow_ramp,ramp,0.0,1.3,0.0,1.01818026516595,844.8136061336096,False,settled
b,yellow_ramp,ramp,0.0,1.3,0.0,1.197989674598942,801.2536439224958,False,settled
b,yellow_ramp,ramp,0.0,1.3,0.0,0.791528816377491,904.1140393557757,False,settled
b,yellow_ramp,ramp,0.0,1.3,0.0,1.0646543510747584,833.2680964766465,False,settled
b,yellow_ramp,ramp,0.0,1.3,0.0,0.32727655820226337,1072.1574631121043,False,settled
b,yellow_ramp,ramp,0.0,1.3,0.0,0.9594470502509708,856.1289638863994,False,settled
b,yellow_ramp,ramp,0.0,1.3,0.0,0.4022075427052377,1033.9281706624965,False,settled
b,yellow_ramp,ramp,0.0,1.3,0.0,0.7971585454624729,905.8511153761847,False,settled
b,yellow_ramp,ramp,0.0,1.3,0.0,0.9030073509400062,870.6316732130408,False,settled
b,yellow_ramp,ramp,0.0,1.3,0.0,0.536670992684947,984.6892916043856,False,settled
b,yellow_ramp,ramp,0.0,1.3,0.0,0.5852330894810678,967.0931057261772,False,settled
b,yellow_ramp,ramp,0.0,1.3,0.0,0.3177123229507952,1075.4517571999863,False,settled
b,yellow_ramp,ramp,0.0,1.3,0.0,0.7093170591552654,932.8030066399692,False,settled
b,yellow_ramp,ramp,0.0,1.3,0.0,0.433794757943412,1022.7153301342283,False,settled
b,yellow_ramp,ramp,0.0,1.3,0.0,0.5030368478721982,1002.2398137605321,False,settled
b,yellow_ramp,ramp,0.0,1.3,0.0,0.46870574802640896,1006.4146825128225,False,settled
b,yellow_ramp,ramp,0.0,1.3,0.0,1.0828913299472827,830.1867651665069,False,settled
b,yellow_ramp,ramp,0.0,1.3,0.0,0.35319216064251097,1060.6904221463628,False,settled
b,yellow_ramp,ramp,0.0,1.3,0.0,0.44833773266104987,1023.5841206774469,False,settled
b,yellow_ramp,ramp,0.0,1.3,0.0,0.5774215079591389,973.073183054445,False,settled
b,yellow_ramp,ramp,0.0,1.3,0.0,0.22919664621979832,1116.4192174448722,False,settled
b,yellow_ramp,ramp,0.0,1.3,0.0,0.4317212293815645,1024.3544042039039,False,settled
b,yellow_ramp,ramp,0.0,1.3,0.0,1.0442795904354947,837.5225306341708,False,settled
b,yellow_ramp,ramp,0.0,1.3,0.0,1.091883146362481,825.822644617228,False,settled
b,yellow_ramp,ramp,0.0,1.3,0.0,0.5120070259817081,995.1192522488864,False,settled
b,yellow_ramp,ramp,0.0,1.3,0.0,0.6924674982147746,931.3218600537085,False,settled
b,yellow_ramp,ramp,0.0,1.3,0.0,0.8990495547843724,874.3305070517014,False,settled
b,yellow_ramp,ramp,0.0,1.3,0.0,1.1269672814661476,818.5371915426914,False,settled
b,yellow_ramp,ramp,0.0,1.3,0.0,1.0821350471527942,828.1219529630256,False,settled
b,yellow_ramp,ramp,0.0,1.3,0.0,0.3715345322048546,1046.5650373726394,False,settled
b,yellow_ramp,ramp,0.0,1.3,0.0,0.8342488319058191,891.2115763602789,False,settled
b,yellow_ramp,ramp,0.0,1.3,0.0,0.28530449048446094,1081.2647874568863,False,settled
b,yellow_ramp,ramp,0.0,1.3,0.0,0.3273933850568353,1072.1420714778367,False,settled
b,yellow_ramp,ramp,0.0,1.3,0.0,1.1810898411560249,804.5687908864684,False,settled
b,yellow_ramp,ramp,0.0,1.3,0.0,0.8451767737998034,889.3837053370873,False,settled
b,yellow_ramp,ramp,0.0,1.3,0.0,0.3634449392701223,1052.8881870695748,False,settled
b,yellow_ramp,ramp,0.0,1.3,0.0,0.6171717901760473,959.5638908203485,False,settled
b,yellow_ramp,ramp,0.0,1.3,0.0,1.1315612174009484,817.2300195106039,False,settled
b,yellow_ramp,ramp,0.0,1.3,0.0,0.9092590962948757,869.6143334553449,False,settled
b,yellow_ramp,ramp,0.0,1.3,0.0,0.762664596633609,913.6724274498204,False,settled
b,yellow_ramp,ramp,0.0,1.3,0.0,0.2246376394734582,1112.0515658894149,False,settled
b,yellow_ramp,ramp,0.0,1.3,0.0,0.7917599253420071,903.9012828429253,False,settled
b,yellow_ramp,ramp,0.0,1.3,0.0,1.0125389171603862,847.7915898175171,False,settled
b,yellow_ramp,ramp,0.0,1.3,0.0,0.4435915041917853,1015.2668363070646,False,settled
b,yellow_ramp,ramp,0.0,1.3,0.0,0.5089728905717151,997.5131996679654,False,settled
b,yellow_ramp,ramp,0.0,1.3,0.0,0.9980122713143236,848.3446205962595,False,settled
b,yellow_ramp,ramp,0.0,1.3,0.0,0.42814311197867383,1027.1966983903428,False,settled
b,yellow_ramp,ramp,0.0,1.3,0.0,0.5869019910489963,965.8633864898254,False,settled
b,yellow_ramp,ramp,0.0,1.3,0.0,1.0054686953720509,847.9571119355779,False,settled
b,yellow_ramp,ramp,0.0,1.3,0.0,0.6175226790756805,959.2721623528429,False,settled
b,yellow_ramp,ramp,0.0,1.3,0.0,0.23235918411229847,1111.6276228237198,False,settled
b,yellow_ramp,ramp,0.0,1.3,0.0,0.9215490467438358,867.4577014363784,False,settled
b,yellow_ramp,ramp,0.0,1.3,0.0,0.37457144667901027,1044.20816309894,False,settled
b,yellow_ramp,ramp,0.0,1.3,0.0,0.8867618945581571,875.525536316009,False,settled
b,yellow_ramp,ramp,0.0,1.3,0.0,0.8984227642150224,874.9715539423022,False,settled
b,yellow_ramp,ramp,0.0,1.3,0.0,0.6641698755777788,947.1448278248398,False,settled
b,yellow_ramp,ramp,0.0,1.3,0.0,0.713894442509135,929.0396901767355,False,settled
b,yellow_ramp,ramp,0.0,1.3,0.0,0.4089557693485399,1029.827599217131,False,settled
b,yellow_ramp,ramp,0.0,1.3,0.0,0.8263665467690362,892.2197280676462,False,settled
b,yellow_ramp,ramp,0.0,1.3,0.0,0.588945020317546,973.725699547768,False,settled
b,yellow_ramp,ramp,0.0,1.3,0.0,0.3647950394967094,1051.8320249215767,False,settled
b,yellow_ramp,ramp,0.0,1.3,0.0,1.1519700952193443,811.6696653243356,False,settled
b,yellow_ramp,ramp,0.0,1.3,0.0,0.5930827031178807,970.3313595534098,False,settled
b,yellow_ramp,ramp,0.0,1.3,0.0,0.31529772325286126,1077.3550007565448,False,settled
b,yellow_ramp,ramp,0.0,1.3,0.0,0.9574654909823646,858.0878821059916,False,settled
b,yellow_ramp,ramp,0.0,1.3,0.0,0.843627490599849,890.0405090475758,False,settled
b,yellow_ramp,ramp,0.0,1.3,0.0,0.3989682812667334,1034.3992284198298,False,settled
b,yellow_ramp,ramp,0.0,1.3,0.0,0.24656406044407875,1101.7958905338062,False,settled
b,yellow_ramp,ramp,0.0,1.3,0.0,1.0839500068037669,828.4673427499637,False,settled
b,yellow_ramp,ramp,0.0,1.3,0.0,0.4159863598808135,1036.661811505729,False,settled
b,yellow_ramp,ramp,0.0,1.3,0.0,0.5730045167324196,976.7080217450219,False,settled
b,yellow_ramp,ramp,0.0,1.3,0.0,0.8678516127123115,882.6791390374477,False,settled
b,yellow_ramp,ramp,0.0,1.3,0.0,0.5603964862526998,977.0738393996984,False,settled
b,yellow_ramp,ramp,0.0,1.3,0.0,0.37906728341028023,1040.7370485295226,False,settled
b,yellow_ramp,ramp,0.0,1.3,0.0,1.221736634646023,791.2045996162656,False,settled
b,yellow_ramp,ramp,0.0,1.3,0.0,1.0868172667858418,827.2990112891172,False,settled
b,yellow_ramp,ramp,0.0,1.3,0.0,1.2250332882487829,790.6732842272421,False,settled
b,yellow_ramp,ramp,0.0,1.3,0.0,1.0893808213407317,826.550545186893,False,settled
b,yellow_ramp,ramp,0.0,1.3,0.0,0.4237388045203459,1030.7042554323718,False,settled
b,yellow_ramp,ramp,0.0,1.3,0.0,0.6629858930797312,948.1417551220537,False,settled
b,yellow_ramp,ramp,0.0,1.3,0.0,0.880558516086886,876.2534069431313,False,settled
b,yellow_ramp,ramp,0.0,1.3,0.0,0.7773719008604434,910.0065158129612,False,settled
b,yellow_ramp,ramp,0.0,1.3,0.0,0.6311478881250668,956.9474707442242,False,settled
b,yellow_ramp,ramp,0.0,1.3,0.0,0.6771497302535758,938.6760714687409,False,settled
b,yellow_ramp,ramp,0.0,1.3,0.0,1.0223327972247136,843.6420756612388,False,settled
b,yellow_ramp,ramp,0.0,1.3,0.0,0.6977911503200812,934.9055193241404,False,settled
b,yellow_ramp,ramp,0.0,1.3,0.0,1.12259677659265,819.1390479801121,False,settled
b,yellow_ramp,ramp,0.0,1.3,0.0,0.9855304046991159,849.5105270116094,False,settled
b,yellow_ramp,ramp,0.0,1.3,0.0,0.6413719533223152,948.6460147326227,False,settled
b,yellow_ramp,ramp,0.0,1.3,0.0,0.2694297470519181,1087.823971902268,False,settled
b,yellow_ramp,ramp,0.0,1.3,0.0,0.761356110422435,914.1303144048572,False,settled
b,yellow_ramp,ramp,0.0,1.3,0.0,0.448530096466596,1023.4316035313504,False,settled
b,yellow_ramp,ramp,0.0,1.3,0.0,0.4771937721677481,1011.674722692784,False,settled
b,yellow_ramp,ramp,0.0,1.3,0.0,0.24835032573393395,1092.4762899045327,False,settled
b,yellow_ramp,ramp,0.0,1.3,0.0,0.2217836841008096,1106.3943552527194,False,settled
b,yellow_ramp,ramp,0.0,1.3,0.0,0.6704655101182828,942.0992995516506,False,settled
b,yellow_ramp,ramp,0.0,1.3,0.0,0.9062934926522778,872.3866333636945,False,settled
b,yellow_ramp,ramp,0.0,1.3,0.0,0.8787029042711758,877.8111413317632,False,settled
b,yellow_ramp,ramp,0.0,1.3,0.0,1.1669617383533704,808.6843493581058,False,settled
b,yellow_ramp,ramp,0.0,1.3,0.0,0.6378658595943215,951.5649707741331,False,settled
b,yellow_ramp,ramp,0.0,1.3,0.0,0.8275421882673917,891.065932143587,False,settled
b,yellow_ramp,ramp,0.0,1.3,0.0,0.45459575054824486,1020.5286880053657,False,settled
b,yellow_ramp,ramp,0.0,1.3,0.0,0.857842806801423,886.4993940677194,False,settled
b,yellow_ramp,ramp,0.0,1.3,0.0,1.0865576520691878,827.7232669607633,False,settled
b,yellow_ramp,ramp,0.0,1.3,0.0,0.6545526341058802,946.6028141104345,False,settled
b,yellow_ramp,ramp,0.0,1.3,0.0,0.5247732743981601,987.2005500688,False,settled
b,yellow_ramp,ramp,0.0,1.3,0.0,0.4304591423996809,1025.3521617387105,False,settled
b,yellow_ramp,ramp,0.0,1.3,0.0,0.9874714374265515,847.3414859003304,False,settled
b,yellow_ramp,ramp,0.0,1.3,0.0,0.98101436227026,850.2666293315503,False,settled
b,yellow_ramp,ramp,0.0,1.3,0.0,0.22752065536019933,1108.7639489806402,False,settled
b,yellow_ramp,ramp,0.0,1.3,0.0,0.8859134069058616,876.3760948748461,False,settled
b,yellow_ramp,ramp,0.0,1.3,0.0,0.5958131170102617,968.2594259324115,False,settled
b,yellow_ramp,ramp,0.0,1.3,0.0,0.4764458165135644,1012.280865403234,False,settled
b,yellow_ramp,ramp,0.0,1.3,0.0,0.686368721917811,935.9790570281523,False,settled
b,yellow_ramp,ramp,0.0,1.3,0.0,0.8392618397002202,892.8223529453868,False,settled
b,yellow_ramp,ramp,0.0,1.3,0.0,0.6107986657574783,964.4432789784308,False,settled
b,yellow_ramp,ramp,0.0,1.3,0.0,0.4868515976853462,1003.9033056238828,False,settled
b,yellow_ramp,ramp,0.0,1.3,0.0,0.5474328693216113,987.420095055346,False,settled
b,yellow_ramp,ramp,0.0,1.3,0.0,0.8888390579641509,873.7202286942211,False,settled
b,yellow_ramp,ramp,0.0,1.3,0.0,0.7219366230241426,922.1771791530589,False,settled
b,yellow_ramp,ramp,0.0,1.3,0.0,0.831223103346608,894.057277681283,False,settled
b,yellow_ramp,ramp,0.0,1.3,0.0,1.1058989363324154,822.9570719412291,False,settled
b,yellow_ramp,ramp,0.0,1.3,0.0,0.37264828234861064,1045.7007320671594,False,settled
b,yellow_ramp,ramp,0.0,1.3,0.0,0.2965117756306371,1076.7262269006303,False,settled
b,yellow_ramp,ramp,0.0,1.3,0.0,0.4257197486217055,1029.126669303578,False,settled
b,yellow_ramp,ramp,0.0,1.3,0.0,0.6537801562261729,947.2550695377857,False,settled
b,yellow_ramp,ramp,0.0,1.3,0.0,0.5161142613236706,991.8775472425922,False,settled
b,yellow_ramp,ramp,0.0,1.3,0.0,0.9681446412346857,851.2084192806716,False,settled
b,yellow_ramp,ramp,0.0,1.3,0.0,0.8932131489314443,874.6802465548111,False,settled
b,yellow_ramp,ramp,0.0,1.3,0.0,0.49112730387530196,1000.4910123016869,False,settled
b,yellow_ramp,ramp,0.0,1.3,0.0,1.0945159283958343,825.9163445657575,False,settled
b,yellow_ramp,ramp,0.0,1.3,0.0,1.1685831475235287,807.4770539331814,False,settled
b,yellow_ramp,ramp,0.0,1.3,0.0,1.0261546601589415,842.7905490253534,False,settled
b,yellow_ramp,ramp,0.0,1.3,0.0,0.38045770886710567,1039.663009172353,False,settled
b,yellow_ramp,ramp,0.0,1.3,0.0,0.7172378414432841,926.1308888520598,False,settled
b,yellow_ramp,ramp,0.0,1.3,0.0,0.8865473953902193,875.7405073231761,False,settled
b,yellow_ramp,ramp,0.0,1.3,0.0,0.6747561237529419,939.3786255132998,False,settled
b,yellow_ramp,ramp,0.0,1.3,0.0,0.9569047591436701,854.2225461710589,False,settled
b,yellow_ramp,ramp,0.0,1.3,0.0,0.3659272527568051,1050.9465673688885,False,settled
b,yellow_ramp,ramp,0.0,1.3,0.0,0.699441818011842,933.4688443393269,False,settled
b,yellow_ramp,ramp,0.0,1.3,0.0,0.8156398963954257,895.5161890017973,False,settled
b,yellow_ramp,ramp,0.0,1.3,0.0,0.8733047632273866,877.7068014626938,False,settled
b,yellow_ramp,ramp,0.0,1.3,0.0,0.7194868231136161,924.2650809234417,False,settled
b,yellow_ramp,ramp,0.0,1.3,0.0,0.8045802071462564,898.9755831963547,False,settled
b,yellow_ramp,ramp,0.0,1.3,0.0,0.47801776175631633,1011.0069588245276,False,settled
b,yellow_ramp,ramp,0.0,1.3,0.0,0.28883982907737554,1076.6463518590947,False,settled
b,yellow_ramp,ramp,0.0,1.3,0.0,0.22528307813877307,1109.3548141508306,False,settled
b,yellow_ramp,ramp,0.0,1.3,0.0,0.9713029445296107,852.2260654440641,False,settled
b,yellow_ramp,ramp,0.0,1.3,0.0,0.6862582739588622,936.0110264226934,False,settled
b,yellow_ramp,ramp,0.0,1.3,0.0,0.6954068066472318,936.7276741316025,False,settled
b,yellow_ramp,ramp,0.0,1.3,0.0,0.7047907515412554,928.9395803708558,False,settled
b,yellow_ramp,ramp,0.0,1.3,0.0,0.9504097028577412,856.4407597340665,False,settled
b,yellow_ramp,ramp,0.0,1.3,0.0,0.9717817984056871,851.7718783255164,False,settled
b,yellow_ramp,ramp,0.0,1.3,0.0,0.22588659099468314,1103.8879111749197,False,settled
b,yellow_ramp,ramp,0.0,1.3,0.0,0.7010586910076665,932.070221810695,False,settled
b,yellow_ramp,ramp,0.0,1.3,0.0,0.4392618296078038,1018.5576180474942,False,settled
b,yellow_ramp,ramp,0.0,1.3,0.0,0.5289744528521827,986.2218797220175,False,settled
b,yellow_ramp,ramp,0.0,1.3,0.0,1.0191810096907046,843.525728723053,False,settled
b,yellow_ramp,ramp,0.0,1.3,0.0,0.6938697009089665,938.064106760066,False,settled
b,yellow_ramp,ramp,0.0,1.3,0.0,0.9765698038277307,850.8346772634873,False,settled
b,yellow_ramp,ramp,0.0,1.3,0.0,1.0817849519343699,828.436324446878,False,settled
b,yellow_ramp,ramp,0.0,1.3,0.0,1.0901144137551828,826.4652028934776,False,settled
b,yellow_ramp,ramp,0.0,1.3,0.0,0.8032630009893661,900.1917452951885,False,settled
b,yellow_ramp,ramp,0.0,1.3,0.0,0.4435466800972005,1015.301394647014,False,settled
b,yellow_ramp,ramp,0.0,1.3,0.0,0.3590058790777806,1056.3542599386144,False,settled
b,yellow_ramp,ramp,0.0,1.3,0.0,0.9523308397892402,858.9340672098105,False,settled
b,yellow_ramp,ramp,0.0,1.3,0.0,0.4392470470981129,1018.5690776375417,False,settled
b,yellow_ramp,ramp,0.0,1.3,0.0,0.5488190614219763,986.2769360398976,False,settled
b,yellow_ramp,ramp,0.0,1.3,0.0,1.2104605441760383,797.7566370790646,False,settled
b,yellow_ramp,ramp,0.0,1.3,0.0,0.7878852452753934,907.4684544880201,False,settled
b,yellow_ramp,ramp,0.0,1.3,0.0,0.8021427671063099,901.2301683603002,False,settled
b,yellow_ramp,ramp,0.0,1.3,0.0,1.0480834833275423,837.3681667467607,False,settled
b,yellow_ramp,ramp,0.0,1.3,0.0,0.8447811617487241,889.5501756422881,False,settled
b,yellow_ramp,ramp,0.0,1.3,0.0,0.3808688245990395,1039.3466653793664,False,settled
b,yellow_ramp,ramp,0.0,1.3,0.0,0.6414507309469312,948.5805223543421,False,settled
b,yellow_ramp,ramp,0.0,1.3,0.0,0.7203789371789409,923.416123784022,False,settled
b,yellow_ramp,ramp,0.0,1.3,0.0,1.1452067648050748,812.5675447575629,False,settled
b,yellow_ramp,ramp,0.0,1.3,0.0,1.21188493514549,794.773509562946,False,settled
b,yellow_ramp,ramp,0.0,1.3,0.0,0.7438120560287477,918.5881288203673,False,settled
b,yellow_ramp,ramp,0.0,1.3,0.0,0.23288011828722455,1101.3312027918575,False,settled
b,yellow_ramp,ramp,0.0,1.3,0.0,1.020380021709676,843.4717357026443,False,settled
b,yellow_ramp,ramp,0.0,1.3,0.0,0.25851277013506,1094.5300371536982,False,settled
b,yellow_ramp,ramp,0.0,1.3,0.0,0.8830996394983811,879.196721662599,False,settled
b,yellow_ramp,ramp,0.0,1.3,0.0,0.5733189244056405,976.4484853287764,False,settled
b,yellow_ramp,ramp,0.0,1.3,0.0,0.5652857732603255,973.220706355077,False,settled
b,yellow_ramp,ramp,0.0,1.3,0.0,0.8233067413180625,894.947901183039,False,settled
b,yellow_ramp,ramp,0.0,1.3,0.0,0.2286160327632928,1106.009325843766,False,settled
b,yellow_ramp,ramp,0.0,1.3,0.0,0.3497389149438468,1063.431860964117,False,settled
b,yellow_ramp,ramp,0.0,1.3,0.0,0.9338072743724425,861.039787169549,False,settled
b,yellow_ramp,ramp,0.0,1.3,0.0,0.8784424105525207,878.0706843927317,False,settled
b,yellow_ramp,ramp,0.0,1.3,0.0,1.2172813415541848,794.1540489929106,False,settled
b,yellow_ramp,ramp,0.0,1.3,0.0,1.0729119052859688,831.6888285699443,False,settled
b,yellow_ramp,ramp,0.0,1.3,0.0,0.3288539373617743,1071.9494626949822,False,settled
b,yellow_ramp,ramp,0.0,1.3,0.0,1.1170825640296653,819.1839144780954,False,settled
b,yellow_ramp,ramp,0.0,1.3,0.0,0.8483299897622527,888.0567008598921,False,settled
b,yellow_ramp,ramp,0.0,1.3,0.0,0.2230432284542162,1104.49622047061,False,settled
b,yellow_ramp,ramp,0.0,1.3,0.0,0.2356999376702973,1104.925364120173,False,settled
b,yellow_ramp,ramp,0.0,1.3,0.0,0.24365115142893412,1108.7731033460618,False,settled
b,yellow_ramp,ramp,0.0,1.3,0.0,1.1249855922169782,819.4396042553946,False,settled
b,yellow_ramp,ramp,0.0,1.3,0.0,0.22530778291530332,1109.8450240404086,False,settled
b,yellow_ramp,ramp,0.0,1.3,0.0,0.36020407265460036,1055.420565575217,False,settled
b,yellow_ramp,ramp,0.0,1.3,0.0,0.8950239915035417,873.2040637819211,False,settled
b,yellow_ramp,ramp,0.0,1.3,0.0,0.5806220773013698,970.7667124005872,False,settled
b,yellow_ramp,ramp,0.0,1.3,0.0,0.6624125318793966,948.694979808253,False,settled
b,yellow_ramp,ramp,0.0,1.3,0.0,0.9685650830087541,855.0882994249623,False,settled
b,yellow_ramp,ramp,0.0,1.3,0.0,0.7413222655777909,920.7519408341826,False,settled
b,yellow_ramp,ramp,0.0,1.3,0.0,0.8253952461107322,893.0273842773702,False,settled
b,yellow_ramp,ramp,0.0,1.3,0.0,0.5718138817555248,977.6908569323826,False,settled
b,yellow_ramp,ramp,0.0,1.3,0.0,0.8728010052592209,878.096757103385,False,settled
b,yellow_ramp,ramp,0.0,1.3,0.0,0.2586577192761583,1094.7553201119224,False,settled
b,yellow_ramp,ramp,0.0,1.3,0.0,0.7254391445570202,926.8832785781663,False,settled
b,yellow_ramp,ramp,0.0,1.3,0.0,0.6356288038194388,953.4408507557708,False,settled
b,yellow_ramp,ramp,0.0,1.3,0.0,0.9773611336860425,850.0205607610538,False,settled
b,yellow_ramp,ramp,0.0,1.3,0.0,0.9154348521243381,868.4892259094129,False,settled
b,yellow_ramp,ramp,0.0,1.3,0.0,0.278563702634511,1083.9683658943065,False,settled
b,yellow_ramp,ramp,0.0,1.3,0.0,0.8610511466209119,883.3679644423495,False,settled
b,yellow_ramp,ramp,0.0,1.3,0.0,0.6332345573312361,955.1902116301126,False,settled
b,yellow_ramp,ramp,0.0,1.3,0.0,0.831791670348745,893.5206293911616,False,settled
b,yellow_ramp,ramp,0.0,1.3,0.0,1.1435965255688396,813.4034263332642,False,settled
b,yellow_ramp,ramp,0.0,1.3,0.0,1.141692310331235,813.9357986299314,False,settled
b,yellow_ramp,ramp,0.0,1.3,0.0,0.40934075572896045,1029.5245947826456,False,settled
b,yellow_ramp,ramp,0.0,1.3,0.0,1.0586703966162188,832.6518074250397,False,settled
b,yellow_ramp,ramp,0.0,1.3,0.0,0.5784922617151375,972.1962270081558,False,settled
b,yellow_ramp,ramp,0.0,1.3,0.0,0.5994324197382277,967.3332390035008,False,settled
b,yellow_ramp,ramp,0.0,1.3,0.0,0.4472510201389117,1024.4457691714786,False,settled
b,yellow_ramp,ramp,0.0,1.3,0.0,1.1463278989598698,812.8770390442141,False,settled
b,yellow_ramp,ramp,0.0,1.3,0.0,0.48781688254629757,1003.1312172867442,False,settled
b,yellow_ramp,ramp,0.0,1.3,0.0,0.5509794268073792,984.5018666368126,False,settled
b,yellow_ramp,ramp,0.0,1.3,0.0,1.1656019099084738,809.1107777410424,False,settled
b,yellow_ramp,ramp,0.0,1.3,0.0,0.25364514970887053,1102.9044511500385,False,settled
b,yellow_ramp,ramp,0.0,1.3,0.0,0.6375908090645547,951.7955810173594,False,settled
b,yellow_ramp,ramp,0.0,1.3,0.0,0.5689791959014794,980.0315175072208,False,settled
b,yellow_ramp,ramp,0.0,1.3,0.0,0.6401046520675511,949.7796034505168,False,settled
b,yellow_ramp,ramp,0.0,1.3,0.0,0.6624502363059085,948.6638917053308,False,settled
b,yellow_ramp,ramp,0.0,1.3,0.0,0.37995773103988234,1040.05053226043,False,settled
b,yellow_ramp,ramp,0.0,1.3,0.0,0.35055472318296554,1062.782536592933,False,settled
b,yellow_ramp,ramp,0.0,1.3,0.0,0.8984950109687471,874.897664647643,False,settled
b,yellow_ramp,ramp,0.0,1.3,0.0,0.6869957192080115,935.79756315136,False,settled
b,yellow_ramp,ramp,0.0,1.3,0.0,0.6624952791224958,948.6267529307783,False,settled
b,yellow_ramp,ramp,0.0,1.3,0.0,0.9283182057553586,865.5657828766607,False,settled
b,yellow_ramp,ramp,0.0,1.3,0.0,0.7262820213634867,926.1381666973355,False,settled
b,yellow_ramp,ramp,0.0,1.3,0.0,1.0225366356769654,843.3753867240235,False,settled
b,yellow_ramp,ramp,0.0,1.3,0.0,0.5888239000134406,973.8251528186601,False,settled
b,yellow_ramp,ramp,0.0,1.3,0.0,0.5728854999762119,976.8062671807061,False,settled
b,yellow_ramp,ramp,0.0,1.3,0.0,0.9165431906980872,867.6070065256295,False,settled
b,yellow_ramp,ramp,0.0,1.3,0.0,0.8743277725461895,882.1705302068698,False,settled
b,yellow_ramp,ramp,0.0,1.3,0.0,0.48558012224323593,1004.9254049500026,False,settled
b,yellow_ramp,ramp,0.0,1.3,0.0,0.760156653465442,914.5502802490453,False,settled
b,yellow_ramp,ramp,0.0,1.3,0.0,0.6595022621045872,942.5254755354649,False,settled
b,yellow_ramp,ramp,0.0,1.3,0.0,0.7829957146191475,904.9817522450172,False,settled
b,yellow_ramp,ramp,0.0,1.3,0.0,0.4244364290584362,1030.1485426699828,False,settled
b,yellow_ramp,ramp,0.0,1.3,0.0,0.39559884911756543,1034.9826483464499,False,settled
b,yellow_ramp,ramp,0.0,1.3,0.0,0.7890776703065415,906.3705304510496,False,settled
b,yellow_ramp,ramp,0.0,1.3,0.0,0.3142483034577592,1078.1819026674036,False,settled
b,yellow_ramp,ramp,0.0,1.3,0.0,0.36221882207505646,1053.8470138899852,False,settled
b,yellow_ramp,ramp,0.0,1.3,0.0,0.7464544364023443,916.3722562803664,False,settled
b,yellow_ramp,ramp,0.0,1.3,0.0,0.33829467098825544,1056.9830363159733,False,settled
b,yellow_ramp,ramp,0.0,1.3,0.0,0.9038436825919248,869.7105027292434,False,settled
b,yellow_ramp,ramp,0.0,1.3,0.0,0.515492204942409,992.3667045148209,False,settled
b,yellow_ramp,ramp,0.0,1.3,0.0,0.6237333432937185,954.1291744741951,False,settled
b,yellow_ramp,ramp,0.0,1.3,0.0,0.40113340972436506,1034.0843829430576,False,settled
b,yellow_ramp,ramp,0.0,1.3,0.0,0.35745586789847644,1057.574651981984,False,settled
b,yellow_ramp,ramp,0.0,1.3,0.0,0.6482327947196492,951.6373203220695,False,settled
b,yellow_ramp,ramp,0.0,1.3,0.0,1.1449059945268312,813.2812868816022,False,settled
b,yellow_ramp,ramp,0.0,1.3,0.0,0.8351587101137907,890.3561822307121,False,settled
b,yellow_ramp,ramp,0.0,1.3,0.0,0.3387887310968384,1056.9260350136517,False,settled
b,yellow_ramp,ramp,0.0,1.3,0.0,0.22935763032550177,1101.5138423453786,False,settled
b,yellow_ramp,ramp,0.0,1.3,0.0,1.1308246870181888,817.3229531564837,False,settled
b,yellow_ramp,ramp,0.0,1.3,0.0,0.48395188537632716,1006.2342786786875,False,settled
b,yellow_ramp,ramp,0.0,1.3,0.0,0.39025386754964764,1035.7053371406034,False,settled
b,yellow_ramp,ramp,0.0,1.3,0.0,0.4511029776147499,1021.393500272263,False,settled
b,yellow_ramp,ramp,0.0,1.3,0.0,0.9112610107857513,867.6478162399613,False,settled
b,yellow_ramp,ramp,0.0,1.3,0.0,0.5804194057422023,970.925785796323,False,settled
b,yellow_ramp,ramp,0.0,1.3,0.0,0.6374960788036074,951.8750053400935,False,settled
b,yellow_ramp,ramp,0.0,1.3,0.0,0.5385636453297634,984.2944408308991,False,settled
b,yellow_ramp,ramp,0.0,1.3,0.0,1.1430226893454865,813.8429492996411,False,settled
b,yellow_ramp,ramp,0.0,1.3,0.0,0.38318184632018365,1050.5370847752304,False,settled
b,yellow_ramp,ramp,0.0,1.3,0.0,0.33668947818096906,1057.0948561320147,False,settled
b,yellow_ramp,ramp,0.0,1.3,0.0,0.6306869959086925,957.336699160718,False,settled
b,yellow_ramp,ramp,0.0,1.3,0.0,0.8352754626696938,890.246430419908,False,settled
b,yellow_ramp,ramp,0.0,1.3,0.0,0.8714745058367639,879.3928705423563,False,settled
b,yellow_ramp,ramp,0.0,1.3,0.0,0.6184994037885924,958.4600911254812,False,settled
b,yellow_ramp,ramp,0.0,1.3,0.0,0.7441214027122688,918.3181925143485,False,settled
b,yellow_ramp,ramp,0.0,1.3,0.0,0.4022326797738043,1033.9245148780926,False,settled
b,yellow_ramp,ramp,0.0,1.3,0.0,1.0229034807901964,842.8984056408423,False,settled
b,yellow_ramp,ramp,0.0,1.3,0.0,0.30941609245234064,1067.6932681404166,False,settled
b,yellow_ramp,ramp,0.0,1.3,0.0,0.41712088079831755,1035.9991421910322,False,settled
b,yellow_ramp,ramp,0.0,1.3,0.0,0.7817023066440533,906.0648769901796,False,settled
b,yellow_ramp,ramp,0.0,1.3,0.0,0.9820556375914448,849.1508862086808,False,settled
b,yellow_ramp,ramp,0.0,1.3,0.0,0.5547436888181224,981.4222198303545,False,settled
b,yellow_ramp,ramp,0.0,1.3,0.0,0.2709199445691662,1089.2748676923948,False,settled
b,yellow_ramp,ramp,0.0,1.3,0.0,0.5052795259138463,1000.419136795021,False,settled
b,yellow_ramp,ramp,0.0,1.3,0.0,0.4087939839370909,1029.9549343536253,False,settled
b,yellow_ramp,ramp,0.0,1.3,0.0,1.1504955688654106,811.617337600377,False,settled
b,yellow_ramp,ramp,0.0,1.3,0.0,0.3130582484847606,1079.1193335530234,False,settled
b,yellow_ramp,ramp,0.0,1.3,0.0,0.6725272999391431,940.3629548664603,False,settled
b,yellow_ramp,ramp,0.0,1.3,0.0,0.3355841867152169,1057.229218404213,False,settled
b,yellow_ramp,ramp,0.0,1.3,0.0,0.28654465926371464,1077.8676930666536,False,settled
b,yellow_ramp,ramp,0.0,1.3,0.0,0.4949904549190306,997.7962321106257,False,settled
b,yellow_ramp,ramp,0.0,1.3,0.0,1.0566989868492564,835.2233186591486,False,settled
b,yellow_ramp,ramp,0.0,1.3,0.0,0.9071900955043828,871.4676541146082,False,settled
b,yellow_ramp,ramp,0.0,1.3,0.0,0.6924905995499542,931.3021548472149,False,settled
b,yellow_ramp,ramp,0.0,1.3,0.0,0.8895193948744116,873.1487775653104,False,settled
b,yellow_ramp,ramp,0.0,1.3,0.0,0.7496918028209086,913.5982630990628,False,settled
b,yellow_ramp,ramp,0.0,1.3,0.0,0.4375707232491121,1019.7756380394236,False,settled
b,yellow_ramp,ramp,0.0,1.3,0.0,1.0944906372428693,825.9595627981624,False,settled
b,yellow_ramp,ramp,0.0,1.3,0.0,0.40107545001377287,1034.092811734744,False,settled
b,yellow_ramp,ramp,0.0,1.3,0.0,0.4394868407175215,1018.3831947626664,False,settled
b,yellow_ramp,ramp,0.0,1.3,0.0,0.23168079812056877,1107.8459474774988,False,settled
b,yellow_ramp,ramp,0.0,1.3,0.0,1.1399415534487034,814.8952047226239,False,settled
b,yellow_ramp,ramp,0.0,1.3,0.0,0.2591686934544569,1094.9378010152154,False,settled
b,yellow_ramp,ramp,0.0,1.3,0.0,0.22020358618917696,1115.4558294821618,False,settled
b,yellow_ramp,ramp,0.0,1.3,0.0,0.4157730521327668,1036.8327795988953,False,settled
b,yellow_ramp,ramp,0.0,1.3,0.0,0.2333463960825919,1104.959373696622,False,settled
b,yellow_ramp,ramp,0.0,1.3,0.0,1.1086373088453731,822.1432133508432,False,settled
b,yellow_ramp,ramp,0.0,1.3,0.0,1.0216983847453458,844.4715798186285,False,settled
b,yellow_ramp,ramp,0.0,1.3,0.0,0.48415205767891334,1006.073369185838,False,settled
b,yellow_ramp,ramp,0.0,1.3,0.0,0.8843999475331438,877.8932349668825,False,settled
b,yellow_ramp,ramp,0.0,1.3,0.0,0.5566363400391328,979.8742365067012,False,settled
b,yellow_ramp,ramp,0.0,1.3,0.0,0.7172945431770598,926.0815691427299,False,settled
b,yellow_ramp,ramp,0.0,1.3,0.0,0.298133288786918,1075.7353448598697,False,settled
b,yellow_ramp,ramp,0.0,1.3,0.0,0.41614516811581437,1036.782051680114,False,settled
b,yellow_ramp,ramp,0.0,1.3,0.0,0.711580637967423,931.0693850433902,False,settled
b,yellow_ramp,ramp,0.0,1.3,0.0,0.5115519118500073,995.479758844625,False,settled
b,yellow_ramp,ramp,0.0,1.3,0.0,0.5366330168367542,984.6972142093306,False,settled
b,yellow_ramp,ramp,0.0,1.3,0.0,0.23180019176082575,1109.0634908372517,False,settled
b,yellow_ramp,ramp,0.0,1.3,0.0,0.8385662323829824,887.289764263277,False,settled
b,yellow_ramp,ramp,0.0,1.3,0.0,0.5856794591593188,966.7411290934531,False,settled
b,yellow_ramp,ramp,0.0,1.3,0.0,0.5733826188754133,976.3959068916971,False,settled
b,yellow_ramp,ramp,0.0,1.3,0.0,0.49201237025354,999.7850848814669,False,settled
b,yellow_ramp,ramp,0.0,1.3,0.0,1.2128631522979858,796.4677247345693,False,settled
b,yellow_ramp,ramp,0.0,1.3,0.0,0.6626542837587949,948.4956500541429,False,settled
b,yellow_ramp,ramp,0.0,1.3,0.0,0.7342612267104002,919.1509047041632,False,settled
b,yellow_ramp,ramp,0.0,1.3,0.0,0.49773108493675877,1006.5480885138238,False,settled
b,yellow_ramp,ramp,0.0,1.3,0.0,0.2608322286703213,1097.8631275704674,False,settled
b,yellow_ramp,ramp,0.0,1.3,0.0,0.4606640167294508,1019.3884001130856,False,settled
b,yellow_ramp,ramp,0.0,1.3,0.0,0.8704508944439164,880.1209303752546,False,settled
b,yellow_ramp,ramp,0.0,1.3,0.0,1.1309723165485046,817.1258258464339,False,settled
b,yellow_ramp,ramp,0.0,1.3,0.0,0.5797057627523213,971.2100455680713,False,settled
b,yellow_ramp,ramp,0.0,1.3,0.0,0.7199008799397203,923.8318256651783,False,settled
b,yellow_ramp,ramp,0.0,1.3,0.0,1.1281586007532083,817.064955325776,False,settled
b,yellow_ramp,ramp,0.0,1.3,0.0,1.1605661605932973,809.0914023515652,False,settled
b,yellow_ramp,ramp,0.0,1.3,0.0,1.1104533482704777,822.0142738796142,False,settled
b,yellow_ramp,ramp,0.0,1.3,0.0,1.0023340834342456,848.9950584952887,False,settled
b,yellow_ramp,ramp,0.0,1.3,0.0,1.0152926485396767,844.3321297918708,False,settled
b,yellow_ramp,ramp,0.0,1.3,0.0,0.9956668751736154,846.3731521831653,False,settled
b,yellow_ramp,ramp,0.0,1.3,0.0,0.5802789954281501,971.0367397053445,False,settled
b,yellow_ramp,ramp,0.0,1.3,0.0,1.1868361319550966,803.3396504299435,False,settled
b,yellow_ramp,ramp,0.0,1.3,0.0,0.4581855817147773,1019.8543039291371,False,settled
b,yellow_ramp,ramp,0.0,1.3,0.0,0.5589695974727968,977.968086227288,False,settled
b,yellow_ramp,ramp,0.0,1.3,0.0,0.4284269839409762,1026.9706288700515,False,settled
b,yellow_ramp,ramp,0.0,1.3,0.0,0.38771553093307154,1036.192441431529,False,settled
b,yellow_ramp,ramp,0.0,1.3,0.0,0.3387748009134499,1056.9276419909722,False,settled
b,yellow_ramp,ramp,0.0,1.3,0.0,0.2855033470397081,1081.4726879729244,False,settled
b,yellow_ramp,ramp,0.0,1.3,0.0,0.46835011053239406,1006.4757389063777,False,settled
b,yellow_ramp,ramp,0.0,1.3,0.0,0.8667959673972797,883.7245870712954,False,settled
b,yellow_ramp,ramp,0.0,1.3,0.0,1.2155759027505613,795.0220190416377,False,settled
b,yellow_ramp,ramp,0.0,1.3,0.0,0.5387197616851973,984.2618712525671,False,settled
b,yellow_ramp,ramp,0.0,1.3,0.0,0.4423806509378918,1016.0954208662417,False,settled
b,yellow_ramp,ramp,0.0,1.3,0.0,0.7346150164679067,918.8450294983522,False,settled
b,yellow_ramp,ramp,0.0,1.3,0.0,0.7827131088850415,905.2379374519115,False,settled
b,yellow_ramp,ramp,0.0,1.3,0.0,0.6533263689047544,947.5883593712616,False,settled
b,yellow_ramp,ramp,0.0,1.3,0.0,0.8721470847186628,878.7348193363289,False,settled
b,yellow_ramp,ramp,0.0,1.3,0.0,0.4766595332511379,1012.1076698930646,False,settled
b,yellow_ramp,ramp,0.0,1.3,0.0,0.8880548791436058,874.5037559191924,False,settled
b,yellow_ramp,ramp,0.0,1.3,0.0,0.39203345911224363,1035.437475891662,False,settled
b,yellow_ramp,ramp,0.0,1.3,0.0,0.5710108433776867,978.3539863936644,False,settled
b,yellow_ramp,ramp,0.0,1.3,0.0,0.602652983388443,966.5093687194457,False,settled
b,yellow_ramp,ramp,0.0,1.3,0.0,0.31865634227238165,1074.8003853198063,False,settled
b,yellow_ramp,ramp,0.0,1.3,0.0,1.211718759826622,795.794829140972,False,settled
b,yellow_ramp,ramp,0.0,1.3,0.0,1.1043163591778804,822.4956640736992,False,settled
b,yellow_ramp,ramp,0.0,1.3,0.0,0.5724087569481034,977.1998058335674,False,settled
b,yellow_ramp,ramp,0.0,1.3,0.0,1.1930790930090476,801.3908961721185,False,settled
b,yellow_ramp,ramp,0.0,1.3,0.0,0.2974802901770496,1076.136624695188,False,settled
b,yellow_ramp,ramp,0.0,1.3,0.0,0.9005461924129906,872.7996585742311,False,settled
b,yellow_ramp,ramp,0.0,1.3,0.0,0.2832618861202386,1082.3083163748433,False,settled
b,yellow_ramp,ramp,0.0,1.3,0.0,0.41425215025284196,1038.0520252770316,False,settled
b,yellow_ramp,ramp,0.0,1.3,0.0,0.7741436361782562,912.9580253851701,False,settled
b,yellow_ramp,ramp,0.0,1.3,0.0,0.929457217806057,864.3681116326587,False,settled
b,yellow_ramp,ramp,0.0,1.3,0.0,0.6370930569447067,952.2129079979738,False,settled
b,yellow_ramp,ramp,0.0,1.3,0.0,1.008981851030736,847.9643981139691,False,settled
b,yellow_ramp,ramp,0.0,1.3,0.0,1.0730580509262695,831.46042836343,False,settled
b,yellow_ramp,ramp,0.0,1.3,0.0,0.7511401401797192,919.7107680673793,False,settled
b,yellow_ramp,ramp,0.0,1.3,0.0,0.24950198425689704,1094.7883599830477,False,settled
b,yellow_ramp,ramp,0.0,1.3,0.0,1.1861174893515098,803.3486893215015,False,settled
b,yellow_ramp,ramp,0.0,1.3,0.0,0.4364161073995755,1020.6433977763119,False,settled
b,yellow_ramp,ramp,0.0,1.3,0.0,0.41943125978821333,1034.145671025976,False,settled
b,yellow_ramp,ramp,0.0,1.3,0.0,0.6613671015545943,941.0791620833987,False,settled
b,yellow_ramp,ramp,0.0,1.3,0.0,1.1505166989221969,811.5684959796752,False,settled
b,yellow_ramp,ramp,0.0,1.3,0.0,0.9039244759008978,869.6284356595381,False,settled
b,yellow_ramp,ramp,0.0,1.3,0.0,0.3847718659144957,1049.458441546219,False,settled
b,yellow_ramp,ramp,0.0,1.3,0.0,0.8907755361690525,877.1558487241095,False,settled
b,yellow_ramp,ramp,0.0,1.3,0.0,0.8692412007829743,881.3088775604725,False,settled
b,yellow_ramp,ramp,0.0,1.3,0.0,0.8007923809657175,902.4818968451835,False,settled
b,yellow_ramp,ramp,0.0,1.3,0.0,0.32408754223974245,1072.5780412742536,False,settled
b,yellow_ramp,ramp,0.0,1.3,0.0,0.7199399048293057,923.7978880497038,False,settled
b,yellow_ramp,ramp,0.0,1.3,0.0,1.1247619351382578,817.782592525884,False,settled
b,yellow_ramp,ramp,0.0,1.3,0.0,0.8728152451598361,878.0827647947262,False,settled
b,yellow_ramp,ramp,0.0,1.3,0.0,0.9887385881741576,845.8103100687915,False,settled
b,yellow_ramp,ramp,0.0,1.3,0.0,0.39707919887152704,1034.7643339939093,False,settled
b,yellow_ramp,ramp,0.0,1.3,0.0,0.23263963012461644,1100.250388861977,False,settled
b,yellow_ramp,ramp,0.0,1.3,0.0,0.8734510179104854,877.4938230920499,False,settled
b,yellow_ramp,ramp,0.0,1.3,0.0,0.9026060518867,871.0413444272958,False,settled
b,yellow_ramp,ramp,0.0,1.3,0.0,0.42177664695593287,1032.2667662993294,False,settled
b,yellow_ramp,ramp,0.0,1.3,0.0,0.40205980351818993,1033.9496569496773,False,settled
b,yellow_ramp,ramp,0.0,1.3,0.0,1.1516275166064973,811.7038494109372,False,settled
b,yellow_ramp,ramp,0.0,1.3,0.0,0.27025541046165347,1088.6311426307216,False,settled
b,yellow_ramp,ramp,0.0,1.3,0.0,0.7450948484951021,917.4687439934803,False,settled
b,yellow_ramp,ramp,0.0,1.3,0.0,1.0654015241934727,832.186896033671,False,settled
b,yellow_ramp,ramp,0.0,1.3,0.0,0.8365569066835263,889.1296508363613,False,settled
b,yellow_ramp,ramp,0.0,1.3,0.0,1.140497261456837,814.7193474812204,False,settled
b,yellow_ramp,ramp,0.0,1.3,0.0,0.6263299827033137,961.0168076664315,False,settled
b,yellow_ramp,ramp,0.0,1.3,0.0,0.4297146167566653,1025.9451336846557,False,settled
b,yellow_ramp,ramp,0.0,1.3,0.0,0.9192921812152699,864.9074954233996,False,settled
b,yellow_ramp,ramp,0.0,1.3,0.0,0.5316056876329504,985.6688689904859,False,settled
b,yellow_ramp,ramp,0.0,1.3,0.0,0.3515415627134783,1061.9969428999977,False,settled
b,yellow_ramp,ramp,0.0,1.3,0.0,0.8032686388564275,900.1865190894251,False,settled
b,yellow_ramp,ramp,0.0,1.3,0.0,0.8891118833918062,873.451266630089,False,settled
b,yellow_ramp,ramp,0.0,1.3,0.0,0.2775351346086627,1084.4816394516176,False,settled
b,yellow_ramp,ramp,0.0,1.3,0.0,0.26308890321887396,1098.6461670973438,False,settled
b,yellow_ramp,ramp,0.0,1.3,0.0,0.5848140866558467,967.4259969227589,False,settled
b,yellow_ramp,ramp,0.0,1.3,0.0,0.8466765629497754,888.7525972066117,False,settled
b,yellow_ramp,ramp,0.0,1.3,0.0,0.4359944839572287,1020.9766229326598,False,settled
b,yellow_ramp,ramp,0.0,1.3,0.0,1.118220064737249,820.1851709510781,False,settled
b,yellow_ramp,ramp,0.0,1.3,0.0,0.345941405148419,1052.8125962149184,False,settled
b,yellow_ramp,ramp,0.0,1.3,0.0,0.3036578169531481,1072.0205911987528,False,settled
b,yellow_ramp,ramp,0.0,1.3,0.0,1.1538679826429985,811.8295147371025,False,settled
b,yellow_ramp,ramp,0.0,1.3,0.0,0.4658717797284558,1018.4099335242421,False,settled
b,yellow_ramp,ramp,0.0,1.3,0.0,0.6994457408766874,933.4654299830536,False,settled
b,yellow_ramp,ramp,0.0,1.3,0.0,0.9299851855662892,864.0678179762318,False,settled
b,yellow_ramp,ramp,0.0,1.3,0.0,0.7917943977092279,903.869554942697,False,settled
b,yellow_ramp,ramp,0.0,1.3,0.0,0.6661952746069432,945.4420338451959,False,settled
b,yellow_ramp,ramp,0.0,1.3,0.0,0.4531576791691142,1020.7989890900566,False,settled
b,yellow_ramp,ramp,0.0,1.3,0.0,0.27044113879755255,1088.8117361993027,False,settled
b,yellow_ramp,ramp,0.0,1.3,0.0,0.3563923873933079,1058.412733969174,False,settled
b,yellow_ramp,ramp,0.0,1.3,0.0,0.4123265874784912,1027.2152953812888,False,settled
b,yellow_ramp,ramp,0.0,1.3,0.0,0.8898188577300251,872.7942056500808,False,settled
b,yellow_ramp,ramp,0.0,1.3,0.0,0.9922484868000485,846.1495273966701,False,settled
b,yellow_ramp,ramp,0.0,1.3,0.0,0.5845782728348062,967.6122992847249,False,settled
b,yellow_ramp,ramp,0.0,1.3,0.0,0.5807049956121973,970.7016454748929,False,settled
b,yellow_ramp,ramp,0.0,1.3,0.0,0.7416975791521728,920.4282387598139,False,settled
b,yellow_ramp,ramp,0.0,1.3,0.0,0.28840752954850163,1076.8921342544731,False,settled
b,yellow_ramp,ramp,0.0,1.3,0.0,0.8080872301028973,902.481834874524,False,settled
b,yellow_ramp,ramp,0.0,1.3,0.0,0.32534002389863287,1072.412982608094,False,settled
b,yellow_ramp,ramp,0.0,1.3,0.0,0.3516868562155995,1061.8812670789423,False,settled
b,yellow_ramp,ramp,0.0,1.3,0.0,0.33733171297494935,1057.01948563187,False,settled
b,yellow_ramp,ramp,0.0,1.3,0.0,0.492598061579841,999.4066315311253,False,settled
b,yellow_ramp,ramp,0.0,1.3,0.0,0.2889328218488846,1076.7909468361813,False,settled
b,yellow_ramp,ramp,0.0,1.3,0.0,0.5633333401790851,974.7040816611855,False,settled
b,yellow_ramp,ramp,0.0,1.3,0.0,0.560009116711578,977.3884868454828,False,settled
b,yellow_ramp,ramp,0.0,1.3,0.0,0.4810690036793761,1008.5521032321315,False,settled
b,yellow_ramp,ramp,0.0,1.3,0.0,0.5768378752523319,973.5510883168067,False,settled
b,yellow_ramp,ramp,0.0,1.3,0.0,0.273960847196716,1088.2993463663913,False,settled
b,yellow_ramp,ramp,0.0,1.3,0.0,1.1822719440528915,805.1832151274522,False,settled
b,yellow_ramp,ramp,0.0,1.3,0.0,1.0933594667619242,826.7500328375892,False,settled
b,yellow_ramp,ramp,0.0,1.3,0.0,0.25575407013483087,1091.6539362903245,False,settled
b,yellow_ramp,ramp,0.0,1.3,0.0,0.5084635637833772,997.9144506827175,False,settled
b,yellow_ramp,ramp,0.0,1.3,0.0,0.7997587072930376,903.4402923967189,False,settled
b,yellow_ramp,ramp,0.0,1.3,0.0,0.4415588270547138,1016.721355686076,False,settled
b,yellow_ramp,ramp,0.0,1.3,0.0,0.5348772199478474,985.0637210880326,False,settled
b,yellow_ramp,ramp,0.0,1.3,0.0,0.5165601787338373,991.526901822135,False,settled
b,yellow_ramp,ramp,0.0,1.3,0.0,1.110222032295641,821.4478420047373,False,settled
b,yellow_ramp,ramp,0.0,1.3,0.0,0.2859582394292944,1080.655165724905,False,settled
b,yellow_ramp,ramp,0.0,1.3,0.0,0.6387930410387062,950.7875876133983,False,settled
b,yellow_ramp,ramp,0.0,1.3,0.0,0.7583897523642138,915.168680557027,False,settled
b,yellow_ramp,ramp,0.0,1.3,0.0,1.1314712735302177,817.3515885797539,False,settled
b,yellow_ramp,ramp,0.0,1.3,0.0,1.0929847397669412,824.9485479413081,False,settled
b,yellow_ramp,ramp,0.0,1.3,0.0,0.6306069322509901,957.4043135838435,False,settled
b,yellow_ramp,ramp,0.0,1.3,0.0,0.26965145843034805,1088.041535667131,False,settled
b,yellow_ramp,ramp,0.0,1.3,0.0,0.8053490146513372,898.3576941632822,False,settled
b,yellow_ramp,ramp,0.0,1.3,0.0,0.2515735223414846,1099.8595402538706,False,settled
b,yellow_ramp,ramp,0.0,1.3,0.0,0.82196310479505,896.1827495911839,False,settled
b,yellow_ramp,ramp,0.0,1.3,0.0,0.257105820647409,1090.1140152780677,False,settled
b,yellow_ramp,ramp,0.0,1.3,0.0,0.24983286469473154,1094.4537891399527,False,settled
b,yellow_ramp,ramp,0.0,1.3,0.0,0.7446114032239437,917.8906122818136,False,settled
b,yellow_ramp,ramp,0.0,1.3,0.0,0.929700158166679,864.3676617714796,False,settled
b,yellow_ramp,ramp,0.0,1.3,0.0,0.4686144518246029,1006.4303556571451,False,settled
b,yellow_ramp,ramp,0.0,1.3,0.0,0.728811583881605,923.9104952118471,False,settled
b,yellow_ramp,ramp,0.0,1.3,0.0,0.3831180475202878,1037.6613831840552,False,settled
b,yellow_ramp,ramp,0.0,1.3,0.0,0.4438522656878709,1015.0017283185165,False,settled
b,yellow_ramp,ramp,0.0,1.3,0.0,0.874679603113059,881.8198422432703,False,settled
b,yellow_ramp,ramp,0.0,1.3,0.0,1.0292267085325224,840.8289448552155,False,settled
b,yellow_ramp,ramp,0.0,1.3,0.0,0.7332428607095158,920.1161177030875,False,settled
b,yellow_ramp,ramp,0.0,1.3,0.0,0.7229357828365538,928.8455181662264,False,settled
b,yellow_ramp,ramp,0.0,1.3,0.0,0.5632763566836708,974.7503489979774,False,settled
b,yellow_ramp,ramp,0.0,1.3,0.0,1.0547562337747525,835.5248316766655,False,settled
b,yellow_ramp,ramp,0.0,1.3,0.0,1.0136580745939003,846.3543830991711,False,settled
b,yellow_ramp,ramp,0.0,1.3,0.0,1.0851346468068093,827.713228800197,False,settled
b,yellow_ramp,ramp,0.0,1.3,0.0,0.5976586958035193,967.7872142927686,False,settled
b,yellow_ramp,ramp,0.0,1.3,0.0,0.7531470605024576,917.9220238289663,False,settled
b,yellow_ramp,ramp,0.0,1.3,0.0,0.765589687402783,912.6488302907173,False,settled
b,yellow_ramp,ramp,0.0,1.3,0.0,0.811211806618191,899.5604609445351,False,settled
b,yellow_ramp,ramp,0.0,1.3,0.0,0.7915492362755506,904.0952405300408,False,settled
b,yellow_ramp,ramp,0.0,1.3,0.0,0.9519937589022112,859.304687468298,False,settled
b,yellow_ramp,ramp,0.0,1.3,0.0,0.9316047194491915,862.380866412815,False,settled
b,yellow_ramp,ramp,0.0,1.3,0.0,0.9890329911234097,849.6026997947381,False,settled
b,yellow_ramp,ramp,0.0,1.3,0.0,0.9665150012082755,853.0584496697659,False,settled
b,yellow_ramp,ramp,0.0,1.3,0.0,0.6066921332358213,965.4790771998155,False,settled
b,yellow_ramp,ramp,0.0,1.3,0.0,0.3284297738317721,1072.0054487594448,False,settled
b,yellow_ramp,ramp,0.0,1.3,0.0,0.36879212599323574,1048.7059565259735,False,settled
b,yellow_ramp,ramp,0.0,1.3,0.0,0.6568033103511453,944.706767067379,False,settled
b,yellow_ramp,ramp,0.0,1.3,0.0,1.1773900273586264,805.5263845817555,False,settled
b,yellow_ramp,ramp,0.0,1.3,0.0,0.8601058969327887,884.2903691739717,False,settled
b,yellow_ramp,ramp,0.0,1.3,0.0,0.3794623370628426,1040.4305969804493,False,settled
b,yellow_ramp,ramp,0.0,1.3,0.0,0.6240641113389134,953.8543395339751,False,settled
b,yellow_ramp,ramp,0.0,1.3,0.0,0.2789371539922058,1083.993918488922,False,settled
b,yellow_ramp,ramp,0.0,1.3,0.0,0.411398563680865,1027.844296259655,False,settled
b,yellow_ramp,ramp,0.0,1.3,0.0,0.32110356099766363,1073.3000019051408,False,settled
b,yellow_ramp,ramp,0.0,1.3,0.0,0.9557790333330528,855.4054911036682,False,settled
b,yellow_ramp,ramp,0.0,1.3,0.0,1.2194883764113964,792.2096479078,False,settled
b,yellow_ramp,ramp,0.0,1.3,0.0,0.7221253835015276,921.948419602278,False,settled
b,yellow_ramp,ramp,0.0,1.3,0.0,0.7971370306798524,905.8710623368785,False,settled
b,yellow_ramp,ramp,0.0,1.3,0.0,0.49338247845930516,998.9774581461212,False,settled
b,yellow_ramp,ramp,0.0,1.3,0.0,0.9338207524292103,861.0327355301278,False,settled
b,yellow_ramp,ramp,0.0,1.3,0.0,0.3246871832019858,1072.4990596391822,False,settled
b,yellow_ramp,ramp,0.0,1.3,0.0,0.9618880864072428,853.4353975610265,False,settled
b,yellow_ramp,ramp,0.0,1.3,0.0,0.9317175112207613,862.2622530092135,False,settled
b,yellow_ramp,ramp,0.0,1.3,0.0,0.6810297235733547,937.5372190388642,False,settled
b,yellow_ramp,ramp,0.0,1.3,0.0,0.2828103210756079,1082.4786185744674,False,settled
b,yellow_ramp,ramp,0.0,1.3,0.0,0.7599480331298671,914.6232953465575,False,settled
b,yellow_ramp,ramp,0.0,1.3,0.0,0.7257657758492702,926.594534672952,False,settled
b,yellow_ramp,ramp,0.0,1.3,0.0,0.8496144856734411,887.5163626359262,False,settled
b,yellow_ramp,ramp,0.0,1.3,0.0,0.8823398975327589,879.9612206852482,False,settled
b,yellow_ramp,ramp,0.0,1.3,0.0,1.0408642607921548,838.3182831917281,False,settled
b,yellow_ramp,ramp,0.0,1.3,0.0,0.6349086060371674,954.0449036029776,False,settled
b,yellow_ramp,ramp,0.0,1.3,0.0,1.101086400027174,824.7127525151408,False,settled
b,yellow_ramp,ramp,0.0,1.3,0.0,0.9041749853350033,869.3740319942729,False,settled
b,yellow_ramp,ramp,0.0,1.3,0.0,0.5001890289167324,1004.5520210399785,False,settled
b,yellow_ramp,ramp,0.0,1.3,0.0,1.1388910365028517,814.2875285915118,False,settled
b,yellow_ramp,ramp,0.0,1.3,0.0,0.7886437073354846,906.7700166061969,False,settled
b,yellow_ramp,ramp,0.0,1.3,0.0,0.5120264451068421,995.1039712103782,False,settled
b,yellow_ramp,ramp,0.0,1.3,0.0,0.6064896853419838,965.5301352824281,False,settled
b,yellow_ramp,ramp,0.0,1.3,0.0,0.6397715883217985,950.0588799293954,False,settled
b,yellow_ramp,ramp,0.0,1.3,0.0,0.5589676743777098,977.9696463660579,False,settled
b,yellow_ramp,ramp,0.0,1.3,0.0,0.9892320456785805,849.6161954193194,False,settled
b,yellow_ramp,ramp,0.0,1.3,0.0,1.206889919440581,798.8500349458584,False,settled
b,yellow_ramp,ramp,0.0,1.3,0.0,0.7984082844164853,904.6924072469457,False,settled
b,yellow_ramp,ramp,0.0,1.3,0.0,0.8988740962189417,874.5099578108326,False,settled
b,yellow_ramp,ramp,0.0,1.3,0.0,0.4977296805906173,1006.549228876632,False,settled
b,yellow_ramp,ramp,0.0,1.3,0.0,0.6013442763652531,966.8441564697434,False,settled
b,yellow_ramp,ramp,0.0,1.3,0.0,1.16926279983459,807.5487413603477,False,settled
b,yellow_ramp,ramp,0.0,1.3,0.0,0.6603296836786967,941.8742262465726,False,settled
b,yellow_ramp,ramp,0.0,1.3,0.0,0.329002284110095,1071.9299225861125,False,settled
b,yellow_ramp,ramp,0.0,1.3,0.0,0.4492209175180162,1022.8838983694768,False,settled
b,yellow_ramp,ramp,0.0,1.3,0.0,1.163057151890194,808.6087066264787,False,settled
b,yellow_ramp,ramp,0.0,1.3,0.0,0.9809113312339486,850.3859588507487,False,settled
b,yellow_ramp,ramp,0.0,1.3,0.0,1.0389693576866312,838.32147183584,False,settled
b,yellow_ramp,ramp,0.0,1.3,0.0,1.149323497701888,812.3502964451078,False,settled
b,yellow_ramp,ramp,0.0,1.3,0.0,1.0271416498911632,841.5001149692689,False,settled
b,yellow_ramp,ramp,0.0,1.3,0.0,0.8228277283822996,895.3880180941359,False,settled
b,yellow_ramp,ramp,0.0,1.3,0.0,0.8206736876779575,897.3377812878813,False,settled
b,yellow_ramp,ramp,0.0,1.3,0.0,0.9601926738418556,855.2963441177509,False,settled
b,yellow_ramp,ramp,0.0,1.3,0.0,0.6671019067163202,944.6799967837705,False,settled
b,yellow_ramp,ramp,0.0,1.3,0.0,0.7724055636472605,907.3433868426034,False,settled
b,yellow_ramp,ramp,0.0,1.3,0.0,0.8864459027024845,875.8422227604935,False,settled
b,yellow_ramp,ramp,0.0,1.3,0.0,0.7226424922367461,929.1044536235553,False,settled
b,yellow_ramp,ramp,0.0,1.3,0.0,0.32622878820692885,1072.295540906129,False,settled
b,yellow_ramp,ramp,0.0,1.3,0.0,0.7869219214604136,908.3553026495795,False,settled
b,yellow_ramp,ramp,0.0,1.3,0.0,0.5536353849125719,982.3289484000233,False,settled
b,yellow_ramp,ramp,0.0,1.3,0.0,0.8604809874869324,883.9243469748473,False,settled
b,yellow_ramp,ramp,0.0,1.3,0.0,0.894164093416056,873.7214307329629,False,settled
b,yellow_ramp,ramp,0.0,1.3,0.0,0.35429397635834664,1059.8194525012045,False,settled
b,yellow_ramp,ramp,0.0,1.3,0.0,0.662333281186581,948.760323656687,False,settled
b,yellow_ramp,ramp,0.0,1.3,0.0,0.9305690026406668,863.4534941598621,False,settled
b,yellow_ramp,ramp,0.0,1.3,0.0,0.9376429588330719,863.8152794631517,False,settled
b,yellow_ramp,ramp,0.0,1.3,0.0,0.6702568037148623,942.2759011273132,False,settled
b,yellow_ramp,ramp,0.0,1.3,0.0,0.7633498495660429,913.4326323359818,False,settled
b,yellow_ramp,ramp,0.0,1.3,0.0,0.8335961772152921,891.8252881349065,False,settled
b,yellow_ramp,ramp,0.0,1.3,0.0,0.4276259375348749,1027.6085541911514,False,settled
b,yellow_ramp,ramp,0.0,1.3,0.0,0.8651331565256507,885.3714836771658,False,settled
b,yellow_ramp,ramp,0.0,1.3,0.0,0.5851926632699735,967.125319765119,False,settled
b,yellow_ramp,ramp,0.0,1.3,0.0,1.0544993913256826,835.8986438529112,False,settled
b,yellow_ramp,ramp,0.0,1.3,0.0,0.7364510253920677,924.7153859163458,False,settled
b,yellow_ramp,ramp,0.0,1.3,0.0,1.2001639829638067,800.1367335444681,False,settled
b,yellow_ramp,ramp,0.0,1.3,0.0,0.9279129051025979,865.9947860111176,False,settled
b,yellow_ramp,ramp,0.0,1.3,0.0,0.5027771729286089,1002.4506238741116,False,settled
b,yellow_ramp,ramp,0.0,1.3,0.0,0.41107805511274637,1028.0945413950392,False,settled
b,yellow_ramp,ramp,0.0,1.3,0.0,0.5980210881675112,967.6944932624934,False,settled
b,yellow_ramp,ramp,0.0,1.3,0.0,1.0318707929983923,841.4745398793115,False,settled
b,yellow_ramp,ramp,0.0,1.3,0.0,0.4089730684231408,1029.8139836611444,False,settled
b,yellow_ramp,ramp,0.0,1.3,0.0,0.5029885636265066,1002.2790120607901,False,settled
b,yellow_ramp,ramp,0.0,1.3,0.0,1.0327510234209594,840.8205908830622,False,settled
b,yellow_ramp,ramp,0.0,1.3,0.0,0.2237674498779861,1109.096907091559,False,settled
b,yellow_ramp,ramp,0.0,1.3,0.0,0.6682065307707628,944.0053156675659,False,settled
b,yellow_ramp,ramp,0.0,1.3,0.0,0.8203645379238659,897.6111940123775,False,settled
b,yellow_ramp,ramp,0.0,1.3,0.0,0.7021682265417651,931.1124406064835,False,settled
b,yellow_ramp,ramp,0.0,1.3,0.0,1.0794633613985911,828.8425107894119,False,settled
b,yellow_ramp,ramp,0.0,1.3,0.0,0.4549024944282145,1020.4712217466116,False,settled
b,yellow_ramp,ramp,0.0,1.3,0.0,0.4741624036430765,1014.1313186564906,False,settled
b,yellow_ramp,ramp,0.0,1.3,0.0,0.6264530336194365,960.9128573423161,False,settled
b,yellow_ramp,ramp,0.0,1.3,0.0,0.5434266042540419,980.5192473219776,False,settled
b,yellow_ramp,ramp,0.0,1.3,0.0,0.9202238415247589,868.841065258929,False,settled
b,yellow_ramp,ramp,0.0,1.3,0.0,0.9111895708362817,867.719933521429,False,settled
b,yellow_ramp,ramp,0.0,1.3,0.0,0.8455572582817092,889.2236004122846,False,settled
b,yellow_ramp,ramp,0.0,1.3,0.0,0.5554576266390701,980.838299278885,False,settled
b,yellow_ramp,ramp,0.0,1.3,0.0,0.910854929436212,868.0542448760691,False,settled
b,yellow_ramp,ramp,0.0,1.3,0.0,0.8257272812616194,892.7206641229407,False,settled
b,yellow_ramp,ramp,0.0,1.3,0.0,0.28719966663571755,1077.7030685016864,False,settled
b,yellow_ramp,ramp,0.0,1.3,0.0,0.9807011900012987,850.6293395444652,False,settled
b,yellow_ramp,ramp,0.0,1.3,0.0,0.2554218254372957,1090.963888061978,False,settled
b,yellow_ramp,ramp,0.0,1.3,0.0,1.115315272811361,821.6094959480424,False,settled
b,yellow_ramp,ramp,0.0,1.3,0.0,1.080407843657956,830.6494557231601,False,settled
b,yellow_ramp,ramp,0.0,1.3,0.0,0.5287842833081963,986.2615798980873,False,settled
b,yellow_ramp,ramp,0.0,1.3,0.0,0.40974575359169424,1029.1331708968078,False,settled
b,yellow_ramp,ramp,0.0,1.3,0.0,1.1969713640838615,800.6300191504217,False,settled
b,yellow_ramp,ramp,0.0,1.3,0.0,0.23066579352536168,1114.7634179627232,False,settled
b,yellow_ramp,ramp,0.0,1.3,0.0,0.6998720839305579,933.094443290333,False,settled
b,yellow_ramp,ramp,0.0,1.3,0.0,1.2085621756873648,798.1569857483325,False,settled
b,yellow_ramp,ramp,0.0,1.3,0.0,1.1261980495276398,818.0105706057208,False,settled
b,yellow_ramp,ramp,0.0,1.3,0.0,1.2066813690684315,798.069334504076,False,settled
b,yellow_ramp,ramp,0.0,1.3,0.0,0.4360446022682332,1020.9370129357469,False,settled
b,yellow_ramp,ramp,0.0,1.3,0.0,0.9337515744360498,861.0689290385728,False,settled
b,yellow_ramp,ramp,0.0,1.3,0.0,0.634667284254311,954.2473152785196,False,settled
b,yellow_ramp,ramp,0.0,1.3,0.0,0.5280592911732086,986.4129286666141,False,settled
b,yellow_ramp,ramp,0.0,1.3,0.0,0.7391796336948305,922.6164904403012,False,settled
b,yellow_ramp,ramp,0.0,1.3,0.0,0.3213870717397687,1073.0805408345598,False,settled
b,yellow_ramp,ramp,0.0,1.3,0.0,1.1124185969698281,821.6020571757805,False,settled
b,yellow_ramp,ramp,0.0,1.3,0.0,0.32221134931734585,1072.8253024297717,False,settled
b,yellow_ramp,ramp,0.0,1.3,0.0,1.0631042858487993,832.3661626856182,False,settled
b,yellow_ramp,ramp,0.0,1.3,0.0,0.5021920486979817,1002.9256395351784,False,settled
b,yellow_ramp,ramp,0.0,1.3,0.0,1.2172361594610495,794.3917573900765,False,settled
b,yellow_ramp,ramp,0.0,1.3,0.0,0.6800785097078095,937.816366920017,False,settled
b,yellow_ramp,ramp,0.0,1.3,0.0,0.4361665841583287,1020.8406065288722,False,settled
b,yellow_ramp,ramp,0.0,1.3,0.0,0.7280299083598375,924.5957570836428,False,settled
b,yellow_ramp,ramp,0.0,1.3,0.0,0.6469475862899582,952.7301763412771,False,settled
b,yellow_ramp,ramp,0.0,1.3,0.0,0.8375773949527662,888.1058574443182,False,settled
b,yellow_ramp,ramp,0.0,1.3,0.0,0.9002760428742131,873.0759403805541,False,settled
b,yellow_ramp,ramp,0.0,1.3,0.0,0.6869525711751051,935.810053404482,False,settled
b,yellow_ramp,ramp,0.0,1.3,0.0,1.0021196446687672,847.9792534551383,False,settled
b,yellow_ramp,ramp,0.0,1.3,0.0,0.9300963118520494,863.9509131163596,False,settled
b,yellow_ramp,ramp,0.0,1.3,0.0,0.3400807498422976,1056.7770036691015,False,settled
b,yellow_ramp,ramp,0.0,1.3,0.0,0.29089071878936223,1076.941425076847,False,settled
b,yellow_ramp,ramp,0.0,1.3,0.0,0.3481939944703473,1051.113014765614,False,settled
b,yellow_ramp,ramp,0.0,1.3,0.0,0.2871492081501739,1077.681200288317,False,settled
b,yellow_ramp,ramp,0.0,1.3,0.0,0.8190284691387653,898.8725649223062,False,settled
b,yellow_ramp,ramp,0.0,1.3,0.0,1.1208665392158657,819.1859743017998,False,settled
b,yellow_ramp,ramp,0.0,1.3,0.0,0.9583319738590534,857.374065112866,False,settled
b,yellow_ramp,ramp,0.0,1.3,0.0,0.8249833893312205,893.4072172479695,False,settled
b,yellow_ramp,ramp,0.0,1.3,0.0,1.0086878920553546,843.6471050400737,False,settled
b,yellow_ramp,ramp,0.0,1.3,0.0,0.6751530458459557,939.2621240942804,False,settled
b,yellow_ramp,ramp,0.0,1.3,0.0,0.9675364364487228,851.8431582297188,False,settled
b,yellow_ramp,ramp,0.0,1.3,0.0,0.23662513023072235,1110.1163883942136,False,settled
b,yellow_ramp,ramp,0.0,1.3,0.0,0.46694243851525125,1018.208769249928,False,settled
b,yellow_ramp,ramp,0.0,1.3,0.0,1.1084932009728858,822.4155917570608,False,settled
b,yellow_ramp,ramp,0.0,1.3,0.0,0.8359255089328657,889.6351840233826,False,settled
b,yellow_ramp,ramp,0.0,1.3,0.0,0.468424713005426,1006.4629287633184,False,settled
b,yellow_ramp,ramp,0.0,1.3,0.0,0.6202333448276283,957.0184067859758,False,settled
b,yellow_ramp,ramp,0.0,1.3,0.0,0.4536776454987595,1020.700995235592,False,settled
b,yellow_ramp,ramp,0.0,1.3,0.0,0.7576530837557831,915.4267327996625,False,settled
b,yellow_ramp,ramp,0.0,1.3,0.0,0.8787646339085317,877.7496367012607,False,settled
b,yellow_ramp,ramp,0.0,1.3,0.0,0.2723437860178093,1084.3461666895225,False,settled
b,yellow_ramp,ramp,0.0,1.3,0.0,0.33630618401806645,1057.1400313054814,False,settled
b,yellow_ramp,ramp,0.0,1.3,0.0,0.2901919519492305,1076.6517809281095,False,settled
b,yellow_ramp,ramp,0.0,1.3,0.0,1.1504000293659054,811.8352566947132,False,settled
b,yellow_ramp,ramp,0.0,1.3,0.0,0.8160241973993944,895.1589708174047,False,settled
b,yellow_ramp,ramp,0.0,1.3,0.0,0.9350242973588032,860.5004134549333,False,settled
b,yellow_ramp,ramp,0.0,1.3,0.0,0.43935853737697417,1018.4826497907933,False,settled
b,yellow_ramp,ramp,0.0,1.3,0.0,1.0294802018762275,840.7229936920127,False,settled
b,yellow_ramp,ramp,0.0,1.3,0.0,0.5870571572622547,965.7451736886965,False,settled
b,yellow_ramp,ramp,0.0,1.3,0.0,0.34010497996298816,1056.7742084273257,False,settled
b,yellow_ramp,ramp,0.0,1.3,0.0,0.23094853626772846,1102.0489010732924,False,settled
b,yellow_ramp,ramp,0.0,1.3,0.0,0.2826360579875196,1082.8605056994602,False,settled
b,yellow_ramp,ramp,0.0,1.3,0.0,1.0097808378111564,846.9562471551736,False,settled
b,yellow_ramp,ramp,0.0,1.3,0.0,0.9451476955617475,861.9135515328248,False,settled
b,yellow_ramp,ramp,0.0,1.3,0.0,0.6340285250352377,954.525186879371,False,settled
b,yellow_ramp,ramp,0.0,1.3,0.0,0.31750807527259417,1075.612774886736,False,settled
b,yellow_ramp,ramp,0.0,1.3,0.0,0.882734931907629,879.5623026097846,False,settled
b,yellow_ramp,ramp,0.0,1.3,0.0,0.9346787447510452,860.5896515273018,False,settled
b,yellow_ramp,ramp,0.0,1.3,0.0,0.9323618449848133,861.791455683296,False,settled
b,yellow_ramp,ramp,0.0,1.3,0.0,0.5511998201211378,984.3215629303079,False,settled
b,yellow_ramp,ramp,0.0,1.3,0.0,0.6260829979776924,961.2254509809895,False,settled
b,yellow_ramp,ramp,0.0,1.3,0.0,0.6008144737305945,966.9796882186722,False,settled
b,yellow_ramp,ramp,0.0,1.3,0.0,1.0592833700141389,833.814207616928,False,settled
b,yellow_ramp,ramp,0.0,1.3,0.0,0.9158907178083084,868.0196637587312,False,settled
b,yellow_ramp,ramp,0.0,1.3,0.0,0.5997267589872822,967.2579424472303,False,settled
b,yellow_ramp,ramp,0.0,1.3,0.0,1.1868156402771233,803.4075813716564,False,settled
b,yellow_ramp,ramp,0.0,1.3,0.0,0.9502926096826765,856.5629538985884,False,settled
b,yellow_ramp,ramp,0.0,1.3,0.0,0.23357999592764028,1106.919362823257,False,settled
b,yellow_ramp,ramp,0.0,1.3,0.0,0.8419005189694863,890.7763601201063,False,settled
b,yellow_ramp,ramp,0.0,1.3,0.0,0.24600366633876936,1100.6892990795093,False,settled
b,yellow_ramp,ramp,0.0,1.3,0.0,1.0120427529165508,845.6409426473961,False,settled
b,yellow_ramp,ramp,0.0,1.3,0.0,0.34816666139392294,1051.1341762304357,False,settled
b,yellow_ramp,ramp,0.0,1.3,0.0,1.2234222979885925,790.9514019458463,False,settled
b,yellow_ramp,ramp,0.0,1.3,0.0,0.6234994208440443,954.3235667207867,False,settled
b,yellow_ramp,ramp,0.0,1.3,0.0,0.2528356774774412,1100.7346881583287,False,settled
b,yellow_ramp,ramp,0.0,1.3,0.0,1.020100404407503,843.8254636633967,False,settled
b,yellow_ramp,ramp,0.0,1.3,0.0,0.46019760979787044,1019.4760306054359,False,settled
b,yellow_ramp,ramp,0.0,1.3,0.0,0.6572791335903398,944.3998583690366,False,settled
b,yellow_ramp,ramp,0.0,1.3,0.0,0.7159888430664129,927.2175024314716,False,settled
b,yellow_ramp,ramp,0.0,1.3,0.0,0.592545261150758,970.769409548796,False,settled
b,yellow_ramp,ramp,0.0,1.3,0.0,0.7485248883851902,914.4976220043206,False,settled
b,yellow_ramp,ramp,0.0,1.3,0.0,0.6380541857894827,951.4070720956925,False,settled
b,yellow_ramp,ramp,0.0,1.3,0.0,0.3524674914890699,1061.2631472224546,False,settled
b,yellow_ramp,ramp,0.0,1.3,0.0,0.7830427229229867,904.9391390108146,False,settled
b,yellow_ramp,ramp,0.0,1.3,0.0,0.8323714538978642,892.9763481459966,False,settled
b,yellow_ramp,ramp,0.0,1.3,0.0,0.5599346677058051,977.4489589209369,False,settled
b,yellow_ramp,ramp,0.0,1.3,0.0,0.524158549993542,987.330936120346,False,settled
b,yellow_ramp,ramp,0.0,1.3,0.0,1.0487778870283764,836.6680963718367,False,settled
b,yellow_ramp,ramp,0.0,1.3,0.0,0.5984650190372542,967.5807152246452,False,settled
b,yellow_ramp,ramp,0.0,1.3,0.0,0.27570429899953314,1089.4633914166745,False,settled
b,yellow_ramp,ramp,0.0,1.3,0.0,1.1619185216610233,808.9235209729471,False,settled
b,yellow_ramp,ramp,0.0,1.3,0.0,1.110651879455738,821.6912674608341,False,settled
b,yellow_ramp,ramp,0.0,1.3,0.0,0.4190335964739304,1034.4647143448135,False,settled
b,yellow_ramp,ramp,0.0,1.3,0.0,0.3737241170341775,1044.8657685603134,False,settled
b,yellow_ramp,ramp,0.0,1.3,0.0,0.816112176943723,895.0775416104105,False,settled
b,yellow_ramp,ramp,0.0,1.3,0.0,1.063246490495487,832.1577453102617,False,settled
b,yellow_ramp,ramp,0.0,1.3,0.0,0.7460221422114788,916.6594182052028,False,settled
b,yellow_ramp,ramp,0.0,1.3,0.0,0.5060550404153336,999.7910593680886,False,settled
b,yellow_ramp,ramp,0.0,1.3,0.0,0.5133678738598175,994.0446978083125,False,settled
b,yellow_ramp,ramp,0.0,1.3,0.0,0.8912720950105198,876.6509190202681,False,settled
b,yellow_ramp,ramp,0.0,1.3,0.0,0.3384623512527183,1056.9636890233742,False,settled
b,yellow_ramp,ramp,0.0,1.3,0.0,1.149468970271536,812.049901168206,False,settled
b,yellow_ramp,ramp,0.0,1.3,0.0,0.3754380560443583,1043.5357631017212,False,settled
b,yellow_ramp,ramp,0.0,1.3,0.0,1.0273031110261144,842.674983767179,False,settled
b,yellow_ramp,ramp,0.0,1.3,0.0,0.7937780205764862,902.0583899243852,False,settled
b,yellow_ramp,ramp,0.0,1.3,0.0,1.0503306916179405,836.7468521879584,False,settled
b,yellow_ramp,ramp,0.0,1.3,0.0,0.4103320639117074,1028.6727747284287,False,settled
b,yellow_ramp,ramp,0.0,1.3,0.0,0.70911882215979,932.9766822103945,False,settled
b,yellow_ramp,ramp,0.0,1.3,0.0,0.4837486638551507,1006.3976390363023,False,settled
b,yellow_ramp,ramp,0.0,1.3,0.0,0.5891631458446674,973.5465935631521,False,settled
b,yellow_ramp,ramp,0.0,1.3,0.0,0.5120196377048842,995.1093280009763,False,settled
b,yellow_ramp,ramp,0.0,1.3,0.0,0.5185188292055969,990.268640739287,False,settled
b,yellow_ramp,ramp,0.0,1.3,0.0,0.5355284070559748,984.9276598409477,False,settled
b,yellow_ramp,ramp,0.0,1.3,0.0,0.6993097437532653,933.5837981158895,False,settled
b,yellow_ramp,ramp,0.0,1.3,0.0,0.8736946334574046,882.8015347109259,False,settled
b,yellow_ramp,ramp,0.0,1.3,0.0,0.8769783172416956,879.5293963045606,False,settled
b,yellow_ramp,ramp,0.0,1.3,0.0,0.9820061849123398,849.2081746602818,False,settled
b,yellow_ramp,ramp,0.0,1.3,0.0,0.26994240751372206,1088.325902961561,False,settled
b,yellow_ramp,ramp,0.0,1.3,0.0,0.6691255800753176,943.231925666271,False,settled
b,yellow_ramp,ramp,0.0,1.3,0.0,0.4898993842615742,1001.4702805449547,False,settled
b,yellow_ramp,ramp,0.0,1.3,0.0,0.4276040937536473,1027.6259493443238,False,settled
b,yellow_ramp,ramp,0.0,1.3,0.0,0.7453131474810083,917.2780572246718,False,settled
b,yellow_ramp,ramp,0.0,1.3,0.0,1.1472872385890138,813.494256445872,False,settled
b,yellow_ramp,ramp,0.0,1.3,0.0,0.7189231968916825,924.7553487673456,False,settled
b,yellow_ramp,ramp,0.0,1.3,0.0,0.7668166925315498,912.2199705564698,False,settled
b,yellow_ramp,ramp,0.0,1.3,0.0,0.7575100256672671,915.4768268644632,False,settled
b,yellow_ramp,ramp,0.0,1.3,0.0,1.2228092847574494,790.7645653064426,False,settled
b,yellow_ramp,ramp,0.0,1.3,0.0,0.7989260726655223,904.2122514034769,False,settled
b,yellow_ramp,ramp,0.0,1.3,0.0,0.8076745064244113,896.2691576866639,False,settled
b,yellow_ramp,ramp,0.0,1.3,0.0,1.1717959123574735,806.806030358796,False,settled
b,yellow_ramp,ramp,0.0,1.3,0.0,0.9023505346941176,871.3032039367225,False,settled
b,yellow_ramp,ramp,0.0,1.3,0.0,1.1032567294322608,824.3125624122072,False,settled
b,yellow_ramp,ramp,0.0,1.3,0.0,0.3287813007656338,1071.9590761557824,False,settled
b,yellow_ramp,ramp,0.0,1.3,0.0,0.3040160039944989,1071.7666255379213,False,settled
b,yellow_ramp,ramp,0.0,1.3,0.0,0.3517924352836214,1061.7972126507882,False,settled
b,yellow_ramp,ramp,0.0,1.3,0.0,0.873001226691448,877.9979958902069,False,settled
b,yellow_ramp,ramp,0.0,1.3,0.0,0.9607553446475943,854.7590180417387,False,settled
b,yellow_ramp,ramp,0.0,1.3,0.0,1.1301535945190289,816.164445014294,False,settled
b,yellow_ramp,ramp,0.0,1.3,0.0,0.45538616077909,1020.380324478599,False,settled
b,yellow_ramp,ramp,0.0,1.3,0.0,0.6852938485863737,936.2901807382859,False,settled
b,yellow_ramp,ramp,0.0,1.3,0.0,1.064368674408355,833.705325065957,False,settled
b,yellow_ramp,ramp,0.0,1.3,0.0,1.0493190439779834,835.7003778303168,False,settled
b,yellow_ramp,ramp,0.0,1.3,0.0,0.782866241582136,905.0991213182281,False,settled
b,yellow_ramp,ramp,0.0,1.3,0.0,0.5335014472397923,985.2733115980443,False,settled
b,yellow_ramp,ramp,0.0,1.3,0.0,0.5432392199173085,980.663895505762,False,settled
b,yellow_ramp,ramp,0.0,1.3,0.0,0.2928355210851914,1078.1337035437882,False,settled
b,yellow_ramp,ramp,0.0,1.3,0.0,0.8078531889588331,902.7021539587415,False,settled
b,yellow_ramp,ramp,0.0,1.3,0.0,0.9991857219045266,846.5035433082907,False,settled
b,yellow_ramp,ramp,0.0,1.3,0.0,0.556986874372719,979.5875345551535,False,settled
b,yellow_ramp,ramp,0.0,1.3,0.0,0.9515938653992039,859.7479885765806,False,settled
b,yellow_ramp,ramp,0.0,1.3,0.0,0.8853173038055852,876.973561952731,False,settled
b,yellow_ramp,ramp,0.0,1.3,0.0,0.5602712385904264,977.1755754681986,False,settled
b,yellow_ramp,ramp,0.0,1.3,0.0,0.41257188751532603,1027.0304728096808,False,settled
b,yellow_ramp,ramp,0.0,1.3,0.0,0.8988633768657985,874.5209210253577,False,settled
b,yellow_ramp,ramp,0.0,1.3,0.0,0.6162416183220998,960.0806203864543,False,settled
b,yellow_ramp,ramp,0.0,1.3,0.0,0.5701241537006204,979.0859807922837,False,settled
b,yellow_ramp,ramp,0.0,1.3,0.0,0.2574943695208925,1092.5197063319786,False,settled
b,yellow_ramp,ramp,0.0,1.3,0.0,0.724186910127165,927.7407510588623,False,settled
b,yellow_ramp,ramp,0.0,1.3,0.0,0.5082584079801122,998.0760581793244,False,settled
b,yellow_ramp,ramp,0.0,1.3,0.0,0.5251721242584146,987.1159522079527,False,settled
b,yellow_ramp,ramp,0.0,1.3,0.0,0.4840773354919948,1006.1334350146091,False,settled
b,yellow_ramp,ramp,0.0,1.3,0.0,0.7800399391364079,907.5719015519776,False,settled
b,yellow_ramp,ramp,0.0,1.3,0.0,0.3675508868558047,1049.6766385529916,False,settled
b,yellow_ramp,ramp,0.0,1.3,0.0,0.24444127533397159,1096.70289563221,False,settled
b,yellow_ramp,ramp,0.0,1.3,0.0,0.762104739031491,913.8683420379326,False,settled
b,yellow_ramp,ramp,0.0,1.3,0.0,0.257438791928848,1092.1582599222593,False,settled
b,yellow_ramp,ramp,0.0,1.3,0.0,0.987964165292502,846.6953980423225,False,settled
b,yellow_ramp,ramp,0.0,1.3,0.0,0.6721068283164645,940.7158077833984,False,settled
b,yellow_ramp,ramp,0.0,1.3,0.0,0.2714060994789791,1085.0275113839361,False,settled
b,yellow_ramp,ramp,0.0,1.3,0.0,0.5502902145026303,985.0657086581806,False,settled
b,yellow_ramp,ramp,0.0,1.3,0.0,1.061519229392419,834.2308007552806,False,settled
b,yellow_ramp,ramp,0.0,1.3,0.0,0.6461544473252131,953.4057095867747,False,settled
b,yellow_ramp,ramp,0.0,1.3,0.0,0.925314634316188,863.7950784717432,False,settled
b,yellow_ramp,ramp,0.0,1.3,0.0,0.5350379731611254,985.0301772841065,False,settled
b,yellow_ramp,ramp,0.0,1.3,0.0,0.9161183438057133,867.7865868316372,False,settled
b,yellow_ramp,ramp,0.0,1.3,0.0,0.4204585793281531,1033.3214138422406,False,settled
b,yellow_ramp,ramp,0.0,1.3,0.0,0.8295430100823991,895.6429899968326,False,settled
b,yellow_ramp,ramp,0.0,1.3,0.0,0.9827710184765077,848.2516568783847,False,settled
b,yellow_ramp,ramp,0.0,1.3,0.0,1.0728378097020341,831.8047055960469,False,settled
b,yellow_ramp,ramp,0.0,1.3,0.0,0.9163447745751849,867.810758898457,False,settled
b,yellow_ramp,ramp,0.0,1.3,0.0,0.30778594599322273,1068.9392812446463,False,settled
b,yellow_ramp,ramp,0.0,1.3,0.0,1.1014921397258854,824.0238572698412,False,settled
b,yellow_ramp,ramp,0.0,1.3,0.0,1.0671267746053068,833.2489905824002,False,settled
b,yellow_ramp,ramp,0.0,1.3,0.0,0.9169279417708416,867.2118995894025,False,settled
b,yellow_ramp,ramp,0.0,1.3,0.0,0.6839851030370058,936.6699219550742,False,settled
b,yellow_ramp,ramp,0.0,1.3,0.0,1.1555510847047763,810.962255346219,False,settled
b,yellow_ramp,ramp,0.0,1.3,0.0,0.514691197929916,992.9973899556787,False,settled
b,yellow_ramp,ramp,0.0,1.3,0.0,0.5016386469246087,1003.3749001000593,False,settled
b,yellow_ramp,ramp,0.0,1.3,0.0,0.43244686397274884,1023.7808693623745,False,settled
b,yellow_ramp,ramp,0.0,1.3,0.0,1.1065537182492555,822.6166823627011,False,settled
b,yellow_ramp,ramp,0.0,1.3,0.0,0.29904110806639167,1075.1838810291551,False,settled
b,yellow_ramp,ramp,0.0,1.3,0.0,1.1110242162242576,820.9186925835642,False,settled
b,yellow_ramp,ramp,0.0,1.3,0.0,0.628538037648318,959.1516960900007,False,settled
b,yellow_ramp,ramp,0.0,1.3,0.0,0.8711200057291922,879.4637999121309,False,settled
b,yellow_ramp,ramp,0.0,1.3,0.0,0.5721212469605809,977.4371367961255,False,settled
b,yellow_ramp,ramp,0.0,1.3,0.0,1.1163652451322885,820.5554800259347,False,settled
b,yellow_ramp,ramp,0.0,1.3,0.0,0.36214750989841477,1053.9027713606067,False,settled
b,yellow_ramp,ramp,0.0,1.3,0.0,0.3300067488489811,1071.7976310113336,False,settled
b,yellow_ramp,ramp,0.0,1.3,0.0,0.5104949596008708,996.3132563854907,False,settled
b,yellow_ramp,ramp,0.0,1.3,0.0,0.9880294834579643,846.6194213858855,False,settled
b,yellow_ramp,ramp,0.0,1.3,0.0,0.6345632964389537,954.3345277270613,False,settled
b,yellow_ramp,ramp,0.0,1.3,0.0,0.4135373171859632,1026.2200209858624,False,settled
b,yellow_ramp,ramp,0.0,1.3,0.0,1.1411772036808359,815.0660042934662,False,settled
b,yellow_ramp,ramp,0.0,1.3,0.0,0.686793170521575,935.8561944679391,False,settled
b,yellow_ramp,ramp,0.0,1.3,0.0,0.6784124134418813,938.305307682426,False,settled
b,yellow_ramp,ramp,0.0,1.3,0.0,0.6660205584022663,945.5888819608093,False,settled
b,yellow_ramp,ramp,0.0,1.3,0.0,1.0459365297460628,836.566922025677,False,settled
b,yellow_ramp,ramp,0.0,1.3,0.0,0.2639422531603582,1099.7225796514867,False,settled
b,yellow_ramp,ramp,0.0,1.3,0.0,0.4885049240496723,1002.5824880684909,False,settled
b,yellow_ramp,ramp,0.0,1.3,0.0,0.48793414291657927,1003.0376996071733,False,settled
b,yellow_ramp,ramp,0.0,1.3,0.0,0.6829441288965152,936.975408245231,False,settled
